model_id,filter_id,period,trade_date,rank,symbol,name,final_score,entry_date,exit_date,entry_buyable,entry_gap_pct,entry_open,day1_max_runup_pct,day1_close_return_pct,day2_close_return_pct,min_drawdown_pct,day1_no_red,day2_still_loss,deep_pain,best_theme_rank,theme_lifecycle_list,theme_name_list,filter_universe_size
blitz_1d_fast_feedback,all_market,final_2026,2026-01-05,1,sh600826,sh600826,6.223555230507716,2026-01-06,2026-01-07,1,1.3805,11.75,3.0638,2.0426,0.3404,-0.5957,0,0,0,9999.0,,,2261
blitz_1d_fast_feedback,all_market,final_2026,2026-01-05,2,sz002757,sz002757,6.172420123982342,2026-01-06,2026-01-07,1,9.9907,23.56,0.0,0.0,-8.2767,-8.2767,1,1,1,12.0,new_hot,VPN,2261
blitz_1d_fast_feedback,all_market,final_2026,2026-01-05,3,sz001270,sz001270,6.167227593401464,2026-01-06,2026-01-07,1,3.7403,99.85,1.2118,1.2118,6.2694,-1.0015,0,0,0,9999.0,,,2261
blitz_1d_fast_feedback,all_market,final_2026,2026-01-06,1,sz000516,sz000516,5.895454766563003,2026-01-07,2026-01-08,1,1.9268,5.29,5.8601,-3.2136,-3.7807,-6.9943,0,1,1,9999.0,,,2392
blitz_1d_fast_feedback,all_market,final_2026,2026-01-06,2,sz002757,sz002757,5.852965626064449,2026-01-07,2026-01-08,1,-4.2445,22.56,9.0426,-4.211,5.3635,-4.211,0,0,1,9999.0,,,2392
blitz_1d_fast_feedback,all_market,final_2026,2026-01-06,3,sz002501,sz002501,5.74129329158444,2026-01-07,2026-01-08,1,1.4184,2.86,1.3986,-3.4965,-2.4476,-4.8951,0,1,1,9999.0,,,2392
blitz_1d_fast_feedback,all_market,final_2026,2026-01-07,1,sz002413,sz002413,5.85739814236237,2026-01-08,2026-01-09,1,-1.8552,16.4,8.1707,7.8659,11.5854,0.0,0,0,0,9999.0,,,2360
blitz_1d_fast_feedback,all_market,final_2026,2026-01-07,2,sz000620,sz000620,5.772187331973894,2026-01-08,2026-01-09,1,0.0,3.33,7.5075,3.6036,-1.8018,-3.6036,0,1,1,9999.0,,,2360
blitz_1d_fast_feedback,all_market,final_2026,2026-01-07,3,sz001400,sz001400,5.757257911108564,2026-01-08,2026-01-09,1,0.0639,93.93,9.9329,9.9329,20.9305,0.0,0,0,0,9999.0,,,2360
blitz_1d_fast_feedback,all_market,final_2026,2026-01-08,1,sz002173,sz002173,6.806194435254633,2026-01-09,2026-01-12,1,4.7952,33.0,4.9697,4.9697,12.0909,-0.697,0,0,0,7.0,continuing_hot,人脑工程|AI制药（医疗）,2364
blitz_1d_fast_feedback,all_market,final_2026,2026-01-08,2,sz002250,sz002250,6.695460068721413,2026-01-09,2026-01-12,1,0.6188,16.26,2.706,0.984,8.7946,-2.337,0,0,0,9999.0,,,2364
blitz_1d_fast_feedback,all_market,final_2026,2026-01-08,3,sh600935,sh600935,6.5747355956582805,2026-01-09,2026-01-12,1,-0.3636,2.74,1.0949,-2.5547,-0.7299,-3.6496,0,1,1,9999.0,,,2364
blitz_1d_fast_feedback,all_market,final_2026,2026-01-09,1,sh601106,sh601106,5.748081735958309,2026-01-12,2026-01-13,1,5.3604,5.7,4.386,4.386,5.2632,-3.8596,0,0,1,9999.0,,,2450
blitz_1d_fast_feedback,all_market,final_2026,2026-01-09,2,sz001373,sz001373,5.5896072042369385,2026-01-12,2026-01-13,1,1.5081,39.04,0.9734,-2.792,-5.0461,-5.9682,0,1,1,9999.0,,,2450
blitz_1d_fast_feedback,all_market,final_2026,2026-01-09,3,sh603015,sh603015,5.434790799067138,2026-01-12,2026-01-13,1,0.0584,17.12,9.9299,9.9299,-1.0514,-2.278,0,1,0,9999.0,,,2450
blitz_1d_fast_feedback,all_market,final_2026,2026-01-12,1,sz002316,sz002316,6.861415408161776,2026-01-13,2026-01-14,1,-4.6178,5.99,2.6711,-5.6761,-10.5175,-14.8581,0,1,1,10.0,continuing_hot,互联网服务,2642
blitz_1d_fast_feedback,all_market,final_2026,2026-01-12,2,sh603703,sh603703,6.723324599064151,2026-01-13,2026-01-14,1,0.582,19.01,5.2078,-7.8906,-6.6807,-10.5208,0,1,1,9999.0,,,2642
blitz_1d_fast_feedback,all_market,final_2026,2026-01-12,3,sz002774,sz002774,6.362202210658706,2026-01-13,2026-01-14,1,-7.1882,13.17,0.4556,-3.0372,-11.0858,-12.7563,0,1,1,9999.0,,,2642
blitz_1d_fast_feedback,all_market,final_2026,2026-01-13,1,sz002519,sz002519,7.66613362969922,2026-01-14,2026-01-15,1,-0.1919,10.4,10.1923,10.1923,-0.8654,-0.8654,0,1,0,9999.0,,,2681
blitz_1d_fast_feedback,all_market,final_2026,2026-01-13,2,sh601992,sh601992,7.203193325723425,2026-01-14,2026-01-15,1,9.8592,2.34,0.0,0.0,-9.8291,-9.8291,1,1,1,9999.0,,,2681
blitz_1d_fast_feedback,all_market,final_2026,2026-01-13,3,sz002400,sz002400,7.0627310492951265,2026-01-14,2026-01-15,1,-0.4781,12.49,10.5685,10.5685,2.482,-2.4019,0,0,0,9999.0,,,2681
blitz_1d_fast_feedback,all_market,final_2026,2026-01-14,1,sz002446,sz002446,8.503314428788995,2026-01-15,2026-01-16,1,-7.7961,12.3,19.2683,19.2683,7.3171,-2.3577,0,0,0,9999.0,,,2742
blitz_1d_fast_feedback,all_market,final_2026,2026-01-14,2,sz002519,sz002519,7.999160714271965,2026-01-15,2026-01-16,1,-9.1623,10.41,2.6897,-0.9606,-10.8549,-10.8549,0,1,1,9999.0,,,2742
blitz_1d_fast_feedback,all_market,final_2026,2026-01-14,3,sh601992,sh601992,7.8864755251690095,2026-01-15,2026-01-16,1,-3.8462,2.25,5.7778,-6.2222,-15.5556,-15.5556,0,1,1,9999.0,,,2742
blitz_1d_fast_feedback,all_market,final_2026,2026-01-15,1,sz002446,sz002446,7.331085125562932,2026-01-16,2026-01-19,1,-2.5903,14.29,1.9594,-7.6277,-16.8649,-16.8649,0,1,1,9999.0,,,2376
blitz_1d_fast_feedback,all_market,final_2026,2026-01-15,2,sh600410,sh600410,6.977866832679417,2026-01-16,2026-01-19,1,-2.0066,23.93,1.5044,-8.107,-15.0439,-17.3005,0,1,1,9999.0,,,2376
blitz_1d_fast_feedback,all_market,final_2026,2026-01-15,3,sz002400,sz002400,6.912475653171098,2026-01-16,2026-01-19,1,-3.0469,12.41,0.4835,-7.1716,-14.585,-14.7462,0,1,1,9999.0,,,2376
blitz_1d_fast_feedback,all_market,final_2026,2026-01-16,1,sz002112,sz002112,8.367225042314521,2026-01-19,2026-01-20,1,-10.015,17.97,22.2593,22.2593,27.4346,0.0,0,0,0,9999.0,,,2434
blitz_1d_fast_feedback,all_market,final_2026,2026-01-16,2,sh603056,sh603056,7.951015689661019,2026-01-19,2026-01-20,1,0.803,18.83,0.2655,0.1593,0.1062,-0.0531,0,0,0,9999.0,,,2434
blitz_1d_fast_feedback,all_market,final_2026,2026-01-16,3,sz002796,sz002796,7.844597654819458,2026-01-19,2026-01-20,1,2.4166,44.5,7.2809,1.0112,-2.0,-7.191,0,1,1,9999.0,,,2434
blitz_1d_fast_feedback,all_market,final_2026,2026-01-19,1,sz001255,sz001255,9.040237126235517,2026-01-20,2026-01-21,1,-2.9986,48.2,1.8672,-7.2199,-16.4938,-16.4938,0,1,1,9999.0,,,2464
blitz_1d_fast_feedback,all_market,final_2026,2026-01-19,2,sh600785,sh600785,8.42456003809043,2026-01-20,2026-01-21,1,-0.0966,20.68,10.1064,4.9323,8.5106,-4.5938,0,0,1,9999.0,,,2464
blitz_1d_fast_feedback,all_market,final_2026,2026-01-19,3,sz002718,sz002718,8.340676155445308,2026-01-20,2026-01-21,1,4.2895,63.7,0.0,-3.4537,-0.471,-12.4019,1,1,1,9999.0,,,2464
blitz_1d_fast_feedback,all_market,final_2026,2026-01-20,1,sh600785,sh600785,8.606637067899802,2026-01-21,2026-01-22,1,1.9816,22.13,6.1907,1.4008,-0.1356,-5.061,0,1,1,9999.0,,,2528
blitz_1d_fast_feedback,all_market,final_2026,2026-01-20,2,sh601616,sh601616,8.584633939652154,2026-01-21,2026-01-22,1,2.3466,5.67,7.4074,7.4074,2.6455,-2.9982,0,0,0,9999.0,,,2528
blitz_1d_fast_feedback,all_market,final_2026,2026-01-20,3,sz002112,sz002112,8.583234315372374,2026-01-21,2026-01-22,1,-4.1485,21.95,4.328,-4.0547,-0.7745,-4.8292,0,1,1,9999.0,,,2528
blitz_1d_fast_feedback,all_market,final_2026,2026-01-21,1,sh601616,sh601616,9.171846851591418,2026-01-22,2026-01-23,1,9.3596,6.66,0.4505,-12.6126,-12.6126,-15.6156,0,1,1,9999.0,,,2431
blitz_1d_fast_feedback,all_market,final_2026,2026-01-21,2,sh603926,sh603926,9.134682120446882,2026-01-22,2026-01-23,1,-8.6369,22.32,19.5341,16.5323,9.0054,-0.1344,0,0,0,9999.0,,,2431
blitz_1d_fast_feedback,all_market,final_2026,2026-01-21,3,sz002498,sz002498,8.393045195819214,2026-01-22,2026-01-23,1,-5.0967,5.4,14.8148,12.037,10.0,-4.0741,0,0,1,9999.0,,,2431
blitz_1d_fast_feedback,all_market,final_2026,2026-01-22,1,sh603608,sh603608,8.221455406394815,2026-01-23,2026-01-26,1,2.2407,12.32,4.3019,-2.9221,-5.0325,-7.4675,0,1,1,10.0,new_hot,鞋帽及其他,2465
blitz_1d_fast_feedback,all_market,final_2026,2026-01-22,2,sh601616,sh601616,8.126735388281011,2026-01-23,2026-01-26,1,-2.4055,5.68,7.0423,2.4648,-6.162,-6.6901,0,1,1,9999.0,,,2465
blitz_1d_fast_feedback,all_market,final_2026,2026-01-22,3,sz002716,sz002716,7.818515521230898,2026-01-23,2026-01-26,1,6.7333,16.01,2.7483,2.6858,12.9294,-2.8732,0,0,0,9999.0,,,2465
blitz_1d_fast_feedback,all_market,final_2026,2026-01-23,1,sz002636,sz002636,8.202419524022133,2026-01-26,2026-01-27,1,-0.4292,25.52,6.3088,3.2915,4.8589,-1.2147,0,0,0,9999.0,,,2530
blitz_1d_fast_feedback,all_market,final_2026,2026-01-23,2,sz002201,sz002201,7.900827484051592,2026-01-26,2026-01-27,1,3.6486,15.34,6.1278,6.1278,-2.0209,-4.4329,0,1,1,9999.0,,,2530
blitz_1d_fast_feedback,all_market,final_2026,2026-01-23,3,sh603608,sh603608,7.736063719187739,2026-01-26,2026-01-27,1,-2.0903,11.71,5.2092,-0.0854,-2.7327,-6.9172,0,1,1,9999.0,,,2530
blitz_1d_fast_feedback,all_market,final_2026,2026-01-26,1,sh600986,sh600986,10.015945332487986,2026-01-27,2026-01-28,1,6.9382,14.18,2.1862,-7.5458,-11.6361,-11.9887,0,1,1,9999.0,,,2669
blitz_1d_fast_feedback,all_market,final_2026,2026-01-26,2,sh603078,sh603078,9.670036542132554,2026-01-27,2026-01-28,1,-0.6803,29.2,1.9863,-0.5822,-7.5342,-9.1438,0,1,1,9999.0,,,2669
blitz_1d_fast_feedback,all_market,final_2026,2026-01-26,3,sh601212,sh601212,9.484964166976889,2026-01-27,2026-01-28,1,0.0,11.41,9.9912,9.9912,21.0342,-5.3462,0,0,1,9999.0,,,2669
blitz_1d_fast_feedback,all_market,final_2026,2026-01-27,1,sh601212,sh601212,8.971512987109653,2026-01-28,2026-01-29,1,0.239,12.58,9.7774,9.7774,20.7472,0.0,0,0,0,9999.0,,,2576
blitz_1d_fast_feedback,all_market,final_2026,2026-01-27,2,sz000506,sz000506,8.762153477818988,2026-01-28,2026-01-29,1,6.4489,25.09,3.3479,3.3479,13.6708,-0.7573,0,0,0,9999.0,,,2576
blitz_1d_fast_feedback,all_market,final_2026,2026-01-27,3,sz001337,sz001337,8.297341355108012,2026-01-28,2026-01-29,1,5.2978,64.0,4.4687,4.4687,14.8906,-1.8594,0,0,0,9999.0,,,2576
blitz_1d_fast_feedback,all_market,final_2026,2026-01-28,1,sz002342,sz002342,9.01716765219091,2026-01-29,2026-01-30,1,2.4776,14.89,5.5071,-5.0369,-1.276,-8.2606,0,1,1,9999.0,,,2451
blitz_1d_fast_feedback,all_market,final_2026,2026-01-28,2,sz002218,sz002218,8.52266067978376,2026-01-29,2026-01-30,1,-0.2899,6.88,3.0523,-4.6512,-14.2442,-14.2442,0,1,1,9999.0,,,2451
blitz_1d_fast_feedback,all_market,final_2026,2026-01-28,3,sz002995,sz002995,8.425782961120069,2026-01-29,2026-01-30,1,5.4348,30.07,4.3232,4.3232,14.7655,-3.0263,0,0,1,9999.0,,,2451
blitz_1d_fast_feedback,all_market,final_2026,2026-01-29,1,sz000506,sz000506,9.035962716162732,2026-01-30,2026-02-02,1,-9.993,25.67,0.0,0.0,-10.0117,-10.0117,1,1,1,9999.0,,,2542
blitz_1d_fast_feedback,all_market,final_2026,2026-01-29,2,sh600916,sh600916,8.866998611374147,2026-01-30,2026-02-02,1,-1.8519,13.25,12.0755,10.7925,-0.3019,-7.1698,0,1,1,9999.0,,,2542
blitz_1d_fast_feedback,all_market,final_2026,2026-01-29,3,sh600759,sh600759,8.813190293043018,2026-01-30,2026-02-02,1,2.4605,5.83,7.0326,-6.518,-15.7804,-15.7804,0,1,1,9999.0,,,2542
blitz_1d_fast_feedback,all_market,final_2026,2026-01-30,1,sz002995,sz002995,11.6546241250524,2026-02-02,2026-02-03,1,1.4489,35.01,7.7692,0.3999,5.6555,-5.7412,0,0,1,9999.0,,,2569
blitz_1d_fast_feedback,all_market,final_2026,2026-01-30,2,sh600916,sh600916,9.356621152685946,2026-02-02,2026-02-03,1,-10.0136,13.21,0.0,0.0,-1.6654,-9.9924,1,1,1,9999.0,,,2569
blitz_1d_fast_feedback,all_market,final_2026,2026-01-30,3,sh601069,sh601069,9.144851141782606,2026-02-02,2026-02-03,1,-9.9955,40.25,0.0,0.0,-1.3913,-9.9876,1,1,1,9999.0,,,2569
blitz_1d_fast_feedback,all_market,final_2026,2026-02-02,1,sz002491,sz002491,7.297623589027877,2026-02-03,2026-02-04,1,-0.5787,8.59,10.5937,7.6834,8.7311,-2.2119,0,0,0,3.0,continuing_hot,通信线缆及配套,2542
blitz_1d_fast_feedback,all_market,final_2026,2026-02-02,2,sz002780,sz002780,6.844868188899334,2026-02-03,2026-02-04,1,0.0,16.41,6.7642,3.9001,3.4735,0.0,0,0,0,9999.0,,,2542
blitz_1d_fast_feedback,all_market,final_2026,2026-02-02,3,sz002830,sz002830,6.80439067853212,2026-02-03,2026-02-04,1,-2.8538,24.85,13.2394,13.2394,24.5473,-0.6036,0,0,0,9999.0,,,2542
blitz_1d_fast_feedback,all_market,final_2026,2026-02-03,1,sh603172,sh603172,7.340267604639585,2026-02-04,2026-02-05,1,-1.7668,30.58,1.7986,-8.3715,-17.5278,-17.5278,0,1,1,9999.0,,,2313
blitz_1d_fast_feedback,all_market,final_2026,2026-02-03,2,sz000995,sz000995,6.964258918386945,2026-02-04,2026-02-05,1,2.7504,19.8,7.0707,-4.2424,1.4646,-7.0202,0,0,1,9999.0,,,2313
blitz_1d_fast_feedback,all_market,final_2026,2026-02-03,3,sz002126,sz002126,6.815816736944851,2026-02-04,2026-02-05,1,4.9389,41.22,4.8278,4.8278,7.7147,-0.0243,0,0,0,9999.0,,,2313
blitz_1d_fast_feedback,all_market,final_2026,2026-02-04,1,sz000517,sz000517,6.480745736062137,2026-02-05,2026-02-06,1,-1.4706,2.01,2.9851,1.99,3.4826,-0.995,0,0,0,9999.0,,,2372
blitz_1d_fast_feedback,all_market,final_2026,2026-02-04,2,sz002928,sz002928,6.447104481765676,2026-02-05,2026-02-06,1,0.1735,11.55,3.4632,2.3377,0.4329,-0.5195,0,0,0,11.0,new_hot,航空机场|航空运输,2372
blitz_1d_fast_feedback,all_market,final_2026,2026-02-04,3,sh600778,sh600778,6.436830363523989,2026-02-05,2026-02-06,1,-0.2513,7.94,9.8237,5.5416,-2.267,-5.0378,0,1,1,9999.0,,,2372
blitz_1d_fast_feedback,all_market,final_2026,2026-02-05,1,sh600156,sh600156,7.440394652544679,2026-02-06,2026-02-09,1,-0.9967,8.94,0.0,-5.9284,-5.7047,-6.4877,1,1,1,11.0,new_hot,其他纺织,2291
blitz_1d_fast_feedback,all_market,final_2026,2026-02-05,2,sh601116,sh601116,7.127433256546133,2026-02-06,2026-02-09,1,-3.9109,19.41,0.9789,-4.0701,-6.0793,-9.2736,0,1,1,13.0,new_hot,超市,2291
blitz_1d_fast_feedback,all_market,final_2026,2026-02-05,3,sz003036,sz003036,6.977813543169448,2026-02-06,2026-02-09,1,-1.0718,18.46,0.1083,-5.8505,-4.117,-6.2839,0,1,1,9999.0,,,2291
blitz_1d_fast_feedback,all_market,final_2026,2026-02-06,1,sz002412,sz002412,7.631219440768289,2026-02-09,2026-02-10,1,2.2398,7.76,7.6031,3.3505,3.3505,-0.6443,0,0,0,8.0,new_hot,肝炎概念,2294
blitz_1d_fast_feedback,all_market,final_2026,2026-02-06,2,sz002519,sz002519,7.586645046274349,2026-02-09,2026-02-10,1,2.8361,9.79,1.1236,-3.6772,1.0215,-5.7201,0,0,1,9999.0,,,2294
blitz_1d_fast_feedback,all_market,final_2026,2026-02-06,3,sh603616,sh603616,7.581823232520647,2026-02-09,2026-02-10,1,2.5332,8.5,7.2941,7.2941,-1.6471,-6.9412,0,1,1,9999.0,,,2294
blitz_1d_fast_feedback,all_market,final_2026,2026-02-09,1,sh603103,sh603103,7.5365958528502395,2026-02-10,2026-02-11,1,6.6413,39.18,3.1394,3.1394,-7.172,-7.172,0,1,1,4.0,continuing_hot|new_hot,影视院线|影视概念,2312
blitz_1d_fast_feedback,all_market,final_2026,2026-02-09,2,sh600683,sh600683,7.510633037535039,2026-02-10,2026-02-11,1,-3.7538,6.41,5.6162,4.2122,12.4805,-1.248,0,0,0,9999.0,,,2312
blitz_1d_fast_feedback,all_market,final_2026,2026-02-09,3,sh603191,sh603191,7.264400811124209,2026-02-10,2026-02-11,1,2.0637,22.75,1.8901,-1.8462,-3.2527,-4.5714,0,1,1,9999.0,,,2312
blitz_1d_fast_feedback,all_market,final_2026,2026-02-10,1,sh601869,sh601869,7.003547861123587,2026-02-11,2026-02-12,1,-1.4895,208.33,8.4193,4.7665,8.9617,0.0,0,0,0,4.0,continuing_hot,通信线缆及配套,2199
blitz_1d_fast_feedback,all_market,final_2026,2026-02-10,2,sz000056,sz000056,6.875950323888682,2026-02-11,2026-02-12,1,-5.3942,2.28,3.5088,-4.8246,-7.8947,-9.2105,0,1,1,9999.0,,,2199
blitz_1d_fast_feedback,all_market,final_2026,2026-02-10,3,sz000815,sz000815,6.729038270552848,2026-02-11,2026-02-12,1,-3.4127,15.0,3.9333,0.2,4.0,-0.0667,0,0,0,9.0,new_hot,国资云概念,2199
blitz_1d_fast_feedback,all_market,final_2026,2026-02-11,1,sh603629,sh603629,7.758296827311731,2026-02-12,2026-02-13,1,6.8803,61.05,2.6699,-1.7854,-5.864,-6.3227,0,1,1,9999.0,,,2102
blitz_1d_fast_feedback,all_market,final_2026,2026-02-11,2,sh605287,sh605287,7.740975861244303,2026-02-12,2026-02-13,1,-0.9961,60.63,11.1001,11.1001,-0.0165,-5.047,0,1,1,9999.0,,,2102
blitz_1d_fast_feedback,all_market,final_2026,2026-02-11,3,sz001330,sz001330,7.669214961133521,2026-02-12,2026-02-13,1,-10.0,12.06,0.0,0.0,5.8872,-10.0332,1,0,1,9999.0,,,2102
blitz_1d_fast_feedback,all_market,final_2026,2026-02-12,1,sz002455,sz002455,6.86094672567684,2026-02-13,2026-02-23,1,0.3546,14.15,3.0389,-2.1201,4.8057,-7.6325,0,0,1,9999.0,,,2247
blitz_1d_fast_feedback,all_market,final_2026,2026-02-12,2,sz000962,sz000962,6.657612306621241,2026-02-13,2026-02-23,1,-1.0002,48.5,3.0928,-1.6907,-8.1649,-16.9897,0,1,1,14.0,continuing_hot,小金属,2247
blitz_1d_fast_feedback,all_market,final_2026,2026-02-12,3,sh600589,sh600589,6.646628451725523,2026-02-13,2026-02-23,1,10.0289,15.25,0.0,-13.5082,-17.377,-17.377,1,1,1,3.0,new_hot,东数西算,2247
blitz_1d_fast_feedback,all_market,final_2026,2026-02-13,1,sh600589,sh600589,8.648301265395501,2026-02-23,2026-02-24,1,-4.4731,12.6,0.0,0.0,-5.6349,-5.7937,1,1,1,9999.0,,,2089
blitz_1d_fast_feedback,all_market,final_2026,2026-02-13,2,sz002951,sz002951,7.820479731796872,2026-02-23,2026-02-24,1,-25.4107,14.53,10.8052,10.8052,20.6469,-0.0688,0,0,0,9999.0,,,2089
blitz_1d_fast_feedback,all_market,final_2026,2026-02-13,3,sh603533,sh603533,7.752351951602469,2026-02-23,2026-02-24,1,-17.3578,31.09,0.0,0.0,8.9096,0.0,1,0,0,2.0,new_hot,数字媒体|知识产权,2089
blitz_1d_fast_feedback,all_market,final_2026,2026-02-24,1,sh603466,sh603466,8.219045821325652,2026-02-25,2026-02-26,1,-3.1907,12.44,12.5402,4.2605,1.6881,-1.045,0,0,0,7.0,continuing_hot,全息技术,2289
blitz_1d_fast_feedback,all_market,final_2026,2026-02-24,2,sz002498,sz002498,7.852372932007012,2026-02-25,2026-02-26,1,5.2349,7.84,4.5918,4.5918,6.8878,-4.9745,0,0,1,14.0,new_hot,特高压,2289
blitz_1d_fast_feedback,all_market,final_2026,2026-02-24,3,sz002455,sz002455,7.656201860618362,2026-02-25,2026-02-26,1,5.5096,15.32,1.8277,-6.5274,-7.9634,-13.0548,0,1,1,9999.0,,,2289
blitz_1d_fast_feedback,all_market,final_2026,2026-02-25,1,sh600397,sh600397,8.62137808715795,2026-02-26,2026-02-27,1,2.1345,19.14,6.7921,2.2466,12.4869,-0.5747,0,0,0,9999.0,,,2368
blitz_1d_fast_feedback,all_market,final_2026,2026-02-25,2,sh601872,sh601872,8.250482994271241,2026-02-26,2026-02-27,1,-0.7458,14.64,7.8552,6.5574,10.929,-0.0683,0,0,0,9999.0,,,2368
blitz_1d_fast_feedback,all_market,final_2026,2026-02-25,3,sh605289,sh605289,8.216137155199545,2026-02-26,2026-02-27,1,-0.0184,108.86,10.022,7.6428,13.8159,-4.4185,0,0,1,9999.0,,,2368
blitz_1d_fast_feedback,all_market,final_2026,2026-02-26,1,sz001896,sz001896,8.222819023882332,2026-02-27,2026-03-02,1,5.2762,12.77,4.4636,4.4636,10.7283,-1.8011,0,0,0,5.0,continuing_hot|new_hot,地热能|超超临界发电|抽水蓄能|火力发电,2297
blitz_1d_fast_feedback,all_market,final_2026,2026-02-26,2,sz000890,sz000890,8.201924987409337,2026-02-27,2026-03-02,1,-2.3691,7.83,1.0217,-2.1711,7.6628,-9.7063,0,0,1,3.0,continuing_hot,光纤概念,2297
blitz_1d_fast_feedback,all_market,final_2026,2026-02-26,3,sh605289,sh605289,8.158509848623757,2026-02-27,2026-03-02,1,0.6912,117.99,6.7887,5.0089,11.3145,-3.1698,0,0,1,9999.0,,,2297
blitz_1d_fast_feedback,all_market,final_2026,2026-02-27,1,sz002470,sz002470,8.914332149200169,2026-03-02,2026-03-03,1,8.0645,3.35,1.791,-13.1343,-16.7164,-19.403,0,1,1,9999.0,,,2219
blitz_1d_fast_feedback,all_market,final_2026,2026-02-27,2,sh603618,sh603618,7.883803202654557,2026-03-02,2026-03-03,1,2.6997,18.64,4.6137,-1.6631,0.4292,-2.7361,0,0,0,9999.0,,,2219
blitz_1d_fast_feedback,all_market,final_2026,2026-02-27,3,sz000899,sz000899,7.861210838717176,2026-03-02,2026-03-03,1,1.848,14.88,7.9973,-1.4785,-7.7285,-8.3333,0,1,1,3.0,continuing_hot,火力发电,2219
blitz_1d_fast_feedback,all_market,final_2026,2026-03-02,1,sz002842,sz002842,6.784392669652749,2026-03-03,2026-03-04,1,-0.0219,45.71,6.1037,-4.441,0.7438,-9.8884,0,0,1,9999.0,,,2652
blitz_1d_fast_feedback,all_market,final_2026,2026-03-02,2,sz000890,sz000890,6.775612050773319,2026-03-03,2026-03-04,1,1.4235,8.55,3.5088,-5.731,3.7427,-10.4094,0,0,1,9999.0,,,2652
blitz_1d_fast_feedback,all_market,final_2026,2026-03-02,3,sz000968,sz000968,6.645839026905978,2026-03-03,2026-03-04,1,9.0909,10.32,0.8721,0.8721,7.7519,-3.5853,0,0,1,9999.0,,,2652
blitz_1d_fast_feedback,all_market,final_2026,2026-03-03,1,sz002350,sz002350,6.689809641118826,2026-03-04,2026-03-05,1,-8.2569,12.0,18.6667,11.0,18.5833,-0.0833,0,0,0,9999.0,,,2623
blitz_1d_fast_feedback,all_market,final_2026,2026-03-03,2,sz002682,sz002682,6.509675508672009,2026-03-04,2026-03-05,1,-0.1304,7.66,0.0,-7.5718,-12.7937,-13.8381,1,1,1,9999.0,,,2623
blitz_1d_fast_feedback,all_market,final_2026,2026-03-03,3,sz000968,sz000968,6.4488047537192035,2026-03-04,2026-03-05,1,1.633,10.58,7.7505,5.104,-4.4423,-5.9546,0,1,1,9999.0,,,2623
blitz_1d_fast_feedback,all_market,final_2026,2026-03-04,1,sz002490,sz002490,6.393271246802086,2026-03-05,2026-03-06,1,1.5358,11.9,8.3193,6.7227,10.9244,-0.084,0,0,0,9999.0,,,2343
blitz_1d_fast_feedback,all_market,final_2026,2026-03-04,2,sz002272,sz002272,6.364376979181428,2026-03-05,2026-03-06,1,6.2174,22.38,0.983,-6.1215,-7.1939,-8.9812,0,1,1,9.0,new_hot,特高压,2343
blitz_1d_fast_feedback,all_market,final_2026,2026-03-04,3,sz000890,sz000890,6.362201781604155,2026-03-05,2026-03-06,1,5.186,9.33,2.6795,-1.9293,-3.0011,-6.7524,0,1,1,9999.0,,,2343
blitz_1d_fast_feedback,all_market,final_2026,2026-03-05,1,sz002877,sz002877,6.6232946240985315,2026-03-06,2026-03-09,1,-1.0101,10.78,7.6067,1.1132,1.577,-4.9165,0,0,1,9999.0,,,2226
blitz_1d_fast_feedback,all_market,final_2026,2026-03-05,2,sz000509,sz000509,5.999090235210714,2026-03-06,2026-03-09,1,0.8264,3.66,9.0164,9.0164,5.7377,-4.3716,0,0,1,8.0,new_hot,面板|光学光电子,2226
blitz_1d_fast_feedback,all_market,final_2026,2026-03-05,3,sz002913,sz002913,5.958206219829562,2026-03-06,2026-03-09,1,1.139,48.84,8.7633,8.7633,8.8862,-3.1122,0,0,1,15.0,new_hot,AIPC,2226
blitz_1d_fast_feedback,all_market,final_2026,2026-03-06,1,sz000545,sz000545,7.24883810586937,2026-03-09,2026-03-10,1,0.0,3.75,0.8,-3.4667,-7.2,-8.0,0,1,1,1.0,new_hot,化学原料,2261
blitz_1d_fast_feedback,all_market,final_2026,2026-03-06,2,sz002648,sz002648,7.239985599436069,2026-03-09,2026-03-10,1,8.8443,29.29,1.0584,-5.4285,-11.3349,-12.7347,0,1,1,1.0,new_hot,化学原料|化工原料|其他化学原料,2261
blitz_1d_fast_feedback,all_market,final_2026,2026-03-06,3,sz002913,sz002913,6.731155882353682,2026-03-09,2026-03-10,1,-2.1084,52.0,4.7692,2.2692,1.1731,-1.5192,0,0,0,9999.0,,,2261
blitz_1d_fast_feedback,all_market,final_2026,2026-03-09,1,sz000815,sz000815,9.129192883754508,2026-03-10,2026-03-11,1,5.9643,19.01,3.7875,-5.839,-6.7333,-7.8906,0,1,1,9999.0,,,2368
blitz_1d_fast_feedback,all_market,final_2026,2026-03-09,2,sh600227,sh600227,8.701044205919976,2026-03-10,2026-03-11,1,-3.3149,3.5,13.7143,10.2857,15.7143,-2.8571,0,0,0,3.0,continuing_hot,氮肥,2368
blitz_1d_fast_feedback,all_market,final_2026,2026-03-09,3,sz000534,sz000534,8.42462353200303,2026-03-10,2026-03-11,1,4.0344,47.19,4.1322,0.9748,-1.6741,-4.6408,0,1,1,9999.0,,,2368
blitz_1d_fast_feedback,all_market,final_2026,2026-03-10,1,sz000815,sz000815,8.027085579458412,2026-03-11,2026-03-12,1,1.5642,18.18,1.9802,-2.4752,3.6304,-3.6854,0,0,1,9999.0,,,2201
blitz_1d_fast_feedback,all_market,final_2026,2026-03-10,2,sh600821,sh600821,7.744006432312788,2026-03-11,2026-03-12,1,0.0,9.66,5.7971,2.2774,12.5259,-6.3147,0,0,1,9999.0,,,2201
blitz_1d_fast_feedback,all_market,final_2026,2026-03-10,3,sh600108,sh600108,6.936574941529866,2026-03-11,2026-03-12,1,3.1826,6.16,6.6558,6.6558,12.987,-1.6234,0,0,0,9999.0,,,2201
blitz_1d_fast_feedback,all_market,final_2026,2026-03-11,1,sh603803,sh603803,6.980790650293313,2026-03-12,2026-03-13,1,-3.3058,11.7,13.7607,6.8376,17.5214,-0.6838,0,0,0,9999.0,,,2210
blitz_1d_fast_feedback,all_market,final_2026,2026-03-11,2,sh600172,sh600172,6.745285008141157,2026-03-12,2026-03-13,1,1.0821,11.21,3.3898,-2.8546,-7.9393,-8.2962,0,1,1,9999.0,,,2210
blitz_1d_fast_feedback,all_market,final_2026,2026-03-11,3,sz002903,sz002903,6.656516086536128,2026-03-12,2026-03-13,1,-0.0343,29.14,0.7893,-3.1915,6.4859,-6.6918,0,0,1,9999.0,,,2210
blitz_1d_fast_feedback,all_market,final_2026,2026-03-12,1,sh601868,sh601868,6.950672596962624,2026-03-13,2026-03-16,1,-0.2632,3.79,3.9578,-1.3193,-9.4987,-11.0818,0,1,1,9999.0,,,2217
blitz_1d_fast_feedback,all_market,final_2026,2026-03-12,2,sz002015,sz002015,6.622543734986273,2026-03-13,2026-03-16,1,0.0468,21.37,7.5807,4.2583,-0.0468,-5.9429,0,1,1,9999.0,,,2217
blitz_1d_fast_feedback,all_market,final_2026,2026-03-12,3,sh600821,sh600821,6.5432886695033075,2026-03-13,2026-03-16,1,0.276,10.9,2.5688,-6.8807,-2.2936,-16.055,0,1,1,9999.0,,,2217
blitz_1d_fast_feedback,all_market,final_2026,2026-03-13,1,sz003041,sz003041,8.162936742781735,2026-03-16,2026-03-17,1,-0.3722,69.59,0.0,-5.3025,-10.993,-11.4672,1,1,1,9999.0,,,2265
blitz_1d_fast_feedback,all_market,final_2026,2026-03-13,2,sz002903,sz002903,7.470036349910534,2026-03-16,2026-03-17,1,-0.999,30.72,1.1068,-1.237,-3.0924,-3.2552,0,1,1,9999.0,,,2265
blitz_1d_fast_feedback,all_market,final_2026,2026-03-13,3,sh600726,sh600726,7.3353882439942675,2026-03-16,2026-03-17,1,0.7026,4.3,7.907,2.3256,-1.1628,-7.907,0,1,1,9999.0,,,2265
blitz_1d_fast_feedback,all_market,final_2026,2026-03-16,1,sh600227,sh600227,10.06483631874089,2026-03-17,2026-03-18,1,-4.158,4.61,14.7505,14.7505,8.4599,-0.2169,0,0,0,9999.0,,,2226
blitz_1d_fast_feedback,all_market,final_2026,2026-03-16,2,sz000890,sz000890,9.605128158817893,2026-03-17,2026-03-18,1,2.9508,12.56,6.8471,6.8471,8.2803,-2.7866,0,0,0,9999.0,,,2226
blitz_1d_fast_feedback,all_market,final_2026,2026-03-16,3,sh600691,sh600691,9.57244806201176,2026-03-17,2026-03-18,1,-1.4052,4.21,12.114,12.114,6.6508,0.0,0,0,0,9999.0,,,2226
blitz_1d_fast_feedback,all_market,final_2026,2026-03-17,1,sh600370,sh600370,9.676683467600371,2026-03-18,2026-03-19,1,1.8182,3.36,8.0357,8.0357,-2.0833,-2.6786,0,1,0,4.0,continuing_hot,化学纤维|涤纶,2257
blitz_1d_fast_feedback,all_market,final_2026,2026-03-17,2,sh600691,sh600691,9.65815501830867,2026-03-18,2026-03-19,1,-2.3305,4.61,0.4338,-2.603,-7.1584,-10.1952,0,1,1,8.0,continuing_hot,氮肥,2257
blitz_1d_fast_feedback,all_market,final_2026,2026-03-17,3,sh600227,sh600227,9.657352314471993,2026-03-18,2026-03-19,1,0.0,5.29,2.0794,-5.482,-11.7202,-13.9887,0,1,1,8.0,continuing_hot,氮肥,2257
blitz_1d_fast_feedback,all_market,final_2026,2026-03-18,1,sh600370,sh600370,9.770788891237059,2026-03-19,2026-03-20,1,1.1019,3.67,5.1771,-10.3542,-19.346,-19.346,0,1,1,9999.0,,,2142
blitz_1d_fast_feedback,all_market,final_2026,2026-03-18,2,sz000533,sz000533,9.461422761005998,2026-03-19,2026-03-20,1,0.2025,19.79,1.9707,-6.1142,-15.3613,-15.5129,0,1,1,9999.0,,,2142
blitz_1d_fast_feedback,all_market,final_2026,2026-03-18,3,sh600307,sh600307,8.947158720583742,2026-03-19,2026-03-20,1,-1.2397,2.39,5.0209,-4.6025,-10.8787,-11.7155,0,1,1,9999.0,,,2142
blitz_1d_fast_feedback,all_market,final_2026,2026-03-19,1,sh600726,sh600726,9.690938849067134,2026-03-20,2026-03-23,1,0.5976,5.05,9.3069,9.3069,5.3465,-1.5842,0,0,0,8.0,new_hot,火力发电,2196
blitz_1d_fast_feedback,all_market,final_2026,2026-03-19,2,sh600396,sh600396,9.500527207578324,2026-03-20,2026-03-23,1,7.0299,6.09,2.7915,2.7915,13.1363,-8.3744,0,0,1,8.0,new_hot,火力发电,2196
blitz_1d_fast_feedback,all_market,final_2026,2026-03-19,3,sh603366,sh603366,8.695614262798282,2026-03-20,2026-03-23,1,-1.3953,10.6,3.3019,0.4717,2.0755,-2.8302,0,0,0,5.0,continuing_hot,厨卫电器,2196
blitz_1d_fast_feedback,all_market,final_2026,2026-03-20,1,sh600396,sh600396,10.857070494458839,2026-03-23,2026-03-24,1,6.23,6.65,3.609,3.609,13.985,-0.7519,0,0,0,7.0,continuing_hot,火力发电,2271
blitz_1d_fast_feedback,all_market,final_2026,2026-03-20,2,sz002310,sz002310,10.635923273320337,2026-03-23,2026-03-24,1,4.023,3.62,5.8011,5.8011,4.6961,-4.6961,0,0,1,5.0,continuing_hot,光伏发电,2271
blitz_1d_fast_feedback,all_market,final_2026,2026-03-20,3,sh600726,sh600726,10.07811206536628,2026-03-23,2026-03-24,1,-3.8043,5.31,7.3446,0.1883,5.2731,-9.7928,0,0,1,7.0,continuing_hot,火力发电,2271
blitz_1d_fast_feedback,all_market,final_2026,2026-03-23,1,sz002310,sz002310,13.446883672634447,2026-03-24,2026-03-25,1,0.0,3.83,3.6554,-1.0444,-0.7833,-9.9217,0,1,1,7.0,climax_hot,光伏发电,2629
blitz_1d_fast_feedback,all_market,final_2026,2026-03-23,2,sh603687,sh603687,12.18046395403259,2026-03-24,2026-03-25,1,1.9009,15.01,2.7981,-1.7322,-0.0666,-9.6602,0,1,1,5.0,continuing_hot,钙钛矿电池|纸包装,2629
blitz_1d_fast_feedback,all_market,final_2026,2026-03-23,3,sh600032,sh600032,12.112792698900579,2026-03-24,2026-03-25,1,0.6506,10.83,9.3259,9.3259,20.2216,-7.1099,0,0,1,7.0,climax_hot,光伏发电,2629
blitz_1d_fast_feedback,all_market,final_2026,2026-03-24,1,sh600396,sh600396,9.612444771116813,2026-03-25,2026-03-26,1,5.8047,8.02,3.99,3.99,10.7232,-0.1247,0,0,0,1.0,continuing_hot,火力发电,2327
blitz_1d_fast_feedback,all_market,final_2026,2026-03-24,2,sz000815,sz000815,9.445060854960845,2026-03-25,2026-03-26,1,1.216,20.81,8.6977,2.3066,-3.3157,-3.4118,0,1,1,12.0,continuing_hot,东数西算,2327
blitz_1d_fast_feedback,all_market,final_2026,2026-03-24,3,sz000601,sz000601,9.373450615974555,2026-03-25,2026-03-26,1,6.5757,8.59,3.2596,3.2596,-6.0536,-6.0536,0,1,1,4.0,new_hot,生物质能发电|水力发电,2327
blitz_1d_fast_feedback,all_market,final_2026,2026-03-25,1,sh603929,sh603929,9.20321128134848,2026-03-26,2026-03-27,1,1.1651,202.31,2.0513,-5.5904,-8.5018,-11.0276,0,1,1,5.0,continuing_hot,其他专业工程,2142
blitz_1d_fast_feedback,all_market,final_2026,2026-03-25,2,sz000601,sz000601,9.054915998321816,2026-03-26,2026-03-27,1,0.2255,8.89,1.2373,-9.2238,-12.261,-13.6108,0,1,1,13.0,continuing_hot,生物质能发电,2142
blitz_1d_fast_feedback,all_market,final_2026,2026-03-25,3,sz002309,sz002309,8.780194619317681,2026-03-26,2026-03-27,1,-5.1282,4.81,10.1871,-1.4553,-9.9792,-11.2266,0,1,1,9999.0,,,2142
blitz_1d_fast_feedback,all_market,final_2026,2026-03-26,1,sh600396,sh600396,12.028454989922288,2026-03-27,2026-03-30,1,4.0541,9.24,2.7056,-2.7056,-12.4459,-12.4459,0,1,1,9999.0,,,2008
blitz_1d_fast_feedback,all_market,final_2026,2026-03-26,2,sz002309,sz002309,10.980323848364534,2026-03-27,2026-03-30,1,-4.2194,4.54,1.9824,-4.6256,4.8458,-8.37,0,0,1,9999.0,,,2008
blitz_1d_fast_feedback,all_market,final_2026,2026-03-26,3,sh603687,sh603687,10.475162919383184,2026-03-27,2026-03-30,1,-3.1515,15.98,3.0663,-2.1902,0.8761,-11.9524,0,0,1,9999.0,,,2008
blitz_1d_fast_feedback,all_market,final_2026,2026-03-27,1,sh600666,sh600666,10.562063796292689,2026-03-30,2026-03-31,1,-4.7697,5.79,11.7444,7.772,-1.5544,-5.5268,0,1,1,9999.0,,,1996
blitz_1d_fast_feedback,all_market,final_2026,2026-03-27,2,sh600726,sh600726,9.84621347579427,2026-03-30,2026-03-31,1,-4.6407,6.37,2.3548,-5.6515,0.6279,-11.9309,0,0,1,9999.0,,,1996
blitz_1d_fast_feedback,all_market,final_2026,2026-03-27,3,sh603272,sh603272,9.720108164560942,2026-03-30,2026-03-31,1,-0.0309,32.31,10.0279,10.0279,2.1356,-2.7855,0,0,0,9999.0,,,1996
blitz_1d_fast_feedback,all_market,final_2026,2026-03-30,1,sz002082,sz002082,11.390130483829042,2026-03-31,2026-04-01,1,3.0237,28.28,6.7893,6.7893,17.3975,-4.4908,0,0,1,9999.0,,,2091
blitz_1d_fast_feedback,all_market,final_2026,2026-03-30,2,sh600666,sh600666,11.280290327356214,2026-03-31,2026-04-01,1,-3.5256,6.02,1.6611,-5.3156,4.1528,-5.4817,0,0,1,9999.0,,,2091
blitz_1d_fast_feedback,all_market,final_2026,2026-03-30,3,sz000720,sz000720,10.648556223471157,2026-03-31,2026-04-01,1,-6.6532,4.63,17.9266,17.9266,6.0475,-0.8639,0,0,0,3.0,new_hot,光纤概念,2091
blitz_1d_fast_feedback,all_market,final_2026,2026-03-31,1,sz002082,sz002082,10.971918602773954,2026-04-01,2026-04-02,1,-2.7483,29.37,13.1086,13.0405,17.603,-0.2724,0,0,0,9999.0,,,2107
blitz_1d_fast_feedback,all_market,final_2026,2026-03-31,2,sh603601,sh603601,9.665831242800925,2026-04-01,2026-04-02,1,0.0,15.49,2.8405,-4.0026,-8.9735,-9.4254,0,1,1,9999.0,,,2107
blitz_1d_fast_feedback,all_market,final_2026,2026-03-31,3,sz000720,sz000720,9.51150972383014,2026-04-01,2026-04-02,1,-2.9304,5.3,1.6981,-7.3585,1.8868,-12.0755,0,0,1,9999.0,,,2107
blitz_1d_fast_feedback,all_market,final_2026,2026-04-01,1,sh605299,sh605299,10.14593526907349,2026-04-02,2026-04-03,1,-3.1481,20.92,12.9541,9.6558,0.1912,-1.2428,0,0,0,9999.0,,,2057
blitz_1d_fast_feedback,all_market,final_2026,2026-04-01,2,sh603115,sh603115,10.079330592599428,2026-04-02,2026-04-03,1,-1.9851,45.92,3.0706,-4.6603,-8.2753,-8.9721,0,1,1,9999.0,,,2057
blitz_1d_fast_feedback,all_market,final_2026,2026-04-01,3,sh600666,sh600666,9.867671791611356,2026-04-02,2026-04-03,1,0.0,6.27,6.0606,-1.5949,-6.2201,-8.134,0,1,1,15.0,new_hot,3D玻璃,2057
blitz_1d_fast_feedback,all_market,final_2026,2026-04-02,1,sz002560,sz002560,10.798544997177347,2026-04-03,2026-04-07,1,5.5896,13.79,4.2059,-8.4844,-3.9159,-10.2248,0,1,1,9999.0,,,2006
blitz_1d_fast_feedback,all_market,final_2026,2026-04-02,2,sz002038,sz002038,10.373192655930323,2026-04-03,2026-04-07,1,0.7018,8.61,9.1754,4.2973,-0.1161,-5.3426,0,1,1,5.0,continuing_hot|new_hot,肝素概念|减肥药|长寿药|肝炎概念|免疫治疗|辅助生殖,2006
blitz_1d_fast_feedback,all_market,final_2026,2026-04-02,3,sz002361,sz002361,10.277785051817451,2026-04-03,2026-04-07,1,-0.9832,17.12,0.8178,-8.0607,-10.9229,-13.5514,0,1,1,9999.0,,,2006
blitz_1d_fast_feedback,all_market,final_2026,2026-04-03,1,sz002038,sz002038,10.661632330796335,2026-04-07,2026-04-08,1,-3.5635,8.66,5.7737,-0.6928,-9.0069,-10.5081,0,1,1,9999.0,,,1975
blitz_1d_fast_feedback,all_market,final_2026,2026-04-03,2,sh600488,sh600488,10.432630227878418,2026-04-07,2026-04-08,1,4.7346,7.3,5.0685,5.0685,0.8219,-2.7397,0,0,0,9999.0,,,1975
blitz_1d_fast_feedback,all_market,final_2026,2026-04-03,3,sz000720,sz000720,10.09795597748139,2026-04-07,2026-04-08,1,9.4276,6.5,0.4615,0.4615,3.0769,-2.3077,0,0,0,2.0,continuing_hot,光纤概念,1975
blitz_1d_fast_feedback,all_market,final_2026,2026-04-07,1,sh600488,sh600488,9.623902983842786,2026-04-08,2026-04-09,1,8.8657,8.35,1.0778,-11.8563,-15.2096,-18.0838,0,1,1,9999.0,,,1922
blitz_1d_fast_feedback,all_market,final_2026,2026-04-07,2,sh605299,sh605299,9.561703981233668,2026-04-08,2026-04-09,1,-0.2602,23.0,4.2609,-5.8261,-5.3913,-10.4783,0,1,1,2.0,new_hot,娱乐用品|体育产业|文娱用品,1922
blitz_1d_fast_feedback,all_market,final_2026,2026-04-07,3,sh605162,sh605162,8.821460681217507,2026-04-08,2026-04-09,1,0.4264,14.13,9.5541,9.5541,0.1415,-1.4154,0,0,0,9999.0,,,1922
blitz_1d_fast_feedback,all_market,final_2026,2026-04-08,1,sh600488,sh600488,12.457604069316368,2026-04-09,2026-04-10,1,-2.8533,7.15,7.972,-0.979,-10.2098,-10.9091,0,1,1,9999.0,,,2233
blitz_1d_fast_feedback,all_market,final_2026,2026-04-08,2,sz000720,sz000720,10.233277832993123,2026-04-09,2026-04-10,1,-3.1343,6.49,0.0,-7.0878,-16.3328,-16.3328,1,1,1,9999.0,,,2233
blitz_1d_fast_feedback,all_market,final_2026,2026-04-08,3,sh605162,sh605162,8.850521730466642,2026-04-09,2026-04-10,1,-4.9742,14.71,1.0197,-3.8069,-3.671,-10.605,0,1,1,9999.0,,,2233
blitz_1d_fast_feedback,all_market,final_2026,2026-04-09,1,sz000586,sz000586,9.7621677336383,2026-04-10,2026-04-13,1,-2.1497,24.58,0.1221,-8.0146,-12.1237,-17.2091,0,1,1,2.0,continuing_hot,光纤概念|通信线缆及配套|通信设备,2065
blitz_1d_fast_feedback,all_market,final_2026,2026-04-09,2,sh600791,sh600791,8.785640250953975,2026-04-10,2026-04-13,1,0.0,13.54,0.0739,-6.2777,-11.1521,-12.4815,0,1,1,9999.0,,,2065
blitz_1d_fast_feedback,all_market,final_2026,2026-04-09,3,sz000720,sz000720,8.776547128821862,2026-04-10,2026-04-13,1,-3.6484,5.81,3.7866,-6.5404,-7.5731,-13.9415,0,1,1,2.0,continuing_hot,光纤概念,2065
blitz_1d_fast_feedback,all_market,final_2026,2026-04-10,1,sh600743,sh600743,9.270313632909737,2026-04-13,2026-04-14,1,10.1887,2.92,0.0,0.0,9.9315,-3.7671,1,0,1,9999.0,,,2094
blitz_1d_fast_feedback,all_market,final_2026,2026-04-10,2,sz000889,sz000889,9.088814525206972,2026-04-13,2026-04-14,1,-1.6092,4.28,1.6355,-8.4112,0.7009,-8.8785,0,0,1,9999.0,,,2094
blitz_1d_fast_feedback,all_market,final_2026,2026-04-10,3,sh600345,sh600345,9.085999032175126,2026-04-13,2026-04-14,1,1.1957,55.01,3.763,-0.0182,-5.8535,-6.3807,0,1,1,9999.0,,,2094
blitz_1d_fast_feedback,all_market,final_2026,2026-04-13,1,sh600743,sh600743,6.786031044058535,2026-04-14,2026-04-15,1,9.9315,3.21,0.0,0.0,-9.9688,-9.9688,1,1,1,9999.0,,,2036
blitz_1d_fast_feedback,all_market,final_2026,2026-04-13,2,sz002580,sz002580,6.406591158807603,2026-04-14,2026-04-15,1,9.0996,22.78,0.8341,0.8341,10.9306,-6.3652,0,0,1,9999.0,,,2036
blitz_1d_fast_feedback,all_market,final_2026,2026-04-13,3,sh605255,sh605255,6.327140686961311,2026-04-14,2026-04-15,1,-3.3667,111.94,10.72,6.441,0.9916,-0.8397,0,0,0,9999.0,,,2036
blitz_1d_fast_feedback,formal_new_or_accel_or_mainline,final_2026,2026-01-05,1,sz002757,sz002757,6.172420123982342,2026-01-06,2026-01-07,1,9.9907,23.56,0.0,0.0,-8.2767,-8.2767,1,1,1,12.0,new_hot,VPN,206
blitz_1d_fast_feedback,formal_new_or_accel_or_mainline,final_2026,2026-01-05,2,sz002414,sz002414,5.879230585975312,2026-01-06,2026-01-07,1,2.2305,16.5,2.4242,-1.1515,-1.3333,-3.5758,0,1,1,2.0,new_hot,全息技术,206
blitz_1d_fast_feedback,formal_new_or_accel_or_mainline,final_2026,2026-01-05,3,sz002413,sz002413,5.858054808022366,2026-01-06,2026-01-07,1,4.9964,14.5,4.7586,4.7586,15.2414,-2.069,0,0,0,3.0,continuing_hot,6G概念,206
blitz_1d_fast_feedback,formal_new_or_accel_or_mainline,final_2026,2026-01-06,1,sz002413,sz002413,5.596263078508016,2026-01-07,2026-01-08,1,4.0158,15.8,5.7595,5.7595,11.962,-7.8481,0,0,1,13.0,continuing_hot,空间站概念,137
blitz_1d_fast_feedback,formal_new_or_accel_or_mainline,final_2026,2026-01-06,2,sh600618,sh600618,5.561878215450554,2026-01-07,2026-01-08,1,0.1517,13.2,2.5758,0.9091,-1.5909,-2.0455,0,1,0,7.0,new_hot,氯碱|化学原料,137
blitz_1d_fast_feedback,formal_new_or_accel_or_mainline,final_2026,2026-01-06,3,sz000510,sz000510,5.3390990856473675,2026-01-07,2026-01-08,1,-0.6747,13.25,6.8679,1.8868,-4.0755,-4.5283,0,1,1,7.0,new_hot,氯碱|化学原料,137
blitz_1d_fast_feedback,formal_new_or_accel_or_mainline,final_2026,2026-01-07,1,sz002195,sz002195,5.679536347544047,2026-01-08,2026-01-09,1,2.4364,9.67,7.3423,7.3423,7.0321,-2.6887,0,0,0,9.0,continuing_hot,AI芯片,273
blitz_1d_fast_feedback,formal_new_or_accel_or_mainline,final_2026,2026-01-07,2,sz002929,sz002929,5.5282458056031984,2026-01-08,2026-01-09,1,0.9127,45.33,3.0885,-0.0441,4.6768,-0.7059,0,0,0,13.0,new_hot,虚拟机器人,273
blitz_1d_fast_feedback,formal_new_or_accel_or_mainline,final_2026,2026-01-07,3,sz002774,sz002774,5.4699474887037125,2026-01-08,2026-01-09,1,0.0,12.35,10.0405,10.0405,21.0526,-8.583,0,0,1,8.0,new_hot,楼宇设备,273
blitz_1d_fast_feedback,formal_new_or_accel_or_mainline,final_2026,2026-01-08,1,sz002173,sz002173,6.806194435254633,2026-01-09,2026-01-12,1,4.7952,33.0,4.9697,4.9697,12.0909,-0.697,0,0,0,7.0,continuing_hot,人脑工程|AI制药（医疗）,170
blitz_1d_fast_feedback,formal_new_or_accel_or_mainline,final_2026,2026-01-08,2,sz002519,sz002519,6.218559306878223,2026-01-09,2026-01-12,1,9.9156,10.42,0.096,0.096,10.0768,-3.4549,0,0,1,1.0,continuing_hot,地面兵装Ⅱ|国防军工,170
blitz_1d_fast_feedback,formal_new_or_accel_or_mainline,final_2026,2026-01-08,3,sz002774,sz002774,6.203437853541228,2026-01-09,2026-01-12,1,4.8565,14.25,4.9123,4.9123,-0.4211,-5.5439,0,1,1,14.0,continuing_hot,楼宇设备,170
blitz_1d_fast_feedback,formal_new_or_accel_or_mainline,final_2026,2026-01-09,1,sz002316,sz002316,5.259746161480826,2026-01-12,2026-01-13,1,7.3555,6.13,2.447,2.447,-7.8303,-7.8303,0,1,1,5.0,new_hot,互联网服务,202
blitz_1d_fast_feedback,formal_new_or_accel_or_mainline,final_2026,2026-01-09,2,sz002777,sz002777,5.162065997159631,2026-01-12,2026-01-13,1,4.9729,21.32,4.1276,1.97,4.2214,-1.8762,0,0,0,5.0,continuing_hot|new_hot,互联网服务|AI应用|DRG/DIP,202
blitz_1d_fast_feedback,formal_new_or_accel_or_mainline,final_2026,2026-01-09,3,sh600337,sh600337,5.133415330715529,2026-01-12,2026-01-13,1,-4.1667,3.68,4.3478,1.6304,-7.337,-8.4239,0,1,1,6.0,continuing_hot,AI应用,202
blitz_1d_fast_feedback,formal_new_or_accel_or_mainline,final_2026,2026-01-12,1,sz002316,sz002316,6.861415408161776,2026-01-13,2026-01-14,1,-4.6178,5.99,2.6711,-5.6761,-10.5175,-14.8581,0,1,1,10.0,continuing_hot,互联网服务,284
blitz_1d_fast_feedback,formal_new_or_accel_or_mainline,final_2026,2026-01-12,2,sz000503,sz000503,6.2023839358524295,2026-01-13,2026-01-14,1,7.5797,12.49,0.4003,-9.2874,-10.8887,-12.0897,0,1,1,11.0,new_hot,数据要素|软件开发,284
blitz_1d_fast_feedback,formal_new_or_accel_or_mainline,final_2026,2026-01-12,3,sh603496,sh603496,6.092271053659717,2026-01-13,2026-01-14,1,10.0028,39.04,0.0,-7.9918,-1.3832,-10.8607,1,1,1,10.0,continuing_hot,互联网服务,284
blitz_1d_fast_feedback,formal_new_or_accel_or_mainline,final_2026,2026-01-13,1,sh603888,sh603888,6.729184733464712,2026-01-14,2026-01-15,1,-3.1587,26.06,13.584,13.584,11.934,-1.8419,0,0,0,6.0,new_hot,数字媒体,121
blitz_1d_fast_feedback,formal_new_or_accel_or_mainline,final_2026,2026-01-13,2,sz002131,sz002131,6.494544724697293,2026-01-14,2026-01-15,1,5.3156,9.51,4.4164,4.4164,9.3586,-3.0494,0,0,1,3.0,continuing_hot,基因测序,121
blitz_1d_fast_feedback,formal_new_or_accel_or_mainline,final_2026,2026-01-13,3,sh600477,sh600477,6.439200362840386,2026-01-14,2026-01-15,1,-5.2752,4.13,14.5278,7.7482,-2.9056,-4.3584,0,1,1,12.0,new_hot,钢结构,121
blitz_1d_fast_feedback,formal_new_or_accel_or_mainline,final_2026,2026-01-14,1,sz002115,sz002115,7.579767931555556,2026-01-15,2026-01-16,1,7.0955,20.98,0.0,-6.8637,-16.1582,-16.1582,1,1,1,1.0,continuing_hot,互联网服务,199
blitz_1d_fast_feedback,formal_new_or_accel_or_mainline,final_2026,2026-01-14,2,sz002181,sz002181,7.329330097239425,2026-01-15,2026-01-16,1,-1.039,11.43,0.0875,-4.1995,-7.1741,-9.6238,0,1,1,6.0,continuing_hot,AIGC概念|AI应用,199
blitz_1d_fast_feedback,formal_new_or_accel_or_mainline,final_2026,2026-01-14,3,sz003007,sz003007,7.263373017096137,2026-01-15,2026-01-16,1,-7.1441,55.5,2.1622,-3.0811,-12.7748,-12.7748,0,1,1,12.0,new_hot,智慧政务,199
blitz_1d_fast_feedback,formal_new_or_accel_or_mainline,final_2026,2026-01-15,1,sz000681,sz000681,6.82663201046047,2026-01-16,2026-01-19,1,-9.9972,31.6,0.0,0.0,-10.0,-10.0,1,1,1,7.0,continuing_hot,数字媒体,141
blitz_1d_fast_feedback,formal_new_or_accel_or_mainline,final_2026,2026-01-15,2,sz002112,sz002112,6.8026764316129595,2026-01-16,2026-01-19,1,10.0236,23.27,0.0,-14.1813,-5.5866,-22.7761,1,1,1,4.0,continuing_hot,输变电设备,141
blitz_1d_fast_feedback,formal_new_or_accel_or_mainline,final_2026,2026-01-15,3,sh603000,sh603000,6.801744213586312,2026-01-16,2026-01-19,1,-9.9903,27.75,0.0,0.0,-9.982,-9.982,1,1,1,7.0,continuing_hot,数字媒体,141
blitz_1d_fast_feedback,formal_new_or_accel_or_mainline,final_2026,2026-01-16,1,sz001255,sz001255,7.321504822593831,2026-01-19,2026-01-20,1,4.8542,57.89,1.8656,-14.1648,-22.75,-22.75,0,1,1,8.0,new_hot,IGBT概念,156
blitz_1d_fast_feedback,formal_new_or_accel_or_mainline,final_2026,2026-01-16,2,sz002546,sz002546,7.1141325655101175,2026-01-19,2026-01-20,1,-2.4213,8.06,12.7792,12.7792,24.0695,0.0,0,0,0,11.0,continuing_hot,电工仪器仪表,156
blitz_1d_fast_feedback,formal_new_or_accel_or_mainline,final_2026,2026-01-16,3,sh603938,sh603938,6.9469196427590605,2026-01-19,2026-01-20,1,-7.0026,25.1,7.2908,4.6215,7.4104,0.0,0,0,0,4.0,continuing_hot|new_hot,碳化硅|存储芯片,156
blitz_1d_fast_feedback,formal_new_or_accel_or_mainline,final_2026,2026-01-19,1,sh600593,sh600593,7.687845141830637,2026-01-20,2026-01-21,1,-0.0206,48.52,7.9967,3.38,1.0717,-3.0091,0,0,1,13.0,new_hot,旅游酒店|旅游及景区,189
blitz_1d_fast_feedback,formal_new_or_accel_or_mainline,final_2026,2026-01-19,2,sz002546,sz002546,7.661731506266793,2026-01-20,2026-01-21,1,4.1804,9.47,5.5966,5.5966,2.2175,-1.9007,0,0,0,2.0,continuing_hot|new_hot,电网设备|电工仪器仪表,189
blitz_1d_fast_feedback,formal_new_or_accel_or_mainline,final_2026,2026-01-19,3,sz001337,sz001337,7.525130513773714,2026-01-20,2026-01-21,1,3.6122,39.01,4.2041,1.9739,12.1764,-5.2294,0,0,1,7.0,new_hot,黄金|贵金属,189
blitz_1d_fast_feedback,formal_new_or_accel_or_mainline,final_2026,2026-01-20,1,sh600955,sh600955,7.451167286007512,2026-01-21,2026-01-22,1,6.7994,21.99,0.0,-5.0477,-9.4588,-10.2774,1,1,1,3.0,new_hot,环氧丙烷|其他化学原料|化工原料,175
blitz_1d_fast_feedback,formal_new_or_accel_or_mainline,final_2026,2026-01-20,2,sz002181,sz002181,7.332313145480424,2026-01-21,2026-01-22,1,0.2681,11.22,6.9519,3.4759,7.5758,-3.2977,0,0,1,9.0,new_hot,大众出版|出版,175
blitz_1d_fast_feedback,formal_new_or_accel_or_mainline,final_2026,2026-01-20,3,sh600230,sh600230,7.233460669539772,2026-01-21,2026-01-22,1,9.9174,19.95,0.1003,-3.1579,-10.9774,-12.9323,0,1,1,5.0,new_hot,聚氨酯|化工原料,175
blitz_1d_fast_feedback,formal_new_or_accel_or_mainline,final_2026,2026-01-21,1,sz001337,sz001337,8.33909234324184,2026-01-22,2026-01-23,1,-4.6618,41.72,11.4573,9.4439,20.3979,-1.0067,0,0,0,3.0,continuing_hot|new_hot,黄金|贵金属|黄金概念,177
blitz_1d_fast_feedback,formal_new_or_accel_or_mainline,final_2026,2026-01-21,2,sz000506,sz000506,8.295100503208943,2026-01-22,2026-01-23,1,-3.8282,18.59,10.0054,4.8951,4.7875,-2.0979,0,0,0,3.0,continuing_hot|new_hot,黄金|贵金属|黄金概念,177
blitz_1d_fast_feedback,formal_new_or_accel_or_mainline,final_2026,2026-01-21,3,sz002716,sz002716,8.049412627061429,2026-01-22,2026-01-23,1,-5.2053,12.93,16.0093,16.0093,27.1462,0.0,0,0,0,4.0,continuing_hot|new_hot,贵金属|黄金概念,177
blitz_1d_fast_feedback,formal_new_or_accel_or_mainline,final_2026,2026-01-22,1,sh603608,sh603608,8.221455406394815,2026-01-23,2026-01-26,1,2.2407,12.32,4.3019,-2.9221,-5.0325,-7.4675,0,1,1,10.0,new_hot,鞋帽及其他,190
blitz_1d_fast_feedback,formal_new_or_accel_or_mainline,final_2026,2026-01-22,2,sz002636,sz002636,7.809415314928161,2026-01-23,2026-01-26,1,6.7811,24.88,3.0145,3.0145,5.9486,-2.7733,0,0,0,2.0,new_hot,印制电路板|元件|PCB,190
blitz_1d_fast_feedback,formal_new_or_accel_or_mainline,final_2026,2026-01-22,3,sh601212,sh601212,7.68937852731754,2026-01-23,2026-01-26,1,9.9682,10.37,0.0,0.0,10.0289,-5.4002,1,0,1,7.0,new_hot,PCB,190
blitz_1d_fast_feedback,formal_new_or_accel_or_mainline,final_2026,2026-01-23,1,sh603939,sh603939,6.860880074208625,2026-01-26,2026-01-27,1,-0.4434,24.7,0.9717,-0.6883,-2.915,-4.0486,0,1,1,13.0,new_hot,线下药店,111
blitz_1d_fast_feedback,formal_new_or_accel_or_mainline,final_2026,2026-01-23,2,sz001203,sz001203,6.632628154467926,2026-01-26,2026-01-27,1,-0.3922,33.02,5.9358,-1.8171,-5.6329,-11.5687,0,1,1,7.0,continuing_hot|new_hot,铁矿石|冶钢原料,111
blitz_1d_fast_feedback,formal_new_or_accel_or_mainline,final_2026,2026-01-23,3,sz002865,sz002865,6.581777299424088,2026-01-26,2026-01-27,1,9.996,109.38,0.0,-1.8102,-4.8089,-11.6292,1,1,1,1.0,new_hot,BC电池|光伏设备,111
blitz_1d_fast_feedback,formal_new_or_accel_or_mainline,final_2026,2026-01-26,1,sz002201,sz002201,8.976661542516165,2026-01-27,2026-01-28,1,-9.8894,14.67,5.5215,2.454,6.544,-5.1806,0,0,1,15.0,continuing_hot,玻纤制造,158
blitz_1d_fast_feedback,formal_new_or_accel_or_mainline,final_2026,2026-01-26,2,sz000506,sz000506,7.847857747987485,2026-01-27,2026-01-28,1,-0.14,21.4,10.1402,10.1402,21.1682,-2.3364,0,0,0,1.0,continuing_hot,黄金|贵金属,158
blitz_1d_fast_feedback,formal_new_or_accel_or_mainline,final_2026,2026-01-26,3,sz001337,sz001337,7.695611024590557,2026-01-27,2026-01-28,1,0.0362,55.27,9.9692,9.9692,20.9698,-5.4641,0,0,1,1.0,continuing_hot,黄金|贵金属,158
blitz_1d_fast_feedback,formal_new_or_accel_or_mainline,final_2026,2026-01-27,1,sh600877,sh600877,7.27437808513495,2026-01-28,2026-01-29,1,3.1073,25.55,1.409,-1.9569,-8.3757,-8.3757,0,1,1,3.0,continuing_hot|new_hot,半导体|模拟芯片设计,132
blitz_1d_fast_feedback,formal_new_or_accel_or_mainline,final_2026,2026-01-27,2,sz002291,sz002291,6.936461513200176,2026-01-28,2026-01-29,1,-2.657,8.06,1.4888,-2.1092,-0.8685,-4.5906,0,1,1,13.0,new_hot,快手概念,132
blitz_1d_fast_feedback,formal_new_or_accel_or_mainline,final_2026,2026-01-27,3,sz002279,sz002279,6.701712639107747,2026-01-28,2026-01-29,1,-1.8484,10.62,3.1073,-2.7307,0.2825,-6.403,0,0,1,13.0,new_hot,快手概念,132
blitz_1d_fast_feedback,formal_new_or_accel_or_mainline,final_2026,2026-01-28,1,sh603619,sh603619,8.029524706549699,2026-01-29,2026-01-30,1,2.1251,34.6,7.7168,7.7168,0.289,-1.7341,0,0,0,8.0,continuing_hot,油服工程|油田服务,187
blitz_1d_fast_feedback,formal_new_or_accel_or_mainline,final_2026,2026-01-28,2,sh600531,sh600531,7.840470173802557,2026-01-29,2026-01-30,1,9.8935,24.77,0.0807,0.0807,-9.9314,-10.0121,0,1,1,1.0,continuing_hot|new_hot,黄金概念|铅锌|工业金属|稀缺资源,187
blitz_1d_fast_feedback,formal_new_or_accel_or_mainline,final_2026,2026-01-28,3,sz000506,sz000506,7.719586075314789,2026-01-29,2026-01-30,1,9.9884,28.52,0.0,0.0,-9.993,-10.9748,1,1,1,1.0,continuing_hot|new_hot,黄金概念|黄金|贵金属,187
blitz_1d_fast_feedback,formal_new_or_accel_or_mainline,final_2026,2026-01-29,1,sh603619,sh603619,7.745526795140139,2026-01-30,2026-02-02,1,1.9318,37.99,5.7647,-8.6602,-17.8205,-17.8205,0,1,1,3.0,continuing_hot|new_hot,油服工程|油田服务|资源开采概念|石油石化,170
blitz_1d_fast_feedback,formal_new_or_accel_or_mainline,final_2026,2026-01-29,2,sh600986,sh600986,7.5770656511308445,2026-01-30,2026-02-02,1,-1.8142,13.53,6.2084,-3.1042,3.6216,-6.8736,0,0,1,7.0,continuing_hot|new_hot,快手概念|广告营销|营销代理,170
blitz_1d_fast_feedback,formal_new_or_accel_or_mainline,final_2026,2026-01-29,3,sz002440,sz002440,7.205274648057979,2026-01-30,2026-02-02,1,-2.4514,11.54,12.7383,9.0988,4.4194,-1.9931,0,0,0,15.0,new_hot,纺织化学制品,170
blitz_1d_fast_feedback,formal_new_or_accel_or_mainline,final_2026,2026-01-30,1,sz002165,sz002165,8.29474910844476,2026-02-02,2026-02-03,1,0.0,12.77,8.8489,-2.5059,7.2827,-4.9334,0,0,1,6.0,continuing_hot,聚氨酯,140
blitz_1d_fast_feedback,formal_new_or_accel_or_mainline,final_2026,2026-01-30,2,sh600230,sh600230,8.117553446157771,2026-02-02,2026-02-03,1,-5.0661,21.55,3.3411,-5.1972,-5.8933,-6.9606,0,1,1,6.0,continuing_hot,聚氨酯,140
blitz_1d_fast_feedback,formal_new_or_accel_or_mainline,final_2026,2026-01-30,3,sz002440,sz002440,7.955548297425568,2026-02-02,2026-02-03,1,0.0,12.59,2.8594,-4.2891,-0.1589,-6.2748,0,1,1,7.0,continuing_hot,纺织化学制品,140
blitz_1d_fast_feedback,formal_new_or_accel_or_mainline,final_2026,2026-02-02,1,sz002491,sz002491,7.297623589027877,2026-02-03,2026-02-04,1,-0.5787,8.59,10.5937,7.6834,8.7311,-2.2119,0,0,0,3.0,continuing_hot,通信线缆及配套,142
blitz_1d_fast_feedback,formal_new_or_accel_or_mainline,final_2026,2026-02-02,2,sz002575,sz002575,6.30139385575976,2026-02-03,2026-02-04,1,-2.904,7.69,13.1339,5.4616,-4.6814,-5.0715,0,1,1,4.0,continuing_hot|new_hot,白酒|娱乐用品|文娱用品,142
blitz_1d_fast_feedback,formal_new_or_accel_or_mainline,final_2026,2026-02-02,3,sz002678,sz002678,6.092279661531631,2026-02-03,2026-02-04,1,1.3817,5.87,2.0443,-2.0443,-1.5332,-3.7479,0,1,1,5.0,new_hot,娱乐用品|文娱用品,142
blitz_1d_fast_feedback,formal_new_or_accel_or_mainline,final_2026,2026-02-03,1,sz002865,sz002865,6.5833841101754045,2026-02-04,2026-02-05,1,3.8106,114.42,1.9752,-0.1136,-10.1031,-10.1031,0,1,1,2.0,new_hot,光伏设备|光伏电池组件|BC电池,169
blitz_1d_fast_feedback,formal_new_or_accel_or_mainline,final_2026,2026-02-03,2,sh603778,sh603778,6.331501383089317,2026-02-04,2026-02-05,1,3.3311,15.2,6.4474,6.4474,10.5263,-4.2105,0,0,1,2.0,new_hot,光伏设备|HJT电池|光伏电池组件|钙钛矿电池,169
blitz_1d_fast_feedback,formal_new_or_accel_or_mainline,final_2026,2026-02-03,3,sz002792,sz002792,6.297710825956115,2026-02-04,2026-02-05,1,2.064,53.9,2.115,-2.0223,-4.9165,-6.5677,0,1,1,9.0,new_hot,光通信模块,169
blitz_1d_fast_feedback,formal_new_or_accel_or_mainline,final_2026,2026-02-04,1,sz002928,sz002928,6.447104481765676,2026-02-05,2026-02-06,1,0.1735,11.55,3.4632,2.3377,0.4329,-0.5195,0,0,0,11.0,new_hot,航空机场|航空运输,110
blitz_1d_fast_feedback,formal_new_or_accel_or_mainline,final_2026,2026-02-04,2,sz002623,sz002623,6.3690107606850175,2026-02-05,2026-02-06,1,-4.5678,27.16,4.3078,-1.1046,3.6451,-5.9278,0,0,1,5.0,continuing_hot,光伏设备|光伏辅材|钙钛矿电池,110
blitz_1d_fast_feedback,formal_new_or_accel_or_mainline,final_2026,2026-02-04,3,sz000560,sz000560,6.360338091871736,2026-02-05,2026-02-06,1,-2.2161,3.53,1.983,0.5666,0.5666,-1.4164,0,0,0,12.0,new_hot,租售同权|房地产服务,110
blitz_1d_fast_feedback,formal_new_or_accel_or_mainline,final_2026,2026-02-05,1,sh600156,sh600156,7.440394652544679,2026-02-06,2026-02-09,1,-0.9967,8.94,0.0,-5.9284,-5.7047,-6.4877,1,1,1,11.0,new_hot,其他纺织,149
blitz_1d_fast_feedback,formal_new_or_accel_or_mainline,final_2026,2026-02-05,2,sh601116,sh601116,7.127433256546133,2026-02-06,2026-02-09,1,-3.9109,19.41,0.9789,-4.0701,-6.0793,-9.2736,0,1,1,13.0,new_hot,超市,149
blitz_1d_fast_feedback,formal_new_or_accel_or_mainline,final_2026,2026-02-05,3,sz002995,sz002995,6.97650049287542,2026-02-06,2026-02-09,1,-0.1912,36.55,5.4993,-3.6115,-6.9767,-8.8098,0,1,1,3.0,continuing_hot,广告营销|营销代理,149
blitz_1d_fast_feedback,formal_new_or_accel_or_mainline,final_2026,2026-02-06,1,sz002412,sz002412,7.631219440768289,2026-02-09,2026-02-10,1,2.2398,7.76,7.6031,3.3505,3.3505,-0.6443,0,0,0,8.0,new_hot,肝炎概念,195
blitz_1d_fast_feedback,formal_new_or_accel_or_mainline,final_2026,2026-02-06,2,sz002506,sz002506,7.487740388694597,2026-02-09,2026-02-10,1,9.607,5.02,0.3984,0.3984,4.7809,-5.3785,0,0,1,7.0,continuing_hot|new_hot,TOPCon电池|钙钛矿电池|BC电池,195
blitz_1d_fast_feedback,formal_new_or_accel_or_mainline,final_2026,2026-02-06,3,sz002099,sz002099,7.022007113711335,2026-02-09,2026-02-10,1,9.9867,8.26,0.0,0.0,1.4528,-5.2058,1,0,1,8.0,new_hot,肝炎概念|化工原料,195
blitz_1d_fast_feedback,formal_new_or_accel_or_mainline,final_2026,2026-02-09,1,sh603103,sh603103,7.5365958528502395,2026-02-10,2026-02-11,1,6.6413,39.18,3.1394,3.1394,-7.172,-7.172,0,1,1,4.0,continuing_hot|new_hot,影视院线|影视概念,140
blitz_1d_fast_feedback,formal_new_or_accel_or_mainline,final_2026,2026-02-09,2,sz002054,sz002054,7.1807241310696535,2026-02-10,2026-02-11,1,-1.5371,10.89,1.1019,-2.112,-2.9385,-4.0404,0,1,1,6.0,continuing_hot,纺织化学制品,140
blitz_1d_fast_feedback,formal_new_or_accel_or_mainline,final_2026,2026-02-09,3,sz002624,sz002624,7.095464750527196,2026-02-10,2026-02-11,1,0.0929,21.55,9.884,4.2691,3.2019,-0.7889,0,0,0,12.0,new_hot,影视概念,140
blitz_1d_fast_feedback,formal_new_or_accel_or_mainline,final_2026,2026-02-10,1,sh601869,sh601869,7.003547861123587,2026-02-11,2026-02-12,1,-1.4895,208.33,8.4193,4.7665,8.9617,0.0,0,0,0,4.0,continuing_hot,通信线缆及配套,159
blitz_1d_fast_feedback,formal_new_or_accel_or_mainline,final_2026,2026-02-10,2,sz000815,sz000815,6.729038270552848,2026-02-11,2026-02-12,1,-3.4127,15.0,3.9333,0.2,4.0,-0.0667,0,0,0,9.0,new_hot,国资云概念,159
blitz_1d_fast_feedback,formal_new_or_accel_or_mainline,final_2026,2026-02-10,3,sh601595,sh601595,6.428114787533039,2026-02-11,2026-02-12,1,2.711,36.75,1.1156,-11.7279,-14.4762,-17.9864,0,1,1,1.0,continuing_hot|new_hot,影视院线|影视动漫制作|影视概念|文娱消费|AI语料|谷子经济,159
blitz_1d_fast_feedback,formal_new_or_accel_or_mainline,final_2026,2026-02-11,1,sz003018,sz003018,7.3595274924803205,2026-02-12,2026-02-13,1,-0.9771,23.31,2.9601,-3.9897,-2.0163,-6.864,0,1,1,2.0,new_hot,塑料包装,136
blitz_1d_fast_feedback,formal_new_or_accel_or_mainline,final_2026,2026-02-11,2,sz001217,sz001217,6.770678168080486,2026-02-12,2026-02-13,1,-5.9459,15.66,5.3001,-0.7024,-6.1303,-7.4713,0,1,1,10.0,new_hot,化学原料,136
blitz_1d_fast_feedback,formal_new_or_accel_or_mainline,final_2026,2026-02-11,3,sh603968,sh603968,6.703050173810193,2026-02-12,2026-02-13,1,-1.2755,15.48,6.3307,4.199,4.4574,-3.6822,0,0,1,6.0,new_hot,食品及饲料添加剂,136
blitz_1d_fast_feedback,formal_new_or_accel_or_mainline,final_2026,2026-02-12,1,sz000962,sz000962,6.657612306621241,2026-02-13,2026-02-23,1,-1.0002,48.5,3.0928,-1.6907,-8.1649,-16.9897,0,1,1,14.0,continuing_hot,小金属,226
blitz_1d_fast_feedback,formal_new_or_accel_or_mainline,final_2026,2026-02-12,2,sh600589,sh600589,6.646628451725523,2026-02-13,2026-02-23,1,10.0289,15.25,0.0,-13.5082,-17.377,-17.377,1,1,1,3.0,new_hot,东数西算,226
blitz_1d_fast_feedback,formal_new_or_accel_or_mainline,final_2026,2026-02-12,3,sz002842,sz002842,6.492862836283075,2026-02-13,2026-02-23,1,-2.389,37.59,3.618,-3.2189,-6.8635,-14.5783,0,1,1,14.0,continuing_hot,小金属,226
blitz_1d_fast_feedback,formal_new_or_accel_or_mainline,final_2026,2026-02-13,1,sh603533,sh603533,7.752351951602469,2026-02-23,2026-02-24,1,-17.3578,31.09,0.0,0.0,8.9096,0.0,1,0,0,2.0,new_hot,数字媒体|知识产权,111
blitz_1d_fast_feedback,formal_new_or_accel_or_mainline,final_2026,2026-02-13,2,sh603466,sh603466,7.392559908648741,2026-02-23,2026-02-24,1,1.2842,11.83,1.9442,-4.6492,8.6221,-6.1708,0,0,1,2.0,new_hot,数字媒体|空间计算|混合现实|全息技术|裸眼3D,111
blitz_1d_fast_feedback,formal_new_or_accel_or_mainline,final_2026,2026-02-13,3,sh605289,sh605289,6.976840004355173,2026-02-23,2026-02-24,1,-17.4039,74.32,4.2788,3.0274,33.1808,-1.4532,0,0,0,5.0,new_hot,空间计算|混合现实,111
blitz_1d_fast_feedback,formal_new_or_accel_or_mainline,final_2026,2026-02-24,1,sh603466,sh603466,8.219045821325652,2026-02-25,2026-02-26,1,-3.1907,12.44,12.5402,4.2605,1.6881,-1.045,0,0,0,7.0,continuing_hot,全息技术,214
blitz_1d_fast_feedback,formal_new_or_accel_or_mainline,final_2026,2026-02-24,2,sz002498,sz002498,7.852372932007012,2026-02-25,2026-02-26,1,5.2349,7.84,4.5918,4.5918,6.8878,-4.9745,0,0,1,14.0,new_hot,特高压,214
blitz_1d_fast_feedback,formal_new_or_accel_or_mainline,final_2026,2026-02-24,3,sh603256,sh603256,7.511312884311448,2026-02-25,2026-02-26,1,4.7359,82.49,2.4609,2.1578,3.7217,-5.0188,0,0,1,3.0,continuing_hot|new_hot,玻纤制造|PCB,214
blitz_1d_fast_feedback,formal_new_or_accel_or_mainline,final_2026,2026-02-25,1,sz000636,sz000636,7.786388927206066,2026-02-26,2026-02-27,1,-1.5929,25.33,4.8954,1.5792,2.6451,-2.4477,0,0,0,6.0,continuing_hot,被动元件|元件,176
blitz_1d_fast_feedback,formal_new_or_accel_or_mainline,final_2026,2026-02-25,2,sh600545,sh600545,7.287022746673469,2026-02-26,2026-02-27,1,0.5917,3.4,6.7647,0.2941,0.5882,-5.2941,0,0,1,13.0,new_hot,纺织服装设备,176
blitz_1d_fast_feedback,formal_new_or_accel_or_mainline,final_2026,2026-02-25,3,sh600096,sh600096,7.2414599121584375,2026-02-26,2026-02-27,1,0.2309,43.4,3.318,2.6498,2.235,-2.0507,0,0,0,1.0,new_hot,磷肥及磷化工|磷化工,176
blitz_1d_fast_feedback,formal_new_or_accel_or_mainline,final_2026,2026-02-26,1,sz001896,sz001896,8.222819023882332,2026-02-27,2026-03-02,1,5.2762,12.77,4.4636,4.4636,10.7283,-1.8011,0,0,0,5.0,continuing_hot|new_hot,地热能|超超临界发电|抽水蓄能|火力发电,246
blitz_1d_fast_feedback,formal_new_or_accel_or_mainline,final_2026,2026-02-26,2,sz000890,sz000890,8.201924987409337,2026-02-27,2026-03-02,1,-2.3691,7.83,1.0217,-2.1711,7.6628,-9.7063,0,0,1,3.0,continuing_hot,光纤概念,246
blitz_1d_fast_feedback,formal_new_or_accel_or_mainline,final_2026,2026-02-26,3,sz002008,sz002008,7.8083303932099595,2026-02-27,2026-03-02,1,0.0,69.72,5.0057,3.7005,7.0281,-1.4343,0,0,0,3.0,continuing_hot,光纤概念|PCB,246
blitz_1d_fast_feedback,formal_new_or_accel_or_mainline,final_2026,2026-02-27,1,sz000899,sz000899,7.861210838717176,2026-03-02,2026-03-03,1,1.848,14.88,7.9973,-1.4785,-7.7285,-8.3333,0,1,1,3.0,continuing_hot,火力发电,216
blitz_1d_fast_feedback,formal_new_or_accel_or_mainline,final_2026,2026-02-27,2,sz001896,sz001896,7.3813814287955,2026-03-02,2026-03-03,1,0.075,13.35,8.6142,5.9176,-0.5243,-5.9925,0,1,1,3.0,continuing_hot,火力发电,216
blitz_1d_fast_feedback,formal_new_or_accel_or_mainline,final_2026,2026-02-27,3,sh600821,sh600821,7.36269430598988,2026-03-02,2026-03-03,1,-0.1353,7.38,6.7751,0.271,-3.1165,-4.065,0,1,1,14.0,new_hot,光伏发电,216
blitz_1d_fast_feedback,formal_new_or_accel_or_mainline,final_2026,2026-03-02,1,sz002040,sz002040,6.510370058038546,2026-03-03,2026-03-04,1,3.5088,12.39,6.2954,6.2954,-4.3584,-4.3584,0,1,1,15.0,new_hot,航运港口,128
blitz_1d_fast_feedback,formal_new_or_accel_or_mainline,final_2026,2026-03-02,2,sz000637,sz000637,6.4241396439734295,2026-03-03,2026-03-04,1,0.5535,5.45,9.1743,4.5872,-5.8716,-5.8716,0,1,1,11.0,new_hot,其他石化,128
blitz_1d_fast_feedback,formal_new_or_accel_or_mainline,final_2026,2026-03-02,3,sz002629,sz002629,6.383869965748125,2026-03-03,2026-03-04,1,1.0855,7.45,8.8591,8.8591,-2.0134,-2.0134,0,1,0,2.0,continuing_hot|new_hot,油服工程|资源开采概念|油气设服|油田服务,128
blitz_1d_fast_feedback,formal_new_or_accel_or_mainline,final_2026,2026-03-03,1,sz002980,sz002980,6.32172990053552,2026-03-04,2026-03-05,1,-0.2282,34.98,0.1715,-2.7444,-7.2041,-10.0343,0,1,1,12.0,new_hot,电工仪器仪表,143
blitz_1d_fast_feedback,formal_new_or_accel_or_mainline,final_2026,2026-03-03,2,sz001299,sz001299,6.073185904995335,2026-03-04,2026-03-05,1,6.1409,16.42,0.0609,-12.5457,-14.4945,-16.0171,0,1,1,2.0,new_hot,燃气Ⅱ,143
blitz_1d_fast_feedback,formal_new_or_accel_or_mainline,final_2026,2026-03-03,3,sz002267,sz002267,6.031483146958222,2026-03-04,2026-03-05,1,1.1062,9.14,0.0,-5.0328,-9.081,-10.9409,1,1,1,2.0,new_hot,燃气Ⅱ,143
blitz_1d_fast_feedback,formal_new_or_accel_or_mainline,final_2026,2026-03-04,1,sz002272,sz002272,6.364376979181428,2026-03-05,2026-03-06,1,6.2174,22.38,0.983,-6.1215,-7.1939,-8.9812,0,1,1,9.0,new_hot,特高压,193
blitz_1d_fast_feedback,formal_new_or_accel_or_mainline,final_2026,2026-03-04,2,sz002389,sz002389,6.329200817633383,2026-03-05,2026-03-06,1,-2.6416,28.01,6.5691,4.6055,-1.4281,-3.7487,0,1,1,13.0,new_hot,航天航空,193
blitz_1d_fast_feedback,formal_new_or_accel_or_mainline,final_2026,2026-03-04,3,sz002498,sz002498,5.813632268447118,2026-03-05,2026-03-06,1,9.7171,8.92,0.2242,0.2242,10.2018,-0.2242,0,0,0,2.0,new_hot,线缆部件及其他|电网设备|特高压,193
blitz_1d_fast_feedback,formal_new_or_accel_or_mainline,final_2026,2026-03-05,1,sz000509,sz000509,5.999090235210714,2026-03-06,2026-03-09,1,0.8264,3.66,9.0164,9.0164,5.7377,-4.3716,0,0,1,8.0,new_hot,面板|光学光电子,173
blitz_1d_fast_feedback,formal_new_or_accel_or_mainline,final_2026,2026-03-05,2,sz002913,sz002913,5.958206219829562,2026-03-06,2026-03-09,1,1.139,48.84,8.7633,8.7633,8.8862,-3.1122,0,0,1,15.0,new_hot,AIPC,173
blitz_1d_fast_feedback,formal_new_or_accel_or_mainline,final_2026,2026-03-05,3,sz000727,sz000727,5.802069029611315,2026-03-06,2026-03-09,1,-3.2967,2.64,3.0303,2.2727,2.6515,-2.6515,0,0,0,7.0,new_hot,电子纸概念|面板|光学光电子|显示技术|电子后视镜,173
blitz_1d_fast_feedback,formal_new_or_accel_or_mainline,final_2026,2026-03-06,1,sz000545,sz000545,7.24883810586937,2026-03-09,2026-03-10,1,0.0,3.75,0.8,-3.4667,-7.2,-8.0,0,1,1,1.0,new_hot,化学原料,191
blitz_1d_fast_feedback,formal_new_or_accel_or_mainline,final_2026,2026-03-06,2,sz002648,sz002648,7.239985599436069,2026-03-09,2026-03-10,1,8.8443,29.29,1.0584,-5.4285,-11.3349,-12.7347,0,1,1,1.0,new_hot,化学原料|化工原料|其他化学原料,191
blitz_1d_fast_feedback,formal_new_or_accel_or_mainline,final_2026,2026-03-06,3,sz002063,sz002063,6.646987741874428,2026-03-09,2026-03-10,1,1.5692,7.12,7.5843,4.2135,4.073,-1.6854,0,0,0,15.0,new_hot,虚拟电厂,191
blitz_1d_fast_feedback,formal_new_or_accel_or_mainline,final_2026,2026-03-09,1,sh600227,sh600227,8.701044205919976,2026-03-10,2026-03-11,1,-3.3149,3.5,13.7143,10.2857,15.7143,-2.8571,0,0,0,3.0,continuing_hot,氮肥,177
blitz_1d_fast_feedback,formal_new_or_accel_or_mainline,final_2026,2026-03-09,2,sz000601,sz000601,8.112925962122231,2026-03-10,2026-03-11,1,-2.3704,6.59,2.4279,-1.214,6.0698,-3.4901,0,0,1,7.0,continuing_hot,水力发电,177
blitz_1d_fast_feedback,formal_new_or_accel_or_mainline,final_2026,2026-03-09,3,sh600989,sh600989,7.862472807181512,2026-03-10,2026-03-11,1,-9.9869,27.58,8.3394,4.9674,15.4822,0.0,0,0,0,10.0,continuing_hot,煤化工,177
blitz_1d_fast_feedback,formal_new_or_accel_or_mainline,final_2026,2026-03-10,1,sh600135,sh600135,6.573507867373856,2026-03-11,2026-03-12,1,-2.8933,10.74,2.6071,2.4209,4.0968,-1.0242,0,0,0,12.0,new_hot,膜材料,211
blitz_1d_fast_feedback,formal_new_or_accel_or_mainline,final_2026,2026-03-10,2,sz001267,sz001267,6.1638110806804525,2026-03-11,2026-03-12,1,5.0131,47.97,4.1276,2.3556,-4.0442,-6.2956,0,1,1,1.0,new_hot,CPO概念|通信网络设备及器件|光通信模块|通信设备|通信,211
blitz_1d_fast_feedback,formal_new_or_accel_or_mainline,final_2026,2026-03-10,3,sz002467,sz002467,6.159734954348538,2026-03-11,2026-03-12,1,1.4493,7.7,2.987,-1.039,-4.1558,-5.1948,0,1,1,9.0,new_hot,通信,211
blitz_1d_fast_feedback,formal_new_or_accel_or_mainline,final_2026,2026-03-11,1,sz002015,sz002015,6.112542811160228,2026-03-12,2026-03-13,1,2.9866,20.0,6.8,6.8,11.4,-2.5,0,0,0,12.0,new_hot,抽水蓄能,178
blitz_1d_fast_feedback,formal_new_or_accel_or_mainline,final_2026,2026-03-11,2,sz002733,sz002733,5.974864706521412,2026-03-12,2026-03-13,1,-3.8817,26.0,0.6923,-1.2308,5.2692,-6.0,0,0,1,6.0,new_hot,蓄电池及其他电池|刀片电池|电池,178
blitz_1d_fast_feedback,formal_new_or_accel_or_mainline,final_2026,2026-03-11,3,sz000537,sz000537,5.881405681365712,2026-03-12,2026-03-13,1,8.883,12.38,1.0501,1.0501,0.0808,-3.5541,0,0,1,3.0,continuing_hot,风力发电,178
blitz_1d_fast_feedback,formal_new_or_accel_or_mainline,final_2026,2026-03-12,1,sh600703,sh600703,6.407534315176991,2026-03-13,2026-03-16,1,-1.921,18.38,2.1219,-1.3058,-3.1556,-4.7878,0,1,1,13.0,continuing_hot|new_hot,MicroLED|LED,188
blitz_1d_fast_feedback,formal_new_or_accel_or_mainline,final_2026,2026-03-12,2,sh601016,sh601016,6.292006782006329,2026-03-13,2026-03-16,1,3.8375,4.6,3.2609,-3.913,-10.0,-11.7391,0,1,1,10.0,continuing_hot,风力发电,188
blitz_1d_fast_feedback,formal_new_or_accel_or_mainline,final_2026,2026-03-12,3,sh600726,sh600726,6.26432657189673,2026-03-13,2026-03-16,1,8.2474,4.2,1.6667,1.6667,4.7619,-11.9048,0,0,1,6.0,continuing_hot,火力发电,188
blitz_1d_fast_feedback,formal_new_or_accel_or_mainline,final_2026,2026-03-13,1,sh600227,sh600227,7.115192583421128,2026-03-16,2026-03-17,1,2.9748,4.5,6.8889,6.8889,17.5556,-1.7778,0,0,0,1.0,continuing_hot|new_hot,氮肥|农化制品,139
blitz_1d_fast_feedback,formal_new_or_accel_or_mainline,final_2026,2026-03-13,2,sz002487,sz002487,7.00895119372184,2026-03-16,2026-03-17,1,0.9051,81.38,1.364,-7.2254,-11.8702,-12.3249,0,1,1,2.0,continuing_hot,风电设备|风电零部件,139
blitz_1d_fast_feedback,formal_new_or_accel_or_mainline,final_2026,2026-03-13,3,sh603659,sh603659,6.545720267478549,2026-03-16,2026-03-17,1,1.1416,32.78,1.4338,-1.5863,-6.1013,-6.3453,0,1,1,8.0,continuing_hot|new_hot,电池化学品|电池,139
blitz_1d_fast_feedback,formal_new_or_accel_or_mainline,final_2026,2026-03-16,1,sh600370,sh600370,9.05226179075979,2026-03-17,2026-03-18,1,-1.3333,2.96,11.4865,11.4865,22.6351,-3.3784,0,0,1,10.0,new_hot,涤纶,148
blitz_1d_fast_feedback,formal_new_or_accel_or_mainline,final_2026,2026-03-16,2,sz001309,sz001309,8.196201655364773,2026-03-17,2026-03-18,1,-2.0053,345.0,4.3362,2.6087,8.4058,-0.8696,0,0,0,1.0,new_hot,数字芯片设计|AIPC|存储芯片|半导体,148
blitz_1d_fast_feedback,formal_new_or_accel_or_mainline,final_2026,2026-03-16,3,sz002636,sz002636,8.135645920143762,2026-03-17,2026-03-18,1,2.816,32.86,0.3652,-1.339,5.9038,-8.3688,0,0,1,2.0,continuing_hot,印制电路板|元件,148
blitz_1d_fast_feedback,formal_new_or_accel_or_mainline,final_2026,2026-03-17,1,sh600370,sh600370,9.676683467600371,2026-03-18,2026-03-19,1,1.8182,3.36,8.0357,8.0357,-2.0833,-2.6786,0,1,0,4.0,continuing_hot,化学纤维|涤纶,135
blitz_1d_fast_feedback,formal_new_or_accel_or_mainline,final_2026,2026-03-17,2,sh600691,sh600691,9.65815501830867,2026-03-18,2026-03-19,1,-2.3305,4.61,0.4338,-2.603,-7.1584,-10.1952,0,1,1,8.0,continuing_hot,氮肥,135
blitz_1d_fast_feedback,formal_new_or_accel_or_mainline,final_2026,2026-03-17,3,sh600227,sh600227,9.657352314471993,2026-03-18,2026-03-19,1,0.0,5.29,2.0794,-5.482,-11.7202,-13.9887,0,1,1,8.0,continuing_hot,氮肥,135
blitz_1d_fast_feedback,formal_new_or_accel_or_mainline,final_2026,2026-03-18,1,sz002565,sz002565,8.355981771887476,2026-03-19,2026-03-20,1,1.9741,16.53,5.7471,3.8113,-6.5941,-6.5941,0,1,1,13.0,new_hot,纸包装,192
blitz_1d_fast_feedback,formal_new_or_accel_or_mainline,final_2026,2026-03-18,2,sh600821,sh600821,7.787898519022588,2026-03-19,2026-03-20,1,-3.7321,10.06,14.3141,10.4374,6.4612,0.0,0,0,0,2.0,new_hot,东数西算,192
blitz_1d_fast_feedback,formal_new_or_accel_or_mainline,final_2026,2026-03-18,3,sh603803,sh603803,7.778354065084361,2026-03-19,2026-03-20,1,-0.6093,13.05,10.6513,6.5134,1.7625,0.0,0,0,0,1.0,new_hot,CPO概念|F5G概念|6G概念|边缘计算|通信设备,192
blitz_1d_fast_feedback,formal_new_or_accel_or_mainline,final_2026,2026-03-19,1,sh600726,sh600726,9.690938849067134,2026-03-20,2026-03-23,1,0.5976,5.05,9.3069,9.3069,5.3465,-1.5842,0,0,0,8.0,new_hot,火力发电,172
blitz_1d_fast_feedback,formal_new_or_accel_or_mainline,final_2026,2026-03-19,2,sh600396,sh600396,9.500527207578324,2026-03-20,2026-03-23,1,7.0299,6.09,2.7915,2.7915,13.1363,-8.3744,0,0,1,8.0,new_hot,火力发电,172
blitz_1d_fast_feedback,formal_new_or_accel_or_mainline,final_2026,2026-03-19,3,sh603366,sh603366,8.695614262798282,2026-03-20,2026-03-23,1,-1.3953,10.6,3.3019,0.4717,2.0755,-2.8302,0,0,0,5.0,continuing_hot,厨卫电器,172
blitz_1d_fast_feedback,formal_new_or_accel_or_mainline,final_2026,2026-03-20,1,sh600396,sh600396,10.857070494458839,2026-03-23,2026-03-24,1,6.23,6.65,3.609,3.609,13.985,-0.7519,0,0,0,7.0,continuing_hot,火力发电,145
blitz_1d_fast_feedback,formal_new_or_accel_or_mainline,final_2026,2026-03-20,2,sz002310,sz002310,10.635923273320337,2026-03-23,2026-03-24,1,4.023,3.62,5.8011,5.8011,4.6961,-4.6961,0,0,1,5.0,continuing_hot,光伏发电,145
blitz_1d_fast_feedback,formal_new_or_accel_or_mainline,final_2026,2026-03-20,3,sh600726,sh600726,10.07811206536628,2026-03-23,2026-03-24,1,-3.8043,5.31,7.3446,0.1883,5.2731,-9.7928,0,0,1,7.0,continuing_hot,火力发电,145
blitz_1d_fast_feedback,formal_new_or_accel_or_mainline,final_2026,2026-03-23,1,sh603687,sh603687,12.18046395403259,2026-03-24,2026-03-25,1,1.9009,15.01,2.7981,-1.7322,-0.0666,-9.6602,0,1,1,5.0,continuing_hot,钙钛矿电池|纸包装,112
blitz_1d_fast_feedback,formal_new_or_accel_or_mainline,final_2026,2026-03-23,2,sh603787,sh603787,11.419938018383773,2026-03-24,2026-03-25,1,7.4224,15.92,2.3869,-4.2085,-1.696,-8.3543,0,1,1,6.0,continuing_hot|new_hot,共享经济|摩托车及其他,112
blitz_1d_fast_feedback,formal_new_or_accel_or_mainline,final_2026,2026-03-23,3,sh603529,sh603529,11.153563818759888,2026-03-24,2026-03-25,1,-0.3214,31.01,4.9661,4.1599,4.4502,-1.6446,0,0,0,6.0,continuing_hot|new_hot,共享经济|摩托车及其他,112
blitz_1d_fast_feedback,formal_new_or_accel_or_mainline,final_2026,2026-03-24,1,sh600396,sh600396,9.612444771116813,2026-03-25,2026-03-26,1,5.8047,8.02,3.99,3.99,10.7232,-0.1247,0,0,0,1.0,continuing_hot,火力发电,214
blitz_1d_fast_feedback,formal_new_or_accel_or_mainline,final_2026,2026-03-24,2,sz000815,sz000815,9.445060854960845,2026-03-25,2026-03-26,1,1.216,20.81,8.6977,2.3066,-3.3157,-3.4118,0,1,1,12.0,continuing_hot,东数西算,214
blitz_1d_fast_feedback,formal_new_or_accel_or_mainline,final_2026,2026-03-24,3,sz000601,sz000601,9.373450615974555,2026-03-25,2026-03-26,1,6.5757,8.59,3.2596,3.2596,-6.0536,-6.0536,0,1,1,4.0,new_hot,生物质能发电|水力发电,214
blitz_1d_fast_feedback,formal_new_or_accel_or_mainline,final_2026,2026-03-25,1,sh603929,sh603929,9.20321128134848,2026-03-26,2026-03-27,1,1.1651,202.31,2.0513,-5.5904,-8.5018,-11.0276,0,1,1,5.0,continuing_hot,其他专业工程,180
blitz_1d_fast_feedback,formal_new_or_accel_or_mainline,final_2026,2026-03-25,2,sz000601,sz000601,9.054915998321816,2026-03-26,2026-03-27,1,0.2255,8.89,1.2373,-9.2238,-12.261,-13.6108,0,1,1,13.0,continuing_hot,生物质能发电,180
blitz_1d_fast_feedback,formal_new_or_accel_or_mainline,final_2026,2026-03-25,3,sh600032,sh600032,8.391141045633407,2026-03-26,2026-03-27,1,-1.9201,12.77,10.415,-1.2529,-8.3007,-10.1018,0,1,1,2.0,continuing_hot,抽水蓄能,180
blitz_1d_fast_feedback,formal_new_or_accel_or_mainline,final_2026,2026-03-26,1,sh603538,sh603538,10.343755728615458,2026-03-27,2026-03-30,1,6.4009,37.9,3.3773,3.3773,13.7203,-1.9261,0,0,0,4.0,continuing_hot,原料药,118
blitz_1d_fast_feedback,formal_new_or_accel_or_mainline,final_2026,2026-03-26,2,sz002192,sz002192,9.379949862341427,2026-03-27,2026-03-30,1,3.3705,73.3,6.412,6.412,11.8417,-0.7913,0,0,0,1.0,continuing_hot,锂|能源金属,118
blitz_1d_fast_feedback,formal_new_or_accel_or_mainline,final_2026,2026-03-26,3,sh600758,sh600758,9.346818706761114,2026-03-27,2026-03-30,1,-9.772,5.54,4.3321,-0.1805,-10.1083,-10.1083,0,1,1,13.0,continuing_hot,焦煤,118
blitz_1d_fast_feedback,formal_new_or_accel_or_mainline,final_2026,2026-03-27,1,sz002082,sz002082,9.66436836068305,2026-03-30,2026-03-31,1,2.9954,26.82,6.786,2.349,12.6025,-2.0134,0,0,0,7.0,new_hot,阿兹海默|化学制剂|肝炎概念,162
blitz_1d_fast_feedback,formal_new_or_accel_or_mainline,final_2026,2026-03-27,2,sh603538,sh603538,9.417441209083496,2026-03-30,2026-03-31,1,10.0051,43.1,0.0,0.0,-5.1044,-9.4664,1,1,1,3.0,continuing_hot|new_hot,减肥药|肝炎概念|原料药,162
blitz_1d_fast_feedback,formal_new_or_accel_or_mainline,final_2026,2026-03-27,3,sz002192,sz002192,9.200308731134971,2026-03-30,2026-03-31,1,6.8462,83.34,1.3199,-1.6319,-8.4713,-9.2873,0,1,1,1.0,continuing_hot|new_hot,能源金属|锂|锂矿概念,162
blitz_1d_fast_feedback,formal_new_or_accel_or_mainline,final_2026,2026-03-30,1,sz000720,sz000720,10.648556223471157,2026-03-31,2026-04-01,1,-6.6532,4.63,17.9266,17.9266,6.0475,-0.8639,0,0,0,3.0,new_hot,光纤概念,196
blitz_1d_fast_feedback,formal_new_or_accel_or_mainline,final_2026,2026-03-30,2,sh600539,sh600539,10.515408353020423,2026-03-31,2026-04-01,1,-2.7511,15.2,3.9474,-3.4868,-1.3158,-6.1184,0,1,1,15.0,new_hot,互联网电商,196
blitz_1d_fast_feedback,formal_new_or_accel_or_mainline,final_2026,2026-03-30,3,sz002309,sz002309,10.012104659455096,2026-03-31,2026-04-01,1,1.0504,4.81,6.237,2.7027,-5.8212,-7.0686,0,1,1,3.0,new_hot,光纤概念,196
blitz_1d_fast_feedback,formal_new_or_accel_or_mainline,final_2026,2026-03-31,1,sz002361,sz002361,9.169831800786161,2026-04-01,2026-04-02,1,3.0303,17.0,5.8824,0.0,1.7059,-5.8824,0,0,1,11.0,new_hot,磁悬浮概念,103
blitz_1d_fast_feedback,formal_new_or_accel_or_mainline,final_2026,2026-03-31,2,sz002565,sz002565,8.384085374402286,2026-04-01,2026-04-02,1,-0.1176,16.99,2.7075,-1.7069,-4.6498,-5.9447,0,1,1,12.0,continuing_hot,工业大麻,103
blitz_1d_fast_feedback,formal_new_or_accel_or_mainline,final_2026,2026-03-31,3,sh600528,sh600528,8.139633671190776,2026-04-01,2026-04-02,1,4.5802,9.59,0.1043,-10.5318,-9.6976,-13.0344,0,1,1,2.0,new_hot,交运设备|磁悬浮概念,103
blitz_1d_fast_feedback,formal_new_or_accel_or_mainline,final_2026,2026-04-01,1,sh600666,sh600666,9.867671791611356,2026-04-02,2026-04-03,1,0.0,6.27,6.0606,-1.5949,-6.2201,-8.134,0,1,1,15.0,new_hot,3D玻璃,153
blitz_1d_fast_feedback,formal_new_or_accel_or_mainline,final_2026,2026-04-01,2,sh600513,sh600513,9.81328867072194,2026-04-02,2026-04-03,1,-1.4521,29.86,8.071,2.9806,-7.3007,-7.3007,0,1,1,3.0,continuing_hot,化学制剂,153
blitz_1d_fast_feedback,formal_new_or_accel_or_mainline,final_2026,2026-04-01,3,sz002821,sz002821,9.783212956812799,2026-04-02,2026-04-03,1,1.7727,124.01,4.669,2.1289,-1.5725,-2.145,0,1,0,1.0,continuing_hot|new_hot,医疗研发外包|CRO|创新医疗服务|病原体防治,153
blitz_1d_fast_feedback,formal_new_or_accel_or_mainline,final_2026,2026-04-02,1,sz002038,sz002038,10.373192655930323,2026-04-03,2026-04-07,1,0.7018,8.61,9.1754,4.2973,-0.1161,-5.3426,0,1,1,5.0,continuing_hot|new_hot,肝素概念|减肥药|长寿药|肝炎概念|免疫治疗|辅助生殖,139
blitz_1d_fast_feedback,formal_new_or_accel_or_mainline,final_2026,2026-04-02,2,sz002432,sz002432,9.532836841720764,2026-04-03,2026-04-07,1,-1.4171,80.0,3.5,1.4125,3.575,-1.175,0,0,0,10.0,continuing_hot,精准诊断,139
blitz_1d_fast_feedback,formal_new_or_accel_or_mainline,final_2026,2026-04-02,3,sh601869,sh601869,9.206927369801953,2026-04-03,2026-04-07,1,1.9971,339.13,7.2244,3.9424,5.2989,-2.6922,0,0,0,1.0,continuing_hot,通信线缆及配套,139
blitz_1d_fast_feedback,formal_new_or_accel_or_mainline,final_2026,2026-04-03,1,sz000720,sz000720,10.09795597748139,2026-04-07,2026-04-08,1,9.4276,6.5,0.4615,0.4615,3.0769,-2.3077,0,0,0,2.0,continuing_hot,光纤概念,140
blitz_1d_fast_feedback,formal_new_or_accel_or_mainline,final_2026,2026-04-03,2,sz000950,sz000950,9.669689917271937,2026-04-07,2026-04-08,1,1.6807,7.26,2.0661,-1.6529,-9.0909,-10.4683,0,1,1,7.0,continuing_hot,医药流通|SPD概念|医药商业,140
blitz_1d_fast_feedback,formal_new_or_accel_or_mainline,final_2026,2026-04-03,3,sh603122,sh603122,9.478061180351443,2026-04-07,2026-04-08,1,-5.1639,19.1,15.9686,9.4764,4.0314,-5.0785,0,0,1,11.0,continuing_hot,SPD概念,140
blitz_1d_fast_feedback,formal_new_or_accel_or_mainline,final_2026,2026-04-07,1,sh605299,sh605299,9.561703981233668,2026-04-08,2026-04-09,1,-0.2602,23.0,4.2609,-5.8261,-5.3913,-10.4783,0,1,1,2.0,new_hot,娱乐用品|体育产业|文娱用品,155
blitz_1d_fast_feedback,formal_new_or_accel_or_mainline,final_2026,2026-04-07,2,sz002980,sz002980,8.744142912254127,2026-04-08,2026-04-09,1,8.4221,54.97,0.3456,-3.8385,1.2916,-9.587,0,0,1,13.0,continuing_hot,体外诊断概念,155
blitz_1d_fast_feedback,formal_new_or_accel_or_mainline,final_2026,2026-04-07,3,sz002432,sz002432,7.8105484894387835,2026-04-08,2026-04-09,1,1.9068,84.44,5.1634,3.7305,4.2279,-4.0739,0,0,1,13.0,continuing_hot,体外诊断概念,155
blitz_1d_fast_feedback,formal_new_or_accel_or_mainline,final_2026,2026-04-08,1,sz002980,sz002980,8.263615143784472,2026-04-09,2026-04-10,1,0.6432,53.2,7.8947,4.6617,-0.3571,-3.5714,0,1,1,5.0,new_hot,AI眼镜,241
blitz_1d_fast_feedback,formal_new_or_accel_or_mainline,final_2026,2026-04-08,2,sh603687,sh603687,7.747094647722132,2026-04-09,2026-04-10,1,-2.6498,16.9,9.7041,7.4556,-0.7692,-4.142,0,1,1,13.0,new_hot,AIGC概念,241
blitz_1d_fast_feedback,formal_new_or_accel_or_mainline,final_2026,2026-04-08,3,sz000818,sz000818,7.229245999768818,2026-04-09,2026-04-10,1,0.128,15.64,2.6215,-1.7903,-5.7545,-6.6496,0,1,1,1.0,continuing_hot|new_hot,光通信模块|英伟达概念,241
blitz_1d_fast_feedback,formal_new_or_accel_or_mainline,final_2026,2026-04-09,1,sz000586,sz000586,9.7621677336383,2026-04-10,2026-04-13,1,-2.1497,24.58,0.1221,-8.0146,-12.1237,-17.2091,0,1,1,2.0,continuing_hot,光纤概念|通信线缆及配套|通信设备,238
blitz_1d_fast_feedback,formal_new_or_accel_or_mainline,final_2026,2026-04-09,2,sz000720,sz000720,8.776547128821862,2026-04-10,2026-04-13,1,-3.6484,5.81,3.7866,-6.5404,-7.5731,-13.9415,0,1,1,2.0,continuing_hot,光纤概念,238
blitz_1d_fast_feedback,formal_new_or_accel_or_mainline,final_2026,2026-04-09,3,sz002491,sz002491,8.266211306746877,2026-04-10,2026-04-13,1,-3.8414,15.52,1.6753,-5.9923,-4.5103,-10.567,0,1,1,2.0,continuing_hot,光纤概念|光通信模块|通信线缆及配套|通信设备,238
blitz_1d_fast_feedback,formal_new_or_accel_or_mainline,final_2026,2026-04-10,1,sz002580,sz002580,8.88351079887482,2026-04-13,2026-04-14,1,2.4763,19.45,7.3522,7.3522,18.0977,-0.5141,0,0,0,7.0,continuing_hot|new_hot,蓄电池及其他电池|电池,109
blitz_1d_fast_feedback,formal_new_or_accel_or_mainline,final_2026,2026-04-10,2,sz001309,sz001309,8.827521845976364,2026-04-13,2026-04-14,1,0.7289,450.5,8.4351,6.879,10.9323,0.0,0,0,0,1.0,new_hot,数字芯片设计,109
blitz_1d_fast_feedback,formal_new_or_accel_or_mainline,final_2026,2026-04-10,3,sh603773,sh603773,8.530249363241582,2026-04-13,2026-04-14,1,-2.9207,41.88,8.405,5.0621,6.6858,0.0,0,0,0,5.0,new_hot,玻璃基板,109
blitz_1d_fast_feedback,formal_new_or_accel_or_mainline,final_2026,2026-04-13,1,sz002824,sz002824,5.870581873970794,2026-04-14,2026-04-15,1,1.9926,27.64,0.8683,-2.5687,7.1635,-3.5094,0,0,1,7.0,continuing_hot,刀片电池,141
blitz_1d_fast_feedback,formal_new_or_accel_or_mainline,final_2026,2026-04-13,2,sz002436,sz002436,5.6656325986490454,2026-04-14,2026-04-15,1,-1.0305,24.97,4.1249,0.9211,-1.0813,-1.6019,0,1,0,2.0,continuing_hot|new_hot,高带宽内存|PCB|元件,141
blitz_1d_fast_feedback,formal_new_or_accel_or_mainline,final_2026,2026-04-13,3,sz002124,sz002124,5.618949952835755,2026-04-14,2026-04-15,1,1.1583,2.62,8.7786,8.7786,19.8473,-1.9084,0,0,0,10.0,new_hot,生猪养殖|养殖业,141
blitz_1d_fast_feedback,tn12_s0.50_b0.10_c30_g0.18_preheat,final_2026,2026-01-05,1,sz002757,sz002757,6.172420123982342,2026-01-06,2026-01-07,1,9.9907,23.56,0.0,0.0,-8.2767,-8.2767,1,1,1,12.0,new_hot,VPN,32
blitz_1d_fast_feedback,tn12_s0.50_b0.10_c30_g0.18_preheat,final_2026,2026-01-05,2,sz002519,sz002519,5.712040224011669,2026-01-06,2026-01-07,1,7.2931,7.65,2.4837,2.4837,12.6797,-1.8301,0,0,0,9.0,new_hot,地面兵装Ⅱ,32
blitz_1d_fast_feedback,tn12_s0.50_b0.10_c30_g0.18_preheat,final_2026,2026-01-05,3,sh603122,sh603122,2.8287111666867895,2026-01-06,2026-01-07,1,0.8647,23.33,1.9717,-3.6434,-5.1865,-7.9726,0,1,1,14.0,new_hot,AI制药（医疗）,32
blitz_1d_fast_feedback,tn12_s0.50_b0.10_c30_g0.18_preheat,final_2026,2026-01-07,1,sz002195,sz002195,5.679536347544047,2026-01-08,2026-01-09,1,2.4364,9.67,7.3423,7.3423,7.0321,-2.6887,0,0,0,9.0,continuing_hot,AI芯片,109
blitz_1d_fast_feedback,tn12_s0.50_b0.10_c30_g0.18_preheat,final_2026,2026-01-07,2,sh603650,sh603650,5.325076701570682,2026-01-08,2026-01-09,1,7.9891,55.69,1.8675,1.8675,3.4656,-1.8136,0,0,0,3.0,new_hot,稀土永磁|光刻机(胶),109
blitz_1d_fast_feedback,tn12_s0.50_b0.10_c30_g0.18_preheat,final_2026,2026-01-07,3,sz000859,sz000859,5.2389741452520475,2026-01-08,2026-01-09,1,9.9678,13.68,0.0,-5.4825,-3.3626,-8.4795,1,1,1,10.0,new_hot,光刻机(胶),109
blitz_1d_fast_feedback,tn12_s0.50_b0.10_c30_g0.18_preheat,final_2026,2026-01-08,1,sz002324,sz002324,6.0025574848186265,2026-01-09,2026-01-12,1,6.661,24.98,2.7222,-8.727,-4.3235,-11.6493,0,1,1,7.0,continuing_hot,人脑工程|航母概念,27
blitz_1d_fast_feedback,tn12_s0.50_b0.10_c30_g0.18_preheat,final_2026,2026-01-08,2,sh600372,sh600372,4.968547954786217,2026-01-09,2026-01-12,1,4.9319,16.17,0.6803,-4.0816,2.1645,-5.8132,0,0,1,2.0,continuing_hot|new_hot,国防军工|航空装备Ⅱ|航天航空|航母概念,27
blitz_1d_fast_feedback,tn12_s0.50_b0.10_c30_g0.18_preheat,final_2026,2026-01-08,3,sh600435,sh600435,4.147318152084475,2026-01-09,2026-01-12,1,-2.373,20.57,7.5352,0.5348,6.3199,-1.4584,0,0,0,1.0,continuing_hot,地面兵装Ⅱ|国防军工|北斗导航|航母概念,27
blitz_1d_fast_feedback,tn12_s0.50_b0.10_c30_g0.18_preheat,final_2026,2026-01-13,1,sz002044,sz002044,6.346214668895456,2026-01-14,2026-01-15,1,9.9865,8.15,0.0,0.0,4.4172,-1.8405,1,0,0,1.0,continuing_hot|new_hot,医疗服务|医院|基因测序|精准医疗,47
blitz_1d_fast_feedback,tn12_s0.50_b0.10_c30_g0.18_preheat,final_2026,2026-01-13,2,sz000710,sz000710,5.554103182688674,2026-01-14,2026-01-15,1,0.8304,14.57,7.2752,2.9513,-7.3439,-7.3439,0,1,1,1.0,continuing_hot|new_hot,医疗服务|基因测序|辅助生殖|精准医疗,47
blitz_1d_fast_feedback,tn12_s0.50_b0.10_c30_g0.18_preheat,final_2026,2026-01-13,3,sz000516,sz000516,5.125826559230423,2026-01-14,2026-01-15,1,3.9076,5.85,5.812,5.812,-4.7863,-4.7863,0,1,1,1.0,new_hot,医疗服务|医院|辅助生殖|毛发医疗|免疫治疗,47
blitz_1d_fast_feedback,tn12_s0.50_b0.10_c30_g0.18_preheat,final_2026,2026-01-15,1,sz002049,sz002049,5.783748508791346,2026-01-16,2026-01-19,1,6.0099,91.9,0.0,-6.3765,-8.0522,-9.7388,1,1,1,8.0,new_hot,半导体|数字芯片设计|高带宽内存|存储芯片,61
blitz_1d_fast_feedback,tn12_s0.50_b0.10_c30_g0.18_preheat,final_2026,2026-01-15,2,sh603650,sh603650,5.272209105179287,2026-01-16,2026-01-19,1,4.3696,62.58,3.4995,-1.0067,-3.4036,-3.931,0,1,1,13.0,new_hot,存储芯片,61
blitz_1d_fast_feedback,tn12_s0.50_b0.10_c30_g0.18_preheat,final_2026,2026-01-15,3,sh600389,sh600389,5.201885075127552,2026-01-16,2026-01-19,1,-0.2379,25.16,0.159,-4.0143,3.2989,-4.1733,0,0,1,9.0,new_hot,草甘膦|农药,61
blitz_1d_fast_feedback,tn12_s0.50_b0.10_c30_g0.18_preheat,final_2026,2026-01-16,1,sh603283,sh603283,6.240395095838056,2026-01-19,2026-01-20,1,3.8266,51.01,5.94,4.8618,2.725,-0.0196,0,0,0,4.0,continuing_hot|new_hot,碳化硅|存储芯片|工控设备|自动化设备|第三代半导体,23
blitz_1d_fast_feedback,tn12_s0.50_b0.10_c30_g0.18_preheat,final_2026,2026-01-16,2,sh605288,sh605288,4.662791178977424,2026-01-19,2026-01-20,1,1.9373,116.81,8.2784,5.9841,5.0766,-2.5768,0,0,0,13.0,new_hot,工控设备|自动化设备,23
blitz_1d_fast_feedback,tn12_s0.50_b0.10_c30_g0.18_preheat,final_2026,2026-01-16,3,sz001223,sz001223,4.629947761044527,2026-01-19,2026-01-20,1,0.0173,57.96,1.6218,-2.1049,-3.3644,-5.107,0,1,1,14.0,new_hot,自动化设备,23
blitz_1d_fast_feedback,tn12_s0.50_b0.10_c30_g0.18_preheat,final_2026,2026-01-19,1,sh600593,sh600593,7.687845141830637,2026-01-20,2026-01-21,1,-0.0206,48.52,7.9967,3.38,1.0717,-3.0091,0,0,1,13.0,new_hot,旅游酒店|旅游及景区,47
blitz_1d_fast_feedback,tn12_s0.50_b0.10_c30_g0.18_preheat,final_2026,2026-01-19,2,sh603199,sh603199,7.214684303769494,2026-01-20,2026-01-21,1,0.0,43.25,5.6185,3.1445,-1.2023,-1.5029,0,1,0,13.0,new_hot,旅游酒店|旅游及景区,47
blitz_1d_fast_feedback,tn12_s0.50_b0.10_c30_g0.18_preheat,final_2026,2026-01-19,3,sh603115,sh603115,6.604709845125276,2026-01-20,2026-01-21,1,-1.0314,23.99,3.9183,-1.7924,0.2084,-4.0434,0,0,1,10.0,new_hot,被动元件,47
blitz_1d_fast_feedback,tn12_s0.50_b0.10_c30_g0.18_preheat,final_2026,2026-01-20,1,sh600955,sh600955,7.451167286007512,2026-01-21,2026-01-22,1,6.7994,21.99,0.0,-5.0477,-9.4588,-10.2774,1,1,1,3.0,new_hot,环氧丙烷|其他化学原料|化工原料,84
blitz_1d_fast_feedback,tn12_s0.50_b0.10_c30_g0.18_preheat,final_2026,2026-01-20,2,sh600230,sh600230,7.233460669539772,2026-01-21,2026-01-22,1,9.9174,19.95,0.1003,-3.1579,-10.9774,-12.9323,0,1,1,5.0,new_hot,聚氨酯|化工原料,84
blitz_1d_fast_feedback,tn12_s0.50_b0.10_c30_g0.18_preheat,final_2026,2026-01-20,3,sz003035,sz003035,7.019633499703179,2026-01-21,2026-01-22,1,1.9538,5.74,7.6655,2.0906,-2.439,-3.1359,0,1,1,8.0,new_hot,电能综合服务,84
blitz_1d_fast_feedback,tn12_s0.50_b0.10_c30_g0.18_preheat,final_2026,2026-01-21,1,sz002290,sz002290,7.161996531996151,2026-01-22,2026-01-23,1,4.7173,67.04,2.3568,-4.3407,-11.0979,-12.8282,0,1,1,10.0,new_hot,AI芯片,24
blitz_1d_fast_feedback,tn12_s0.50_b0.10_c30_g0.18_preheat,final_2026,2026-01-21,2,sz002782,sz002782,6.25685452714604,2026-01-22,2026-01-23,1,-1.3573,22.53,2.3524,0.2219,-0.2663,-2.9738,0,1,0,12.0,new_hot,其他电子Ⅱ,24
blitz_1d_fast_feedback,tn12_s0.50_b0.10_c30_g0.18_preheat,final_2026,2026-01-21,3,sz002885,sz002885,5.702508634844108,2026-01-22,2026-01-23,1,-0.1337,29.87,0.4017,-2.1091,-0.9039,-2.6448,0,1,0,12.0,new_hot,其他电子Ⅱ,24
blitz_1d_fast_feedback,tn12_s0.50_b0.10_c30_g0.18_preheat,final_2026,2026-01-22,1,sz002141,sz002141,6.016294422789411,2026-01-23,2026-01-26,1,9.0692,4.57,0.0,-8.3151,-5.6893,-12.6915,1,1,1,7.0,new_hot,PCB|动物保健Ⅱ,53
blitz_1d_fast_feedback,tn12_s0.50_b0.10_c30_g0.18_preheat,final_2026,2026-01-22,2,sh600871,sh600871,5.956034087317918,2026-01-23,2026-01-26,1,-0.3846,2.59,3.0888,1.5444,4.2471,-0.7722,0,0,0,4.0,new_hot,油服工程|油田服务|石油石化|油气设服,53
blitz_1d_fast_feedback,tn12_s0.50_b0.10_c30_g0.18_preheat,final_2026,2026-01-22,3,sz000968,sz000968,5.9369469065998475,2026-01-23,2026-01-26,1,0.0,8.1,2.0988,-1.8519,3.3333,-2.4691,0,0,0,12.0,new_hot,石油石化,53
blitz_1d_fast_feedback,tn12_s0.50_b0.10_c30_g0.18_preheat,final_2026,2026-01-23,1,sh600078,sh600078,5.812019059036408,2026-01-26,2026-01-27,1,3.5275,12.62,6.2599,6.2599,7.29,-0.0792,0,0,0,15.0,new_hot,磷肥及磷化工,8
blitz_1d_fast_feedback,tn12_s0.50_b0.10_c30_g0.18_preheat,final_2026,2026-01-23,2,sh603077,sh603077,4.884101915962906,2026-01-26,2026-01-27,1,-1.8657,2.63,3.0418,-2.6616,-2.6616,-4.943,0,1,1,2.0,new_hot,HJT电池|磷肥及磷化工,8
blitz_1d_fast_feedback,tn12_s0.50_b0.10_c30_g0.18_preheat,final_2026,2026-01-23,3,sz002312,sz002312,4.393950135498883,2026-01-26,2026-01-27,1,-0.5495,12.67,0.9471,-1.1839,-2.2889,-3.7096,0,1,1,15.0,new_hot,磷肥及磷化工,8
blitz_1d_fast_feedback,tn12_s0.50_b0.10_c30_g0.18_preheat,final_2026,2026-01-26,1,sz002165,sz002165,7.230149234977416,2026-01-27,2026-01-28,1,-4.0367,10.46,3.8241,-2.3901,2.2945,-5.3537,0,0,1,4.0,continuing_hot,聚氨酯|环氧丙烷,47
blitz_1d_fast_feedback,tn12_s0.50_b0.10_c30_g0.18_preheat,final_2026,2026-01-26,2,sh600078,sh600078,7.069427444656213,2026-01-27,2026-01-28,1,-2.3117,13.1,5.9542,3.3588,3.8931,-1.4504,0,0,0,14.0,continuing_hot,磷肥及磷化工,47
blitz_1d_fast_feedback,tn12_s0.50_b0.10_c30_g0.18_preheat,final_2026,2026-01-26,3,sz002809,sz002809,7.054058540100624,2026-01-27,2026-01-28,1,-5.7042,13.39,2.0911,-0.8215,0.3734,-4.5556,0,0,1,12.0,continuing_hot,环氧丙烷,47
blitz_1d_fast_feedback,tn12_s0.50_b0.10_c30_g0.18_preheat,final_2026,2026-01-27,1,sz002119,sz002119,6.5713161347724665,2026-01-28,2026-01-29,1,6.8687,26.45,2.949,2.949,-3.1758,-3.9319,0,1,1,3.0,continuing_hot|new_hot,半导体|半导体材料|存储芯片,60
blitz_1d_fast_feedback,tn12_s0.50_b0.10_c30_g0.18_preheat,final_2026,2026-01-27,2,sz002636,sz002636,6.124690538689988,2026-01-28,2026-01-29,1,-0.7848,26.55,1.4689,-0.4896,-7.2693,-7.4576,0,1,1,14.0,continuing_hot,印制电路板,60
blitz_1d_fast_feedback,tn12_s0.50_b0.10_c30_g0.18_preheat,final_2026,2026-01-27,3,sz002185,sz002185,6.075814055991732,2026-01-28,2026-01-29,1,2.9332,15.09,4.7051,0.729,-1.9218,-2.0543,0,1,0,1.0,continuing_hot|new_hot,集成电路封测|半导体|先进封装|存储芯片|氮化镓,60
blitz_1d_fast_feedback,tn12_s0.50_b0.10_c30_g0.18_preheat,final_2026,2026-01-30,1,sh600740,sh600740,6.702484794141993,2026-02-02,2026-02-03,1,-4.9569,4.41,5.2154,0.2268,0.6803,-0.6803,0,0,0,10.0,new_hot,焦炭Ⅱ,14
blitz_1d_fast_feedback,tn12_s0.50_b0.10_c30_g0.18_preheat,final_2026,2026-01-30,2,sh601015,sh601015,6.510110869812242,2026-02-02,2026-02-03,1,-5.8952,4.31,3.2483,-4.4084,-2.5522,-4.4084,0,1,1,10.0,new_hot,焦炭Ⅱ,14
blitz_1d_fast_feedback,tn12_s0.50_b0.10_c30_g0.18_preheat,final_2026,2026-01-30,3,sh600330,sh600330,6.447453644742574,2026-02-02,2026-02-03,1,1.6224,13.78,7.402,1.5965,11.7562,-2.0319,0,0,0,8.0,new_hot,电子化学品Ⅱ,14
blitz_1d_fast_feedback,tn12_s0.50_b0.10_c30_g0.18_preheat,final_2026,2026-02-02,1,sh603697,sh603697,6.049717835610062,2026-02-03,2026-02-04,1,-0.8124,13.43,1.8615,0.1489,2.6061,-2.1593,0,0,0,13.0,new_hot,零食,20
blitz_1d_fast_feedback,tn12_s0.50_b0.10_c30_g0.18_preheat,final_2026,2026-02-02,2,sz000711,sz000711,5.461350973017677,2026-02-03,2026-02-04,1,4.9327,2.34,0.0,0.0,5.1282,-2.5641,1,0,0,12.0,new_hot,综合环境治理,20
blitz_1d_fast_feedback,tn12_s0.50_b0.10_c30_g0.18_preheat,final_2026,2026-02-02,3,sz002557,sz002557,3.743178660050932,2026-02-03,2026-02-04,1,-0.0417,23.95,1.5031,-1.5031,-1.0438,-2.7975,0,1,0,13.0,new_hot,零食,20
blitz_1d_fast_feedback,tn12_s0.50_b0.10_c30_g0.18_preheat,final_2026,2026-02-05,1,sz002627,sz002627,6.673295010407773,2026-02-06,2026-02-09,1,-0.3996,9.97,0.0,-5.4162,-5.8175,-7.7232,1,1,1,7.0,new_hot,旅游综合|旅游及景区|旅游酒店,68
blitz_1d_fast_feedback,tn12_s0.50_b0.10_c30_g0.18_preheat,final_2026,2026-02-05,2,sz000056,sz000056,6.628201791543915,2026-02-06,2026-02-09,1,1.9324,2.11,8.0569,8.0569,3.7915,-0.4739,0,0,0,9.0,new_hot,物业管理,68
blitz_1d_fast_feedback,tn12_s0.50_b0.10_c30_g0.18_preheat,final_2026,2026-02-05,3,sh601187,sh601187,6.407868815398906,2026-02-06,2026-02-09,1,2.9004,8.16,1.1029,-4.5343,-3.3088,-5.3922,0,1,1,14.0,new_hot,银行,68
blitz_1d_fast_feedback,tn12_s0.50_b0.10_c30_g0.18_preheat,final_2026,2026-02-06,1,sz002412,sz002412,7.631219440768289,2026-02-09,2026-02-10,1,2.2398,7.76,7.6031,3.3505,3.3505,-0.6443,0,0,0,8.0,new_hot,肝炎概念,26
blitz_1d_fast_feedback,tn12_s0.50_b0.10_c30_g0.18_preheat,final_2026,2026-02-06,2,sz002099,sz002099,7.022007113711335,2026-02-09,2026-02-10,1,9.9867,8.26,0.0,0.0,1.4528,-5.2058,1,0,1,8.0,new_hot,肝炎概念|化工原料,26
blitz_1d_fast_feedback,tn12_s0.50_b0.10_c30_g0.18_preheat,final_2026,2026-02-06,3,sh600722,sh600722,6.546285234701386,2026-02-09,2026-02-10,1,4.1667,9.0,5.5556,5.5556,4.4444,-1.5556,0,0,0,10.0,new_hot,煤化工,26
blitz_1d_fast_feedback,tn12_s0.50_b0.10_c30_g0.18_preheat,final_2026,2026-02-11,1,sz001217,sz001217,6.770678168080486,2026-02-12,2026-02-13,1,-5.9459,15.66,5.3001,-0.7024,-6.1303,-7.4713,0,1,1,10.0,new_hot,化学原料,45
blitz_1d_fast_feedback,tn12_s0.50_b0.10_c30_g0.18_preheat,final_2026,2026-02-11,2,sh600722,sh600722,6.308159004895439,2026-02-12,2026-02-13,1,-4.5455,9.87,3.3435,-5.6738,-10.3343,-11.0436,0,1,1,8.0,continuing_hot|new_hot,煤化工|化学原料,45
blitz_1d_fast_feedback,tn12_s0.50_b0.10_c30_g0.18_preheat,final_2026,2026-02-11,3,sz000510,sz000510,5.990070376135471,2026-02-12,2026-02-13,1,-1.0316,16.31,10.3617,7.6027,4.2305,-0.0613,0,0,0,10.0,new_hot,化学原料,45
blitz_1d_fast_feedback,tn12_s0.50_b0.10_c30_g0.18_preheat,final_2026,2026-02-12,1,sz000815,sz000815,5.4588516454991405,2026-02-13,2026-02-23,1,-1.0897,15.43,2.5924,-4.407,-2.5924,-4.731,0,1,1,3.0,continuing_hot|new_hot,东数西算|国资云概念,22
blitz_1d_fast_feedback,tn12_s0.50_b0.10_c30_g0.18_preheat,final_2026,2026-02-12,2,sz000070,sz000070,5.059445883551264,2026-02-13,2026-02-23,1,-2.5641,19.0,5.2105,-7.6316,-6.6842,-7.6316,0,1,1,2.0,climax_hot|continuing_hot|new_hot,通信线缆及配套|东数西算|光纤概念|国资云概念,22
blitz_1d_fast_feedback,tn12_s0.50_b0.10_c30_g0.18_preheat,final_2026,2026-02-12,3,sh600685,sh600685,4.395257684725057,2026-02-13,2026-02-23,1,-0.2816,35.41,4.7727,1.638,-3.5583,-7.1449,0,1,1,8.0,new_hot,航海装备Ⅱ|船舶制造,22
blitz_1d_fast_feedback,tn12_s0.50_b0.10_c30_g0.18_preheat,final_2026,2026-02-13,1,sh605007,sh605007,6.632936050025576,2026-02-23,2026-02-24,1,-14.2422,14.09,3.0518,1.9163,11.1427,-0.4968,0,0,0,9.0,new_hot,特种纸|造纸|造纸印刷,7
blitz_1d_fast_feedback,tn12_s0.50_b0.10_c30_g0.18_preheat,final_2026,2026-02-13,2,sz002012,sz002012,5.551237416777878,2026-02-23,2026-02-24,1,-4.5267,6.96,10.2011,6.1782,6.0345,-0.5747,0,0,0,9.0,new_hot,特种纸|造纸|造纸印刷,7
blitz_1d_fast_feedback,tn12_s0.50_b0.10_c30_g0.18_preheat,final_2026,2026-02-13,3,sz002235,sz002235,5.356702266345934,2026-02-23,2026-02-24,1,1.3183,10.76,2.4164,0.1859,-2.5093,-3.5316,0,1,1,9.0,new_hot,特种纸|造纸|知识产权|造纸印刷,7
blitz_1d_fast_feedback,tn12_s0.50_b0.10_c30_g0.18_preheat,final_2026,2026-02-24,1,sh603618,sh603618,7.313225211647265,2026-02-25,2026-02-26,1,0.0633,15.81,3.0993,-4.2378,4.3643,-6.3884,0,0,1,4.0,continuing_hot|new_hot,光纤概念|抽水蓄能|光通信模块|特高压,43
blitz_1d_fast_feedback,tn12_s0.50_b0.10_c30_g0.18_preheat,final_2026,2026-02-24,2,sh601869,sh601869,7.021590970605445,2026-02-25,2026-02-26,1,2.2451,240.0,2.0333,-4.7708,-1.5833,-8.9542,0,1,1,4.0,continuing_hot|new_hot,光纤概念|通信线缆及配套|光通信模块,43
blitz_1d_fast_feedback,tn12_s0.50_b0.10_c30_g0.18_preheat,final_2026,2026-02-24,3,sh600330,sh600330,6.629991769792127,2026-02-25,2026-02-26,1,2.8446,18.8,0.0532,-7.3404,-6.5957,-7.9255,0,1,1,9.0,new_hot,PCB|光通信模块,43
blitz_1d_fast_feedback,tn12_s0.50_b0.10_c30_g0.18_preheat,final_2026,2026-02-25,1,sz000636,sz000636,7.786388927206066,2026-02-26,2026-02-27,1,-1.5929,25.33,4.8954,1.5792,2.6451,-2.4477,0,0,0,6.0,continuing_hot,被动元件|元件,35
blitz_1d_fast_feedback,tn12_s0.50_b0.10_c30_g0.18_preheat,final_2026,2026-02-25,2,sh600227,sh600227,6.652729187331793,2026-02-26,2026-02-27,1,0.0,2.95,4.7458,-3.0508,-2.3729,-4.0678,0,1,1,12.0,new_hot,氮肥,35
blitz_1d_fast_feedback,tn12_s0.50_b0.10_c30_g0.18_preheat,final_2026,2026-02-25,3,sh603115,sh603115,5.863185467113456,2026-02-26,2026-02-27,1,0.0,28.47,0.2107,-0.3864,-1.1591,-3.5827,0,1,1,6.0,continuing_hot,被动元件|元件,35
blitz_1d_fast_feedback,tn12_s0.50_b0.10_c30_g0.18_preheat,final_2026,2026-02-26,1,sz001896,sz001896,8.222819023882332,2026-02-27,2026-03-02,1,5.2762,12.77,4.4636,4.4636,10.7283,-1.8011,0,0,0,5.0,continuing_hot|new_hot,地热能|超超临界发电|抽水蓄能|火力发电,179
blitz_1d_fast_feedback,tn12_s0.50_b0.10_c30_g0.18_preheat,final_2026,2026-02-26,2,sz002008,sz002008,7.8083303932099595,2026-02-27,2026-03-02,1,0.0,69.72,5.0057,3.7005,7.0281,-1.4343,0,0,0,3.0,continuing_hot,光纤概念|PCB,179
blitz_1d_fast_feedback,tn12_s0.50_b0.10_c30_g0.18_preheat,final_2026,2026-02-26,3,sz002916,sz002916,7.370494604993928,2026-02-27,2026-03-02,1,-2.1197,283.99,1.4824,0.5176,2.0353,-2.5283,0,0,0,1.0,continuing_hot|new_hot,印制电路板|元件|PCB,179
blitz_1d_fast_feedback,tn12_s0.50_b0.10_c30_g0.18_preheat,final_2026,2026-02-27,1,sz002756,sz002756,6.752049930383258,2026-03-02,2026-03-03,1,1.849,66.1,2.5265,-0.8623,-0.4387,-3.6611,0,1,1,11.0,continuing_hot,能源金属|锂,16
blitz_1d_fast_feedback,tn12_s0.50_b0.10_c30_g0.18_preheat,final_2026,2026-02-27,2,sh603318,sh603318,5.801618313980087,2026-03-02,2026-03-03,1,4.7382,8.4,5.0,5.0,15.4762,-1.5476,0,0,0,15.0,new_hot,氦气概念,16
blitz_1d_fast_feedback,tn12_s0.50_b0.10_c30_g0.18_preheat,final_2026,2026-02-27,3,sz002240,sz002240,5.141746866876863,2026-03-02,2026-03-03,1,-1.103,42.14,0.4746,-3.346,-6.5259,-7.0954,0,1,1,11.0,continuing_hot,能源金属|锂,16
blitz_1d_fast_feedback,tn12_s0.50_b0.10_c30_g0.18_preheat,final_2026,2026-03-02,1,sz000070,sz000070,5.2452107053487085,2026-03-03,2026-03-04,1,0.0,19.66,2.4924,-6.1038,-2.2889,-9.9695,0,1,1,13.0,continuing_hot,通信线缆及配套,14
blitz_1d_fast_feedback,tn12_s0.50_b0.10_c30_g0.18_preheat,final_2026,2026-03-02,2,sz002491,sz002491,4.722984413710455,2026-03-03,2026-03-04,1,4.4964,11.62,5.2496,5.2496,8.864,-5.2496,0,0,1,13.0,continuing_hot,通信线缆及配套,14
blitz_1d_fast_feedback,tn12_s0.50_b0.10_c30_g0.18_preheat,final_2026,2026-03-02,3,sh600487,sh600487,4.669245072474553,2026-03-03,2026-03-04,1,0.9476,50.07,1.7775,-5.0929,-3.3753,-8.1486,0,1,1,13.0,continuing_hot,通信线缆及配套,14
blitz_1d_fast_feedback,tn12_s0.50_b0.10_c30_g0.18_preheat,final_2026,2026-03-03,1,sh601015,sh601015,5.556581557927957,2026-03-04,2026-03-05,1,2.6362,5.84,0.5137,-7.5342,-12.8425,-15.7534,0,1,1,5.0,new_hot,焦炭Ⅱ|煤炭,32
blitz_1d_fast_feedback,tn12_s0.50_b0.10_c30_g0.18_preheat,final_2026,2026-03-03,2,sh600403,sh600403,4.982338670354585,2026-03-04,2026-03-05,1,-1.6497,7.75,0.0,-5.8065,-8.7742,-12.7742,1,1,1,9.0,new_hot,煤炭|动力煤,32
blitz_1d_fast_feedback,tn12_s0.50_b0.10_c30_g0.18_preheat,final_2026,2026-03-03,3,sh600792,sh600792,4.26690372854229,2026-03-04,2026-03-05,1,-5.7196,5.11,0.1957,-4.501,-5.0881,-9.7847,0,1,1,5.0,new_hot,焦炭Ⅱ|煤炭,32
blitz_1d_fast_feedback,tn12_s0.50_b0.10_c30_g0.18_preheat,final_2026,2026-03-04,1,sz002272,sz002272,6.364376979181428,2026-03-05,2026-03-06,1,6.2174,22.38,0.983,-6.1215,-7.1939,-8.9812,0,1,1,9.0,new_hot,特高压,91
blitz_1d_fast_feedback,tn12_s0.50_b0.10_c30_g0.18_preheat,final_2026,2026-03-04,2,sz002498,sz002498,5.813632268447118,2026-03-05,2026-03-06,1,9.7171,8.92,0.2242,0.2242,10.2018,-0.2242,0,0,0,2.0,new_hot,线缆部件及其他|电网设备|特高压,91
blitz_1d_fast_feedback,tn12_s0.50_b0.10_c30_g0.18_preheat,final_2026,2026-03-04,3,sh603618,sh603618,5.368282742230742,2026-03-05,2026-03-06,1,3.4483,21.3,4.2254,-2.2535,-10.0,-10.4225,0,1,1,2.0,continuing_hot|new_hot,线缆部件及其他|电网设备|特高压|抽水蓄能,91
blitz_1d_fast_feedback,tn12_s0.50_b0.10_c30_g0.18_preheat,final_2026,2026-03-05,1,sz002471,sz002471,5.57616282830763,2026-03-06,2026-03-09,1,-0.1106,9.03,2.8793,1.1074,6.6445,-2.1041,0,0,0,2.0,continuing_hot,电网设备|线缆部件及其他,28
blitz_1d_fast_feedback,tn12_s0.50_b0.10_c30_g0.18_preheat,final_2026,2026-03-05,2,sz002498,sz002498,5.236080251979197,2026-03-06,2026-03-09,1,6.7114,9.54,3.0398,3.0398,4.4025,-1.5723,0,0,0,2.0,continuing_hot,电网设备|线缆部件及其他,28
blitz_1d_fast_feedback,tn12_s0.50_b0.10_c30_g0.18_preheat,final_2026,2026-03-05,3,sh603530,sh603530,5.127187054804166,2026-03-06,2026-03-09,1,-0.5457,71.08,2.0259,0.1688,-3.5734,-7.2876,0,1,1,2.0,continuing_hot,电网设备|线缆部件及其他,28
blitz_1d_fast_feedback,tn12_s0.50_b0.10_c30_g0.18_preheat,final_2026,2026-03-09,1,sh600821,sh600821,7.534912510593898,2026-03-10,2026-03-11,1,10.0423,10.41,0.0,-7.2046,-5.0913,-13.0644,1,1,1,9.0,new_hot,光伏发电,11
blitz_1d_fast_feedback,tn12_s0.50_b0.10_c30_g0.18_preheat,final_2026,2026-03-09,2,sz002480,sz002480,5.355848212739275,2026-03-10,2026-03-11,1,-0.1495,6.68,8.982,3.8922,4.7904,0.0,0,0,0,9.0,new_hot,光伏发电,11
blitz_1d_fast_feedback,tn12_s0.50_b0.10_c30_g0.18_preheat,final_2026,2026-03-09,3,sz002310,sz002310,5.345674568220364,2026-03-10,2026-03-11,1,-0.3953,2.52,1.9841,0.3968,2.7778,-2.381,0,0,0,9.0,new_hot,光伏发电,11
blitz_1d_fast_feedback,tn12_s0.50_b0.10_c30_g0.18_preheat,final_2026,2026-03-10,1,sh600135,sh600135,6.573507867373856,2026-03-11,2026-03-12,1,-2.8933,10.74,2.6071,2.4209,4.0968,-1.0242,0,0,0,12.0,new_hot,膜材料,11
blitz_1d_fast_feedback,tn12_s0.50_b0.10_c30_g0.18_preheat,final_2026,2026-03-10,2,sz002632,sz002632,5.324742755304382,2026-03-11,2026-03-12,1,0.2933,13.68,1.7544,1.0965,0.0731,-2.1199,0,0,0,11.0,continuing_hot|new_hot,柔性屏(折叠屏)|膜材料,11
blitz_1d_fast_feedback,tn12_s0.50_b0.10_c30_g0.18_preheat,final_2026,2026-03-10,3,sz000920,sz000920,4.890624494465789,2026-03-11,2026-03-12,1,1.0036,14.09,2.9099,2.9099,-0.1419,-1.7743,0,1,0,12.0,new_hot,膜材料,11
blitz_1d_fast_feedback,tn12_s0.50_b0.10_c30_g0.18_preheat,final_2026,2026-03-11,1,sz002015,sz002015,6.112542811160228,2026-03-12,2026-03-13,1,2.9866,20.0,6.8,6.8,11.4,-2.5,0,0,0,12.0,new_hot,抽水蓄能,88
blitz_1d_fast_feedback,tn12_s0.50_b0.10_c30_g0.18_preheat,final_2026,2026-03-11,2,sz002733,sz002733,5.974864706521412,2026-03-12,2026-03-13,1,-3.8817,26.0,0.6923,-1.2308,5.2692,-6.0,0,0,1,6.0,new_hot,蓄电池及其他电池|刀片电池|电池,88
blitz_1d_fast_feedback,tn12_s0.50_b0.10_c30_g0.18_preheat,final_2026,2026-03-11,3,sh600726,sh600726,5.792476517631389,2026-03-12,2026-03-13,1,3.1161,3.64,6.5934,6.5934,17.3077,0.0,0,0,0,9.0,new_hot,火力发电,88
blitz_1d_fast_feedback,tn12_s0.50_b0.10_c30_g0.18_preheat,final_2026,2026-03-12,1,sh601015,sh601015,5.084296587733852,2026-03-13,2026-03-16,1,1.5474,5.25,4.0,-0.1905,-5.1429,-6.4762,0,1,1,3.0,new_hot,煤炭|煤化工概念|焦炭Ⅱ,7
blitz_1d_fast_feedback,tn12_s0.50_b0.10_c30_g0.18_preheat,final_2026,2026-03-12,2,sh600792,sh600792,3.3098364879607995,2026-03-13,2026-03-16,1,-0.3984,5.0,2.8,-1.2,-4.8,-5.8,0,1,1,3.0,new_hot,煤炭|煤化工概念|焦炭Ⅱ,7
blitz_1d_fast_feedback,tn12_s0.50_b0.10_c30_g0.18_preheat,final_2026,2026-03-12,3,sh601011,sh601011,2.87160440855789,2026-03-13,2026-03-16,1,0.2618,3.83,3.1332,-0.7833,-4.1775,-4.6997,0,1,1,3.0,new_hot,煤炭|煤化工概念|焦炭Ⅱ,7
blitz_1d_fast_feedback,tn12_s0.50_b0.10_c30_g0.18_preheat,final_2026,2026-03-13,1,sh603659,sh603659,6.545720267478549,2026-03-16,2026-03-17,1,1.1416,32.78,1.4338,-1.5863,-6.1013,-6.3453,0,1,1,8.0,continuing_hot|new_hot,电池化学品|电池,32
blitz_1d_fast_feedback,tn12_s0.50_b0.10_c30_g0.18_preheat,final_2026,2026-03-13,2,sh600847,sh600847,6.071385129454065,2026-03-16,2026-03-17,1,-0.9671,15.36,1.5625,-5.6641,-8.2031,-9.0495,0,1,1,6.0,continuing_hot,蓄电池及其他电池|电池,32
blitz_1d_fast_feedback,tn12_s0.50_b0.10_c30_g0.18_preheat,final_2026,2026-03-13,3,sz002733,sz002733,5.8333418062124895,2026-03-16,2026-03-17,1,-0.3654,27.27,3.3737,3.3737,-4.6205,-5.7939,0,1,1,6.0,continuing_hot,蓄电池及其他电池|电池,32
blitz_1d_fast_feedback,tn12_s0.50_b0.10_c30_g0.18_preheat,final_2026,2026-03-17,1,sh603387,sh603387,7.741308765074006,2026-03-18,2026-03-19,1,3.2839,9.75,6.4615,6.4615,4.6154,-0.3077,0,0,0,14.0,new_hot,体外诊断,4
blitz_1d_fast_feedback,tn12_s0.50_b0.10_c30_g0.18_preheat,final_2026,2026-03-17,2,sz002086,sz002086,5.6789004278572515,2026-03-18,2026-03-19,1,0.0,2.52,0.3968,-3.1746,-8.7302,-9.127,0,1,1,14.0,new_hot,体外诊断,4
blitz_1d_fast_feedback,tn12_s0.50_b0.10_c30_g0.18_preheat,final_2026,2026-03-17,3,sz002432,sz002432,5.223419730406583,2026-03-18,2026-03-19,1,-0.2018,54.39,10.2225,10.2225,21.2539,-0.6803,0,0,0,14.0,new_hot,体外诊断,4
blitz_1d_fast_feedback,tn12_s0.50_b0.10_c30_g0.18_preheat,final_2026,2026-03-19,1,sh600666,sh600666,7.694945153199278,2026-03-20,2026-03-23,1,0.0,4.88,0.0,-10.041,-10.6557,-11.8852,1,1,1,10.0,new_hot,3D玻璃|蓝宝石,6
blitz_1d_fast_feedback,tn12_s0.50_b0.10_c30_g0.18_preheat,final_2026,2026-03-19,2,sz000988,sz000988,5.0967482868763785,2026-03-20,2026-03-23,1,2.5835,123.09,2.1691,-5.695,-7.921,-9.5784,0,1,1,10.0,continuing_hot|new_hot,3D玻璃|F5G概念|蓝宝石,6
blitz_1d_fast_feedback,tn12_s0.50_b0.10_c30_g0.18_preheat,final_2026,2026-03-19,3,sh603773,sh603773,5.031071824127455,2026-03-20,2026-03-23,1,1.2821,38.71,2.0408,-4.7275,-5.7091,-9.2999,0,1,1,10.0,new_hot,3D玻璃,6
blitz_1d_fast_feedback,tn12_s0.50_b0.10_c30_g0.18_preheat,final_2026,2026-03-20,1,sz002812,sz002812,6.336984542593939,2026-03-23,2026-03-24,1,-2.0105,65.31,4.6853,1.0565,1.9599,-4.1494,0,0,1,6.0,new_hot,电池|电池化学品|宁组合,13
blitz_1d_fast_feedback,tn12_s0.50_b0.10_c30_g0.18_preheat,final_2026,2026-03-20,2,sh603806,sh603806,6.00536519338862,2026-03-23,2026-03-24,1,0.0,19.28,3.3195,-0.8299,1.1411,-4.8755,0,0,1,2.0,new_hot,光伏设备|光伏辅材|宁组合,13
blitz_1d_fast_feedback,tn12_s0.50_b0.10_c30_g0.18_preheat,final_2026,2026-03-20,3,sh603290,sh603290,5.595991259140019,2026-03-23,2026-03-24,1,-2.6449,106.01,3.8676,0.9527,-1.8866,-5.7636,0,1,1,13.0,new_hot,宁组合,13
blitz_1d_fast_feedback,tn12_s0.50_b0.10_c30_g0.18_preheat,final_2026,2026-03-23,1,sz000983,sz000983,9.77374844470569,2026-03-24,2026-03-25,1,-0.3974,7.52,0.7979,-2.2606,-5.1862,-7.3138,0,1,1,2.0,continuing_hot|new_hot,焦煤|煤炭|煤炭开采,25
blitz_1d_fast_feedback,tn12_s0.50_b0.10_c30_g0.18_preheat,final_2026,2026-03-23,2,sh600121,sh600121,9.52535638736336,2026-03-24,2026-03-25,1,-5.1565,5.15,3.6893,2.7184,7.1845,-6.0194,0,0,1,8.0,continuing_hot|new_hot,煤炭|煤炭开采,25
blitz_1d_fast_feedback,tn12_s0.50_b0.10_c30_g0.18_preheat,final_2026,2026-03-23,3,sh600758,sh600758,9.065760199504986,2026-03-24,2026-03-25,1,9.3023,5.17,0.5803,0.5803,10.6383,-3.0948,0,0,1,2.0,continuing_hot|new_hot,焦煤|煤炭|煤炭开采,25
blitz_1d_fast_feedback,tn12_s0.50_b0.10_c30_g0.18_preheat,final_2026,2026-03-25,1,sz002192,sz002192,7.352484845864491,2026-03-26,2026-03-27,1,4.0335,67.06,5.7411,5.7411,16.3137,-2.1473,0,0,0,9.0,continuing_hot|new_hot,能源金属|锂,8
blitz_1d_fast_feedback,tn12_s0.50_b0.10_c30_g0.18_preheat,final_2026,2026-03-25,2,sz002756,sz002756,6.159238138149417,2026-03-26,2026-03-27,1,-0.7181,71.89,5.4389,2.6986,12.9643,-2.3508,0,0,0,9.0,continuing_hot|new_hot,能源金属|锂,8
blitz_1d_fast_feedback,tn12_s0.50_b0.10_c30_g0.18_preheat,final_2026,2026-03-25,3,sz002466,sz002466,4.956719208976341,2026-03-26,2026-03-27,1,0.0,53.46,4.3584,1.3842,8.4175,-0.954,0,0,0,9.0,continuing_hot|new_hot,能源金属|锂,8
blitz_1d_fast_feedback,tn12_s0.50_b0.10_c30_g0.18_preheat,final_2026,2026-03-27,1,sh603538,sh603538,9.417441209083496,2026-03-30,2026-03-31,1,10.0051,43.1,0.0,0.0,-5.1044,-9.4664,1,1,1,3.0,continuing_hot|new_hot,减肥药|肝炎概念|原料药,46
blitz_1d_fast_feedback,tn12_s0.50_b0.10_c30_g0.18_preheat,final_2026,2026-03-27,2,sh603026,sh603026,8.537900757199209,2026-03-30,2026-03-31,1,0.9909,94.78,1.245,-1.8147,-8.5778,-8.947,0,1,1,5.0,continuing_hot,电池化学品|电池,46
blitz_1d_fast_feedback,tn12_s0.50_b0.10_c30_g0.18_preheat,final_2026,2026-03-27,3,sz001367,sz001367,7.777955846959283,2026-03-30,2026-03-31,1,0.7149,25.36,2.9574,2.4842,0.3549,-0.4732,0,0,0,15.0,continuing_hot,原料药,46
blitz_1d_fast_feedback,tn12_s0.50_b0.10_c30_g0.18_preheat,final_2026,2026-03-30,1,sz002902,sz002902,8.752198846562823,2026-03-31,2026-04-01,1,-7.54,26.61,5.1109,-1.6911,8.1548,-2.6682,0,0,0,12.0,continuing_hot,通信设备,46
blitz_1d_fast_feedback,tn12_s0.50_b0.10_c30_g0.18_preheat,final_2026,2026-03-30,2,sh601869,sh601869,8.570977032500672,2026-03-31,2026-04-01,1,-0.8916,299.0,7.0234,3.5117,3.01,-4.01,0,0,1,1.0,continuing_hot|new_hot,通信线缆及配套|光纤概念|通信设备,46
blitz_1d_fast_feedback,tn12_s0.50_b0.10_c30_g0.18_preheat,final_2026,2026-03-30,3,sz000815,sz000815,8.4039355265578,2026-03-31,2026-04-01,1,-1.4978,19.73,0.4562,-4.6123,4.9164,-4.6629,0,0,1,11.0,new_hot,国资云概念,46
blitz_1d_fast_feedback,tn12_s0.50_b0.10_c30_g0.18_preheat,final_2026,2026-04-01,1,sz002432,sz002432,8.71523579459287,2026-04-02,2026-04-03,1,1.8409,82.43,3.045,-1.5528,-1.5771,-4.0883,0,1,1,4.0,continuing_hot|new_hot,体外诊断|创新医疗服务|流感|病原体防治|精准诊断|体外诊断概念,26
blitz_1d_fast_feedback,tn12_s0.50_b0.10_c30_g0.18_preheat,final_2026,2026-04-01,2,sh603256,sh603256,8.241152918295207,2026-04-02,2026-04-03,1,-3.332,70.5,0.0142,-3.0355,-3.5461,-4.922,0,1,1,11.0,new_hot,玻纤制造,26
blitz_1d_fast_feedback,tn12_s0.50_b0.10_c30_g0.18_preheat,final_2026,2026-04-01,3,sz002980,sz002980,8.165417480469134,2026-04-02,2026-04-03,1,-0.7092,44.8,1.5402,-6.4732,2.8795,-7.7455,0,0,1,12.0,continuing_hot,精准诊断|体外诊断概念,26
blitz_1d_fast_feedback,tn12_s0.50_b0.10_c30_g0.18_preheat,final_2026,2026-04-02,1,sz000155,sz000155,8.694039662847844,2026-04-03,2026-04-07,1,-3.4767,16.38,2.8694,-1.7094,-0.8547,-3.602,0,1,1,14.0,continuing_hot,锂矿概念,29
blitz_1d_fast_feedback,tn12_s0.50_b0.10_c30_g0.18_preheat,final_2026,2026-04-02,2,sz002192,sz002192,8.43011657862792,2026-04-03,2026-04-07,1,1.2168,73.2,0.2732,-2.6093,-2.623,-7.6093,0,1,1,3.0,continuing_hot,锂|能源金属|锂矿概念,29
blitz_1d_fast_feedback,tn12_s0.50_b0.10_c30_g0.18_preheat,final_2026,2026-04-02,3,sz000762,sz000762,8.314914961184952,2026-04-03,2026-04-07,1,0.032,31.27,2.8142,-3.134,-2.7822,-4.4771,0,1,1,3.0,continuing_hot,锂|能源金属|锂矿概念,29
blitz_1d_fast_feedback,tn12_s0.50_b0.10_c30_g0.18_preheat,final_2026,2026-04-03,1,sz002902,sz002902,8.602216703490297,2026-04-07,2026-04-08,1,-0.8889,26.76,4.559,-0.2242,9.7534,-2.0179,0,0,0,3.0,continuing_hot|new_hot,F5G概念|通信设备|通信网络设备及器件|光通信模块|CPO概念|通信,26
blitz_1d_fast_feedback,tn12_s0.50_b0.10_c30_g0.18_preheat,final_2026,2026-04-03,2,sz001267,sz001267,8.238724619716132,2026-04-07,2026-04-08,1,1.4848,41.01,3.1456,-1.8044,8.0224,-2.9261,0,0,0,4.0,continuing_hot|new_hot,通信设备|通信网络设备及器件|光通信模块|CPO概念|通信,26
blitz_1d_fast_feedback,tn12_s0.50_b0.10_c30_g0.18_preheat,final_2026,2026-04-03,3,sh603803,sh603803,7.884885424804561,2026-04-07,2026-04-08,1,-2.4224,12.89,6.4391,1.8619,8.6113,0.0,0,0,0,3.0,continuing_hot|new_hot,F5G概念|通信设备|CPO概念|通信,26
blitz_1d_fast_feedback,tn12_s0.50_b0.10_c30_g0.18_preheat,final_2026,2026-04-10,1,sz002580,sz002580,8.88351079887482,2026-04-13,2026-04-14,1,2.4763,19.45,7.3522,7.3522,18.0977,-0.5141,0,0,0,7.0,continuing_hot|new_hot,蓄电池及其他电池|电池,51
blitz_1d_fast_feedback,tn12_s0.50_b0.10_c30_g0.18_preheat,final_2026,2026-04-10,2,sz000762,sz000762,7.474564130281714,2026-04-13,2026-04-14,1,0.915,34.19,3.4805,-1.5502,-1.6087,-2.2521,0,1,0,8.0,new_hot,锂|能源金属,51
blitz_1d_fast_feedback,tn12_s0.50_b0.10_c30_g0.18_preheat,final_2026,2026-04-10,3,sz002733,sz002733,7.426839323766079,2026-04-13,2026-04-14,1,-0.8264,30.0,6.3667,2.8333,4.9333,-1.1333,0,0,0,6.0,continuing_hot|new_hot,刀片电池|蓄电池及其他电池|电池|动力电池回收,51
blitz_1d_fast_feedback,tn12_s0.50_b0.10_c30_g0.18_preheat,final_2026,2026-04-13,1,sz002436,sz002436,5.6656325986490454,2026-04-14,2026-04-15,1,-1.0305,24.97,4.1249,0.9211,-1.0813,-1.6019,0,1,0,2.0,continuing_hot|new_hot,高带宽内存|PCB|元件,62
blitz_1d_fast_feedback,tn12_s0.50_b0.10_c30_g0.18_preheat,final_2026,2026-04-13,2,sh603256,sh603256,5.344890253594479,2026-04-14,2026-04-15,1,6.383,95.0,3.4,3.4,7.4526,-1.0526,0,0,0,1.0,continuing_hot,玻纤制造|玻璃玻纤|PCB,62
blitz_1d_fast_feedback,tn12_s0.50_b0.10_c30_g0.18_preheat,final_2026,2026-04-13,3,sz002080,sz002080,5.262240947873271,2026-04-14,2026-04-15,1,0.7379,50.51,2.8113,1.4453,-3.9596,-4.9891,0,1,1,1.0,continuing_hot,玻纤制造|玻璃玻纤|PCB,62
