trade_date,symbol,name,source_id,source_name,source_type,source_version,rank,score,score_scale,horizon,suggested_action,action_label,entry_allowed,reason_summary,business_source_name,entry_date,entry_open,market_regime,market_detail,market_detail_label,default_action,water_score,reason_top3,csi1000_return_5d_pct,csi1000_return_20d_pct,all_up_ratio_1d,all_up_ratio_3d,all_up_ratio_5d,all_up_ratio_10d,all_up_ratio_20d,all_med_ret_1d,all_med_ret_3d,all_med_ret_5d,all_med_ret_10d,all_med_ret_20d,small_up_ratio_1d,small_up_ratio_3d,small_up_ratio_5d,small_up_ratio_10d,small_up_ratio_20d,small_med_ret_1d,small_med_ret_3d,small_med_ret_5d,small_med_ret_10d,small_med_ret_20d,large_up_ratio_1d,large_up_ratio_3d,large_up_ratio_5d,large_up_ratio_10d,large_up_ratio_20d,large_med_ret_1d,large_med_ret_3d,large_med_ret_5d,large_med_ret_10d,large_med_ret_20d,full_5d,days_5d,mfe_5d_pct,mae_5d_pct,close_5d_pct,pitfall_5d,pitfall_reason_5d,full_10d,days_10d,mfe_10d_pct,mae_10d_pct,close_10d_pct,pitfall_10d,pitfall_reason_10d,full_22d,days_22d,mfe_22d_pct,mae_22d_pct,close_22d_pct,pitfall_22d,pitfall_reason_22d,buyable,spark_score_bucket,rank_bucket
2026-03-02,sz000833,sz000833,spark_opportunity_selector,星火机会模型 1.0,model,1.0,1,36.138681,raw,22d,candidate_buy,明日可买,1,22日冲高机会分靠前，L2主力净流入强、主动买入强,星火机会模型,2026-03-03,24.81,caution,caution,谨慎,观察为主,44.3198,5日上涨占比45.0%；10日上涨占比45.3%；10日中位涨跌幅-0.7%,3.316773411522722,0.07344337341426144,24.3243,37.3979,45.0346,45.3317,43.7874,-1.99,-1.5221,-0.6382,-0.742,-1.0453,10.8177,23.0835,31.9421,31.0315,35.2389,-2.9542,-2.9547,-2.2513,-2.8169,-2.4709,47.5862,57.931,61.2414,63.0345,56.6298,-0.1359,1.0042,2.3242,2.6667,1.5389,1,5,16.4853,-5.8847,7.4567,0,,1,10,22.1685,-5.8847,11.1649,0,,1,22,22.1685,-5.8847,0.9674,0,,1,35-40,top1
2026-03-02,sz002655,sz002655,spark_opportunity_selector,星火机会模型 1.0,model,1.0,2,33.597568,raw,22d,candidate_buy,明日可买,1,22日冲高机会分靠前，突破结构强、L2主力净流入强、主动买入强、出货压力不高,星火机会模型,2026-03-03,18.1,caution,caution,谨慎,观察为主,44.3198,5日上涨占比45.0%；10日上涨占比45.3%；10日中位涨跌幅-0.7%,3.316773411522722,0.07344337341426144,24.3243,37.3979,45.0346,45.3317,43.7874,-1.99,-1.5221,-0.6382,-0.742,-1.0453,10.8177,23.0835,31.9421,31.0315,35.2389,-2.9542,-2.9547,-2.2513,-2.8169,-2.4709,47.5862,57.931,61.2414,63.0345,56.6298,-0.1359,1.0042,2.3242,2.6667,1.5389,1,5,0.2762,-12.5967,-4.4751,1,最大浮亏8%,1,10,0.9945,-12.5967,-1.768,1,最大浮亏8%,1,22,5.7459,-12.5967,3.2044,1,最大浮亏8%,1,<35,top3
2026-03-02,sz002491,sz002491,spark_opportunity_selector,星火机会模型 1.0,model,1.0,3,33.129447,raw,22d,watch,观察,0,22日冲高机会分靠前，突破结构较好、L2主力净流入强、主动买入强,星火机会模型,2026-03-03,11.62,caution,caution,谨慎,观察为主,44.3198,5日上涨占比45.0%；10日上涨占比45.3%；10日中位涨跌幅-0.7%,3.316773411522722,0.07344337341426144,24.3243,37.3979,45.0346,45.3317,43.7874,-1.99,-1.5221,-0.6382,-0.742,-1.0453,10.8177,23.0835,31.9421,31.0315,35.2389,-2.9542,-2.9547,-2.2513,-2.8169,-2.4709,47.5862,57.931,61.2414,63.0345,56.6298,-0.1359,1.0042,2.3242,2.6667,1.5389,1,5,13.5112,-11.1015,-5.4217,1,收盘亏5%且最大浮亏8%,1,10,13.5112,-11.1015,-6.6265,1,收盘亏5%且最大浮亏8%,1,22,13.5112,-19.6213,2.926,1,最大浮亏8%,0,<35,top3
2026-03-02,sz001267,sz001267,trend_continuation_callback,趋势中继高质量回踩,rule_strategy,S02-current-candidate-20260427,1,79.15,raw,swing,watch,观察中,0,进入趋势中继观察池；等待严格回踩和真承接确认,趋势延续策略,2026-03-03,36.91,caution,caution,谨慎,观察为主,44.3198,5日上涨占比45.0%；10日上涨占比45.3%；10日中位涨跌幅-0.7%,3.316773411522722,0.07344337341426144,24.3243,37.3979,45.0346,45.3317,43.7874,-1.99,-1.5221,-0.6382,-0.742,-1.0453,10.8177,23.0835,31.9421,31.0315,35.2389,-2.9542,-2.9547,-2.2513,-2.8169,-2.4709,47.5862,57.931,61.2414,63.0345,56.6298,-0.1359,1.0042,2.3242,2.6667,1.5389,1,5,14.1696,-11.1081,12.5169,1,最大浮亏8%,1,10,35.3292,-11.1081,15.9306,1,最大浮亏8%,1,22,35.3292,-11.1081,7.6944,1,最大浮亏8%,0,,top1
2026-03-02,sh603688,sh603688,trend_continuation_callback,趋势中继高质量回踩,rule_strategy,S02-current-candidate-20260427,2,75.79,raw,swing,watch,观察中,0,进入趋势中继观察池；等待严格回踩和真承接确认,趋势延续策略,2026-03-03,52.2,caution,caution,谨慎,观察为主,44.3198,5日上涨占比45.0%；10日上涨占比45.3%；10日中位涨跌幅-0.7%,3.316773411522722,0.07344337341426144,24.3243,37.3979,45.0346,45.3317,43.7874,-1.99,-1.5221,-0.6382,-0.742,-1.0453,10.8177,23.0835,31.9421,31.0315,35.2389,-2.9542,-2.9547,-2.2513,-2.8169,-2.4709,47.5862,57.931,61.2414,63.0345,56.6298,-0.1359,1.0042,2.3242,2.6667,1.5389,1,5,6.8008,-8.3716,-2.2605,1,最大浮亏8%,1,10,6.8008,-12.7203,-9.5977,1,收盘亏5%且最大浮亏8%,1,22,6.8008,-22.6245,-18.9272,1,收盘亏5%且最大浮亏8%,0,,top3
2026-03-02,sh603115,sh603115,trend_continuation_callback,趋势中继高质量回踩,rule_strategy,S02-current-candidate-20260427,3,73.97,raw,swing,watch,观察中,0,进入趋势中继观察池；等待严格回踩和真承接确认,趋势延续策略,2026-03-03,30.99,caution,caution,谨慎,观察为主,44.3198,5日上涨占比45.0%；10日上涨占比45.3%；10日中位涨跌幅-0.7%,3.316773411522722,0.07344337341426144,24.3243,37.3979,45.0346,45.3317,43.7874,-1.99,-1.5221,-0.6382,-0.742,-1.0453,10.8177,23.0835,31.9421,31.0315,35.2389,-2.9542,-2.9547,-2.2513,-2.8169,-2.4709,47.5862,57.931,61.2414,63.0345,56.6298,-0.1359,1.0042,2.3242,2.6667,1.5389,1,5,3.2268,-13.456,-6.0987,1,收盘亏5%且最大浮亏8%,1,10,8.6157,-13.456,4.8725,1,最大浮亏8%,1,22,56.0181,-13.456,51.1778,1,最大浮亏8%,0,,top3
2026-03-02,sh601898,sh601898,trend_continuation_callback,趋势中继高质量回踩,rule_strategy,S02-current-candidate-20260427,4,72.13,raw,swing,watch,观察中,0,进入趋势中继观察池；等待严格回踩和真承接确认,趋势延续策略,2026-03-03,16.59,caution,caution,谨慎,观察为主,44.3198,5日上涨占比45.0%；10日上涨占比45.3%；10日中位涨跌幅-0.7%,3.316773411522722,0.07344337341426144,24.3243,37.3979,45.0346,45.3317,43.7874,-1.99,-1.5221,-0.6382,-0.742,-1.0453,10.8177,23.0835,31.9421,31.0315,35.2389,-2.9542,-2.9547,-2.2513,-2.8169,-2.4709,47.5862,57.931,61.2414,63.0345,56.6298,-0.1359,1.0042,2.3242,2.6667,1.5389,1,5,14.8885,-3.6166,9.7046,0,,1,10,19.1682,-3.6166,9.8855,0,,1,22,19.1682,-3.6166,4.0386,0,,0,,top5
2026-03-02,sz000731,sz000731,trend_continuation_callback,趋势中继高质量回踩,rule_strategy,S02-current-candidate-20260427,5,71.71,raw,swing,watch,观察中,0,进入趋势中继观察池；等待严格回踩和真承接确认,趋势延续策略,2026-03-03,8.33,caution,caution,谨慎,观察为主,44.3198,5日上涨占比45.0%；10日上涨占比45.3%；10日中位涨跌幅-0.7%,3.316773411522722,0.07344337341426144,24.3243,37.3979,45.0346,45.3317,43.7874,-1.99,-1.5221,-0.6382,-0.742,-1.0453,10.8177,23.0835,31.9421,31.0315,35.2389,-2.9542,-2.9547,-2.2513,-2.8169,-2.4709,47.5862,57.931,61.2414,63.0345,56.6298,-0.1359,1.0042,2.3242,2.6667,1.5389,1,5,2.1609,-10.8043,-4.0816,1,最大浮亏8%,1,10,3.6014,-10.8043,-2.521,1,最大浮亏8%,1,22,3.6014,-14.886,-12.605,1,收盘亏5%且最大浮亏8%,0,,top5
2026-03-03,sh600123,sh600123,spark_opportunity_selector,星火机会模型 1.0,model,1.0,1,32.947555,raw,22d,candidate_buy,明日可买,1,22日冲高机会分靠前，突破结构强、资金潜伏特征较强、L2主力净流入强、主动买入强,星火机会模型,2026-03-04,6.84,defense,defense_active_decline,防守-持续下跌,暂停新开仓,25.9476,5日全市场上涨占比28.7%；5日全市场中位涨跌幅-3.4%；5日小盘上涨占比17.0%,-1.8954343376121119,-2.6655005188313763,12.8141,20.6344,28.706,32.7889,34.486,-2.8916,-4.2553,-3.4497,-3.4237,-3.1111,9.6088,11.9898,17.0068,20.6633,25.8944,-2.7975,-5.2231,-4.998,-5.4313,-4.475,18.5083,34.9448,45.8564,49.3094,46.6113,-2.5505,-1.583,-0.5749,-0.1622,-0.6165,1,5,7.0175,-5.117,-1.0234,0,,1,10,11.1111,-5.117,2.6316,0,,1,22,11.1111,-5.9942,-4.5322,0,,1,<35,top1
2026-03-03,sz002531,sz002531,spark_opportunity_selector,星火机会模型 1.0,model,1.0,2,32.750749,raw,22d,candidate_buy,明日可买,1,22日冲高机会分靠前，突破结构较好、资金潜伏特征较强、L2主力净流入强、主动买入强,星火机会模型,2026-03-04,10.17,defense,defense_active_decline,防守-持续下跌,暂停新开仓,25.9476,5日全市场上涨占比28.7%；5日全市场中位涨跌幅-3.4%；5日小盘上涨占比17.0%,-1.8954343376121119,-2.6655005188313763,12.8141,20.6344,28.706,32.7889,34.486,-2.8916,-4.2553,-3.4497,-3.4237,-3.1111,9.6088,11.9898,17.0068,20.6633,25.8944,-2.7975,-5.2231,-4.998,-5.4313,-4.475,18.5083,34.9448,45.8564,49.3094,46.6113,-2.5505,-1.583,-0.5749,-0.1622,-0.6165,1,5,11.1111,-0.6883,6.883,0,,1,10,31.7601,-0.6883,15.9292,0,,1,22,31.7601,-0.6883,11.0128,0,,1,<35,top3
2026-03-03,sz002485,sz002485,spark_opportunity_selector,星火机会模型 1.0,model,1.0,3,32.684493,raw,22d,candidate_buy,明日可买,1,22日冲高机会分靠前，突破结构较好、L2主力净流入强、主动买入强、出货压力不高,星火机会模型,2026-03-04,5.31,defense,defense_active_decline,防守-持续下跌,暂停新开仓,25.9476,5日全市场上涨占比28.7%；5日全市场中位涨跌幅-3.4%；5日小盘上涨占比17.0%,-1.8954343376121119,-2.6655005188313763,12.8141,20.6344,28.706,32.7889,34.486,-2.8916,-4.2553,-3.4497,-3.4237,-3.1111,9.6088,11.9898,17.0068,20.6633,25.8944,-2.7975,-5.2231,-4.998,-5.4313,-4.475,18.5083,34.9448,45.8564,49.3094,46.6113,-2.5505,-1.583,-0.5749,-0.1622,-0.6165,1,5,10.3578,-7.9096,2.8249,0,,1,10,10.3578,-7.9096,-4.1431,0,,1,22,10.3578,-16.1959,-6.403,1,收盘亏5%且最大浮亏8%,1,<35,top3
2026-03-03,sz002531,sz002531,trend_continuation_callback,趋势中继高质量回踩,rule_strategy,S02-current-candidate-20260427,1,82.39,raw,swing,watch,观察中,0,进入趋势中继观察池；等待严格回踩和真承接确认,趋势延续策略,2026-03-04,10.17,defense,defense_active_decline,防守-持续下跌,暂停新开仓,25.9476,5日全市场上涨占比28.7%；5日全市场中位涨跌幅-3.4%；5日小盘上涨占比17.0%,-1.8954343376121119,-2.6655005188313763,12.8141,20.6344,28.706,32.7889,34.486,-2.8916,-4.2553,-3.4497,-3.4237,-3.1111,9.6088,11.9898,17.0068,20.6633,25.8944,-2.7975,-5.2231,-4.998,-5.4313,-4.475,18.5083,34.9448,45.8564,49.3094,46.6113,-2.5505,-1.583,-0.5749,-0.1622,-0.6165,1,5,11.1111,-0.6883,6.883,0,,1,10,31.7601,-0.6883,15.9292,0,,1,22,31.7601,-0.6883,11.0128,0,,0,,top1
2026-03-03,sh601898,sh601898,trend_continuation_callback,趋势中继高质量回踩,rule_strategy,S02-current-candidate-20260427,2,75.63,raw,swing,watch,观察中,0,进入趋势中继观察池；等待严格回踩和真承接确认,趋势延续策略,2026-03-04,17.0,defense,defense_active_decline,防守-持续下跌,暂停新开仓,25.9476,5日全市场上涨占比28.7%；5日全市场中位涨跌幅-3.4%；5日小盘上涨占比17.0%,-1.8954343376121119,-2.6655005188313763,12.8141,20.6344,28.706,32.7889,34.486,-2.8916,-4.2553,-3.4497,-3.4237,-3.1111,9.6088,11.9898,17.0068,20.6633,25.8944,-2.7975,-5.2231,-4.998,-5.4313,-4.475,18.5083,34.9448,45.8564,49.3094,46.6113,-2.5505,-1.583,-0.5749,-0.1622,-0.6165,1,5,12.1176,-5.1765,-1.1765,0,,1,10,16.2941,-5.1765,4.2353,0,,1,22,16.2941,-5.1765,5.3529,0,,0,,top3
2026-03-03,sh601015,sh601015,trend_continuation_callback,趋势中继高质量回踩,rule_strategy,S02-current-candidate-20260427,3,75.56,raw,swing,watch,观察中,0,进入趋势中继观察池；等待严格回踩和真承接确认,趋势延续策略,2026-03-04,5.84,defense,defense_active_decline,防守-持续下跌,暂停新开仓,25.9476,5日全市场上涨占比28.7%；5日全市场中位涨跌幅-3.4%；5日小盘上涨占比17.0%,-1.8954343376121119,-2.6655005188313763,12.8141,20.6344,28.706,32.7889,34.486,-2.8916,-4.2553,-3.4497,-3.4237,-3.1111,9.6088,11.9898,17.0068,20.6633,25.8944,-2.7975,-5.2231,-4.998,-5.4313,-4.475,18.5083,34.9448,45.8564,49.3094,46.6113,-2.5505,-1.583,-0.5749,-0.1622,-0.6165,1,5,0.5137,-23.2877,-20.5479,1,收盘亏5%且最大浮亏8%,1,10,0.5137,-23.2877,-16.7808,1,收盘亏5%且最大浮亏8%,1,22,0.6849,-27.0548,-22.9452,1,收盘亏5%且最大浮亏8%,0,,top3
2026-03-03,sh605366,sh605366,trend_continuation_callback,趋势中继高质量回踩,rule_strategy,S02-current-candidate-20260427,4,74.09,raw,swing,watch,观察中,0,进入趋势中继观察池；等待严格回踩和真承接确认,趋势延续策略,2026-03-04,9.75,defense,defense_active_decline,防守-持续下跌,暂停新开仓,25.9476,5日全市场上涨占比28.7%；5日全市场中位涨跌幅-3.4%；5日小盘上涨占比17.0%,-1.8954343376121119,-2.6655005188313763,12.8141,20.6344,28.706,32.7889,34.486,-2.8916,-4.2553,-3.4497,-3.4237,-3.1111,9.6088,11.9898,17.0068,20.6633,25.8944,-2.7975,-5.2231,-4.998,-5.4313,-4.475,18.5083,34.9448,45.8564,49.3094,46.6113,-2.5505,-1.583,-0.5749,-0.1622,-0.6165,1,5,12.6154,-0.7179,8.1026,0,,1,10,14.8718,-0.7179,8.9231,0,,1,22,23.0769,-10.1538,12.8205,1,最大浮亏8%,0,,top5
2026-03-03,sh600583,sh600583,trend_continuation_callback,趋势中继高质量回踩,rule_strategy,S02-current-candidate-20260427,5,73.47,raw,swing,watch,观察中,0,进入趋势中继观察池；等待严格回踩和真承接确认,趋势延续策略,2026-03-04,8.36,defense,defense_active_decline,防守-持续下跌,暂停新开仓,25.9476,5日全市场上涨占比28.7%；5日全市场中位涨跌幅-3.4%；5日小盘上涨占比17.0%,-1.8954343376121119,-2.6655005188313763,12.8141,20.6344,28.706,32.7889,34.486,-2.8916,-4.2553,-3.4497,-3.4237,-3.1111,9.6088,11.9898,17.0068,20.6633,25.8944,-2.7975,-5.2231,-4.998,-5.4313,-4.475,18.5083,34.9448,45.8564,49.3094,46.6113,-2.5505,-1.583,-0.5749,-0.1622,-0.6165,1,5,1.9139,-15.0718,-13.8756,1,收盘亏5%且最大浮亏8%,1,10,1.9139,-17.4641,-16.0287,1,收盘亏5%且最大浮亏8%,1,22,1.9139,-24.2823,-17.3445,1,收盘亏5%且最大浮亏8%,0,,top5
2026-03-04,sh600875,sh600875,spark_opportunity_selector,星火机会模型 1.0,model,1.0,1,33.440968,raw,22d,candidate_buy,明日可买,1,22日冲高机会分靠前，突破结构较好、L2主力净流入强、主动买入强、出货压力不高,星火机会模型,2026-03-05,39.87,defense,defense_active_decline,防守-持续下跌,暂停新开仓,17.5298,5日全市场上涨占比20.9%；5日全市场中位涨跌幅-5.2%；5日小盘上涨占比12.2%,-3.9378121301993807,-3.431516815613478,29.325,13.4066,20.9105,29.5447,32.4953,-0.8318,-5.5346,-5.2209,-4.4271,-3.7044,28.4014,6.8027,12.2449,19.0476,28.0239,-0.7143,-6.2306,-6.2561,-5.7234,-4.1559,29.558,23.7569,33.9779,43.5083,39.834,-0.9105,-3.5778,-2.9662,-1.283,-2.1127,1,5,13.8199,-1.4046,3.0349,0,,1,10,13.8199,-6.9476,0.7524,0,,1,22,13.8199,-12.6411,-7.5495,1,收盘亏5%且最大浮亏8%,1,<35,top1
2026-03-04,sz003018,sz003018,spark_opportunity_selector,星火机会模型 1.0,model,1.0,2,32.934737,raw,22d,candidate_buy,明日可买,1,22日冲高机会分靠前，突破结构较好、L2主力净流入强、主动买入强、出货压力不高,星火机会模型,2026-03-05,28.61,defense,defense_active_decline,防守-持续下跌,暂停新开仓,17.5298,5日全市场上涨占比20.9%；5日全市场中位涨跌幅-5.2%；5日小盘上涨占比12.2%,-3.9378121301993807,-3.431516815613478,29.325,13.4066,20.9105,29.5447,32.4953,-0.8318,-5.5346,-5.2209,-4.4271,-3.7044,28.4014,6.8027,12.2449,19.0476,28.0239,-0.7143,-6.2306,-6.2561,-5.7234,-4.1559,29.558,23.7569,33.9779,43.5083,39.834,-0.9105,-3.5778,-2.9662,-1.283,-2.1127,1,5,0.1748,-14.7501,-4.7536,1,最大浮亏8%,1,10,6.641,-14.7501,-4.6837,1,最大浮亏8%,1,22,10.4858,-16.7774,1.8175,1,最大浮亏8%,1,<35,top3
2026-03-04,sh605289,sh605289,spark_opportunity_selector,星火机会模型 1.0,model,1.0,3,31.511792,raw,22d,watch,观察,0,22日冲高机会分靠前，L2主力净流入强、主动买入强,星火机会模型,2026-03-05,133.0,defense,defense_active_decline,防守-持续下跌,暂停新开仓,17.5298,5日全市场上涨占比20.9%；5日全市场中位涨跌幅-5.2%；5日小盘上涨占比12.2%,-3.9378121301993807,-3.431516815613478,29.325,13.4066,20.9105,29.5447,32.4953,-0.8318,-5.5346,-5.2209,-4.4271,-3.7044,28.4014,6.8027,12.2449,19.0476,28.0239,-0.7143,-6.2306,-6.2561,-5.7234,-4.1559,29.558,23.7569,33.9779,43.5083,39.834,-0.9105,-3.5778,-2.9662,-1.283,-2.1127,1,5,4.7895,-8.2707,2.3308,1,最大浮亏8%,1,10,7.5188,-8.2707,-2.9248,1,最大浮亏8%,1,22,7.5188,-29.5564,-22.7895,1,收盘亏5%且最大浮亏8%,0,<35,top3
2026-03-04,sz002531,sz002531,trend_continuation_callback,趋势中继高质量回踩,rule_strategy,S02-current-candidate-20260427,1,72.93,raw,swing,watch,观察中,0,进入趋势中继观察池；等待严格回踩和真承接确认,趋势延续策略,2026-03-05,10.62,defense,defense_active_decline,防守-持续下跌,暂停新开仓,17.5298,5日全市场上涨占比20.9%；5日全市场中位涨跌幅-5.2%；5日小盘上涨占比12.2%,-3.9378121301993807,-3.431516815613478,29.325,13.4066,20.9105,29.5447,32.4953,-0.8318,-5.5346,-5.2209,-4.4271,-3.7044,28.4014,6.8027,12.2449,19.0476,28.0239,-0.7143,-6.2306,-6.2561,-5.7234,-4.1559,29.558,23.7569,33.9779,43.5083,39.834,-0.9105,-3.5778,-2.9662,-1.283,-2.1127,1,5,6.403,-4.8964,4.049,0,,1,10,26.177,-4.8964,9.4162,0,,1,22,26.177,-4.8964,3.484,0,,0,,top1
2026-03-04,sh600236,sh600236,trend_continuation_callback,趋势中继高质量回踩,rule_strategy,S02-current-candidate-20260427,2,72.69,raw,swing,watch,观察中,0,进入趋势中继观察池；等待严格回踩和真承接确认,趋势延续策略,2026-03-05,11.08,defense,defense_active_decline,防守-持续下跌,暂停新开仓,17.5298,5日全市场上涨占比20.9%；5日全市场中位涨跌幅-5.2%；5日小盘上涨占比12.2%,-3.9378121301993807,-3.431516815613478,29.325,13.4066,20.9105,29.5447,32.4953,-0.8318,-5.5346,-5.2209,-4.4271,-3.7044,28.4014,6.8027,12.2449,19.0476,28.0239,-0.7143,-6.2306,-6.2561,-5.7234,-4.1559,29.558,23.7569,33.9779,43.5083,39.834,-0.9105,-3.5778,-2.9662,-1.283,-2.1127,1,5,7.7617,-11.5523,-10.3791,1,收盘亏5%且最大浮亏8%,1,10,7.7617,-16.426,-15.6137,1,收盘亏5%且最大浮亏8%,1,22,7.7617,-19.3141,-15.5235,1,收盘亏5%且最大浮亏8%,0,,top3
2026-03-04,sh600681,sh600681,trend_continuation_callback,趋势中继高质量回踩,rule_strategy,S02-current-candidate-20260427,3,72.53,raw,swing,watch,观察中,0,进入趋势中继观察池；等待严格回踩和真承接确认,趋势延续策略,2026-03-05,4.53,defense,defense_active_decline,防守-持续下跌,暂停新开仓,17.5298,5日全市场上涨占比20.9%；5日全市场中位涨跌幅-5.2%；5日小盘上涨占比12.2%,-3.9378121301993807,-3.431516815613478,29.325,13.4066,20.9105,29.5447,32.4953,-0.8318,-5.5346,-5.2209,-4.4271,-3.7044,28.4014,6.8027,12.2449,19.0476,28.0239,-0.7143,-6.2306,-6.2561,-5.7234,-4.1559,29.558,23.7569,33.9779,43.5083,39.834,-0.9105,-3.5778,-2.9662,-1.283,-2.1127,1,5,5.9603,-6.181,-3.0905,0,,1,10,5.9603,-6.4018,-4.6358,0,,1,22,17.8808,-9.2715,-9.2715,1,收盘亏5%且最大浮亏8%,0,,top3
2026-03-05,sh600482,sh600482,spark_opportunity_selector,星火机会模型 1.0,model,1.0,1,39.409586,raw,22d,candidate_buy,明日可买,1,22日冲高机会分靠前，突破结构较好、L2主力净流入强、主动买入强、出货压力不高,星火机会模型,2026-03-06,35.8,defense,defense_active_decline,防守-持续下跌,暂停新开仓,21.5986,5日全市场上涨占比21.8%；5日全市场中位涨跌幅-4.0%；5日小盘上涨占比13.9%,-3.762952547631615,-2.7223811136887655,72.5589,16.7661,21.7582,34.2857,37.5432,0.8811,-2.5992,-4.0385,-2.6521,-2.6076,78.2313,14.1156,13.8605,25.4252,34.9233,1.0924,-2.3599,-4.782,-3.4018,-2.9512,64.9171,21.547,34.9448,45.442,42.6796,0.5163,-2.9478,-2.3147,-0.6331,-1.6426,1,5,9.6648,-4.7207,-3.4078,0,,1,10,9.6648,-14.8603,-13.9106,1,收盘亏5%且最大浮亏8%,1,22,9.6648,-18.7151,-9.3575,1,收盘亏5%且最大浮亏8%,1,35-40,top1
2026-03-05,sz000890,sz000890,spark_opportunity_selector,星火机会模型 1.0,model,1.0,2,35.376188,raw,22d,watch,观察,0,22日冲高机会分靠前，突破结构较好、出货压力不高,星火机会模型,2026-03-06,9.15,defense,defense_active_decline,防守-持续下跌,暂停新开仓,21.5986,5日全市场上涨占比21.8%；5日全市场中位涨跌幅-4.0%；5日小盘上涨占比13.9%,-3.762952547631615,-2.7223811136887655,72.5589,16.7661,21.7582,34.2857,37.5432,0.8811,-2.5992,-4.0385,-2.6521,-2.6076,78.2313,14.1156,13.8605,25.4252,34.9233,1.0924,-2.3599,-4.782,-3.4018,-2.9512,64.9171,21.547,34.9448,45.442,42.6796,0.5163,-2.9478,-2.3147,-0.6331,-1.6426,1,5,10.1639,-7.8689,10.1639,0,,1,10,55.9563,-7.8689,53.0055,0,,1,22,92.459,-7.8689,92.459,0,,0,35-40,top3
2026-03-05,sz002008,sz002008,spark_opportunity_selector,星火机会模型 1.0,model,1.0,3,35.258591,raw,22d,candidate_buy,明日可买,1,22日冲高机会分靠前，L2主力净流入强、主动买入强、热点主题前排、出货压力不高,星火机会模型,2026-03-06,71.4,defense,defense_active_decline,防守-持续下跌,暂停新开仓,21.5986,5日全市场上涨占比21.8%；5日全市场中位涨跌幅-4.0%；5日小盘上涨占比13.9%,-3.762952547631615,-2.7223811136887655,72.5589,16.7661,21.7582,34.2857,37.5432,0.8811,-2.5992,-4.0385,-2.6521,-2.6076,78.2313,14.1156,13.8605,25.4252,34.9233,1.0924,-2.3599,-4.782,-3.4018,-2.9512,64.9171,21.547,34.9448,45.442,42.6796,0.5163,-2.9478,-2.3147,-0.6331,-1.6426,1,5,5.1261,-9.944,-0.9104,1,最大浮亏8%,1,10,5.1261,-12.493,-11.7647,1,收盘亏5%且最大浮亏8%,1,22,5.1261,-17.0868,-9.8599,1,收盘亏5%且最大浮亏8%,1,35-40,top3
2026-03-05,sz002380,sz002380,trend_continuation_callback,趋势中继高质量回踩,rule_strategy,S02-current-candidate-20260427,1,78.2,raw,swing,watch,观察中,0,进入趋势中继观察池；等待严格回踩和真承接确认,趋势延续策略,2026-03-06,36.55,defense,defense_active_decline,防守-持续下跌,暂停新开仓,21.5986,5日全市场上涨占比21.8%；5日全市场中位涨跌幅-4.0%；5日小盘上涨占比13.9%,-3.762952547631615,-2.7223811136887655,72.5589,16.7661,21.7582,34.2857,37.5432,0.8811,-2.5992,-4.0385,-2.6521,-2.6076,78.2313,14.1156,13.8605,25.4252,34.9233,1.0924,-2.3599,-4.782,-3.4018,-2.9512,64.9171,21.547,34.9448,45.442,42.6796,0.5163,-2.9478,-2.3147,-0.6331,-1.6426,1,5,17.6471,-1.2312,9.3844,0,,1,10,17.6471,-4.6785,-3.7209,0,,1,22,17.6471,-17.7565,-17.4555,1,收盘亏5%且最大浮亏8%,0,,top1
2026-03-05,sh600860,sh600860,trend_continuation_callback,趋势中继高质量回踩,rule_strategy,S02-current-candidate-20260427,2,75.86,raw,swing,watch,观察中,0,进入趋势中继观察池；等待严格回踩和真承接确认,趋势延续策略,2026-03-06,16.13,defense,defense_active_decline,防守-持续下跌,暂停新开仓,21.5986,5日全市场上涨占比21.8%；5日全市场中位涨跌幅-4.0%；5日小盘上涨占比13.9%,-3.762952547631615,-2.7223811136887655,72.5589,16.7661,21.7582,34.2857,37.5432,0.8811,-2.5992,-4.0385,-2.6521,-2.6076,78.2313,14.1156,13.8605,25.4252,34.9233,1.0924,-2.3599,-4.782,-3.4018,-2.9512,64.9171,21.547,34.9448,45.442,42.6796,0.5163,-2.9478,-2.3147,-0.6331,-1.6426,1,5,2.7898,-8.5555,-7.5015,1,收盘亏5%且最大浮亏8%,1,10,2.7898,-21.5747,-21.1407,1,收盘亏5%且最大浮亏8%,1,22,2.7898,-33.354,-30.5022,1,收盘亏5%且最大浮亏8%,0,,top3
2026-03-05,sz002536,sz002536,trend_continuation_callback,趋势中继高质量回踩,rule_strategy,S02-current-candidate-20260427,3,73.57,raw,swing,watch,观察中,0,进入趋势中继观察池；等待严格回踩和真承接确认,趋势延续策略,2026-03-06,36.2,defense,defense_active_decline,防守-持续下跌,暂停新开仓,21.5986,5日全市场上涨占比21.8%；5日全市场中位涨跌幅-4.0%；5日小盘上涨占比13.9%,-3.762952547631615,-2.7223811136887655,72.5589,16.7661,21.7582,34.2857,37.5432,0.8811,-2.5992,-4.0385,-2.6521,-2.6076,78.2313,14.1156,13.8605,25.4252,34.9233,1.0924,-2.3599,-4.782,-3.4018,-2.9512,64.9171,21.547,34.9448,45.442,42.6796,0.5163,-2.9478,-2.3147,-0.6331,-1.6426,1,5,15.1105,-9.337,9.2541,1,最大浮亏8%,1,10,15.1105,-9.337,-8.1492,1,收盘亏5%且最大浮亏8%,1,22,15.1105,-25.6906,-23.3702,1,收盘亏5%且最大浮亏8%,0,,top3
2026-03-05,sz002531,sz002531,trend_continuation_callback,趋势中继高质量回踩,rule_strategy,S02-current-candidate-20260427,4,72.23,raw,swing,watch,观察中,0,进入趋势中继观察池；等待严格回踩和真承接确认,趋势延续策略,2026-03-06,10.39,defense,defense_active_decline,防守-持续下跌,暂停新开仓,21.5986,5日全市场上涨占比21.8%；5日全市场中位涨跌幅-4.0%；5日小盘上涨占比13.9%,-3.762952547631615,-2.7223811136887655,72.5589,16.7661,21.7582,34.2857,37.5432,0.8811,-2.5992,-4.0385,-2.6521,-2.6076,78.2313,14.1156,13.8605,25.4252,34.9233,1.0924,-2.3599,-4.782,-3.4018,-2.9512,64.9171,21.547,34.9448,45.442,42.6796,0.5163,-2.9478,-2.3147,-0.6331,-1.6426,1,5,11.4533,-2.7911,8.6622,0,,1,10,28.9702,-2.7911,7.796,0,,1,22,28.9702,-2.7911,6.4485,0,,0,,top5
2026-03-05,sh603826,sh603826,trend_continuation_callback,趋势中继高质量回踩,rule_strategy,S02-current-candidate-20260427,5,70.25,raw,swing,watch,观察中,0,进入趋势中继观察池；等待严格回踩和真承接确认,趋势延续策略,2026-03-06,21.92,defense,defense_active_decline,防守-持续下跌,暂停新开仓,21.5986,5日全市场上涨占比21.8%；5日全市场中位涨跌幅-4.0%；5日小盘上涨占比13.9%,-3.762952547631615,-2.7223811136887655,72.5589,16.7661,21.7582,34.2857,37.5432,0.8811,-2.5992,-4.0385,-2.6521,-2.6076,78.2313,14.1156,13.8605,25.4252,34.9233,1.0924,-2.3599,-4.782,-3.4018,-2.9512,64.9171,21.547,34.9448,45.442,42.6796,0.5163,-2.9478,-2.3147,-0.6331,-1.6426,1,5,20.2555,-0.5474,16.2865,0,,1,10,20.2555,-0.5474,9.3066,0,,1,22,33.2117,-0.5474,20.3923,0,,0,,top5
2026-03-06,sz002001,sz002001,spark_opportunity_selector,星火机会模型 1.0,model,1.0,1,35.390854,raw,22d,candidate_buy,明日可买,1,22日冲高机会分靠前，突破结构强、L2主力净流入强、主动买入强、热点主题前排,星火机会模型,2026-03-09,36.69,defense,defense_repair,防守-修复观察,暂停新开仓,28.0651,5日全市场上涨占比25.0%；5日小盘上涨占比20.4%,-3.6443419072978434,-1.0003328409987744,79.4035,72.4647,24.9608,48.3516,46.4656,1.4409,1.7711,-2.8752,-0.224,-0.5507,89.7959,85.5442,20.4082,44.1327,45.8262,2.1939,2.7185,-2.9115,-0.6034,-0.5873,65.0552,53.0387,34.116,54.8343,51.2431,0.6202,0.2387,-2.3039,1.0724,0.2716,1,5,9.5394,-4.6062,5.3966,0,,1,10,9.5394,-7.2772,-6.6503,1,收盘亏5%,1,22,9.5394,-10.6569,-1.063,1,最大浮亏8%,1,35-40,top1
2026-03-06,sh600026,sh600026,spark_opportunity_selector,星火机会模型 1.0,model,1.0,2,35.342983,raw,22d,candidate_buy,明日可买,1,22日冲高机会分靠前，突破结构较好、L2主力净流入强、主动买入强、出货压力不高,星火机会模型,2026-03-09,26.12,defense,defense_repair,防守-修复观察,暂停新开仓,28.0651,5日全市场上涨占比25.0%；5日小盘上涨占比20.4%,-3.6443419072978434,-1.0003328409987744,79.4035,72.4647,24.9608,48.3516,46.4656,1.4409,1.7711,-2.8752,-0.224,-0.5507,89.7959,85.5442,20.4082,44.1327,45.8262,2.1939,2.7185,-2.9115,-0.6034,-0.5873,65.0552,53.0387,34.116,54.8343,51.2431,0.6202,0.2387,-2.3039,1.0724,0.2716,1,5,2.0291,-17.1133,-15.3522,1,收盘亏5%且最大浮亏8%,1,10,2.0291,-17.1133,-10.1838,1,收盘亏5%且最大浮亏8%,1,22,4.0199,-17.1133,-0.4211,1,最大浮亏8%,1,35-40,top3
2026-03-06,sz000510,sz000510,spark_opportunity_selector,星火机会模型 1.0,model,1.0,3,35.029771,raw,22d,candidate_buy,明日可买,1,22日冲高机会分靠前，L2主力净流入强、主动买入强、热点主题前排,星火机会模型,2026-03-09,19.67,defense,defense_repair,防守-修复观察,暂停新开仓,28.0651,5日全市场上涨占比25.0%；5日小盘上涨占比20.4%,-3.6443419072978434,-1.0003328409987744,79.4035,72.4647,24.9608,48.3516,46.4656,1.4409,1.7711,-2.8752,-0.224,-0.5507,89.7959,85.5442,20.4082,44.1327,45.8262,2.1939,2.7185,-2.9115,-0.6034,-0.5873,65.0552,53.0387,34.116,54.8343,51.2431,0.6202,0.2387,-2.3039,1.0724,0.2716,1,5,2.7961,-15.3025,-14.4382,1,收盘亏5%且最大浮亏8%,1,10,2.7961,-23.8434,-22.4199,1,收盘亏5%且最大浮亏8%,1,22,2.7961,-29.9441,-20.5897,1,收盘亏5%且最大浮亏8%,1,35-40,top3
2026-03-06,sz002913,sz002913,trend_continuation_callback,趋势中继高质量回踩,rule_strategy,S02-current-candidate-20260427,1,80.39,raw,swing,watch,观察中,0,进入趋势中继观察池；等待严格回踩和真承接确认,趋势延续策略,2026-03-09,52.0,defense,defense_repair,防守-修复观察,暂停新开仓,28.0651,5日全市场上涨占比25.0%；5日小盘上涨占比20.4%,-3.6443419072978434,-1.0003328409987744,79.4035,72.4647,24.9608,48.3516,46.4656,1.4409,1.7711,-2.8752,-0.224,-0.5507,89.7959,85.5442,20.4082,44.1327,45.8262,2.1939,2.7185,-2.9115,-0.6034,-0.5873,65.0552,53.0387,34.116,54.8343,51.2431,0.6202,0.2387,-2.3039,1.0724,0.2716,1,5,4.8077,-9.7115,-7.8846,1,收盘亏5%且最大浮亏8%,1,10,4.8077,-11.9231,-7.2115,1,收盘亏5%且最大浮亏8%,1,22,4.8077,-13.4615,-4.1731,1,最大浮亏8%,0,,top1
2026-03-06,sz002380,sz002380,trend_continuation_callback,趋势中继高质量回踩,rule_strategy,S02-current-candidate-20260427,2,77.85,raw,swing,watch,观察中,0,进入趋势中继观察池；等待严格回踩和真承接确认,趋势延续策略,2026-03-09,36.7,defense,defense_repair,防守-修复观察,暂停新开仓,28.0651,5日全市场上涨占比25.0%；5日小盘上涨占比20.4%,-3.6443419072978434,-1.0003328409987744,79.4035,72.4647,24.9608,48.3516,46.4656,1.4409,1.7711,-2.8752,-0.224,-0.5507,89.7959,85.5442,20.4082,44.1327,45.8262,2.1939,2.7185,-2.9115,-0.6034,-0.5873,65.0552,53.0387,34.116,54.8343,51.2431,0.6202,0.2387,-2.3039,1.0724,0.2716,1,5,17.1662,-1.6349,2.6158,0,,1,10,17.1662,-8.1744,-8.0381,1,收盘亏5%且最大浮亏8%,1,22,17.1662,-18.0926,-9.564,1,收盘亏5%且最大浮亏8%,0,,top3
2026-03-06,sh603826,sh603826,trend_continuation_callback,趋势中继高质量回踩,rule_strategy,S02-current-candidate-20260427,3,73.81,raw,swing,watch,观察中,0,进入趋势中继观察池；等待严格回踩和真承接确认,趋势延续策略,2026-03-09,23.89,defense,defense_repair,防守-修复观察,暂停新开仓,28.0651,5日全市场上涨占比25.0%；5日小盘上涨占比20.4%,-3.6443419072978434,-1.0003328409987744,79.4035,72.4647,24.9608,48.3516,46.4656,1.4409,1.7711,-2.8752,-0.224,-0.5507,89.7959,85.5442,20.4082,44.1327,45.8262,2.1939,2.7185,-2.9115,-0.6034,-0.5873,65.0552,53.0387,34.116,54.8343,51.2431,0.6202,0.2387,-2.3039,1.0724,0.2716,1,5,10.3391,-4.2696,3.8091,0,,1,10,10.3391,-5.3579,-3.851,0,,1,22,22.2269,-5.8183,15.4877,0,,0,,top3
2026-03-06,sz002531,sz002531,trend_continuation_callback,趋势中继高质量回踩,rule_strategy,S02-current-candidate-20260427,4,73.72,raw,swing,watch,观察中,0,进入趋势中继观察池；等待严格回踩和真承接确认,趋势延续策略,2026-03-09,10.48,defense,defense_repair,防守-修复观察,暂停新开仓,28.0651,5日全市场上涨占比25.0%；5日小盘上涨占比20.4%,-3.6443419072978434,-1.0003328409987744,79.4035,72.4647,24.9608,48.3516,46.4656,1.4409,1.7711,-2.8752,-0.224,-0.5507,89.7959,85.5442,20.4082,44.1327,45.8262,2.1939,2.7185,-2.9115,-0.6034,-0.5873,65.0552,53.0387,34.116,54.8343,51.2431,0.6202,0.2387,-2.3039,1.0724,0.2716,1,5,18.5115,-3.626,18.5115,0,,1,10,27.8626,-3.626,6.7748,0,,1,22,27.8626,-3.626,5.6298,0,,0,,top5
2026-03-06,sh600590,sh600590,trend_continuation_callback,趋势中继高质量回踩,rule_strategy,S02-current-candidate-20260427,5,73.69,raw,swing,watch,观察中,0,进入趋势中继观察池；等待严格回踩和真承接确认,趋势延续策略,2026-03-09,15.77,defense,defense_repair,防守-修复观察,暂停新开仓,28.0651,5日全市场上涨占比25.0%；5日小盘上涨占比20.4%,-3.6443419072978434,-1.0003328409987744,79.4035,72.4647,24.9608,48.3516,46.4656,1.4409,1.7711,-2.8752,-0.224,-0.5507,89.7959,85.5442,20.4082,44.1327,45.8262,2.1939,2.7185,-2.9115,-0.6034,-0.5873,65.0552,53.0387,34.116,54.8343,51.2431,0.6202,0.2387,-2.3039,1.0724,0.2716,1,5,9.0679,-9.4483,-8.0533,1,收盘亏5%且最大浮亏8%,1,10,9.0679,-12.1116,-8.3069,1,收盘亏5%且最大浮亏8%,1,22,9.0679,-21.116,-10.2093,1,收盘亏5%且最大浮亏8%,0,,top5
2026-03-09,sh600989,sh600989,spark_opportunity_selector,星火机会模型 1.0,model,1.0,1,34.315615,raw,22d,candidate_buy,明日可买,1,22日冲高机会分靠前，突破结构较好、L2主力净流入强、主动买入强、热点主题前排,星火机会模型,2026-03-10,27.58,caution,caution,谨慎,观察为主,33.4007,5日上涨占比30.3%；10日上涨占比36.6%；10日中位涨跌幅-2.7%,-3.2216282596424506,-0.6177160866065678,25.6587,71.8319,30.3011,36.606,53.3584,-0.9411,1.6131,-1.8633,-2.6695,0.6813,21.3254,82.8377,35.9388,30.2464,51.3191,-0.9494,2.4976,-0.9752,-3.0624,0.2457,28.5517,55.7241,27.0345,43.8621,59.3103,-1.0549,0.463,-2.8526,-1.4607,2.2871,1,5,32.306,0.0,23.7491,0,,1,10,32.306,0.0,16.4249,0,,1,22,32.306,0.0,7.4329,0,,1,<35,top1
2026-03-09,sh603588,sh603588,spark_opportunity_selector,星火机会模型 1.0,model,1.0,2,34.269442,raw,22d,candidate_buy,明日可买,1,22日冲高机会分靠前，突破结构较好、L2主力净流入强、主动买入强、出货压力不高,星火机会模型,2026-03-10,14.17,caution,caution,谨慎,观察为主,33.4007,5日上涨占比30.3%；10日上涨占比36.6%；10日中位涨跌幅-2.7%,-3.2216282596424506,-0.6177160866065678,25.6587,71.8319,30.3011,36.606,53.3584,-0.9411,1.6131,-1.8633,-2.6695,0.6813,21.3254,82.8377,35.9388,30.2464,51.3191,-0.9494,2.4976,-0.9752,-3.0624,0.2457,28.5517,55.7241,27.0345,43.8621,59.3103,-1.0549,0.463,-2.8526,-1.4607,2.2871,1,5,16.0198,-1.7643,12.7029,0,,1,10,16.0198,-9.0332,-7.6217,1,收盘亏5%且最大浮亏8%,1,22,31.6867,-9.0332,30.4164,1,最大浮亏8%,1,<35,top3
2026-03-09,sz000993,sz000993,spark_opportunity_selector,星火机会模型 1.0,model,1.0,3,32.407601,raw,22d,candidate_buy,明日可买,1,22日冲高机会分靠前，突破结构较好、L2主力净流入强、主动买入强、热点主题前排,星火机会模型,2026-03-10,15.09,caution,caution,谨慎,观察为主,33.4007,5日上涨占比30.3%；10日上涨占比36.6%；10日中位涨跌幅-2.7%,-3.2216282596424506,-0.6177160866065678,25.6587,71.8319,30.3011,36.606,53.3584,-0.9411,1.6131,-1.8633,-2.6695,0.6813,21.3254,82.8377,35.9388,30.2464,51.3191,-0.9494,2.4976,-0.9752,-3.0624,0.2457,28.5517,55.7241,27.0345,43.8621,59.3103,-1.0549,0.463,-2.8526,-1.4607,2.2871,1,5,0.729,-7.7535,-6.163,1,收盘亏5%,1,10,0.729,-11.1995,-9.5427,1,收盘亏5%且最大浮亏8%,1,22,14.4467,-20.0133,-19.947,1,收盘亏5%且最大浮亏8%,1,<35,top3
2026-03-09,sh600468,sh600468,trend_continuation_callback,趋势中继高质量回踩,rule_strategy,S02-current-candidate-20260427,1,75.12,raw,swing,watch,观察中,0,进入趋势中继观察池；等待严格回踩和真承接确认,趋势延续策略,2026-03-10,8.82,caution,caution,谨慎,观察为主,33.4007,5日上涨占比30.3%；10日上涨占比36.6%；10日中位涨跌幅-2.7%,-3.2216282596424506,-0.6177160866065678,25.6587,71.8319,30.3011,36.606,53.3584,-0.9411,1.6131,-1.8633,-2.6695,0.6813,21.3254,82.8377,35.9388,30.2464,51.3191,-0.9494,2.4976,-0.9752,-3.0624,0.2457,28.5517,55.7241,27.0345,43.8621,59.3103,-1.0549,0.463,-2.8526,-1.4607,2.2871,1,5,4.4218,-5.3288,-2.381,0,,1,10,7.9365,-7.7098,2.7211,0,,1,22,17.9138,-16.4399,-13.6054,1,收盘亏5%且最大浮亏8%,0,,top1
2026-03-09,sz002261,sz002261,trend_continuation_callback,趋势中继高质量回踩,rule_strategy,S02-current-candidate-20260427,2,75.05,raw,swing,watch,观察中,0,进入趋势中继观察池；等待严格回踩和真承接确认,趋势延续策略,2026-03-10,42.13,caution,caution,谨慎,观察为主,33.4007,5日上涨占比30.3%；10日上涨占比36.6%；10日中位涨跌幅-2.7%,-3.2216282596424506,-0.6177160866065678,25.6587,71.8319,30.3011,36.606,53.3584,-0.9411,1.6131,-1.8633,-2.6695,0.6813,21.3254,82.8377,35.9388,30.2464,51.3191,-0.9494,2.4976,-0.9752,-3.0624,0.2457,28.5517,55.7241,27.0345,43.8621,59.3103,-1.0549,0.463,-2.8526,-1.4607,2.2871,1,5,4.5811,-14.7638,-11.417,1,收盘亏5%且最大浮亏8%,1,10,4.5811,-18.9414,-18.6328,1,收盘亏5%且最大浮亏8%,1,22,4.5811,-22.122,-14.835,1,收盘亏5%且最大浮亏8%,0,,top3
2026-03-09,sz002531,sz002531,trend_continuation_callback,趋势中继高质量回踩,rule_strategy,S02-current-candidate-20260427,3,74.57,raw,swing,watch,观察中,0,进入趋势中继观察池；等待严格回踩和真承接确认,趋势延续策略,2026-03-10,10.58,caution,caution,谨慎,观察为主,33.4007,5日上涨占比30.3%；10日上涨占比36.6%；10日中位涨跌幅-2.7%,-3.2216282596424506,-0.6177160866065678,25.6587,71.8319,30.3011,36.606,53.3584,-0.9411,1.6131,-1.8633,-2.6695,0.6813,21.3254,82.8377,35.9388,30.2464,51.3191,-0.9494,2.4976,-0.9752,-3.0624,0.2457,28.5517,55.7241,27.0345,43.8621,59.3103,-1.0549,0.463,-2.8526,-1.4607,2.2871,1,5,26.6541,-0.4726,15.2174,0,,1,10,26.6541,-0.4726,3.4972,0,,1,22,26.6541,-3.5917,6.8998,0,,0,,top3
2026-03-09,sz002015,sz002015,trend_continuation_callback,趋势中继高质量回踩,rule_strategy,S02-current-candidate-20260427,4,74.22,raw,swing,watch,观察中,0,进入趋势中继观察池；等待严格回踩和真承接确认,趋势延续策略,2026-03-10,18.38,caution,caution,谨慎,观察为主,33.4007,5日上涨占比30.3%；10日上涨占比36.6%；10日中位涨跌幅-2.7%,-3.2216282596424506,-0.6177160866065678,25.6587,71.8319,30.3011,36.606,53.3584,-0.9411,1.6131,-1.8633,-2.6695,0.6813,21.3254,82.8377,35.9388,30.2464,51.3191,-0.9494,2.4976,-0.9752,-3.0624,0.2457,28.5517,55.7241,27.0345,43.8621,59.3103,-1.0549,0.463,-2.8526,-1.4607,2.2871,1,5,25.0816,-7.1273,16.2133,0,,1,10,25.0816,-7.1273,3.3732,0,,1,22,25.0816,-13.6017,-5.2775,1,收盘亏5%且最大浮亏8%,0,,top5
2026-03-09,sh600989,sh600989,trend_continuation_callback,趋势中继高质量回踩,rule_strategy,S02-current-candidate-20260427,5,73.29,raw,swing,watch,观察中,0,进入趋势中继观察池；等待严格回踩和真承接确认,趋势延续策略,2026-03-10,27.58,caution,caution,谨慎,观察为主,33.4007,5日上涨占比30.3%；10日上涨占比36.6%；10日中位涨跌幅-2.7%,-3.2216282596424506,-0.6177160866065678,25.6587,71.8319,30.3011,36.606,53.3584,-0.9411,1.6131,-1.8633,-2.6695,0.6813,21.3254,82.8377,35.9388,30.2464,51.3191,-0.9494,2.4976,-0.9752,-3.0624,0.2457,28.5517,55.7241,27.0345,43.8621,59.3103,-1.0549,0.463,-2.8526,-1.4607,2.2871,1,5,32.306,0.0,23.7491,0,,1,10,32.306,0.0,16.4249,0,,1,22,32.306,0.0,7.4329,0,,0,,top5
2026-03-10,sh600522,sh600522,spark_opportunity_selector,星火机会模型 1.0,model,1.0,1,40.218977,raw,22d,candidate_buy,明日可买,1,22日冲高机会分靠前，L2主力净流入强、主动买入强、热点主题前排、出货压力不高,星火机会模型,2026-03-11,29.82,attack,attack,攻击,可参与,68.905,5日全市场上涨占比70.7%；5日全市场中位涨跌幅2.1%；5日小盘上涨占比85.3%,2.5500396452970753,4.697695044164574,78.2172,75.769,70.6529,40.0188,52.7786,1.1753,1.7604,2.0979,-1.2012,0.6154,82.9227,86.8309,85.3016,34.6644,53.4864,1.4574,2.7293,3.2491,-1.4085,0.6467,74.2069,60.0,52.2759,47.1724,55.8621,0.9956,0.6539,0.2831,-0.3322,1.2179,1,5,6.4386,-12.8102,-12.4078,1,收盘亏5%且最大浮亏8%,1,10,6.4386,-17.505,-12.4748,1,收盘亏5%且最大浮亏8%,1,22,7.9142,-17.505,-0.0671,1,最大浮亏8%,1,>=40,top1
2026-03-10,sh603588,sh603588,spark_opportunity_selector,星火机会模型 1.0,model,1.0,2,38.691814,raw,22d,candidate_buy,明日可买,1,22日冲高机会分靠前，突破结构强、L2主力净流入强、主动买入强、出货压力不高,星火机会模型,2026-03-11,14.51,attack,attack,攻击,可参与,68.905,5日全市场上涨占比70.7%；5日全市场中位涨跌幅2.1%；5日小盘上涨占比85.3%,2.5500396452970753,4.697695044164574,78.2172,75.769,70.6529,40.0188,52.7786,1.1753,1.7604,2.0979,-1.2012,0.6154,82.9227,86.8309,85.3016,34.6644,53.4864,1.4574,2.7293,3.2491,-1.4085,0.6467,74.2069,60.0,52.2759,47.1724,55.8621,0.9956,0.6539,0.2831,-0.3322,1.2179,1,5,13.3012,-0.6203,1.9986,0,,1,10,13.3012,-11.1647,-6.8229,1,收盘亏5%且最大浮亏8%,1,22,28.601,-11.1647,14.4728,1,最大浮亏8%,1,35-40,top3
2026-03-10,sh600410,sh600410,spark_opportunity_selector,星火机会模型 1.0,model,1.0,3,38.360913,raw,22d,candidate_buy,明日可买,1,22日冲高机会分靠前，突破结构强、L2主力净流入强、主动买入强、出货压力不高,星火机会模型,2026-03-11,31.21,attack,attack,攻击,可参与,68.905,5日全市场上涨占比70.7%；5日全市场中位涨跌幅2.1%；5日小盘上涨占比85.3%,2.5500396452970753,4.697695044164574,78.2172,75.769,70.6529,40.0188,52.7786,1.1753,1.7604,2.0979,-1.2012,0.6154,82.9227,86.8309,85.3016,34.6644,53.4864,1.4574,2.7293,3.2491,-1.4085,0.6467,74.2069,60.0,52.2759,47.1724,55.8621,0.9956,0.6539,0.2831,-0.3322,1.2179,1,5,9.9327,-15.8283,-14.7709,1,收盘亏5%且最大浮亏8%,1,10,9.9327,-23.454,-20.0897,1,收盘亏5%且最大浮亏8%,1,22,9.9327,-23.454,-13.297,1,收盘亏5%且最大浮亏8%,1,35-40,top3
2026-03-10,sh600370,sh600370,stable_capital_callback,资金流回调稳健,rule_strategy,S01-M05-conservative-combined-risk,1,83.89,raw,swing,candidate_buy,可买入,1,启动后回调承接确认；风险标签 1 个,资金流回调稳健策略,2026-03-11,2.25,attack,attack,攻击,可参与,68.905,5日全市场上涨占比70.7%；5日全市场中位涨跌幅2.1%；5日小盘上涨占比85.3%,2.5500396452970753,4.697695044164574,78.2172,75.769,70.6529,40.0188,52.7786,1.1753,1.7604,2.0979,-1.2012,0.6154,82.9227,86.8309,85.3016,34.6644,53.4864,1.4574,2.7293,3.2491,-1.4085,0.6467,74.2069,60.0,52.2759,47.1724,55.8621,0.9956,0.6539,0.2831,-0.3322,1.2179,1,5,46.6667,-2.6667,46.6667,0,,1,10,71.5556,-2.6667,20.0,0,,1,22,71.5556,-2.6667,10.6667,0,,1,,top1
2026-03-10,sz002384,sz002384,trend_continuation_callback,趋势中继高质量回踩,rule_strategy,S02-current-candidate-20260427,1,82.5,raw,swing,watch,观察中,0,进入趋势中继观察池；等待严格回踩和真承接确认,趋势延续策略,2026-03-11,109.19,attack,attack,攻击,可参与,68.905,5日全市场上涨占比70.7%；5日全市场中位涨跌幅2.1%；5日小盘上涨占比85.3%,2.5500396452970753,4.697695044164574,78.2172,75.769,70.6529,40.0188,52.7786,1.1753,1.7604,2.0979,-1.2012,0.6154,82.9227,86.8309,85.3016,34.6644,53.4864,1.4574,2.7293,3.2491,-1.4085,0.6467,74.2069,60.0,52.2759,47.1724,55.8621,0.9956,0.6539,0.2831,-0.3322,1.2179,1,5,10.3581,-7.3175,0.4762,0,,1,10,10.3581,-7.3175,-1.5294,0,,1,22,32.8785,-9.488,31.4681,1,最大浮亏8%,0,,top1
2026-03-10,sz002730,sz002730,trend_continuation_callback,趋势中继高质量回踩,rule_strategy,S02-current-candidate-20260427,2,78.58,raw,swing,watch,观察中,0,进入趋势中继观察池；等待严格回踩和真承接确认,趋势延续策略,2026-03-11,19.92,attack,attack,攻击,可参与,68.905,5日全市场上涨占比70.7%；5日全市场中位涨跌幅2.1%；5日小盘上涨占比85.3%,2.5500396452970753,4.697695044164574,78.2172,75.769,70.6529,40.0188,52.7786,1.1753,1.7604,2.0979,-1.2012,0.6154,82.9227,86.8309,85.3016,34.6644,53.4864,1.4574,2.7293,3.2491,-1.4085,0.6467,74.2069,60.0,52.2759,47.1724,55.8621,0.9956,0.6539,0.2831,-0.3322,1.2179,1,5,8.2831,-7.0783,4.9197,0,,1,10,19.8795,-7.0783,18.0221,0,,1,22,54.9197,-7.0783,34.739,0,,0,,top3
2026-03-10,sh603138,sh603138,trend_continuation_callback,趋势中继高质量回踩,rule_strategy,S02-current-candidate-20260427,3,73.66,raw,swing,watch,观察中,0,进入趋势中继观察池；等待严格回踩和真承接确认,趋势延续策略,2026-03-11,23.49,attack,attack,攻击,可参与,68.905,5日全市场上涨占比70.7%；5日全市场中位涨跌幅2.1%；5日小盘上涨占比85.3%,2.5500396452970753,4.697695044164574,78.2172,75.769,70.6529,40.0188,52.7786,1.1753,1.7604,2.0979,-1.2012,0.6154,82.9227,86.8309,85.3016,34.6644,53.4864,1.4574,2.7293,3.2491,-1.4085,0.6467,74.2069,60.0,52.2759,47.1724,55.8621,0.9956,0.6539,0.2831,-0.3322,1.2179,1,5,1.7454,-15.6237,-14.006,1,收盘亏5%且最大浮亏8%,1,10,1.7454,-24.3082,-20.1362,1,收盘亏5%且最大浮亏8%,1,22,1.7454,-24.3082,-15.7088,1,收盘亏5%且最大浮亏8%,0,,top3
2026-03-11,sh603588,sh603588,spark_opportunity_selector,星火机会模型 1.0,model,1.0,1,37.954032,raw,22d,candidate_buy,明日可买,1,22日冲高机会分靠前，突破结构较好、L2主力净流入强、主动买入强、出货压力不高,星火机会模型,2026-03-12,15.12,attack,attack,攻击,可参与,72.7408,5日全市场上涨占比79.6%；5日全市场中位涨跌幅2.8%；5日小盘上涨占比86.1%,3.323334261904143,1.881146303352832,42.4271,52.5243,79.5547,35.2148,47.1142,-0.1969,0.1671,2.8047,-2.1515,-0.5434,28.3772,49.0229,86.0663,29.2268,43.5374,-0.5705,0.0,3.5417,-2.5926,-1.0292,56.3361,55.3719,71.4876,44.4904,53.4435,0.307,0.3804,1.7744,-0.9545,1.1319,1,5,8.7302,-4.1005,-2.8439,0,,1,10,8.7302,-14.7487,-3.9021,1,最大浮亏8%,1,22,23.4127,-14.7487,5.9524,1,最大浮亏8%,1,35-40,top1
2026-03-11,sz002648,sz002648,spark_opportunity_selector,星火机会模型 1.0,model,1.0,2,35.329672,raw,22d,candidate_buy,明日可买,1,22日冲高机会分靠前，突破结构较好、L2主力净流入强、主动买入强、热点主题前排,星火机会模型,2026-03-12,28.39,attack,attack,攻击,可参与,72.7408,5日全市场上涨占比79.6%；5日全市场中位涨跌幅2.8%；5日小盘上涨占比86.1%,3.323334261904143,1.881146303352832,42.4271,52.5243,79.5547,35.2148,47.1142,-0.1969,0.1671,2.8047,-2.1515,-0.5434,28.3772,49.0229,86.0663,29.2268,43.5374,-0.5705,0.0,3.5417,-2.5926,-1.0292,56.3361,55.3719,71.4876,44.4904,53.4435,0.307,0.3804,1.7744,-0.9545,1.1319,1,5,5.671,-10.2501,-8.2071,1,收盘亏5%且最大浮亏8%,1,10,5.671,-13.7725,-9.3343,1,收盘亏5%且最大浮亏8%,1,22,6.9391,-13.7725,6.6925,1,最大浮亏8%,1,35-40,top3
2026-03-11,sz000890,sz000890,spark_opportunity_selector,星火机会模型 1.0,model,1.0,3,35.188437,raw,22d,watch,观察,0,22日冲高机会分靠前，L2主力净流入强、主动买入强、出货压力不高,星火机会模型,2026-03-12,9.13,attack,attack,攻击,可参与,72.7408,5日全市场上涨占比79.6%；5日全市场中位涨跌幅2.8%；5日小盘上涨占比86.1%,3.323334261904143,1.881146303352832,42.4271,52.5243,79.5547,35.2148,47.1142,-0.1969,0.1671,2.8047,-2.1515,-0.5434,28.3772,49.0229,86.0663,29.2268,43.5374,-0.5705,0.0,3.5417,-2.5926,-1.0292,56.3361,55.3719,71.4876,44.4904,53.4435,0.307,0.3804,1.7744,-0.9545,1.1319,1,5,53.3406,0.0,48.9595,0,,1,10,56.2979,0.0,49.069,0,,1,22,92.8806,0.0,44.0307,0,,0,35-40,top3
2026-03-11,sz000767,sz000767,trend_continuation_callback,趋势中继高质量回踩,rule_strategy,S02-current-candidate-20260427,1,62.97,raw,swing,candidate_buy,可买入,1,严格高质量回踩确认；确认日主动买入和主力净流入为正,趋势延续策略,2026-03-12,3.86,attack,attack,攻击,可参与,72.7408,5日全市场上涨占比79.6%；5日全市场中位涨跌幅2.8%；5日小盘上涨占比86.1%,3.323334261904143,1.881146303352832,42.4271,52.5243,79.5547,35.2148,47.1142,-0.1969,0.1671,2.8047,-2.1515,-0.5434,28.3772,49.0229,86.0663,29.2268,43.5374,-0.5705,0.0,3.5417,-2.5926,-1.0292,56.3361,55.3719,71.4876,44.4904,53.4435,0.307,0.3804,1.7744,-0.9545,1.1319,1,5,3.3679,-7.772,-3.886,0,,1,10,10.8808,-7.772,9.0674,0,,1,22,32.6425,-9.8446,-3.6269,1,最大浮亏8%,1,,top1
2026-03-11,sh603588,sh603588,trend_continuation_callback,趋势中继高质量回踩,rule_strategy,S02-current-candidate-20260427,2,83.0,raw,swing,watch,观察中,0,进入趋势中继观察池；等待严格回踩和真承接确认,趋势延续策略,2026-03-12,15.12,attack,attack,攻击,可参与,72.7408,5日全市场上涨占比79.6%；5日全市场中位涨跌幅2.8%；5日小盘上涨占比86.1%,3.323334261904143,1.881146303352832,42.4271,52.5243,79.5547,35.2148,47.1142,-0.1969,0.1671,2.8047,-2.1515,-0.5434,28.3772,49.0229,86.0663,29.2268,43.5374,-0.5705,0.0,3.5417,-2.5926,-1.0292,56.3361,55.3719,71.4876,44.4904,53.4435,0.307,0.3804,1.7744,-0.9545,1.1319,1,5,8.7302,-4.1005,-2.8439,0,,1,10,8.7302,-14.7487,-3.9021,1,最大浮亏8%,1,22,23.4127,-14.7487,5.9524,1,最大浮亏8%,0,,top3
2026-03-11,sh601016,sh601016,trend_continuation_callback,趋势中继高质量回踩,rule_strategy,S02-current-candidate-20260427,3,77.86,raw,swing,watch,观察中,0,进入趋势中继观察池；等待严格回踩和真承接确认,趋势延续策略,2026-03-12,4.23,attack,attack,攻击,可参与,72.7408,5日全市场上涨占比79.6%；5日全市场中位涨跌幅2.8%；5日小盘上涨占比86.1%,3.323334261904143,1.881146303352832,42.4271,52.5243,79.5547,35.2148,47.1142,-0.1969,0.1671,2.8047,-2.1515,-0.5434,28.3772,49.0229,86.0663,29.2268,43.5374,-0.5705,0.0,3.5417,-2.5926,-1.0292,56.3361,55.3719,71.4876,44.4904,53.4435,0.307,0.3804,1.7744,-0.9545,1.1319,1,5,12.2931,-6.6194,4.0189,0,,1,10,27.6596,-6.6194,27.6596,0,,1,22,35.461,-10.6383,-4.2553,1,最大浮亏8%,0,,top3
2026-03-11,sz002432,sz002432,trend_continuation_callback,趋势中继高质量回踩,rule_strategy,S02-current-candidate-20260427,4,72.7,raw,swing,watch,观察中,0,进入趋势中继观察池；等待严格回踩和真承接确认,趋势延续策略,2026-03-12,60.18,attack,attack,攻击,可参与,72.7408,5日全市场上涨占比79.6%；5日全市场中位涨跌幅2.8%；5日小盘上涨占比86.1%,3.323334261904143,1.881146303352832,42.4271,52.5243,79.5547,35.2148,47.1142,-0.1969,0.1671,2.8047,-2.1515,-0.5434,28.3772,49.0229,86.0663,29.2268,43.5374,-0.5705,0.0,3.5417,-2.5926,-1.0292,56.3361,55.3719,71.4876,44.4904,53.4435,0.307,0.3804,1.7744,-0.9545,1.1319,1,5,1.8611,-10.9339,-0.3822,1,最大浮亏8%,1,10,12.1469,-10.9339,5.8491,1,最大浮亏8%,1,22,57.5274,-10.9339,42.7883,1,最大浮亏8%,0,,top5
2026-03-11,sz002730,sz002730,trend_continuation_callback,趋势中继高质量回踩,rule_strategy,S02-current-candidate-20260427,5,72.11,raw,swing,watch,观察中,0,进入趋势中继观察池；等待严格回踩和真承接确认,趋势延续策略,2026-03-12,19.96,attack,attack,攻击,可参与,72.7408,5日全市场上涨占比79.6%；5日全市场中位涨跌幅2.8%；5日小盘上涨占比86.1%,3.323334261904143,1.881146303352832,42.4271,52.5243,79.5547,35.2148,47.1142,-0.1969,0.1671,2.8047,-2.1515,-0.5434,28.3772,49.0229,86.0663,29.2268,43.5374,-0.5705,0.0,3.5417,-2.5926,-1.0292,56.3361,55.3719,71.4876,44.4904,53.4435,0.307,0.3804,1.7744,-0.9545,1.1319,1,5,9.6192,-7.2645,7.3647,0,,1,10,29.5591,-7.2645,29.5591,0,,1,22,54.6092,-7.2645,30.2104,0,,0,,top5
2026-03-11,sh603301,sh603301,trend_continuation_callback,趋势中继高质量回踩,rule_strategy,S02-current-candidate-20260427,6,71.93,raw,swing,watch,观察中,0,进入趋势中继观察池；等待严格回踩和真承接确认,趋势延续策略,2026-03-12,98.0,attack,attack,攻击,可参与,72.7408,5日全市场上涨占比79.6%；5日全市场中位涨跌幅2.8%；5日小盘上涨占比86.1%,3.323334261904143,1.881146303352832,42.4271,52.5243,79.5547,35.2148,47.1142,-0.1969,0.1671,2.8047,-2.1515,-0.5434,28.3772,49.0229,86.0663,29.2268,43.5374,-0.5705,0.0,3.5417,-2.5926,-1.0292,56.3361,55.3719,71.4876,44.4904,53.4435,0.307,0.3804,1.7744,-0.9545,1.1319,1,5,0.0,-7.5408,-4.2857,0,,1,10,0.0,-10.0,-4.0306,1,最大浮亏8%,1,22,5.102,-16.5714,-13.4694,1,收盘亏5%且最大浮亏8%,0,,other
2026-03-12,sh600256,sh600256,spark_opportunity_selector,星火机会模型 1.0,model,1.0,1,34.408933,raw,22d,candidate_buy,明日可买,1,22日冲高机会分靠前，突破结构强、出货压力不高,星火机会模型,2026-03-13,7.75,attack,attack,攻击,可参与,59.5478,5日全市场上涨占比64.1%；5日全市场中位涨跌幅1.4%；5日小盘上涨占比65.8%,2.0167175625900313,1.5692166715285172,33.3647,58.0746,64.0953,33.7096,47.1769,-0.7426,0.5362,1.3928,-2.6288,-0.5448,21.1555,46.8139,65.7604,25.4885,39.881,-1.1041,0.0,1.4085,-3.1593,-1.776,42.8375,69.0083,59.7796,44.3526,55.5096,-0.2807,1.3702,1.0191,-1.418,1.6226,1,5,1.2903,-14.9677,-8.129,1,收盘亏5%且最大浮亏8%,1,10,1.2903,-14.9677,-11.0968,1,收盘亏5%且最大浮亏8%,1,22,1.2903,-18.8387,-15.2258,1,收盘亏5%且最大浮亏8%,1,<35,top1
2026-03-12,sh603588,sh603588,spark_opportunity_selector,星火机会模型 1.0,model,1.0,2,34.332006,raw,22d,candidate_buy,明日可买,1,22日冲高机会分靠前，突破结构较好、L2主力净流入强、主动买入强,星火机会模型,2026-03-13,16.0,attack,attack,攻击,可参与,59.5478,5日全市场上涨占比64.1%；5日全市场中位涨跌幅1.4%；5日小盘上涨占比65.8%,2.0167175625900313,1.5692166715285172,33.3647,58.0746,64.0953,33.7096,47.1769,-0.7426,0.5362,1.3928,-2.6288,-0.5448,21.1555,46.8139,65.7604,25.4885,39.881,-1.1041,0.0,1.4085,-3.1593,-1.776,42.8375,69.0083,59.7796,44.3526,55.5096,-0.2807,1.3702,1.0191,-1.418,1.6226,1,5,1.625,-12.1875,-11.75,1,收盘亏5%且最大浮亏8%,1,10,1.625,-19.4375,-12.1875,1,收盘亏5%且最大浮亏8%,1,22,16.625,-19.4375,-2.0625,1,最大浮亏8%,1,<35,top3
2026-03-12,sh601898,sh601898,spark_opportunity_selector,星火机会模型 1.0,model,1.0,3,32.641309,raw,22d,candidate_buy,明日可买,1,22日冲高机会分靠前，突破结构强、L2主力净流入强、主动买入强、热点主题前排,星火机会模型,2026-03-13,19.56,attack,attack,攻击,可参与,59.5478,5日全市场上涨占比64.1%；5日全市场中位涨跌幅1.4%；5日小盘上涨占比65.8%,2.0167175625900313,1.5692166715285172,33.3647,58.0746,64.0953,33.7096,47.1769,-0.7426,0.5362,1.3928,-2.6288,-0.5448,21.1555,46.8139,65.7604,25.4885,39.881,-1.1041,0.0,1.4085,-3.1593,-1.776,42.8375,69.0083,59.7796,44.3526,55.5096,-0.2807,1.3702,1.0191,-1.418,1.6226,1,5,1.0736,-10.4294,-5.2147,1,收盘亏5%且最大浮亏8%,1,10,1.0736,-12.9857,-8.4867,1,收盘亏5%且最大浮亏8%,1,22,1.0736,-14.1616,-13.0879,1,收盘亏5%且最大浮亏8%,1,<35,top3
2026-03-12,sh603629,sh603629,trend_continuation_callback,趋势中继高质量回踩,rule_strategy,S02-current-candidate-20260427,1,77.7,raw,swing,watch,观察中,0,进入趋势中继观察池；等待严格回踩和真承接确认,趋势延续策略,2026-03-13,62.34,attack,attack,攻击,可参与,59.5478,5日全市场上涨占比64.1%；5日全市场中位涨跌幅1.4%；5日小盘上涨占比65.8%,2.0167175625900313,1.5692166715285172,33.3647,58.0746,64.0953,33.7096,47.1769,-0.7426,0.5362,1.3928,-2.6288,-0.5448,21.1555,46.8139,65.7604,25.4885,39.881,-1.1041,0.0,1.4085,-3.1593,-1.776,42.8375,69.0083,59.7796,44.3526,55.5096,-0.2807,1.3702,1.0191,-1.418,1.6226,1,5,9.1915,-9.2076,9.1915,1,最大浮亏8%,1,10,15.3032,-11.5014,5.9512,1,最大浮亏8%,1,22,28.2483,-11.5014,28.2483,1,最大浮亏8%,0,,top1
2026-03-12,sz000833,sz000833,trend_continuation_callback,趋势中继高质量回踩,rule_strategy,S02-current-candidate-20260427,2,76.66,raw,swing,watch,观察中,0,进入趋势中继观察池；等待严格回踩和真承接确认,趋势延续策略,2026-03-13,28.17,attack,attack,攻击,可参与,59.5478,5日全市场上涨占比64.1%；5日全市场中位涨跌幅1.4%；5日小盘上涨占比65.8%,2.0167175625900313,1.5692166715285172,33.3647,58.0746,64.0953,33.7096,47.1769,-0.7426,0.5362,1.3928,-2.6288,-0.5448,21.1555,46.8139,65.7604,25.4885,39.881,-1.1041,0.0,1.4085,-3.1593,-1.776,42.8375,69.0083,59.7796,44.3526,55.5096,-0.2807,1.3702,1.0191,-1.418,1.6226,1,5,7.5967,-8.9812,-6.3543,1,收盘亏5%且最大浮亏8%,1,10,7.5967,-15.6195,-12.4246,1,收盘亏5%且最大浮亏8%,1,22,7.5967,-19.9503,-12.4246,1,收盘亏5%且最大浮亏8%,0,,top3
2026-03-12,sz002531,sz002531,trend_continuation_callback,趋势中继高质量回踩,rule_strategy,S02-current-candidate-20260427,3,75.16,raw,swing,watch,观察中,0,进入趋势中继观察池；等待严格回踩和真承接确认,趋势延续策略,2026-03-13,11.5,attack,attack,攻击,可参与,59.5478,5日全市场上涨占比64.1%；5日全市场中位涨跌幅1.4%；5日小盘上涨占比65.8%,2.0167175625900313,1.5692166715285172,33.3647,58.0746,64.0953,33.7096,47.1769,-0.7426,0.5362,1.3928,-2.6288,-0.5448,21.1555,46.8139,65.7604,25.4885,39.881,-1.1041,0.0,1.4085,-3.1593,-1.776,42.8375,69.0083,59.7796,44.3526,55.5096,-0.2807,1.3702,1.0191,-1.418,1.6226,1,5,16.5217,-4.5217,-2.6087,0,,1,10,16.5217,-8.6957,-4.8696,1,最大浮亏8%,1,22,16.5217,-11.3043,2.4348,1,最大浮亏8%,0,,top3
2026-03-12,sz000545,sz000545,trend_continuation_callback,趋势中继高质量回踩,rule_strategy,S02-current-candidate-20260427,4,74.95,raw,swing,watch,观察中,0,进入趋势中继观察池；等待严格回踩和真承接确认,趋势延续策略,2026-03-13,3.93,attack,attack,攻击,可参与,59.5478,5日全市场上涨占比64.1%；5日全市场中位涨跌幅1.4%；5日小盘上涨占比65.8%,2.0167175625900313,1.5692166715285172,33.3647,58.0746,64.0953,33.7096,47.1769,-0.7426,0.5362,1.3928,-2.6288,-0.5448,21.1555,46.8139,65.7604,25.4885,39.881,-1.1041,0.0,1.4085,-3.1593,-1.776,42.8375,69.0083,59.7796,44.3526,55.5096,-0.2807,1.3702,1.0191,-1.418,1.6226,1,5,10.1781,-11.9593,-9.6692,1,收盘亏5%且最大浮亏8%,1,10,10.1781,-20.3562,-15.7761,1,收盘亏5%且最大浮亏8%,1,22,10.1781,-27.9898,-23.1552,1,收盘亏5%且最大浮亏8%,0,,top5
2026-03-12,sh603936,sh603936,trend_continuation_callback,趋势中继高质量回踩,rule_strategy,S02-current-candidate-20260427,5,73.27,raw,swing,watch,观察中,0,进入趋势中继观察池；等待严格回踩和真承接确认,趋势延续策略,2026-03-13,15.3,attack,attack,攻击,可参与,59.5478,5日全市场上涨占比64.1%；5日全市场中位涨跌幅1.4%；5日小盘上涨占比65.8%,2.0167175625900313,1.5692166715285172,33.3647,58.0746,64.0953,33.7096,47.1769,-0.7426,0.5362,1.3928,-2.6288,-0.5448,21.1555,46.8139,65.7604,25.4885,39.881,-1.1041,0.0,1.4085,-3.1593,-1.776,42.8375,69.0083,59.7796,44.3526,55.5096,-0.2807,1.3702,1.0191,-1.418,1.6226,1,5,3.7255,-8.3007,-7.5817,1,收盘亏5%且最大浮亏8%,1,10,3.7255,-20.1307,-11.8301,1,收盘亏5%且最大浮亏8%,1,22,3.7255,-20.1307,-7.1895,1,收盘亏5%且最大浮亏8%,0,,top5
2026-03-13,sh600299,sh600299,spark_opportunity_selector,星火机会模型 1.0,model,1.0,1,34.51034,raw,22d,candidate_buy,明日可买,1,22日冲高机会分靠前，突破结构强、L2主力净流入强、主动买入强、出货压力不高,星火机会模型,2026-03-16,15.52,caution,caution,谨慎,观察为主,37.6238,5日上涨占比38.9%；10日上涨占比27.8%；10日中位涨跌幅-3.4%,-0.41901927041552156,1.812277020123032,30.3011,33.5634,38.8959,27.8231,44.8384,-0.6655,-1.312,-0.8456,-3.4239,-1.0352,34.4095,22.0901,31.2659,20.9006,36.4796,-0.3781,-1.8321,-1.2048,-3.7157,-2.2523,27.2727,43.9394,44.2149,37.0523,54.5455,-0.9316,-0.4654,-0.4537,-2.787,1.2456,1,5,6.1856,-11.4691,-11.4046,1,收盘亏5%且最大浮亏8%,1,10,6.1856,-16.817,-10.3737,1,收盘亏5%且最大浮亏8%,1,22,6.1856,-16.8814,-9.9227,1,收盘亏5%且最大浮亏8%,1,<35,top1
2026-03-13,sh600522,sh600522,spark_opportunity_selector,星火机会模型 1.0,model,1.0,2,32.859705,raw,22d,candidate_buy,明日可买,1,22日冲高机会分靠前，突破结构较好、资金潜伏特征较强、L2主力净流入强、主动买入强,星火机会模型,2026-03-16,30.05,caution,caution,谨慎,观察为主,37.6238,5日上涨占比38.9%；10日上涨占比27.8%；10日中位涨跌幅-3.4%,-0.41901927041552156,1.812277020123032,30.3011,33.5634,38.8959,27.8231,44.8384,-0.6655,-1.312,-0.8456,-3.4239,-1.0352,34.4095,22.0901,31.2659,20.9006,36.4796,-0.3781,-1.8321,-1.2048,-3.7157,-2.2523,27.2727,43.9394,44.2149,37.0523,54.5455,-0.9316,-0.4654,-0.4537,-2.787,1.2456,1,5,1.0316,-15.0749,-14.4759,1,收盘亏5%且最大浮亏8%,1,10,1.0316,-18.1364,-9.9834,1,收盘亏5%且最大浮亏8%,1,22,7.0882,-18.1364,-7.4875,1,收盘亏5%且最大浮亏8%,1,<35,top3
2026-03-13,sh600227,sh600227,spark_opportunity_selector,星火机会模型 1.0,model,1.0,3,32.789693,raw,22d,watch,观察,0,22日冲高机会分靠前，突破结构较好、L2主力净流入强、主动买入强、热点主题前排,星火机会模型,2026-03-16,4.5,caution,caution,谨慎,观察为主,37.6238,5日上涨占比38.9%；10日上涨占比27.8%；10日中位涨跌幅-3.4%,-0.41901927041552156,1.812277020123032,30.3011,33.5634,38.8959,27.8231,44.8384,-0.6655,-1.312,-0.8456,-3.4239,-1.0352,34.4095,22.0901,31.2659,20.9006,36.4796,-0.3781,-1.8321,-1.2048,-3.7157,-2.2523,27.2727,43.9394,44.2149,37.0523,54.5455,-0.9316,-0.4654,-0.4537,-2.787,1.2456,1,5,20.0,-6.2222,-5.3333,1,收盘亏5%,1,10,20.0,-18.2222,-5.1111,1,收盘亏5%且最大浮亏8%,1,22,20.0,-24.2222,-21.5556,1,收盘亏5%且最大浮亏8%,0,<35,top3
2026-03-13,sz002730,sz002730,trend_continuation_callback,趋势中继高质量回踩,rule_strategy,S02-current-candidate-20260427,1,78.58,raw,swing,candidate_buy,可买入,1,严格高质量回踩确认；确认日主动买入和主力净流入为正,趋势延续策略,2026-03-16,18.99,caution,caution,谨慎,观察为主,37.6238,5日上涨占比38.9%；10日上涨占比27.8%；10日中位涨跌幅-3.4%,-0.41901927041552156,1.812277020123032,30.3011,33.5634,38.8959,27.8231,44.8384,-0.6655,-1.312,-0.8456,-3.4239,-1.0352,34.4095,22.0901,31.2659,20.9006,36.4796,-0.3781,-1.8321,-1.2048,-3.7157,-2.2523,27.2727,43.9394,44.2149,37.0523,54.5455,-0.9316,-0.4654,-0.4537,-2.787,1.2456,1,5,22.4329,-0.0527,20.9057,0,,1,10,42.1801,-0.0527,28.594,0,,1,22,62.5066,-0.0527,44.0758,0,,1,,top1
2026-03-13,sz002531,sz002531,trend_continuation_callback,趋势中继高质量回踩,rule_strategy,S02-current-candidate-20260427,2,85.11,raw,swing,watch,观察中,0,进入趋势中继观察池；等待严格回踩和真承接确认,趋势延续策略,2026-03-16,12.8,caution,caution,谨慎,观察为主,37.6238,5日上涨占比38.9%；10日上涨占比27.8%；10日中位涨跌幅-3.4%,-0.41901927041552156,1.812277020123032,30.3011,33.5634,38.8959,27.8231,44.8384,-0.6655,-1.312,-0.8456,-3.4239,-1.0352,34.4095,22.0901,31.2659,20.9006,36.4796,-0.3781,-1.8321,-1.2048,-3.7157,-2.2523,27.2727,43.9394,44.2149,37.0523,54.5455,-0.9316,-0.4654,-0.4537,-2.787,1.2456,1,5,4.6875,-14.6094,-12.5781,1,收盘亏5%且最大浮亏8%,1,10,4.6875,-17.9688,-14.9219,1,收盘亏5%且最大浮亏8%,1,22,4.6875,-20.3125,-7.3438,1,收盘亏5%且最大浮亏8%,0,,top3
2026-03-13,sz002733,sz002733,trend_continuation_callback,趋势中继高质量回踩,rule_strategy,S02-current-candidate-20260427,3,76.98,raw,swing,watch,观察中,0,进入趋势中继观察池；等待严格回踩和真承接确认,趋势延续策略,2026-03-16,27.27,caution,caution,谨慎,观察为主,37.6238,5日上涨占比38.9%；10日上涨占比27.8%；10日中位涨跌幅-3.4%,-0.41901927041552156,1.812277020123032,30.3011,33.5634,38.8959,27.8231,44.8384,-0.6655,-1.312,-0.8456,-3.4239,-1.0352,34.4095,22.0901,31.2659,20.9006,36.4796,-0.3781,-1.8321,-1.2048,-3.7157,-2.2523,27.2727,43.9394,44.2149,37.0523,54.5455,-0.9316,-0.4654,-0.4537,-2.787,1.2456,1,5,9.9743,-10.8911,-7.004,1,收盘亏5%且最大浮亏8%,1,10,9.9743,-10.8911,-1.1001,1,最大浮亏8%,1,22,18.7752,-10.8911,10.5977,1,最大浮亏8%,0,,top3
2026-03-13,sh600844,sh600844,trend_continuation_callback,趋势中继高质量回踩,rule_strategy,S02-current-candidate-20260427,4,74.48,raw,swing,watch,观察中,0,进入趋势中继观察池；等待严格回踩和真承接确认,趋势延续策略,2026-03-16,4.17,caution,caution,谨慎,观察为主,37.6238,5日上涨占比38.9%；10日上涨占比27.8%；10日中位涨跌幅-3.4%,-0.41901927041552156,1.812277020123032,30.3011,33.5634,38.8959,27.8231,44.8384,-0.6655,-1.312,-0.8456,-3.4239,-1.0352,34.4095,22.0901,31.2659,20.9006,36.4796,-0.3781,-1.8321,-1.2048,-3.7157,-2.2523,27.2727,43.9394,44.2149,37.0523,54.5455,-0.9316,-0.4654,-0.4537,-2.787,1.2456,1,5,10.0719,-14.1487,-11.9904,1,收盘亏5%且最大浮亏8%,1,10,19.6643,-14.1487,19.6643,1,最大浮亏8%,1,22,31.6547,-14.1487,-13.4293,1,收盘亏5%且最大浮亏8%,0,,top5
2026-03-13,sz002652,sz002652,trend_continuation_callback,趋势中继高质量回踩,rule_strategy,S02-current-candidate-20260427,5,73.82,raw,swing,watch,观察中,0,进入趋势中继观察池；等待严格回踩和真承接确认,趋势延续策略,2026-03-16,5.49,caution,caution,谨慎,观察为主,37.6238,5日上涨占比38.9%；10日上涨占比27.8%；10日中位涨跌幅-3.4%,-0.41901927041552156,1.812277020123032,30.3011,33.5634,38.8959,27.8231,44.8384,-0.6655,-1.312,-0.8456,-3.4239,-1.0352,34.4095,22.0901,31.2659,20.9006,36.4796,-0.3781,-1.8321,-1.2048,-3.7157,-2.2523,27.2727,43.9394,44.2149,37.0523,54.5455,-0.9316,-0.4654,-0.4537,-2.787,1.2456,1,5,11.8397,-16.5756,-15.6648,1,收盘亏5%且最大浮亏8%,1,10,11.8397,-24.0437,-13.4791,1,收盘亏5%且最大浮亏8%,1,22,11.8397,-24.0437,-14.3898,1,收盘亏5%且最大浮亏8%,0,,top5
2026-03-13,sh603115,sh603115,trend_continuation_callback,趋势中继高质量回踩,rule_strategy,S02-current-candidate-20260427,6,72.61,raw,swing,watch,观察中,0,进入趋势中继观察池；等待严格回踩和真承接确认,趋势延续策略,2026-03-16,32.62,caution,caution,谨慎,观察为主,37.6238,5日上涨占比38.9%；10日上涨占比27.8%；10日中位涨跌幅-3.4%,-0.41901927041552156,1.812277020123032,30.3011,33.5634,38.8959,27.8231,44.8384,-0.6655,-1.312,-0.8456,-3.4239,-1.0352,34.4095,22.0901,31.2659,20.9006,36.4796,-0.3781,-1.8321,-1.2048,-3.7157,-2.2523,27.2727,43.9394,44.2149,37.0523,54.5455,-0.9316,-0.4654,-0.4537,-2.787,1.2456,1,5,1.6248,-9.534,-2.3605,1,最大浮亏8%,1,10,33.1392,-9.534,33.1392,1,最大浮亏8%,1,22,48.2219,-9.534,36.4194,1,最大浮亏8%,0,,other
2026-03-16,sh603618,sh603618,spark_opportunity_selector,星火机会模型 1.0,model,1.0,1,35.747047,raw,22d,candidate_buy,明日可买,1,22日冲高机会分靠前，出货压力不高,星火机会模型,2026-03-17,18.9,caution,caution,谨慎,观察为主,48.506,5日上涨占比50.2%；10日上涨占比36.9%；10日中位涨跌幅-1.6%,0.09121306390482697,1.9844256046227526,48.1807,32.1205,50.1882,36.857,38.9081,0.0,-1.1307,0.0706,-1.5866,-2.4111,56.5476,30.5272,48.1293,39.6259,31.4043,0.2896,-1.0136,0.0,-1.0851,-3.2435,37.1389,31.2242,53.37,33.5626,46.9051,-0.4811,-1.3648,0.3123,-2.5262,-0.615,1,5,14.1799,-6.1905,8.0952,0,,1,10,41.3228,-6.1905,41.3228,0,,1,22,59.2593,-6.1905,20.8466,0,,1,35-40,top1
2026-03-16,sh600956,sh600956,spark_opportunity_selector,星火机会模型 1.0,model,1.0,2,35.690392,raw,22d,candidate_buy,明日可买,1,22日冲高机会分靠前，突破结构强、L2主力净流入强、主动买入强,星火机会模型,2026-03-17,9.75,caution,caution,谨慎,观察为主,48.506,5日上涨占比50.2%；10日上涨占比36.9%；10日中位涨跌幅-1.6%,0.09121306390482697,1.9844256046227526,48.1807,32.1205,50.1882,36.857,38.9081,0.0,-1.1307,0.0706,-1.5866,-2.4111,56.5476,30.5272,48.1293,39.6259,31.4043,0.2896,-1.0136,0.0,-1.0851,-3.2435,37.1389,31.2242,53.37,33.5626,46.9051,-0.4811,-1.3648,0.3123,-2.5262,-0.615,1,5,15.2821,-5.641,-0.3077,0,,1,10,15.2821,-11.1795,-8.7179,1,收盘亏5%且最大浮亏8%,1,22,15.2821,-19.1795,-16.9231,1,收盘亏5%且最大浮亏8%,1,35-40,top3
2026-03-16,sh600026,sh600026,spark_opportunity_selector,星火机会模型 1.0,model,1.0,3,35.226372,raw,22d,candidate_buy,明日可买,1,22日冲高机会分靠前，L2主力净流入强、主动买入强,星火机会模型,2026-03-17,23.98,caution,caution,谨慎,观察为主,48.506,5日上涨占比50.2%；10日上涨占比36.9%；10日中位涨跌幅-1.6%,0.09121306390482697,1.9844256046227526,48.1807,32.1205,50.1882,36.857,38.9081,0.0,-1.1307,0.0706,-1.5866,-2.4111,56.5476,30.5272,48.1293,39.6259,31.4043,0.2896,-1.0136,0.0,-1.0851,-3.2435,37.1389,31.2242,53.37,33.5626,46.9051,-0.4811,-1.3648,0.3123,-2.5262,-0.615,1,5,6.5054,-5.4629,-2.0434,0,,1,10,13.3028,-7.4229,-5.7548,1,收盘亏5%,1,22,13.3028,-9.6747,-8.2986,1,收盘亏5%且最大浮亏8%,1,35-40,top3
2026-03-16,sz002512,sz002512,stable_capital_callback,资金流回调稳健,rule_strategy,S01-M05-conservative-combined-risk,1,92.13,raw,swing,candidate_buy,可买入,1,启动后回调承接确认；风险标签 1 个,资金流回调稳健策略,2026-03-17,4.79,caution,caution,谨慎,观察为主,48.506,5日上涨占比50.2%；10日上涨占比36.9%；10日中位涨跌幅-1.6%,0.09121306390482697,1.9844256046227526,48.1807,32.1205,50.1882,36.857,38.9081,0.0,-1.1307,0.0706,-1.5866,-2.4111,56.5476,30.5272,48.1293,39.6259,31.4043,0.2896,-1.0136,0.0,-1.0851,-3.2435,37.1389,31.2242,53.37,33.5626,46.9051,-0.4811,-1.3648,0.3123,-2.5262,-0.615,1,5,1.0438,-21.2944,-21.2944,1,收盘亏5%且最大浮亏8%,1,10,1.0438,-23.7996,-17.7453,1,收盘亏5%且最大浮亏8%,1,22,1.0438,-25.261,-14.405,1,收盘亏5%且最大浮亏8%,1,,top1
2026-03-16,sz000967,sz000967,trend_continuation_callback,趋势中继高质量回踩,rule_strategy,S02-current-candidate-20260427,1,70.1,raw,swing,candidate_buy,可买入,1,严格高质量回踩确认；确认日主动买入和主力净流入为正,趋势延续策略,2026-03-17,8.89,caution,caution,谨慎,观察为主,48.506,5日上涨占比50.2%；10日上涨占比36.9%；10日中位涨跌幅-1.6%,0.09121306390482697,1.9844256046227526,48.1807,32.1205,50.1882,36.857,38.9081,0.0,-1.1307,0.0706,-1.5866,-2.4111,56.5476,30.5272,48.1293,39.6259,31.4043,0.2896,-1.0136,0.0,-1.0851,-3.2435,37.1389,31.2242,53.37,33.5626,46.9051,-0.4811,-1.3648,0.3123,-2.5262,-0.615,1,5,2.1372,-8.2115,-6.8616,1,收盘亏5%且最大浮亏8%,1,10,6.1867,-8.2115,-1.6873,1,最大浮亏8%,1,22,47.0191,-8.2115,47.0191,1,最大浮亏8%,1,,top1
2026-03-16,sz000545,sz000545,trend_continuation_callback,趋势中继高质量回踩,rule_strategy,S02-current-candidate-20260427,2,80.38,raw,swing,watch,观察中,0,进入趋势中继观察池；等待严格回踩和真承接确认,趋势延续策略,2026-03-17,4.0,caution,caution,谨慎,观察为主,48.506,5日上涨占比50.2%；10日上涨占比36.9%；10日中位涨跌幅-1.6%,0.09121306390482697,1.9844256046227526,48.1807,32.1205,50.1882,36.857,38.9081,0.0,-1.1307,0.0706,-1.5866,-2.4111,56.5476,30.5272,48.1293,39.6259,31.4043,0.2896,-1.0136,0.0,-1.0851,-3.2435,37.1389,31.2242,53.37,33.5626,46.9051,-0.4811,-1.3648,0.3123,-2.5262,-0.615,1,5,3.5,-21.75,-20.25,1,收盘亏5%且最大浮亏8%,1,10,3.5,-21.75,-14.25,1,收盘亏5%且最大浮亏8%,1,22,3.5,-29.25,-24.0,1,收盘亏5%且最大浮亏8%,0,,top3
2026-03-16,sz002831,sz002831,trend_continuation_callback,趋势中继高质量回踩,rule_strategy,S02-current-candidate-20260427,3,72.51,raw,swing,watch,观察中,0,进入趋势中继观察池；等待严格回踩和真承接确认,趋势延续策略,2026-03-17,36.16,caution,caution,谨慎,观察为主,48.506,5日上涨占比50.2%；10日上涨占比36.9%；10日中位涨跌幅-1.6%,0.09121306390482697,1.9844256046227526,48.1807,32.1205,50.1882,36.857,38.9081,0.0,-1.1307,0.0706,-1.5866,-2.4111,56.5476,30.5272,48.1293,39.6259,31.4043,0.2896,-1.0136,0.0,-1.0851,-3.2435,37.1389,31.2242,53.37,33.5626,46.9051,-0.4811,-1.3648,0.3123,-2.5262,-0.615,1,5,8.9049,-11.6427,-10.6748,1,收盘亏5%且最大浮亏8%,1,10,8.9049,-13.9381,-8.8496,1,收盘亏5%且最大浮亏8%,1,22,10.3153,-13.9381,0.4978,1,最大浮亏8%,0,,top3
2026-03-16,sz002531,sz002531,trend_continuation_callback,趋势中继高质量回踩,rule_strategy,S02-current-candidate-20260427,4,71.63,raw,swing,watch,观察中,0,进入趋势中继观察池；等待严格回踩和真承接确认,趋势延续策略,2026-03-17,12.0,caution,caution,谨慎,观察为主,48.506,5日上涨占比50.2%；10日上涨占比36.9%；10日中位涨跌幅-1.6%,0.09121306390482697,1.9844256046227526,48.1807,32.1205,50.1882,36.857,38.9081,0.0,-1.1307,0.0706,-1.5866,-2.4111,56.5476,30.5272,48.1293,39.6259,31.4043,0.2896,-1.0136,0.0,-1.0851,-3.2435,37.1389,31.2242,53.37,33.5626,46.9051,-0.4811,-1.3648,0.3123,-2.5262,-0.615,1,5,6.25,-9.25,-8.75,1,收盘亏5%且最大浮亏8%,1,10,6.25,-12.5,-6.75,1,收盘亏5%且最大浮亏8%,1,22,6.25,-15.0,1.3333,1,最大浮亏8%,0,,top5
2026-03-16,sz000912,sz000912,trend_continuation_callback,趋势中继高质量回踩,rule_strategy,S02-current-candidate-20260427,5,71.42,raw,swing,watch,观察中,0,进入趋势中继观察池；等待严格回踩和真承接确认,趋势延续策略,2026-03-17,5.81,caution,caution,谨慎,观察为主,48.506,5日上涨占比50.2%；10日上涨占比36.9%；10日中位涨跌幅-1.6%,0.09121306390482697,1.9844256046227526,48.1807,32.1205,50.1882,36.857,38.9081,0.0,-1.1307,0.0706,-1.5866,-2.4111,56.5476,30.5272,48.1293,39.6259,31.4043,0.2896,-1.0136,0.0,-1.0851,-3.2435,37.1389,31.2242,53.37,33.5626,46.9051,-0.4811,-1.3648,0.3123,-2.5262,-0.615,1,5,15.3184,-16.5232,-11.1876,1,收盘亏5%且最大浮亏8%,1,10,15.3184,-16.5232,-4.475,1,最大浮亏8%,1,22,15.3184,-19.105,-14.9742,1,收盘亏5%且最大浮亏8%,0,,top5
2026-03-16,sh600367,sh600367,trend_continuation_callback,趋势中继高质量回踩,rule_strategy,S02-current-candidate-20260427,6,71.27,raw,swing,watch,观察中,0,进入趋势中继观察池；等待严格回踩和真承接确认,趋势延续策略,2026-03-17,26.81,caution,caution,谨慎,观察为主,48.506,5日上涨占比50.2%；10日上涨占比36.9%；10日中位涨跌幅-1.6%,0.09121306390482697,1.9844256046227526,48.1807,32.1205,50.1882,36.857,38.9081,0.0,-1.1307,0.0706,-1.5866,-2.4111,56.5476,30.5272,48.1293,39.6259,31.4043,0.2896,-1.0136,0.0,-1.0851,-3.2435,37.1389,31.2242,53.37,33.5626,46.9051,-0.4811,-1.3648,0.3123,-2.5262,-0.615,1,5,8.1686,-16.1507,-15.1809,1,收盘亏5%且最大浮亏8%,1,10,8.1686,-20.7012,-17.0086,1,收盘亏5%且最大浮亏8%,1,22,8.1686,-27.4897,-20.6266,1,收盘亏5%且最大浮亏8%,0,,other
2026-03-17,sh603175,sh603175,spark_opportunity_selector,星火机会模型 1.0,model,1.0,1,35.507493,raw,22d,candidate_buy,明日可买,1,22日冲高机会分靠前，突破结构较好、L2主力净流入强、主动买入强、热点主题前排,星火机会模型,2026-03-18,94.65,defense,defense_pressure,防守-弱势承压,暂停新开仓,28.2963,5日全市场上涨占比26.5%；5日小盘上涨占比17.9%,-3.954840197163867,-2.5980952146841263,19.2537,23.2048,26.4973,47.5698,33.5215,-1.4545,-2.0083,-2.5547,-0.2079,-3.5043,12.9252,22.1088,17.8571,53.6565,24.8299,-1.6492,-1.5553,-3.1009,0.3892,-4.6443,27.7473,24.8626,33.9286,40.1099,42.5824,-1.0902,-2.8399,-1.8341,-1.3547,-1.5566,1,5,5.6418,-19.4083,-15.1928,1,收盘亏5%且最大浮亏8%,1,10,5.6418,-19.4083,-16.767,1,收盘亏5%且最大浮亏8%,1,22,5.6418,-20.4649,-3.1907,1,最大浮亏8%,1,35-40,top1
2026-03-17,sh600956,sh600956,spark_opportunity_selector,星火机会模型 1.0,model,1.0,2,32.166435,raw,22d,candidate_buy,明日可买,1,22日冲高机会分靠前，突破结构强、L2主力净流入强、主动买入强、热点主题前排,星火机会模型,2026-03-18,10.32,defense,defense_pressure,防守-弱势承压,暂停新开仓,28.2963,5日全市场上涨占比26.5%；5日小盘上涨占比17.9%,-3.954840197163867,-2.5980952146841263,19.2537,23.2048,26.4973,47.5698,33.5215,-1.4545,-2.0083,-2.5547,-0.2079,-3.5043,12.9252,22.1088,17.8571,53.6565,24.8299,-1.6492,-1.5553,-3.1009,0.3892,-4.6443,27.7473,24.8626,33.9286,40.1099,42.5824,-1.0902,-2.8399,-1.8341,-1.3547,-1.5566,1,5,8.9147,-10.8527,-0.0969,1,最大浮亏8%,1,10,8.9147,-17.4419,-17.1512,1,收盘亏5%且最大浮亏8%,1,22,8.9147,-23.6434,-21.8023,1,收盘亏5%且最大浮亏8%,1,<35,top3
2026-03-17,sh600930,sh600930,spark_opportunity_selector,星火机会模型 1.0,model,1.0,3,32.116742,raw,22d,candidate_buy,明日可买,1,22日冲高机会分靠前，突破结构强、资金潜伏特征较强、L2主力净流入强、主动买入强,星火机会模型,2026-03-18,6.73,defense,defense_pressure,防守-弱势承压,暂停新开仓,28.2963,5日全市场上涨占比26.5%；5日小盘上涨占比17.9%,-3.954840197163867,-2.5980952146841263,19.2537,23.2048,26.4973,47.5698,33.5215,-1.4545,-2.0083,-2.5547,-0.2079,-3.5043,12.9252,22.1088,17.8571,53.6565,24.8299,-1.6492,-1.5553,-3.1009,0.3892,-4.6443,27.7473,24.8626,33.9286,40.1099,42.5824,-1.0902,-2.8399,-1.8341,-1.3547,-1.5566,1,5,8.1724,-3.1204,6.8351,0,,1,10,17.0877,-6.8351,-6.6865,1,收盘亏5%,1,22,17.0877,-11.5899,-10.6984,1,收盘亏5%且最大浮亏8%,1,<35,top3
2026-03-17,sh603175,sh603175,trend_continuation_callback,趋势中继高质量回踩,rule_strategy,S02-current-candidate-20260427,1,75.88,raw,swing,watch,观察中,0,进入趋势中继观察池；等待严格回踩和真承接确认,趋势延续策略,2026-03-18,94.65,defense,defense_pressure,防守-弱势承压,暂停新开仓,28.2963,5日全市场上涨占比26.5%；5日小盘上涨占比17.9%,-3.954840197163867,-2.5980952146841263,19.2537,23.2048,26.4973,47.5698,33.5215,-1.4545,-2.0083,-2.5547,-0.2079,-3.5043,12.9252,22.1088,17.8571,53.6565,24.8299,-1.6492,-1.5553,-3.1009,0.3892,-4.6443,27.7473,24.8626,33.9286,40.1099,42.5824,-1.0902,-2.8399,-1.8341,-1.3547,-1.5566,1,5,5.6418,-19.4083,-15.1928,1,收盘亏5%且最大浮亏8%,1,10,5.6418,-19.4083,-16.767,1,收盘亏5%且最大浮亏8%,1,22,5.6418,-20.4649,-3.1907,1,最大浮亏8%,0,,top1
2026-03-17,sz002730,sz002730,trend_continuation_callback,趋势中继高质量回踩,rule_strategy,S02-current-candidate-20260427,2,74.99,raw,swing,watch,观察中,0,进入趋势中继观察池；等待严格回踩和真承接确认,趋势延续策略,2026-03-18,20.91,defense,defense_pressure,防守-弱势承压,暂停新开仓,28.2963,5日全市场上涨占比26.5%；5日小盘上涨占比17.9%,-3.954840197163867,-2.5980952146841263,19.2537,23.2048,26.4973,47.5698,33.5215,-1.4545,-2.0083,-2.5547,-0.2079,-3.5043,12.9252,22.1088,17.8571,53.6565,24.8299,-1.6492,-1.5553,-3.1009,0.3892,-4.6443,27.7473,24.8626,33.9286,40.1099,42.5824,-1.0902,-2.8399,-1.8341,-1.3547,-1.5566,1,5,14.2037,-1.4347,12.4342,0,,1,10,29.1248,-1.4347,26.7336,0,,1,22,47.5849,-1.4347,29.6031,0,,0,,top3
2026-03-18,sh600026,sh600026,spark_opportunity_selector,星火机会模型 1.0,model,1.0,1,35.794378,raw,22d,candidate_buy,明日可买,1,22日冲高机会分靠前，突破结构较好、L2主力净流入强、主动买入强,星火机会模型,2026-03-19,24.98,defense,defense_repair,防守-修复观察,暂停新开仓,30.9328,5日全市场上涨占比23.4%；5日小盘上涨占比23.0%,-3.1916131260520286,-1.8630267764441766,56.6635,33.1452,23.4243,58.7645,33.4588,0.3525,-0.8386,-1.9672,1.0516,-3.1553,68.1122,36.2245,23.0442,66.8367,28.0612,0.7944,-0.5685,-1.7771,1.7425,-3.6828,46.8407,29.3956,23.2143,49.5879,40.6593,-0.0445,-1.3707,-2.3142,0.0,-1.9817,1,5,8.767,-8.4067,1.4011,1,最大浮亏8%,1,10,8.767,-13.2906,-5.6045,1,收盘亏5%且最大浮亏8%,1,22,8.767,-15.1321,-10.7686,1,收盘亏5%且最大浮亏8%,1,35-40,top1
2026-03-18,sz002654,sz002654,spark_opportunity_selector,星火机会模型 1.0,model,1.0,2,33.912387,raw,22d,candidate_buy,明日可买,1,22日冲高机会分靠前，突破结构强、资金潜伏特征较强、L2主力净流入强、主动买入强,星火机会模型,2026-03-19,16.06,defense,defense_repair,防守-修复观察,暂停新开仓,30.9328,5日全市场上涨占比23.4%；5日小盘上涨占比23.0%,-3.1916131260520286,-1.8630267764441766,56.6635,33.1452,23.4243,58.7645,33.4588,0.3525,-0.8386,-1.9672,1.0516,-3.1553,68.1122,36.2245,23.0442,66.8367,28.0612,0.7944,-0.5685,-1.7771,1.7425,-3.6828,46.8407,29.3956,23.2143,49.5879,40.6593,-0.0445,-1.3707,-2.3142,0.0,-1.9817,1,5,0.6227,-18.68,-7.5342,1,收盘亏5%且最大浮亏8%,1,10,0.6227,-18.68,-14.6326,1,收盘亏5%且最大浮亏8%,1,22,0.6227,-22.7273,-0.7472,1,最大浮亏8%,1,<35,top3
2026-03-18,sh600791,sh600791,spark_opportunity_selector,星火机会模型 1.0,model,1.0,3,33.563228,raw,22d,candidate_buy,明日可买,1,22日冲高机会分靠前，L2主力净流入强、主动买入强,星火机会模型,2026-03-19,9.35,defense,defense_repair,防守-修复观察,暂停新开仓,30.9328,5日全市场上涨占比23.4%；5日小盘上涨占比23.0%,-3.1916131260520286,-1.8630267764441766,56.6635,33.1452,23.4243,58.7645,33.4588,0.3525,-0.8386,-1.9672,1.0516,-3.1553,68.1122,36.2245,23.0442,66.8367,28.0612,0.7944,-0.5685,-1.7771,1.7425,-3.6828,46.8407,29.3956,23.2143,49.5879,40.6593,-0.0445,-1.3707,-2.3142,0.0,-1.9817,1,5,3.2086,-15.1872,-4.7059,1,最大浮亏8%,1,10,10.4813,-15.1872,7.1658,1,最大浮亏8%,1,22,47.7005,-15.1872,33.262,1,最大浮亏8%,1,<35,top3
2026-03-18,sh603992,sh603992,stable_capital_callback,资金流回调稳健,rule_strategy,S01-M05-conservative-combined-risk,1,75.84,raw,swing,candidate_buy,可买入,1,启动后回调承接确认；风险标签 1 个,资金流回调稳健策略,2026-03-19,32.48,defense,defense_repair,防守-修复观察,暂停新开仓,30.9328,5日全市场上涨占比23.4%；5日小盘上涨占比23.0%,-3.1916131260520286,-1.8630267764441766,56.6635,33.1452,23.4243,58.7645,33.4588,0.3525,-0.8386,-1.9672,1.0516,-3.1553,68.1122,36.2245,23.0442,66.8367,28.0612,0.7944,-0.5685,-1.7771,1.7425,-3.6828,46.8407,29.3956,23.2143,49.5879,40.6593,-0.0445,-1.3707,-2.3142,0.0,-1.9817,1,5,16.9951,-3.633,13.2389,0,,1,10,20.7512,-3.633,2.9865,0,,1,22,20.7512,-3.633,3.8177,0,,1,,top1
2026-03-18,sh603737,sh603737,stable_capital_callback,资金流回调稳健,rule_strategy,S01-M05-conservative-combined-risk,2,70.27,raw,swing,candidate_buy,可买入,1,启动后回调承接确认；风险标签 1 个,资金流回调稳健策略,2026-03-19,49.26,defense,defense_repair,防守-修复观察,暂停新开仓,30.9328,5日全市场上涨占比23.4%；5日小盘上涨占比23.0%,-3.1916131260520286,-1.8630267764441766,56.6635,33.1452,23.4243,58.7645,33.4588,0.3525,-0.8386,-1.9672,1.0516,-3.1553,68.1122,36.2245,23.0442,66.8367,28.0612,0.7944,-0.5685,-1.7771,1.7425,-3.6828,46.8407,29.3956,23.2143,49.5879,40.6593,-0.0445,-1.3707,-2.3142,0.0,-1.9817,1,5,1.4616,-5.5826,-0.1015,0,,1,10,8.3638,-5.5826,4.8924,0,,1,22,8.3638,-5.5826,-0.1421,0,,1,,top3
2026-03-18,sh600307,sh600307,trend_continuation_callback,趋势中继高质量回踩,rule_strategy,S02-current-candidate-20260427,1,79.8,raw,swing,watch,观察中,0,进入趋势中继观察池；等待严格回踩和真承接确认,趋势延续策略,2026-03-19,2.39,defense,defense_repair,防守-修复观察,暂停新开仓,30.9328,5日全市场上涨占比23.4%；5日小盘上涨占比23.0%,-3.1916131260520286,-1.8630267764441766,56.6635,33.1452,23.4243,58.7645,33.4588,0.3525,-0.8386,-1.9672,1.0516,-3.1553,68.1122,36.2245,23.0442,66.8367,28.0612,0.7944,-0.5685,-1.7771,1.7425,-3.6828,46.8407,29.3956,23.2143,49.5879,40.6593,-0.0445,-1.3707,-2.3142,0.0,-1.9817,1,5,5.0209,-15.8996,-8.7866,1,收盘亏5%且最大浮亏8%,1,10,5.0209,-18.41,-17.1548,1,收盘亏5%且最大浮亏8%,1,22,5.0209,-25.523,-24.2678,1,收盘亏5%且最大浮亏8%,0,,top1
2026-03-18,sh600791,sh600791,trend_continuation_callback,趋势中继高质量回踩,rule_strategy,S02-current-candidate-20260427,2,77.57,raw,swing,watch,观察中,0,进入趋势中继观察池；等待严格回踩和真承接确认,趋势延续策略,2026-03-19,9.35,defense,defense_repair,防守-修复观察,暂停新开仓,30.9328,5日全市场上涨占比23.4%；5日小盘上涨占比23.0%,-3.1916131260520286,-1.8630267764441766,56.6635,33.1452,23.4243,58.7645,33.4588,0.3525,-0.8386,-1.9672,1.0516,-3.1553,68.1122,36.2245,23.0442,66.8367,28.0612,0.7944,-0.5685,-1.7771,1.7425,-3.6828,46.8407,29.3956,23.2143,49.5879,40.6593,-0.0445,-1.3707,-2.3142,0.0,-1.9817,1,5,3.2086,-15.1872,-4.7059,1,最大浮亏8%,1,10,10.4813,-15.1872,7.1658,1,最大浮亏8%,1,22,47.7005,-15.1872,33.262,1,最大浮亏8%,0,,top3
2026-03-18,sz002730,sz002730,trend_continuation_callback,趋势中继高质量回踩,rule_strategy,S02-current-candidate-20260427,3,73.45,raw,swing,watch,观察中,0,进入趋势中继观察池；等待严格回踩和真承接确认,趋势延续策略,2026-03-19,21.0,defense,defense_repair,防守-修复观察,暂停新开仓,30.9328,5日全市场上涨占比23.4%；5日小盘上涨占比23.0%,-3.1916131260520286,-1.8630267764441766,56.6635,33.1452,23.4243,58.7645,33.4588,0.3525,-0.8386,-1.9672,1.0516,-3.1553,68.1122,36.2245,23.0442,66.8367,28.0612,0.7944,-0.5685,-1.7771,1.7425,-3.6828,46.8407,29.3956,23.2143,49.5879,40.6593,-0.0445,-1.3707,-2.3142,0.0,-1.9817,1,5,23.1429,-0.381,23.1429,0,,1,10,38.8095,-0.381,38.8095,0,,1,22,46.9524,-0.381,27.1429,0,,0,,top3
2026-03-19,sh600370,sh600370,spark_opportunity_selector,星火机会模型 1.0,model,1.0,1,35.519121,raw,22d,candidate_buy,明日可买,1,22日冲高机会分靠前，价格、资金和市场状态组合接近历史冲高样本,星火机会模型,2026-03-20,3.29,defense,defense_active_decline,防守-持续下跌,暂停新开仓,19.0578,5日全市场上涨占比14.1%；5日全市场中位涨跌幅-3.8%；5日小盘上涨占比13.4%,-5.118500710864393,-4.008473559056225,9.7867,13.1117,14.1154,32.0263,27.1644,-2.4715,-3.3039,-3.7827,-2.1806,-4.9011,7.3129,11.5646,13.3503,31.1224,22.619,-2.6217,-3.3943,-3.4037,-1.8433,-5.0871,12.2421,14.0303,16.7813,33.425,33.0124,-2.2165,-2.9875,-4.4395,-2.9141,-4.3582,1,5,2.4316,-24.3161,-23.7082,1,收盘亏5%且最大浮亏8%,1,10,2.4316,-27.3556,-27.0517,1,收盘亏5%且最大浮亏8%,1,22,2.4316,-30.6991,-25.228,1,收盘亏5%且最大浮亏8%,1,35-40,top1
2026-03-19,sh603985,sh603985,spark_opportunity_selector,星火机会模型 1.0,model,1.0,2,34.607735,raw,22d,candidate_buy,明日可买,1,22日冲高机会分靠前，突破结构强、资金潜伏特征较强、L2主力净流入强、主动买入强,星火机会模型,2026-03-20,20.14,defense,defense_active_decline,防守-持续下跌,暂停新开仓,19.0578,5日全市场上涨占比14.1%；5日全市场中位涨跌幅-3.8%；5日小盘上涨占比13.4%,-5.118500710864393,-4.008473559056225,9.7867,13.1117,14.1154,32.0263,27.1644,-2.4715,-3.3039,-3.7827,-2.1806,-4.9011,7.3129,11.5646,13.3503,31.1224,22.619,-2.6217,-3.3943,-3.4037,-1.8433,-5.0871,12.2421,14.0303,16.7813,33.425,33.0124,-2.2165,-2.9875,-4.4395,-2.9141,-4.3582,1,5,3.6743,-10.4767,-3.1778,1,最大浮亏8%,1,10,3.6743,-10.4767,-1.2413,1,最大浮亏8%,1,22,27.6068,-10.4767,19.6624,1,最大浮亏8%,1,<35,top3
2026-03-19,sh603738,sh603738,spark_opportunity_selector,星火机会模型 1.0,model,1.0,3,33.432117,raw,22d,candidate_buy,明日可买,1,22日冲高机会分靠前，资金潜伏特征较强、L2主力净流入强、主动买入强,星火机会模型,2026-03-20,24.48,defense,defense_active_decline,防守-持续下跌,暂停新开仓,19.0578,5日全市场上涨占比14.1%；5日全市场中位涨跌幅-3.8%；5日小盘上涨占比13.4%,-5.118500710864393,-4.008473559056225,9.7867,13.1117,14.1154,32.0263,27.1644,-2.4715,-3.3039,-3.7827,-2.1806,-4.9011,7.3129,11.5646,13.3503,31.1224,22.619,-2.6217,-3.3943,-3.4037,-1.8433,-5.0871,12.2421,14.0303,16.7813,33.425,33.0124,-2.2165,-2.9875,-4.4395,-2.9141,-4.3582,1,5,8.2516,-9.8448,-2.7369,1,最大浮亏8%,1,10,11.7647,-9.8448,1.348,1,最大浮亏8%,1,22,41.6258,-9.8448,41.6258,1,最大浮亏8%,1,<35,top3
2026-03-19,sz002594,sz002594,trend_continuation_callback,趋势中继高质量回踩,rule_strategy,S02-current-candidate-20260427,1,66.29,raw,swing,candidate_buy,可买入,1,严格高质量回踩确认；确认日主动买入和主力净流入为正,趋势延续策略,2026-03-20,101.99,defense,defense_active_decline,防守-持续下跌,暂停新开仓,19.0578,5日全市场上涨占比14.1%；5日全市场中位涨跌幅-3.8%；5日小盘上涨占比13.4%,-5.118500710864393,-4.008473559056225,9.7867,13.1117,14.1154,32.0263,27.1644,-2.4715,-3.3039,-3.7827,-2.1806,-4.9011,7.3129,11.5646,13.3503,31.1224,22.619,-2.6217,-3.3943,-3.4037,-1.8433,-5.0871,12.2421,14.0303,16.7813,33.425,33.0124,-2.2165,-2.9875,-4.4395,-2.9141,-4.3582,1,5,9.6382,-0.4216,1.1276,0,,1,10,9.6382,-1.4609,-0.3334,0,,1,22,9.6382,-4.4514,-0.451,0,,1,,top1
2026-03-19,sz000539,sz000539,trend_continuation_callback,趋势中继高质量回踩,rule_strategy,S02-current-candidate-20260427,2,76.74,raw,swing,watch,观察中,0,进入趋势中继观察池；等待严格回踩和真承接确认,趋势延续策略,2026-03-20,6.05,defense,defense_active_decline,防守-持续下跌,暂停新开仓,19.0578,5日全市场上涨占比14.1%；5日全市场中位涨跌幅-3.8%；5日小盘上涨占比13.4%,-5.118500710864393,-4.008473559056225,9.7867,13.1117,14.1154,32.0263,27.1644,-2.4715,-3.3039,-3.7827,-2.1806,-4.9011,7.3129,11.5646,13.3503,31.1224,22.619,-2.6217,-3.3943,-3.4037,-1.8433,-5.0871,12.2421,14.0303,16.7813,33.425,33.0124,-2.2165,-2.9875,-4.4395,-2.9141,-4.3582,1,5,34.5455,-3.3058,23.8017,0,,1,10,34.5455,-7.7686,-7.2727,1,收盘亏5%,1,22,34.5455,-12.3967,5.6198,1,最大浮亏8%,0,,top3
2026-03-19,sz002730,sz002730,trend_continuation_callback,趋势中继高质量回踩,rule_strategy,S02-current-candidate-20260427,3,71.93,raw,swing,watch,观察中,0,进入趋势中继观察池；等待严格回踩和真承接确认,趋势延续策略,2026-03-20,21.63,defense,defense_active_decline,防守-持续下跌,暂停新开仓,19.0578,5日全市场上涨占比14.1%；5日全市场中位涨跌幅-3.8%；5日小盘上涨占比13.4%,-5.118500710864393,-4.008473559056225,9.7867,13.1117,14.1154,32.0263,27.1644,-2.4715,-3.3039,-3.7827,-2.1806,-4.9011,7.3129,11.5646,13.3503,31.1224,22.619,-2.6217,-3.3943,-3.4037,-1.8433,-5.0871,12.2421,14.0303,16.7813,33.425,33.0124,-2.2165,-2.9875,-4.4395,-2.9141,-4.3582,1,5,24.8266,-1.0171,7.5821,0,,1,10,42.6722,-1.0171,36.3384,0,,1,22,42.6722,-1.0171,22.3763,0,,0,,top3
2026-03-19,sh603489,sh603489,trend_continuation_callback,趋势中继高质量回踩,rule_strategy,S02-current-candidate-20260427,4,71.28,raw,swing,watch,观察中,0,进入趋势中继观察池；等待严格回踩和真承接确认,趋势延续策略,2026-03-20,35.93,defense,defense_active_decline,防守-持续下跌,暂停新开仓,19.0578,5日全市场上涨占比14.1%；5日全市场中位涨跌幅-3.8%；5日小盘上涨占比13.4%,-5.118500710864393,-4.008473559056225,9.7867,13.1117,14.1154,32.0263,27.1644,-2.4715,-3.3039,-3.7827,-2.1806,-4.9011,7.3129,11.5646,13.3503,31.1224,22.619,-2.6217,-3.3943,-3.4037,-1.8433,-5.0871,12.2421,14.0303,16.7813,33.425,33.0124,-2.2165,-2.9875,-4.4395,-2.9141,-4.3582,1,5,0.8071,-15.224,-10.9379,1,收盘亏5%且最大浮亏8%,1,10,0.8071,-15.224,-10.6318,1,收盘亏5%且最大浮亏8%,1,22,8.4887,-15.6694,2.6719,1,最大浮亏8%,0,,top5
2026-03-19,sh600791,sh600791,trend_continuation_callback,趋势中继高质量回踩,rule_strategy,S02-current-candidate-20260427,5,70.84,raw,swing,watch,观察中,0,进入趋势中继观察池；等待严格回踩和真承接确认,趋势延续策略,2026-03-20,9.25,defense,defense_active_decline,防守-持续下跌,暂停新开仓,19.0578,5日全市场上涨占比14.1%；5日全市场中位涨跌幅-3.8%；5日小盘上涨占比13.4%,-5.118500710864393,-4.008473559056225,9.7867,13.1117,14.1154,32.0263,27.1644,-2.4715,-3.3039,-3.7827,-2.1806,-4.9011,7.3129,11.5646,13.3503,31.1224,22.619,-2.6217,-3.3943,-3.4037,-1.8433,-5.0871,12.2421,14.0303,16.7813,33.425,33.0124,-2.2165,-2.9875,-4.4395,-2.9141,-4.3582,1,5,4.8649,-14.2703,-1.0811,1,最大浮亏8%,1,10,16.5405,-14.2703,15.6757,1,最大浮亏8%,1,22,49.2973,-14.2703,37.7297,1,最大浮亏8%,0,,top5
2026-03-19,sz000048,sz000048,trend_continuation_callback,趋势中继高质量回踩,rule_strategy,S02-current-candidate-20260427,6,70.65,raw,swing,watch,观察中,0,进入趋势中继观察池；等待严格回踩和真承接确认,趋势延续策略,2026-03-20,21.25,defense,defense_active_decline,防守-持续下跌,暂停新开仓,19.0578,5日全市场上涨占比14.1%；5日全市场中位涨跌幅-3.8%；5日小盘上涨占比13.4%,-5.118500710864393,-4.008473559056225,9.7867,13.1117,14.1154,32.0263,27.1644,-2.4715,-3.3039,-3.7827,-2.1806,-4.9011,7.3129,11.5646,13.3503,31.1224,22.619,-2.6217,-3.3943,-3.4037,-1.8433,-5.0871,12.2421,14.0303,16.7813,33.425,33.0124,-2.2165,-2.9875,-4.4395,-2.9141,-4.3582,1,5,1.8824,-10.1176,-5.8824,1,收盘亏5%且最大浮亏8%,1,10,14.0706,-10.1176,-9.8353,1,收盘亏5%且最大浮亏8%,1,22,14.0706,-31.2941,-29.6471,1,收盘亏5%且最大浮亏8%,0,,other
2026-03-20,sh603618,sh603618,spark_opportunity_selector,星火机会模型 1.0,model,1.0,1,37.161011,raw,22d,candidate_buy,明日可买,1,22日冲高机会分靠前，突破结构较好、资金潜伏特征较强、L2主力净流入强、主动买入强,星火机会模型,2026-03-23,19.02,defense,defense_active_decline,防守-持续下跌,暂停新开仓,10.468,5日全市场上涨占比10.8%；5日全市场中位涨跌幅-5.4%；5日小盘上涨占比7.7%,-5.245224646611691,-6.390961203041479,12.3902,11.7315,10.7591,16.4994,24.6236,-2.2716,-4.1376,-5.446,-6.4529,-6.3926,6.383,8.2553,7.6596,10.7234,16.8511,-2.8112,-4.6005,-5.8193,-7.0732,-7.6789,22.1458,16.0935,14.4429,25.1719,34.663,-1.2012,-3.2377,-4.7579,-4.8557,-4.4568,1,5,27.6551,0.0,27.6551,0,,1,10,58.2545,0.0,45.3733,0,,1,22,58.2545,0.0,50.1052,0,,1,35-40,top1
2026-03-20,sh603580,sh603580,spark_opportunity_selector,星火机会模型 1.0,model,1.0,2,36.090722,raw,22d,candidate_buy,明日可买,1,22日冲高机会分靠前，突破结构强、资金潜伏特征较强、L2主力净流入强、主动买入强,星火机会模型,2026-03-23,17.27,defense,defense_active_decline,防守-持续下跌,暂停新开仓,10.468,5日全市场上涨占比10.8%；5日全市场中位涨跌幅-5.4%；5日小盘上涨占比7.7%,-5.245224646611691,-6.390961203041479,12.3902,11.7315,10.7591,16.4994,24.6236,-2.2716,-4.1376,-5.446,-6.4529,-6.3926,6.383,8.2553,7.6596,10.7234,16.8511,-2.8112,-4.6005,-5.8193,-7.0732,-7.6789,22.1458,16.0935,14.4429,25.1719,34.663,-1.2012,-3.2377,-4.7579,-4.8557,-4.4568,1,5,1.9108,-6.8327,-4.2849,0,,1,10,5.5588,-6.8327,-1.9687,0,,1,22,17.8344,-6.8327,12.3335,0,,1,35-40,top3
2026-03-20,sz002580,sz002580,spark_opportunity_selector,星火机会模型 1.0,model,1.0,3,34.964961,raw,22d,candidate_buy,明日可买,1,22日冲高机会分靠前，突破结构较好、资金潜伏特征较强、L2主力净流入强、主动买入强,星火机会模型,2026-03-23,13.96,defense,defense_active_decline,防守-持续下跌,暂停新开仓,10.468,5日全市场上涨占比10.8%；5日全市场中位涨跌幅-5.4%；5日小盘上涨占比7.7%,-5.245224646611691,-6.390961203041479,12.3902,11.7315,10.7591,16.4994,24.6236,-2.2716,-4.1376,-5.446,-6.4529,-6.3926,6.383,8.2553,7.6596,10.7234,16.8511,-2.8112,-4.6005,-5.8193,-7.0732,-7.6789,22.1458,16.0935,14.4429,25.1719,34.663,-1.2012,-3.2377,-4.7579,-4.8557,-4.4568,1,5,21.6332,-1.9341,16.5473,0,,1,10,38.7536,-1.9341,10.1003,0,,1,22,140.9742,-1.9341,91.4756,0,,1,<35,top3
2026-03-20,sz002730,sz002730,trend_continuation_callback,趋势中继高质量回踩,rule_strategy,S02-current-candidate-20260427,1,79.11,raw,swing,watch,观察中,0,进入趋势中继观察池；等待严格回踩和真承接确认,趋势延续策略,2026-03-23,22.0,defense,defense_active_decline,防守-持续下跌,暂停新开仓,10.468,5日全市场上涨占比10.8%；5日全市场中位涨跌幅-5.4%；5日小盘上涨占比7.7%,-5.245224646611691,-6.390961203041479,12.3902,11.7315,10.7591,16.4994,24.6236,-2.2716,-4.1376,-5.446,-6.4529,-6.3926,6.383,8.2553,7.6596,10.7234,16.8511,-2.8112,-4.6005,-5.8193,-7.0732,-7.6789,22.1458,16.0935,14.4429,25.1719,34.663,-1.2012,-3.2377,-4.7579,-4.8557,-4.4568,1,5,22.7273,-1.8182,11.0,0,,1,10,40.2727,-1.8182,27.7727,0,,1,22,40.2727,-1.8182,26.3636,0,,0,,top1
2026-03-20,sh600617,sh600617,trend_continuation_callback,趋势中继高质量回踩,rule_strategy,S02-current-candidate-20260427,2,77.36,raw,swing,watch,观察中,0,进入趋势中继观察池；等待严格回踩和真承接确认,趋势延续策略,2026-03-23,4.07,defense,defense_active_decline,防守-持续下跌,暂停新开仓,10.468,5日全市场上涨占比10.8%；5日全市场中位涨跌幅-5.4%；5日小盘上涨占比7.7%,-5.245224646611691,-6.390961203041479,12.3902,11.7315,10.7591,16.4994,24.6236,-2.2716,-4.1376,-5.446,-6.4529,-6.3926,6.383,8.2553,7.6596,10.7234,16.8511,-2.8112,-4.6005,-5.8193,-7.0732,-7.6789,22.1458,16.0935,14.4429,25.1719,34.663,-1.2012,-3.2377,-4.7579,-4.8557,-4.4568,1,5,13.5135,-5.8968,6.6339,0,,1,10,13.5135,-18.4275,-18.1818,1,收盘亏5%且最大浮亏8%,1,22,13.5135,-22.6044,-19.4103,1,收盘亏5%且最大浮亏8%,0,,top3
2026-03-20,sz000539,sz000539,trend_continuation_callback,趋势中继高质量回踩,rule_strategy,S02-current-candidate-20260427,3,77.27,raw,swing,watch,观察中,0,进入趋势中继观察池；等待严格回踩和真承接确认,趋势延续策略,2026-03-23,6.13,defense,defense_active_decline,防守-持续下跌,暂停新开仓,10.468,5日全市场上涨占比10.8%；5日全市场中位涨跌幅-5.4%；5日小盘上涨占比7.7%,-5.245224646611691,-6.390961203041479,12.3902,11.7315,10.7591,16.4994,24.6236,-2.2716,-4.1376,-5.446,-6.4529,-6.3926,6.383,8.2553,7.6596,10.7234,16.8511,-2.8112,-4.6005,-5.8193,-7.0732,-7.6789,22.1458,16.0935,14.4429,25.1719,34.663,-1.2012,-3.2377,-4.7579,-4.8557,-4.4568,1,5,32.7896,-2.9364,13.2137,0,,1,10,32.7896,-13.2137,-12.8874,1,收盘亏5%且最大浮亏8%,1,22,32.7896,-13.54,6.8515,1,最大浮亏8%,0,,top3
2026-03-20,sz002902,sz002902,trend_continuation_callback,趋势中继高质量回踩,rule_strategy,S02-current-candidate-20260427,4,73.94,raw,swing,watch,观察中,0,进入趋势中继观察池；等待严格回踩和真承接确认,趋势延续策略,2026-03-23,23.0,defense,defense_active_decline,防守-持续下跌,暂停新开仓,10.468,5日全市场上涨占比10.8%；5日全市场中位涨跌幅-5.4%；5日小盘上涨占比7.7%,-5.245224646611691,-6.390961203041479,12.3902,11.7315,10.7591,16.4994,24.6236,-2.2716,-4.1376,-5.446,-6.4529,-6.3926,6.383,8.2553,7.6596,10.7234,16.8511,-2.8112,-4.6005,-5.8193,-7.0732,-7.6789,22.1458,16.0935,14.4429,25.1719,34.663,-1.2012,-3.2377,-4.7579,-4.8557,-4.4568,1,5,28.8261,-2.4348,21.4783,0,,1,10,29.8696,-2.4348,17.3913,0,,1,22,38.913,-2.4348,28.2609,0,,0,,top5
2026-03-20,sh605117,sh605117,trend_continuation_callback,趋势中继高质量回踩,rule_strategy,S02-current-candidate-20260427,5,72.37,raw,swing,watch,观察中,0,进入趋势中继观察池；等待严格回踩和真承接确认,趋势延续策略,2026-03-23,133.67,defense,defense_active_decline,防守-持续下跌,暂停新开仓,10.468,5日全市场上涨占比10.8%；5日全市场中位涨跌幅-5.4%；5日小盘上涨占比7.7%,-5.245224646611691,-6.390961203041479,12.3902,11.7315,10.7591,16.4994,24.6236,-2.2716,-4.1376,-5.446,-6.4529,-6.3926,6.383,8.2553,7.6596,10.7234,16.8511,-2.8112,-4.6005,-5.8193,-7.0732,-7.6789,22.1458,16.0935,14.4429,25.1719,34.663,-1.2012,-3.2377,-4.7579,-4.8557,-4.4568,1,5,6.2243,-5.364,-2.8727,0,,1,10,6.2243,-10.3165,-8.8053,1,收盘亏5%且最大浮亏8%,1,22,14.8799,-10.3165,8.506,1,最大浮亏8%,0,,top5
2026-03-23,sh601908,sh601908,spark_opportunity_selector,星火机会模型 1.0,model,1.0,1,34.702602,raw,22d,candidate_buy,明日可买,1,22日冲高机会分靠前，突破结构较好、资金潜伏特征较强、L2主力净流入强、主动买入强,星火机会模型,2026-03-24,4.32,defense,defense_active_decline,防守-持续下跌,暂停新开仓,2.5139,5日全市场上涨占比5.1%；5日全市场中位涨跌幅-10.7%；5日小盘上涨占比3.7%,-9.769949325151906,-9.698222366451647,6.2088,5.519,5.1113,9.0624,14.8322,-5.3191,-9.8655,-10.7466,-10.6473,-12.9187,3.6596,3.1489,3.6596,6.0426,8.0,-6.0219,-11.0067,-11.7647,-11.9165,-14.7059,7.967,7.5549,5.7692,13.3242,23.489,-4.0955,-7.2735,-8.1838,-7.6429,-9.1283,1,5,23.8426,-2.0833,5.3241,0,,1,10,23.8426,-4.8611,4.1667,0,,1,22,23.8426,-5.5556,0.6944,0,,1,<35,top1
2026-03-23,sh600815,sh600815,spark_opportunity_selector,星火机会模型 1.0,model,1.0,2,34.074894,raw,22d,candidate_buy,明日可买,1,22日冲高机会分靠前，突破结构强、L2主力净流入强、主动买入强、出货压力不高,星火机会模型,2026-03-24,3.86,defense,defense_active_decline,防守-持续下跌,暂停新开仓,2.5139,5日全市场上涨占比5.1%；5日全市场中位涨跌幅-10.7%；5日小盘上涨占比3.7%,-9.769949325151906,-9.698222366451647,6.2088,5.519,5.1113,9.0624,14.8322,-5.3191,-9.8655,-10.7466,-10.6473,-12.9187,3.6596,3.1489,3.6596,6.0426,8.0,-6.0219,-11.0067,-11.7647,-11.9165,-14.7059,7.967,7.5549,5.7692,13.3242,23.489,-4.0955,-7.2735,-8.1838,-7.6429,-9.1283,1,5,22.2798,-5.4404,10.3627,0,,1,10,22.2798,-11.399,-9.0674,1,收盘亏5%且最大浮亏8%,1,22,22.2798,-11.399,5.4404,1,最大浮亏8%,1,<35,top3
2026-03-23,sh600683,sh600683,spark_opportunity_selector,星火机会模型 1.0,model,1.0,3,34.000466,raw,22d,candidate_buy,明日可买,1,22日冲高机会分靠前，L2主力净流入强、主动买入强,星火机会模型,2026-03-24,10.81,defense,defense_active_decline,防守-持续下跌,暂停新开仓,2.5139,5日全市场上涨占比5.1%；5日全市场中位涨跌幅-10.7%；5日小盘上涨占比3.7%,-9.769949325151906,-9.698222366451647,6.2088,5.519,5.1113,9.0624,14.8322,-5.3191,-9.8655,-10.7466,-10.6473,-12.9187,3.6596,3.1489,3.6596,6.0426,8.0,-6.0219,-11.0067,-11.7647,-11.9165,-14.7059,7.967,7.5549,5.7692,13.3242,23.489,-4.0955,-7.2735,-8.1838,-7.6429,-9.1283,1,5,6.1055,-13.9685,-6.383,1,收盘亏5%且最大浮亏8%,1,10,6.1055,-21.4616,-19.9815,1,收盘亏5%且最大浮亏8%,1,22,27.197,-21.4616,23.0342,1,最大浮亏8%,1,<35,top3
2026-03-23,sh600617,sh600617,trend_continuation_callback,趋势中继高质量回踩,rule_strategy,S02-current-candidate-20260427,1,76.24,raw,swing,watch,观察中,0,进入趋势中继观察池；等待严格回踩和真承接确认,趋势延续策略,2026-03-24,4.06,defense,defense_active_decline,防守-持续下跌,暂停新开仓,2.5139,5日全市场上涨占比5.1%；5日全市场中位涨跌幅-10.7%；5日小盘上涨占比3.7%,-9.769949325151906,-9.698222366451647,6.2088,5.519,5.1113,9.0624,14.8322,-5.3191,-9.8655,-10.7466,-10.6473,-12.9187,3.6596,3.1489,3.6596,6.0426,8.0,-6.0219,-11.0067,-11.7647,-11.9165,-14.7059,7.967,7.5549,5.7692,13.3242,23.489,-4.0955,-7.2735,-8.1838,-7.6429,-9.1283,1,5,13.7931,-5.665,0.7389,0,,1,10,13.7931,-20.6897,-15.5172,1,收盘亏5%且最大浮亏8%,1,22,13.7931,-22.4138,-17.9803,1,收盘亏5%且最大浮亏8%,0,,top1
2026-03-23,sh600032,sh600032,trend_continuation_callback,趋势中继高质量回踩,rule_strategy,S02-current-candidate-20260427,2,75.12,raw,swing,watch,观察中,0,进入趋势中继观察池；等待严格回踩和真承接确认,趋势延续策略,2026-03-24,10.83,defense,defense_active_decline,防守-持续下跌,暂停新开仓,2.5139,5日全市场上涨占比5.1%；5日全市场中位涨跌幅-10.7%；5日小盘上涨占比3.7%,-9.769949325151906,-9.698222366451647,6.2088,5.519,5.1113,9.0624,14.8322,-5.3191,-9.8655,-10.7466,-10.6473,-12.9187,3.6596,3.1489,3.6596,6.0426,8.0,-6.0219,-11.0067,-11.7647,-11.9165,-14.7059,7.967,7.5549,5.7692,13.3242,23.489,-4.0955,-7.2735,-8.1838,-7.6429,-9.1283,1,5,30.1939,-7.1099,-1.9391,0,,1,10,30.1939,-18.3749,-16.2512,1,收盘亏5%且最大浮亏8%,1,22,30.1939,-18.3749,11.265,1,最大浮亏8%,0,,top3
2026-03-23,sz001258,sz001258,trend_continuation_callback,趋势中继高质量回踩,rule_strategy,S02-current-candidate-20260427,3,74.54,raw,swing,watch,观察中,0,进入趋势中继观察池；等待严格回踩和真承接确认,趋势延续策略,2026-03-24,10.62,defense,defense_active_decline,防守-持续下跌,暂停新开仓,2.5139,5日全市场上涨占比5.1%；5日全市场中位涨跌幅-10.7%；5日小盘上涨占比3.7%,-9.769949325151906,-9.698222366451647,6.2088,5.519,5.1113,9.0624,14.8322,-5.3191,-9.8655,-10.7466,-10.6473,-12.9187,3.6596,3.1489,3.6596,6.0426,8.0,-6.0219,-11.0067,-11.7647,-11.9165,-14.7059,7.967,7.5549,5.7692,13.3242,23.489,-4.0955,-7.2735,-8.1838,-7.6429,-9.1283,1,5,16.1017,-10.9228,-8.5687,1,收盘亏5%且最大浮亏8%,1,10,16.1017,-21.3748,-20.2448,1,收盘亏5%且最大浮亏8%,1,22,16.1017,-21.3748,-9.7928,1,收盘亏5%且最大浮亏8%,0,,top3
2026-03-23,sh605117,sh605117,trend_continuation_callback,趋势中继高质量回踩,rule_strategy,S02-current-candidate-20260427,4,74.34,raw,swing,watch,观察中,0,进入趋势中继观察池；等待严格回踩和真承接确认,趋势延续策略,2026-03-24,135.43,defense,defense_active_decline,防守-持续下跌,暂停新开仓,2.5139,5日全市场上涨占比5.1%；5日全市场中位涨跌幅-10.7%；5日小盘上涨占比3.7%,-9.769949325151906,-9.698222366451647,6.2088,5.519,5.1113,9.0624,14.8322,-5.3191,-9.8655,-10.7466,-10.6473,-12.9187,3.6596,3.1489,3.6596,6.0426,8.0,-6.0219,-11.0067,-11.7647,-11.9165,-14.7059,7.967,7.5549,5.7692,13.3242,23.489,-4.0955,-7.2735,-8.1838,-7.6429,-9.1283,1,5,0.4209,-6.7046,-3.9135,0,,1,10,1.0707,-11.4819,-7.9598,1,收盘亏5%且最大浮亏8%,1,22,13.387,-11.4819,9.8723,1,最大浮亏8%,0,,top5
2026-03-23,sh600310,sh600310,trend_continuation_callback,趋势中继高质量回踩,rule_strategy,S02-current-candidate-20260427,5,73.85,raw,swing,watch,观察中,0,进入趋势中继观察池；等待严格回踩和真承接确认,趋势延续策略,2026-03-24,4.92,defense,defense_active_decline,防守-持续下跌,暂停新开仓,2.5139,5日全市场上涨占比5.1%；5日全市场中位涨跌幅-10.7%；5日小盘上涨占比3.7%,-9.769949325151906,-9.698222366451647,6.2088,5.519,5.1113,9.0624,14.8322,-5.3191,-9.8655,-10.7466,-10.6473,-12.9187,3.6596,3.1489,3.6596,6.0426,8.0,-6.0219,-11.0067,-11.7647,-11.9165,-14.7059,7.967,7.5549,5.7692,13.3242,23.489,-4.0955,-7.2735,-8.1838,-7.6429,-9.1283,1,5,47.561,-3.4553,28.4553,0,,1,10,47.561,-10.7724,-4.878,1,最大浮亏8%,1,22,47.561,-11.5854,7.3171,1,最大浮亏8%,0,,top5
2026-03-24,sh603738,sh603738,spark_opportunity_selector,星火机会模型 1.0,model,1.0,1,37.947897,raw,22d,candidate_buy,明日可买,1,22日冲高机会分靠前，突破结构较好、资金潜伏特征较强、L2主力净流入强、主动买入强,星火机会模型,2026-03-25,26.02,defense,defense_active_decline,防守-持续下跌,暂停新开仓,7.4618,5日全市场上涨占比11.3%；5日全市场中位涨跌幅-6.4%；5日小盘上涨占比7.7%,-5.224532123509585,-8.42087862549935,93.8852,11.571,11.2888,11.9473,17.9367,3.1977,-4.4783,-6.3802,-8.8525,-10.105,96.1735,6.8878,7.7381,6.9728,10.4592,4.2941,-4.8373,-6.5728,-9.4098,-10.9363,90.3846,17.7198,14.4231,18.6813,27.8846,2.0619,-3.4202,-5.3692,-7.1552,-7.7857,1,5,3.6126,-10.5688,-0.3843,1,最大浮亏8%,1,10,5.1499,-10.5688,0.6533,1,最大浮亏8%,1,22,56.4181,-10.5688,52.9977,1,最大浮亏8%,1,35-40,top1
2026-03-24,sz002025,sz002025,spark_opportunity_selector,星火机会模型 1.0,model,1.0,2,35.907953,raw,22d,candidate_buy,明日可买,1,22日冲高机会分靠前，突破结构强、L2主力净流入强、主动买入强、出货压力不高,星火机会模型,2026-03-25,67.0,defense,defense_active_decline,防守-持续下跌,暂停新开仓,7.4618,5日全市场上涨占比11.3%；5日全市场中位涨跌幅-6.4%；5日小盘上涨占比7.7%,-5.224532123509585,-8.42087862549935,93.8852,11.571,11.2888,11.9473,17.9367,3.1977,-4.4783,-6.3802,-8.8525,-10.105,96.1735,6.8878,7.7381,6.9728,10.4592,4.2941,-4.8373,-6.5728,-9.4098,-10.9363,90.3846,17.7198,14.4231,18.6813,27.8846,2.0619,-3.4202,-5.3692,-7.1552,-7.7857,1,5,2.2388,-12.9701,-6.1642,1,收盘亏5%且最大浮亏8%,1,10,8.209,-12.9701,6.1343,1,最大浮亏8%,1,22,24.8209,-12.9701,14.6418,1,最大浮亏8%,1,35-40,top3
2026-03-24,sz000815,sz000815,spark_opportunity_selector,星火机会模型 1.0,model,1.0,3,35.549123,raw,22d,candidate_buy,明日可买,1,22日冲高机会分靠前，突破结构较好、出货压力不高,星火机会模型,2026-03-25,20.81,defense,defense_active_decline,防守-持续下跌,暂停新开仓,7.4618,5日全市场上涨占比11.3%；5日全市场中位涨跌幅-6.4%；5日小盘上涨占比7.7%,-5.224532123509585,-8.42087862549935,93.8852,11.571,11.2888,11.9473,17.9367,3.1977,-4.4783,-6.3802,-8.8525,-10.105,96.1735,6.8878,7.7381,6.9728,10.4592,4.2941,-4.8373,-6.5728,-9.4098,-10.9363,90.3846,17.7198,14.4231,18.6813,27.8846,2.0619,-3.4202,-5.3692,-7.1552,-7.7857,1,5,8.6977,-9.6108,-9.5627,1,收盘亏5%且最大浮亏8%,1,10,8.6977,-13.7914,-2.4027,1,最大浮亏8%,1,22,11.0043,-13.7914,-7.8808,1,收盘亏5%且最大浮亏8%,1,35-40,top3
2026-03-24,sz001258,sz001258,trend_continuation_callback,趋势中继高质量回踩,rule_strategy,S02-current-candidate-20260427,1,80.55,raw,swing,watch,观察中,0,进入趋势中继观察池；等待严格回踩和真承接确认,趋势延续策略,2026-03-25,10.88,defense,defense_active_decline,防守-持续下跌,暂停新开仓,7.4618,5日全市场上涨占比11.3%；5日全市场中位涨跌幅-6.4%；5日小盘上涨占比7.7%,-5.224532123509585,-8.42087862549935,93.8852,11.571,11.2888,11.9473,17.9367,3.1977,-4.4783,-6.3802,-8.8525,-10.105,96.1735,6.8878,7.7381,6.9728,10.4592,4.2941,-4.8373,-6.5728,-9.4098,-10.9363,90.3846,17.7198,14.4231,18.6813,27.8846,2.0619,-3.4202,-5.3692,-7.1552,-7.7857,1,5,13.3272,-16.3603,-16.0846,1,收盘亏5%且最大浮亏8%,1,10,13.3272,-23.2537,-20.7721,1,收盘亏5%且最大浮亏8%,1,22,13.3272,-23.2537,-16.2684,1,收盘亏5%且最大浮亏8%,0,,top1
2026-03-24,sh603738,sh603738,trend_continuation_callback,趋势中继高质量回踩,rule_strategy,S02-current-candidate-20260427,2,72.89,raw,swing,watch,观察中,0,进入趋势中继观察池；等待严格回踩和真承接确认,趋势延续策略,2026-03-25,26.02,defense,defense_active_decline,防守-持续下跌,暂停新开仓,7.4618,5日全市场上涨占比11.3%；5日全市场中位涨跌幅-6.4%；5日小盘上涨占比7.7%,-5.224532123509585,-8.42087862549935,93.8852,11.571,11.2888,11.9473,17.9367,3.1977,-4.4783,-6.3802,-8.8525,-10.105,96.1735,6.8878,7.7381,6.9728,10.4592,4.2941,-4.8373,-6.5728,-9.4098,-10.9363,90.3846,17.7198,14.4231,18.6813,27.8846,2.0619,-3.4202,-5.3692,-7.1552,-7.7857,1,5,3.6126,-10.5688,-0.3843,1,最大浮亏8%,1,10,5.1499,-10.5688,0.6533,1,最大浮亏8%,1,22,56.4181,-10.5688,52.9977,1,最大浮亏8%,0,,top3
2026-03-24,sh605299,sh605299,trend_continuation_callback,趋势中继高质量回踩,rule_strategy,S02-current-candidate-20260427,3,70.8,raw,swing,watch,观察中,0,进入趋势中继观察池；等待严格回踩和真承接确认,趋势延续策略,2026-03-25,16.1,defense,defense_active_decline,防守-持续下跌,暂停新开仓,7.4618,5日全市场上涨占比11.3%；5日全市场中位涨跌幅-6.4%；5日小盘上涨占比7.7%,-5.224532123509585,-8.42087862549935,93.8852,11.571,11.2888,11.9473,17.9367,3.1977,-4.4783,-6.3802,-8.8525,-10.105,96.1735,6.8878,7.7381,6.9728,10.4592,4.2941,-4.8373,-6.5728,-9.4098,-10.9363,90.3846,17.7198,14.4231,18.6813,27.8846,2.0619,-3.4202,-5.3692,-7.1552,-7.7857,1,5,32.4845,0.0,32.4845,0,,1,10,48.9441,0.0,34.5342,0,,1,22,48.9441,0.0,30.0,0,,0,,top3
2026-03-25,sh601778,sh601778,spark_opportunity_selector,星火机会模型 1.0,model,1.0,1,37.244038,raw,22d,candidate_buy,明日可买,1,22日冲高机会分靠前，突破结构较好、资金潜伏特征较强、L2主力净流入强、主动买入强,星火机会模型,2026-03-26,5.8,defense,defense_repair,防守-修复观察,暂停新开仓,13.1673,5日全市场上涨占比14.2%；5日全市场中位涨跌幅-5.0%；5日小盘上涨占比10.3%,-4.2661626094960265,-8.012389591038382,90.7779,44.542,14.1782,13.9586,19.8871,1.8122,-0.3769,-4.9603,-6.892,-9.047,93.3673,50.1701,10.2891,10.4592,13.6054,1.9927,0.0719,-5.285,-6.9063,-9.565,88.7363,42.1703,19.5055,17.9945,28.8462,1.6767,-0.5179,-3.9607,-6.2714,-7.5136,1,5,1.3793,-15.8621,-14.1379,1,收盘亏5%且最大浮亏8%,1,10,1.3793,-20.0,-12.4138,1,收盘亏5%且最大浮亏8%,1,22,35.8621,-20.0,19.6552,1,最大浮亏8%,1,35-40,top1
2026-03-25,sz002428,sz002428,spark_opportunity_selector,星火机会模型 1.0,model,1.0,2,34.637144,raw,22d,candidate_buy,明日可买,1,22日冲高机会分靠前，突破结构较好、L2主力净流入强、主动买入强,星火机会模型,2026-03-26,48.2,defense,defense_repair,防守-修复观察,暂停新开仓,13.1673,5日全市场上涨占比14.2%；5日全市场中位涨跌幅-5.0%；5日小盘上涨占比10.3%,-4.2661626094960265,-8.012389591038382,90.7779,44.542,14.1782,13.9586,19.8871,1.8122,-0.3769,-4.9603,-6.892,-9.047,93.3673,50.1701,10.2891,10.4592,13.6054,1.9927,0.0719,-5.285,-6.9063,-9.565,88.7363,42.1703,19.5055,17.9945,28.8462,1.6767,-0.5179,-3.9607,-6.2714,-7.5136,1,5,12.6556,-6.888,3.527,0,,1,10,17.6349,-6.888,15.332,0,,1,22,71.7012,-6.888,51.0373,0,,1,<35,top3
2026-03-25,sz002053,sz002053,spark_opportunity_selector,星火机会模型 1.0,model,1.0,3,34.261908,raw,22d,candidate_buy,明日可买,1,22日冲高机会分靠前，突破结构强、资金潜伏特征较强、L2主力净流入强、主动买入强,星火机会模型,2026-03-26,13.67,defense,defense_repair,防守-修复观察,暂停新开仓,13.1673,5日全市场上涨占比14.2%；5日全市场中位涨跌幅-5.0%；5日小盘上涨占比10.3%,-4.2661626094960265,-8.012389591038382,90.7779,44.542,14.1782,13.9586,19.8871,1.8122,-0.3769,-4.9603,-6.892,-9.047,93.3673,50.1701,10.2891,10.4592,13.6054,1.9927,0.0719,-5.285,-6.9063,-9.565,88.7363,42.1703,19.5055,17.9945,28.8462,1.6767,-0.5179,-3.9607,-6.2714,-7.5136,1,5,4.1697,-12.6554,-12.1434,1,收盘亏5%且最大浮亏8%,1,10,4.1697,-21.6533,-17.7762,1,收盘亏5%且最大浮亏8%,1,22,4.1697,-21.6533,-15.7279,1,收盘亏5%且最大浮亏8%,1,<35,top3
2026-03-25,sz002326,sz002326,stable_capital_callback,资金流回调稳健,rule_strategy,S01-M05-conservative-combined-risk,1,79.4,raw,swing,candidate_buy,可买入,1,启动后回调承接确认；风险标签 0 个,资金流回调稳健策略,2026-03-26,22.1,defense,defense_repair,防守-修复观察,暂停新开仓,13.1673,5日全市场上涨占比14.2%；5日全市场中位涨跌幅-5.0%；5日小盘上涨占比10.3%,-4.2661626094960265,-8.012389591038382,90.7779,44.542,14.1782,13.9586,19.8871,1.8122,-0.3769,-4.9603,-6.892,-9.047,93.3673,50.1701,10.2891,10.4592,13.6054,1.9927,0.0719,-5.285,-6.9063,-9.565,88.7363,42.1703,19.5055,17.9945,28.8462,1.6767,-0.5179,-3.9607,-6.2714,-7.5136,1,5,8.009,-0.543,5.2036,0,,1,10,8.009,-0.9955,4.2081,0,,1,22,25.3394,-0.9955,23.1674,0,,1,,top1
2026-03-25,sh603738,sh603738,trend_continuation_callback,趋势中继高质量回踩,rule_strategy,S02-current-candidate-20260427,1,73.64,raw,swing,watch,观察中,0,进入趋势中继观察池；等待严格回踩和真承接确认,趋势延续策略,2026-03-26,24.8,defense,defense_repair,防守-修复观察,暂停新开仓,13.1673,5日全市场上涨占比14.2%；5日全市场中位涨跌幅-5.0%；5日小盘上涨占比10.3%,-4.2661626094960265,-8.012389591038382,90.7779,44.542,14.1782,13.9586,19.8871,1.8122,-0.3769,-4.9603,-6.892,-9.047,93.3673,50.1701,10.2891,10.4592,13.6054,1.9927,0.0719,-5.285,-6.9063,-9.565,88.7363,42.1703,19.5055,17.9945,28.8462,1.6767,-0.5179,-3.9607,-6.2714,-7.5136,1,5,10.3226,-6.1694,6.0484,0,,1,10,10.3226,-6.1694,2.379,0,,1,22,73.3871,-6.1694,56.9758,0,,0,,top1
2026-03-25,sz000509,sz000509,trend_continuation_callback,趋势中继高质量回踩,rule_strategy,S02-current-candidate-20260427,2,72.88,raw,swing,watch,观察中,0,进入趋势中继观察池；等待严格回踩和真承接确认,趋势延续策略,2026-03-26,4.58,defense,defense_repair,防守-修复观察,暂停新开仓,13.1673,5日全市场上涨占比14.2%；5日全市场中位涨跌幅-5.0%；5日小盘上涨占比10.3%,-4.2661626094960265,-8.012389591038382,90.7779,44.542,14.1782,13.9586,19.8871,1.8122,-0.3769,-4.9603,-6.892,-9.047,93.3673,50.1701,10.2891,10.4592,13.6054,1.9927,0.0719,-5.285,-6.9063,-9.565,88.7363,42.1703,19.5055,17.9945,28.8462,1.6767,-0.5179,-3.9607,-6.2714,-7.5136,1,5,0.655,-16.5939,-16.1572,1,收盘亏5%且最大浮亏8%,1,10,0.655,-24.4541,-20.0873,1,收盘亏5%且最大浮亏8%,1,22,0.655,-25.7642,-22.9258,1,收盘亏5%且最大浮亏8%,0,,top3
2026-03-25,sh603115,sh603115,trend_continuation_callback,趋势中继高质量回踩,rule_strategy,S02-current-candidate-20260427,3,70.96,raw,swing,watch,观察中,0,进入趋势中继观察池；等待严格回踩和真承接确认,趋势延续策略,2026-03-26,38.0,defense,defense_repair,防守-修复观察,暂停新开仓,13.1673,5日全市场上涨占比14.2%；5日全市场中位涨跌幅-5.0%；5日小盘上涨占比10.3%,-4.2661626094960265,-8.012389591038382,90.7779,44.542,14.1782,13.9586,19.8871,1.8122,-0.3769,-4.9603,-6.892,-9.047,93.3673,50.1701,10.2891,10.4592,13.6054,1.9927,0.0719,-5.285,-6.9063,-9.565,88.7363,42.1703,19.5055,17.9945,28.8462,1.6767,-0.5179,-3.9607,-6.2714,-7.5136,1,5,27.2368,-1.0263,23.2895,0,,1,10,27.2368,-1.0263,19.0263,0,,1,22,62.8421,-1.0263,54.8158,0,,0,,top3
2026-03-26,sz002468,sz002468,spark_opportunity_selector,星火机会模型 1.0,model,1.0,1,32.48288,raw,22d,candidate_buy,明日可买,1,22日冲高机会分靠前，突破结构较好、资金潜伏特征较强、L2主力净流入强、主动买入强,星火机会模型,2026-03-27,14.9,defense,defense_repair,防守-修复观察,暂停新开仓,17.8013,5日全市场上涨占比19.8%；5日全市场中位涨跌幅-3.8%；5日小盘上涨占比14.7%,-3.41193710748966,-10.025667980583696,19.2658,88.0766,19.7992,12.6451,18.45,-1.3072,3.8904,-3.8298,-7.5153,-10.004,15.7581,93.4412,14.6508,10.8177,13.0324,-1.2594,5.1578,-4.0445,-7.2058,-10.3557,21.1538,80.2198,26.511,14.6978,26.2363,-1.4071,2.5655,-3.2146,-7.5907,-8.7432,1,5,5.1678,-0.6711,1.6107,0,,1,10,6.0403,-0.6711,5.1678,0,,1,22,21.3423,-0.8054,11.0738,0,,1,<35,top1
2026-03-26,sh603618,sh603618,spark_opportunity_selector,星火机会模型 1.0,model,1.0,2,30.964068,raw,22d,candidate_buy,明日可买,1,22日冲高机会分靠前，突破结构较好,星火机会模型,2026-03-27,21.46,defense,defense_repair,防守-修复观察,暂停新开仓,17.8013,5日全市场上涨占比19.8%；5日全市场中位涨跌幅-3.8%；5日小盘上涨占比14.7%,-3.41193710748966,-10.025667980583696,19.2658,88.0766,19.7992,12.6451,18.45,-1.3072,3.8904,-3.8298,-7.5153,-10.004,15.7581,93.4412,14.6508,10.8177,13.0324,-1.2594,5.1578,-4.0445,-7.2058,-10.3557,21.1538,80.2198,26.511,14.6978,26.2363,-1.4071,2.5655,-3.2146,-7.5907,-8.7432,1,5,36.9059,-3.6347,29.9161,0,,1,10,40.261,-3.6347,12.3952,0,,1,22,54.3802,-3.6347,35.4147,0,,1,<35,top3
2026-03-26,sz000908,sz000908,spark_opportunity_selector,星火机会模型 1.0,model,1.0,3,30.471052,raw,22d,candidate_buy,明日可买,1,22日冲高机会分靠前，L2主力净流入强、主动买入强、出货压力不高,星火机会模型,2026-03-27,7.74,defense,defense_repair,防守-修复观察,暂停新开仓,17.8013,5日全市场上涨占比19.8%；5日全市场中位涨跌幅-3.8%；5日小盘上涨占比14.7%,-3.41193710748966,-10.025667980583696,19.2658,88.0766,19.7992,12.6451,18.45,-1.3072,3.8904,-3.8298,-7.5153,-10.004,15.7581,93.4412,14.6508,10.8177,13.0324,-1.2594,5.1578,-4.0445,-7.2058,-10.3557,21.1538,80.2198,26.511,14.6978,26.2363,-1.4071,2.5655,-3.2146,-7.5907,-8.7432,1,5,10.7235,-4.7804,-2.8424,0,,1,10,10.7235,-10.9819,-6.9767,1,收盘亏5%且最大浮亏8%,1,22,10.7235,-10.9819,-3.6176,1,最大浮亏8%,1,<35,top3
2026-03-26,sz002517,sz002517,stable_capital_callback,资金流回调稳健,rule_strategy,S01-M05-conservative-combined-risk,1,100.0,raw,swing,candidate_buy,可买入,1,启动后回调承接确认；风险标签 1 个,资金流回调稳健策略,2026-03-27,17.69,defense,defense_repair,防守-修复观察,暂停新开仓,17.8013,5日全市场上涨占比19.8%；5日全市场中位涨跌幅-3.8%；5日小盘上涨占比14.7%,-3.41193710748966,-10.025667980583696,19.2658,88.0766,19.7992,12.6451,18.45,-1.3072,3.8904,-3.8298,-7.5153,-10.004,15.7581,93.4412,14.6508,10.8177,13.0324,-1.2594,5.1578,-4.0445,-7.2058,-10.3557,21.1538,80.2198,26.511,14.6978,26.2363,-1.4071,2.5655,-3.2146,-7.5907,-8.7432,1,5,8.2533,-0.2261,5.9921,0,,1,10,16.1108,-0.2261,14.1323,0,,1,22,16.1108,-6.1051,-2.2046,0,,1,,top1
2026-03-26,sh603979,sh603979,stable_capital_callback,资金流回调稳健,rule_strategy,S01-M05-conservative-combined-risk,2,92.67,raw,swing,candidate_buy,可买入,1,启动后回调承接确认；风险标签 1 个,资金流回调稳健策略,2026-03-27,56.49,defense,defense_repair,防守-修复观察,暂停新开仓,17.8013,5日全市场上涨占比19.8%；5日全市场中位涨跌幅-3.8%；5日小盘上涨占比14.7%,-3.41193710748966,-10.025667980583696,19.2658,88.0766,19.7992,12.6451,18.45,-1.3072,3.8904,-3.8298,-7.5153,-10.004,15.7581,93.4412,14.6508,10.8177,13.0324,-1.2594,5.1578,-4.0445,-7.2058,-10.3557,21.1538,80.2198,26.511,14.6978,26.2363,-1.4071,2.5655,-3.2146,-7.5907,-8.7432,1,5,8.7449,-2.2482,3.0625,0,,1,10,10.8161,-2.2482,7.5412,0,,1,22,16.9233,-2.2482,6.7446,0,,1,,top3
2026-03-26,sz002493,sz002493,stable_capital_callback,资金流回调稳健,rule_strategy,S01-M05-conservative-combined-risk,3,86.96,raw,swing,candidate_buy,可买入,1,启动后回调承接确认；风险标签 1 个,资金流回调稳健策略,2026-03-27,11.68,defense,defense_repair,防守-修复观察,暂停新开仓,17.8013,5日全市场上涨占比19.8%；5日全市场中位涨跌幅-3.8%；5日小盘上涨占比14.7%,-3.41193710748966,-10.025667980583696,19.2658,88.0766,19.7992,12.6451,18.45,-1.3072,3.8904,-3.8298,-7.5153,-10.004,15.7581,93.4412,14.6508,10.8177,13.0324,-1.2594,5.1578,-4.0445,-7.2058,-10.3557,21.1538,80.2198,26.511,14.6978,26.2363,-1.4071,2.5655,-3.2146,-7.5907,-8.7432,1,5,8.0479,-0.5993,4.2808,0,,1,10,11.9863,-0.5993,8.2192,0,,1,22,12.3288,-0.8562,11.5582,0,,1,,top3
2026-03-26,sh605376,sh605376,stable_capital_callback,资金流回调稳健,rule_strategy,S01-M05-conservative-combined-risk,4,88.95,raw,swing,candidate_buy,可买入,1,启动后回调承接确认；风险标签 0 个,资金流回调稳健策略,2026-03-27,89.6,defense,defense_repair,防守-修复观察,暂停新开仓,17.8013,5日全市场上涨占比19.8%；5日全市场中位涨跌幅-3.8%；5日小盘上涨占比14.7%,-3.41193710748966,-10.025667980583696,19.2658,88.0766,19.7992,12.6451,18.45,-1.3072,3.8904,-3.8298,-7.5153,-10.004,15.7581,93.4412,14.6508,10.8177,13.0324,-1.2594,5.1578,-4.0445,-7.2058,-10.3557,21.1538,80.2198,26.511,14.6978,26.2363,-1.4071,2.5655,-3.2146,-7.5907,-8.7432,1,5,10.0335,-1.4955,5.558,0,,1,10,23.4152,-1.4955,17.0982,0,,1,22,41.7411,-1.4955,36.8527,0,,1,,top5
2026-03-26,sz001270,sz001270,stable_capital_callback,资金流回调稳健,rule_strategy,S01-M05-conservative-combined-risk,5,81.68,raw,swing,candidate_buy,可买入,1,启动后回调承接确认；风险标签 1 个,资金流回调稳健策略,2026-03-27,105.01,defense,defense_repair,防守-修复观察,暂停新开仓,17.8013,5日全市场上涨占比19.8%；5日全市场中位涨跌幅-3.8%；5日小盘上涨占比14.7%,-3.41193710748966,-10.025667980583696,19.2658,88.0766,19.7992,12.6451,18.45,-1.3072,3.8904,-3.8298,-7.5153,-10.004,15.7581,93.4412,14.6508,10.8177,13.0324,-1.2594,5.1578,-4.0445,-7.2058,-10.3557,21.1538,80.2198,26.511,14.6978,26.2363,-1.4071,2.5655,-3.2146,-7.5907,-8.7432,1,5,14.751,-4.0091,8.0945,0,,1,10,21.6836,-4.0091,17.1127,0,,1,22,53.2997,-4.0091,33.9872,0,,1,,top5
2026-03-26,sh603115,sh603115,trend_continuation_callback,趋势中继高质量回踩,rule_strategy,S02-current-candidate-20260427,1,79.28,raw,swing,watch,观察中,0,进入趋势中继观察池；等待严格回踩和真承接确认,趋势延续策略,2026-03-27,38.5,defense,defense_repair,防守-修复观察,暂停新开仓,17.8013,5日全市场上涨占比19.8%；5日全市场中位涨跌幅-3.8%；5日小盘上涨占比14.7%,-3.41193710748966,-10.025667980583696,19.2658,88.0766,19.7992,12.6451,18.45,-1.3072,3.8904,-3.8298,-7.5153,-10.004,15.7581,93.4412,14.6508,10.8177,13.0324,-1.2594,5.1578,-4.0445,-7.2058,-10.3557,21.1538,80.2198,26.511,14.6978,26.2363,-1.4071,2.5655,-3.2146,-7.5907,-8.7432,1,5,25.5844,-1.2987,13.7143,0,,1,10,25.5844,-1.2987,11.3766,0,,1,22,60.7273,-1.2987,49.7403,0,,0,,top1
2026-03-26,sz000791,sz000791,trend_continuation_callback,趋势中继高质量回踩,rule_strategy,S02-current-candidate-20260427,2,70.28,raw,swing,watch,观察中,0,进入趋势中继观察池；等待严格回踩和真承接确认,趋势延续策略,2026-03-27,8.84,defense,defense_repair,防守-修复观察,暂停新开仓,17.8013,5日全市场上涨占比19.8%；5日全市场中位涨跌幅-3.8%；5日小盘上涨占比14.7%,-3.41193710748966,-10.025667980583696,19.2658,88.0766,19.7992,12.6451,18.45,-1.3072,3.8904,-3.8298,-7.5153,-10.004,15.7581,93.4412,14.6508,10.8177,13.0324,-1.2594,5.1578,-4.0445,-7.2058,-10.3557,21.1538,80.2198,26.511,14.6978,26.2363,-1.4071,2.5655,-3.2146,-7.5907,-8.7432,1,5,1.2443,-18.552,-17.7602,1,收盘亏5%且最大浮亏8%,1,10,1.2443,-19.5701,-17.7602,1,收盘亏5%且最大浮亏8%,1,22,1.2443,-19.5701,-6.9005,1,收盘亏5%且最大浮亏8%,0,,top3
2026-03-27,sh600773,sh600773,spark_opportunity_selector,星火机会模型 1.0,model,1.0,1,36.546073,raw,22d,candidate_buy,明日可买,1,22日冲高机会分靠前，突破结构强、资金潜伏特征较强、L2主力净流入强、主动买入强,星火机会模型,2026-03-30,19.9,caution,caution,谨慎,观察为主,44.2936,5日上涨占比45.5%；10日上涨占比15.2%；10日中位涨跌幅-5.9%,-0.4769282763284033,-9.514602375679504,77.6696,76.9158,45.5402,15.201,18.2475,1.1033,1.7433,-0.3348,-5.8648,-9.15,85.0213,85.617,55.0638,13.5319,13.0213,1.4286,2.2388,0.3868,-5.5881,-9.2453,67.2627,64.5117,38.3769,16.6437,25.8597,0.6189,0.7884,-1.0101,-5.9886,-8.4294,1,5,1.407,-12.7136,-11.407,1,收盘亏5%且最大浮亏8%,1,10,1.407,-15.0754,-2.7136,1,最大浮亏8%,1,22,44.9246,-15.0754,41.206,1,最大浮亏8%,1,35-40,top1
2026-03-27,sz000908,sz000908,spark_opportunity_selector,星火机会模型 1.0,model,1.0,2,36.34384,raw,22d,candidate_buy,明日可买,1,22日冲高机会分靠前，L2主力净流入强、主动买入强、热点主题前排、出货压力不高,星火机会模型,2026-03-30,7.99,caution,caution,谨慎,观察为主,44.2936,5日上涨占比45.5%；10日上涨占比15.2%；10日中位涨跌幅-5.9%,-0.4769282763284033,-9.514602375679504,77.6696,76.9158,45.5402,15.201,18.2475,1.1033,1.7433,-0.3348,-5.8648,-9.15,85.0213,85.617,55.0638,13.5319,13.0213,1.4286,2.2388,0.3868,-5.5881,-9.2453,67.2627,64.5117,38.3769,16.6437,25.8597,0.6189,0.7884,-1.0101,-5.9886,-8.4294,1,5,7.2591,-10.5131,-10.5131,1,收盘亏5%且最大浮亏8%,1,10,7.2591,-13.7672,-9.3867,1,收盘亏5%且最大浮亏8%,1,22,7.2591,-13.7672,-7.7597,1,收盘亏5%且最大浮亏8%,1,35-40,top3
2026-03-27,sh603906,sh603906,spark_opportunity_selector,星火机会模型 1.0,model,1.0,3,33.91882,raw,22d,candidate_buy,明日可买,1,22日冲高机会分靠前，突破结构强、资金潜伏特征较强、L2主力净流入强、主动买入强,星火机会模型,2026-03-30,22.0,caution,caution,谨慎,观察为主,44.2936,5日上涨占比45.5%；10日上涨占比15.2%；10日中位涨跌幅-5.9%,-0.4769282763284033,-9.514602375679504,77.6696,76.9158,45.5402,15.201,18.2475,1.1033,1.7433,-0.3348,-5.8648,-9.15,85.0213,85.617,55.0638,13.5319,13.0213,1.4286,2.2388,0.3868,-5.5881,-9.2453,67.2627,64.5117,38.3769,16.6437,25.8597,0.6189,0.7884,-1.0101,-5.9886,-8.4294,1,5,8.1818,-4.5,-1.9091,0,,1,10,8.1818,-5.8636,1.9091,0,,1,22,53.6364,-5.8636,49.9545,0,,1,<35,top3
2026-03-27,sz002407,sz002407,stable_capital_callback,资金流回调稳健,rule_strategy,S01-M05-conservative-combined-risk,1,98.9,raw,swing,candidate_buy,可买入,1,启动后回调承接确认；风险标签 1 个,资金流回调稳健策略,2026-03-30,28.46,caution,caution,谨慎,观察为主,44.2936,5日上涨占比45.5%；10日上涨占比15.2%；10日中位涨跌幅-5.9%,-0.4769282763284033,-9.514602375679504,77.6696,76.9158,45.5402,15.201,18.2475,1.1033,1.7433,-0.3348,-5.8648,-9.15,85.0213,85.617,55.0638,13.5319,13.0213,1.4286,2.2388,0.3868,-5.5881,-9.2453,67.2627,64.5117,38.3769,16.6437,25.8597,0.6189,0.7884,-1.0101,-5.9886,-8.4294,1,5,2.8461,-6.1841,-4.8489,0,,1,10,2.8461,-6.676,0.7379,0,,1,22,27.5474,-6.676,26.0365,0,,1,,top1
2026-03-27,sh603799,sh603799,stable_capital_callback,资金流回调稳健,rule_strategy,S01-M05-conservative-combined-risk,2,98.31,raw,swing,candidate_buy,可买入,1,启动后回调承接确认；风险标签 1 个,资金流回调稳健策略,2026-03-30,59.0,caution,caution,谨慎,观察为主,44.2936,5日上涨占比45.5%；10日上涨占比15.2%；10日中位涨跌幅-5.9%,-0.4769282763284033,-9.514602375679504,77.6696,76.9158,45.5402,15.201,18.2475,1.1033,1.7433,-0.3348,-5.8648,-9.15,85.0213,85.617,55.0638,13.5319,13.0213,1.4286,2.2388,0.3868,-5.5881,-9.2453,67.2627,64.5117,38.3769,16.6437,25.8597,0.6189,0.7884,-1.0101,-5.9886,-8.4294,1,5,3.0339,-2.8814,-2.678,0,,1,10,6.7627,-2.8814,5.8136,0,,1,22,16.6102,-2.8814,14.678,0,,1,,top3
2026-03-27,sz000425,sz000425,stable_capital_callback,资金流回调稳健,rule_strategy,S01-M05-conservative-combined-risk,3,88.04,raw,swing,candidate_buy,可买入,1,启动后回调承接确认；风险标签 0 个,资金流回调稳健策略,2026-03-30,10.15,caution,caution,谨慎,观察为主,44.2936,5日上涨占比45.5%；10日上涨占比15.2%；10日中位涨跌幅-5.9%,-0.4769282763284033,-9.514602375679504,77.6696,76.9158,45.5402,15.201,18.2475,1.1033,1.7433,-0.3348,-5.8648,-9.15,85.0213,85.617,55.0638,13.5319,13.0213,1.4286,2.2388,0.3868,-5.5881,-9.2453,67.2627,64.5117,38.3769,16.6437,25.8597,0.6189,0.7884,-1.0101,-5.9886,-8.4294,1,5,3.9409,-3.6453,0.4926,0,,1,10,7.6847,-3.6453,2.266,0,,1,22,7.6847,-6.8966,1.4778,0,,1,,top3
2026-03-27,sz002379,sz002379,stable_capital_callback,资金流回调稳健,rule_strategy,S01-M05-conservative-combined-risk,4,96.99,raw,swing,candidate_buy,可买入,1,启动后回调承接确认；风险标签 1 个,资金流回调稳健策略,2026-03-30,28.04,caution,caution,谨慎,观察为主,44.2936,5日上涨占比45.5%；10日上涨占比15.2%；10日中位涨跌幅-5.9%,-0.4769282763284033,-9.514602375679504,77.6696,76.9158,45.5402,15.201,18.2475,1.1033,1.7433,-0.3348,-5.8648,-9.15,85.0213,85.617,55.0638,13.5319,13.0213,1.4286,2.2388,0.3868,-5.5881,-9.2453,67.2627,64.5117,38.3769,16.6437,25.8597,0.6189,0.7884,-1.0101,-5.9886,-8.4294,1,5,3.1384,-5.9558,-3.4237,0,,1,10,6.7047,-5.9558,0.1783,0,,1,22,6.7047,-12.2325,-9.9144,1,收盘亏5%且最大浮亏8%,1,,top5
2026-03-27,sh601168,sh601168,stable_capital_callback,资金流回调稳健,rule_strategy,S01-M05-conservative-combined-risk,5,96.62,raw,swing,candidate_buy,可买入,1,启动后回调承接确认；风险标签 0 个,资金流回调稳健策略,2026-03-30,25.07,caution,caution,谨慎,观察为主,44.2936,5日上涨占比45.5%；10日上涨占比15.2%；10日中位涨跌幅-5.9%,-0.4769282763284033,-9.514602375679504,77.6696,76.9158,45.5402,15.201,18.2475,1.1033,1.7433,-0.3348,-5.8648,-9.15,85.0213,85.617,55.0638,13.5319,13.0213,1.4286,2.2388,0.3868,-5.5881,-9.2453,67.2627,64.5117,38.3769,16.6437,25.8597,0.6189,0.7884,-1.0101,-5.9886,-8.4294,1,5,5.1456,-1.2764,1.8748,0,,1,10,11.4878,-1.2764,9.0148,0,,1,22,22.2976,-1.2764,21.0211,0,,1,,top5
2026-03-27,sh603881,sh603881,stable_capital_callback,资金流回调稳健,rule_strategy,S01-M05-conservative-combined-risk,6,91.89,raw,swing,candidate_buy,可买入,1,启动后回调承接确认；风险标签 1 个,资金流回调稳健策略,2026-03-30,36.35,caution,caution,谨慎,观察为主,44.2936,5日上涨占比45.5%；10日上涨占比15.2%；10日中位涨跌幅-5.9%,-0.4769282763284033,-9.514602375679504,77.6696,76.9158,45.5402,15.201,18.2475,1.1033,1.7433,-0.3348,-5.8648,-9.15,85.0213,85.617,55.0638,13.5319,13.0213,1.4286,2.2388,0.3868,-5.5881,-9.2453,67.2627,64.5117,38.3769,16.6437,25.8597,0.6189,0.7884,-1.0101,-5.9886,-8.4294,1,5,8.8583,-1.6781,0.8253,0,,1,10,12.1871,-2.0633,10.564,0,,1,22,17.249,-2.0633,2.3934,0,,1,,other
2026-03-27,sz002131,sz002131,stable_capital_callback,资金流回调稳健,rule_strategy,S01-M05-conservative-combined-risk,7,79.15,raw,swing,candidate_buy,可买入,1,启动后回调承接确认；风险标签 0 个,资金流回调稳健策略,2026-03-30,7.59,caution,caution,谨慎,观察为主,44.2936,5日上涨占比45.5%；10日上涨占比15.2%；10日中位涨跌幅-5.9%,-0.4769282763284033,-9.514602375679504,77.6696,76.9158,45.5402,15.201,18.2475,1.1033,1.7433,-0.3348,-5.8648,-9.15,85.0213,85.617,55.0638,13.5319,13.0213,1.4286,2.2388,0.3868,-5.5881,-9.2453,67.2627,64.5117,38.3769,16.6437,25.8597,0.6189,0.7884,-1.0101,-5.9886,-8.4294,1,5,6.8511,-6.3241,-6.1924,1,收盘亏5%,1,10,7.9051,-6.3241,6.0606,0,,1,22,11.3307,-14.6245,-13.4387,1,收盘亏5%且最大浮亏8%,1,,other
2026-03-27,sh603993,sh603993,stable_capital_callback,资金流回调稳健,rule_strategy,S01-M05-conservative-combined-risk,8,89.92,raw,swing,candidate_buy,可买入,1,启动后回调承接确认；风险标签 0 个,资金流回调稳健策略,2026-03-30,17.25,caution,caution,谨慎,观察为主,44.2936,5日上涨占比45.5%；10日上涨占比15.2%；10日中位涨跌幅-5.9%,-0.4769282763284033,-9.514602375679504,77.6696,76.9158,45.5402,15.201,18.2475,1.1033,1.7433,-0.3348,-5.8648,-9.15,85.0213,85.617,55.0638,13.5319,13.0213,1.4286,2.2388,0.3868,-5.5881,-9.2453,67.2627,64.5117,38.3769,16.6437,25.8597,0.6189,0.7884,-1.0101,-5.9886,-8.4294,1,5,6.4928,-1.6232,1.5652,0,,1,10,12.6377,-1.6232,9.3333,0,,1,22,19.7101,-1.6232,11.2464,0,,1,,other
2026-03-27,sz002733,sz002733,trend_continuation_callback,趋势中继高质量回踩,rule_strategy,S02-current-candidate-20260427,1,69.49,raw,swing,candidate_buy,可买入,1,严格高质量回踩确认；确认日主动买入和主力净流入为正,趋势延续策略,2026-03-30,26.61,caution,caution,谨慎,观察为主,44.2936,5日上涨占比45.5%；10日上涨占比15.2%；10日中位涨跌幅-5.9%,-0.4769282763284033,-9.514602375679504,77.6696,76.9158,45.5402,15.201,18.2475,1.1033,1.7433,-0.3348,-5.8648,-9.15,85.0213,85.617,55.0638,13.5319,13.0213,1.4286,2.2388,0.3868,-5.5881,-9.2453,67.2627,64.5117,38.3769,16.6437,25.8597,0.6189,0.7884,-1.0101,-5.9886,-8.4294,1,5,1.2777,-8.3803,-3.758,1,最大浮亏8%,1,10,19.9173,-8.3803,15.9339,1,最大浮亏8%,1,22,23.3371,-8.3803,11.3867,1,最大浮亏8%,1,,top1
2026-03-27,sz000048,sz000048,trend_continuation_callback,趋势中继高质量回踩,rule_strategy,S02-current-candidate-20260427,2,59.98,raw,swing,candidate_buy,可买入,1,严格高质量回踩确认；确认日主动买入和主力净流入为正,趋势延续策略,2026-03-30,20.55,caution,caution,谨慎,观察为主,44.2936,5日上涨占比45.5%；10日上涨占比15.2%；10日中位涨跌幅-5.9%,-0.4769282763284033,-9.514602375679504,77.6696,76.9158,45.5402,15.201,18.2475,1.1033,1.7433,-0.3348,-5.8648,-9.15,85.0213,85.617,55.0638,13.5319,13.0213,1.4286,2.2388,0.3868,-5.5881,-9.2453,67.2627,64.5117,38.3769,16.6437,25.8597,0.6189,0.7884,-1.0101,-5.9886,-8.4294,1,5,17.9562,-16.1071,-16.1071,1,收盘亏5%且最大浮亏8%,1,10,17.9562,-26.91,-25.0608,1,收盘亏5%且最大浮亏8%,1,22,17.9562,-32.944,-28.3698,1,收盘亏5%且最大浮亏8%,1,,top3
2026-03-27,sh603026,sh603026,trend_continuation_callback,趋势中继高质量回踩,rule_strategy,S02-current-candidate-20260427,3,78.93,raw,swing,watch,观察中,0,进入趋势中继观察池；等待严格回踩和真承接确认,趋势延续策略,2026-03-30,94.78,caution,caution,谨慎,观察为主,44.2936,5日上涨占比45.5%；10日上涨占比15.2%；10日中位涨跌幅-5.9%,-0.4769282763284033,-9.514602375679504,77.6696,76.9158,45.5402,15.201,18.2475,1.1033,1.7433,-0.3348,-5.8648,-9.15,85.0213,85.617,55.0638,13.5319,13.0213,1.4286,2.2388,0.3868,-5.5881,-9.2453,67.2627,64.5117,38.3769,16.6437,25.8597,0.6189,0.7884,-1.0101,-5.9886,-8.4294,1,5,1.245,-17.7042,-14.8027,1,收盘亏5%且最大浮亏8%,1,10,1.245,-19.8143,-5.4969,1,收盘亏5%且最大浮亏8%,1,22,25.8177,-19.8143,25.8177,1,最大浮亏8%,0,,top3
2026-03-27,sh600513,sh600513,trend_continuation_callback,趋势中继高质量回踩,rule_strategy,S02-current-candidate-20260427,4,71.8,raw,swing,watch,观察中,0,进入趋势中继观察池；等待严格回踩和真承接确认,趋势延续策略,2026-03-30,26.37,caution,caution,谨慎,观察为主,44.2936,5日上涨占比45.5%；10日上涨占比15.2%；10日中位涨跌幅-5.9%,-0.4769282763284033,-9.514602375679504,77.6696,76.9158,45.5402,15.201,18.2475,1.1033,1.7433,-0.3348,-5.8648,-9.15,85.0213,85.617,55.0638,13.5319,13.0213,1.4286,2.2388,0.3868,-5.5881,-9.2453,67.2627,64.5117,38.3769,16.6437,25.8597,0.6189,0.7884,-1.0101,-5.9886,-8.4294,1,5,22.3739,-0.7584,4.9678,0,,1,10,22.3739,-15.6617,-15.2067,1,收盘亏5%且最大浮亏8%,1,22,22.3739,-24.4217,-16.989,1,收盘亏5%且最大浮亏8%,0,,top5
2026-03-27,sh603906,sh603906,trend_continuation_callback,趋势中继高质量回踩,rule_strategy,S02-current-candidate-20260427,5,70.4,raw,swing,watch,观察中,0,进入趋势中继观察池；等待严格回踩和真承接确认,趋势延续策略,2026-03-30,22.0,caution,caution,谨慎,观察为主,44.2936,5日上涨占比45.5%；10日上涨占比15.2%；10日中位涨跌幅-5.9%,-0.4769282763284033,-9.514602375679504,77.6696,76.9158,45.5402,15.201,18.2475,1.1033,1.7433,-0.3348,-5.8648,-9.15,85.0213,85.617,55.0638,13.5319,13.0213,1.4286,2.2388,0.3868,-5.5881,-9.2453,67.2627,64.5117,38.3769,16.6437,25.8597,0.6189,0.7884,-1.0101,-5.9886,-8.4294,1,5,8.1818,-4.5,-1.9091,0,,1,10,8.1818,-5.8636,1.9091,0,,1,22,53.6364,-5.8636,49.9545,0,,0,,top5
2026-03-30,sh600522,sh600522,spark_opportunity_selector,星火机会模型 1.0,model,1.0,1,34.079331,raw,22d,candidate_buy,明日可买,1,22日冲高机会分靠前，突破结构较好、资金潜伏特征较强、L2主力净流入强、主动买入强,星火机会模型,2026-03-31,28.85,attack,attack,攻击,可参与,80.168,5日全市场上涨占比88.6%；5日全市场中位涨跌幅5.6%；5日小盘上涨占比93.9%,4.843003477828134,-8.364254187672127,56.6803,51.9334,88.5571,16.5671,20.8425,0.3215,0.1715,5.5556,-5.3711,-6.8366,64.5904,62.884,93.8567,15.1877,18.6007,0.6135,0.7636,7.3505,-5.1479,-5.7911,48.5557,40.0275,80.1926,18.707,24.6217,0.0,-0.6061,3.2174,-5.2609,-7.6159,1,5,10.1213,-2.8423,4.8527,0,,1,10,11.5425,-3.3622,-3.0156,0,,1,22,26.6205,-4.9567,14.8007,0,,1,<35,top1
2026-03-30,sh603906,sh603906,spark_opportunity_selector,星火机会模型 1.0,model,1.0,2,32.464401,raw,22d,candidate_buy,明日可买,1,22日冲高机会分靠前，突破结构强、资金潜伏特征较强、L2主力净流入强、主动买入强,星火机会模型,2026-03-31,22.47,attack,attack,攻击,可参与,80.168,5日全市场上涨占比88.6%；5日全市场中位涨跌幅5.6%；5日小盘上涨占比93.9%,4.843003477828134,-8.364254187672127,56.6803,51.9334,88.5571,16.5671,20.8425,0.3215,0.1715,5.5556,-5.3711,-6.8366,64.5904,62.884,93.8567,15.1877,18.6007,0.6135,0.7636,7.3505,-5.1479,-5.7911,48.5557,40.0275,80.1926,18.707,24.6217,0.0,-0.6061,3.2174,-5.2609,-7.6159,1,5,5.919,-7.8327,-5.2069,1,收盘亏5%,1,10,7.6992,-7.8327,3.5603,0,,1,22,53.6271,-7.8327,47.619,0,,1,<35,top3
2026-03-30,sz002035,sz002035,spark_opportunity_selector,星火机会模型 1.0,model,1.0,3,32.183356,raw,22d,candidate_buy,明日可买,1,22日冲高机会分靠前，突破结构强、资金潜伏特征较强、L2主力净流入强、主动买入强,星火机会模型,2026-03-31,6.83,attack,attack,攻击,可参与,80.168,5日全市场上涨占比88.6%；5日全市场中位涨跌幅5.6%；5日小盘上涨占比93.9%,4.843003477828134,-8.364254187672127,56.6803,51.9334,88.5571,16.5671,20.8425,0.3215,0.1715,5.5556,-5.3711,-6.8366,64.5904,62.884,93.8567,15.1877,18.6007,0.6135,0.7636,7.3505,-5.1479,-5.7911,48.5557,40.0275,80.1926,18.707,24.6217,0.0,-0.6061,3.2174,-5.2609,-7.6159,1,5,1.6105,-6.735,-1.9034,0,,1,10,1.6105,-12.0059,-6.2958,1,收盘亏5%且最大浮亏8%,1,22,1.6105,-14.9341,-13.7628,1,收盘亏5%且最大浮亏8%,1,<35,top3
2026-03-30,sz000506,sz000506,stable_capital_callback,资金流回调稳健,rule_strategy,S01-M05-conservative-combined-risk,1,88.96,raw,swing,candidate_buy,可买入,1,启动后回调承接确认；风险标签 0 个,资金流回调稳健策略,2026-03-31,17.19,attack,attack,攻击,可参与,80.168,5日全市场上涨占比88.6%；5日全市场中位涨跌幅5.6%；5日小盘上涨占比93.9%,4.843003477828134,-8.364254187672127,56.6803,51.9334,88.5571,16.5671,20.8425,0.3215,0.1715,5.5556,-5.3711,-6.8366,64.5904,62.884,93.8567,15.1877,18.6007,0.6135,0.7636,7.3505,-5.1479,-5.7911,48.5557,40.0275,80.1926,18.707,24.6217,0.0,-0.6061,3.2174,-5.2609,-7.6159,1,5,3.8394,-4.8866,-1.0471,0,,1,10,14.7179,-4.8866,-0.9889,0,,1,22,14.7179,-11.5765,-6.9226,1,收盘亏5%且最大浮亏8%,1,,top1
2026-03-30,sh600996,sh600996,trend_continuation_callback,趋势中继高质量回踩,rule_strategy,S02-current-candidate-20260427,1,75.68,raw,swing,watch,观察中,0,进入趋势中继观察池；等待严格回踩和真承接确认,趋势延续策略,2026-03-31,10.5,attack,attack,攻击,可参与,80.168,5日全市场上涨占比88.6%；5日全市场中位涨跌幅5.6%；5日小盘上涨占比93.9%,4.843003477828134,-8.364254187672127,56.6803,51.9334,88.5571,16.5671,20.8425,0.3215,0.1715,5.5556,-5.3711,-6.8366,64.5904,62.884,93.8567,15.1877,18.6007,0.6135,0.7636,7.3505,-5.1479,-5.7911,48.5557,40.0275,80.1926,18.707,24.6217,0.0,-0.6061,3.2174,-5.2609,-7.6159,1,5,5.7143,-14.381,-11.1429,1,收盘亏5%且最大浮亏8%,1,10,5.7143,-14.381,-12.2857,1,收盘亏5%且最大浮亏8%,1,22,5.7143,-22.381,-19.5238,1,收盘亏5%且最大浮亏8%,0,,top1
2026-03-30,sz002432,sz002432,trend_continuation_callback,趋势中继高质量回踩,rule_strategy,S02-current-candidate-20260427,2,70.39,raw,swing,watch,观察中,0,进入趋势中继观察池；等待严格回踩和真承接确认,趋势延续策略,2026-03-31,75.49,attack,attack,攻击,可参与,80.168,5日全市场上涨占比88.6%；5日全市场中位涨跌幅5.6%；5日小盘上涨占比93.9%,4.843003477828134,-8.364254187672127,56.6803,51.9334,88.5571,16.5671,20.8425,0.3215,0.1715,5.5556,-5.3711,-6.8366,64.5904,62.884,93.8567,15.1877,18.6007,0.6135,0.7636,7.3505,-5.1479,-5.7911,48.5557,40.0275,80.1926,18.707,24.6217,0.0,-0.6061,3.2174,-5.2609,-7.6159,1,5,14.5582,-2.6361,9.7629,0,,1,10,25.5795,-2.6361,2.4507,0,,1,22,25.765,-4.9543,-2.6361,0,,0,,top3
2026-03-31,sz002730,sz002730,spark_opportunity_selector,星火机会模型 1.0,model,1.0,1,28.750702,raw,22d,candidate_buy,明日可买,1,22日冲高机会分靠前，突破结构较好、L2主力净流入强、主动买入强、出货压力不高,星火机会模型,2026-04-01,26.05,attack,attack,攻击,可参与,56.4927,5日全市场上涨占比61.8%；5日全市场中位涨跌幅1.0%；5日小盘上涨占比71.3%,0.24988498336286913,-6.418255636894132,19.3711,54.9371,61.7925,17.2013,23.4906,-1.2333,0.4059,1.0121,-5.1922,-5.6227,16.1401,63.1939,71.3066,16.3108,23.5696,-1.3283,0.8803,1.7575,-4.8139,-4.5015,23.1087,45.5296,49.9312,17.4691,23.934,-1.2,-0.2315,0.0,-5.3248,-7.1726,1,5,18.4645,-0.1919,8.1382,0,,1,10,18.4645,-1.6891,5.0288,0,,1,22,30.4798,-1.6891,24.7217,0,,1,<35,top1
2026-03-31,sh603227,sh603227,spark_opportunity_selector,星火机会模型 1.0,model,1.0,2,28.743799,raw,22d,candidate_buy,明日可买,1,22日冲高机会分靠前，突破结构强、资金潜伏特征较强、L2主力净流入强、主动买入强,星火机会模型,2026-04-01,9.86,attack,attack,攻击,可参与,56.4927,5日全市场上涨占比61.8%；5日全市场中位涨跌幅1.0%；5日小盘上涨占比71.3%,0.24988498336286913,-6.418255636894132,19.3711,54.9371,61.7925,17.2013,23.4906,-1.2333,0.4059,1.0121,-5.1922,-5.6227,16.1401,63.1939,71.3066,16.3108,23.5696,-1.3283,0.8803,1.7575,-4.8139,-4.5015,23.1087,45.5296,49.9312,17.4691,23.934,-1.2,-0.2315,0.0,-5.3248,-7.1726,1,5,6.8966,-1.8256,5.1724,0,,1,10,9.0264,-1.8256,0.9128,0,,1,22,9.0264,-13.5903,-12.069,1,收盘亏5%且最大浮亏8%,1,<35,top3
2026-03-31,sz002035,sz002035,spark_opportunity_selector,星火机会模型 1.0,model,1.0,3,28.128882,raw,22d,candidate_buy,明日可买,1,22日冲高机会分靠前，突破结构较好、资金潜伏特征较强、L2主力净流入强、主动买入强,星火机会模型,2026-04-01,6.78,attack,attack,攻击,可参与,56.4927,5日全市场上涨占比61.8%；5日全市场中位涨跌幅1.0%；5日小盘上涨占比71.3%,0.24988498336286913,-6.418255636894132,19.3711,54.9371,61.7925,17.2013,23.4906,-1.2333,0.4059,1.0121,-5.1922,-5.6227,16.1401,63.1939,71.3066,16.3108,23.5696,-1.3283,0.8803,1.7575,-4.8139,-4.5015,23.1087,45.5296,49.9312,17.4691,23.934,-1.2,-0.2315,0.0,-5.3248,-7.1726,1,5,2.3599,-6.0472,-3.5398,0,,1,10,2.3599,-11.3569,-5.3097,1,收盘亏5%且最大浮亏8%,1,22,2.3599,-14.3068,-12.3894,1,收盘亏5%且最大浮亏8%,1,<35,top3
2026-03-31,sh600141,sh600141,stable_capital_callback,资金流回调稳健,rule_strategy,S01-M05-conservative-combined-risk,1,96.87,raw,swing,candidate_buy,可买入,1,启动后回调承接确认；风险标签 1 个,资金流回调稳健策略,2026-04-01,33.99,attack,attack,攻击,可参与,56.4927,5日全市场上涨占比61.8%；5日全市场中位涨跌幅1.0%；5日小盘上涨占比71.3%,0.24988498336286913,-6.418255636894132,19.3711,54.9371,61.7925,17.2013,23.4906,-1.2333,0.4059,1.0121,-5.1922,-5.6227,16.1401,63.1939,71.3066,16.3108,23.5696,-1.3283,0.8803,1.7575,-4.8139,-4.5015,23.1087,45.5296,49.9312,17.4691,23.934,-1.2,-0.2315,0.0,-5.3248,-7.1726,1,5,0.559,-10.9738,-1.9123,1,最大浮亏8%,1,10,0.559,-10.9738,-6.649,1,收盘亏5%且最大浮亏8%,1,22,0.559,-10.9738,-2.4419,1,最大浮亏8%,1,,top1
2026-03-31,sz000617,sz000617,trend_continuation_callback,趋势中继高质量回踩,rule_strategy,S02-current-candidate-20260427,1,62.05,raw,swing,candidate_buy,可买入,1,严格高质量回踩确认；确认日主动买入和主力净流入为正,趋势延续策略,2026-04-01,10.1,attack,attack,攻击,可参与,56.4927,5日全市场上涨占比61.8%；5日全市场中位涨跌幅1.0%；5日小盘上涨占比71.3%,0.24988498336286913,-6.418255636894132,19.3711,54.9371,61.7925,17.2013,23.4906,-1.2333,0.4059,1.0121,-5.1922,-5.6227,16.1401,63.1939,71.3066,16.3108,23.5696,-1.3283,0.8803,1.7575,-4.8139,-4.5015,23.1087,45.5296,49.9312,17.4691,23.934,-1.2,-0.2315,0.0,-5.3248,-7.1726,1,5,16.5347,-2.8713,2.8713,0,,1,10,16.5347,-4.8515,-2.2772,0,,1,22,16.5347,-9.802,-6.1386,1,收盘亏5%且最大浮亏8%,1,,top1
2026-03-31,sh603826,sh603826,trend_continuation_callback,趋势中继高质量回踩,rule_strategy,S02-current-candidate-20260427,2,73.96,raw,swing,watch,观察中,0,进入趋势中继观察池；等待严格回踩和真承接确认,趋势延续策略,2026-04-01,27.62,attack,attack,攻击,可参与,56.4927,5日全市场上涨占比61.8%；5日全市场中位涨跌幅1.0%；5日小盘上涨占比71.3%,0.24988498336286913,-6.418255636894132,19.3711,54.9371,61.7925,17.2013,23.4906,-1.2333,0.4059,1.0121,-5.1922,-5.6227,16.1401,63.1939,71.3066,16.3108,23.5696,-1.3283,0.8803,1.7575,-4.8139,-4.5015,23.1087,45.5296,49.9312,17.4691,23.934,-1.2,-0.2315,0.0,-5.3248,-7.1726,1,5,5.7205,-6.4084,-0.1086,0,,1,10,13.0702,-6.4084,12.4185,0,,1,22,34.323,-6.4084,20.3838,0,,0,,top3
2026-04-01,sz002620,sz002620,probe_day0_watch,试盘观察池,rule_strategy,probe_watch_v1,1,61.239,raw,watch,watch,观察,0,首次试盘；盘中急拉后没有直接发动；回吐明显，像在摸上方抛压；主动推动偏强,试盘识别-当日观察,2026-04-02,8.95,caution,caution,谨慎,观察为主,49.2868,5日上涨占比53.0%；10日上涨占比19.2%；10日中位涨跌幅-4.6%,0.1673499840521009,-4.081352191148913,76.7442,56.806,52.9708,19.2078,30.1478,1.1064,0.4425,0.2743,-4.563,-3.7132,72.8669,54.9488,56.058,15.785,29.3515,0.8973,0.352,0.5464,-4.7001,-2.8868,79.8077,57.2215,47.4553,21.8707,29.436,1.2221,0.5438,-0.1949,-4.0359,-4.5675,1,5,10.838,-2.2346,10.838,0,,1,10,11.9553,-2.2346,4.4693,0,,0,21,22.5698,-2.5698,11.1732,0,,0,,top1
2026-04-01,sz003018,sz003018,probe_day0_watch,试盘观察池,rule_strategy,probe_watch_v1,2,57.945596,raw,watch,watch,观察,0,重新试盘；第2次试盘；盘中急拉后没有直接发动；主动推动偏强,试盘识别-当日观察,2026-04-02,30.71,caution,caution,谨慎,观察为主,49.2868,5日上涨占比53.0%；10日上涨占比19.2%；10日中位涨跌幅-4.6%,0.1673499840521009,-4.081352191148913,76.7442,56.806,52.9708,19.2078,30.1478,1.1064,0.4425,0.2743,-4.563,-3.7132,72.8669,54.9488,56.058,15.785,29.3515,0.8973,0.352,0.5464,-4.7001,-2.8868,79.8077,57.2215,47.4553,21.8707,29.436,1.2221,0.5438,-0.1949,-4.0359,-4.5675,1,5,8.564,-8.2058,2.5725,1,最大浮亏8%,1,10,24.2918,-8.2058,16.086,1,最大浮亏8%,1,22,89.6776,-8.2058,63.3019,1,最大浮亏8%,0,,top3
2026-04-01,sz002468,sz002468,spark_opportunity_selector,星火机会模型 1.0,model,1.0,1,38.331331,raw,22d,candidate_buy,明日可买,1,22日冲高机会分靠前，资金潜伏特征较强、L2主力净流入强、主动买入强、出货压力不高,星火机会模型,2026-04-02,15.05,caution,caution,谨慎,观察为主,49.2868,5日上涨占比53.0%；10日上涨占比19.2%；10日中位涨跌幅-4.6%,0.1673499840521009,-4.081352191148913,76.7442,56.806,52.9708,19.2078,30.1478,1.1064,0.4425,0.2743,-4.563,-3.7132,72.8669,54.9488,56.058,15.785,29.3515,0.8973,0.352,0.5464,-4.7001,-2.8868,79.8077,57.2215,47.4553,21.8707,29.436,1.2221,0.5438,-0.1949,-4.0359,-4.5675,1,5,4.9834,-1.3289,3.1229,0,,1,10,19.8007,-1.794,19.8007,0,,1,22,20.1329,-1.794,8.8372,0,,1,35-40,top1
2026-04-01,sz002793,sz002793,spark_opportunity_selector,星火机会模型 1.0,model,1.0,2,37.349801,raw,22d,candidate_buy,明日可买,1,22日冲高机会分靠前，突破结构强、资金潜伏特征较强、L2主力净流入强、主动买入强,星火机会模型,2026-04-02,5.07,caution,caution,谨慎,观察为主,49.2868,5日上涨占比53.0%；10日上涨占比19.2%；10日中位涨跌幅-4.6%,0.1673499840521009,-4.081352191148913,76.7442,56.806,52.9708,19.2078,30.1478,1.1064,0.4425,0.2743,-4.563,-3.7132,72.8669,54.9488,56.058,15.785,29.3515,0.8973,0.352,0.5464,-4.7001,-2.8868,79.8077,57.2215,47.4553,21.8707,29.436,1.2221,0.5438,-0.1949,-4.0359,-4.5675,1,5,5.7199,-4.5365,-0.3945,0,,1,10,5.7199,-4.5365,1.9724,0,,1,22,13.4122,-4.5365,8.284,0,,1,35-40,top3
2026-04-01,sh603669,sh603669,spark_opportunity_selector,星火机会模型 1.0,model,1.0,3,36.778835,raw,22d,candidate_buy,明日可买,1,22日冲高机会分靠前，突破结构强、资金潜伏特征较强、L2主力净流入强、主动买入强,星火机会模型,2026-04-02,4.76,caution,caution,谨慎,观察为主,49.2868,5日上涨占比53.0%；10日上涨占比19.2%；10日中位涨跌幅-4.6%,0.1673499840521009,-4.081352191148913,76.7442,56.806,52.9708,19.2078,30.1478,1.1064,0.4425,0.2743,-4.563,-3.7132,72.8669,54.9488,56.058,15.785,29.3515,0.8973,0.352,0.5464,-4.7001,-2.8868,79.8077,57.2215,47.4553,21.8707,29.436,1.2221,0.5438,-0.1949,-4.0359,-4.5675,1,5,7.563,-2.521,-1.6807,0,,1,10,7.563,-6.7227,-2.3109,0,,1,22,7.563,-15.1261,-6.3025,1,收盘亏5%且最大浮亏8%,1,35-40,top3
2026-04-01,sz000960,sz000960,stable_capital_callback,资金流回调稳健,rule_strategy,S01-M05-conservative-combined-risk,1,100.0,raw,swing,candidate_buy,可买入,1,启动后回调承接确认；风险标签 1 个,资金流回调稳健策略,2026-04-02,32.0,caution,caution,谨慎,观察为主,49.2868,5日上涨占比53.0%；10日上涨占比19.2%；10日中位涨跌幅-4.6%,0.1673499840521009,-4.081352191148913,76.7442,56.806,52.9708,19.2078,30.1478,1.1064,0.4425,0.2743,-4.563,-3.7132,72.8669,54.9488,56.058,15.785,29.3515,0.8973,0.352,0.5464,-4.7001,-2.8868,79.8077,57.2215,47.4553,21.8707,29.436,1.2221,0.5438,-0.1949,-4.0359,-4.5675,1,5,4.8125,-5.5,2.0,0,,1,10,12.3438,-5.5,10.6562,0,,1,22,29.0,-5.5,25.0,0,,1,,top1
2026-04-01,sh603826,sh603826,trend_continuation_callback,趋势中继高质量回踩,rule_strategy,S02-current-candidate-20260427,1,80.28,raw,swing,watch,观察中,0,进入趋势中继观察池；等待严格回踩和真承接确认,趋势延续策略,2026-04-02,28.5,caution,caution,谨慎,观察为主,49.2868,5日上涨占比53.0%；10日上涨占比19.2%；10日中位涨跌幅-4.6%,0.1673499840521009,-4.081352191148913,76.7442,56.806,52.9708,19.2078,30.1478,1.1064,0.4425,0.2743,-4.563,-3.7132,72.8669,54.9488,56.058,15.785,29.3515,0.8973,0.352,0.5464,-4.7001,-2.8868,79.8077,57.2215,47.4553,21.8707,29.436,1.2221,0.5438,-0.1949,-4.0359,-4.5675,1,5,1.2281,-9.2982,-7.0175,1,收盘亏5%且最大浮亏8%,1,10,19.8596,-9.2982,19.8596,1,最大浮亏8%,1,22,30.1754,-9.2982,17.6842,1,最大浮亏8%,0,,top1
2026-04-01,sh605162,sh605162,trend_continuation_callback,趋势中继高质量回踩,rule_strategy,S02-current-candidate-20260427,2,73.8,raw,swing,watch,观察中,0,进入趋势中继观察池；等待严格回踩和真承接确认,趋势延续策略,2026-04-02,13.4,caution,caution,谨慎,观察为主,49.2868,5日上涨占比53.0%；10日上涨占比19.2%；10日中位涨跌幅-4.6%,0.1673499840521009,-4.081352191148913,76.7442,56.806,52.9708,19.2078,30.1478,1.1064,0.4425,0.2743,-4.563,-3.7132,72.8669,54.9488,56.058,15.785,29.3515,0.8973,0.352,0.5464,-4.7001,-2.8868,79.8077,57.2215,47.4553,21.8707,29.436,1.2221,0.5438,-0.1949,-4.0359,-4.5675,1,5,15.5224,-9.5522,5.597,1,最大浮亏8%,1,10,15.5224,-11.8657,-2.6866,1,最大浮亏8%,1,22,15.5224,-17.2388,-11.4179,1,收盘亏5%且最大浮亏8%,0,,top3
2026-04-01,sz002821,sz002821,trend_continuation_callback,趋势中继高质量回踩,rule_strategy,S02-current-candidate-20260427,3,73.26,raw,swing,watch,观察中,0,进入趋势中继观察池；等待严格回踩和真承接确认,趋势延续策略,2026-04-02,124.01,caution,caution,谨慎,观察为主,49.2868,5日上涨占比53.0%；10日上涨占比19.2%；10日中位涨跌幅-4.6%,0.1673499840521009,-4.081352191148913,76.7442,56.806,52.9708,19.2078,30.1478,1.1064,0.4425,0.2743,-4.563,-3.7132,72.8669,54.9488,56.058,15.785,29.3515,0.8973,0.352,0.5464,-4.7001,-2.8868,79.8077,57.2215,47.4553,21.8707,29.436,1.2221,0.5438,-0.1949,-4.0359,-4.5675,1,5,4.669,-6.0156,-2.2256,0,,1,10,4.669,-10.3459,-5.3222,1,收盘亏5%且最大浮亏8%,1,22,5.8705,-11.2975,3.282,1,最大浮亏8%,0,,top3
2026-04-01,sh600186,sh600186,trend_continuation_callback,趋势中继高质量回踩,rule_strategy,S02-current-candidate-20260427,4,71.76,raw,swing,watch,观察中,0,进入趋势中继观察池；等待严格回踩和真承接确认,趋势延续策略,2026-04-02,7.34,caution,caution,谨慎,观察为主,49.2868,5日上涨占比53.0%；10日上涨占比19.2%；10日中位涨跌幅-4.6%,0.1673499840521009,-4.081352191148913,76.7442,56.806,52.9708,19.2078,30.1478,1.1064,0.4425,0.2743,-4.563,-3.7132,72.8669,54.9488,56.058,15.785,29.3515,0.8973,0.352,0.5464,-4.7001,-2.8868,79.8077,57.2215,47.4553,21.8707,29.436,1.2221,0.5438,-0.1949,-4.0359,-4.5675,1,5,6.9482,-6.4033,1.7711,0,,1,10,14.0327,-6.4033,10.8992,0,,1,22,57.3569,-6.4033,51.6349,0,,0,,top5
2026-04-01,sz002294,sz002294,trend_continuation_callback,趋势中继高质量回踩,rule_strategy,S02-current-candidate-20260427,5,70.26,raw,swing,watch,观察中,0,进入趋势中继观察池；等待严格回踩和真承接确认,趋势延续策略,2026-04-02,64.98,caution,caution,谨慎,观察为主,49.2868,5日上涨占比53.0%；10日上涨占比19.2%；10日中位涨跌幅-4.6%,0.1673499840521009,-4.081352191148913,76.7442,56.806,52.9708,19.2078,30.1478,1.1064,0.4425,0.2743,-4.563,-3.7132,72.8669,54.9488,56.058,15.785,29.3515,0.8973,0.352,0.5464,-4.7001,-2.8868,79.8077,57.2215,47.4553,21.8707,29.436,1.2221,0.5438,-0.1949,-4.0359,-4.5675,1,5,9.249,-4.4321,-3.2472,0,,1,10,9.249,-6.8329,-6.8329,1,收盘亏5%,1,22,9.249,-23.0225,-21.899,1,收盘亏5%且最大浮亏8%,0,,top5
2026-04-02,sz000852,sz000852,probe_day0_watch,试盘观察池,rule_strategy,probe_watch_v1,1,64.3226,raw,watch,watch,观察,0,首次试盘；盘中急拉后没有直接发动；回吐明显，像在摸上方抛压；主动推动偏强,试盘识别-当日观察,2026-04-03,7.06,caution,caution,谨慎,观察为主,46.854,5日上涨占比49.1%；10日上涨占比25.1%；10日中位涨跌幅-3.7%,-0.20890972747225067,-6.702907804773961,19.8617,27.6328,49.0726,25.1179,23.4832,-1.5949,-1.6055,0.0,-3.6713,-5.9289,16.041,21.587,50.8532,19.7099,20.6485,-1.6354,-1.9698,0.1288,-3.7092,-5.5503,27.6099,33.5626,47.7304,31.3618,26.685,-1.3849,-1.2278,-0.1605,-3.3388,-6.5482,1,5,0.9915,-4.9575,0.0,0,,1,10,0.9915,-5.0992,-4.6742,0,,1,22,4.5326,-5.0992,2.9745,0,,0,,top1
2026-04-02,sz002437,sz002437,spark_opportunity_selector,星火机会模型 1.0,model,1.0,1,40.496226,raw,22d,candidate_buy,明日可买,1,22日冲高机会分靠前，突破结构强、资金潜伏特征较强、L2主力净流入强、主动买入强,星火机会模型,2026-04-03,3.66,caution,caution,谨慎,观察为主,46.854,5日上涨占比49.1%；10日上涨占比25.1%；10日中位涨跌幅-3.7%,-0.20890972747225067,-6.702907804773961,19.8617,27.6328,49.0726,25.1179,23.4832,-1.5949,-1.6055,0.0,-3.6713,-5.9289,16.041,21.587,50.8532,19.7099,20.6485,-1.6354,-1.9698,0.1288,-3.7092,-5.5503,27.6099,33.5626,47.7304,31.3618,26.685,-1.3849,-1.2278,-0.1605,-3.3388,-6.5482,1,5,6.5574,-4.6448,-0.5464,0,,1,10,9.0164,-4.6448,1.6393,0,,1,22,9.0164,-9.8361,-9.2896,1,收盘亏5%且最大浮亏8%,1,>=40,top1
2026-04-02,sz000070,sz000070,spark_opportunity_selector,星火机会模型 1.0,model,1.0,2,39.63009,raw,22d,candidate_buy,明日可买,1,22日冲高机会分靠前，突破结构强、L2主力净流入强、主动买入强、热点主题前排,星火机会模型,2026-04-03,19.03,caution,caution,谨慎,观察为主,46.854,5日上涨占比49.1%；10日上涨占比25.1%；10日中位涨跌幅-3.7%,-0.20890972747225067,-6.702907804773961,19.8617,27.6328,49.0726,25.1179,23.4832,-1.5949,-1.6055,0.0,-3.6713,-5.9289,16.041,21.587,50.8532,19.7099,20.6485,-1.6354,-1.9698,0.1288,-3.7092,-5.5503,27.6099,33.5626,47.7304,31.3618,26.685,-1.3849,-1.2278,-0.1605,-3.3388,-6.5482,1,5,10.2995,-5.6752,3.836,0,,1,10,14.1881,-5.6752,6.8313,0,,1,22,18.2344,-5.6752,10.7199,0,,1,35-40,top3
2026-04-02,sz002550,sz002550,spark_opportunity_selector,星火机会模型 1.0,model,1.0,3,39.569259,raw,22d,candidate_buy,明日可买,1,22日冲高机会分靠前，突破结构强、资金潜伏特征较强、L2主力净流入强、主动买入强,星火机会模型,2026-04-03,7.87,caution,caution,谨慎,观察为主,46.854,5日上涨占比49.1%；10日上涨占比25.1%；10日中位涨跌幅-3.7%,-0.20890972747225067,-6.702907804773961,19.8617,27.6328,49.0726,25.1179,23.4832,-1.5949,-1.6055,0.0,-3.6713,-5.9289,16.041,21.587,50.8532,19.7099,20.6485,-1.6354,-1.9698,0.1288,-3.7092,-5.5503,27.6099,33.5626,47.7304,31.3618,26.685,-1.3849,-1.2278,-0.1605,-3.3388,-6.5482,1,5,2.7954,-4.5743,0.6353,0,,1,10,2.7954,-4.5743,-1.1436,0,,1,22,2.7954,-11.5629,-9.9111,1,收盘亏5%且最大浮亏8%,1,35-40,top3
2026-04-02,sz002294,sz002294,trend_continuation_callback,趋势中继高质量回踩,rule_strategy,S02-current-candidate-20260427,1,79.64,raw,swing,watch,观察中,0,进入趋势中继观察池；等待严格回踩和真承接确认,趋势延续策略,2026-04-03,67.0,caution,caution,谨慎,观察为主,46.854,5日上涨占比49.1%；10日上涨占比25.1%；10日中位涨跌幅-3.7%,-0.20890972747225067,-6.702907804773961,19.8617,27.6328,49.0726,25.1179,23.4832,-1.5949,-1.6055,0.0,-3.6713,-5.9289,16.041,21.587,50.8532,19.7099,20.6485,-1.6354,-1.9698,0.1288,-3.7092,-5.5503,27.6099,33.5626,47.7304,31.3618,26.685,-1.3849,-1.2278,-0.1605,-3.3388,-6.5482,1,5,1.5672,-7.597,-6.0896,1,收盘亏5%,1,10,2.0597,-13.2537,-12.3134,1,收盘亏5%且最大浮亏8%,1,22,2.0597,-28.5821,-28.5075,1,收盘亏5%且最大浮亏8%,0,,top1
2026-04-03,sz002437,sz002437,probe_day0_watch,试盘观察池,rule_strategy,probe_watch_v1,1,78.556,raw,watch,watch,观察,0,首次试盘；盘中急拉后没有直接发动；回吐明显，像在摸上方抛压,试盘识别-当日观察,2026-04-07,3.79,defense,defense_active_decline,防守-持续下跌,暂停新开仓,22.0485,5日全市场上涨占比20.6%；5日全市场中位涨跌幅-3.4%；5日小盘上涨占比13.9%,-2.70726469860868,-8.634614573081034,11.1844,19.8241,20.6474,23.2872,14.1735,-2.3433,-2.5661,-3.3503,-3.775,-10.1107,6.57,13.2253,13.9078,18.6007,9.3857,-3.0947,-3.6386,-4.2579,-3.8638,-10.8882,19.2308,30.7692,30.1238,29.5736,20.9078,-1.335,-1.213,-2.0563,-3.2907,-8.2397,1,5,1.5831,-7.9156,-4.2216,0,,1,10,5.277,-7.9156,1.5831,0,,1,22,5.277,-13.7203,-11.6095,1,收盘亏5%且最大浮亏8%,0,,top1
2026-04-03,sz000078,sz000078,probe_day0_watch,试盘观察池,rule_strategy,probe_watch_v1,2,77.329845,raw,watch,watch,观察,0,首次试盘；盘中急拉后没有直接发动；回吐明显，像在摸上方抛压；主动推动偏强,试盘识别-当日观察,2026-04-07,3.45,defense,defense_active_decline,防守-持续下跌,暂停新开仓,22.0485,5日全市场上涨占比20.6%；5日全市场中位涨跌幅-3.4%；5日小盘上涨占比13.9%,-2.70726469860868,-8.634614573081034,11.1844,19.8241,20.6474,23.2872,14.1735,-2.3433,-2.5661,-3.3503,-3.775,-10.1107,6.57,13.2253,13.9078,18.6007,9.3857,-3.0947,-3.6386,-4.2579,-3.8638,-10.8882,19.2308,30.7692,30.1238,29.5736,20.9078,-1.335,-1.213,-2.0563,-3.2907,-8.2397,1,5,12.4638,-6.6667,4.9275,0,,1,10,16.8116,-6.6667,13.0435,0,,0,21,16.8116,-24.9275,-24.9275,1,收盘亏5%且最大浮亏8%,0,,top3
2026-04-03,sz000927,sz000927,probe_day0_watch,试盘观察池,rule_strategy,probe_watch_v1,3,65.1891,raw,watch,watch,观察,0,首次试盘；盘中急拉后没有直接发动；回吐明显，像在摸上方抛压,试盘识别-当日观察,2026-04-07,3.06,defense,defense_active_decline,防守-持续下跌,暂停新开仓,22.0485,5日全市场上涨占比20.6%；5日全市场中位涨跌幅-3.4%；5日小盘上涨占比13.9%,-2.70726469860868,-8.634614573081034,11.1844,19.8241,20.6474,23.2872,14.1735,-2.3433,-2.5661,-3.3503,-3.775,-10.1107,6.57,13.2253,13.9078,18.6007,9.3857,-3.0947,-3.6386,-4.2579,-3.8638,-10.8882,19.2308,30.7692,30.1238,29.5736,20.9078,-1.335,-1.213,-2.0563,-3.2907,-8.2397,1,5,8.8235,-4.902,0.9804,0,,1,10,8.8235,-6.5359,-4.902,0,,1,22,8.8235,-9.8039,-7.1895,1,收盘亏5%且最大浮亏8%,0,,top3
2026-04-03,sz002501,sz002501,probe_day0_watch,试盘观察池,rule_strategy,probe_watch_v1,4,42.8063,raw,watch,watch,观察,0,重新试盘；第2次试盘；盘中急拉后没有直接发动；回吐明显，像在摸上方抛压,试盘识别-当日观察,2026-04-07,1.92,defense,defense_active_decline,防守-持续下跌,暂停新开仓,22.0485,5日全市场上涨占比20.6%；5日全市场中位涨跌幅-3.4%；5日小盘上涨占比13.9%,-2.70726469860868,-8.634614573081034,11.1844,19.8241,20.6474,23.2872,14.1735,-2.3433,-2.5661,-3.3503,-3.775,-10.1107,6.57,13.2253,13.9078,18.6007,9.3857,-3.0947,-3.6386,-4.2579,-3.8638,-10.8882,19.2308,30.7692,30.1238,29.5736,20.9078,-1.335,-1.213,-2.0563,-3.2907,-8.2397,1,5,1.0417,-5.2083,-3.6458,0,,1,10,4.1667,-14.5833,2.0833,1,最大浮亏8%,0,21,4.1667,-36.4583,-30.7292,1,收盘亏5%且最大浮亏8%,0,,top5
2026-04-03,sz002468,sz002468,spark_opportunity_selector,星火机会模型 1.0,model,1.0,1,36.418552,raw,22d,candidate_buy,明日可买,1,22日冲高机会分靠前，突破结构较好、资金潜伏特征较强、L2主力净流入强、主动买入强,星火机会模型,2026-04-07,15.38,defense,defense_active_decline,防守-持续下跌,暂停新开仓,22.0485,5日全市场上涨占比20.6%；5日全市场中位涨跌幅-3.4%；5日小盘上涨占比13.9%,-2.70726469860868,-8.634614573081034,11.1844,19.8241,20.6474,23.2872,14.1735,-2.3433,-2.5661,-3.3503,-3.775,-10.1107,6.57,13.2253,13.9078,18.6007,9.3857,-3.0947,-3.6386,-4.2579,-3.8638,-10.8882,19.2308,30.7692,30.1238,29.5736,20.9078,-1.335,-1.213,-2.0563,-3.2907,-8.2397,1,5,2.7308,-3.9012,-0.1951,0,,1,10,17.5553,-3.9012,10.4681,0,,1,22,17.5553,-3.9012,5.0065,0,,1,35-40,top1
2026-04-03,sh600487,sh600487,spark_opportunity_selector,星火机会模型 1.0,model,1.0,2,34.990158,raw,22d,candidate_buy,明日可买,1,22日冲高机会分靠前，突破结构强、L2主力净流入强、主动买入强、热点主题前排,星火机会模型,2026-04-07,58.37,defense,defense_active_decline,防守-持续下跌,暂停新开仓,22.0485,5日全市场上涨占比20.6%；5日全市场中位涨跌幅-3.4%；5日小盘上涨占比13.9%,-2.70726469860868,-8.634614573081034,11.1844,19.8241,20.6474,23.2872,14.1735,-2.3433,-2.5661,-3.3503,-3.775,-10.1107,6.57,13.2253,13.9078,18.6007,9.3857,-3.0947,-3.6386,-4.2579,-3.8638,-10.8882,19.2308,30.7692,30.1238,29.5736,20.9078,-1.335,-1.213,-2.0563,-3.2907,-8.2397,1,5,5.3623,-9.0286,-8.3605,1,收盘亏5%且最大浮亏8%,1,10,5.3623,-12.8148,4.3173,1,最大浮亏8%,1,22,36.8854,-12.8148,28.4735,1,最大浮亏8%,1,<35,top3
2026-04-03,sh600522,sh600522,spark_opportunity_selector,星火机会模型 1.0,model,1.0,3,33.516752,raw,22d,candidate_buy,明日可买,1,22日冲高机会分靠前，突破结构较好、L2主力净流入强、主动买入强、热点主题前排,星火机会模型,2026-04-07,30.82,defense,defense_active_decline,防守-持续下跌,暂停新开仓,22.0485,5日全市场上涨占比20.6%；5日全市场中位涨跌幅-3.4%；5日小盘上涨占比13.9%,-2.70726469860868,-8.634614573081034,11.1844,19.8241,20.6474,23.2872,14.1735,-2.3433,-2.5661,-3.3503,-3.775,-10.1107,6.57,13.2253,13.9078,18.6007,9.3857,-3.0947,-3.6386,-4.2579,-3.8638,-10.8882,19.2308,30.7692,30.1238,29.5736,20.9078,-1.335,-1.213,-2.0563,-3.2907,-8.2397,1,5,4.4127,-8.0792,-7.4627,1,收盘亏5%且最大浮亏8%,1,10,4.4127,-11.0318,0.4218,1,最大浮亏8%,1,22,45.9766,-11.0318,42.3102,1,最大浮亏8%,1,<35,top3
2026-04-03,sz002869,sz002869,trend_continuation_callback,趋势中继高质量回踩,rule_strategy,S02-current-candidate-20260427,1,71.6,raw,swing,watch,观察中,0,进入趋势中继观察池；等待严格回踩和真承接确认,趋势延续策略,2026-04-07,25.9,defense,defense_active_decline,防守-持续下跌,暂停新开仓,22.0485,5日全市场上涨占比20.6%；5日全市场中位涨跌幅-3.4%；5日小盘上涨占比13.9%,-2.70726469860868,-8.634614573081034,11.1844,19.8241,20.6474,23.2872,14.1735,-2.3433,-2.5661,-3.3503,-3.775,-10.1107,6.57,13.2253,13.9078,18.6007,9.3857,-3.0947,-3.6386,-4.2579,-3.8638,-10.8882,19.2308,30.7692,30.1238,29.5736,20.9078,-1.335,-1.213,-2.0563,-3.2907,-8.2397,1,5,0.1544,-15.444,-14.2857,1,收盘亏5%且最大浮亏8%,1,10,0.1544,-17.7606,-16.332,1,收盘亏5%且最大浮亏8%,1,22,0.1544,-21.39,-19.5753,1,收盘亏5%且最大浮亏8%,0,,top1
2026-04-03,sz000950,sz000950,trend_continuation_callback,趋势中继高质量回踩,rule_strategy,S02-current-candidate-20260427,2,71.57,raw,swing,watch,观察中,0,进入趋势中继观察池；等待严格回踩和真承接确认,趋势延续策略,2026-04-07,7.26,defense,defense_active_decline,防守-持续下跌,暂停新开仓,22.0485,5日全市场上涨占比20.6%；5日全市场中位涨跌幅-3.4%；5日小盘上涨占比13.9%,-2.70726469860868,-8.634614573081034,11.1844,19.8241,20.6474,23.2872,14.1735,-2.3433,-2.5661,-3.3503,-3.775,-10.1107,6.57,13.2253,13.9078,18.6007,9.3857,-3.0947,-3.6386,-4.2579,-3.8638,-10.8882,19.2308,30.7692,30.1238,29.5736,20.9078,-1.335,-1.213,-2.0563,-3.2907,-8.2397,1,5,2.0661,-19.9725,-19.0083,1,收盘亏5%且最大浮亏8%,1,10,2.0661,-19.9725,-15.7025,1,收盘亏5%且最大浮亏8%,1,22,2.0661,-21.0744,-14.7383,1,收盘亏5%且最大浮亏8%,0,,top3
2026-04-07,sz002620,sz002620,probe_d3_confirmed,试盘D3确认池,rule_strategy,probe_confirm_v1,1,74.879,raw,swing,watch,观察,0,首次试盘后进入D3确认；D3 OIB继续为正；盘口承接强于抛压,试盘识别-三日确认,2026-04-08,9.38,defense,defense_active_decline,防守-持续下跌,暂停新开仓,30.3929,5日全市场上涨占比22.1%；5日小盘上涨占比17.1%,-2.0843841012420983,-7.287441106901193,73.0757,17.5306,22.093,70.2703,17.8504,1.1628,-2.6442,-2.5162,3.0303,-7.7539,86.445,14.6633,17.0503,80.9889,13.4697,2.1164,-2.6471,-2.8464,4.4311,-7.776,53.022,22.6648,28.1981,59.0096,23.2462,0.1309,-2.3778,-1.9686,1.1803,-7.1895,1,5,6.823,-5.0107,-1.2793,0,,1,10,6.823,-7.0362,4.6908,0,,0,21,16.951,-7.0362,5.3305,0,,0,,top1
2026-04-07,sz000978,sz000978,probe_day0_watch,试盘观察池,rule_strategy,probe_watch_v1,1,90.214579,raw,watch,watch,观察,0,首次试盘；盘中急拉后没有直接发动；回吐明显，像在摸上方抛压；主动推动偏强,试盘识别-当日观察,2026-04-08,7.5,defense,defense_active_decline,防守-持续下跌,暂停新开仓,30.3929,5日全市场上涨占比22.1%；5日小盘上涨占比17.1%,-2.0843841012420983,-7.287441106901193,73.0757,17.5306,22.093,70.2703,17.8504,1.1628,-2.6442,-2.5162,3.0303,-7.7539,86.445,14.6633,17.0503,80.9889,13.4697,2.1164,-2.6471,-2.8464,4.4311,-7.776,53.022,22.6648,28.1981,59.0096,23.2462,0.1309,-2.3778,-1.9686,1.1803,-7.1895,1,5,15.7333,-1.3333,6.2667,0,,1,10,15.7333,-1.3333,0.1333,0,,1,22,15.7333,-13.8667,-12.6667,1,收盘亏5%且最大浮亏8%,0,,top1
2026-04-07,sz002072,sz002072,probe_day0_watch,试盘观察池,rule_strategy,probe_watch_v1,2,85.432833,raw,watch,watch,观察,0,首次试盘；盘中急拉后没有直接发动；回吐明显，像在摸上方抛压,试盘识别-当日观察,2026-04-08,7.7,defense,defense_active_decline,防守-持续下跌,暂停新开仓,30.3929,5日全市场上涨占比22.1%；5日小盘上涨占比17.1%,-2.0843841012420983,-7.287441106901193,73.0757,17.5306,22.093,70.2703,17.8504,1.1628,-2.6442,-2.5162,3.0303,-7.7539,86.445,14.6633,17.0503,80.9889,13.4697,2.1164,-2.6471,-2.8464,4.4311,-7.776,53.022,22.6648,28.1981,59.0096,23.2462,0.1309,-2.3778,-1.9686,1.1803,-7.1895,1,5,1.9481,-3.8961,-2.3377,0,,1,10,1.9481,-3.8961,-1.2987,0,,1,22,1.9481,-9.0909,-8.1818,1,收盘亏5%且最大浮亏8%,0,,top3
2026-04-07,sz002272,sz002272,probe_day0_watch,试盘观察池,rule_strategy,probe_watch_v1,3,79.500791,raw,watch,watch,观察,0,首次试盘；盘中急拉后没有直接发动；回吐明显，像在摸上方抛压；主动推动偏强,试盘识别-当日观察,2026-04-08,18.89,defense,defense_active_decline,防守-持续下跌,暂停新开仓,30.3929,5日全市场上涨占比22.1%；5日小盘上涨占比17.1%,-2.0843841012420983,-7.287441106901193,73.0757,17.5306,22.093,70.2703,17.8504,1.1628,-2.6442,-2.5162,3.0303,-7.7539,86.445,14.6633,17.0503,80.9889,13.4697,2.1164,-2.6471,-2.8464,4.4311,-7.776,53.022,22.6648,28.1981,59.0096,23.2462,0.1309,-2.3778,-1.9686,1.1803,-7.1895,1,5,6.4055,-1.747,3.7586,0,,1,10,12.5463,-1.747,2.3293,0,,1,22,12.5463,-10.4817,2.6469,1,最大浮亏8%,0,,top3
2026-04-07,sz002800,sz002800,probe_day0_watch,试盘观察池,rule_strategy,probe_watch_v1,4,76.4948,raw,watch,watch,观察,0,重新试盘；第2次试盘；盘中急拉后没有直接发动；回吐明显，像在摸上方抛压,试盘识别-当日观察,2026-04-08,18.36,defense,defense_active_decline,防守-持续下跌,暂停新开仓,30.3929,5日全市场上涨占比22.1%；5日小盘上涨占比17.1%,-2.0843841012420983,-7.287441106901193,73.0757,17.5306,22.093,70.2703,17.8504,1.1628,-2.6442,-2.5162,3.0303,-7.7539,86.445,14.6633,17.0503,80.9889,13.4697,2.1164,-2.6471,-2.8464,4.4311,-7.776,53.022,22.6648,28.1981,59.0096,23.2462,0.1309,-2.3778,-1.9686,1.1803,-7.1895,1,5,1.4706,-12.3094,-9.6405,1,收盘亏5%且最大浮亏8%,1,10,1.4706,-12.3094,-2.342,1,最大浮亏8%,1,22,2.9412,-12.3094,-2.2876,1,最大浮亏8%,0,,top5
2026-04-07,sz002281,sz002281,probe_day0_watch,试盘观察池,rule_strategy,probe_watch_v1,5,58.370451,raw,watch,watch,观察,0,首次试盘；盘中急拉后没有直接发动；回吐明显，像在摸上方抛压,试盘识别-当日观察,2026-04-08,95.6,defense,defense_active_decline,防守-持续下跌,暂停新开仓,30.3929,5日全市场上涨占比22.1%；5日小盘上涨占比17.1%,-2.0843841012420983,-7.287441106901193,73.0757,17.5306,22.093,70.2703,17.8504,1.1628,-2.6442,-2.5162,3.0303,-7.7539,86.445,14.6633,17.0503,80.9889,13.4697,2.1164,-2.6471,-2.8464,4.4311,-7.776,53.022,22.6648,28.1981,59.0096,23.2462,0.1309,-2.3778,-1.9686,1.1803,-7.1895,1,5,21.2134,-1.59,15.9205,0,,1,10,31.4435,-1.59,27.3954,0,,1,22,118.41,-1.59,110.7741,0,,0,,top5
2026-04-07,sz002468,sz002468,spark_opportunity_selector,星火机会模型 1.0,model,1.0,1,37.772035,raw,22d,candidate_buy,明日可买,1,22日冲高机会分靠前，资金潜伏特征较强、L2主力净流入强、主动买入强、出货压力不高,星火机会模型,2026-04-08,15.44,defense,defense_active_decline,防守-持续下跌,暂停新开仓,30.3929,5日全市场上涨占比22.1%；5日小盘上涨占比17.1%,-2.0843841012420983,-7.287441106901193,73.0757,17.5306,22.093,70.2703,17.8504,1.1628,-2.6442,-2.5162,3.0303,-7.7539,86.445,14.6633,17.0503,80.9889,13.4697,2.1164,-2.6471,-2.8464,4.4311,-7.776,53.022,22.6648,28.1981,59.0096,23.2462,0.1309,-2.3778,-1.9686,1.1803,-7.1895,1,5,2.3316,-4.2746,-3.5622,0,,1,10,17.0984,-4.2746,10.4922,0,,1,22,17.0984,-4.2746,3.1088,0,,1,35-40,top1
2026-04-07,sh603222,sh603222,spark_opportunity_selector,星火机会模型 1.0,model,1.0,2,35.72986,raw,22d,candidate_buy,明日可买,1,22日冲高机会分靠前，突破结构强、L2主力净流入强、主动买入强、出货压力不高,星火机会模型,2026-04-08,11.0,defense,defense_active_decline,防守-持续下跌,暂停新开仓,30.3929,5日全市场上涨占比22.1%；5日小盘上涨占比17.1%,-2.0843841012420983,-7.287441106901193,73.0757,17.5306,22.093,70.2703,17.8504,1.1628,-2.6442,-2.5162,3.0303,-7.7539,86.445,14.6633,17.0503,80.9889,13.4697,2.1164,-2.6471,-2.8464,4.4311,-7.776,53.022,22.6648,28.1981,59.0096,23.2462,0.1309,-2.3778,-1.9686,1.1803,-7.1895,1,5,2.3636,-10.1818,-8.7273,1,收盘亏5%且最大浮亏8%,1,10,2.3636,-10.1818,-6.2727,1,收盘亏5%且最大浮亏8%,1,22,2.3636,-17.0,-5.8182,1,收盘亏5%且最大浮亏8%,1,35-40,top3
2026-04-07,sz000593,sz000593,spark_opportunity_selector,星火机会模型 1.0,model,1.0,3,34.378562,raw,22d,candidate_buy,明日可买,1,22日冲高机会分靠前，突破结构强、L2主力净流入强、主动买入强、出货压力不高,星火机会模型,2026-04-08,17.26,defense,defense_active_decline,防守-持续下跌,暂停新开仓,30.3929,5日全市场上涨占比22.1%；5日小盘上涨占比17.1%,-2.0843841012420983,-7.287441106901193,73.0757,17.5306,22.093,70.2703,17.8504,1.1628,-2.6442,-2.5162,3.0303,-7.7539,86.445,14.6633,17.0503,80.9889,13.4697,2.1164,-2.6471,-2.8464,4.4311,-7.776,53.022,22.6648,28.1981,59.0096,23.2462,0.1309,-2.3778,-1.9686,1.1803,-7.1895,1,5,10.197,-5.0406,-4.2874,0,,1,10,12.6883,-6.0834,7.9954,0,,1,22,62.1669,-6.0834,30.9386,0,,1,<35,top3
2026-04-07,sh601133,sh601133,trend_continuation_callback,趋势中继高质量回踩,rule_strategy,S02-current-candidate-20260427,1,76.63,raw,swing,watch,观察中,0,进入趋势中继观察池；等待严格回踩和真承接确认,趋势延续策略,2026-04-08,22.45,defense,defense_active_decline,防守-持续下跌,暂停新开仓,30.3929,5日全市场上涨占比22.1%；5日小盘上涨占比17.1%,-2.0843841012420983,-7.287441106901193,73.0757,17.5306,22.093,70.2703,17.8504,1.1628,-2.6442,-2.5162,3.0303,-7.7539,86.445,14.6633,17.0503,80.9889,13.4697,2.1164,-2.6471,-2.8464,4.4311,-7.776,53.022,22.6648,28.1981,59.0096,23.2462,0.1309,-2.3778,-1.9686,1.1803,-7.1895,1,5,13.5857,-3.118,5.8797,0,,1,10,16.882,-3.118,6.8597,0,,1,22,21.559,-3.118,14.6993,0,,0,,top1
2026-04-07,sz002645,sz002645,trend_continuation_callback,趋势中继高质量回踩,rule_strategy,S02-current-candidate-20260427,2,73.33,raw,swing,watch,观察中,0,进入趋势中继观察池；等待严格回踩和真承接确认,趋势延续策略,2026-04-08,18.8,defense,defense_active_decline,防守-持续下跌,暂停新开仓,30.3929,5日全市场上涨占比22.1%；5日小盘上涨占比17.1%,-2.0843841012420983,-7.287441106901193,73.0757,17.5306,22.093,70.2703,17.8504,1.1628,-2.6442,-2.5162,3.0303,-7.7539,86.445,14.6633,17.0503,80.9889,13.4697,2.1164,-2.6471,-2.8464,4.4311,-7.776,53.022,22.6648,28.1981,59.0096,23.2462,0.1309,-2.3778,-1.9686,1.1803,-7.1895,1,5,18.5638,-0.7447,8.9362,0,,1,10,26.9681,-0.7447,21.9681,0,,1,22,60.2128,-0.7447,52.9255,0,,0,,top3
2026-04-07,sz003031,sz003031,trend_continuation_callback,趋势中继高质量回踩,rule_strategy,S02-current-candidate-20260427,3,71.05,raw,swing,watch,观察中,0,进入趋势中继观察池；等待严格回踩和真承接确认,趋势延续策略,2026-04-08,93.64,defense,defense_active_decline,防守-持续下跌,暂停新开仓,30.3929,5日全市场上涨占比22.1%；5日小盘上涨占比17.1%,-2.0843841012420983,-7.287441106901193,73.0757,17.5306,22.093,70.2703,17.8504,1.1628,-2.6442,-2.5162,3.0303,-7.7539,86.445,14.6633,17.0503,80.9889,13.4697,2.1164,-2.6471,-2.8464,4.4311,-7.776,53.022,22.6648,28.1981,59.0096,23.2462,0.1309,-2.3778,-1.9686,1.1803,-7.1895,1,5,13.5199,-4.1008,12.7189,0,,1,10,36.6403,-4.1008,30.8202,0,,1,22,67.9838,-4.1008,61.9287,0,,0,,top3
2026-04-08,sz000852,sz000852,probe_d3_confirmed,试盘D3确认池,rule_strategy,probe_confirm_v1,1,68.7626,raw,swing,watch,观察,0,首次试盘后进入D3确认；D3 OIB继续为正；盘口承接强于抛压；位置还没顶到极限,试盘识别-三日确认,2026-04-09,7.04,attack,attack,攻击,可参与,67.7291,5日全市场上涨占比70.6%；5日全市场中位涨跌幅1.6%；5日小盘上涨占比65.3%,4.408460622907517,-4.722358907382251,92.059,75.7376,70.5901,73.9403,20.4082,3.0338,2.0339,1.6215,3.0134,-5.9896,91.0638,76.0,65.2766,76.1702,14.2979,2.7439,1.7336,1.1274,3.125,-6.5649,92.033,75.2747,77.0604,71.1142,28.0605,3.4442,2.5808,2.3718,2.4896,-4.7462,1,5,0.9943,-2.6989,-2.5568,0,,1,10,4.6875,-4.8295,1.8466,0,,1,22,7.2443,-4.8295,2.6989,0,,0,,top1
2026-04-08,sz000536,sz000536,probe_day0_watch,试盘观察池,rule_strategy,probe_watch_v1,1,75.051025,raw,watch,watch,观察,0,首次试盘；盘中急拉后没有直接发动；回吐明显，像在摸上方抛压；主动推动偏强,试盘识别-当日观察,2026-04-09,4.3,attack,attack,攻击,可参与,67.7291,5日全市场上涨占比70.6%；5日全市场中位涨跌幅1.6%；5日小盘上涨占比65.3%,4.408460622907517,-4.722358907382251,92.059,75.7376,70.5901,73.9403,20.4082,3.0338,2.0339,1.6215,3.0134,-5.9896,91.0638,76.0,65.2766,76.1702,14.2979,2.7439,1.7336,1.1274,3.125,-6.5649,92.033,75.2747,77.0604,71.1142,28.0605,3.4442,2.5808,2.3718,2.4896,-4.7462,1,5,2.7907,-1.3953,-1.1628,0,,1,10,2.7907,-3.0233,-2.7907,0,,1,22,2.7907,-11.6279,-5.5814,1,收盘亏5%且最大浮亏8%,0,,top1
2026-04-08,sz002947,sz002947,spark_opportunity_selector,星火机会模型 1.0,model,1.0,1,32.830921,raw,22d,candidate_buy,明日可买,1,22日冲高机会分靠前，突破结构强、L2主力净流入强、主动买入强、热点主题前排,星火机会模型,2026-04-09,58.5,attack,attack,攻击,可参与,67.7291,5日全市场上涨占比70.6%；5日全市场中位涨跌幅1.6%；5日小盘上涨占比65.3%,4.408460622907517,-4.722358907382251,92.059,75.7376,70.5901,73.9403,20.4082,3.0338,2.0339,1.6215,3.0134,-5.9896,91.0638,76.0,65.2766,76.1702,14.2979,2.7439,1.7336,1.1274,3.125,-6.5649,92.033,75.2747,77.0604,71.1142,28.0605,3.4442,2.5808,2.3718,2.4896,-4.7462,1,5,21.8291,-0.8376,18.6154,0,,1,10,27.0427,-0.8376,24.735,0,,1,22,51.5556,-0.8376,43.6239,0,,1,<35,top1
2026-04-08,sh603985,sh603985,spark_opportunity_selector,星火机会模型 1.0,model,1.0,2,31.587541,raw,22d,candidate_buy,明日可买,1,22日冲高机会分靠前，突破结构强、L2主力净流入强、主动买入强、热点主题前排,星火机会模型,2026-04-09,21.33,attack,attack,攻击,可参与,67.7291,5日全市场上涨占比70.6%；5日全市场中位涨跌幅1.6%；5日小盘上涨占比65.3%,4.408460622907517,-4.722358907382251,92.059,75.7376,70.5901,73.9403,20.4082,3.0338,2.0339,1.6215,3.0134,-5.9896,91.0638,76.0,65.2766,76.1702,14.2979,2.7439,1.7336,1.1274,3.125,-6.5649,92.033,75.2747,77.0604,71.1142,28.0605,3.4442,2.5808,2.3718,2.4896,-4.7462,1,5,9.0952,-5.7665,4.5945,0,,1,10,20.4876,-5.7665,19.4093,0,,1,22,38.7717,-5.7665,29.8172,0,,1,<35,top3
2026-04-08,sz002428,sz002428,spark_opportunity_selector,星火机会模型 1.0,model,1.0,3,31.520436,raw,22d,candidate_buy,明日可买,1,22日冲高机会分靠前，突破结构较好、L2主力净流入强、主动买入强、热点主题前排,星火机会模型,2026-04-09,53.8,attack,attack,攻击,可参与,67.7291,5日全市场上涨占比70.6%；5日全市场中位涨跌幅1.6%；5日小盘上涨占比65.3%,4.408460622907517,-4.722358907382251,92.059,75.7376,70.5901,73.9403,20.4082,3.0338,2.0339,1.6215,3.0134,-5.9896,91.0638,76.0,65.2766,76.1702,14.2979,2.7439,1.7336,1.1274,3.125,-6.5649,92.033,75.2747,77.0604,71.1142,28.0605,3.4442,2.5808,2.3718,2.4896,-4.7462,1,5,12.7138,-0.8364,6.2268,0,,1,10,39.8513,-0.8364,39.8513,0,,1,22,95.3532,-0.8364,88.6803,0,,1,<35,top3
2026-04-08,sz002342,sz002342,stable_capital_callback,资金流回调稳健,rule_strategy,S01-M05-conservative-combined-risk,1,98.7,raw,swing,candidate_buy,可买入,1,启动后回调承接确认；风险标签 0 个,资金流回调稳健策略,2026-04-09,14.51,attack,attack,攻击,可参与,67.7291,5日全市场上涨占比70.6%；5日全市场中位涨跌幅1.6%；5日小盘上涨占比65.3%,4.408460622907517,-4.722358907382251,92.059,75.7376,70.5901,73.9403,20.4082,3.0338,2.0339,1.6215,3.0134,-5.9896,91.0638,76.0,65.2766,76.1702,14.2979,2.7439,1.7336,1.1274,3.125,-6.5649,92.033,75.2747,77.0604,71.1142,28.0605,3.4442,2.5808,2.3718,2.4896,-4.7462,1,5,28.9456,0.0,26.051,0,,1,10,47.6223,0.0,38.8697,0,,1,22,65.4032,0.0,41.0062,0,,1,,top1
2026-04-08,sz001270,sz001270,stable_capital_callback,资金流回调稳健,rule_strategy,S01-M05-conservative-combined-risk,2,92.84,raw,swing,candidate_buy,可买入,1,启动后回调承接确认；风险标签 1 个,资金流回调稳健策略,2026-04-09,120.56,attack,attack,攻击,可参与,67.7291,5日全市场上涨占比70.6%；5日全市场中位涨跌幅1.6%；5日小盘上涨占比65.3%,4.408460622907517,-4.722358907382251,92.059,75.7376,70.5901,73.9403,20.4082,3.0338,2.0339,1.6215,3.0134,-5.9896,91.0638,76.0,65.2766,76.1702,14.2979,2.7439,1.7336,1.1274,3.125,-6.5649,92.033,75.2747,77.0604,71.1142,28.0605,3.4442,2.5808,2.3718,2.4896,-4.7462,1,5,18.0906,-2.364,18.0906,0,,1,10,28.0275,-2.364,28.0275,0,,1,22,36.5378,-2.364,29.0644,0,,1,,top3
2026-04-08,sz002155,sz002155,stable_capital_callback,资金流回调稳健,rule_strategy,S01-M05-conservative-combined-risk,3,100.0,raw,swing,candidate_buy,可买入,1,启动后回调承接确认；风险标签 0 个,资金流回调稳健策略,2026-04-09,30.88,attack,attack,攻击,可参与,67.7291,5日全市场上涨占比70.6%；5日全市场中位涨跌幅1.6%；5日小盘上涨占比65.3%,4.408460622907517,-4.722358907382251,92.059,75.7376,70.5901,73.9403,20.4082,3.0338,2.0339,1.6215,3.0134,-5.9896,91.0638,76.0,65.2766,76.1702,14.2979,2.7439,1.7336,1.1274,3.125,-6.5649,92.033,75.2747,77.0604,71.1142,28.0605,3.4442,2.5808,2.3718,2.4896,-4.7462,1,5,1.8782,-5.8938,-5.5052,1,收盘亏5%,1,10,2.0078,-6.4119,1.522,0,,1,22,2.0078,-10.6865,-6.25,1,收盘亏5%且最大浮亏8%,1,,top3
2026-04-08,sz000703,sz000703,trend_continuation_callback,趋势中继高质量回踩,rule_strategy,S02-current-candidate-20260427,1,76.59,raw,swing,watch,观察中,0,进入趋势中继观察池；等待严格回踩和真承接确认,趋势延续策略,2026-04-09,14.74,attack,attack,攻击,可参与,67.7291,5日全市场上涨占比70.6%；5日全市场中位涨跌幅1.6%；5日小盘上涨占比65.3%,4.408460622907517,-4.722358907382251,92.059,75.7376,70.5901,73.9403,20.4082,3.0338,2.0339,1.6215,3.0134,-5.9896,91.0638,76.0,65.2766,76.1702,14.2979,2.7439,1.7336,1.1274,3.125,-6.5649,92.033,75.2747,77.0604,71.1142,28.0605,3.4442,2.5808,2.3718,2.4896,-4.7462,1,5,16.6893,-1.0176,4.1384,0,,1,10,16.6893,-1.0176,1.6961,0,,1,22,24.4912,-1.3569,3.867,0,,0,,top1
2026-04-08,sh603588,sh603588,trend_continuation_callback,趋势中继高质量回踩,rule_strategy,S02-current-candidate-20260427,2,71.03,raw,swing,watch,观察中,0,进入趋势中继观察池；等待严格回踩和真承接确认,趋势延续策略,2026-04-09,17.3,attack,attack,攻击,可参与,67.7291,5日全市场上涨占比70.6%；5日全市场中位涨跌幅1.6%；5日小盘上涨占比65.3%,4.408460622907517,-4.722358907382251,92.059,75.7376,70.5901,73.9403,20.4082,3.0338,2.0339,1.6215,3.0134,-5.9896,91.0638,76.0,65.2766,76.1702,14.2979,2.7439,1.7336,1.1274,3.125,-6.5649,92.033,75.2747,77.0604,71.1142,28.0605,3.4442,2.5808,2.3718,2.4896,-4.7462,1,5,7.8613,-13.526,-12.1387,1,收盘亏5%且最大浮亏8%,1,10,7.8613,-13.526,-8.5549,1,收盘亏5%且最大浮亏8%,1,22,7.8613,-17.2832,-14.2197,1,收盘亏5%且最大浮亏8%,0,,top3
2026-04-09,sz000078,sz000078,probe_d3_confirmed,试盘D3确认池,rule_strategy,probe_confirm_v1,1,106.4877,raw,swing,candidate_buy,明日可买,1,首次试盘后进入D3确认；D3 OIB继续为正；超大单没有撤；盘口承接强于抛压,试盘识别-三日确认,2026-04-10,3.71,caution,caution,谨慎,观察为主,39.5266,5日上涨占比36.4%；10日上涨占比46.5%；10日中位涨跌幅-0.3%,2.025900444382045,-5.2858051667250106,21.4555,85.1271,36.4292,46.4846,17.7024,-1.4365,3.125,-0.974,-0.2968,-7.3171,16.6667,88.4354,27.2109,42.0068,13.8605,-1.7562,3.3427,-1.535,-0.5774,-7.8831,28.8066,78.1593,47.2527,48.0055,22.2834,-0.9858,2.5364,-0.1554,-0.2124,-6.2851,1,5,8.6253,-6.469,5.3908,0,,1,10,8.6253,-10.5121,-10.2426,1,收盘亏5%且最大浮亏8%,0,21,8.6253,-40.1617,-40.1617,1,收盘亏5%且最大浮亏8%,1,,top1
2026-04-09,sz002501,sz002501,probe_d3_confirmed,试盘D3确认池,rule_strategy,probe_confirm_v1,2,60.1263,raw,swing,watch,观察,0,重新试盘后进入D3确认；这是第2次试盘；超大单没有撤；位置还没顶到极限,试盘识别-三日确认,2026-04-10,1.88,caution,caution,谨慎,观察为主,39.5266,5日上涨占比36.4%；10日上涨占比46.5%；10日中位涨跌幅-0.3%,2.025900444382045,-5.2858051667250106,21.4555,85.1271,36.4292,46.4846,17.7024,-1.4365,3.125,-0.974,-0.2968,-7.3171,16.6667,88.4354,27.2109,42.0068,13.8605,-1.7562,3.3427,-1.535,-0.5774,-7.8831,28.8066,78.1593,47.2527,48.0055,22.2834,-0.9858,2.5364,-0.1554,-0.2124,-6.2851,1,5,1.0638,-5.3191,-3.1915,0,,1,10,6.383,-12.766,-9.0426,1,收盘亏5%且最大浮亏8%,0,21,6.383,-35.1064,-18.0851,1,收盘亏5%且最大浮亏8%,0,,top3
2026-04-09,sz002418,sz002418,spark_opportunity_selector,星火机会模型 1.0,model,1.0,1,35.197768,raw,22d,candidate_buy,明日可买,1,22日冲高机会分靠前，突破结构较好、资金潜伏特征较强、L2主力净流入强、主动买入强,星火机会模型,2026-04-10,5.16,caution,caution,谨慎,观察为主,39.5266,5日上涨占比36.4%；10日上涨占比46.5%；10日中位涨跌幅-0.3%,2.025900444382045,-5.2858051667250106,21.4555,85.1271,36.4292,46.4846,17.7024,-1.4365,3.125,-0.974,-0.2968,-7.3171,16.6667,88.4354,27.2109,42.0068,13.8605,-1.7562,3.3427,-1.535,-0.5774,-7.8831,28.8066,78.1593,47.2527,48.0055,22.2834,-0.9858,2.5364,-0.1554,-0.2124,-6.2851,1,5,21.8992,-0.969,9.1085,0,,1,10,37.9845,-0.969,26.1628,0,,1,22,37.9845,-0.969,17.6357,0,,1,35-40,top1
2026-04-09,sz002475,sz002475,spark_opportunity_selector,星火机会模型 1.0,model,1.0,2,34.673501,raw,22d,candidate_buy,明日可买,1,22日冲高机会分靠前，突破结构强、L2主力净流入强、主动买入强、热点主题前排,星火机会模型,2026-04-10,55.43,caution,caution,谨慎,观察为主,39.5266,5日上涨占比36.4%；10日上涨占比46.5%；10日中位涨跌幅-0.3%,2.025900444382045,-5.2858051667250106,21.4555,85.1271,36.4292,46.4846,17.7024,-1.4365,3.125,-0.974,-0.2968,-7.3171,16.6667,88.4354,27.2109,42.0068,13.8605,-1.7562,3.3427,-1.535,-0.5774,-7.8831,28.8066,78.1593,47.2527,48.0055,22.2834,-0.9858,2.5364,-0.1554,-0.2124,-6.2851,1,5,10.0126,-0.9562,9.0565,0,,1,10,27.5122,-0.9562,22.2623,0,,1,22,47.5374,-0.9562,36.0274,0,,1,<35,top3
2026-04-09,sz000977,sz000977,spark_opportunity_selector,星火机会模型 1.0,model,1.0,3,33.703888,raw,22d,candidate_buy,明日可买,1,22日冲高机会分靠前，突破结构强、资金潜伏特征较强、L2主力净流入强、主动买入强,星火机会模型,2026-04-10,65.77,caution,caution,谨慎,观察为主,39.5266,5日上涨占比36.4%；10日上涨占比46.5%；10日中位涨跌幅-0.3%,2.025900444382045,-5.2858051667250106,21.4555,85.1271,36.4292,46.4846,17.7024,-1.4365,3.125,-0.974,-0.2968,-7.3171,16.6667,88.4354,27.2109,42.0068,13.8605,-1.7562,3.3427,-1.535,-0.5774,-7.8831,28.8066,78.1593,47.2527,48.0055,22.2834,-0.9858,2.5364,-0.1554,-0.2124,-6.2851,1,5,6.7204,-0.745,3.8163,0,,1,10,14.7028,-0.745,12.2548,0,,1,22,20.8606,-0.745,8.8642,0,,1,<35,top3
2026-04-09,sh603619,sh603619,stable_capital_callback,资金流回调稳健,rule_strategy,S01-M05-conservative-combined-risk,1,84.09,raw,swing,candidate_buy,可买入,1,启动后回调承接确认；风险标签 1 个,资金流回调稳健策略,2026-04-10,34.66,caution,caution,谨慎,观察为主,39.5266,5日上涨占比36.4%；10日上涨占比46.5%；10日中位涨跌幅-0.3%,2.025900444382045,-5.2858051667250106,21.4555,85.1271,36.4292,46.4846,17.7024,-1.4365,3.125,-0.974,-0.2968,-7.3171,16.6667,88.4354,27.2109,42.0068,13.8605,-1.7562,3.3427,-1.535,-0.5774,-7.8831,28.8066,78.1593,47.2527,48.0055,22.2834,-0.9858,2.5364,-0.1554,-0.2124,-6.2851,1,5,8.4824,-2.1639,-0.4616,0,,1,10,8.4824,-8.2516,-3.6642,1,最大浮亏8%,1,22,8.4824,-17.7726,-16.9648,1,收盘亏5%且最大浮亏8%,1,,top1
2026-04-09,sz000960,sz000960,stable_capital_callback,资金流回调稳健,rule_strategy,S01-M05-conservative-combined-risk,2,91.95,raw,swing,candidate_buy,可买入,1,启动后回调承接确认；风险标签 1 个,资金流回调稳健策略,2026-04-10,33.02,caution,caution,谨慎,观察为主,39.5266,5日上涨占比36.4%；10日上涨占比46.5%；10日中位涨跌幅-0.3%,2.025900444382045,-5.2858051667250106,21.4555,85.1271,36.4292,46.4846,17.7024,-1.4365,3.125,-0.974,-0.2968,-7.3171,16.6667,88.4354,27.2109,42.0068,13.8605,-1.7562,3.3427,-1.535,-0.5774,-7.8831,28.8066,78.1593,47.2527,48.0055,22.2834,-0.9858,2.5364,-0.1554,-0.2124,-6.2851,1,5,8.8734,-2.3016,7.238,0,,1,10,25.0151,-2.3016,13.1738,0,,1,22,28.3465,-2.3016,17.868,0,,1,,top3
2026-04-09,sz002595,sz002595,stable_capital_callback,资金流回调稳健,rule_strategy,S01-M05-conservative-combined-risk,3,79.9,raw,swing,candidate_buy,可买入,1,启动后回调承接确认；风险标签 1 个,资金流回调稳健策略,2026-04-10,81.7,caution,caution,谨慎,观察为主,39.5266,5日上涨占比36.4%；10日上涨占比46.5%；10日中位涨跌幅-0.3%,2.025900444382045,-5.2858051667250106,21.4555,85.1271,36.4292,46.4846,17.7024,-1.4365,3.125,-0.974,-0.2968,-7.3171,16.6667,88.4354,27.2109,42.0068,13.8605,-1.7562,3.3427,-1.535,-0.5774,-7.8831,28.8066,78.1593,47.2527,48.0055,22.2834,-0.9858,2.5364,-0.1554,-0.2124,-6.2851,1,5,8.9596,-1.3341,8.9596,0,,1,10,20.563,-1.3341,11.2118,0,,1,22,20.563,-29.7185,-27.7723,1,收盘亏5%且最大浮亏8%,1,,top3
2026-04-09,sz002645,sz002645,trend_continuation_callback,趋势中继高质量回踩,rule_strategy,S02-current-candidate-20260427,1,78.76,raw,swing,watch,观察中,0,进入趋势中继观察池；等待严格回踩和真承接确认,趋势延续策略,2026-04-10,21.13,caution,caution,谨慎,观察为主,39.5266,5日上涨占比36.4%；10日上涨占比46.5%；10日中位涨跌幅-0.3%,2.025900444382045,-5.2858051667250106,21.4555,85.1271,36.4292,46.4846,17.7024,-1.4365,3.125,-0.974,-0.2968,-7.3171,16.6667,88.4354,27.2109,42.0068,13.8605,-1.7562,3.3427,-1.535,-0.5774,-7.8831,28.8066,78.1593,47.2527,48.0055,22.2834,-0.9858,2.5364,-0.1554,-0.2124,-6.2851,1,5,8.85,-3.4548,7.5722,0,,1,10,14.2925,-3.4548,3.9281,0,,1,22,42.5461,-3.4548,34.69,0,,0,,top1
2026-04-09,sh603588,sh603588,trend_continuation_callback,趋势中继高质量回踩,rule_strategy,S02-current-candidate-20260427,2,77.03,raw,swing,watch,观察中,0,进入趋势中继观察池；等待严格回踩和真承接确认,趋势延续策略,2026-04-10,18.21,caution,caution,谨慎,观察为主,39.5266,5日上涨占比36.4%；10日上涨占比46.5%；10日中位涨跌幅-0.3%,2.025900444382045,-5.2858051667250106,21.4555,85.1271,36.4292,46.4846,17.7024,-1.4365,3.125,-0.974,-0.2968,-7.3171,16.6667,88.4354,27.2109,42.0068,13.8605,-1.7562,3.3427,-1.535,-0.5774,-7.8831,28.8066,78.1593,47.2527,48.0055,22.2834,-0.9858,2.5364,-0.1554,-0.2124,-6.2851,1,5,0.3295,-17.8473,-13.7836,1,收盘亏5%且最大浮亏8%,1,10,0.3295,-17.8473,-16.0351,1,收盘亏5%且最大浮亏8%,1,22,0.3295,-21.4168,-19.0555,1,收盘亏5%且最大浮亏8%,0,,top3
2026-04-09,sz002947,sz002947,trend_continuation_callback,趋势中继高质量回踩,rule_strategy,S02-current-candidate-20260427,3,74.01,raw,swing,watch,观察中,0,进入趋势中继观察池；等待严格回踩和真承接确认,趋势延续策略,2026-04-10,68.86,caution,caution,谨慎,观察为主,39.5266,5日上涨占比36.4%；10日上涨占比46.5%；10日中位涨跌幅-0.3%,2.025900444382045,-5.2858051667250106,21.4555,85.1271,36.4292,46.4846,17.7024,-1.4365,3.125,-0.974,-0.2968,-7.3171,16.6667,88.4354,27.2109,42.0068,13.8605,-1.7562,3.3427,-1.535,-0.5774,-7.8831,28.8066,78.1593,47.2527,48.0055,22.2834,-0.9858,2.5364,-0.1554,-0.2124,-6.2851,1,5,6.7383,-4.1388,4.6471,0,,1,10,16.5699,-4.1388,14.1446,0,,1,22,28.754,-4.1388,19.6776,0,,0,,top3
2026-04-09,sz000703,sz000703,trend_continuation_callback,趋势中继高质量回踩,rule_strategy,S02-current-candidate-20260427,4,70.2,raw,swing,watch,观察中,0,进入趋势中继观察池；等待严格回踩和真承接确认,趋势延续策略,2026-04-10,15.59,caution,caution,谨慎,观察为主,39.5266,5日上涨占比36.4%；10日上涨占比46.5%；10日中位涨跌幅-0.3%,2.025900444382045,-5.2858051667250106,21.4555,85.1271,36.4292,46.4846,17.7024,-1.4365,3.125,-0.974,-0.2968,-7.3171,16.6667,88.4354,27.2109,42.0068,13.8605,-1.7562,3.3427,-1.535,-0.5774,-7.8831,28.8066,78.1593,47.2527,48.0055,22.2834,-0.9858,2.5364,-0.1554,-0.2124,-6.2851,1,5,10.3271,-5.9654,2.4375,0,,1,10,10.3271,-5.9654,-3.9128,0,,1,22,17.7037,-6.7351,-4.8108,0,,0,,top5
2026-04-09,sz002990,sz002990,trend_continuation_callback,趋势中继高质量回踩,rule_strategy,S02-current-candidate-20260427,5,70.0,raw,swing,watch,观察中,0,进入趋势中继观察池；等待严格回踩和真承接确认,趋势延续策略,2026-04-10,33.43,caution,caution,谨慎,观察为主,39.5266,5日上涨占比36.4%；10日上涨占比46.5%；10日中位涨跌幅-0.3%,2.025900444382045,-5.2858051667250106,21.4555,85.1271,36.4292,46.4846,17.7024,-1.4365,3.125,-0.974,-0.2968,-7.3171,16.6667,88.4354,27.2109,42.0068,13.8605,-1.7562,3.3427,-1.535,-0.5774,-7.8831,28.8066,78.1593,47.2527,48.0055,22.2834,-0.9858,2.5364,-0.1554,-0.2124,-6.2851,1,5,38.5582,-0.8376,38.5582,0,,1,10,61.6811,-0.8376,47.1433,0,,1,22,107.6279,-0.8376,107.6279,0,,0,,top5
2026-04-10,sz002272,sz002272,probe_d3_confirmed,试盘D3确认池,rule_strategy,probe_confirm_v1,1,85.2789,raw,swing,watch,观察,0,首次试盘后进入D3确认；超大单没有撤,试盘识别-三日确认,2026-04-13,18.8,attack,attack,攻击,可参与,63.8169,5日全市场上涨占比64.6%；5日全市场中位涨跌幅1.5%；5日小盘上涨占比60.7%,4.9166300339238855,-4.0508581440884095,69.3007,80.1129,64.6487,66.5202,21.0229,0.7109,2.4746,1.4765,1.8182,-5.9794,74.4265,77.825,60.6627,65.0807,17.842,0.8333,1.9537,0.9375,1.4862,-6.1739,63.6488,82.1429,69.6429,68.6382,23.6589,0.4983,3.2683,2.1744,2.1846,-5.2273,1,5,11.7553,0.0,7.766,0,,1,10,13.0851,-3.883,2.9787,0,,1,22,13.0851,-10.0532,-0.3191,1,最大浮亏8%,0,,top1
2026-04-10,sz002983,sz002983,probe_day0_watch,试盘观察池,rule_strategy,probe_watch_v1,1,80.571965,raw,watch,watch,观察,0,重新试盘；第2次试盘；盘中急拉后没有直接发动；回吐明显，像在摸上方抛压,试盘识别-当日观察,2026-04-13,24.08,attack,attack,攻击,可参与,63.8169,5日全市场上涨占比64.6%；5日全市场中位涨跌幅1.5%；5日小盘上涨占比60.7%,4.9166300339238855,-4.0508581440884095,69.3007,80.1129,64.6487,66.5202,21.0229,0.7109,2.4746,1.4765,1.8182,-5.9794,74.4265,77.825,60.6627,65.0807,17.842,0.8333,1.9537,0.9375,1.4862,-6.1739,63.6488,82.1429,69.6429,68.6382,23.6589,0.4983,3.2683,2.1744,2.1846,-5.2273,1,5,2.7824,-2.3256,2.4086,0,,1,10,4.6512,-2.7409,-1.6611,0,,1,22,5.4817,-5.3156,3.696,0,,0,,top1
2026-04-10,sz002475,sz002475,spark_opportunity_selector,星火机会模型 1.0,model,1.0,1,37.159668,raw,22d,candidate_buy,明日可买,1,22日冲高机会分靠前，突破结构强、L2主力净流入强、主动买入强、热点主题前排,星火机会模型,2026-04-13,57.77,attack,attack,攻击,可参与,63.8169,5日全市场上涨占比64.6%；5日全市场中位涨跌幅1.5%；5日小盘上涨占比60.7%,4.9166300339238855,-4.0508581440884095,69.3007,80.1129,64.6487,66.5202,21.0229,0.7109,2.4746,1.4765,1.8182,-5.9794,74.4265,77.825,60.6627,65.0807,17.842,0.8333,1.9537,0.9375,1.4862,-6.1739,63.6488,82.1429,69.6429,68.6382,23.6589,0.4983,3.2683,2.1744,2.1846,-5.2273,1,5,5.5565,-0.4674,3.4274,0,,1,10,22.3472,-0.4674,14.2461,0,,1,22,41.5614,-0.4674,28.0942,0,,1,35-40,top1
2026-04-10,sh600382,sh600382,spark_opportunity_selector,星火机会模型 1.0,model,1.0,2,35.170209,raw,22d,candidate_buy,明日可买,1,22日冲高机会分靠前，突破结构强、资金潜伏特征较强、L2主力净流入强、主动买入强,星火机会模型,2026-04-13,9.5,attack,attack,攻击,可参与,63.8169,5日全市场上涨占比64.6%；5日全市场中位涨跌幅1.5%；5日小盘上涨占比60.7%,4.9166300339238855,-4.0508581440884095,69.3007,80.1129,64.6487,66.5202,21.0229,0.7109,2.4746,1.4765,1.8182,-5.9794,74.4265,77.825,60.6627,65.0807,17.842,0.8333,1.9537,0.9375,1.4862,-6.1739,63.6488,82.1429,69.6429,68.6382,23.6589,0.4983,3.2683,2.1744,2.1846,-5.2273,1,5,8.7368,-3.8947,6.7368,0,,1,10,8.7368,-9.1579,-7.1579,1,收盘亏5%且最大浮亏8%,1,22,8.7368,-14.6316,-4.6316,1,最大浮亏8%,1,35-40,top3
2026-04-10,sh600176,sh600176,spark_opportunity_selector,星火机会模型 1.0,model,1.0,3,35.066275,raw,22d,candidate_buy,明日可买,1,22日冲高机会分靠前，突破结构强、L2主力净流入强、主动买入强、热点主题前排,星火机会模型,2026-04-13,29.07,attack,attack,攻击,可参与,63.8169,5日全市场上涨占比64.6%；5日全市场中位涨跌幅1.5%；5日小盘上涨占比60.7%,4.9166300339238855,-4.0508581440884095,69.3007,80.1129,64.6487,66.5202,21.0229,0.7109,2.4746,1.4765,1.8182,-5.9794,74.4265,77.825,60.6627,65.0807,17.842,0.8333,1.9537,0.9375,1.4862,-6.1739,63.6488,82.1429,69.6429,68.6382,23.6589,0.4983,3.2683,2.1744,2.1846,-5.2273,1,5,18.6791,-0.2752,15.2391,0,,1,10,18.6791,-0.2752,13.5191,0,,1,22,37.1861,-0.2752,16.4775,0,,1,35-40,top3
2026-04-10,sz002865,sz002865,stable_capital_callback,资金流回调稳健,rule_strategy,S01-M05-conservative-combined-risk,1,75.8,raw,swing,candidate_buy,可买入,1,启动后回调承接确认；风险标签 0 个,资金流回调稳健策略,2026-04-13,73.31,attack,attack,攻击,可参与,63.8169,5日全市场上涨占比64.6%；5日全市场中位涨跌幅1.5%；5日小盘上涨占比60.7%,4.9166300339238855,-4.0508581440884095,69.3007,80.1129,64.6487,66.5202,21.0229,0.7109,2.4746,1.4765,1.8182,-5.9794,74.4265,77.825,60.6627,65.0807,17.842,0.8333,1.9537,0.9375,1.4862,-6.1739,63.6488,82.1429,69.6429,68.6382,23.6589,0.4983,3.2683,2.1744,2.1846,-5.2273,1,5,4.9789,-4.9243,1.3368,0,,1,10,11.8538,-4.9243,2.1279,0,,1,22,50.9071,-4.9243,32.6013,0,,1,,top1
2026-04-13,sh603773,sh603773,probe_day0_watch,试盘观察池,rule_strategy,probe_watch_v1,1,83.9571,raw,watch,watch,观察,0,首次试盘；盘中急拉后没有直接发动,试盘识别-当日观察,2026-04-14,44.37,attack,attack,攻击,可参与,79.3415,5日全市场上涨占比82.6%；5日全市场中位涨跌幅4.0%；5日小盘上涨占比86.2%,6.487972115913965,-2.2974613784758624,44.6849,37.598,82.591,52.4631,21.9329,-0.1377,-0.7435,3.9824,0.2667,-5.5649,41.5816,31.8878,86.2245,46.0034,16.6667,-0.2054,-1.0382,4.1379,-0.2518,-5.8993,47.1233,44.1096,76.2689,58.5165,27.0604,-0.0458,-0.3464,3.6122,1.1253,-4.5602,1,5,31.1472,-1.0593,31.1472,0,,1,10,48.7492,-1.0593,44.5346,0,,1,22,100.3155,-1.0593,52.1073,0,,0,,top1
2026-04-13,sz001234,sz001234,probe_day0_watch,试盘观察池,rule_strategy,probe_watch_v1,2,83.7069,raw,watch,watch,观察,0,首次试盘；盘中急拉后没有直接发动；回吐明显，像在摸上方抛压；主动推动偏强,试盘识别-当日观察,2026-04-14,26.93,attack,attack,攻击,可参与,79.3415,5日全市场上涨占比82.6%；5日全市场中位涨跌幅4.0%；5日小盘上涨占比86.2%,6.487972115913965,-2.2974613784758624,44.6849,37.598,82.591,52.4631,21.9329,-0.1377,-0.7435,3.9824,0.2667,-5.5649,41.5816,31.8878,86.2245,46.0034,16.6667,-0.2054,-1.0382,4.1379,-0.2518,-5.8993,47.1233,44.1096,76.2689,58.5165,27.0604,-0.0458,-0.3464,3.6122,1.1253,-4.5602,1,5,6.5355,-3.4163,2.0423,0,,1,10,42.2206,-3.4163,19.5321,0,,1,22,42.2206,-3.4163,0.0371,0,,0,,top3
2026-04-13,sz002190,sz002190,probe_day0_watch,试盘观察池,rule_strategy,probe_watch_v1,3,73.1117,raw,watch,watch,观察,0,重新试盘；第2次试盘；盘中急拉后没有直接发动；回吐明显，像在摸上方抛压,试盘识别-当日观察,2026-04-14,32.63,attack,attack,攻击,可参与,79.3415,5日全市场上涨占比82.6%；5日全市场中位涨跌幅4.0%；5日小盘上涨占比86.2%,6.487972115913965,-2.2974613784758624,44.6849,37.598,82.591,52.4631,21.9329,-0.1377,-0.7435,3.9824,0.2667,-5.5649,41.5816,31.8878,86.2245,46.0034,16.6667,-0.2054,-1.0382,4.1379,-0.2518,-5.8993,47.1233,44.1096,76.2689,58.5165,27.0604,-0.0458,-0.3464,3.6122,1.1253,-4.5602,1,5,0.0613,-4.0454,-1.9001,0,,1,10,0.0613,-7.723,-6.0374,1,收盘亏5%,1,22,11.4925,-11.7377,-1.992,1,最大浮亏8%,0,,top3
2026-04-13,sz002729,sz002729,probe_day0_watch,试盘观察池,rule_strategy,probe_watch_v1,4,71.659987,raw,watch,watch,观察,0,首次试盘；盘中急拉后没有直接发动；回吐明显，像在摸上方抛压；主动推动偏强,试盘识别-当日观察,2026-04-14,21.32,attack,attack,攻击,可参与,79.3415,5日全市场上涨占比82.6%；5日全市场中位涨跌幅4.0%；5日小盘上涨占比86.2%,6.487972115913965,-2.2974613784758624,44.6849,37.598,82.591,52.4631,21.9329,-0.1377,-0.7435,3.9824,0.2667,-5.5649,41.5816,31.8878,86.2245,46.0034,16.6667,-0.2054,-1.0382,4.1379,-0.2518,-5.8993,47.1233,44.1096,76.2689,58.5165,27.0604,-0.0458,-0.3464,3.6122,1.1253,-4.5602,1,5,0.0938,-7.4109,-5.0188,1,收盘亏5%,1,10,0.0938,-17.7298,-13.5084,1,收盘亏5%且最大浮亏8%,1,22,2.5328,-17.8236,-1.1726,1,最大浮亏8%,0,,top5
2026-04-13,sz000070,sz000070,spark_opportunity_selector,星火机会模型 1.0,model,1.0,1,34.527611,raw,22d,candidate_buy,明日可买,1,22日冲高机会分靠前，突破结构强、L2主力净流入强、主动买入强、出货压力不高,星火机会模型,2026-04-14,21.26,attack,attack,攻击,可参与,79.3415,5日全市场上涨占比82.6%；5日全市场中位涨跌幅4.0%；5日小盘上涨占比86.2%,6.487972115913965,-2.2974613784758624,44.6849,37.598,82.591,52.4631,21.9329,-0.1377,-0.7435,3.9824,0.2667,-5.5649,41.5816,31.8878,86.2245,46.0034,16.6667,-0.2054,-1.0382,4.1379,-0.2518,-5.8993,47.1233,44.1096,76.2689,58.5165,27.0604,-0.0458,-0.3464,3.6122,1.1253,-4.5602,1,5,1.1759,-13.4055,-1.0818,1,最大浮亏8%,1,10,5.8325,-13.4055,-5.2211,1,收盘亏5%且最大浮亏8%,1,22,5.8325,-15.1929,-8.3255,1,收盘亏5%且最大浮亏8%,1,<35,top1
2026-04-13,sz002329,sz002329,spark_opportunity_selector,星火机会模型 1.0,model,1.0,2,34.252445,raw,22d,candidate_buy,明日可买,1,22日冲高机会分靠前，突破结构强、资金潜伏特征较强、L2主力净流入强、主动买入强,星火机会模型,2026-04-14,4.4,attack,attack,攻击,可参与,79.3415,5日全市场上涨占比82.6%；5日全市场中位涨跌幅4.0%；5日小盘上涨占比86.2%,6.487972115913965,-2.2974613784758624,44.6849,37.598,82.591,52.4631,21.9329,-0.1377,-0.7435,3.9824,0.2667,-5.5649,41.5816,31.8878,86.2245,46.0034,16.6667,-0.2054,-1.0382,4.1379,-0.2518,-5.8993,47.1233,44.1096,76.2689,58.5165,27.0604,-0.0458,-0.3464,3.6122,1.1253,-4.5602,1,5,0.6818,-7.2727,-5.2273,1,收盘亏5%,1,10,0.6818,-13.8636,-8.6364,1,收盘亏5%且最大浮亏8%,1,22,11.8182,-13.8636,10.0,1,最大浮亏8%,1,<35,top3
2026-04-13,sz000938,sz000938,spark_opportunity_selector,星火机会模型 1.0,model,1.0,3,34.058031,raw,22d,candidate_buy,明日可买,1,22日冲高机会分靠前，突破结构强、资金潜伏特征较强、L2主力净流入强、主动买入强,星火机会模型,2026-04-14,28.08,attack,attack,攻击,可参与,79.3415,5日全市场上涨占比82.6%；5日全市场中位涨跌幅4.0%；5日小盘上涨占比86.2%,6.487972115913965,-2.2974613784758624,44.6849,37.598,82.591,52.4631,21.9329,-0.1377,-0.7435,3.9824,0.2667,-5.5649,41.5816,31.8878,86.2245,46.0034,16.6667,-0.2054,-1.0382,4.1379,-0.2518,-5.8993,47.1233,44.1096,76.2689,58.5165,27.0604,-0.0458,-0.3464,3.6122,1.1253,-4.5602,1,5,3.8105,-3.9174,1.1752,0,,1,10,17.0228,-3.9174,14.6368,0,,1,22,22.8276,-3.9174,13.3547,0,,1,<35,top3
2026-04-13,sz002821,sz002821,trend_continuation_callback,趋势中继高质量回踩,rule_strategy,S02-current-candidate-20260427,1,73.26,raw,swing,candidate_buy,可买入,1,严格高质量回踩确认；确认日主动买入和主力净流入为正,趋势延续策略,2026-04-14,122.19,attack,attack,攻击,可参与,79.3415,5日全市场上涨占比82.6%；5日全市场中位涨跌幅4.0%；5日小盘上涨占比86.2%,6.487972115913965,-2.2974613784758624,44.6849,37.598,82.591,52.4631,21.9329,-0.1377,-0.7435,3.9824,0.2667,-5.5649,41.5816,31.8878,86.2245,46.0034,16.6667,-0.2054,-1.0382,4.1379,-0.2518,-5.8993,47.1233,44.1096,76.2689,58.5165,27.0604,-0.0458,-0.3464,3.6122,1.1253,-4.5602,1,5,0.933,-9.0106,-6.9318,1,收盘亏5%且最大浮亏8%,1,10,0.933,-9.9763,-3.6582,1,最大浮亏8%,1,22,8.8305,-9.9763,-2.7989,1,最大浮亏8%,1,,top1
2026-04-13,sz002840,sz002840,trend_continuation_callback,趋势中继高质量回踩,rule_strategy,S02-current-candidate-20260427,2,58.33,raw,swing,candidate_buy,可买入,1,严格高质量回踩确认；确认日主动买入和主力净流入为正,趋势延续策略,2026-04-14,12.61,attack,attack,攻击,可参与,79.3415,5日全市场上涨占比82.6%；5日全市场中位涨跌幅4.0%；5日小盘上涨占比86.2%,6.487972115913965,-2.2974613784758624,44.6849,37.598,82.591,52.4631,21.9329,-0.1377,-0.7435,3.9824,0.2667,-5.5649,41.5816,31.8878,86.2245,46.0034,16.6667,-0.2054,-1.0382,4.1379,-0.2518,-5.8993,47.1233,44.1096,76.2689,58.5165,27.0604,-0.0458,-0.3464,3.6122,1.1253,-4.5602,1,5,12.0539,-2.2205,6.9786,0,,1,10,12.0539,-11.1023,-6.1856,1,收盘亏5%且最大浮亏8%,1,22,12.0539,-19.9048,-19.2704,1,收盘亏5%且最大浮亏8%,1,,top3
2026-04-13,sh600176,sh600176,trend_continuation_callback,趋势中继高质量回踩,rule_strategy,S02-current-candidate-20260427,3,75.29,raw,swing,watch,观察中,0,进入趋势中继观察池；等待严格回踩和真承接确认,趋势延续策略,2026-04-14,33.06,attack,attack,攻击,可参与,79.3415,5日全市场上涨占比82.6%；5日全市场中位涨跌幅4.0%；5日小盘上涨占比86.2%,6.487972115913965,-2.2974613784758624,44.6849,37.598,82.591,52.4631,21.9329,-0.1377,-0.7435,3.9824,0.2667,-5.5649,41.5816,31.8878,86.2245,46.0034,16.6667,-0.2054,-1.0382,4.1379,-0.2518,-5.8993,47.1233,44.1096,76.2689,58.5165,27.0604,-0.0458,-0.3464,3.6122,1.1253,-4.5602,1,5,4.3557,-6.5941,-4.0532,0,,1,10,6.5033,-6.5941,0.9377,0,,1,22,20.6292,-6.5941,3.2668,0,,0,,top3
2026-04-13,sz002950,sz002950,trend_continuation_callback,趋势中继高质量回踩,rule_strategy,S02-current-candidate-20260427,4,72.29,raw,swing,watch,观察中,0,进入趋势中继观察池；等待严格回踩和真承接确认,趋势延续策略,2026-04-14,14.33,attack,attack,攻击,可参与,79.3415,5日全市场上涨占比82.6%；5日全市场中位涨跌幅4.0%；5日小盘上涨占比86.2%,6.487972115913965,-2.2974613784758624,44.6849,37.598,82.591,52.4631,21.9329,-0.1377,-0.7435,3.9824,0.2667,-5.5649,41.5816,31.8878,86.2245,46.0034,16.6667,-0.2054,-1.0382,4.1379,-0.2518,-5.8993,47.1233,44.1096,76.2689,58.5165,27.0604,-0.0458,-0.3464,3.6122,1.1253,-4.5602,1,5,3.559,-9.9093,-8.7927,1,收盘亏5%且最大浮亏8%,1,10,3.559,-11.2352,-1.5352,1,最大浮亏8%,1,22,3.559,-22.1214,-21.6329,1,收盘亏5%且最大浮亏8%,0,,top5
2026-04-13,sz000951,sz000951,trend_continuation_callback,趋势中继高质量回踩,rule_strategy,S02-current-candidate-20260427,5,70.96,raw,swing,watch,观察中,0,进入趋势中继观察池；等待严格回踩和真承接确认,趋势延续策略,2026-04-14,26.05,attack,attack,攻击,可参与,79.3415,5日全市场上涨占比82.6%；5日全市场中位涨跌幅4.0%；5日小盘上涨占比86.2%,6.487972115913965,-2.2974613784758624,44.6849,37.598,82.591,52.4631,21.9329,-0.1377,-0.7435,3.9824,0.2667,-5.5649,41.5816,31.8878,86.2245,46.0034,16.6667,-0.2054,-1.0382,4.1379,-0.2518,-5.8993,47.1233,44.1096,76.2689,58.5165,27.0604,-0.0458,-0.3464,3.6122,1.1253,-4.5602,1,5,0.4223,-11.5931,-9.4434,1,收盘亏5%且最大浮亏8%,1,10,0.4223,-13.666,-13.1286,1,收盘亏5%且最大浮亏8%,1,22,0.4223,-19.0787,-18.1574,1,收盘亏5%且最大浮亏8%,0,,top5
2026-04-13,sh603800,sh603800,trend_continuation_callback,趋势中继高质量回踩,rule_strategy,S02-current-candidate-20260427,6,70.7,raw,swing,watch,观察中,0,进入趋势中继观察池；等待严格回踩和真承接确认,趋势延续策略,2026-04-14,48.13,attack,attack,攻击,可参与,79.3415,5日全市场上涨占比82.6%；5日全市场中位涨跌幅4.0%；5日小盘上涨占比86.2%,6.487972115913965,-2.2974613784758624,44.6849,37.598,82.591,52.4631,21.9329,-0.1377,-0.7435,3.9824,0.2667,-5.5649,41.5816,31.8878,86.2245,46.0034,16.6667,-0.2054,-1.0382,4.1379,-0.2518,-5.8993,47.1233,44.1096,76.2689,58.5165,27.0604,-0.0458,-0.3464,3.6122,1.1253,-4.5602,1,5,2.8465,-6.5032,-0.8311,0,,1,10,8.0407,-6.5032,6.9811,0,,1,22,23.8105,-6.5032,16.2269,0,,0,,other
2026-04-13,sz002990,sz002990,trend_continuation_callback,趋势中继高质量回踩,rule_strategy,S02-current-candidate-20260427,7,70.07,raw,swing,watch,观察中,0,进入趋势中继观察池；等待严格回踩和真承接确认,趋势延续策略,2026-04-14,35.0,attack,attack,攻击,可参与,79.3415,5日全市场上涨占比82.6%；5日全市场中位涨跌幅4.0%；5日小盘上涨占比86.2%,6.487972115913965,-2.2974613784758624,44.6849,37.598,82.591,52.4631,21.9329,-0.1377,-0.7435,3.9824,0.2667,-5.5649,41.5816,31.8878,86.2245,46.0034,16.6667,-0.2054,-1.0382,4.1379,-0.2518,-5.8993,47.1233,44.1096,76.2689,58.5165,27.0604,-0.0458,-0.3464,3.6122,1.1253,-4.5602,1,5,54.4286,-0.2,40.0,0,,1,10,54.6,-0.2,39.1429,0,,1,22,102.2857,-0.2,82.0,0,,0,,other
2026-04-14,sz000968,sz000968,probe_day0_watch,试盘观察池,rule_strategy,probe_watch_v1,1,78.1167,raw,watch,watch,观察,0,首次试盘；盘中急拉后没有直接发动；回吐明显，像在摸上方抛压,试盘识别-当日观察,2026-04-15,9.9,attack,attack,攻击,可参与,69.416,5日全市场上涨占比72.5%；5日全市场中位涨跌幅2.3%；5日小盘上涨占比69.5%,7.083150462753407,-0.8109444392693455,42.9467,57.8683,72.4992,48.463,22.3651,-0.1589,0.4754,2.2814,-0.1003,-5.407,35.2591,55.0552,69.4987,36.6185,16.7375,-0.3505,0.3257,1.3857,-1.1686,-6.3707,49.0411,58.2192,74.3484,59.2033,28.7088,0.0,0.623,3.3835,1.2634,-3.7379,1,5,0.0,-11.6162,-10.404,1,收盘亏5%且最大浮亏8%,1,10,0.0,-13.3333,-8.7879,1,收盘亏5%且最大浮亏8%,1,22,0.0,-18.5859,-16.7677,1,收盘亏5%且最大浮亏8%,0,,top1
2026-04-14,sh603021,sh603021,probe_day0_watch,试盘观察池,rule_strategy,probe_watch_v1,2,68.1441,raw,watch,watch,观察,0,首次试盘；盘中急拉后没有直接发动；回吐明显，像在摸上方抛压；主动推动偏强,试盘识别-当日观察,2026-04-15,8.12,attack,attack,攻击,可参与,69.416,5日全市场上涨占比72.5%；5日全市场中位涨跌幅2.3%；5日小盘上涨占比69.5%,7.083150462753407,-0.8109444392693455,42.9467,57.8683,72.4992,48.463,22.3651,-0.1589,0.4754,2.2814,-0.1003,-5.407,35.2591,55.0552,69.4987,36.6185,16.7375,-0.3505,0.3257,1.3857,-1.1686,-6.3707,49.0411,58.2192,74.3484,59.2033,28.7088,0.0,0.623,3.3835,1.2634,-3.7379,1,5,8.6207,-4.064,-1.601,0,,1,10,8.6207,-11.9458,-9.1133,1,收盘亏5%且最大浮亏8%,0,21,8.6207,-20.4433,-15.2709,1,收盘亏5%且最大浮亏8%,0,,top3
2026-04-14,sh603890,sh603890,spark_opportunity_selector,星火机会模型 1.0,model,1.0,1,34.394446,raw,22d,candidate_buy,明日可买,1,22日冲高机会分靠前，突破结构强、资金潜伏特征较强、L2主力净流入强、主动买入强,星火机会模型,2026-04-15,17.14,attack,attack,攻击,可参与,69.416,5日全市场上涨占比72.5%；5日全市场中位涨跌幅2.3%；5日小盘上涨占比69.5%,7.083150462753407,-0.8109444392693455,42.9467,57.8683,72.4992,48.463,22.3651,-0.1589,0.4754,2.2814,-0.1003,-5.407,35.2591,55.0552,69.4987,36.6185,16.7375,-0.3505,0.3257,1.3857,-1.1686,-6.3707,49.0411,58.2192,74.3484,59.2033,28.7088,0.0,0.623,3.3835,1.2634,-3.7379,1,5,21.3536,0.0,15.5193,0,,1,10,21.3536,0.0,12.3104,0,,1,22,31.3302,0.0,18.4364,0,,1,<35,top1
2026-04-14,sh603906,sh603906,spark_opportunity_selector,星火机会模型 1.0,model,1.0,2,32.986153,raw,22d,candidate_buy,明日可买,1,22日冲高机会分靠前，突破结构强、资金潜伏特征较强、L2主力净流入强、主动买入强,星火机会模型,2026-04-15,23.45,attack,attack,攻击,可参与,69.416,5日全市场上涨占比72.5%；5日全市场中位涨跌幅2.3%；5日小盘上涨占比69.5%,7.083150462753407,-0.8109444392693455,42.9467,57.8683,72.4992,48.463,22.3651,-0.1589,0.4754,2.2814,-0.1003,-5.407,35.2591,55.0552,69.4987,36.6185,16.7375,-0.3505,0.3257,1.3857,-1.1686,-6.3707,49.0411,58.2192,74.3484,59.2033,28.7088,0.0,0.623,3.3835,1.2634,-3.7379,1,5,18.0384,-3.6674,10.9595,0,,1,10,44.1365,-3.6674,27.8891,0,,1,22,47.2068,-3.6674,14.5416,0,,1,<35,top3
2026-04-14,sh600664,sh600664,spark_opportunity_selector,星火机会模型 1.0,model,1.0,3,32.562852,raw,22d,candidate_buy,明日可买,1,22日冲高机会分靠前，资金潜伏特征较强、L2主力净流入强、主动买入强、出货压力不高,星火机会模型,2026-04-15,4.28,attack,attack,攻击,可参与,69.416,5日全市场上涨占比72.5%；5日全市场中位涨跌幅2.3%；5日小盘上涨占比69.5%,7.083150462753407,-0.8109444392693455,42.9467,57.8683,72.4992,48.463,22.3651,-0.1589,0.4754,2.2814,-0.1003,-5.407,35.2591,55.0552,69.4987,36.6185,16.7375,-0.3505,0.3257,1.3857,-1.1686,-6.3707,49.0411,58.2192,74.3484,59.2033,28.7088,0.0,0.623,3.3835,1.2634,-3.7379,1,5,14.0187,-6.3084,-4.2056,0,,1,10,14.0187,-15.4206,-14.0187,1,收盘亏5%且最大浮亏8%,1,22,14.0187,-18.2243,-17.0561,1,收盘亏5%且最大浮亏8%,1,<35,top3
2026-04-14,sz002056,sz002056,stable_capital_callback,资金流回调稳健,rule_strategy,S01-M05-conservative-combined-risk,1,90.49,raw,swing,candidate_buy,可买入,1,启动后回调承接确认；风险标签 1 个,资金流回调稳健策略,2026-04-15,19.74,attack,attack,攻击,可参与,69.416,5日全市场上涨占比72.5%；5日全市场中位涨跌幅2.3%；5日小盘上涨占比69.5%,7.083150462753407,-0.8109444392693455,42.9467,57.8683,72.4992,48.463,22.3651,-0.1589,0.4754,2.2814,-0.1003,-5.407,35.2591,55.0552,69.4987,36.6185,16.7375,-0.3505,0.3257,1.3857,-1.1686,-6.3707,49.0411,58.2192,74.3484,59.2033,28.7088,0.0,0.623,3.3835,1.2634,-3.7379,1,5,1.1651,-3.1408,0.8105,0,,1,10,1.1651,-7.1935,-6.6363,1,收盘亏5%,1,22,3.2928,-7.1935,-1.773,0,,1,,top1
2026-04-14,sz000534,sz000534,stable_capital_callback,资金流回调稳健,rule_strategy,S01-M05-conservative-combined-risk,2,80.8,raw,swing,candidate_buy,可买入,1,启动后回调承接确认；风险标签 0 个,资金流回调稳健策略,2026-04-15,44.27,attack,attack,攻击,可参与,69.416,5日全市场上涨占比72.5%；5日全市场中位涨跌幅2.3%；5日小盘上涨占比69.5%,7.083150462753407,-0.8109444392693455,42.9467,57.8683,72.4992,48.463,22.3651,-0.1589,0.4754,2.2814,-0.1003,-5.407,35.2591,55.0552,69.4987,36.6185,16.7375,-0.3505,0.3257,1.3857,-1.1686,-6.3707,49.0411,58.2192,74.3484,59.2033,28.7088,0.0,0.623,3.3835,1.2634,-3.7379,1,5,3.682,-6.6862,-4.721,0,,1,10,4.5855,-13.2821,-11.9494,1,收盘亏5%且最大浮亏8%,1,22,4.5855,-17.5966,-13.0337,1,收盘亏5%且最大浮亏8%,1,,top3
2026-04-14,sz002655,sz002655,trend_continuation_callback,趋势中继高质量回踩,rule_strategy,S02-current-candidate-20260427,1,69.4,raw,swing,candidate_buy,可买入,1,严格高质量回踩确认；确认日主动买入和主力净流入为正,趋势延续策略,2026-04-15,21.98,attack,attack,攻击,可参与,69.416,5日全市场上涨占比72.5%；5日全市场中位涨跌幅2.3%；5日小盘上涨占比69.5%,7.083150462753407,-0.8109444392693455,42.9467,57.8683,72.4992,48.463,22.3651,-0.1589,0.4754,2.2814,-0.1003,-5.407,35.2591,55.0552,69.4987,36.6185,16.7375,-0.3505,0.3257,1.3857,-1.1686,-6.3707,49.0411,58.2192,74.3484,59.2033,28.7088,0.0,0.623,3.3835,1.2634,-3.7379,1,5,10.8735,-3.9126,7.4158,0,,1,10,28.5714,-3.9126,26.9791,0,,1,22,87.0337,-3.9126,51.2739,0,,1,,top1
2026-04-14,sz002990,sz002990,trend_continuation_callback,趋势中继高质量回踩,rule_strategy,S02-current-candidate-20260427,2,77.15,raw,swing,watch,观察中,0,进入趋势中继观察池；等待严格回踩和真承接确认,趋势延续策略,2026-04-15,37.96,attack,attack,攻击,可参与,69.416,5日全市场上涨占比72.5%；5日全市场中位涨跌幅2.3%；5日小盘上涨占比69.5%,7.083150462753407,-0.8109444392693455,42.9467,57.8683,72.4992,48.463,22.3651,-0.1589,0.4754,2.2814,-0.1003,-5.407,35.2591,55.0552,69.4987,36.6185,16.7375,-0.3505,0.3257,1.3857,-1.1686,-6.3707,49.0411,58.2192,74.3484,59.2033,28.7088,0.0,0.623,3.3835,1.2634,-3.7379,1,5,42.3867,-1.5279,18.941,0,,1,10,42.5448,-1.5279,29.3467,0,,1,22,86.5121,-1.5279,64.6997,0,,0,,top3
2026-04-14,sz002008,sz002008,trend_continuation_callback,趋势中继高质量回踩,rule_strategy,S02-current-candidate-20260427,3,75.09,raw,swing,watch,观察中,0,进入趋势中继观察池；等待严格回踩和真承接确认,趋势延续策略,2026-04-15,82.62,attack,attack,攻击,可参与,69.416,5日全市场上涨占比72.5%；5日全市场中位涨跌幅2.3%；5日小盘上涨占比69.5%,7.083150462753407,-0.8109444392693455,42.9467,57.8683,72.4992,48.463,22.3651,-0.1589,0.4754,2.2814,-0.1003,-5.407,35.2591,55.0552,69.4987,36.6185,16.7375,-0.3505,0.3257,1.3857,-1.1686,-6.3707,49.0411,58.2192,74.3484,59.2033,28.7088,0.0,0.623,3.3835,1.2634,-3.7379,1,5,15.9526,-5.6645,12.3215,0,,1,10,34.3016,-5.6645,27.3542,0,,1,22,89.4214,-5.6645,65.8073,0,,0,,top3
2026-04-15,sz002983,sz002983,probe_d3_confirmed,试盘D3确认池,rule_strategy,probe_confirm_v1,1,94.2256,raw,swing,watch,观察,0,重新试盘后进入D3确认；这是第2次试盘；超大单没有撤,试盘识别-三日确认,2026-04-16,23.87,caution,caution,谨慎,观察为主,44.6014,5日上涨占比42.7%；10日上涨占比60.5%；10日中位涨跌幅1.2%,1.890404451693195,1.0761750624253663,46.6458,48.6207,42.6959,60.5205,29.1719,0.0,0.0,-0.4946,1.1537,-4.1719,39.3373,36.5336,32.2855,48.2583,23.0246,-0.2805,-0.7326,-1.4592,-0.0879,-5.1502,54.9315,57.8082,51.6438,71.3306,37.2253,0.193,0.4079,0.1874,2.5926,-2.3043,1,5,5.5718,-1.4663,3.6028,0,,1,10,5.5718,-3.6447,-2.0947,0,,1,22,10.2639,-4.4826,10.222,0,,0,,top1
2026-04-15,sz000065,sz000065,probe_day0_watch,试盘观察池,rule_strategy,probe_watch_v1,1,95.83751,raw,watch,watch,观察,0,首次试盘；盘中急拉后没有直接发动；回吐明显，像在摸上方抛压；主动推动偏强,试盘识别-当日观察,2026-04-16,14.6,caution,caution,谨慎,观察为主,44.6014,5日上涨占比42.7%；10日上涨占比60.5%；10日中位涨跌幅1.2%,1.890404451693195,1.0761750624253663,46.6458,48.6207,42.6959,60.5205,29.1719,0.0,0.0,-0.4946,1.1537,-4.1719,39.3373,36.5336,32.2855,48.2583,23.0246,-0.2805,-0.7326,-1.4592,-0.0879,-5.1502,54.9315,57.8082,51.6438,71.3306,37.2253,0.193,0.4079,0.1874,2.5926,-2.3043,1,5,0.4795,-6.7808,-3.6301,0,,1,10,0.4795,-15.0685,-13.3562,1,收盘亏5%且最大浮亏8%,1,22,0.4795,-16.9863,-12.5342,1,收盘亏5%且最大浮亏8%,0,,top1
2026-04-15,sz002126,sz002126,probe_day0_watch,试盘观察池,rule_strategy,probe_watch_v1,2,77.900362,raw,watch,watch,观察,0,首次试盘；盘中急拉后没有直接发动；回吐明显，像在摸上方抛压；主动推动偏强,试盘识别-当日观察,2026-04-16,48.9,caution,caution,谨慎,观察为主,44.6014,5日上涨占比42.7%；10日上涨占比60.5%；10日中位涨跌幅1.2%,1.890404451693195,1.0761750624253663,46.6458,48.6207,42.6959,60.5205,29.1719,0.0,0.0,-0.4946,1.1537,-4.1719,39.3373,36.5336,32.2855,48.2583,23.0246,-0.2805,-0.7326,-1.4592,-0.0879,-5.1502,54.9315,57.8082,51.6438,71.3306,37.2253,0.193,0.4079,0.1874,2.5926,-2.3043,1,5,4.5603,-5.2761,-2.2904,0,,1,10,4.5603,-10.409,-4.4376,1,最大浮亏8%,1,22,18.9162,-10.409,18.9162,1,最大浮亏8%,0,,top3
2026-04-15,sz002882,sz002882,probe_day0_watch,试盘观察池,rule_strategy,probe_watch_v1,3,74.3789,raw,watch,watch,观察,0,重新试盘；第2次试盘；盘中急拉后没有直接发动；回吐明显，像在摸上方抛压,试盘识别-当日观察,2026-04-16,27.71,caution,caution,谨慎,观察为主,44.6014,5日上涨占比42.7%；10日上涨占比60.5%；10日中位涨跌幅1.2%,1.890404451693195,1.0761750624253663,46.6458,48.6207,42.6959,60.5205,29.1719,0.0,0.0,-0.4946,1.1537,-4.1719,39.3373,36.5336,32.2855,48.2583,23.0246,-0.2805,-0.7326,-1.4592,-0.0879,-5.1502,54.9315,57.8082,51.6438,71.3306,37.2253,0.193,0.4079,0.1874,2.5926,-2.3043,1,5,11.8369,-0.7578,3.0675,0,,1,10,11.8369,-3.6449,-1.2631,0,,1,22,11.8369,-12.0173,-9.7077,1,收盘亏5%且最大浮亏8%,0,,top3
2026-04-15,sz000863,sz000863,probe_day0_watch,试盘观察池,rule_strategy,probe_watch_v1,4,59.521,raw,watch,watch,观察,0,首次试盘；盘中急拉后没有直接发动；回吐明显，像在摸上方抛压,试盘识别-当日观察,2026-04-16,5.23,caution,caution,谨慎,观察为主,44.6014,5日上涨占比42.7%；10日上涨占比60.5%；10日中位涨跌幅1.2%,1.890404451693195,1.0761750624253663,46.6458,48.6207,42.6959,60.5205,29.1719,0.0,0.0,-0.4946,1.1537,-4.1719,39.3373,36.5336,32.2855,48.2583,23.0246,-0.2805,-0.7326,-1.4592,-0.0879,-5.1502,54.9315,57.8082,51.6438,71.3306,37.2253,0.193,0.4079,0.1874,2.5926,-2.3043,1,5,0.5736,-13.9579,-11.6635,1,收盘亏5%且最大浮亏8%,1,10,0.5736,-16.826,-12.8107,1,收盘亏5%且最大浮亏8%,1,22,15.6788,-16.826,7.0746,1,最大浮亏8%,0,,top5
2026-04-15,sh600769,sh600769,spark_opportunity_selector,星火机会模型 1.0,model,1.0,1,32.588845,raw,22d,candidate_buy,明日可买,1,22日冲高机会分靠前，突破结构较好、资金潜伏特征较强、L2主力净流入强、主动买入强,星火机会模型,2026-04-16,14.95,caution,caution,谨慎,观察为主,44.6014,5日上涨占比42.7%；10日上涨占比60.5%；10日中位涨跌幅1.2%,1.890404451693195,1.0761750624253663,46.6458,48.6207,42.6959,60.5205,29.1719,0.0,0.0,-0.4946,1.1537,-4.1719,39.3373,36.5336,32.2855,48.2583,23.0246,-0.2805,-0.7326,-1.4592,-0.0879,-5.1502,54.9315,57.8082,51.6438,71.3306,37.2253,0.193,0.4079,0.1874,2.5926,-2.3043,1,5,3.6789,-3.01,1.5385,0,,1,10,8.7625,-3.01,1.5385,0,,1,22,74.5819,-3.01,40.4682,0,,1,<35,top1
2026-04-15,sz002947,sz002947,spark_opportunity_selector,星火机会模型 1.0,model,1.0,2,32.477175,raw,22d,candidate_buy,明日可买,1,22日冲高机会分靠前，突破结构较好、L2主力净流入强、主动买入强,星火机会模型,2026-04-16,69.32,caution,caution,谨慎,观察为主,44.6014,5日上涨占比42.7%；10日上涨占比60.5%；10日中位涨跌幅1.2%,1.890404451693195,1.0761750624253663,46.6458,48.6207,42.6959,60.5205,29.1719,0.0,0.0,-0.4946,1.1537,-4.1719,39.3373,36.5336,32.2855,48.2583,23.0246,-0.2805,-0.7326,-1.4592,-0.0879,-5.1502,54.9315,57.8082,51.6438,71.3306,37.2253,0.193,0.4079,0.1874,2.5926,-2.3043,1,5,7.2129,-0.9233,5.2654,0,,1,10,20.8309,-0.9233,12.6659,0,,1,22,37.1177,-0.9233,35.9925,0,,1,<35,top3
2026-04-15,sz002977,sz002977,spark_opportunity_selector,星火机会模型 1.0,model,1.0,3,31.995483,raw,22d,candidate_buy,明日可买,1,22日冲高机会分靠前，资金潜伏特征较强、L2主力净流入强、主动买入强、出货压力不高,星火机会模型,2026-04-16,29.5,caution,caution,谨慎,观察为主,44.6014,5日上涨占比42.7%；10日上涨占比60.5%；10日中位涨跌幅1.2%,1.890404451693195,1.0761750624253663,46.6458,48.6207,42.6959,60.5205,29.1719,0.0,0.0,-0.4946,1.1537,-4.1719,39.3373,36.5336,32.2855,48.2583,23.0246,-0.2805,-0.7326,-1.4592,-0.0879,-5.1502,54.9315,57.8082,51.6438,71.3306,37.2253,0.193,0.4079,0.1874,2.5926,-2.3043,1,5,4.9153,-1.1186,3.4237,0,,0,9,4.9153,-13.3559,-12.4746,1,收盘亏5%且最大浮亏8%,0,21,6.2034,-13.3559,-0.7119,1,最大浮亏8%,1,<35,top3
2026-04-15,sh603890,sh603890,trend_continuation_callback,趋势中继高质量回踩,rule_strategy,S02-current-candidate-20260427,1,74.43,raw,swing,watch,观察中,0,进入趋势中继观察池；等待严格回踩和真承接确认,趋势延续策略,2026-04-16,18.5,caution,caution,谨慎,观察为主,44.6014,5日上涨占比42.7%；10日上涨占比60.5%；10日中位涨跌幅1.2%,1.890404451693195,1.0761750624253663,46.6458,48.6207,42.6959,60.5205,29.1719,0.0,0.0,-0.4946,1.1537,-4.1719,39.3373,36.5336,32.2855,48.2583,23.0246,-0.2805,-0.7326,-1.4592,-0.0879,-5.1502,54.9315,57.8082,51.6438,71.3306,37.2253,0.193,0.4079,0.1874,2.5926,-2.3043,1,5,12.4324,-2.7027,7.2432,0,,1,10,12.4324,-2.7027,5.7297,0,,1,22,21.6757,-2.7027,6.973,0,,0,,top1
2026-04-15,sz002361,sz002361,trend_continuation_callback,趋势中继高质量回踩,rule_strategy,S02-current-candidate-20260427,2,72.56,raw,swing,watch,观察中,0,进入趋势中继观察池；等待严格回踩和真承接确认,趋势延续策略,2026-04-16,18.49,caution,caution,谨慎,观察为主,44.6014,5日上涨占比42.7%；10日上涨占比60.5%；10日中位涨跌幅1.2%,1.890404451693195,1.0761750624253663,46.6458,48.6207,42.6959,60.5205,29.1719,0.0,0.0,-0.4946,1.1537,-4.1719,39.3373,36.5336,32.2855,48.2583,23.0246,-0.2805,-0.7326,-1.4592,-0.0879,-5.1502,54.9315,57.8082,51.6438,71.3306,37.2253,0.193,0.4079,0.1874,2.5926,-2.3043,1,5,29.5295,-5.0838,27.907,0,,1,10,29.5295,-5.0838,8.437,0,,1,22,29.5295,-5.192,-4.7052,0,,0,,top3
2026-04-15,sz002705,sz002705,trend_continuation_callback,趋势中继高质量回踩,rule_strategy,S02-current-candidate-20260427,3,70.34,raw,swing,watch,观察中,0,进入趋势中继观察池；等待严格回踩和真承接确认,趋势延续策略,2026-04-16,18.14,caution,caution,谨慎,观察为主,44.6014,5日上涨占比42.7%；10日上涨占比60.5%；10日中位涨跌幅1.2%,1.890404451693195,1.0761750624253663,46.6458,48.6207,42.6959,60.5205,29.1719,0.0,0.0,-0.4946,1.1537,-4.1719,39.3373,36.5336,32.2855,48.2583,23.0246,-0.2805,-0.7326,-1.4592,-0.0879,-5.1502,54.9315,57.8082,51.6438,71.3306,37.2253,0.193,0.4079,0.1874,2.5926,-2.3043,1,5,4.7409,-6.2293,-1.1577,0,,1,10,8.4895,-16.7585,-11.7971,1,收盘亏5%且最大浮亏8%,1,22,8.4895,-27.6185,-26.1852,1,收盘亏5%且最大浮亏8%,0,,top3
2026-04-16,sh603773,sh603773,probe_d3_confirmed,试盘D3确认池,rule_strategy,probe_confirm_v1,1,93.9571,raw,swing,watch,观察,0,首次试盘后进入D3确认；D3 OIB继续为正；盘口承接强于抛压,试盘识别-三日确认,2026-04-17,48.0,attack,attack,攻击,可参与,69.5191,5日全市场上涨占比74.5%；5日全市场中位涨跌幅1.9%；5日小盘上涨占比73.8%,3.932828429757107,1.6845180396084514,75.768,68.4639,74.4514,58.7018,29.5169,0.9215,1.004,1.8632,0.9894,-3.4381,82.243,66.0153,73.8318,51.4868,21.7502,1.2407,0.7692,1.6413,0.1642,-4.6392,67.3973,70.137,73.9726,65.5693,38.1868,0.5572,1.1183,2.1115,1.8707,-1.7918,1,5,37.5,0.0,26.0417,0,,1,10,51.5625,0.0,44.4792,0,,1,22,85.1667,0.0,68.7917,0,,0,,top1
2026-04-16,sz002766,sz002766,probe_day0_watch,试盘观察池,rule_strategy,probe_watch_v1,1,82.048,raw,watch,watch,观察,0,首次试盘；盘中急拉后没有直接发动；回吐明显，像在摸上方抛压；主动推动偏强,试盘识别-当日观察,2026-04-17,4.85,attack,attack,攻击,可参与,69.5191,5日全市场上涨占比74.5%；5日全市场中位涨跌幅1.9%；5日小盘上涨占比73.8%,3.932828429757107,1.6845180396084514,75.768,68.4639,74.4514,58.7018,29.5169,0.9215,1.004,1.8632,0.9894,-3.4381,82.243,66.0153,73.8318,51.4868,21.7502,1.2407,0.7692,1.6413,0.1642,-4.6392,67.3973,70.137,73.9726,65.5693,38.1868,0.5572,1.1183,2.1115,1.8707,-1.7918,1,5,0.6186,-4.5361,-3.5052,0,,1,10,0.6186,-5.9794,-3.299,0,,1,22,5.9794,-5.9794,5.9794,0,,0,,top1
2026-04-17,sh603021,sh603021,probe_d3_confirmed,试盘D3确认池,rule_strategy,probe_confirm_v1,1,81.9441,raw,swing,watch,观察,0,首次试盘后进入D3确认；D3 OIB继续为正；盘口承接强于抛压；位置还没顶到极限,试盘识别-三日确认,2026-04-20,8.0,caution,caution,谨慎,观察为主,56.1479,5日上涨占比56.5%；10日上涨占比64.8%；10日中位涨跌幅2.1%,3.865905615140952,5.034644124779564,35.2978,62.9037,56.5067,64.7742,41.6379,-0.5135,0.7092,0.6083,2.1034,-1.4316,27.6361,56.5476,46.8537,58.0782,33.0782,-0.8414,0.4074,-0.0773,1.0274,-2.7,37.037,65.8436,61.454,69.2308,49.9312,-0.3289,0.9022,1.072,3.0567,0.0,1,5,2.625,-7.625,-1.125,0,,0,9,2.625,-10.875,-10.875,1,收盘亏5%且最大浮亏8%,0,21,2.625,-19.25,-15.125,1,收盘亏5%且最大浮亏8%,0,,top1
2026-04-17,sz002565,sz002565,spark_opportunity_selector,星火机会模型 1.0,model,1.0,1,33.899007,raw,22d,candidate_buy,明日可买,1,22日冲高机会分靠前，突破结构强、L2主力净流入强、主动买入强、出货压力不高,星火机会模型,2026-04-20,18.96,caution,caution,谨慎,观察为主,56.1479,5日上涨占比56.5%；10日上涨占比64.8%；10日中位涨跌幅2.1%,3.865905615140952,5.034644124779564,35.2978,62.9037,56.5067,64.7742,41.6379,-0.5135,0.7092,0.6083,2.1034,-1.4316,27.6361,56.5476,46.8537,58.0782,33.0782,-0.8414,0.4074,-0.0773,1.0274,-2.7,37.037,65.8436,61.454,69.2308,49.9312,-0.3289,0.9022,1.072,3.0567,0.0,1,5,21.2553,-5.5907,4.4304,0,,1,10,21.2553,-5.5907,1.2658,0,,1,22,21.2553,-15.1899,-12.4473,1,收盘亏5%且最大浮亏8%,1,<35,top1
2026-04-17,sz000628,sz000628,spark_opportunity_selector,星火机会模型 1.0,model,1.0,2,33.555872,raw,22d,candidate_buy,明日可买,1,22日冲高机会分靠前，突破结构强、资金潜伏特征较强、L2主力净流入强、主动买入强,星火机会模型,2026-04-20,62.0,caution,caution,谨慎,观察为主,56.1479,5日上涨占比56.5%；10日上涨占比64.8%；10日中位涨跌幅2.1%,3.865905615140952,5.034644124779564,35.2978,62.9037,56.5067,64.7742,41.6379,-0.5135,0.7092,0.6083,2.1034,-1.4316,27.6361,56.5476,46.8537,58.0782,33.0782,-0.8414,0.4074,-0.0773,1.0274,-2.7,37.037,65.8436,61.454,69.2308,49.9312,-0.3289,0.9022,1.072,3.0567,0.0,1,5,6.2097,-5.9355,2.9194,0,,1,10,9.8548,-6.6129,6.629,0,,1,22,9.8548,-6.7742,-4.2258,0,,1,<35,top3
2026-04-17,sz002342,sz002342,spark_opportunity_selector,星火机会模型 1.0,model,1.0,3,33.441048,raw,22d,candidate_buy,明日可买,1,22日冲高机会分靠前，突破结构强、L2主力净流入强、主动买入强、出货压力不高,星火机会模型,2026-04-20,19.2,caution,caution,谨慎,观察为主,56.1479,5日上涨占比56.5%；10日上涨占比64.8%；10日中位涨跌幅2.1%,3.865905615140952,5.034644124779564,35.2978,62.9037,56.5067,64.7742,41.6379,-0.5135,0.7092,0.6083,2.1034,-1.4316,27.6361,56.5476,46.8537,58.0782,33.0782,-0.8414,0.4074,-0.0773,1.0274,-2.7,37.037,65.8436,61.454,69.2308,49.9312,-0.3289,0.9022,1.072,3.0567,0.0,1,5,11.5625,-5.6771,-0.7812,0,,1,10,11.5625,-8.9063,4.7396,1,最大浮亏8%,1,22,25.0,-35.625,-31.4063,1,收盘亏5%且最大浮亏8%,1,<35,top3
2026-04-17,sh600703,sh600703,stable_capital_callback,资金流回调稳健,rule_strategy,S01-M05-conservative-combined-risk,1,94.67,raw,swing,candidate_buy,可买入,1,启动后回调承接确认；风险标签 1 个,资金流回调稳健策略,2026-04-20,13.49,caution,caution,谨慎,观察为主,56.1479,5日上涨占比56.5%；10日上涨占比64.8%；10日中位涨跌幅2.1%,3.865905615140952,5.034644124779564,35.2978,62.9037,56.5067,64.7742,41.6379,-0.5135,0.7092,0.6083,2.1034,-1.4316,27.6361,56.5476,46.8537,58.0782,33.0782,-0.8414,0.4074,-0.0773,1.0274,-2.7,37.037,65.8436,61.454,69.2308,49.9312,-0.3289,0.9022,1.072,3.0567,0.0,1,5,19.0511,-1.1119,12.0089,0,,1,10,19.0511,-1.1119,8.7472,0,,1,22,33.7287,-1.1119,20.089,0,,1,,top1
2026-04-17,sh600821,sh600821,stable_capital_callback,资金流回调稳健,rule_strategy,S01-M05-conservative-combined-risk,2,95.84,raw,swing,candidate_buy,可买入,1,启动后回调承接确认；风险标签 0 个,资金流回调稳健策略,2026-04-20,8.92,caution,caution,谨慎,观察为主,56.1479,5日上涨占比56.5%；10日上涨占比64.8%；10日中位涨跌幅2.1%,3.865905615140952,5.034644124779564,35.2978,62.9037,56.5067,64.7742,41.6379,-0.5135,0.7092,0.6083,2.1034,-1.4316,27.6361,56.5476,46.8537,58.0782,33.0782,-0.8414,0.4074,-0.0773,1.0274,-2.7,37.037,65.8436,61.454,69.2308,49.9312,-0.3289,0.9022,1.072,3.0567,0.0,1,5,10.8744,-0.7848,-0.4484,0,,1,10,10.8744,-12.6682,-3.8117,1,最大浮亏8%,1,22,11.8834,-12.6682,-8.8565,1,收盘亏5%且最大浮亏8%,1,,top3
2026-04-17,sz002272,sz002272,stable_capital_callback,资金流回调稳健,rule_strategy,S01-M05-conservative-combined-risk,3,88.43,raw,swing,candidate_buy,可买入,1,启动后回调承接确认；风险标签 0 个,资金流回调稳健策略,2026-04-20,21.0,caution,caution,谨慎,观察为主,56.1479,5日上涨占比56.5%；10日上涨占比64.8%；10日中位涨跌幅2.1%,3.865905615140952,5.034644124779564,35.2978,62.9037,56.5067,64.7742,41.6379,-0.5135,0.7092,0.6083,2.1034,-1.4316,27.6361,56.5476,46.8537,58.0782,33.0782,-0.8414,0.4074,-0.0773,1.0274,-2.7,37.037,65.8436,61.454,69.2308,49.9312,-0.3289,0.9022,1.072,3.0567,0.0,1,5,1.2381,-13.9524,-7.8095,1,收盘亏5%且最大浮亏8%,1,10,1.2381,-19.4762,-9.381,1,收盘亏5%且最大浮亏8%,1,22,18.7619,-19.4762,17.619,1,最大浮亏8%,1,,top3
2026-04-17,sz002705,sz002705,trend_continuation_callback,趋势中继高质量回踩,rule_strategy,S02-current-candidate-20260427,1,73.66,raw,swing,watch,观察中,0,进入趋势中继观察池；等待严格回踩和真承接确认,趋势延续策略,2026-04-20,17.6,caution,caution,谨慎,观察为主,56.1479,5日上涨占比56.5%；10日上涨占比64.8%；10日中位涨跌幅2.1%,3.865905615140952,5.034644124779564,35.2978,62.9037,56.5067,64.7742,41.6379,-0.5135,0.7092,0.6083,2.1034,-1.4316,27.6361,56.5476,46.8537,58.0782,33.0782,-0.8414,0.4074,-0.0773,1.0274,-2.7,37.037,65.8436,61.454,69.2308,49.9312,-0.3289,0.9022,1.072,3.0567,0.0,1,5,11.8182,-3.3523,6.5341,0,,1,10,11.8182,-18.0114,-17.1023,1,收盘亏5%且最大浮亏8%,1,22,11.8182,-26.4205,-26.0227,1,收盘亏5%且最大浮亏8%,0,,top1
2026-04-17,sz002361,sz002361,trend_continuation_callback,趋势中继高质量回踩,rule_strategy,S02-current-candidate-20260427,2,70.7,raw,swing,watch,观察中,0,进入趋势中继观察池；等待严格回踩和真承接确认,趋势延续策略,2026-04-20,18.85,caution,caution,谨慎,观察为主,56.1479,5日上涨占比56.5%；10日上涨占比64.8%；10日中位涨跌幅2.1%,3.865905615140952,5.034644124779564,35.2978,62.9037,56.5067,64.7742,41.6379,-0.5135,0.7092,0.6083,2.1034,-1.4316,27.6361,56.5476,46.8537,58.0782,33.0782,-0.8414,0.4074,-0.0773,1.0274,-2.7,37.037,65.8436,61.454,69.2308,49.9312,-0.3289,0.9022,1.072,3.0567,0.0,1,5,27.0557,-0.5305,13.8462,0,,1,10,27.0557,-0.5305,12.5199,0,,1,22,27.0557,-11.4589,-7.9045,1,收盘亏5%且最大浮亏8%,0,,top3
2026-04-17,sh605222,sh605222,trend_continuation_callback,趋势中继高质量回踩,rule_strategy,S02-current-candidate-20260427,3,70.07,raw,swing,watch,观察中,0,进入趋势中继观察池；等待严格回踩和真承接确认,趋势延续策略,2026-04-20,29.05,caution,caution,谨慎,观察为主,56.1479,5日上涨占比56.5%；10日上涨占比64.8%；10日中位涨跌幅2.1%,3.865905615140952,5.034644124779564,35.2978,62.9037,56.5067,64.7742,41.6379,-0.5135,0.7092,0.6083,2.1034,-1.4316,27.6361,56.5476,46.8537,58.0782,33.0782,-0.8414,0.4074,-0.0773,1.0274,-2.7,37.037,65.8436,61.454,69.2308,49.9312,-0.3289,0.9022,1.072,3.0567,0.0,1,5,23.5112,-0.8606,15.1119,0,,1,10,27.7108,-0.8606,19.7246,0,,1,22,51.4286,-0.8606,25.7143,0,,0,,top3
2026-04-20,sz002126,sz002126,probe_d3_confirmed,试盘D3确认池,rule_strategy,probe_confirm_v1,1,114.1034,raw,swing,candidate_buy,明日可买,1,首次试盘后进入D3确认；D3 OIB继续为正；超大单没有撤；盘口承接强于抛压,试盘识别-三日确认,2026-04-21,48.99,attack,attack,攻击,可参与,65.3715,5日全市场上涨占比64.7%；5日全市场中位涨跌幅1.2%；5日小盘上涨占比59.0%,4.139785717963229,7.379510934408184,61.2104,66.1857,64.7114,82.0207,58.1921,0.4193,1.1918,1.1793,5.3797,1.3236,65.617,67.234,58.9787,83.4894,56.766,0.5035,1.1905,0.7271,4.985,0.885,56.5158,63.5117,67.4897,78.1593,59.9725,0.3327,1.0825,1.8028,4.9637,1.7366,1,5,0.694,-6.8177,-6.2666,1,收盘亏5%,1,10,2.3474,-10.5736,1.041,1,最大浮亏8%,1,22,26.5564,-10.5736,18.167,1,最大浮亏8%,1,,top1
2026-04-20,sz000065,sz000065,probe_d3_confirmed,试盘D3确认池,rule_strategy,probe_confirm_v1,2,106.2548,raw,swing,watch,观察,0,首次试盘后进入D3确认；超大单没有撤；位置还没顶到极限,试盘识别-三日确认,2026-04-21,14.02,attack,attack,攻击,可参与,65.3715,5日全市场上涨占比64.7%；5日全市场中位涨跌幅1.2%；5日小盘上涨占比59.0%,4.139785717963229,7.379510934408184,61.2104,66.1857,64.7114,82.0207,58.1921,0.4193,1.1918,1.1793,5.3797,1.3236,65.617,67.234,58.9787,83.4894,56.766,0.5035,1.1905,0.7271,4.985,0.885,56.5158,63.5117,67.4897,78.1593,59.9725,0.3327,1.0825,1.8028,4.9637,1.7366,1,5,3.281,-8.4879,-7.9886,1,收盘亏5%且最大浮亏8%,1,10,3.281,-11.5549,-1.2126,1,最大浮亏8%,1,22,3.281,-14.3367,-6.8474,1,收盘亏5%且最大浮亏8%,0,,top3
2026-04-20,sz000056,sz000056,probe_day0_watch,试盘观察池,rule_strategy,probe_watch_v1,1,87.874691,raw,watch,watch,观察,0,首次试盘；盘中急拉后没有直接发动；回吐明显，像在摸上方抛压；主动推动偏强,试盘识别-当日观察,2026-04-21,1.96,attack,attack,攻击,可参与,65.3715,5日全市场上涨占比64.7%；5日全市场中位涨跌幅1.2%；5日小盘上涨占比59.0%,4.139785717963229,7.379510934408184,61.2104,66.1857,64.7114,82.0207,58.1921,0.4193,1.1918,1.1793,5.3797,1.3236,65.617,67.234,58.9787,83.4894,56.766,0.5035,1.1905,0.7271,4.985,0.885,56.5158,63.5117,67.4897,78.1593,59.9725,0.3327,1.0825,1.8028,4.9637,1.7366,0,4,6.6327,-6.6327,3.5714,0,,0,9,6.6327,-15.3061,-13.2653,1,收盘亏5%且最大浮亏8%,0,21,6.6327,-36.2245,-32.6531,1,收盘亏5%且最大浮亏8%,0,,top1
2026-04-20,sz002123,sz002123,probe_day0_watch,试盘观察池,rule_strategy,probe_watch_v1,2,83.368137,raw,watch,watch,观察,0,首次试盘；盘中急拉后没有直接发动；回吐明显，像在摸上方抛压；主动推动偏强,试盘识别-当日观察,2026-04-21,10.24,attack,attack,攻击,可参与,65.3715,5日全市场上涨占比64.7%；5日全市场中位涨跌幅1.2%；5日小盘上涨占比59.0%,4.139785717963229,7.379510934408184,61.2104,66.1857,64.7114,82.0207,58.1921,0.4193,1.1918,1.1793,5.3797,1.3236,65.617,67.234,58.9787,83.4894,56.766,0.5035,1.1905,0.7271,4.985,0.885,56.5158,63.5117,67.4897,78.1593,59.9725,0.3327,1.0825,1.8028,4.9637,1.7366,1,5,0.0,-4.8828,-4.3945,0,,1,10,0.0,-10.9375,-4.3945,1,最大浮亏8%,1,22,2.3438,-10.9375,-4.9805,1,最大浮亏8%,0,,top3
2026-04-20,sz002845,sz002845,probe_day0_watch,试盘观察池,rule_strategy,probe_watch_v1,3,53.978606,raw,watch,watch,观察,0,首次试盘；盘中急拉后没有直接发动；回吐明显，像在摸上方抛压,试盘识别-当日观察,2026-04-21,14.58,attack,attack,攻击,可参与,65.3715,5日全市场上涨占比64.7%；5日全市场中位涨跌幅1.2%；5日小盘上涨占比59.0%,4.139785717963229,7.379510934408184,61.2104,66.1857,64.7114,82.0207,58.1921,0.4193,1.1918,1.1793,5.3797,1.3236,65.617,67.234,58.9787,83.4894,56.766,0.5035,1.1905,0.7271,4.985,0.885,56.5158,63.5117,67.4897,78.1593,59.9725,0.3327,1.0825,1.8028,4.9637,1.7366,1,5,5.8985,-8.0247,-1.7147,1,最大浮亏8%,1,10,5.8985,-8.0247,1.0288,1,最大浮亏8%,1,22,17.1468,-8.0247,13.9918,1,最大浮亏8%,0,,top3
2026-04-20,sz000062,sz000062,spark_opportunity_selector,星火机会模型 1.0,model,1.0,1,35.725354,raw,22d,candidate_buy,明日可买,1,22日冲高机会分靠前，突破结构强、L2主力净流入强、主动买入强、出货压力不高,星火机会模型,2026-04-21,30.36,attack,attack,攻击,可参与,65.3715,5日全市场上涨占比64.7%；5日全市场中位涨跌幅1.2%；5日小盘上涨占比59.0%,4.139785717963229,7.379510934408184,61.2104,66.1857,64.7114,82.0207,58.1921,0.4193,1.1918,1.1793,5.3797,1.3236,65.617,67.234,58.9787,83.4894,56.766,0.5035,1.1905,0.7271,4.985,0.885,56.5158,63.5117,67.4897,78.1593,59.9725,0.3327,1.0825,1.8028,4.9637,1.7366,1,5,24.4071,-2.5692,24.4071,0,,1,10,32.1805,-2.5692,23.386,0,,1,22,32.1805,-2.5692,19.17,0,,1,35-40,top1
2026-04-20,sz002273,sz002273,spark_opportunity_selector,星火机会模型 1.0,model,1.0,2,35.457394,raw,22d,candidate_buy,明日可买,1,22日冲高机会分靠前，突破结构较好、资金潜伏特征较强、L2主力净流入强、主动买入强,星火机会模型,2026-04-21,31.0,attack,attack,攻击,可参与,65.3715,5日全市场上涨占比64.7%；5日全市场中位涨跌幅1.2%；5日小盘上涨占比59.0%,4.139785717963229,7.379510934408184,61.2104,66.1857,64.7114,82.0207,58.1921,0.4193,1.1918,1.1793,5.3797,1.3236,65.617,67.234,58.9787,83.4894,56.766,0.5035,1.1905,0.7271,4.985,0.885,56.5158,63.5117,67.4897,78.1593,59.9725,0.3327,1.0825,1.8028,4.9637,1.7366,1,5,12.871,-1.9677,5.9677,0,,1,10,15.0,-1.9677,13.0968,0,,1,22,35.2581,-1.9677,29.4839,0,,1,35-40,top3
2026-04-20,sz000977,sz000977,spark_opportunity_selector,星火机会模型 1.0,model,1.0,3,34.281179,raw,22d,candidate_buy,明日可买,1,22日冲高机会分靠前，突破结构强、资金潜伏特征较强、L2主力净流入强、主动买入强,星火机会模型,2026-04-21,71.01,attack,attack,攻击,可参与,65.3715,5日全市场上涨占比64.7%；5日全市场中位涨跌幅1.2%；5日小盘上涨占比59.0%,4.139785717963229,7.379510934408184,61.2104,66.1857,64.7114,82.0207,58.1921,0.4193,1.1918,1.1793,5.3797,1.3236,65.617,67.234,58.9787,83.4894,56.766,0.5035,1.1905,0.7271,4.985,0.885,56.5158,63.5117,67.4897,78.1593,59.9725,0.3327,1.0825,1.8028,4.9637,1.7366,1,5,7.0131,-3.8164,3.0277,0,,1,10,7.0131,-6.8441,3.1404,0,,1,22,11.942,-7.1258,-2.5489,0,,1,<35,top3
2026-04-20,sz000547,sz000547,stable_capital_callback,资金流回调稳健,rule_strategy,S01-M05-conservative-combined-risk,1,94.43,raw,swing,candidate_buy,可买入,1,启动后回调承接确认；风险标签 1 个,资金流回调稳健策略,2026-04-21,28.7,attack,attack,攻击,可参与,65.3715,5日全市场上涨占比64.7%；5日全市场中位涨跌幅1.2%；5日小盘上涨占比59.0%,4.139785717963229,7.379510934408184,61.2104,66.1857,64.7114,82.0207,58.1921,0.4193,1.1918,1.1793,5.3797,1.3236,65.617,67.234,58.9787,83.4894,56.766,0.5035,1.1905,0.7271,4.985,0.885,56.5158,63.5117,67.4897,78.1593,59.9725,0.3327,1.0825,1.8028,4.9637,1.7366,1,5,1.2892,-12.5436,-11.7073,1,收盘亏5%且最大浮亏8%,1,10,1.2892,-18.3275,-12.6132,1,收盘亏5%且最大浮亏8%,1,22,4.4251,-20.0348,-18.2927,1,收盘亏5%且最大浮亏8%,1,,top1
2026-04-20,sh605287,sh605287,stable_capital_callback,资金流回调稳健,rule_strategy,S01-M05-conservative-combined-risk,2,82.51,raw,swing,candidate_buy,可买入,1,启动后回调承接确认；风险标签 0 个,资金流回调稳健策略,2026-04-21,46.34,attack,attack,攻击,可参与,65.3715,5日全市场上涨占比64.7%；5日全市场中位涨跌幅1.2%；5日小盘上涨占比59.0%,4.139785717963229,7.379510934408184,61.2104,66.1857,64.7114,82.0207,58.1921,0.4193,1.1918,1.1793,5.3797,1.3236,65.617,67.234,58.9787,83.4894,56.766,0.5035,1.1905,0.7271,4.985,0.885,56.5158,63.5117,67.4897,78.1593,59.9725,0.3327,1.0825,1.8028,4.9637,1.7366,1,5,9.6245,-5.6107,6.3444,0,,1,10,34.0311,-5.6107,32.4989,0,,1,22,42.8787,-5.6107,16.53,0,,1,,top3
2026-04-20,sh603301,sh603301,stable_capital_callback,资金流回调稳健,rule_strategy,S01-M05-conservative-combined-risk,3,72.35,raw,swing,candidate_buy,可买入,1,启动后回调承接确认；风险标签 0 个,资金流回调稳健策略,2026-04-21,94.53,attack,attack,攻击,可参与,65.3715,5日全市场上涨占比64.7%；5日全市场中位涨跌幅1.2%；5日小盘上涨占比59.0%,4.139785717963229,7.379510934408184,61.2104,66.1857,64.7114,82.0207,58.1921,0.4193,1.1918,1.1793,5.3797,1.3236,65.617,67.234,58.9787,83.4894,56.766,0.5035,1.1905,0.7271,4.985,0.885,56.5158,63.5117,67.4897,78.1593,59.9725,0.3327,1.0825,1.8028,4.9637,1.7366,1,5,1.3964,-6.1674,-5.2999,1,收盘亏5%,1,10,1.3964,-6.1674,-1.079,0,,1,22,2.0628,-6.3895,-5.2047,1,收盘亏5%,1,,top3
2026-04-20,sz002906,sz002906,trend_continuation_callback,趋势中继高质量回踩,rule_strategy,S02-current-candidate-20260427,1,70.42,raw,swing,watch,观察中,0,进入趋势中继观察池；等待严格回踩和真承接确认,趋势延续策略,2026-04-21,32.5,attack,attack,攻击,可参与,65.3715,5日全市场上涨占比64.7%；5日全市场中位涨跌幅1.2%；5日小盘上涨占比59.0%,4.139785717963229,7.379510934408184,61.2104,66.1857,64.7114,82.0207,58.1921,0.4193,1.1918,1.1793,5.3797,1.3236,65.617,67.234,58.9787,83.4894,56.766,0.5035,1.1905,0.7271,4.985,0.885,56.5158,63.5117,67.4897,78.1593,59.9725,0.3327,1.0825,1.8028,4.9637,1.7366,1,5,0.9231,-4.3385,-3.3538,0,,1,10,0.9231,-7.6923,-3.5385,0,,1,22,0.9231,-8.3385,-1.0154,1,最大浮亏8%,0,,top1
2026-04-21,sz002766,sz002766,probe_d3_confirmed,试盘D3确认池,rule_strategy,probe_confirm_v1,1,93.688,raw,swing,watch,观察,0,首次试盘后进入D3确认；超大单没有撤；位置还没顶到极限,试盘识别-三日确认,2026-04-22,4.75,attack,attack,攻击,可参与,62.0227,5日全市场上涨占比62.8%；5日全市场中位涨跌幅1.1%；5日小盘上涨占比57.9%,2.5340678454676135,12.714747208125022,39.3036,46.9887,62.8177,74.6704,82.3234,-0.3526,-0.1525,1.0638,3.6382,6.7469,33.7021,39.3191,57.8723,67.7447,84.6809,-0.5249,-0.5952,0.6354,2.2727,6.8849,47.3251,54.0466,66.3923,79.3956,78.4044,0.0,0.3341,1.3807,4.9068,6.2274,1,5,1.4737,-4.0,-2.7368,0,,1,10,3.7895,-4.0,2.9474,0,,1,22,16.8421,-4.0,12.2105,0,,0,,top1
2026-04-21,sz000889,sz000889,probe_day0_watch,试盘观察池,rule_strategy,probe_watch_v1,1,94.094764,raw,watch,watch,观察,0,首次试盘；盘中急拉后没有直接发动；回吐明显，像在摸上方抛压；主动推动偏强,试盘识别-当日观察,2026-04-22,4.46,attack,attack,攻击,可参与,62.0227,5日全市场上涨占比62.8%；5日全市场中位涨跌幅1.1%；5日小盘上涨占比57.9%,2.5340678454676135,12.714747208125022,39.3036,46.9887,62.8177,74.6704,82.3234,-0.3526,-0.1525,1.0638,3.6382,6.7469,33.7021,39.3191,57.8723,67.7447,84.6809,-0.5249,-0.5952,0.6354,2.2727,6.8849,47.3251,54.0466,66.3923,79.3956,78.4044,0.0,0.3341,1.3807,4.9068,6.2274,1,5,10.0897,-4.7085,10.0897,0,,1,10,32.0628,-4.7085,21.3004,0,,1,22,32.0628,-14.1256,-11.6592,1,收盘亏5%且最大浮亏8%,0,,top1
2026-04-21,sz002536,sz002536,probe_day0_watch,试盘观察池,rule_strategy,probe_watch_v1,2,85.0679,raw,watch,watch,观察,0,首次试盘；盘中急拉后没有直接发动；回吐明显，像在摸上方抛压,试盘识别-当日观察,2026-04-22,37.89,attack,attack,攻击,可参与,62.0227,5日全市场上涨占比62.8%；5日全市场中位涨跌幅1.1%；5日小盘上涨占比57.9%,2.5340678454676135,12.714747208125022,39.3036,46.9887,62.8177,74.6704,82.3234,-0.3526,-0.1525,1.0638,3.6382,6.7469,33.7021,39.3191,57.8723,67.7447,84.6809,-0.5249,-0.5952,0.6354,2.2727,6.8849,47.3251,54.0466,66.3923,79.3956,78.4044,0.0,0.3341,1.3807,4.9068,6.2274,1,5,6.3605,-4.1172,-3.6421,0,,1,10,14.3837,-6.0438,14.3837,0,,1,22,30.2718,-6.0438,12.5627,0,,0,,top3
2026-04-21,sz003031,sz003031,probe_day0_watch,试盘观察池,rule_strategy,probe_watch_v1,3,65.310908,raw,watch,watch,观察,0,首次试盘；盘中急拉后没有直接发动；回吐明显，像在摸上方抛压,试盘识别-当日观察,2026-04-22,123.23,attack,attack,攻击,可参与,62.0227,5日全市场上涨占比62.8%；5日全市场中位涨跌幅1.1%；5日小盘上涨占比57.9%,2.5340678454676135,12.714747208125022,39.3036,46.9887,62.8177,74.6704,82.3234,-0.3526,-0.1525,1.0638,3.6382,6.7469,33.7021,39.3191,57.8723,67.7447,84.6809,-0.5249,-0.5952,0.6354,2.2727,6.8849,47.3251,54.0466,66.3923,79.3956,78.4044,0.0,0.3341,1.3807,4.9068,6.2274,1,5,7.9932,-2.6211,3.4651,0,,1,10,15.1424,-2.6211,13.6655,0,,1,22,42.798,-2.6211,21.4477,0,,0,,top3
2026-04-21,sz000739,sz000739,probe_day0_watch,试盘观察池,rule_strategy,probe_watch_v1,4,64.4397,raw,watch,watch,观察,0,首次试盘；盘中急拉后没有直接发动；回吐明显，像在摸上方抛压,试盘识别-当日观察,2026-04-22,17.86,attack,attack,攻击,可参与,62.0227,5日全市场上涨占比62.8%；5日全市场中位涨跌幅1.1%；5日小盘上涨占比57.9%,2.5340678454676135,12.714747208125022,39.3036,46.9887,62.8177,74.6704,82.3234,-0.3526,-0.1525,1.0638,3.6382,6.7469,33.7021,39.3191,57.8723,67.7447,84.6809,-0.5249,-0.5952,0.6354,2.2727,6.8849,47.3251,54.0466,66.3923,79.3956,78.4044,0.0,0.3341,1.3807,4.9068,6.2274,1,5,8.3427,-0.056,5.3191,0,,1,10,8.3427,-3.4714,-1.9037,0,,1,22,9.0705,-9.8544,-3.5834,1,最大浮亏8%,0,,top5
2026-04-21,sz002471,sz002471,probe_day0_watch,试盘观察池,rule_strategy,probe_watch_v1,5,53.065649,raw,watch,watch,观察,0,重新试盘；第3次试盘；盘中急拉后没有直接发动；回吐明显，像在摸上方抛压,试盘识别-当日观察,2026-04-22,9.42,attack,attack,攻击,可参与,62.0227,5日全市场上涨占比62.8%；5日全市场中位涨跌幅1.1%；5日小盘上涨占比57.9%,2.5340678454676135,12.714747208125022,39.3036,46.9887,62.8177,74.6704,82.3234,-0.3526,-0.1525,1.0638,3.6382,6.7469,33.7021,39.3191,57.8723,67.7447,84.6809,-0.5249,-0.5952,0.6354,2.2727,6.8849,47.3251,54.0466,66.3923,79.3956,78.4044,0.0,0.3341,1.3807,4.9068,6.2274,1,5,3.6093,-12.845,-12.4204,1,收盘亏5%且最大浮亏8%,1,10,3.6093,-12.9512,-7.0064,1,收盘亏5%且最大浮亏8%,1,22,3.6093,-22.1868,-21.5499,1,收盘亏5%且最大浮亏8%,0,,top5
2026-04-21,sh603130,sh603130,probe_day0_watch,试盘观察池,rule_strategy,probe_watch_v1,6,50.9957,raw,watch,watch,观察,0,首次试盘；盘中急拉后没有直接发动；回吐明显，像在摸上方抛压,试盘识别-当日观察,2026-04-22,45.35,attack,attack,攻击,可参与,62.0227,5日全市场上涨占比62.8%；5日全市场中位涨跌幅1.1%；5日小盘上涨占比57.9%,2.5340678454676135,12.714747208125022,39.3036,46.9887,62.8177,74.6704,82.3234,-0.3526,-0.1525,1.0638,3.6382,6.7469,33.7021,39.3191,57.8723,67.7447,84.6809,-0.5249,-0.5952,0.6354,2.2727,6.8849,47.3251,54.0466,66.3923,79.3956,78.4044,0.0,0.3341,1.3807,4.9068,6.2274,1,5,11.5325,-0.7718,2.1169,0,,1,10,11.5325,-0.7718,4.2337,0,,1,22,14.3109,-2.2712,1.0805,0,,0,,other
2026-04-21,sz002436,sz002436,spark_opportunity_selector,星火机会模型 1.0,model,1.0,1,36.087859,raw,22d,candidate_buy,明日可买,1,22日冲高机会分靠前，突破结构强、L2主力净流入强、主动买入强、热点主题前排,星火机会模型,2026-04-22,29.01,attack,attack,攻击,可参与,62.0227,5日全市场上涨占比62.8%；5日全市场中位涨跌幅1.1%；5日小盘上涨占比57.9%,2.5340678454676135,12.714747208125022,39.3036,46.9887,62.8177,74.6704,82.3234,-0.3526,-0.1525,1.0638,3.6382,6.7469,33.7021,39.3191,57.8723,67.7447,84.6809,-0.5249,-0.5952,0.6354,2.2727,6.8849,47.3251,54.0466,66.3923,79.3956,78.4044,0.0,0.3341,1.3807,4.9068,6.2274,1,5,4.7225,-6.9976,-3.8952,0,,1,10,12.8576,-9.4105,10.3413,1,最大浮亏8%,1,22,36.1599,-9.4105,31.3685,1,最大浮亏8%,1,35-40,top1
2026-04-21,sz000889,sz000889,spark_opportunity_selector,星火机会模型 1.0,model,1.0,2,34.228299,raw,22d,candidate_buy,明日可买,1,22日冲高机会分靠前，L2主力净流入强、主动买入强、出货压力不高,星火机会模型,2026-04-22,4.46,attack,attack,攻击,可参与,62.0227,5日全市场上涨占比62.8%；5日全市场中位涨跌幅1.1%；5日小盘上涨占比57.9%,2.5340678454676135,12.714747208125022,39.3036,46.9887,62.8177,74.6704,82.3234,-0.3526,-0.1525,1.0638,3.6382,6.7469,33.7021,39.3191,57.8723,67.7447,84.6809,-0.5249,-0.5952,0.6354,2.2727,6.8849,47.3251,54.0466,66.3923,79.3956,78.4044,0.0,0.3341,1.3807,4.9068,6.2274,1,5,10.0897,-4.7085,10.0897,0,,1,10,32.0628,-4.7085,21.3004,0,,1,22,32.0628,-14.1256,-11.6592,1,收盘亏5%且最大浮亏8%,1,<35,top3
2026-04-21,sz002709,sz002709,spark_opportunity_selector,星火机会模型 1.0,model,1.0,3,33.732782,raw,22d,candidate_buy,明日可买,1,22日冲高机会分靠前，突破结构强、L2主力净流入强、主动买入强、出货压力不高,星火机会模型,2026-04-22,52.78,attack,attack,攻击,可参与,62.0227,5日全市场上涨占比62.8%；5日全市场中位涨跌幅1.1%；5日小盘上涨占比57.9%,2.5340678454676135,12.714747208125022,39.3036,46.9887,62.8177,74.6704,82.3234,-0.3526,-0.1525,1.0638,3.6382,6.7469,33.7021,39.3191,57.8723,67.7447,84.6809,-0.5249,-0.5952,0.6354,2.2727,6.8849,47.3251,54.0466,66.3923,79.3956,78.4044,0.0,0.3341,1.3807,4.9068,6.2274,1,5,7.9955,-7.9197,2.7473,0,,1,10,23.1148,-7.9197,10.6669,0,,1,22,23.1148,-7.9197,-1.4968,0,,1,<35,top3
2026-04-21,sz000890,sz000890,stable_capital_callback,资金流回调稳健,rule_strategy,S01-M05-conservative-combined-risk,1,82.1,raw,swing,candidate_buy,可买入,1,启动后回调承接确认；风险标签 0 个,资金流回调稳健策略,2026-04-22,14.76,attack,attack,攻击,可参与,62.0227,5日全市场上涨占比62.8%；5日全市场中位涨跌幅1.1%；5日小盘上涨占比57.9%,2.5340678454676135,12.714747208125022,39.3036,46.9887,62.8177,74.6704,82.3234,-0.3526,-0.1525,1.0638,3.6382,6.7469,33.7021,39.3191,57.8723,67.7447,84.6809,-0.5249,-0.5952,0.6354,2.2727,6.8849,47.3251,54.0466,66.3923,79.3956,78.4044,0.0,0.3341,1.3807,4.9068,6.2274,1,5,18.4282,-4.2683,7.7236,0,,1,10,18.4959,-5.9621,-4.2683,0,,1,22,18.4959,-29.2005,-27.71,1,收盘亏5%且最大浮亏8%,1,,top1
2026-04-21,sz000415,sz000415,trend_continuation_callback,趋势中继高质量回踩,rule_strategy,S02-current-candidate-20260427,1,67.32,raw,swing,candidate_buy,可买入,1,严格高质量回踩确认；确认日主动买入和主力净流入为正,趋势延续策略,2026-04-22,4.69,attack,attack,攻击,可参与,62.0227,5日全市场上涨占比62.8%；5日全市场中位涨跌幅1.1%；5日小盘上涨占比57.9%,2.5340678454676135,12.714747208125022,39.3036,46.9887,62.8177,74.6704,82.3234,-0.3526,-0.1525,1.0638,3.6382,6.7469,33.7021,39.3191,57.8723,67.7447,84.6809,-0.5249,-0.5952,0.6354,2.2727,6.8849,47.3251,54.0466,66.3923,79.3956,78.4044,0.0,0.3341,1.3807,4.9068,6.2274,1,5,2.7719,-5.5437,2.5586,0,,1,10,4.6908,-5.5437,2.5586,0,,1,22,4.6908,-13.6461,-5.5437,1,收盘亏5%且最大浮亏8%,1,,top1
2026-04-21,sz000026,sz000026,trend_continuation_callback,趋势中继高质量回踩,rule_strategy,S02-current-candidate-20260427,2,74.86,raw,swing,watch,观察中,0,进入趋势中继观察池；等待严格回踩和真承接确认,趋势延续策略,2026-04-22,18.0,attack,attack,攻击,可参与,62.0227,5日全市场上涨占比62.8%；5日全市场中位涨跌幅1.1%；5日小盘上涨占比57.9%,2.5340678454676135,12.714747208125022,39.3036,46.9887,62.8177,74.6704,82.3234,-0.3526,-0.1525,1.0638,3.6382,6.7469,33.7021,39.3191,57.8723,67.7447,84.6809,-0.5249,-0.5952,0.6354,2.2727,6.8849,47.3251,54.0466,66.3923,79.3956,78.4044,0.0,0.3341,1.3807,4.9068,6.2274,1,5,6.3333,-6.0,-1.2778,0,,1,10,12.2222,-6.0,10.5556,0,,1,22,54.3889,-6.0,35.2222,0,,0,,top3
2026-04-21,sh603278,sh603278,trend_continuation_callback,趋势中继高质量回踩,rule_strategy,S02-current-candidate-20260427,3,72.0,raw,swing,watch,观察中,0,进入趋势中继观察池；等待严格回踩和真承接确认,趋势延续策略,2026-04-22,12.79,attack,attack,攻击,可参与,62.0227,5日全市场上涨占比62.8%；5日全市场中位涨跌幅1.1%；5日小盘上涨占比57.9%,2.5340678454676135,12.714747208125022,39.3036,46.9887,62.8177,74.6704,82.3234,-0.3526,-0.1525,1.0638,3.6382,6.7469,33.7021,39.3191,57.8723,67.7447,84.6809,-0.5249,-0.5952,0.6354,2.2727,6.8849,47.3251,54.0466,66.3923,79.3956,78.4044,0.0,0.3341,1.3807,4.9068,6.2274,1,5,4.7694,-11.1806,-10.5551,1,收盘亏5%且最大浮亏8%,1,10,16.5754,-15.4027,16.5754,1,最大浮亏8%,1,22,42.6896,-15.4027,10.5551,1,最大浮亏8%,0,,top3
2026-04-22,sz000049,sz000049,probe_day0_watch,试盘观察池,rule_strategy,probe_watch_v1,1,66.375596,raw,watch,watch,观察,0,首次试盘；盘中急拉后没有直接发动；回吐明显，像在摸上方抛压；题材位置不差,试盘识别-当日观察,2026-04-23,29.81,attack,attack,攻击,可参与,58.2619,5日全市场上涨占比59.2%；5日全市场中位涨跌幅0.9%；5日小盘上涨占比53.6%,4.627035330617391,11.582678263552104,44.7129,51.0672,59.1837,53.3438,67.9233,-0.1104,0.1199,0.9434,0.4431,3.222,32.483,43.5745,53.617,43.7447,63.5745,-0.492,-0.3725,0.3979,-0.8152,2.0964,54.9451,61.2637,63.5989,61.9505,69.697,0.2491,0.8353,1.4546,1.7529,4.3239,1,5,1.2412,-6.1724,-0.2684,0,,1,10,1.2412,-6.1724,-3.8578,0,,1,22,1.2412,-13.3177,-11.5733,1,收盘亏5%且最大浮亏8%,0,,top1
2026-04-22,sz002846,sz002846,probe_day0_watch,试盘观察池,rule_strategy,probe_watch_v1,2,63.6533,raw,watch,watch,观察,0,首次试盘；盘中急拉后没有直接发动；回吐明显，像在摸上方抛压；主动推动偏强,试盘识别-当日观察,2026-04-23,16.6,attack,attack,攻击,可参与,58.2619,5日全市场上涨占比59.2%；5日全市场中位涨跌幅0.9%；5日小盘上涨占比53.6%,4.627035330617391,11.582678263552104,44.7129,51.0672,59.1837,53.3438,67.9233,-0.1104,0.1199,0.9434,0.4431,3.222,32.483,43.5745,53.617,43.7447,63.5745,-0.492,-0.3725,0.3979,-0.8152,2.0964,54.9451,61.2637,63.5989,61.9505,69.697,0.2491,0.8353,1.4546,1.7529,4.3239,1,5,1.5663,-9.0361,-6.3253,1,收盘亏5%且最大浮亏8%,1,10,1.5663,-9.0361,-7.4699,1,收盘亏5%且最大浮亏8%,1,22,1.5663,-24.4578,-23.7952,1,收盘亏5%且最大浮亏8%,0,,top3
2026-04-22,sz002887,sz002887,probe_day0_watch,试盘观察池,rule_strategy,probe_watch_v1,3,53.225934,raw,watch,watch,观察,0,首次试盘；盘中急拉后没有直接发动；主动推动偏强,试盘识别-当日观察,2026-04-23,12.86,attack,attack,攻击,可参与,58.2619,5日全市场上涨占比59.2%；5日全市场中位涨跌幅0.9%；5日小盘上涨占比53.6%,4.627035330617391,11.582678263552104,44.7129,51.0672,59.1837,53.3438,67.9233,-0.1104,0.1199,0.9434,0.4431,3.222,32.483,43.5745,53.617,43.7447,63.5745,-0.492,-0.3725,0.3979,-0.8152,2.0964,54.9451,61.2637,63.5989,61.9505,69.697,0.2491,0.8353,1.4546,1.7529,4.3239,1,5,4.9767,-3.577,2.3328,0,,1,10,12.7527,-3.577,11.1198,0,,1,22,24.4168,-3.577,5.4432,0,,0,,top3
2026-04-22,sh600000,sh600000,spark_opportunity_selector,星火机会模型 1.0,model,1.0,1,0.0,raw,22d,candidate_buy,明日可买,1,22日冲高机会分靠前，出货压力不高,星火机会模型,2026-04-23,9.6,attack,attack,攻击,可参与,58.2619,5日全市场上涨占比59.2%；5日全市场中位涨跌幅0.9%；5日小盘上涨占比53.6%,4.627035330617391,11.582678263552104,44.7129,51.0672,59.1837,53.3438,67.9233,-0.1104,0.1199,0.9434,0.4431,3.222,32.483,43.5745,53.617,43.7447,63.5745,-0.492,-0.3725,0.3979,-0.8152,2.0964,54.9451,61.2637,63.5989,61.9505,69.697,0.2491,0.8353,1.4546,1.7529,4.3239,1,5,0.5208,-3.6458,-2.2917,0,,1,10,0.5208,-5.9375,-5.4167,1,收盘亏5%,1,22,0.5208,-8.8542,-1.7708,1,最大浮亏8%,1,<35,top1
2026-04-22,sh600008,sh600008,spark_opportunity_selector,星火机会模型 1.0,model,1.0,2,0.0,raw,22d,candidate_buy,明日可买,1,22日冲高机会分靠前，出货压力不高,星火机会模型,2026-04-23,3.06,attack,attack,攻击,可参与,58.2619,5日全市场上涨占比59.2%；5日全市场中位涨跌幅0.9%；5日小盘上涨占比53.6%,4.627035330617391,11.582678263552104,44.7129,51.0672,59.1837,53.3438,67.9233,-0.1104,0.1199,0.9434,0.4431,3.222,32.483,43.5745,53.617,43.7447,63.5745,-0.492,-0.3725,0.3979,-0.8152,2.0964,54.9451,61.2637,63.5989,61.9505,69.697,0.2491,0.8353,1.4546,1.7529,4.3239,1,5,0.3268,-1.634,-0.3268,0,,1,10,2.9412,-1.634,1.634,0,,1,22,3.268,-1.634,0.3268,0,,1,<35,top3
2026-04-22,sh600009,sh600009,spark_opportunity_selector,星火机会模型 1.0,model,1.0,3,0.0,raw,22d,candidate_buy,明日可买,1,22日冲高机会分靠前，出货压力不高,星火机会模型,2026-04-23,27.43,attack,attack,攻击,可参与,58.2619,5日全市场上涨占比59.2%；5日全市场中位涨跌幅0.9%；5日小盘上涨占比53.6%,4.627035330617391,11.582678263552104,44.7129,51.0672,59.1837,53.3438,67.9233,-0.1104,0.1199,0.9434,0.4431,3.222,32.483,43.5745,53.617,43.7447,63.5745,-0.492,-0.3725,0.3979,-0.8152,2.0964,54.9451,61.2637,63.5989,61.9505,69.697,0.2491,0.8353,1.4546,1.7529,4.3239,1,5,0.0729,-1.8593,-0.1458,0,,1,10,1.276,-1.8593,-0.6927,0,,1,22,1.276,-9.1506,-7.4007,1,收盘亏5%且最大浮亏8%,1,<35,top3
2026-04-23,sz002123,sz002123,probe_d3_confirmed,试盘D3确认池,rule_strategy,probe_confirm_v1,1,103.486,raw,swing,watch,观察,0,首次试盘后进入D3确认；超大单没有撤；位置还没顶到极限,试盘识别-三日确认,2026-04-24,10.0,caution,caution,谨慎,观察为主,40.9911,5日上涨占比38.6%；10日上涨占比56.3%；10日中位涨跌幅0.9%,1.576060508029209,7.889885526991125,29.2216,33.9089,38.6499,56.2814,51.9485,-0.9213,-1.2327,-0.9731,0.9331,0.4709,21.8352,23.1293,27.2959,45.4082,41.6667,-1.148,-2.0237,-2.068,-0.4545,-1.1876,35.8516,44.6429,48.9011,65.6593,61.8457,-0.6035,-0.3295,-0.1182,2.2227,2.1634,1,5,0.7,-8.8,-5.2,1,收盘亏5%且最大浮亏8%,1,10,0.7,-8.8,-3.5,1,最大浮亏8%,1,22,4.8,-14.1,-13.1,1,收盘亏5%且最大浮亏8%,0,,top1
2026-04-23,sz002432,sz002432,probe_day0_watch,试盘观察池,rule_strategy,probe_watch_v1,1,92.7822,raw,watch,watch,观察,0,重新试盘；第2次试盘；盘中急拉后没有直接发动；回吐明显，像在摸上方抛压,试盘识别-当日观察,2026-04-24,85.59,caution,caution,谨慎,观察为主,40.9911,5日上涨占比38.6%；10日上涨占比56.3%；10日中位涨跌幅0.9%,1.576060508029209,7.889885526991125,29.2216,33.9089,38.6499,56.2814,51.9485,-0.9213,-1.2327,-0.9731,0.9331,0.4709,21.8352,23.1293,27.2959,45.4082,41.6667,-1.148,-2.0237,-2.068,-0.4545,-1.1876,35.8516,44.6429,48.9011,65.6593,61.8457,-0.6035,-0.3295,-0.1182,2.2227,2.1634,1,5,2.8391,-15.0018,-14.1255,1,收盘亏5%且最大浮亏8%,1,10,2.8391,-19.8271,-12.8403,1,收盘亏5%且最大浮亏8%,1,22,8.6459,-19.8271,-10.6204,1,收盘亏5%且最大浮亏8%,0,,top1
2026-04-23,sz002438,sz002438,probe_day0_watch,试盘观察池,rule_strategy,probe_watch_v1,2,64.061,raw,watch,watch,观察,0,首次试盘；盘中急拉后没有直接发动；回吐明显，像在摸上方抛压；主动推动偏强,试盘识别-当日观察,2026-04-24,16.89,caution,caution,谨慎,观察为主,40.9911,5日上涨占比38.6%；10日上涨占比56.3%；10日中位涨跌幅0.9%,1.576060508029209,7.889885526991125,29.2216,33.9089,38.6499,56.2814,51.9485,-0.9213,-1.2327,-0.9731,0.9331,0.4709,21.8352,23.1293,27.2959,45.4082,41.6667,-1.148,-2.0237,-2.068,-0.4545,-1.1876,35.8516,44.6429,48.9011,65.6593,61.8457,-0.6035,-0.3295,-0.1182,2.2227,2.1634,1,5,1.1841,-6.4535,-4.5589,0,,1,10,5.0918,-6.4535,2.4867,0,,1,22,8.1705,-6.4535,6.2759,0,,0,,top3
2026-04-23,sz002788,sz002788,probe_day0_watch,试盘观察池,rule_strategy,probe_watch_v1,3,61.071809,raw,watch,watch,观察,0,重新试盘；第2次试盘；盘中急拉后没有直接发动；回吐明显，像在摸上方抛压,试盘识别-当日观察,2026-04-24,13.92,caution,caution,谨慎,观察为主,40.9911,5日上涨占比38.6%；10日上涨占比56.3%；10日中位涨跌幅0.9%,1.576060508029209,7.889885526991125,29.2216,33.9089,38.6499,56.2814,51.9485,-0.9213,-1.2327,-0.9731,0.9331,0.4709,21.8352,23.1293,27.2959,45.4082,41.6667,-1.148,-2.0237,-2.068,-0.4545,-1.1876,35.8516,44.6429,48.9011,65.6593,61.8457,-0.6035,-0.3295,-0.1182,2.2227,2.1634,1,5,3.592,-3.3764,-1.8678,0,,1,10,12.3563,-3.3764,8.8362,0,,1,22,12.3563,-17.6006,-15.8764,1,收盘亏5%且最大浮亏8%,0,,top3
2026-04-23,sz002498,sz002498,probe_day0_watch,试盘观察池,rule_strategy,probe_watch_v1,4,33.426942,raw,watch,watch,观察,0,首次试盘；盘中急拉后没有直接发动,试盘识别-当日观察,2026-04-24,8.83,caution,caution,谨慎,观察为主,40.9911,5日上涨占比38.6%；10日上涨占比56.3%；10日中位涨跌幅0.9%,1.576060508029209,7.889885526991125,29.2216,33.9089,38.6499,56.2814,51.9485,-0.9213,-1.2327,-0.9731,0.9331,0.4709,21.8352,23.1293,27.2959,45.4082,41.6667,-1.148,-2.0237,-2.068,-0.4545,-1.1876,35.8516,44.6429,48.9011,65.6593,61.8457,-0.6035,-0.3295,-0.1182,2.2227,2.1634,1,5,2.718,-7.248,-1.2458,0,,1,10,13.3635,-7.248,13.3635,0,,1,22,32.5028,-7.248,1.6988,0,,0,,top5
2026-04-23,sh603052,sh603052,spark_opportunity_selector,星火机会模型 1.0,model,1.0,1,34.883162,raw,22d,candidate_buy,明日可买,1,22日冲高机会分靠前，突破结构较好、L2主力净流入强、主动买入强、出货压力不高,星火机会模型,2026-04-24,93.97,caution,caution,谨慎,观察为主,40.9911,5日上涨占比38.6%；10日上涨占比56.3%；10日中位涨跌幅0.9%,1.576060508029209,7.889885526991125,29.2216,33.9089,38.6499,56.2814,51.9485,-0.9213,-1.2327,-0.9731,0.9331,0.4709,21.8352,23.1293,27.2959,45.4082,41.6667,-1.148,-2.0237,-2.068,-0.4545,-1.1876,35.8516,44.6429,48.9011,65.6593,61.8457,-0.6035,-0.3295,-0.1182,2.2227,2.1634,1,5,2.5966,-13.4085,-13.334,1,收盘亏5%且最大浮亏8%,1,10,2.5966,-13.4085,1.4686,1,最大浮亏8%,1,22,28.2005,-13.4085,-1.1919,1,最大浮亏8%,1,<35,top1
2026-04-23,sz002281,sz002281,spark_opportunity_selector,星火机会模型 1.0,model,1.0,2,34.367674,raw,22d,candidate_buy,明日可买,1,22日冲高机会分靠前，突破结构强、L2主力净流入强、主动买入强、出货压力不高,星火机会模型,2026-04-24,129.71,caution,caution,谨慎,观察为主,40.9911,5日上涨占比38.6%；10日上涨占比56.3%；10日中位涨跌幅0.9%,1.576060508029209,7.889885526991125,29.2216,33.9089,38.6499,56.2814,51.9485,-0.9213,-1.2327,-0.9731,0.9331,0.4709,21.8352,23.1293,27.2959,45.4082,41.6667,-1.148,-2.0237,-2.068,-0.4545,-1.1876,35.8516,44.6429,48.9011,65.6593,61.8457,-0.6035,-0.3295,-0.1182,2.2227,2.1634,1,5,12.6821,-5.1731,11.2327,0,,1,10,60.9745,-5.1731,55.3465,0,,1,22,90.2706,-5.1731,65.6773,0,,1,<35,top3
2026-04-23,sh600150,sh600150,spark_opportunity_selector,星火机会模型 1.0,model,1.0,3,34.163885,raw,22d,candidate_buy,明日可买,1,22日冲高机会分靠前，突破结构强、L2主力净流入强、主动买入强、热点主题前排,星火机会模型,2026-04-24,38.6,caution,caution,谨慎,观察为主,40.9911,5日上涨占比38.6%；10日上涨占比56.3%；10日中位涨跌幅0.9%,1.576060508029209,7.889885526991125,29.2216,33.9089,38.6499,56.2814,51.9485,-0.9213,-1.2327,-0.9731,0.9331,0.4709,21.8352,23.1293,27.2959,45.4082,41.6667,-1.148,-2.0237,-2.068,-0.4545,-1.1876,35.8516,44.6429,48.9011,65.6593,61.8457,-0.6035,-0.3295,-0.1182,2.2227,2.1634,1,5,12.487,-1.5285,8.1865,0,,1,10,12.487,-1.5285,4.9223,0,,1,22,12.487,-3.9378,-1.1917,0,,1,<35,top3
2026-04-23,sh600644,sh600644,stable_capital_callback,资金流回调稳健,rule_strategy,S01-M05-conservative-combined-risk,1,80.01,raw,swing,candidate_buy,可买入,1,启动后回调承接确认；风险标签 1 个,资金流回调稳健策略,2026-04-24,12.55,caution,caution,谨慎,观察为主,40.9911,5日上涨占比38.6%；10日上涨占比56.3%；10日中位涨跌幅0.9%,1.576060508029209,7.889885526991125,29.2216,33.9089,38.6499,56.2814,51.9485,-0.9213,-1.2327,-0.9731,0.9331,0.4709,21.8352,23.1293,27.2959,45.4082,41.6667,-1.148,-2.0237,-2.068,-0.4545,-1.1876,35.8516,44.6429,48.9011,65.6593,61.8457,-0.6035,-0.3295,-0.1182,2.2227,2.1634,1,5,0.8765,-8.2072,-7.7291,1,收盘亏5%且最大浮亏8%,1,10,0.8765,-8.5259,-2.3904,1,最大浮亏8%,1,22,1.0359,-12.51,-7.6494,1,收盘亏5%且最大浮亏8%,1,,top1
2026-04-23,sz000993,sz000993,stable_capital_callback,资金流回调稳健,rule_strategy,S01-M05-conservative-combined-risk,2,74.66,raw,swing,candidate_buy,可买入,1,启动后回调承接确认；风险标签 1 个,资金流回调稳健策略,2026-04-24,13.0,caution,caution,谨慎,观察为主,40.9911,5日上涨占比38.6%；10日上涨占比56.3%；10日中位涨跌幅0.9%,1.576060508029209,7.889885526991125,29.2216,33.9089,38.6499,56.2814,51.9485,-0.9213,-1.2327,-0.9731,0.9331,0.4709,21.8352,23.1293,27.2959,45.4082,41.6667,-1.148,-2.0237,-2.068,-0.4545,-1.1876,35.8516,44.6429,48.9011,65.6593,61.8457,-0.6035,-0.3295,-0.1182,2.2227,2.1634,1,5,0.6154,-6.7692,-5.8462,1,收盘亏5%,1,10,3.4615,-6.7692,2.1538,0,,1,22,12.3846,-6.7692,10.6154,0,,1,,top3
2026-04-23,sz002950,sz002950,trend_continuation_callback,趋势中继高质量回踩,rule_strategy,S02-current-candidate-20260427,1,72.29,raw,swing,candidate_buy,可买入,1,严格高质量回踩确认；确认日主动买入和主力净流入为正,趋势延续策略,2026-04-24,14.01,caution,caution,谨慎,观察为主,40.9911,5日上涨占比38.6%；10日上涨占比56.3%；10日中位涨跌幅0.9%,1.576060508029209,7.889885526991125,29.2216,33.9089,38.6499,56.2814,51.9485,-0.9213,-1.2327,-0.9731,0.9331,0.4709,21.8352,23.1293,27.2959,45.4082,41.6667,-1.148,-2.0237,-2.068,-0.4545,-1.1876,35.8516,44.6429,48.9011,65.6593,61.8457,-0.6035,-0.3295,-0.1182,2.2227,2.1634,1,5,5.4247,-2.9265,-1.7131,0,,1,10,5.6388,-13.7045,-13.1335,1,收盘亏5%且最大浮亏8%,1,22,5.6388,-30.1927,-28.4083,1,收盘亏5%且最大浮亏8%,1,,top1
2026-04-23,sh600166,sh600166,trend_continuation_callback,趋势中继高质量回踩,rule_strategy,S02-current-candidate-20260427,2,77.38,raw,swing,watch,观察中,0,进入趋势中继观察池；等待严格回踩和真承接确认,趋势延续策略,2026-04-24,3.76,caution,caution,谨慎,观察为主,40.9911,5日上涨占比38.6%；10日上涨占比56.3%；10日中位涨跌幅0.9%,1.576060508029209,7.889885526991125,29.2216,33.9089,38.6499,56.2814,51.9485,-0.9213,-1.2327,-0.9731,0.9331,0.4709,21.8352,23.1293,27.2959,45.4082,41.6667,-1.148,-2.0237,-2.068,-0.4545,-1.1876,35.8516,44.6429,48.9011,65.6593,61.8457,-0.6035,-0.3295,-0.1182,2.2227,2.1634,1,5,2.3936,-6.6489,-6.117,1,收盘亏5%,1,10,2.3936,-8.2447,-4.5213,1,最大浮亏8%,1,22,2.3936,-22.0745,-20.4787,1,收盘亏5%且最大浮亏8%,0,,top3
2026-04-23,sz003036,sz003036,trend_continuation_callback,趋势中继高质量回踩,rule_strategy,S02-current-candidate-20260427,3,76.24,raw,swing,watch,观察中,0,进入趋势中继观察池；等待严格回踩和真承接确认,趋势延续策略,2026-04-24,30.47,caution,caution,谨慎,观察为主,40.9911,5日上涨占比38.6%；10日上涨占比56.3%；10日中位涨跌幅0.9%,1.576060508029209,7.889885526991125,29.2216,33.9089,38.6499,56.2814,51.9485,-0.9213,-1.2327,-0.9731,0.9331,0.4709,21.8352,23.1293,27.2959,45.4082,41.6667,-1.148,-2.0237,-2.068,-0.4545,-1.1876,35.8516,44.6429,48.9011,65.6593,61.8457,-0.6035,-0.3295,-0.1182,2.2227,2.1634,1,5,25.5333,-1.5425,7.4828,0,,1,10,46.636,-1.5425,42.829,0,,1,22,134.1976,-1.5425,134.1976,0,,0,,top3
2026-04-23,sh600206,sh600206,trend_continuation_callback,趋势中继高质量回踩,rule_strategy,S02-current-candidate-20260427,4,76.19,raw,swing,watch,观察中,0,进入趋势中继观察池；等待严格回踩和真承接确认,趋势延续策略,2026-04-24,25.75,caution,caution,谨慎,观察为主,40.9911,5日上涨占比38.6%；10日上涨占比56.3%；10日中位涨跌幅0.9%,1.576060508029209,7.889885526991125,29.2216,33.9089,38.6499,56.2814,51.9485,-0.9213,-1.2327,-0.9731,0.9331,0.4709,21.8352,23.1293,27.2959,45.4082,41.6667,-1.148,-2.0237,-2.068,-0.4545,-1.1876,35.8516,44.6429,48.9011,65.6593,61.8457,-0.6035,-0.3295,-0.1182,2.2227,2.1634,1,5,7.767,-1.9029,6.2913,0,,1,10,29.8641,-1.9029,23.9612,0,,1,22,29.8641,-1.9029,20.1553,0,,0,,top5
2026-04-23,sz002201,sz002201,trend_continuation_callback,趋势中继高质量回踩,rule_strategy,S02-current-candidate-20260427,5,74.71,raw,swing,watch,观察中,0,进入趋势中继观察池；等待严格回踩和真承接确认,趋势延续策略,2026-04-24,14.22,caution,caution,谨慎,观察为主,40.9911,5日上涨占比38.6%；10日上涨占比56.3%；10日中位涨跌幅0.9%,1.576060508029209,7.889885526991125,29.2216,33.9089,38.6499,56.2814,51.9485,-0.9213,-1.2327,-0.9731,0.9331,0.4709,21.8352,23.1293,27.2959,45.4082,41.6667,-1.148,-2.0237,-2.068,-0.4545,-1.1876,35.8516,44.6429,48.9011,65.6593,61.8457,-0.6035,-0.3295,-0.1182,2.2227,2.1634,1,5,7.4543,-8.3685,-5.8368,1,收盘亏5%且最大浮亏8%,1,10,7.4543,-8.3685,-0.7736,1,最大浮亏8%,1,22,7.4543,-21.3783,-17.0886,1,收盘亏5%且最大浮亏8%,0,,top5
2026-04-23,sz000811,sz000811,trend_continuation_callback,趋势中继高质量回踩,rule_strategy,S02-current-candidate-20260427,6,70.92,raw,swing,watch,观察中,0,进入趋势中继观察池；等待严格回踩和真承接确认,趋势延续策略,2026-04-24,22.43,caution,caution,谨慎,观察为主,40.9911,5日上涨占比38.6%；10日上涨占比56.3%；10日中位涨跌幅0.9%,1.576060508029209,7.889885526991125,29.2216,33.9089,38.6499,56.2814,51.9485,-0.9213,-1.2327,-0.9731,0.9331,0.4709,21.8352,23.1293,27.2959,45.4082,41.6667,-1.148,-2.0237,-2.068,-0.4545,-1.1876,35.8516,44.6429,48.9011,65.6593,61.8457,-0.6035,-0.3295,-0.1182,2.2227,2.1634,1,5,13.2412,-2.8979,11.235,0,,1,10,34.4182,-2.8979,28.8899,0,,1,22,71.4668,-2.8979,56.9773,0,,0,,other
2026-04-24,sz000889,sz000889,probe_d3_confirmed,试盘D3确认池,rule_strategy,probe_confirm_v1,1,127.1117,raw,swing,candidate_buy,明日可买,1,首次试盘后进入D3确认；D3 OIB继续为正；超大单没有撤；盘口承接强于抛压,试盘识别-三日确认,2026-04-27,4.71,caution,caution,谨慎,观察为主,41.395,5日上涨占比39.5%；10日上涨占比47.8%；10日中位涨跌幅-0.3%,-0.03966205650381971,8.701823062464186,36.7776,31.4698,39.491,47.8316,57.2013,-0.5224,-1.2579,-0.9682,-0.2625,1.3826,48.3376,27.2805,35.5802,41.1263,51.7065,0.0,-1.3141,-1.1583,-1.1765,0.5094,31.8244,39.0947,47.8738,55.9671,63.2737,-0.6613,-0.7495,-0.1509,1.0558,2.6596,1,5,5.7325,-8.2803,3.1847,1,最大浮亏8%,1,10,25.0531,-8.2803,18.259,1,最大浮亏8%,1,22,25.0531,-19.9575,-14.2251,1,收盘亏5%且最大浮亏8%,1,,top1
2026-04-24,sz002536,sz002536,probe_d3_confirmed,试盘D3确认池,rule_strategy,probe_confirm_v1,2,93.0679,raw,swing,watch,观察,0,首次试盘后进入D3确认；超大单没有撤,试盘识别-三日确认,2026-04-27,39.23,caution,caution,谨慎,观察为主,41.395,5日上涨占比39.5%；10日上涨占比47.8%；10日中位涨跌幅-0.3%,-0.03966205650381971,8.701823062464186,36.7776,31.4698,39.491,47.8316,57.2013,-0.5224,-1.2579,-0.9682,-0.2625,1.3826,48.3376,27.2805,35.5802,41.1263,51.7065,0.0,-1.3141,-1.1583,-1.1765,0.5094,31.8244,39.0947,47.8738,55.9671,63.2737,-0.6613,-0.7495,-0.1509,1.0558,2.6596,1,5,1.5294,-9.2531,-6.9335,1,收盘亏5%且最大浮亏8%,1,10,22.6102,-9.2531,19.0415,1,最大浮亏8%,1,22,25.8221,-9.2531,-1.4785,1,最大浮亏8%,0,,top3
2026-04-24,sz000739,sz000739,probe_d3_confirmed,试盘D3确认池,rule_strategy,probe_confirm_v1,3,86.4397,raw,swing,watch,观察,0,首次试盘后进入D3确认；D3 OIB继续为正；盘口承接强于抛压,试盘识别-三日确认,2026-04-27,18.3,caution,caution,谨慎,观察为主,41.395,5日上涨占比39.5%；10日上涨占比47.8%；10日中位涨跌幅-0.3%,-0.03966205650381971,8.701823062464186,36.7776,31.4698,39.491,47.8316,57.2013,-0.5224,-1.2579,-0.9682,-0.2625,1.3826,48.3376,27.2805,35.5802,41.1263,51.7065,0.0,-1.3141,-1.1583,-1.1765,0.5094,31.8244,39.0947,47.8738,55.9671,63.2737,-0.6613,-0.7495,-0.1509,1.0558,2.6596,1,5,5.7377,-3.224,-2.1858,0,,1,10,6.4481,-5.7923,-1.4754,0,,1,22,6.4481,-12.0219,-9.235,1,收盘亏5%且最大浮亏8%,0,,top3
2026-04-24,sz003031,sz003031,probe_d3_confirmed,试盘D3确认池,rule_strategy,probe_confirm_v1,4,83.398,raw,swing,watch,观察,0,首次试盘后进入D3确认；超大单没有撤,试盘识别-三日确认,2026-04-27,127.81,caution,caution,谨慎,观察为主,41.395,5日上涨占比39.5%；10日上涨占比47.8%；10日中位涨跌幅-0.3%,-0.03966205650381971,8.701823062464186,36.7776,31.4698,39.491,47.8316,57.2013,-0.5224,-1.2579,-0.9682,-0.2625,1.3826,48.3376,27.2805,35.5802,41.1263,51.7065,0.0,-1.3141,-1.1583,-1.1765,0.5094,31.8244,39.0947,47.8738,55.9671,63.2737,-0.6613,-0.7495,-0.1509,1.0558,2.6596,1,5,2.8871,-6.1106,0.3834,0,,1,10,23.0733,-6.1106,18.1363,0,,1,22,37.6809,-6.1106,11.0242,0,,0,,top5
2026-04-24,sh603130,sh603130,probe_d3_confirmed,试盘D3确认池,rule_strategy,probe_confirm_v1,5,80.3557,raw,swing,watch,观察,0,首次试盘后进入D3确认；D3 OIB继续为正；盘口承接强于抛压,试盘识别-三日确认,2026-04-27,48.67,caution,caution,谨慎,观察为主,41.395,5日上涨占比39.5%；10日上涨占比47.8%；10日中位涨跌幅-0.3%,-0.03966205650381971,8.701823062464186,36.7776,31.4698,39.491,47.8316,57.2013,-0.5224,-1.2579,-0.9682,-0.2625,1.3826,48.3376,27.2805,35.5802,41.1263,51.7065,0.0,-1.3141,-1.1583,-1.1765,0.5094,31.8244,39.0947,47.8738,55.9671,63.2737,-0.6613,-0.7495,-0.1509,1.0558,2.6596,1,5,1.7054,-7.3762,-3.8627,0,,1,10,6.5133,-7.3762,0.1644,0,,1,22,6.5133,-13.7045,-12.8827,1,收盘亏5%且最大浮亏8%,0,,top5
2026-04-24,sz003027,sz003027,probe_day0_watch,试盘观察池,rule_strategy,probe_watch_v1,1,85.70143,raw,watch,watch,观察,0,首次试盘；盘中急拉后没有直接发动；回吐明显，像在摸上方抛压；主动推动偏强,试盘识别-当日观察,2026-04-27,24.21,caution,caution,谨慎,观察为主,41.395,5日上涨占比39.5%；10日上涨占比47.8%；10日中位涨跌幅-0.3%,-0.03966205650381971,8.701823062464186,36.7776,31.4698,39.491,47.8316,57.2013,-0.5224,-1.2579,-0.9682,-0.2625,1.3826,48.3376,27.2805,35.5802,41.1263,51.7065,0.0,-1.3141,-1.1583,-1.1765,0.5094,31.8244,39.0947,47.8738,55.9671,63.2737,-0.6613,-0.7495,-0.1509,1.0558,2.6596,1,5,5.6588,-5.5762,-0.4131,0,,1,10,15.0351,-5.5762,10.3263,0,,1,22,15.0351,-11.4416,-8.4263,1,收盘亏5%且最大浮亏8%,0,,top1
2026-04-24,sh603363,sh603363,probe_day0_watch,试盘观察池,rule_strategy,probe_watch_v1,2,78.257786,raw,watch,watch,观察,0,首次试盘；盘中急拉后没有直接发动；回吐明显，像在摸上方抛压,试盘识别-当日观察,2026-04-27,3.16,caution,caution,谨慎,观察为主,41.395,5日上涨占比39.5%；10日上涨占比47.8%；10日中位涨跌幅-0.3%,-0.03966205650381971,8.701823062464186,36.7776,31.4698,39.491,47.8316,57.2013,-0.5224,-1.2579,-0.9682,-0.2625,1.3826,48.3376,27.2805,35.5802,41.1263,51.7065,0.0,-1.3141,-1.1583,-1.1765,0.5094,31.8244,39.0947,47.8738,55.9671,63.2737,-0.6613,-0.7495,-0.1509,1.0558,2.6596,1,5,12.3418,0.0,6.3291,0,,1,10,12.3418,-0.9494,0.3165,0,,1,22,18.3544,-1.2658,2.2152,0,,0,,top3
2026-04-24,sz001289,sz001289,probe_day0_watch,试盘观察池,rule_strategy,probe_watch_v1,3,38.25096,raw,watch,watch,观察,0,首次试盘；盘中急拉后没有直接发动；回吐明显，像在摸上方抛压,试盘识别-当日观察,2026-04-27,16.51,caution,caution,谨慎,观察为主,41.395,5日上涨占比39.5%；10日上涨占比47.8%；10日中位涨跌幅-0.3%,-0.03966205650381971,8.701823062464186,36.7776,31.4698,39.491,47.8316,57.2013,-0.5224,-1.2579,-0.9682,-0.2625,1.3826,48.3376,27.2805,35.5802,41.1263,51.7065,0.0,-1.3141,-1.1583,-1.1765,0.5094,31.8244,39.0947,47.8738,55.9671,63.2737,-0.6613,-0.7495,-0.1509,1.0558,2.6596,1,5,5.0878,-3.2102,4.6638,0,,1,10,10.1757,-3.2102,8.1769,0,,1,22,17.9285,-3.2102,13.507,0,,0,,top3
2026-04-24,sh600773,sh600773,spark_opportunity_selector,星火机会模型 1.0,model,1.0,1,34.411152,raw,22d,candidate_buy,明日可买,1,22日冲高机会分靠前，突破结构强、L2主力净流入强、主动买入强、热点主题前排,星火机会模型,2026-04-27,24.99,caution,caution,谨慎,观察为主,41.395,5日上涨占比39.5%；10日上涨占比47.8%；10日中位涨跌幅-0.3%,-0.03966205650381971,8.701823062464186,36.7776,31.4698,39.491,47.8316,57.2013,-0.5224,-1.2579,-0.9682,-0.2625,1.3826,48.3376,27.2805,35.5802,41.1263,51.7065,0.0,-1.3141,-1.1583,-1.1765,0.5094,31.8244,39.0947,47.8738,55.9671,63.2737,-0.6613,-0.7495,-0.1509,1.0558,2.6596,1,5,15.5662,-0.7603,10.004,0,,1,10,15.5662,-12.1248,-10.6443,1,收盘亏5%且最大浮亏8%,1,22,15.5662,-33.0132,-32.6931,1,收盘亏5%且最大浮亏8%,1,<35,top1
2026-04-24,sz002947,sz002947,spark_opportunity_selector,星火机会模型 1.0,model,1.0,2,34.392066,raw,22d,candidate_buy,明日可买,1,22日冲高机会分靠前，突破结构较好、L2主力净流入强、主动买入强、出货压力不高,星火机会模型,2026-04-27,82.47,caution,caution,谨慎,观察为主,41.395,5日上涨占比39.5%；10日上涨占比47.8%；10日中位涨跌幅-0.3%,-0.03966205650381971,8.701823062464186,36.7776,31.4698,39.491,47.8316,57.2013,-0.5224,-1.2579,-0.9682,-0.2625,1.3826,48.3376,27.2805,35.5802,41.1263,51.7065,0.0,-1.3141,-1.1583,-1.1765,0.5094,31.8244,39.0947,47.8738,55.9671,63.2737,-0.6613,-0.7495,-0.1509,1.0558,2.6596,1,5,3.0678,-8.4516,-0.1819,1,最大浮亏8%,1,10,7.5058,-8.4516,1.8795,1,最大浮亏8%,1,22,27.319,-8.4516,7.0935,1,最大浮亏8%,1,<35,top3
2026-04-24,sz000593,sz000593,spark_opportunity_selector,星火机会模型 1.0,model,1.0,3,33.797005,raw,22d,candidate_buy,明日可买,1,22日冲高机会分靠前，突破结构强、L2主力净流入强、主动买入强、出货压力不高,星火机会模型,2026-04-27,21.76,caution,caution,谨慎,观察为主,41.395,5日上涨占比39.5%；10日上涨占比47.8%；10日中位涨跌幅-0.3%,-0.03966205650381971,8.701823062464186,36.7776,31.4698,39.491,47.8316,57.2013,-0.5224,-1.2579,-0.9682,-0.2625,1.3826,48.3376,27.2805,35.5802,41.1263,51.7065,0.0,-1.3141,-1.1583,-1.1765,0.5094,31.8244,39.0947,47.8738,55.9671,63.2737,-0.6613,-0.7495,-0.1509,1.0558,2.6596,1,5,28.125,0.0,24.0809,0,,1,10,28.6305,0.0,8.7316,0,,1,22,28.6305,-7.0772,-5.3768,1,收盘亏5%,1,<35,top3
2026-04-24,sz002468,sz002468,trend_continuation_callback,趋势中继高质量回踩,rule_strategy,S02-current-candidate-20260427,1,65.22,raw,swing,candidate_buy,可买入,1,严格高质量回踩确认；确认日主动买入和主力净流入为正,趋势延续策略,2026-04-27,17.45,caution,caution,谨慎,观察为主,41.395,5日上涨占比39.5%；10日上涨占比47.8%；10日中位涨跌幅-0.3%,-0.03966205650381971,8.701823062464186,36.7776,31.4698,39.491,47.8316,57.2013,-0.5224,-1.2579,-0.9682,-0.2625,1.3826,48.3376,27.2805,35.5802,41.1263,51.7065,0.0,-1.3141,-1.1583,-1.1765,0.5094,31.8244,39.0947,47.8738,55.9671,63.2737,-0.6613,-0.7495,-0.1509,1.0558,2.6596,1,5,1.8911,-8.2521,-6.0172,1,收盘亏5%且最大浮亏8%,1,10,1.8911,-10.3152,-10.0287,1,收盘亏5%且最大浮亏8%,1,22,1.8911,-15.5874,-12.3209,1,收盘亏5%且最大浮亏8%,1,,top1
2026-04-24,sh600545,sh600545,trend_continuation_callback,趋势中继高质量回踩,rule_strategy,S02-current-candidate-20260427,2,75.7,raw,swing,watch,观察中,0,进入趋势中继观察池；等待严格回踩和真承接确认,趋势延续策略,2026-04-27,4.53,caution,caution,谨慎,观察为主,41.395,5日上涨占比39.5%；10日上涨占比47.8%；10日中位涨跌幅-0.3%,-0.03966205650381971,8.701823062464186,36.7776,31.4698,39.491,47.8316,57.2013,-0.5224,-1.2579,-0.9682,-0.2625,1.3826,48.3376,27.2805,35.5802,41.1263,51.7065,0.0,-1.3141,-1.1583,-1.1765,0.5094,31.8244,39.0947,47.8738,55.9671,63.2737,-0.6613,-0.7495,-0.1509,1.0558,2.6596,1,5,21.4128,-0.6623,9.9338,0,,1,10,41.5011,-0.6623,38.6313,0,,1,22,84.7682,-0.6623,73.9514,0,,0,,top3
2026-04-24,sz002331,sz002331,trend_continuation_callback,趋势中继高质量回踩,rule_strategy,S02-current-candidate-20260427,3,72.55,raw,swing,watch,观察中,0,进入趋势中继观察池；等待严格回踩和真承接确认,趋势延续策略,2026-04-27,9.69,caution,caution,谨慎,观察为主,41.395,5日上涨占比39.5%；10日上涨占比47.8%；10日中位涨跌幅-0.3%,-0.03966205650381971,8.701823062464186,36.7776,31.4698,39.491,47.8316,57.2013,-0.5224,-1.2579,-0.9682,-0.2625,1.3826,48.3376,27.2805,35.5802,41.1263,51.7065,0.0,-1.3141,-1.1583,-1.1765,0.5094,31.8244,39.0947,47.8738,55.9671,63.2737,-0.6613,-0.7495,-0.1509,1.0558,2.6596,1,5,1.1352,-6.192,-3.5088,0,,1,10,10.8359,-6.192,1.7544,0,,1,22,10.8359,-13.8287,-12.8999,1,收盘亏5%且最大浮亏8%,0,,top3
2026-04-24,sz001339,sz001339,trend_continuation_callback,趋势中继高质量回踩,rule_strategy,S02-current-candidate-20260427,4,72.35,raw,swing,watch,观察中,0,进入趋势中继观察池；等待严格回踩和真承接确认,趋势延续策略,2026-04-27,79.98,caution,caution,谨慎,观察为主,41.395,5日上涨占比39.5%；10日上涨占比47.8%；10日中位涨跌幅-0.3%,-0.03966205650381971,8.701823062464186,36.7776,31.4698,39.491,47.8316,57.2013,-0.5224,-1.2579,-0.9682,-0.2625,1.3826,48.3376,27.2805,35.5802,41.1263,51.7065,0.0,-1.3141,-1.1583,-1.1765,0.5094,31.8244,39.0947,47.8738,55.9671,63.2737,-0.6613,-0.7495,-0.1509,1.0558,2.6596,1,5,19.7924,-2.4756,17.7794,0,,1,10,31.983,-2.4756,30.9577,0,,1,22,49.9125,-2.4756,30.0325,0,,0,,top5
2026-04-24,sh600770,sh600770,trend_continuation_callback,趋势中继高质量回踩,rule_strategy,S02-current-candidate-20260427,5,71.89,raw,swing,watch,观察中,0,进入趋势中继观察池；等待严格回踩和真承接确认,趋势延续策略,2026-04-27,7.53,caution,caution,谨慎,观察为主,41.395,5日上涨占比39.5%；10日上涨占比47.8%；10日中位涨跌幅-0.3%,-0.03966205650381971,8.701823062464186,36.7776,31.4698,39.491,47.8316,57.2013,-0.5224,-1.2579,-0.9682,-0.2625,1.3826,48.3376,27.2805,35.5802,41.1263,51.7065,0.0,-1.3141,-1.1583,-1.1765,0.5094,31.8244,39.0947,47.8738,55.9671,63.2737,-0.6613,-0.7495,-0.1509,1.0558,2.6596,1,5,11.421,-12.085,11.2882,1,最大浮亏8%,1,10,16.6003,-12.085,5.7105,1,最大浮亏8%,1,22,16.6003,-18.4595,-17.9283,1,收盘亏5%且最大浮亏8%,0,,top5
2026-04-24,sz000925,sz000925,trend_continuation_callback,趋势中继高质量回踩,rule_strategy,S02-current-candidate-20260427,6,71.7,raw,swing,watch,观察中,0,进入趋势中继观察池；等待严格回踩和真承接确认,趋势延续策略,2026-04-27,10.12,caution,caution,谨慎,观察为主,41.395,5日上涨占比39.5%；10日上涨占比47.8%；10日中位涨跌幅-0.3%,-0.03966205650381971,8.701823062464186,36.7776,31.4698,39.491,47.8316,57.2013,-0.5224,-1.2579,-0.9682,-0.2625,1.3826,48.3376,27.2805,35.5802,41.1263,51.7065,0.0,-1.3141,-1.1583,-1.1765,0.5094,31.8244,39.0947,47.8738,55.9671,63.2737,-0.6613,-0.7495,-0.1509,1.0558,2.6596,1,5,6.1265,-9.9802,-1.1858,1,最大浮亏8%,1,10,16.996,-9.9802,16.996,1,最大浮亏8%,1,22,16.996,-23.419,-22.8261,1,收盘亏5%且最大浮亏8%,0,,other
2026-04-27,sz002846,sz002846,probe_d3_confirmed,试盘D3确认池,rule_strategy,probe_confirm_v1,1,89.6533,raw,swing,watch,观察,0,首次试盘后进入D3确认；超大单没有撤,试盘识别-三日确认,2026-04-28,15.75,caution,caution,谨慎,观察为主,42.7723,5日上涨占比39.2%；10日上涨占比50.6%；10日中位涨跌幅0.1%,-0.22838029451694997,7.647679513496564,55.765,38.2658,39.1578,50.5501,53.2557,0.3552,-0.8696,-1.063,0.1372,0.708,69.6246,49.2321,41.503,49.1887,50.8113,1.0318,0.0,-0.6342,0.0,0.2778,43.7586,35.6653,44.1701,55.6927,58.8721,-0.19,-1.0248,-0.8734,0.9935,1.9782,1,5,2.4762,-4.127,0.4444,0,,1,10,2.4762,-10.0952,-9.8413,1,收盘亏5%且最大浮亏8%,1,22,2.4762,-22.2857,-21.9683,1,收盘亏5%且最大浮亏8%,0,,top1
2026-04-27,sz000049,sz000049,probe_d3_confirmed,试盘D3确认池,rule_strategy,probe_confirm_v1,2,85.9099,raw,swing,watch,观察,0,首次试盘后进入D3确认；超大单没有撤,试盘识别-三日确认,2026-04-28,28.46,caution,caution,谨慎,观察为主,42.7723,5日上涨占比39.2%；10日上涨占比50.6%；10日中位涨跌幅0.1%,-0.22838029451694997,7.647679513496564,55.765,38.2658,39.1578,50.5501,53.2557,0.3552,-0.8696,-1.063,0.1372,0.708,69.6246,49.2321,41.503,49.1887,50.8113,1.0318,0.0,-0.6342,0.0,0.2778,43.7586,35.6653,44.1701,55.6927,58.8721,-0.19,-1.0248,-0.8734,0.9935,1.9782,1,5,6.0436,-1.7217,1.4406,0,,1,10,6.0436,-3.4083,-3.4083,0,,1,22,6.0436,-11.279,-10.3303,1,收盘亏5%且最大浮亏8%,0,,top3
2026-04-27,sz002887,sz002887,probe_d3_confirmed,试盘D3确认池,rule_strategy,probe_confirm_v1,3,73.0742,raw,swing,watch,观察,0,首次试盘后进入D3确认；超大单没有撤,试盘识别-三日确认,2026-04-28,12.85,caution,caution,谨慎,观察为主,42.7723,5日上涨占比39.2%；10日上涨占比50.6%；10日中位涨跌幅0.1%,-0.22838029451694997,7.647679513496564,55.765,38.2658,39.1578,50.5501,53.2557,0.3552,-0.8696,-1.063,0.1372,0.708,69.6246,49.2321,41.503,49.1887,50.8113,1.0318,0.0,-0.6342,0.0,0.2778,43.7586,35.6653,44.1701,55.6927,58.8721,-0.19,-1.0248,-0.8734,0.9935,1.9782,1,5,6.8482,-2.7237,2.4903,0,,1,10,14.2412,-2.7237,10.9728,0,,1,22,24.5136,-2.7237,6.3035,0,,0,,top3
2026-04-27,sz000546,sz000546,probe_day0_watch,试盘观察池,rule_strategy,probe_watch_v1,1,80.2783,raw,watch,watch,观察,0,首次试盘；盘中急拉后没有直接发动；回吐明显，像在摸上方抛压；主动推动偏强,试盘识别-当日观察,2026-04-28,7.16,caution,caution,谨慎,观察为主,42.7723,5日上涨占比39.2%；10日上涨占比50.6%；10日中位涨跌幅0.1%,-0.22838029451694997,7.647679513496564,55.765,38.2658,39.1578,50.5501,53.2557,0.3552,-0.8696,-1.063,0.1372,0.708,69.6246,49.2321,41.503,49.1887,50.8113,1.0318,0.0,-0.6342,0.0,0.2778,43.7586,35.6653,44.1701,55.6927,58.8721,-0.19,-1.0248,-0.8734,0.9935,1.9782,1,5,12.1508,-3.6313,5.0279,0,,1,10,15.5028,-3.6313,-1.5363,0,,1,22,15.5028,-22.7654,-21.648,1,收盘亏5%且最大浮亏8%,0,,top1
2026-04-27,sz002488,sz002488,probe_day0_watch,试盘观察池,rule_strategy,probe_watch_v1,2,61.124,raw,watch,watch,观察,0,首次试盘；盘中急拉后没有直接发动；回吐明显，像在摸上方抛压,试盘识别-当日观察,2026-04-28,11.88,caution,caution,谨慎,观察为主,42.7723,5日上涨占比39.2%；10日上涨占比50.6%；10日中位涨跌幅0.1%,-0.22838029451694997,7.647679513496564,55.765,38.2658,39.1578,50.5501,53.2557,0.3552,-0.8696,-1.063,0.1372,0.708,69.6246,49.2321,41.503,49.1887,50.8113,1.0318,0.0,-0.6342,0.0,0.2778,43.7586,35.6653,44.1701,55.6927,58.8721,-0.19,-1.0248,-0.8734,0.9935,1.9782,1,5,9.2593,-0.9259,7.5758,0,,1,10,11.532,-0.9259,2.0202,0,,1,22,11.532,-15.6566,-15.0673,1,收盘亏5%且最大浮亏8%,0,,top3
2026-04-27,sh600773,sh600773,spark_opportunity_selector,星火机会模型 1.0,model,1.0,1,36.154854,raw,22d,candidate_buy,明日可买,1,22日冲高机会分靠前，突破结构强、L2主力净流入强、主动买入强、出货压力不高,星火机会模型,2026-04-28,26.09,caution,caution,谨慎,观察为主,42.7723,5日上涨占比39.2%；10日上涨占比50.6%；10日中位涨跌幅0.1%,-0.22838029451694997,7.647679513496564,55.765,38.2658,39.1578,50.5501,53.2557,0.3552,-0.8696,-1.063,0.1372,0.708,69.6246,49.2321,41.503,49.1887,50.8113,1.0318,0.0,-0.6342,0.0,0.2778,43.7586,35.6653,44.1701,55.6927,58.8721,-0.19,-1.0248,-0.8734,0.9935,1.9782,1,5,10.6938,-1.4948,0.4983,0,,1,10,10.6938,-16.2131,-15.9831,1,收盘亏5%且最大浮亏8%,1,22,10.6938,-36.6807,-34.8409,1,收盘亏5%且最大浮亏8%,1,35-40,top1
2026-04-27,sz002273,sz002273,spark_opportunity_selector,星火机会模型 1.0,model,1.0,2,35.630355,raw,22d,candidate_buy,明日可买,1,22日冲高机会分靠前，资金潜伏特征较强、L2主力净流入强、主动买入强、热点主题前排,星火机会模型,2026-04-28,32.59,caution,caution,谨慎,观察为主,42.7723,5日上涨占比39.2%；10日上涨占比50.6%；10日中位涨跌幅0.1%,-0.22838029451694997,7.647679513496564,55.765,38.2658,39.1578,50.5501,53.2557,0.3552,-0.8696,-1.063,0.1372,0.708,69.6246,49.2321,41.503,49.1887,50.8113,1.0318,0.0,-0.6342,0.0,0.2778,43.7586,35.6653,44.1701,55.6927,58.8721,-0.19,-1.0248,-0.8734,0.9935,1.9782,1,5,9.3894,-4.9095,7.579,0,,1,10,23.6576,-4.9095,19.0856,0,,1,22,35.9313,-4.9095,12.0896,0,,1,35-40,top3
2026-04-27,sz000833,sz000833,spark_opportunity_selector,星火机会模型 1.0,model,1.0,3,35.177319,raw,22d,candidate_buy,明日可买,1,22日冲高机会分靠前，突破结构较好、L2主力净流入强、主动买入强、出货压力不高,星火机会模型,2026-04-28,27.47,caution,caution,谨慎,观察为主,42.7723,5日上涨占比39.2%；10日上涨占比50.6%；10日中位涨跌幅0.1%,-0.22838029451694997,7.647679513496564,55.765,38.2658,39.1578,50.5501,53.2557,0.3552,-0.8696,-1.063,0.1372,0.708,69.6246,49.2321,41.503,49.1887,50.8113,1.0318,0.0,-0.6342,0.0,0.2778,43.7586,35.6653,44.1701,55.6927,58.8721,-0.19,-1.0248,-0.8734,0.9935,1.9782,1,5,15.4714,-1.711,-1.2013,0,,1,10,15.4714,-4.332,0.7281,0,,1,22,15.4714,-16.5271,-13.2872,1,收盘亏5%且最大浮亏8%,1,35-40,top3
2026-04-28,sz002432,sz002432,probe_d3_confirmed,试盘D3确认池,rule_strategy,probe_confirm_v1,1,98.7822,raw,swing,watch,观察,0,重新试盘后进入D3确认；这是第2次试盘；D3 OIB继续为正；盘口承接强于抛压；位置还没顶到极限,试盘识别-三日确认,2026-04-29,76.4,caution,caution,谨慎,观察为主,39.6359,5日上涨占比36.4%；10日上涨占比46.6%；10日中位涨跌幅-0.5%,-1.4903816908701129,5.905843565713864,36.6667,39.9057,36.3836,46.5702,47.2607,-0.679,-0.8503,-1.4141,-0.5292,-0.4203,35.1884,51.4555,39.6404,46.5296,41.3882,-0.6988,0.2487,-1.1173,-0.339,-1.3356,43.8957,38.6831,41.5638,52.9492,57.4966,-0.2954,-0.8683,-0.8152,0.5442,1.5695,1,5,6.3874,-10.1832,-0.3534,1,最大浮亏8%,1,10,10.6021,-10.1832,-2.644,1,最大浮亏8%,1,22,21.7147,-10.1832,1.8194,1,最大浮亏8%,0,,top1
2026-04-28,sz002788,sz002788,probe_d3_confirmed,试盘D3确认池,rule_strategy,probe_confirm_v1,2,73.0286,raw,swing,watch,观察,0,重新试盘后进入D3确认；这是第2次试盘；超大单没有撤；位置还没顶到极限,试盘识别-三日确认,2026-04-29,13.93,caution,caution,谨慎,观察为主,39.6359,5日上涨占比36.4%；10日上涨占比46.6%；10日中位涨跌幅-0.5%,-1.4903816908701129,5.905843565713864,36.6667,39.9057,36.3836,46.5702,47.2607,-0.679,-0.8503,-1.4141,-0.5292,-0.4203,35.1884,51.4555,39.6404,46.5296,41.3882,-0.6988,0.2487,-1.1173,-0.339,-1.3356,43.8957,38.6831,41.5638,52.9492,57.4966,-0.2954,-0.8683,-0.8152,0.5442,1.5695,1,5,2.4408,-2.8715,1.7229,0,,1,10,12.2757,-5.743,-5.1687,1,收盘亏5%,1,22,12.2757,-17.6597,-14.86,1,收盘亏5%且最大浮亏8%,0,,top3
2026-04-28,sz001325,sz001325,probe_day0_watch,试盘观察池,rule_strategy,probe_watch_v1,1,105.04949,raw,watch,watch,观察,0,首次试盘；盘中急拉后没有直接发动；回吐明显，像在摸上方抛压；主动推动偏强,试盘识别-当日观察,2026-04-29,53.6,caution,caution,谨慎,观察为主,39.6359,5日上涨占比36.4%；10日上涨占比46.6%；10日中位涨跌幅-0.5%,-1.4903816908701129,5.905843565713864,36.6667,39.9057,36.3836,46.5702,47.2607,-0.679,-0.8503,-1.4141,-0.5292,-0.4203,35.1884,51.4555,39.6404,46.5296,41.3882,-0.6988,0.2487,-1.1173,-0.339,-1.3356,43.8957,38.6831,41.5638,52.9492,57.4966,-0.2954,-0.8683,-0.8152,0.5442,1.5695,1,5,3.6567,-8.1157,1.3993,1,最大浮亏8%,1,10,3.6567,-10.7649,-9.1791,1,收盘亏5%且最大浮亏8%,1,22,3.6567,-24.9067,-24.403,1,收盘亏5%且最大浮亏8%,0,,top1
2026-04-28,sz000665,sz000665,probe_day0_watch,试盘观察池,rule_strategy,probe_watch_v1,2,91.665,raw,watch,watch,观察,0,重新试盘；第2次试盘；盘中急拉后没有直接发动；回吐明显，像在摸上方抛压,试盘识别-当日观察,2026-04-29,4.66,caution,caution,谨慎,观察为主,39.6359,5日上涨占比36.4%；10日上涨占比46.6%；10日中位涨跌幅-0.5%,-1.4903816908701129,5.905843565713864,36.6667,39.9057,36.3836,46.5702,47.2607,-0.679,-0.8503,-1.4141,-0.5292,-0.4203,35.1884,51.4555,39.6404,46.5296,41.3882,-0.6988,0.2487,-1.1173,-0.339,-1.3356,43.8957,38.6831,41.5638,52.9492,57.4966,-0.2954,-0.8683,-0.8152,0.5442,1.5695,1,5,11.1588,-0.2146,7.0815,0,,1,10,11.1588,-0.2146,1.073,0,,1,22,11.1588,-8.1545,-7.7253,1,收盘亏5%且最大浮亏8%,0,,top3
2026-04-28,sz002457,sz002457,probe_day0_watch,试盘观察池,rule_strategy,probe_watch_v1,3,86.717925,raw,watch,watch,观察,0,首次试盘；盘中急拉后没有直接发动；回吐明显，像在摸上方抛压；主动推动偏强,试盘识别-当日观察,2026-04-29,11.72,caution,caution,谨慎,观察为主,39.6359,5日上涨占比36.4%；10日上涨占比46.6%；10日中位涨跌幅-0.5%,-1.4903816908701129,5.905843565713864,36.6667,39.9057,36.3836,46.5702,47.2607,-0.679,-0.8503,-1.4141,-0.5292,-0.4203,35.1884,51.4555,39.6404,46.5296,41.3882,-0.6988,0.2487,-1.1173,-0.339,-1.3356,43.8957,38.6831,41.5638,52.9492,57.4966,-0.2954,-0.8683,-0.8152,0.5442,1.5695,1,5,5.2901,-2.0478,-1.1092,0,,1,10,5.7167,-2.3038,3.3276,0,,1,22,19.198,-6.314,2.0478,0,,0,,top3
2026-04-28,sz000716,sz000716,probe_day0_watch,试盘观察池,rule_strategy,probe_watch_v1,4,76.75627,raw,watch,watch,观察,0,重新试盘；第2次试盘；盘中急拉后没有直接发动；主动推动偏强,试盘识别-当日观察,2026-04-29,4.72,caution,caution,谨慎,观察为主,39.6359,5日上涨占比36.4%；10日上涨占比46.6%；10日中位涨跌幅-0.5%,-1.4903816908701129,5.905843565713864,36.6667,39.9057,36.3836,46.5702,47.2607,-0.679,-0.8503,-1.4141,-0.5292,-0.4203,35.1884,51.4555,39.6404,46.5296,41.3882,-0.6988,0.2487,-1.1173,-0.339,-1.3356,43.8957,38.6831,41.5638,52.9492,57.4966,-0.2954,-0.8683,-0.8152,0.5442,1.5695,1,5,12.0763,-0.6356,11.8644,0,,1,10,18.6441,-0.6356,10.3814,0,,1,22,31.7797,-0.6356,28.3898,0,,0,,top5
2026-04-28,sz000952,sz000952,probe_day0_watch,试盘观察池,rule_strategy,probe_watch_v1,5,71.840518,raw,watch,watch,观察,0,首次试盘；盘中急拉后没有直接发动；回吐明显，像在摸上方抛压,试盘识别-当日观察,2026-04-29,7.27,caution,caution,谨慎,观察为主,39.6359,5日上涨占比36.4%；10日上涨占比46.6%；10日中位涨跌幅-0.5%,-1.4903816908701129,5.905843565713864,36.6667,39.9057,36.3836,46.5702,47.2607,-0.679,-0.8503,-1.4141,-0.5292,-0.4203,35.1884,51.4555,39.6404,46.5296,41.3882,-0.6988,0.2487,-1.1173,-0.339,-1.3356,43.8957,38.6831,41.5638,52.9492,57.4966,-0.2954,-0.8683,-0.8152,0.5442,1.5695,1,5,5.3645,-1.5131,4.4017,0,,1,10,6.4649,-1.5131,1.238,0,,1,22,6.4649,-9.216,-8.2531,1,收盘亏5%且最大浮亏8%,0,,top5
2026-04-28,sh600773,sh600773,spark_opportunity_selector,星火机会模型 1.0,model,1.0,1,37.121569,raw,22d,candidate_buy,明日可买,1,22日冲高机会分靠前，突破结构强,星火机会模型,2026-04-29,26.53,caution,caution,谨慎,观察为主,39.6359,5日上涨占比36.4%；10日上涨占比46.6%；10日中位涨跌幅-0.5%,-1.4903816908701129,5.905843565713864,36.6667,39.9057,36.3836,46.5702,47.2607,-0.679,-0.8503,-1.4141,-0.5292,-0.4203,35.1884,51.4555,39.6404,46.5296,41.3882,-0.6988,0.2487,-1.1173,-0.339,-1.3356,43.8957,38.6831,41.5638,52.9492,57.4966,-0.2954,-0.8683,-0.8152,0.5442,1.5695,1,5,8.8579,-5.7294,-4.1462,0,,1,10,8.8579,-21.8997,-20.8066,1,收盘亏5%且最大浮亏8%,1,22,8.8579,-39.7663,-39.1632,1,收盘亏5%且最大浮亏8%,1,35-40,top1
2026-04-28,sh600176,sh600176,spark_opportunity_selector,星火机会模型 1.0,model,1.0,2,35.565372,raw,22d,candidate_buy,明日可买,1,22日冲高机会分靠前，突破结构强、L2主力净流入强、主动买入强,星火机会模型,2026-04-29,34.18,caution,caution,谨慎,观察为主,39.6359,5日上涨占比36.4%；10日上涨占比46.6%；10日中位涨跌幅-0.5%,-1.4903816908701129,5.905843565713864,36.6667,39.9057,36.3836,46.5702,47.2607,-0.679,-0.8503,-1.4141,-0.5292,-0.4203,35.1884,51.4555,39.6404,46.5296,41.3882,-0.6988,0.2487,-1.1173,-0.339,-1.3356,43.8957,38.6831,41.5638,52.9492,57.4966,-0.2954,-0.8683,-0.8152,0.5442,1.5695,1,5,13.2241,-4.33,11.1469,0,,1,10,16.6764,-4.33,-0.9362,0,,1,22,28.6717,-4.33,13.8092,0,,1,35-40,top3
2026-04-28,sh600150,sh600150,spark_opportunity_selector,星火机会模型 1.0,model,1.0,3,34.594591,raw,22d,candidate_buy,明日可买,1,22日冲高机会分靠前，突破结构强、资金潜伏特征较强、L2主力净流入强、主动买入强,星火机会模型,2026-04-29,41.0,caution,caution,谨慎,观察为主,39.6359,5日上涨占比36.4%；10日上涨占比46.6%；10日中位涨跌幅-0.5%,-1.4903816908701129,5.905843565713864,36.6667,39.9057,36.3836,46.5702,47.2607,-0.679,-0.8503,-1.4141,-0.5292,-0.4203,35.1884,51.4555,39.6404,46.5296,41.3882,-0.6988,0.2487,-1.1173,-0.339,-1.3356,43.8957,38.6831,41.5638,52.9492,57.4966,-0.2954,-0.8683,-0.8152,0.5442,1.5695,1,5,5.9024,-3.0732,0.2439,0,,1,10,5.9024,-3.0732,-1.0976,0,,1,22,5.9024,-12.6341,-11.0976,1,收盘亏5%且最大浮亏8%,1,<35,top3
2026-04-29,sh603363,sh603363,probe_d3_confirmed,试盘D3确认池,rule_strategy,probe_confirm_v1,1,90.0717,raw,swing,watch,观察,0,首次试盘后进入D3确认；超大单没有撤；位置还没顶到极限,试盘识别-三日确认,2026-04-30,3.4,caution,caution,谨慎,观察为主,48.6613,5日上涨占比45.8%；10日上涨占比53.8%；10日中位涨跌幅0.6%,-1.6291792814203787,9.491194334880838,73.8442,58.803,45.7568,53.7706,59.6513,1.115,0.7975,-0.3408,0.6318,1.9108,74.9347,64.839,54.047,56.1847,56.0105,1.2312,1.5544,0.5376,1.0347,1.1144,71.0562,57.7503,45.679,56.9273,67.7198,0.847,0.7463,-0.3138,1.2761,3.7385,1,5,1.1765,-5.5882,-3.8235,0,,1,10,10.0,-8.2353,3.2353,1,最大浮亏8%,1,22,10.0,-9.4118,-7.9412,1,收盘亏5%且最大浮亏8%,0,,top1
2026-04-29,sz001289,sz001289,probe_d3_confirmed,试盘D3确认池,rule_strategy,probe_confirm_v1,2,56.1782,raw,swing,watch,观察,0,首次试盘后进入D3确认；超大单没有撤；位置还没顶到极限,试盘识别-三日确认,2026-04-30,16.16,caution,caution,谨慎,观察为主,48.6613,5日上涨占比45.8%；10日上涨占比53.8%；10日中位涨跌幅0.6%,-1.6291792814203787,9.491194334880838,73.8442,58.803,45.7568,53.7706,59.6513,1.115,0.7975,-0.3408,0.6318,1.9108,74.9347,64.839,54.047,56.1847,56.0105,1.2312,1.5544,0.5376,1.0347,1.1144,71.0562,57.7503,45.679,56.9273,67.7198,0.847,0.7463,-0.3138,1.2761,3.7385,1,5,11.0767,-0.9901,9.4059,0,,1,10,12.9332,-0.9901,7.797,0,,1,22,20.6683,-0.9901,16.5223,0,,0,,top3
2026-04-29,sz000715,sz000715,probe_day0_watch,试盘观察池,rule_strategy,probe_watch_v1,1,91.704033,raw,watch,watch,观察,0,首次试盘；盘中急拉后没有直接发动；回吐明显，像在摸上方抛压；主动推动偏强,试盘识别-当日观察,2026-04-30,6.18,caution,caution,谨慎,观察为主,48.6613,5日上涨占比45.8%；10日上涨占比53.8%；10日中位涨跌幅0.6%,-1.6291792814203787,9.491194334880838,73.8442,58.803,45.7568,53.7706,59.6513,1.115,0.7975,-0.3408,0.6318,1.9108,74.9347,64.839,54.047,56.1847,56.0105,1.2312,1.5544,0.5376,1.0347,1.1144,71.0562,57.7503,45.679,56.9273,67.7198,0.847,0.7463,-0.3138,1.2761,3.7385,1,5,1.7799,-7.2816,-4.8544,0,,1,10,1.7799,-12.6214,-11.9741,1,收盘亏5%且最大浮亏8%,1,22,1.7799,-18.6084,-16.9903,1,收盘亏5%且最大浮亏8%,0,,top1
2026-04-29,sz002095,sz002095,probe_day0_watch,试盘观察池,rule_strategy,probe_watch_v1,2,90.9983,raw,watch,watch,观察,0,重新试盘；第2次试盘；盘中急拉后没有直接发动；回吐明显，像在摸上方抛压,试盘识别-当日观察,2026-04-30,16.03,caution,caution,谨慎,观察为主,48.6613,5日上涨占比45.8%；10日上涨占比53.8%；10日中位涨跌幅0.6%,-1.6291792814203787,9.491194334880838,73.8442,58.803,45.7568,53.7706,59.6513,1.115,0.7975,-0.3408,0.6318,1.9108,74.9347,64.839,54.047,56.1847,56.0105,1.2312,1.5544,0.5376,1.0347,1.1144,71.0562,57.7503,45.679,56.9273,67.7198,0.847,0.7463,-0.3138,1.2761,3.7385,1,5,5.1154,-0.1871,4.4916,0,,1,10,5.1154,-2.6201,-1.1229,0,,1,22,5.1154,-13.1004,-12.3518,1,收盘亏5%且最大浮亏8%,0,,top3
2026-04-29,sz002100,sz002100,probe_day0_watch,试盘观察池,rule_strategy,probe_watch_v1,3,49.633663,raw,watch,watch,观察,0,首次试盘；盘中急拉后没有直接发动；回吐明显，像在摸上方抛压,试盘识别-当日观察,2026-04-30,7.82,caution,caution,谨慎,观察为主,48.6613,5日上涨占比45.8%；10日上涨占比53.8%；10日中位涨跌幅0.6%,-1.6291792814203787,9.491194334880838,73.8442,58.803,45.7568,53.7706,59.6513,1.115,0.7975,-0.3408,0.6318,1.9108,74.9347,64.839,54.047,56.1847,56.0105,1.2312,1.5544,0.5376,1.0347,1.1144,71.0562,57.7503,45.679,56.9273,67.7198,0.847,0.7463,-0.3138,1.2761,3.7385,1,5,4.6036,-2.9412,3.3248,0,,1,10,4.6036,-9.335,-8.4399,1,收盘亏5%且最大浮亏8%,1,22,4.6036,-20.2046,-19.1816,1,收盘亏5%且最大浮亏8%,0,,top3
2026-04-29,sh600773,sh600773,spark_opportunity_selector,星火机会模型 1.0,model,1.0,1,40.50891,raw,22d,candidate_buy,明日可买,1,22日冲高机会分靠前，突破结构强、L2主力净流入强、主动买入强、热点主题前排,星火机会模型,2026-04-30,27.6,caution,caution,谨慎,观察为主,48.6613,5日上涨占比45.8%；10日上涨占比53.8%；10日中位涨跌幅0.6%,-1.6291792814203787,9.491194334880838,73.8442,58.803,45.7568,53.7706,59.6513,1.115,0.7975,-0.3408,0.6318,1.9108,74.9347,64.839,54.047,56.1847,56.0105,1.2312,1.5544,0.5376,1.0347,1.1144,71.0562,57.7503,45.679,56.9273,67.7198,0.847,0.7463,-0.3138,1.2761,3.7385,1,5,4.6377,-14.1304,-13.7681,1,收盘亏5%且最大浮亏8%,1,10,4.6377,-27.7899,-25.7246,1,收盘亏5%且最大浮亏8%,1,22,4.6377,-43.9855,-43.3333,1,收盘亏5%且最大浮亏8%,1,>=40,top1
2026-04-29,sz002273,sz002273,spark_opportunity_selector,星火机会模型 1.0,model,1.0,2,37.970255,raw,22d,candidate_buy,明日可买,1,22日冲高机会分靠前，突破结构较好、资金潜伏特征较强、L2主力净流入强、主动买入强,星火机会模型,2026-04-30,34.75,caution,caution,谨慎,观察为主,48.6613,5日上涨占比45.8%；10日上涨占比53.8%；10日中位涨跌幅0.6%,-1.6291792814203787,9.491194334880838,73.8442,58.803,45.7568,53.7706,59.6513,1.115,0.7975,-0.3408,0.6318,1.9108,74.9347,64.839,54.047,56.1847,56.0105,1.2312,1.5544,0.5376,1.0347,1.1144,71.0562,57.7503,45.679,56.9273,67.7198,0.847,0.7463,-0.3138,1.2761,3.7385,1,5,11.6547,-6.1295,8.6043,0,,1,10,15.9712,-6.1295,7.3381,0,,1,22,27.482,-6.1295,6.0432,0,,1,35-40,top3
2026-04-29,sh601208,sh601208,spark_opportunity_selector,星火机会模型 1.0,model,1.0,3,37.875302,raw,22d,candidate_buy,明日可买,1,22日冲高机会分靠前，突破结构较好、L2主力净流入强、主动买入强,星火机会模型,2026-04-30,39.0,caution,caution,谨慎,观察为主,48.6613,5日上涨占比45.8%；10日上涨占比53.8%；10日中位涨跌幅0.6%,-1.6291792814203787,9.491194334880838,73.8442,58.803,45.7568,53.7706,59.6513,1.115,0.7975,-0.3408,0.6318,1.9108,74.9347,64.839,54.047,56.1847,56.0105,1.2312,1.5544,0.5376,1.0347,1.1144,71.0562,57.7503,45.679,56.9273,67.7198,0.847,0.7463,-0.3138,1.2761,3.7385,1,5,22.3846,-3.2821,17.9231,0,,1,10,28.1795,-3.2821,16.6667,0,,1,22,44.8462,-3.2821,44.8462,0,,1,35-40,top3
2026-04-30,sz000546,sz000546,probe_d3_confirmed,试盘D3确认池,rule_strategy,probe_confirm_v1,1,91.8383,raw,swing,watch,观察,0,首次试盘后进入D3确认；超大单没有撤,试盘识别-三日确认,2026-05-06,7.8,caution,caution,谨慎,观察为主,53.8471,5日上涨占比51.6%；10日上涨占比48.0%；10日中位涨跌幅-0.2%,0.22966515209930094,7.9570049660925735,46.0272,53.1814,51.6303,48.0051,53.6755,-0.1166,0.3373,0.2475,-0.2034,0.8776,53.4783,57.0435,62.3478,51.5231,51.6971,0.2046,0.7772,1.7696,0.283,0.3367,39.4231,54.1209,48.0769,50.5495,60.5227,-0.4994,0.444,-0.2177,0.194,2.3425,1,5,6.0256,-6.2821,-5.2564,1,收盘亏5%,1,10,6.0256,-21.1538,-20.5128,1,收盘亏5%且最大浮亏8%,1,22,6.0256,-33.5897,-32.9487,1,收盘亏5%且最大浮亏8%,0,,top1
2026-04-30,sz002488,sz002488,probe_d3_confirmed,试盘D3确认池,rule_strategy,probe_confirm_v1,2,78.044,raw,swing,watch,观察,0,首次试盘后进入D3确认；超大单没有撤,试盘识别-三日确认,2026-05-06,12.8,caution,caution,谨慎,观察为主,53.8471,5日上涨占比51.6%；10日上涨占比48.0%；10日中位涨跌幅-0.2%,0.22966515209930094,7.9570049660925735,46.0272,53.1814,51.6303,48.0051,53.6755,-0.1166,0.3373,0.2475,-0.2034,0.8776,53.4783,57.0435,62.3478,51.5231,51.6971,0.2046,0.7772,1.7696,0.283,0.3367,39.4231,54.1209,48.0769,50.5495,60.5227,-0.4994,0.444,-0.2177,0.194,2.3425,1,5,3.5156,-4.2969,-2.6562,0,,1,10,3.5156,-8.2031,-4.9219,1,最大浮亏8%,1,22,3.5156,-23.2031,-17.8125,1,收盘亏5%且最大浮亏8%,0,,top3
2026-04-30,sz001221,sz001221,probe_day0_watch,试盘观察池,rule_strategy,probe_watch_v1,1,79.544214,raw,watch,watch,观察,0,首次试盘；盘中急拉后没有直接发动；回吐明显，像在摸上方抛压；主动推动偏强,试盘识别-当日观察,2026-05-06,57.29,caution,caution,谨慎,观察为主,53.8471,5日上涨占比51.6%；10日上涨占比48.0%；10日中位涨跌幅-0.2%,0.22966515209930094,7.9570049660925735,46.0272,53.1814,51.6303,48.0051,53.6755,-0.1166,0.3373,0.2475,-0.2034,0.8776,53.4783,57.0435,62.3478,51.5231,51.6971,0.2046,0.7772,1.7696,0.283,0.3367,39.4231,54.1209,48.0769,50.5495,60.5227,-0.4994,0.444,-0.2177,0.194,2.3425,1,5,14.3131,-2.4612,5.7951,0,,1,10,14.3131,-2.4612,-0.0524,0,,1,22,14.3131,-21.2428,-20.597,1,收盘亏5%且最大浮亏8%,0,,top1
2026-04-30,sz002631,sz002631,probe_day0_watch,试盘观察池,rule_strategy,probe_watch_v1,2,79.3703,raw,watch,watch,观察,0,首次试盘；盘中急拉后没有直接发动；回吐明显，像在摸上方抛压；主动推动偏强,试盘识别-当日观察,2026-05-06,7.79,caution,caution,谨慎,观察为主,53.8471,5日上涨占比51.6%；10日上涨占比48.0%；10日中位涨跌幅-0.2%,0.22966515209930094,7.9570049660925735,46.0272,53.1814,51.6303,48.0051,53.6755,-0.1166,0.3373,0.2475,-0.2034,0.8776,53.4783,57.0435,62.3478,51.5231,51.6971,0.2046,0.7772,1.7696,0.283,0.3367,39.4231,54.1209,48.0769,50.5495,60.5227,-0.4994,0.444,-0.2177,0.194,2.3425,1,5,18.1001,-0.8986,11.2965,0,,1,10,18.1001,-0.8986,2.1823,0,,1,22,18.1001,-13.6072,-13.0937,1,收盘亏5%且最大浮亏8%,0,,top3
2026-04-30,sz002633,sz002633,probe_day0_watch,试盘观察池,rule_strategy,probe_watch_v1,3,68.566818,raw,watch,watch,观察,0,首次试盘；盘中急拉后没有直接发动；回吐明显，像在摸上方抛压,试盘识别-当日观察,2026-05-06,19.7,caution,caution,谨慎,观察为主,53.8471,5日上涨占比51.6%；10日上涨占比48.0%；10日中位涨跌幅-0.2%,0.22966515209930094,7.9570049660925735,46.0272,53.1814,51.6303,48.0051,53.6755,-0.1166,0.3373,0.2475,-0.2034,0.8776,53.4783,57.0435,62.3478,51.5231,51.6971,0.2046,0.7772,1.7696,0.283,0.3367,39.4231,54.1209,48.0769,50.5495,60.5227,-0.4994,0.444,-0.2177,0.194,2.3425,1,5,6.599,-3.6041,0.7107,0,,1,10,6.599,-3.6041,3.9086,0,,1,22,6.599,-16.1929,-14.9746,1,收盘亏5%且最大浮亏8%,0,,top3
2026-04-30,sz001283,sz001283,probe_day0_watch,试盘观察池,rule_strategy,probe_watch_v1,4,64.151244,raw,watch,watch,观察,0,首次试盘；盘中急拉后没有直接发动；回吐明显，像在摸上方抛压；主动推动偏强,试盘识别-当日观察,2026-05-06,74.97,caution,caution,谨慎,观察为主,53.8471,5日上涨占比51.6%；10日上涨占比48.0%；10日中位涨跌幅-0.2%,0.22966515209930094,7.9570049660925735,46.0272,53.1814,51.6303,48.0051,53.6755,-0.1166,0.3373,0.2475,-0.2034,0.8776,53.4783,57.0435,62.3478,51.5231,51.6971,0.2046,0.7772,1.7696,0.283,0.3367,39.4231,54.1209,48.0769,50.5495,60.5227,-0.4994,0.444,-0.2177,0.194,2.3425,1,5,2.441,-1.9608,0.2668,0,,1,10,2.441,-6.4959,-0.8137,0,,1,22,10.711,-30.759,-26.8241,1,收盘亏5%且最大浮亏8%,0,,top5
2026-04-30,sz002723,sz002723,spark_opportunity_selector,星火机会模型 1.0,model,1.0,1,39.916323,raw,22d,candidate_buy,明日可买,1,22日冲高机会分靠前，突破结构强、资金潜伏特征较强、L2主力净流入强、主动买入强,星火机会模型,2026-05-06,10.98,caution,caution,谨慎,观察为主,53.8471,5日上涨占比51.6%；10日上涨占比48.0%；10日中位涨跌幅-0.2%,0.22966515209930094,7.9570049660925735,46.0272,53.1814,51.6303,48.0051,53.6755,-0.1166,0.3373,0.2475,-0.2034,0.8776,53.4783,57.0435,62.3478,51.5231,51.6971,0.2046,0.7772,1.7696,0.283,0.3367,39.4231,54.1209,48.0769,50.5495,60.5227,-0.4994,0.444,-0.2177,0.194,2.3425,1,5,0.1821,-19.3078,-17.3953,1,收盘亏5%且最大浮亏8%,1,10,0.1821,-19.3078,-14.9362,1,收盘亏5%且最大浮亏8%,1,22,0.1821,-23.0419,-22.0401,1,收盘亏5%且最大浮亏8%,1,35-40,top1
2026-04-30,sh600683,sh600683,spark_opportunity_selector,星火机会模型 1.0,model,1.0,2,35.408472,raw,22d,candidate_buy,明日可买,1,22日冲高机会分靠前，突破结构较好、L2主力净流入强、主动买入强、热点主题前排,星火机会模型,2026-05-06,15.24,caution,caution,谨慎,观察为主,53.8471,5日上涨占比51.6%；10日上涨占比48.0%；10日中位涨跌幅-0.2%,0.22966515209930094,7.9570049660925735,46.0272,53.1814,51.6303,48.0051,53.6755,-0.1166,0.3373,0.2475,-0.2034,0.8776,53.4783,57.0435,62.3478,51.5231,51.6971,0.2046,0.7772,1.7696,0.283,0.3367,39.4231,54.1209,48.0769,50.5495,60.5227,-0.4994,0.444,-0.2177,0.194,2.3425,1,5,36.811,-6.4304,36.811,0,,1,10,43.2415,-6.4304,9.1864,0,,1,22,43.2415,-8.9239,-0.9843,1,最大浮亏8%,1,35-40,top3
2026-04-30,sz002273,sz002273,spark_opportunity_selector,星火机会模型 1.0,model,1.0,3,34.801665,raw,22d,candidate_buy,明日可买,1,22日冲高机会分靠前，资金潜伏特征较强、L2主力净流入强、主动买入强,星火机会模型,2026-05-06,33.37,caution,caution,谨慎,观察为主,53.8471,5日上涨占比51.6%；10日上涨占比48.0%；10日中位涨跌幅-0.2%,0.22966515209930094,7.9570049660925735,46.0272,53.1814,51.6303,48.0051,53.6755,-0.1166,0.3373,0.2475,-0.2034,0.8776,53.4783,57.0435,62.3478,51.5231,51.6971,0.2046,0.7772,1.7696,0.283,0.3367,39.4231,54.1209,48.0769,50.5495,60.5227,-0.4994,0.444,-0.2177,0.194,2.3425,1,5,19.2688,-2.2475,13.8448,0,,1,10,20.7672,-2.2475,15.493,0,,1,22,32.754,-2.2475,11.4174,0,,1,<35,top3
2026-05-06,sz001325,sz001325,probe_d3_confirmed,试盘D3确认池,rule_strategy,probe_confirm_v1,1,113.1236,raw,swing,watch,观察,0,首次试盘后进入D3确认；D3 OIB继续为正；盘口承接强于抛压；位置还没顶到极限,试盘识别-三日确认,2026-05-07,52.43,attack,attack,攻击,可参与,63.6809,5日全市场上涨占比64.0%；5日全市场中位涨跌幅1.7%；5日小盘上涨占比66.5%,3.25638128600223,12.4765433263468,67.2956,70.283,63.9623,55.3633,62.5433,0.799,1.9758,1.6793,0.9295,3.0137,57.0694,67.952,66.4953,55.1458,59.1767,0.2941,1.836,2.0933,1.1816,1.8269,71.8793,71.0562,64.3347,61.454,69.0934,1.236,2.131,1.7483,1.9087,4.8829,1,5,5.741,-2.346,-2.2506,0,,1,10,5.741,-13.9424,-12.8362,1,收盘亏5%且最大浮亏8%,1,22,5.741,-24.9475,-22.964,1,收盘亏5%且最大浮亏8%,0,,top1
2026-05-06,sz000716,sz000716,probe_d3_confirmed,试盘D3确认池,rule_strategy,probe_confirm_v1,2,84.459,raw,swing,watch,观察,0,重新试盘后进入D3确认；这是第2次试盘；D3 OIB继续为正；盘口承接强于抛压；位置还没顶到极限,试盘识别-三日确认,2026-05-07,5.18,attack,attack,攻击,可参与,63.6809,5日全市场上涨占比64.0%；5日全市场中位涨跌幅1.7%；5日小盘上涨占比66.5%,3.25638128600223,12.4765433263468,67.2956,70.283,63.9623,55.3633,62.5433,0.799,1.9758,1.6793,0.9295,3.0137,57.0694,67.952,66.4953,55.1458,59.1767,0.2941,1.836,2.0933,1.1816,1.8269,71.8793,71.0562,64.3347,61.454,69.0934,1.236,2.131,1.7483,1.9087,4.8829,1,5,5.7915,-1.5444,2.3166,0,,1,10,8.1081,-5.0193,5.5985,0,,1,22,20.0772,-5.0193,2.8958,0,,0,,top3
2026-05-06,sz002313,sz002313,probe_day0_watch,试盘观察池,rule_strategy,probe_watch_v1,1,79.173357,raw,watch,watch,观察,0,重新试盘；第2次试盘；盘中急拉后没有直接发动；回吐明显，像在摸上方抛压,试盘识别-当日观察,2026-05-07,10.0,attack,attack,攻击,可参与,63.6809,5日全市场上涨占比64.0%；5日全市场中位涨跌幅1.7%；5日小盘上涨占比66.5%,3.25638128600223,12.4765433263468,67.2956,70.283,63.9623,55.3633,62.5433,0.799,1.9758,1.6793,0.9295,3.0137,57.0694,67.952,66.4953,55.1458,59.1767,0.2941,1.836,2.0933,1.1816,1.8269,71.8793,71.0562,64.3347,61.454,69.0934,1.236,2.131,1.7483,1.9087,4.8829,1,5,3.4,-1.4,1.7,0,,1,10,5.0,-1.9,0.4,0,,1,22,5.0,-13.2,-9.4,1,收盘亏5%且最大浮亏8%,0,,top1
2026-05-06,sh605389,sh605389,spark_opportunity_selector,星火机会模型 1.0,model,1.0,1,37.350237,raw,22d,watch,观察,0,22日冲高机会分靠前，突破结构强、资金潜伏特征较强、L2主力净流入强、主动买入强,星火机会模型,2026-05-07,119.48,attack,attack,攻击,可参与,63.6809,5日全市场上涨占比64.0%；5日全市场中位涨跌幅1.7%；5日小盘上涨占比66.5%,3.25638128600223,12.4765433263468,67.2956,70.283,63.9623,55.3633,62.5433,0.799,1.9758,1.6793,0.9295,3.0137,57.0694,67.952,66.4953,55.1458,59.1767,0.2941,1.836,2.0933,1.1816,1.8269,71.8793,71.0562,64.3347,61.454,69.0934,1.236,2.131,1.7483,1.9087,4.8829,1,5,10.9642,-11.2906,-2.9628,1,最大浮亏8%,1,10,10.9642,-11.2906,-0.0084,1,最大浮亏8%,1,22,10.9642,-33.0432,-28.6073,1,收盘亏5%且最大浮亏8%,0,35-40,top1
2026-05-06,sh600683,sh600683,spark_opportunity_selector,星火机会模型 1.0,model,1.0,2,34.954835,raw,22d,candidate_buy,明日可买,1,22日冲高机会分靠前，突破结构较好、L2主力净流入强、主动买入强、出货压力不高,星火机会模型,2026-05-07,15.28,attack,attack,攻击,可参与,63.6809,5日全市场上涨占比64.0%；5日全市场中位涨跌幅1.7%；5日小盘上涨占比66.5%,3.25638128600223,12.4765433263468,67.2956,70.283,63.9623,55.3633,62.5433,0.799,1.9758,1.6793,0.9295,3.0137,57.0694,67.952,66.4953,55.1458,59.1767,0.2941,1.836,2.0933,1.1816,1.8269,71.8793,71.0562,64.3347,61.454,69.0934,1.236,2.131,1.7483,1.9087,4.8829,1,5,42.8665,-3.7304,26.0471,0,,1,10,42.8665,-3.7304,4.8429,0,,1,22,42.8665,-9.1623,1.3089,1,最大浮亏8%,1,<35,top3
2026-05-06,sh603959,sh603959,spark_opportunity_selector,星火机会模型 1.0,model,1.0,3,33.562537,raw,22d,candidate_buy,明日可买,1,22日冲高机会分靠前，资金潜伏特征较强、L2主力净流入强、主动买入强、出货压力不高,星火机会模型,2026-05-07,4.65,attack,attack,攻击,可参与,63.6809,5日全市场上涨占比64.0%；5日全市场中位涨跌幅1.7%；5日小盘上涨占比66.5%,3.25638128600223,12.4765433263468,67.2956,70.283,63.9623,55.3633,62.5433,0.799,1.9758,1.6793,0.9295,3.0137,57.0694,67.952,66.4953,55.1458,59.1767,0.2941,1.836,2.0933,1.1816,1.8269,71.8793,71.0562,64.3347,61.454,69.0934,1.236,2.131,1.7483,1.9087,4.8829,1,5,15.0538,-0.8602,11.1828,0,,1,10,15.0538,-6.4516,-3.4409,0,,1,22,15.0538,-15.6989,-13.1183,1,收盘亏5%且最大浮亏8%,1,<35,top3
2026-05-07,sz000715,sz000715,probe_d3_confirmed,试盘D3确认池,rule_strategy,probe_confirm_v1,1,103.1254,raw,swing,watch,观察,0,首次试盘后进入D3确认；超大单没有撤；位置还没顶到极限,试盘识别-三日确认,2026-05-08,5.82,attack,attack,攻击,可参与,63.0864,5日全市场上涨占比64.3%；5日全市场中位涨跌幅1.8%；5日小盘上涨占比60.3%,4.506487999252351,15.629197723498622,54.0396,62.3703,64.3194,54.6226,74.2291,0.242,1.2953,1.8018,0.7744,6.0025,46.7009,58.0977,60.3256,54.0309,73.8422,0.0,0.7557,1.3839,0.7096,5.271,55.6164,63.6986,69.1781,61.6438,75.8573,0.2763,1.464,2.4119,1.7975,7.1512,1,5,1.2027,-5.1546,-1.7182,0,,1,10,1.2027,-10.6529,-10.1375,1,收盘亏5%且最大浮亏8%,1,22,1.2027,-14.9485,-13.9175,1,收盘亏5%且最大浮亏8%,0,,top1
2026-05-07,sz002095,sz002095,probe_d3_confirmed,试盘D3确认池,rule_strategy,probe_confirm_v1,2,100.5583,raw,swing,watch,观察,0,重新试盘后进入D3确认；这是第2次试盘；超大单没有撤；位置还没顶到极限,试盘识别-三日确认,2026-05-08,16.65,attack,attack,攻击,可参与,63.0864,5日全市场上涨占比64.3%；5日全市场中位涨跌幅1.8%；5日小盘上涨占比60.3%,4.506487999252351,15.629197723498622,54.0396,62.3703,64.3194,54.6226,74.2291,0.242,1.2953,1.8018,0.7744,6.0025,46.7009,58.0977,60.3256,54.0309,73.8422,0.0,0.7557,1.3839,0.7096,5.271,55.6164,63.6986,69.1781,61.6438,75.8573,0.2763,1.464,2.4119,1.7975,7.1512,1,5,0.9009,-5.2252,-5.045,1,收盘亏5%,1,10,0.9009,-10.3303,-9.3093,1,收盘亏5%且最大浮亏8%,1,22,0.9009,-19.6997,-18.0781,1,收盘亏5%且最大浮亏8%,0,,top3
2026-05-07,sz002100,sz002100,probe_d3_confirmed,试盘D3确认池,rule_strategy,probe_confirm_v1,3,54.7597,raw,swing,watch,观察,0,首次试盘后进入D3确认；D3 OIB继续为正；盘口承接强于抛压；位置还没顶到极限,试盘识别-三日确认,2026-05-08,8.01,attack,attack,攻击,可参与,63.0864,5日全市场上涨占比64.3%；5日全市场中位涨跌幅1.8%；5日小盘上涨占比60.3%,4.506487999252351,15.629197723498622,54.0396,62.3703,64.3194,54.6226,74.2291,0.242,1.2953,1.8018,0.7744,6.0025,46.7009,58.0977,60.3256,54.0309,73.8422,0.0,0.7557,1.3839,0.7096,5.271,55.6164,63.6986,69.1781,61.6438,75.8573,0.2763,1.464,2.4119,1.7975,7.1512,1,5,2.1223,-9.1136,-4.7441,1,最大浮亏8%,1,10,2.1223,-11.4856,-10.6117,1,收盘亏5%且最大浮亏8%,1,22,2.1223,-22.0974,-21.3483,1,收盘亏5%且最大浮亏8%,0,,top3
2026-05-07,sz002577,sz002577,probe_day0_watch,试盘观察池,rule_strategy,probe_watch_v1,1,96.0072,raw,watch,watch,观察,0,首次试盘；盘中急拉后没有直接发动；回吐明显，像在摸上方抛压；主动推动偏强,试盘识别-当日观察,2026-05-08,17.55,attack,attack,攻击,可参与,63.0864,5日全市场上涨占比64.3%；5日全市场中位涨跌幅1.8%；5日小盘上涨占比60.3%,4.506487999252351,15.629197723498622,54.0396,62.3703,64.3194,54.6226,74.2291,0.242,1.2953,1.8018,0.7744,6.0025,46.7009,58.0977,60.3256,54.0309,73.8422,0.0,0.7557,1.3839,0.7096,5.271,55.6164,63.6986,69.1781,61.6438,75.8573,0.2763,1.464,2.4119,1.7975,7.1512,1,5,7.9202,-1.2536,6.8376,0,,1,10,11.1111,-1.2536,7.4074,0,,1,22,11.1111,-1.8803,0.8547,0,,0,,top1
2026-05-07,sz002453,sz002453,probe_day0_watch,试盘观察池,rule_strategy,probe_watch_v1,2,88.166549,raw,watch,watch,重点观察,0,首次试盘；盘中急拉后没有直接发动；回吐明显，像在摸上方抛压；主动推动偏强,试盘识别-当日观察,2026-05-08,6.05,attack,attack,攻击,可参与,63.0864,5日全市场上涨占比64.3%；5日全市场中位涨跌幅1.8%；5日小盘上涨占比60.3%,4.506487999252351,15.629197723498622,54.0396,62.3703,64.3194,54.6226,74.2291,0.242,1.2953,1.8018,0.7744,6.0025,46.7009,58.0977,60.3256,54.0309,73.8422,0.0,0.7557,1.3839,0.7096,5.271,55.6164,63.6986,69.1781,61.6438,75.8573,0.2763,1.464,2.4119,1.7975,7.1512,1,5,10.4132,-0.6612,5.4545,0,,1,10,10.4132,-6.4463,-5.9504,1,收盘亏5%,1,22,10.4132,-14.3802,-12.8926,1,收盘亏5%且最大浮亏8%,0,,top3
2026-05-07,sz002866,sz002866,probe_day0_watch,试盘观察池,rule_strategy,probe_watch_v1,3,87.468736,raw,watch,watch,重点观察,0,重新试盘；第3次试盘；盘中急拉后没有直接发动；回吐明显，像在摸上方抛压,试盘识别-当日观察,2026-05-08,27.79,attack,attack,攻击,可参与,63.0864,5日全市场上涨占比64.3%；5日全市场中位涨跌幅1.8%；5日小盘上涨占比60.3%,4.506487999252351,15.629197723498622,54.0396,62.3703,64.3194,54.6226,74.2291,0.242,1.2953,1.8018,0.7744,6.0025,46.7009,58.0977,60.3256,54.0309,73.8422,0.0,0.7557,1.3839,0.7096,5.271,55.6164,63.6986,69.1781,61.6438,75.8573,0.2763,1.464,2.4119,1.7975,7.1512,1,5,7.9525,-16.8766,-16.5887,1,收盘亏5%且最大浮亏8%,1,10,7.9525,-23.4617,-23.4257,1,收盘亏5%且最大浮亏8%,1,22,7.9525,-36.272,-34.9406,1,收盘亏5%且最大浮亏8%,0,,top3
2026-05-07,sz000670,sz000670,probe_day0_watch,试盘观察池,rule_strategy,probe_watch_v1,4,81.0195,raw,watch,watch,重点观察,0,重新试盘；第2次试盘；盘中急拉后没有直接发动；回吐明显，像在摸上方抛压,试盘识别-当日观察,2026-05-08,8.03,attack,attack,攻击,可参与,63.0864,5日全市场上涨占比64.3%；5日全市场中位涨跌幅1.8%；5日小盘上涨占比60.3%,4.506487999252351,15.629197723498622,54.0396,62.3703,64.3194,54.6226,74.2291,0.242,1.2953,1.8018,0.7744,6.0025,46.7009,58.0977,60.3256,54.0309,73.8422,0.0,0.7557,1.3839,0.7096,5.271,55.6164,63.6986,69.1781,61.6438,75.8573,0.2763,1.464,2.4119,1.7975,7.1512,1,5,7.0984,-2.3661,2.9888,0,,1,10,9.8381,-2.3661,0.7472,0,,1,22,26.7746,-2.3661,13.6986,0,,0,,top5
2026-05-07,sz002141,sz002141,probe_day0_watch,试盘观察池,rule_strategy,probe_watch_v1,5,80.726177,raw,watch,watch,重点观察,0,首次试盘；盘中急拉后没有直接发动；回吐明显，像在摸上方抛压；主动推动偏强,试盘识别-当日观察,2026-05-08,3.75,attack,attack,攻击,可参与,63.0864,5日全市场上涨占比64.3%；5日全市场中位涨跌幅1.8%；5日小盘上涨占比60.3%,4.506487999252351,15.629197723498622,54.0396,62.3703,64.3194,54.6226,74.2291,0.242,1.2953,1.8018,0.7744,6.0025,46.7009,58.0977,60.3256,54.0309,73.8422,0.0,0.7557,1.3839,0.7096,5.271,55.6164,63.6986,69.1781,61.6438,75.8573,0.2763,1.464,2.4119,1.7975,7.1512,1,5,2.9333,-4.0,-4.0,0,,1,10,2.9333,-7.2,-6.4,1,收盘亏5%,1,22,2.9333,-20.5333,-19.2,1,收盘亏5%且最大浮亏8%,0,,top5
2026-05-07,sz002765,sz002765,probe_day0_watch,试盘观察池,rule_strategy,probe_watch_v1,6,77.9752,raw,watch,watch,观察,0,首次试盘；盘中急拉后没有直接发动；回吐明显，像在摸上方抛压；主动推动偏强,试盘识别-当日观察,2026-05-08,9.89,attack,attack,攻击,可参与,63.0864,5日全市场上涨占比64.3%；5日全市场中位涨跌幅1.8%；5日小盘上涨占比60.3%,4.506487999252351,15.629197723498622,54.0396,62.3703,64.3194,54.6226,74.2291,0.242,1.2953,1.8018,0.7744,6.0025,46.7009,58.0977,60.3256,54.0309,73.8422,0.0,0.7557,1.3839,0.7096,5.271,55.6164,63.6986,69.1781,61.6438,75.8573,0.2763,1.464,2.4119,1.7975,7.1512,1,5,3.3367,-3.9434,-3.9434,0,,1,10,3.3367,-7.4823,-6.9767,1,收盘亏5%,1,22,3.3367,-20.5258,-18.4024,1,收盘亏5%且最大浮亏8%,0,,other
2026-05-07,sz002640,sz002640,probe_day0_watch,试盘观察池,rule_strategy,probe_watch_v1,7,73.064138,raw,watch,watch,观察,0,首次试盘；盘中急拉后没有直接发动；回吐明显，像在摸上方抛压；主动推动偏强,试盘识别-当日观察,2026-05-08,4.04,attack,attack,攻击,可参与,63.0864,5日全市场上涨占比64.3%；5日全市场中位涨跌幅1.8%；5日小盘上涨占比60.3%,4.506487999252351,15.629197723498622,54.0396,62.3703,64.3194,54.6226,74.2291,0.242,1.2953,1.8018,0.7744,6.0025,46.7009,58.0977,60.3256,54.0309,73.8422,0.0,0.7557,1.3839,0.7096,5.271,55.6164,63.6986,69.1781,61.6438,75.8573,0.2763,1.464,2.4119,1.7975,7.1512,1,5,15.3465,0.0,11.6337,0,,1,10,15.3465,-5.6931,-5.198,1,收盘亏5%,1,22,15.3465,-13.8614,-12.6238,1,收盘亏5%且最大浮亏8%,0,,other
2026-05-07,sz002273,sz002273,spark_opportunity_selector,星火机会模型 1.0,model,1.0,1,36.330323,raw,22d,candidate_buy,明日可买,1,22日冲高机会分靠前，突破结构强、资金潜伏特征较强、L2主力净流入强、主动买入强,星火机会模型,2026-05-08,34.45,attack,attack,攻击,可参与,63.0864,5日全市场上涨占比64.3%；5日全市场中位涨跌幅1.8%；5日小盘上涨占比60.3%,4.506487999252351,15.629197723498622,54.0396,62.3703,64.3194,54.6226,74.2291,0.242,1.2953,1.8018,0.7744,6.0025,46.7009,58.0977,60.3256,54.0309,73.8422,0.0,0.7557,1.3839,0.7096,5.271,55.6164,63.6986,69.1781,61.6438,75.8573,0.2763,1.464,2.4119,1.7975,7.1512,1,5,16.9811,-1.6546,12.656,0,,1,10,21.7126,-1.6546,6.4441,0,,1,22,28.5922,-1.6546,-0.6386,0,,1,35-40,top1
2026-05-07,sh605358,sh605358,spark_opportunity_selector,星火机会模型 1.0,model,1.0,2,35.358999,raw,22d,candidate_buy,明日可买,1,22日冲高机会分靠前，突破结构强、资金潜伏特征较强、L2主力净流入强、主动买入强,星火机会模型,2026-05-08,45.48,attack,attack,攻击,可参与,63.0864,5日全市场上涨占比64.3%；5日全市场中位涨跌幅1.8%；5日小盘上涨占比60.3%,4.506487999252351,15.629197723498622,54.0396,62.3703,64.3194,54.6226,74.2291,0.242,1.2953,1.8018,0.7744,6.0025,46.7009,58.0977,60.3256,54.0309,73.8422,0.0,0.7557,1.3839,0.7096,5.271,55.6164,63.6986,69.1781,61.6438,75.8573,0.2763,1.464,2.4119,1.7975,7.1512,1,5,20.1847,-0.2858,13.3465,0,,1,10,27.0229,-0.2858,12.7089,0,,1,22,52.0229,-0.2858,42.2603,0,,1,35-40,top3
2026-05-07,sh603897,sh603897,spark_opportunity_selector,星火机会模型 1.0,model,1.0,3,34.866205,raw,22d,candidate_buy,明日可买,1,22日冲高机会分靠前，突破结构强、L2主力净流入强、主动买入强,星火机会模型,2026-05-08,56.96,attack,attack,攻击,可参与,63.0864,5日全市场上涨占比64.3%；5日全市场中位涨跌幅1.8%；5日小盘上涨占比60.3%,4.506487999252351,15.629197723498622,54.0396,62.3703,64.3194,54.6226,74.2291,0.242,1.2953,1.8018,0.7744,6.0025,46.7009,58.0977,60.3256,54.0309,73.8422,0.0,0.7557,1.3839,0.7096,5.271,55.6164,63.6986,69.1781,61.6438,75.8573,0.2763,1.464,2.4119,1.7975,7.1512,1,5,4.9508,-7.6896,-7.6018,1,收盘亏5%,1,10,6.3904,-9.0063,-2.3876,1,最大浮亏8%,1,22,6.3904,-28.3708,-24.2451,1,收盘亏5%且最大浮亏8%,1,<35,top3
2026-05-08,sz002631,sz002631,probe_d3_confirmed,试盘D3确认池,rule_strategy,probe_confirm_v1,1,108.9703,raw,swing,candidate_buy,明日可买,1,首次试盘后进入D3确认；D3 OIB继续为正；超大单没有撤；盘口承接强于抛压；位置还没顶到极限,试盘识别-三日确认,2026-05-11,8.45,attack,attack,攻击,可参与,73.7677,5日全市场上涨占比73.9%；5日全市场中位涨跌幅3.2%；5日小盘上涨占比75.2%,6.253531872270557,14.924160170778489,65.0,69.7484,73.9308,60.9119,73.6544,0.6536,1.9374,3.2397,1.7225,5.4846,78.1974,68.0687,75.1931,63.0901,71.8213,1.0327,1.4071,3.1532,2.2869,4.5812,46.1644,65.2055,68.0822,61.7808,76.406,-0.0865,1.7581,2.6962,1.5673,6.478,1,5,8.8757,-5.0888,-4.0237,0,,1,10,8.8757,-10.7692,-9.8225,1,收盘亏5%且最大浮亏8%,1,22,8.8757,-20.355,-3.6686,1,最大浮亏8%,1,,top1
2026-05-08,sz001221,sz001221,probe_d3_confirmed,试盘D3确认池,rule_strategy,probe_confirm_v1,2,87.6726,raw,swing,watch,观察,0,首次试盘后进入D3确认；D3 OIB继续为正；盘口承接强于抛压；位置还没顶到极限,试盘识别-三日确认,2026-05-11,58.0,attack,attack,攻击,可参与,73.7677,5日全市场上涨占比73.9%；5日全市场中位涨跌幅3.2%；5日小盘上涨占比75.2%,6.253531872270557,14.924160170778489,65.0,69.7484,73.9308,60.9119,73.6544,0.6536,1.9374,3.2397,1.7225,5.4846,78.1974,68.0687,75.1931,63.0901,71.8213,1.0327,1.4071,3.1532,2.2869,4.5812,46.1644,65.2055,68.0822,61.7808,76.406,-0.0865,1.7581,2.6962,1.5673,6.478,1,5,12.9138,-0.4138,1.1724,0,,1,10,12.9138,-6.1207,-5.4828,1,收盘亏5%,1,22,12.9138,-27.1552,-25.9483,1,收盘亏5%且最大浮亏8%,0,,top3
2026-05-08,sh600719,sh600719,probe_day0_watch,试盘观察池,rule_strategy,probe_watch_v1,1,93.257301,raw,watch,watch,观察,0,首次试盘；盘中急拉后没有直接发动；回吐明显，像在摸上方抛压,试盘识别-当日观察,2026-05-11,9.06,attack,attack,攻击,可参与,73.7677,5日全市场上涨占比73.9%；5日全市场中位涨跌幅3.2%；5日小盘上涨占比75.2%,6.253531872270557,14.924160170778489,65.0,69.7484,73.9308,60.9119,73.6544,0.6536,1.9374,3.2397,1.7225,5.4846,78.1974,68.0687,75.1931,63.0901,71.8213,1.0327,1.4071,3.1532,2.2869,4.5812,46.1644,65.2055,68.0822,61.7808,76.406,-0.0865,1.7581,2.6962,1.5673,6.478,1,5,28.9183,-2.8698,1.4349,0,,1,10,28.9183,-11.2583,-2.0971,1,最大浮亏8%,1,22,28.9183,-11.2583,-0.1104,1,最大浮亏8%,0,,top1
2026-05-08,sz002497,sz002497,probe_day0_watch,试盘观察池,rule_strategy,probe_watch_v1,2,54.414695,raw,watch,watch,观察,0,首次试盘；盘中急拉后没有直接发动；回吐明显，像在摸上方抛压,试盘识别-当日观察,2026-05-11,30.72,attack,attack,攻击,可参与,73.7677,5日全市场上涨占比73.9%；5日全市场中位涨跌幅3.2%；5日小盘上涨占比75.2%,6.253531872270557,14.924160170778489,65.0,69.7484,73.9308,60.9119,73.6544,0.6536,1.9374,3.2397,1.7225,5.4846,78.1974,68.0687,75.1931,63.0901,71.8213,1.0327,1.4071,3.1532,2.2869,4.5812,46.1644,65.2055,68.0822,61.7808,76.406,-0.0865,1.7581,2.6962,1.5673,6.478,1,5,2.0182,-16.9922,-15.8203,1,收盘亏5%且最大浮亏8%,1,10,2.0182,-23.0794,-21.1914,1,收盘亏5%且最大浮亏8%,1,22,2.0182,-34.6029,-29.0365,1,收盘亏5%且最大浮亏8%,0,,top3
2026-05-08,sz002273,sz002273,spark_opportunity_selector,星火机会模型 1.0,model,1.0,1,36.536443,raw,22d,candidate_buy,明日可买,1,22日冲高机会分靠前，突破结构强、资金潜伏特征较强、L2主力净流入强、主动买入强,星火机会模型,2026-05-11,37.99,attack,attack,攻击,可参与,73.7677,5日全市场上涨占比73.9%；5日全市场中位涨跌幅3.2%；5日小盘上涨占比75.2%,6.253531872270557,14.924160170778489,65.0,69.7484,73.9308,60.9119,73.6544,0.6536,1.9374,3.2397,1.7225,5.4846,78.1974,68.0687,75.1931,63.0901,71.8213,1.0327,1.4071,3.1532,2.2869,4.5812,46.1644,65.2055,68.0822,61.7808,76.406,-0.0865,1.7581,2.6962,1.5673,6.478,1,5,6.0805,-2.9745,0.0263,0,,1,10,10.3712,-6.0279,6.1858,0,,1,22,16.6096,-10.5028,-5.87,1,收盘亏5%且最大浮亏8%,1,35-40,top1
2026-05-08,sh601698,sh601698,spark_opportunity_selector,星火机会模型 1.0,model,1.0,2,35.644558,raw,22d,candidate_buy,明日可买,1,22日冲高机会分靠前，突破结构强、资金潜伏特征较强、L2主力净流入强、主动买入强,星火机会模型,2026-05-11,40.1,attack,attack,攻击,可参与,73.7677,5日全市场上涨占比73.9%；5日全市场中位涨跌幅3.2%；5日小盘上涨占比75.2%,6.253531872270557,14.924160170778489,65.0,69.7484,73.9308,60.9119,73.6544,0.6536,1.9374,3.2397,1.7225,5.4846,78.1974,68.0687,75.1931,63.0901,71.8213,1.0327,1.4071,3.1532,2.2869,4.5812,46.1644,65.2055,68.0822,61.7808,76.406,-0.0865,1.7581,2.6962,1.5673,6.478,1,5,2.2444,-13.9401,-12.4938,1,收盘亏5%且最大浮亏8%,1,10,2.2444,-18.2045,-16.808,1,收盘亏5%且最大浮亏8%,1,22,2.2444,-29.601,-20.4239,1,收盘亏5%且最大浮亏8%,1,35-40,top3
2026-05-08,sh600879,sh600879,spark_opportunity_selector,星火机会模型 1.0,model,1.0,3,35.187174,raw,22d,candidate_buy,明日可买,1,22日冲高机会分靠前，突破结构强、资金潜伏特征较强、L2主力净流入强、主动买入强,星火机会模型,2026-05-11,27.13,attack,attack,攻击,可参与,73.7677,5日全市场上涨占比73.9%；5日全市场中位涨跌幅3.2%；5日小盘上涨占比75.2%,6.253531872270557,14.924160170778489,65.0,69.7484,73.9308,60.9119,73.6544,0.6536,1.9374,3.2397,1.7225,5.4846,78.1974,68.0687,75.1931,63.0901,71.8213,1.0327,1.4071,3.1532,2.2869,4.5812,46.1644,65.2055,68.0822,61.7808,76.406,-0.0865,1.7581,2.6962,1.5673,6.478,1,5,0.8109,-15.0756,-14.7438,1,收盘亏5%且最大浮亏8%,1,10,0.8109,-19.167,-17.4346,1,收盘亏5%且最大浮亏8%,1,22,0.8109,-33.2842,-19.0195,1,收盘亏5%且最大浮亏8%,1,35-40,top3
2026-05-11,sz000026,sz000026,probe_day0_watch,试盘观察池,rule_strategy,probe_watch_v1,1,87.801019,raw,watch,watch,观察,0,首次试盘；盘中急拉后没有直接发动；回吐明显，像在摸上方抛压；主动推动偏强,试盘识别-当日观察,2026-05-12,20.2,attack,attack,攻击,可参与,69.0518,5日全市场上涨占比68.2%；5日全市场中位涨跌幅2.3%；5日小盘上涨占比68.7%,6.277238565476395,11.45094671182234,52.5786,66.195,68.1761,61.9811,61.3593,0.1644,1.234,2.2688,2.0037,2.7383,46.5695,65.952,68.6964,64.837,58.1116,0.0,1.0725,1.964,2.673,1.7301,62.7397,62.8767,64.5205,63.4247,66.0274,0.5304,1.037,2.2295,1.971,4.2663,1,5,4.3564,-2.6733,0.0,0,,1,10,37.5743,-2.6733,33.8614,0,,1,22,37.5743,-2.6733,5.2475,0,,0,,top1
2026-05-11,sz000539,sz000539,probe_day0_watch,试盘观察池,rule_strategy,probe_watch_v1,2,64.269537,raw,watch,watch,重点观察,0,首次试盘；盘中急拉后没有直接发动；回吐明显，像在摸上方抛压；主动推动偏强,试盘识别-当日观察,2026-05-12,7.3,attack,attack,攻击,可参与,69.0518,5日全市场上涨占比68.2%；5日全市场中位涨跌幅2.3%；5日小盘上涨占比68.7%,6.277238565476395,11.45094671182234,52.5786,66.195,68.1761,61.9811,61.3593,0.1644,1.234,2.2688,2.0037,2.7383,46.5695,65.952,68.6964,64.837,58.1116,0.0,1.0725,1.964,2.673,1.7301,62.7397,62.8767,64.5205,63.4247,66.0274,0.5304,1.037,2.2295,1.971,4.2663,1,5,13.0137,-8.2192,-4.3836,1,最大浮亏8%,1,10,13.0137,-14.7945,-7.3973,1,收盘亏5%且最大浮亏8%,1,22,34.5205,-14.7945,3.1507,1,最大浮亏8%,0,,top3
2026-05-11,sz001360,sz001360,probe_day0_watch,试盘观察池,rule_strategy,probe_watch_v1,3,61.420409,raw,watch,watch,观察,0,首次试盘；盘中急拉后没有直接发动；回吐明显，像在摸上方抛压；主动推动偏强,试盘识别-当日观察,2026-05-12,22.11,attack,attack,攻击,可参与,69.0518,5日全市场上涨占比68.2%；5日全市场中位涨跌幅2.3%；5日小盘上涨占比68.7%,6.277238565476395,11.45094671182234,52.5786,66.195,68.1761,61.9811,61.3593,0.1644,1.234,2.2688,2.0037,2.7383,46.5695,65.952,68.6964,64.837,58.1116,0.0,1.0725,1.964,2.673,1.7301,62.7397,62.8767,64.5205,63.4247,66.0274,0.5304,1.037,2.2295,1.971,4.2663,1,5,1.3116,-9.8598,-9.0005,1,收盘亏5%且最大浮亏8%,1,10,1.3116,-10.8548,-1.9448,1,最大浮亏8%,1,22,5.156,-22.976,-21.6192,1,收盘亏5%且最大浮亏8%,0,,top3
2026-05-11,sz002392,sz002392,probe_day0_watch,试盘观察池,rule_strategy,probe_watch_v1,4,57.0584,raw,watch,watch,重点观察,0,首次试盘；盘中急拉后没有直接发动；回吐明显，像在摸上方抛压；主动推动偏强,试盘识别-当日观察,2026-05-12,10.14,attack,attack,攻击,可参与,69.0518,5日全市场上涨占比68.2%；5日全市场中位涨跌幅2.3%；5日小盘上涨占比68.7%,6.277238565476395,11.45094671182234,52.5786,66.195,68.1761,61.9811,61.3593,0.1644,1.234,2.2688,2.0037,2.7383,46.5695,65.952,68.6964,64.837,58.1116,0.0,1.0725,1.964,2.673,1.7301,62.7397,62.8767,64.5205,63.4247,66.0274,0.5304,1.037,2.2295,1.971,4.2663,1,5,11.7357,-2.86,2.1696,0,,1,10,11.7357,-12.2288,-10.1578,1,收盘亏5%且最大浮亏8%,1,22,11.7357,-27.5148,-26.2327,1,收盘亏5%且最大浮亏8%,0,,top5
2026-05-11,sz001359,sz001359,probe_day0_watch,试盘观察池,rule_strategy,probe_watch_v1,5,48.3482,raw,watch,watch,观察,0,重新试盘；第2次试盘；盘中急拉后没有直接发动；回吐明显，像在摸上方抛压,试盘识别-当日观察,2026-05-12,98.15,attack,attack,攻击,可参与,69.0518,5日全市场上涨占比68.2%；5日全市场中位涨跌幅2.3%；5日小盘上涨占比68.7%,6.277238565476395,11.45094671182234,52.5786,66.195,68.1761,61.9811,61.3593,0.1644,1.234,2.2688,2.0037,2.7383,46.5695,65.952,68.6964,64.837,58.1116,0.0,1.0725,1.964,2.673,1.7301,62.7397,62.8767,64.5205,63.4247,66.0274,0.5304,1.037,2.2295,1.971,4.2663,1,5,17.0657,-0.2751,3.3826,0,,1,10,17.0657,-1.5487,11.136,0,,1,22,17.0657,-9.9745,-2.2924,1,最大浮亏8%,0,,top5
2026-05-11,sz002917,sz002917,probe_day0_watch,试盘观察池,rule_strategy,probe_watch_v1,6,43.387757,raw,watch,watch,观察,0,首次试盘；盘中急拉后没有直接发动,试盘识别-当日观察,2026-05-12,13.98,attack,attack,攻击,可参与,69.0518,5日全市场上涨占比68.2%；5日全市场中位涨跌幅2.3%；5日小盘上涨占比68.7%,6.277238565476395,11.45094671182234,52.5786,66.195,68.1761,61.9811,61.3593,0.1644,1.234,2.2688,2.0037,2.7383,46.5695,65.952,68.6964,64.837,58.1116,0.0,1.0725,1.964,2.673,1.7301,62.7397,62.8767,64.5205,63.4247,66.0274,0.5304,1.037,2.2295,1.971,4.2663,1,5,1.073,-5.9371,-3.0758,0,,1,10,8.3691,-5.9371,5.2933,0,,1,22,8.3691,-12.3033,-10.8011,1,收盘亏5%且最大浮亏8%,0,,other
2026-05-11,sz002273,sz002273,spark_opportunity_selector,星火机会模型 1.0,model,1.0,1,36.610697,raw,22d,candidate_buy,明日可买,1,22日冲高机会分靠前，突破结构强、资金潜伏特征较强、L2主力净流入强、主动买入强,星火机会模型,2026-05-12,38.18,attack,attack,攻击,可参与,69.0518,5日全市场上涨占比68.2%；5日全市场中位涨跌幅2.3%；5日小盘上涨占比68.7%,6.277238565476395,11.45094671182234,52.5786,66.195,68.1761,61.9811,61.3593,0.1644,1.234,2.2688,2.0037,2.7383,46.5695,65.952,68.6964,64.837,58.1116,0.0,1.0725,1.964,2.673,1.7301,62.7397,62.8767,64.5205,63.4247,66.0274,0.5304,1.037,2.2295,1.971,4.2663,1,5,5.5526,-4.2693,-2.3049,0,,1,10,9.8219,-6.4955,5.1336,0,,1,22,16.0293,-13.0435,-10.7124,1,收盘亏5%且最大浮亏8%,1,35-40,top1
2026-05-11,sh603386,sh603386,spark_opportunity_selector,星火机会模型 1.0,model,1.0,2,35.874927,raw,22d,candidate_buy,明日可买,1,22日冲高机会分靠前，突破结构强、资金潜伏特征较强、L2主力净流入强、主动买入强,星火机会模型,2026-05-12,15.23,attack,attack,攻击,可参与,69.0518,5日全市场上涨占比68.2%；5日全市场中位涨跌幅2.3%；5日小盘上涨占比68.7%,6.277238565476395,11.45094671182234,52.5786,66.195,68.1761,61.9811,61.3593,0.1644,1.234,2.2688,2.0037,2.7383,46.5695,65.952,68.6964,64.837,58.1116,0.0,1.0725,1.964,2.673,1.7301,62.7397,62.8767,64.5205,63.4247,66.0274,0.5304,1.037,2.2295,1.971,4.2663,1,5,11.6218,-1.3132,8.5358,0,,1,10,13.2633,-1.3132,6.1064,0,,1,22,27.1175,-1.3132,21.9961,0,,1,35-40,top3
2026-05-11,sz002654,sz002654,spark_opportunity_selector,星火机会模型 1.0,model,1.0,3,35.395904,raw,22d,candidate_buy,明日可买,1,22日冲高机会分靠前，突破结构较好、资金潜伏特征较强、出货压力不高,星火机会模型,2026-05-12,15.32,attack,attack,攻击,可参与,69.0518,5日全市场上涨占比68.2%；5日全市场中位涨跌幅2.3%；5日小盘上涨占比68.7%,6.277238565476395,11.45094671182234,52.5786,66.195,68.1761,61.9811,61.3593,0.1644,1.234,2.2688,2.0037,2.7383,46.5695,65.952,68.6964,64.837,58.1116,0.0,1.0725,1.964,2.673,1.7301,62.7397,62.8767,64.5205,63.4247,66.0274,0.5304,1.037,2.2295,1.971,4.2663,1,5,18.9948,-2.9373,18.9948,0,,1,10,31.201,-2.9373,14.752,0,,1,22,31.201,-8.1593,-4.1123,1,最大浮亏8%,1,35-40,top3
2026-05-12,sz002141,sz002141,probe_d3_confirmed,试盘D3确认池,rule_strategy,probe_confirm_v1,1,84.6866,raw,swing,watch,观察,0,首次试盘后进入D3确认；超大单没有撤；位置还没顶到极限,试盘识别-三日确认,2026-05-13,3.68,caution,caution,谨慎,观察为主,58.2423,5日上涨占比58.3%；10日上涨占比58.9%；10日中位涨跌幅1.7%,5.248672250532738,11.367127203346005,24.552,44.7799,58.2704,58.8679,61.9887,-1.3369,-0.2989,1.0632,1.7088,2.8688,17.4099,38.6792,48.2847,60.6346,56.6524,-1.7287,-0.6702,-0.1642,2.0271,1.7654,36.5753,52.0548,65.6164,63.0137,69.726,-0.5176,0.2342,1.8831,2.2665,4.6765,1,5,0.2717,-5.4348,-2.7174,0,,1,10,1.3587,-5.4348,-3.8043,0,,0,21,1.3587,-19.0217,-2.1739,1,最大浮亏8%,0,,top1
2026-05-12,sz001207,sz001207,probe_day0_watch,试盘观察池,rule_strategy,probe_watch_v1,1,62.385211,raw,watch,watch,观察,0,首次试盘；盘中急拉后没有直接发动；回吐明显，像在摸上方抛压；主动推动偏强,试盘识别-当日观察,2026-05-13,20.18,caution,caution,谨慎,观察为主,58.2423,5日上涨占比58.3%；10日上涨占比58.9%；10日中位涨跌幅1.7%,5.248672250532738,11.367127203346005,24.552,44.7799,58.2704,58.8679,61.9887,-1.3369,-0.2989,1.0632,1.7088,2.8688,17.4099,38.6792,48.2847,60.6346,56.6524,-1.7287,-0.6702,-0.1642,2.0271,1.7654,36.5753,52.0548,65.6164,63.0137,69.726,-0.5176,0.2342,1.8831,2.2665,4.6765,1,5,8.5233,-2.4281,2.6264,0,,1,10,8.5233,-6.5907,0.6938,0,,0,21,8.5233,-13.2805,-12.0416,1,收盘亏5%且最大浮亏8%,0,,top1
2026-05-12,sz002651,sz002651,probe_day0_watch,试盘观察池,rule_strategy,probe_watch_v1,2,58.77148,raw,watch,watch,观察,0,重新试盘；第2次试盘；盘中急拉后没有直接发动；回吐明显，像在摸上方抛压,试盘识别-当日观察,2026-05-13,9.8,caution,caution,谨慎,观察为主,58.2423,5日上涨占比58.3%；10日上涨占比58.9%；10日中位涨跌幅1.7%,5.248672250532738,11.367127203346005,24.552,44.7799,58.2704,58.8679,61.9887,-1.3369,-0.2989,1.0632,1.7088,2.8688,17.4099,38.6792,48.2847,60.6346,56.6524,-1.7287,-0.6702,-0.1642,2.0271,1.7654,36.5753,52.0548,65.6164,63.0137,69.726,-0.5176,0.2342,1.8831,2.2665,4.6765,1,5,1.0204,-7.3469,-6.5306,1,收盘亏5%,1,10,1.0204,-14.4898,-13.4694,1,收盘亏5%且最大浮亏8%,0,21,1.0204,-20.7143,-19.7959,1,收盘亏5%且最大浮亏8%,0,,top3
2026-05-12,sz001317,sz001317,probe_day0_watch,试盘观察池,rule_strategy,probe_watch_v1,3,58.3835,raw,watch,watch,重点观察,0,首次试盘；盘中急拉后没有直接发动；主动推动偏强；题材位置不差,试盘识别-当日观察,2026-05-13,59.2,caution,caution,谨慎,观察为主,58.2423,5日上涨占比58.3%；10日上涨占比58.9%；10日中位涨跌幅1.7%,5.248672250532738,11.367127203346005,24.552,44.7799,58.2704,58.8679,61.9887,-1.3369,-0.2989,1.0632,1.7088,2.8688,17.4099,38.6792,48.2847,60.6346,56.6524,-1.7287,-0.6702,-0.1642,2.0271,1.7654,36.5753,52.0548,65.6164,63.0137,69.726,-0.5176,0.2342,1.8831,2.2665,4.6765,1,5,4.6959,-6.4865,-3.8176,0,,1,10,4.6959,-10.0,-7.3142,1,收盘亏5%且最大浮亏8%,0,21,4.6959,-15.0338,-1.8581,1,最大浮亏8%,0,,top3
2026-05-12,sz002929,sz002929,probe_day0_watch,试盘观察池,rule_strategy,probe_watch_v1,4,48.404419,raw,watch,watch,观察,0,首次试盘；盘中急拉后没有直接发动,试盘识别-当日观察,2026-05-13,80.01,caution,caution,谨慎,观察为主,58.2423,5日上涨占比58.3%；10日上涨占比58.9%；10日中位涨跌幅1.7%,5.248672250532738,11.367127203346005,24.552,44.7799,58.2704,58.8679,61.9887,-1.3369,-0.2989,1.0632,1.7088,2.8688,17.4099,38.6792,48.2847,60.6346,56.6524,-1.7287,-0.6702,-0.1642,2.0271,1.7654,36.5753,52.0548,65.6164,63.0137,69.726,-0.5176,0.2342,1.8831,2.2665,4.6765,1,5,25.0969,-1.6998,22.2097,0,,1,10,25.0969,-1.6998,6.3492,0,,0,21,25.0969,-25.3343,-24.5719,1,收盘亏5%且最大浮亏8%,0,,top5
2026-05-12,sz002654,sz002654,spark_opportunity_selector,星火机会模型 1.0,model,1.0,1,39.245689,raw,22d,candidate_buy,明日可买,1,22日冲高机会分靠前，突破结构较好、资金潜伏特征较强、L2主力净流入强、主动买入强,星火机会模型,2026-05-13,15.18,caution,caution,谨慎,观察为主,58.2423,5日上涨占比58.3%；10日上涨占比58.9%；10日中位涨跌幅1.7%,5.248672250532738,11.367127203346005,24.552,44.7799,58.2704,58.8679,61.9887,-1.3369,-0.2989,1.0632,1.7088,2.8688,17.4099,38.6792,48.2847,60.6346,56.6524,-1.7287,-0.6702,-0.1642,2.0271,1.7654,36.5753,52.0548,65.6164,63.0137,69.726,-0.5176,0.2342,1.8831,2.2665,4.6765,1,5,20.0922,-0.6588,15.4809,0,,1,10,32.4111,-0.6588,10.6719,0,,0,21,32.4111,-7.3123,-3.2279,0,,1,35-40,top1
2026-05-12,sz002903,sz002903,spark_opportunity_selector,星火机会模型 1.0,model,1.0,2,35.204,raw,22d,candidate_buy,明日可买,1,22日冲高机会分靠前，突破结构较好、L2主力净流入强、主动买入强,星火机会模型,2026-05-13,48.68,caution,caution,谨慎,观察为主,58.2423,5日上涨占比58.3%；10日上涨占比58.9%；10日中位涨跌幅1.7%,5.248672250532738,11.367127203346005,24.552,44.7799,58.2704,58.8679,61.9887,-1.3369,-0.2989,1.0632,1.7088,2.8688,17.4099,38.6792,48.2847,60.6346,56.6524,-1.7287,-0.6702,-0.1642,2.0271,1.7654,36.5753,52.0548,65.6164,63.0137,69.726,-0.5176,0.2342,1.8831,2.2665,4.6765,1,5,2.691,-11.668,-1.212,1,最大浮亏8%,1,10,2.691,-12.9006,-11.4832,1,收盘亏5%且最大浮亏8%,0,21,2.691,-23.0896,-6.6763,1,收盘亏5%且最大浮亏8%,1,35-40,top3
2026-05-12,sz002980,sz002980,spark_opportunity_selector,星火机会模型 1.0,model,1.0,3,34.973283,raw,22d,candidate_buy,明日可买,1,22日冲高机会分靠前，L2主力净流入强、主动买入强,星火机会模型,2026-05-13,81.89,caution,caution,谨慎,观察为主,58.2423,5日上涨占比58.3%；10日上涨占比58.9%；10日中位涨跌幅1.7%,5.248672250532738,11.367127203346005,24.552,44.7799,58.2704,58.8679,61.9887,-1.3369,-0.2989,1.0632,1.7088,2.8688,17.4099,38.6792,48.2847,60.6346,56.6524,-1.7287,-0.6702,-0.1642,2.0271,1.7654,36.5753,52.0548,65.6164,63.0137,69.726,-0.5176,0.2342,1.8831,2.2665,4.6765,1,5,30.9317,-1.9661,26.5722,0,,1,10,63.0846,-1.9661,41.0429,0,,0,21,63.0846,-1.9661,42.4106,0,,1,<35,top3
2026-05-13,sh600719,sh600719,probe_d3_confirmed,试盘D3确认池,rule_strategy,probe_confirm_v1,1,108.0545,raw,swing,watch,观察,0,首次试盘后进入D3确认；D3 OIB继续为正；盘口承接强于抛压；位置还没顶到极限,试盘识别-三日确认,2026-05-14,10.32,caution,caution,谨慎,观察为主,55.5653,5日上涨占比53.6%；10日上涨占比64.2%；10日中位涨跌幅2.6%,4.442114709220424,11.967836141787336,55.5451,40.792,53.5512,64.2363,59.6541,0.2308,-0.6956,0.4464,2.6126,2.5084,54.024,30.4795,46.4041,63.613,54.4987,0.1565,-1.5304,-0.2655,2.3968,1.1643,53.6986,54.6575,56.1644,66.5753,65.6164,0.1714,0.4135,0.7208,3.3694,4.2814,1,5,3.1008,-19.8643,-19.186,1,收盘亏5%且最大浮亏8%,1,10,3.1008,-22.093,-1.6473,1,最大浮亏8%,0,20,3.1008,-22.093,-10.4651,1,收盘亏5%且最大浮亏8%,0,,top1
2026-05-13,sz002497,sz002497,probe_d3_confirmed,试盘D3确认池,rule_strategy,probe_confirm_v1,2,60.6734,raw,swing,watch,观察,0,首次试盘后进入D3确认；D3 OIB继续为正；盘口承接强于抛压；位置还没顶到极限,试盘识别-三日确认,2026-05-14,28.18,caution,caution,谨慎,观察为主,55.5653,5日上涨占比53.6%；10日上涨占比64.2%；10日中位涨跌幅2.6%,4.442114709220424,11.967836141787336,55.5451,40.792,53.5512,64.2363,59.6541,0.2308,-0.6956,0.4464,2.6126,2.5084,54.024,30.4795,46.4041,63.613,54.4987,0.1565,-1.5304,-0.2655,2.3968,1.1643,53.6986,54.6575,56.1644,66.5753,65.6164,0.1714,0.4135,0.7208,3.3694,4.2814,1,5,0.071,-15.0106,-12.1363,1,收盘亏5%且最大浮亏8%,1,10,0.071,-16.1462,-14.3364,1,收盘亏5%且最大浮亏8%,0,20,0.071,-28.7083,-22.1079,1,收盘亏5%且最大浮亏8%,0,,top3
2026-05-13,sz002559,sz002559,spark_opportunity_selector,星火机会模型 1.0,model,1.0,1,52.639296,raw,22d,candidate_buy,明日可买,1,22日冲高机会分靠前，突破结构强、资金潜伏特征较强、L2主力净流入强、主动买入强,星火机会模型,2026-05-14,11.96,caution,caution,谨慎,观察为主,55.5653,5日上涨占比53.6%；10日上涨占比64.2%；10日中位涨跌幅2.6%,4.442114709220424,11.967836141787336,55.5451,40.792,53.5512,64.2363,59.6541,0.2308,-0.6956,0.4464,2.6126,2.5084,54.024,30.4795,46.4041,63.613,54.4987,0.1565,-1.5304,-0.2655,2.3968,1.1643,53.6986,54.6575,56.1644,66.5753,65.6164,0.1714,0.4135,0.7208,3.3694,4.2814,1,5,2.8428,-8.8629,-7.1906,1,收盘亏5%且最大浮亏8%,1,10,2.8428,-15.5518,-15.0502,1,收盘亏5%且最大浮亏8%,0,20,2.8428,-23.1605,-18.311,1,收盘亏5%且最大浮亏8%,1,>=40,top1
2026-05-13,sz002815,sz002815,spark_opportunity_selector,星火机会模型 1.0,model,1.0,2,40.41934,raw,22d,candidate_buy,明日可买,1,22日冲高机会分靠前，突破结构强、资金潜伏特征较强、L2主力净流入强、主动买入强,星火机会模型,2026-05-14,16.84,caution,caution,谨慎,观察为主,55.5653,5日上涨占比53.6%；10日上涨占比64.2%；10日中位涨跌幅2.6%,4.442114709220424,11.967836141787336,55.5451,40.792,53.5512,64.2363,59.6541,0.2308,-0.6956,0.4464,2.6126,2.5084,54.024,30.4795,46.4041,63.613,54.4987,0.1565,-1.5304,-0.2655,2.3968,1.1643,53.6986,54.6575,56.1644,66.5753,65.6164,0.1714,0.4135,0.7208,3.3694,4.2814,1,5,0.0,-9.62,-8.0166,1,收盘亏5%且最大浮亏8%,1,10,3.2067,-10.9857,-0.4157,1,最大浮亏8%,0,20,9.7981,-10.9857,3.8599,1,最大浮亏8%,1,>=40,top3
2026-05-13,sh601208,sh601208,spark_opportunity_selector,星火机会模型 1.0,model,1.0,3,39.83541,raw,22d,candidate_buy,明日可买,1,22日冲高机会分靠前，突破结构强、L2主力净流入强、主动买入强、出货压力不高,星火机会模型,2026-05-14,49.11,caution,caution,谨慎,观察为主,55.5653,5日上涨占比53.6%；10日上涨占比64.2%；10日中位涨跌幅2.6%,4.442114709220424,11.967836141787336,55.5451,40.792,53.5512,64.2363,59.6541,0.2308,-0.6956,0.4464,2.6126,2.5084,54.024,30.4795,46.4041,63.613,54.4987,0.1565,-1.5304,-0.2655,2.3968,1.1643,53.6986,54.6575,56.1644,66.5753,65.6164,0.1714,0.4135,0.7208,3.3694,4.2814,1,5,5.3553,-10.8125,4.8463,1,最大浮亏8%,1,10,13.5207,-10.8125,6.3938,1,最大浮亏8%,0,20,31.012,-10.8125,26.9599,1,最大浮亏8%,1,35-40,top3
2026-05-14,sz000026,sz000026,probe_d3_confirmed,试盘D3确认池,rule_strategy,probe_confirm_v1,1,93.1235,raw,swing,watch,观察,0,首次试盘后进入D3确认；超大单没有撤；位置还没顶到极限,试盘识别-三日确认,2026-05-15,20.29,caution,caution,谨慎,观察为主,39.0099,5日上涨占比34.6%；10日上涨占比51.0%；10日中位涨跌幅0.3%,0.7366885803103074,9.384207910204644,18.4789,22.7216,34.6118,50.9588,52.5952,-1.8494,-2.6489,-1.5941,0.3216,0.7048,19.7087,20.5656,32.5621,48.329,48.8851,-1.5929,-2.9676,-1.7857,-0.319,-0.1313,17.3973,25.6164,36.5753,55.6164,57.8082,-2.1469,-2.025,-1.2548,0.8184,1.792,1,5,18.1863,-3.0557,14.4899,0,,1,10,36.964,-3.0557,13.652,0,,0,19,36.964,-3.0557,4.7807,0,,0,,top1
2026-05-14,sz001360,sz001360,probe_d3_confirmed,试盘D3确认池,rule_strategy,probe_confirm_v1,2,74.1801,raw,swing,watch,观察,0,首次试盘后进入D3确认；D3 OIB继续为正；盘口承接强于抛压；位置还没顶到极限,试盘识别-三日确认,2026-05-15,21.18,caution,caution,谨慎,观察为主,39.0099,5日上涨占比34.6%；10日上涨占比51.0%；10日中位涨跌幅0.3%,0.7366885803103074,9.384207910204644,18.4789,22.7216,34.6118,50.9588,52.5952,-1.8494,-2.6489,-1.5941,0.3216,0.7048,19.7087,20.5656,32.5621,48.329,48.8851,-1.5929,-2.9676,-1.7857,-0.319,-0.1313,17.3973,25.6164,36.5753,55.6164,57.8082,-2.1469,-2.025,-1.2548,0.8184,1.792,1,5,0.8499,-6.9405,-5.7129,1,收盘亏5%,1,10,9.7734,-6.9405,7.6487,0,,0,19,9.7734,-19.594,-18.1775,1,收盘亏5%且最大浮亏8%,0,,top3
2026-05-14,sz002392,sz002392,probe_d3_confirmed,试盘D3确认池,rule_strategy,probe_confirm_v1,3,65.0584,raw,swing,watch,观察,0,首次试盘后进入D3确认；超大单没有撤；位置还没顶到极限,试盘识别-三日确认,2026-05-15,11.0,caution,caution,谨慎,观察为主,39.0099,5日上涨占比34.6%；10日上涨占比51.0%；10日中位涨跌幅0.3%,0.7366885803103074,9.384207910204644,18.4789,22.7216,34.6118,50.9588,52.5952,-1.8494,-2.6489,-1.5941,0.3216,0.7048,19.7087,20.5656,32.5621,48.329,48.8851,-1.5929,-2.9676,-1.7857,-0.319,-0.1313,17.3973,25.6164,36.5753,55.6164,57.8082,-2.1469,-2.025,-1.2548,0.8184,1.792,1,5,0.6364,-19.0,-18.5455,1,收盘亏5%且最大浮亏8%,1,10,0.6364,-24.2727,-22.6364,1,收盘亏5%且最大浮亏8%,0,19,0.6364,-33.1818,-32.0,1,收盘亏5%且最大浮亏8%,0,,top3
2026-05-14,sz002917,sz002917,probe_d3_confirmed,试盘D3确认池,rule_strategy,probe_confirm_v1,4,56.6502,raw,swing,watch,观察,0,首次试盘后进入D3确认；超大单没有撤；位置还没顶到极限,试盘识别-三日确认,2026-05-15,13.53,caution,caution,谨慎,观察为主,39.0099,5日上涨占比34.6%；10日上涨占比51.0%；10日中位涨跌幅0.3%,0.7366885803103074,9.384207910204644,18.4789,22.7216,34.6118,50.9588,52.5952,-1.8494,-2.6489,-1.5941,0.3216,0.7048,19.7087,20.5656,32.5621,48.329,48.8851,-1.5929,-2.9676,-1.7857,-0.319,-0.1313,17.3973,25.6164,36.5753,55.6164,57.8082,-2.1469,-2.025,-1.2548,0.8184,1.792,1,5,7.1693,-2.8086,3.9172,0,,1,10,11.9734,-2.8086,5.2476,0,,0,19,11.9734,-9.3865,-7.8344,1,收盘亏5%且最大浮亏8%,0,,top5
2026-05-14,sz002064,sz002064,probe_day0_watch,试盘观察池,rule_strategy,probe_watch_v1,1,102.029331,raw,watch,watch,观察,0,首次试盘；盘中急拉后没有直接发动；回吐明显，像在摸上方抛压；主动推动偏强,试盘识别-当日观察,2026-05-15,11.5,caution,caution,谨慎,观察为主,39.0099,5日上涨占比34.6%；10日上涨占比51.0%；10日中位涨跌幅0.3%,0.7366885803103074,9.384207910204644,18.4789,22.7216,34.6118,50.9588,52.5952,-1.8494,-2.6489,-1.5941,0.3216,0.7048,19.7087,20.5656,32.5621,48.329,48.8851,-1.5929,-2.9676,-1.7857,-0.319,-0.1313,17.3973,25.6164,36.5753,55.6164,57.8082,-2.1469,-2.025,-1.2548,0.8184,1.792,1,5,3.0435,-11.0435,-10.7826,1,收盘亏5%且最大浮亏8%,1,10,3.0435,-11.3913,-10.3478,1,收盘亏5%且最大浮亏8%,0,19,3.0435,-15.3913,-10.1739,1,收盘亏5%且最大浮亏8%,0,,top1
2026-05-14,sz000503,sz000503,probe_day0_watch,试盘观察池,rule_strategy,probe_watch_v1,2,83.5422,raw,watch,watch,观察,0,首次试盘；盘中急拉后没有直接发动；回吐明显，像在摸上方抛压,试盘识别-当日观察,2026-05-15,7.7,caution,caution,谨慎,观察为主,39.0099,5日上涨占比34.6%；10日上涨占比51.0%；10日中位涨跌幅0.3%,0.7366885803103074,9.384207910204644,18.4789,22.7216,34.6118,50.9588,52.5952,-1.8494,-2.6489,-1.5941,0.3216,0.7048,19.7087,20.5656,32.5621,48.329,48.8851,-1.5929,-2.9676,-1.7857,-0.319,-0.1313,17.3973,25.6164,36.5753,55.6164,57.8082,-2.1469,-2.025,-1.2548,0.8184,1.792,1,5,3.5065,-5.8442,-5.4545,1,收盘亏5%,1,10,3.5065,-12.987,-6.7532,1,收盘亏5%且最大浮亏8%,0,19,3.5065,-12.987,-6.8831,1,收盘亏5%且最大浮亏8%,0,,top3
2026-05-14,sz002221,sz002221,probe_day0_watch,试盘观察池,rule_strategy,probe_watch_v1,3,58.4633,raw,watch,watch,观察,0,首次试盘；盘中急拉后没有直接发动；回吐明显，像在摸上方抛压,试盘识别-当日观察,2026-05-15,8.09,caution,caution,谨慎,观察为主,39.0099,5日上涨占比34.6%；10日上涨占比51.0%；10日中位涨跌幅0.3%,0.7366885803103074,9.384207910204644,18.4789,22.7216,34.6118,50.9588,52.5952,-1.8494,-2.6489,-1.5941,0.3216,0.7048,19.7087,20.5656,32.5621,48.329,48.8851,-1.5929,-2.9676,-1.7857,-0.319,-0.1313,17.3973,25.6164,36.5753,55.6164,57.8082,-2.1469,-2.025,-1.2548,0.8184,1.792,1,5,1.8541,-9.5179,-9.1471,1,收盘亏5%且最大浮亏8%,1,10,1.8541,-22.4969,-19.7775,1,收盘亏5%且最大浮亏8%,0,19,1.8541,-27.0705,-25.2163,1,收盘亏5%且最大浮亏8%,0,,top3
2026-05-14,sh600769,sh600769,spark_opportunity_selector,星火机会模型 1.0,model,1.0,1,39.001002,raw,22d,candidate_buy,明日可买,1,22日冲高机会分靠前，突破结构强、资金潜伏特征较强、出货压力不高,星火机会模型,2026-05-15,22.5,caution,caution,谨慎,观察为主,39.0099,5日上涨占比34.6%；10日上涨占比51.0%；10日中位涨跌幅0.3%,0.7366885803103074,9.384207910204644,18.4789,22.7216,34.6118,50.9588,52.5952,-1.8494,-2.6489,-1.5941,0.3216,0.7048,19.7087,20.5656,32.5621,48.329,48.8851,-1.5929,-2.9676,-1.7857,-0.319,-0.1313,17.3973,25.6164,36.5753,55.6164,57.8082,-2.1469,-2.025,-1.2548,0.8184,1.792,1,5,16.0,-16.0,-16.0,1,收盘亏5%且最大浮亏8%,1,10,16.0,-30.2222,-29.9111,1,收盘亏5%且最大浮亏8%,0,19,16.0,-34.2667,-30.1333,1,收盘亏5%且最大浮亏8%,1,35-40,top1
2026-05-14,sh603115,sh603115,spark_opportunity_selector,星火机会模型 1.0,model,1.0,2,37.266561,raw,22d,candidate_buy,明日可买,1,22日冲高机会分靠前，突破结构较好、L2主力净流入强、主动买入强、出货压力不高,星火机会模型,2026-05-15,70.43,caution,caution,谨慎,观察为主,39.0099,5日上涨占比34.6%；10日上涨占比51.0%；10日中位涨跌幅0.3%,0.7366885803103074,9.384207910204644,18.4789,22.7216,34.6118,50.9588,52.5952,-1.8494,-2.6489,-1.5941,0.3216,0.7048,19.7087,20.5656,32.5621,48.329,48.8851,-1.5929,-2.9676,-1.7857,-0.319,-0.1313,17.3973,25.6164,36.5753,55.6164,57.8082,-2.1469,-2.025,-1.2548,0.8184,1.792,1,5,52.364,-2.0304,49.9503,0,,1,10,73.2216,-2.0304,56.7514,0,,0,19,73.2216,-2.0304,35.9222,0,,1,35-40,top3
2026-05-14,sz000678,sz000678,spark_opportunity_selector,星火机会模型 1.0,model,1.0,3,35.981462,raw,22d,candidate_buy,明日可买,1,22日冲高机会分靠前，L2主力净流入强、主动买入强,星火机会模型,2026-05-15,12.93,caution,caution,谨慎,观察为主,39.0099,5日上涨占比34.6%；10日上涨占比51.0%；10日中位涨跌幅0.3%,0.7366885803103074,9.384207910204644,18.4789,22.7216,34.6118,50.9588,52.5952,-1.8494,-2.6489,-1.5941,0.3216,0.7048,19.7087,20.5656,32.5621,48.329,48.8851,-1.5929,-2.9676,-1.7857,-0.319,-0.1313,17.3973,25.6164,36.5753,55.6164,57.8082,-2.1469,-2.025,-1.2548,0.8184,1.792,1,5,6.7285,-4.8724,-4.4857,0,,1,10,6.7285,-10.9049,-8.3527,1,收盘亏5%且最大浮亏8%,0,19,6.7285,-12.4517,-11.9876,1,收盘亏5%且最大浮亏8%,1,35-40,top3
2026-05-15,sz002929,sz002929,probe_d3_confirmed,试盘D3确认池,rule_strategy,probe_confirm_v1,1,77.6279,raw,swing,candidate_buy,明日可买,1,首次试盘后进入D3确认；D3 OIB继续为正；超大单没有撤；盘口承接强于抛压；位置还没顶到极限,试盘识别-三日确认,2026-05-18,98.0,defense,defense_pressure,防守-弱势承压,暂停新开仓,29.6889,5日全市场上涨占比25.6%；5日全市场中位涨跌幅-3.3%；5日小盘上涨占比22.1%,-0.6692150954450526,6.604138792413106,28.4502,23.7661,25.6289,48.3962,48.8043,-1.0114,-2.2951,-3.3063,-0.1918,-0.2162,29.8201,24.9357,22.108,47.3008,46.5695,-0.7786,-2.0,-3.6697,-0.2766,-0.5618,20.8219,20.0,28.3562,45.2055,51.0959,-1.5665,-3.0965,-2.8279,-0.55,0.5461,1,5,2.1327,-17.9796,-13.949,1,收盘亏5%且最大浮亏8%,1,10,2.1327,-26.5306,-25.3061,1,收盘亏5%且最大浮亏8%,0,18,2.1327,-39.0408,-38.4184,1,收盘亏5%且最大浮亏8%,1,,top1
2026-05-15,sz001207,sz001207,probe_d3_confirmed,试盘D3确认池,rule_strategy,probe_confirm_v1,2,77.4502,raw,swing,watch,观察,0,首次试盘后进入D3确认；D3 OIB继续为正；盘口承接强于抛压；位置还没顶到极限,试盘识别-三日确认,2026-05-18,20.93,defense,defense_pressure,防守-弱势承压,暂停新开仓,29.6889,5日全市场上涨占比25.6%；5日全市场中位涨跌幅-3.3%；5日小盘上涨占比22.1%,-0.6692150954450526,6.604138792413106,28.4502,23.7661,25.6289,48.3962,48.8043,-1.0114,-2.2951,-3.3063,-0.1918,-0.2162,29.8201,24.9357,22.108,47.3008,46.5695,-0.7786,-2.0,-3.6697,-0.2766,-0.5618,20.8219,20.0,28.3562,45.2055,51.0959,-1.5665,-3.0965,-2.8279,-0.55,0.5461,1,5,4.6345,-9.9379,-6.6412,1,收盘亏5%且最大浮亏8%,1,10,4.6345,-12.9001,-12.5657,1,收盘亏5%且最大浮亏8%,0,18,4.6345,-16.388,-15.1935,1,收盘亏5%且最大浮亏8%,0,,top3
2026-05-15,sz000910,sz000910,probe_day0_watch,试盘观察池,rule_strategy,probe_watch_v1,1,102.8959,raw,watch,watch,重点观察,0,首次试盘；盘中急拉后没有直接发动；回吐明显，像在摸上方抛压；主动推动偏强,试盘识别-当日观察,2026-05-18,6.49,defense,defense_pressure,防守-弱势承压,暂停新开仓,29.6889,5日全市场上涨占比25.6%；5日全市场中位涨跌幅-3.3%；5日小盘上涨占比22.1%,-0.6692150954450526,6.604138792413106,28.4502,23.7661,25.6289,48.3962,48.8043,-1.0114,-2.2951,-3.3063,-0.1918,-0.2162,29.8201,24.9357,22.108,47.3008,46.5695,-0.7786,-2.0,-3.6697,-0.2766,-0.5618,20.8219,20.0,28.3562,45.2055,51.0959,-1.5665,-3.0965,-2.8279,-0.55,0.5461,1,5,15.4083,-2.4653,4.3143,0,,1,10,15.4083,-3.698,-2.4653,0,,0,18,15.4083,-8.7827,-8.7827,1,收盘亏5%且最大浮亏8%,0,,top1
2026-05-15,sh600337,sh600337,probe_day0_watch,试盘观察池,rule_strategy,probe_watch_v1,2,88.4745,raw,watch,watch,观察,0,首次试盘；盘中急拉后没有直接发动；主动推动偏强；题材位置不差,试盘识别-当日观察,2026-05-18,3.19,defense,defense_pressure,防守-弱势承压,暂停新开仓,29.6889,5日全市场上涨占比25.6%；5日全市场中位涨跌幅-3.3%；5日小盘上涨占比22.1%,-0.6692150954450526,6.604138792413106,28.4502,23.7661,25.6289,48.3962,48.8043,-1.0114,-2.2951,-3.3063,-0.1918,-0.2162,29.8201,24.9357,22.108,47.3008,46.5695,-0.7786,-2.0,-3.6697,-0.2766,-0.5618,20.8219,20.0,28.3562,45.2055,51.0959,-1.5665,-3.0965,-2.8279,-0.55,0.5461,1,5,3.1348,-7.837,-5.6426,1,收盘亏5%,1,10,3.4483,-8.1505,-1.2539,1,最大浮亏8%,0,18,11.5987,-8.1505,-4.7022,1,最大浮亏8%,0,,top3
2026-05-15,sz002575,sz002575,probe_day0_watch,试盘观察池,rule_strategy,probe_watch_v1,3,73.264807,raw,watch,watch,观察,0,重新试盘；第4次试盘；盘中急拉后没有直接发动；回吐明显，像在摸上方抛压,试盘识别-当日观察,2026-05-18,7.23,defense,defense_pressure,防守-弱势承压,暂停新开仓,29.6889,5日全市场上涨占比25.6%；5日全市场中位涨跌幅-3.3%；5日小盘上涨占比22.1%,-0.6692150954450526,6.604138792413106,28.4502,23.7661,25.6289,48.3962,48.8043,-1.0114,-2.2951,-3.3063,-0.1918,-0.2162,29.8201,24.9357,22.108,47.3008,46.5695,-0.7786,-2.0,-3.6697,-0.2766,-0.5618,20.8219,20.0,28.3562,45.2055,51.0959,-1.5665,-3.0965,-2.8279,-0.55,0.5461,1,5,3.7344,-15.7676,-12.1715,1,收盘亏5%且最大浮亏8%,1,10,3.7344,-23.9281,-23.2365,1,收盘亏5%且最大浮亏8%,0,18,3.7344,-25.1729,-14.5228,1,收盘亏5%且最大浮亏8%,0,,top3
2026-05-15,sh603301,sh603301,spark_opportunity_selector,星火机会模型 1.0,model,1.0,1,35.234397,raw,22d,candidate_buy,明日可买,1,22日冲高机会分靠前，资金潜伏特征较强、出货压力不高,星火机会模型,2026-05-18,93.2,defense,defense_pressure,防守-弱势承压,暂停新开仓,29.6889,5日全市场上涨占比25.6%；5日全市场中位涨跌幅-3.3%；5日小盘上涨占比22.1%,-0.6692150954450526,6.604138792413106,28.4502,23.7661,25.6289,48.3962,48.8043,-1.0114,-2.2951,-3.3063,-0.1918,-0.2162,29.8201,24.9357,22.108,47.3008,46.5695,-0.7786,-2.0,-3.6697,-0.2766,-0.5618,20.8219,20.0,28.3562,45.2055,51.0959,-1.5665,-3.0965,-2.8279,-0.55,0.5461,1,5,3.5193,-5.0536,-0.4399,0,,1,10,3.5193,-13.1438,-10.4506,1,收盘亏5%且最大浮亏8%,0,18,3.5193,-17.779,-11.0944,1,收盘亏5%且最大浮亏8%,1,35-40,top1
2026-05-15,sh600769,sh600769,spark_opportunity_selector,星火机会模型 1.0,model,1.0,2,34.80612,raw,22d,candidate_buy,明日可买,1,22日冲高机会分靠前，突破结构较好、资金潜伏特征较强,星火机会模型,2026-05-18,23.1,defense,defense_pressure,防守-弱势承压,暂停新开仓,29.6889,5日全市场上涨占比25.6%；5日全市场中位涨跌幅-3.3%；5日小盘上涨占比22.1%,-0.6692150954450526,6.604138792413106,28.4502,23.7661,25.6289,48.3962,48.8043,-1.0114,-2.2951,-3.3063,-0.1918,-0.2162,29.8201,24.9357,22.108,47.3008,46.5695,-0.7786,-2.0,-3.6697,-0.2766,-0.5618,20.8219,20.0,28.3562,45.2055,51.0959,-1.5665,-3.0965,-2.8279,-0.55,0.5461,1,5,12.987,-26.3636,-23.8095,1,收盘亏5%且最大浮亏8%,1,10,12.987,-35.974,-34.8485,1,收盘亏5%且最大浮亏8%,0,18,12.987,-35.974,-31.9481,1,收盘亏5%且最大浮亏8%,1,<35,top3
2026-05-15,sz002600,sz002600,spark_opportunity_selector,星火机会模型 1.0,model,1.0,3,33.353199,raw,22d,candidate_buy,明日可买,1,22日冲高机会分靠前，突破结构强、资金潜伏特征较强、L2主力净流入强、主动买入强,星火机会模型,2026-05-18,17.26,defense,defense_pressure,防守-弱势承压,暂停新开仓,29.6889,5日全市场上涨占比25.6%；5日全市场中位涨跌幅-3.3%；5日小盘上涨占比22.1%,-0.6692150954450526,6.604138792413106,28.4502,23.7661,25.6289,48.3962,48.8043,-1.0114,-2.2951,-3.3063,-0.1918,-0.2162,29.8201,24.9357,22.108,47.3008,46.5695,-0.7786,-2.0,-3.6697,-0.2766,-0.5618,20.8219,20.0,28.3562,45.2055,51.0959,-1.5665,-3.0965,-2.8279,-0.55,0.5461,1,5,2.1437,-11.8772,-5.5041,1,收盘亏5%且最大浮亏8%,1,10,2.1437,-16.8019,-15.701,1,收盘亏5%且最大浮亏8%,0,18,2.1437,-20.2781,-19.467,1,收盘亏5%且最大浮亏8%,1,<35,top3
2026-05-18,sz002608,sz002608,probe_day0_watch,试盘观察池,rule_strategy,probe_watch_v1,1,73.458847,raw,watch,watch,观察,0,首次试盘；盘中急拉后没有直接发动；回吐明显，像在摸上方抛压,试盘识别-当日观察,2026-05-19,8.46,defense,defense_active_decline,防守-持续下跌,暂停新开仓,25.3802,5日全市场上涨占比22.0%；5日全市场中位涨跌幅-3.9%；5日小盘上涨占比19.6%,-1.652979020837697,7.5750818087261695,39.4158,19.29,21.9918,41.8605,48.239,-0.5364,-3.1293,-3.8616,-1.5781,-0.496,43.102,20.3942,19.623,39.6744,47.9417,-0.289,-2.454,-3.7241,-1.6385,-0.5411,39.1781,16.1644,21.9178,38.7671,48.4932,-0.6727,-4.083,-4.0901,-2.1921,-0.5651,1,5,3.1915,-6.7376,-2.6005,0,,1,10,19.6217,-6.7376,19.6217,0,,0,17,31.5603,-6.7376,2.3641,0,,0,,top1
2026-05-18,sh603301,sh603301,spark_opportunity_selector,星火机会模型 1.0,model,1.0,1,38.483538,raw,22d,candidate_buy,明日可买,1,22日冲高机会分靠前，资金潜伏特征较强、L2主力净流入强、主动买入强、出货压力不高,星火机会模型,2026-05-19,93.95,defense,defense_active_decline,防守-持续下跌,暂停新开仓,25.3802,5日全市场上涨占比22.0%；5日全市场中位涨跌幅-3.9%；5日小盘上涨占比19.6%,-1.652979020837697,7.5750818087261695,39.4158,19.29,21.9918,41.8605,48.239,-0.5364,-3.1293,-3.8616,-1.5781,-0.496,43.102,20.3942,19.623,39.6744,47.9417,-0.289,-2.454,-3.7241,-1.6385,-0.5411,39.1781,16.1644,21.9178,38.7671,48.4932,-0.6727,-4.083,-4.0901,-2.1921,-0.5651,1,5,2.6929,-5.8116,-4.6195,0,,1,10,2.6929,-13.8371,-12.017,1,收盘亏5%且最大浮亏8%,0,17,2.6929,-18.4353,-11.8042,1,收盘亏5%且最大浮亏8%,1,35-40,top1
2026-05-18,sz002979,sz002979,spark_opportunity_selector,星火机会模型 1.0,model,1.0,2,36.347596,raw,22d,candidate_buy,明日可买,1,22日冲高机会分靠前，突破结构强、资金潜伏特征较强、出货压力不高,星火机会模型,2026-05-19,65.01,defense,defense_active_decline,防守-持续下跌,暂停新开仓,25.3802,5日全市场上涨占比22.0%；5日全市场中位涨跌幅-3.9%；5日小盘上涨占比19.6%,-1.652979020837697,7.5750818087261695,39.4158,19.29,21.9918,41.8605,48.239,-0.5364,-3.1293,-3.8616,-1.5781,-0.496,43.102,20.3942,19.623,39.6744,47.9417,-0.289,-2.454,-3.7241,-1.6385,-0.5411,39.1781,16.1644,21.9178,38.7671,48.4932,-0.6727,-4.083,-4.0901,-2.1921,-0.5651,1,5,2.9688,-7.9065,-6.0145,1,收盘亏5%,1,10,2.9688,-20.6276,-20.3353,1,收盘亏5%且最大浮亏8%,0,17,2.9688,-21.9659,-19.2124,1,收盘亏5%且最大浮亏8%,1,35-40,top3
2026-05-18,sh600156,sh600156,spark_opportunity_selector,星火机会模型 1.0,model,1.0,3,34.457991,raw,22d,watch,观察,0,22日冲高机会分靠前，L2主力净流入强、主动买入强,星火机会模型,2026-05-19,13.12,defense,defense_active_decline,防守-持续下跌,暂停新开仓,25.3802,5日全市场上涨占比22.0%；5日全市场中位涨跌幅-3.9%；5日小盘上涨占比19.6%,-1.652979020837697,7.5750818087261695,39.4158,19.29,21.9918,41.8605,48.239,-0.5364,-3.1293,-3.8616,-1.5781,-0.496,43.102,20.3942,19.623,39.6744,47.9417,-0.289,-2.454,-3.7241,-1.6385,-0.5411,39.1781,16.1644,21.9178,38.7671,48.4932,-0.6727,-4.083,-4.0901,-2.1921,-0.5651,1,5,5.564,-16.311,-6.7835,1,收盘亏5%且最大浮亏8%,1,10,5.564,-23.3994,-14.0244,1,收盘亏5%且最大浮亏8%,0,17,5.564,-31.4024,-29.878,1,收盘亏5%且最大浮亏8%,0,<35,top3
2026-05-19,sz002064,sz002064,probe_d3_confirmed,试盘D3确认池,rule_strategy,probe_confirm_v1,1,128.0079,raw,swing,candidate_buy,明日可买,1,首次试盘后进入D3确认；D3 OIB继续为正；超大单没有撤；盘口承接强于抛压；位置还没顶到极限,试盘识别-三日确认,2026-05-20,10.33,caution,caution,谨慎,观察为主,34.4858,5日上涨占比30.4%；10日上涨占比43.7%；10日中位涨跌幅-1.3%,-0.15011413543999375,6.992132402453288,64.0252,38.2001,30.3965,43.689,46.2217,0.5778,-0.8741,-2.0179,-1.2689,-0.9836,62.6609,39.5708,29.5279,39.0558,44.0722,0.4963,-0.5641,-1.6473,-1.9512,-1.3031,62.7397,32.7846,28.2579,43.0727,47.8738,0.5368,-1.6186,-3.0177,-1.5967,-0.2595,1,5,6.0019,-1.3553,4.1626,0,,1,10,6.0019,-4.0658,-2.8074,0,,0,16,6.0019,-5.8083,0.0,0,,1,,top1
2026-05-19,sz002221,sz002221,probe_d3_confirmed,试盘D3确认池,rule_strategy,probe_confirm_v1,2,66.0233,raw,swing,watch,观察,0,首次试盘后进入D3确认；D3 OIB继续为正；盘口承接强于抛压；位置还没顶到极限,试盘识别-三日确认,2026-05-20,7.89,caution,caution,谨慎,观察为主,34.4858,5日上涨占比30.4%；10日上涨占比43.7%；10日中位涨跌幅-1.3%,-0.15011413543999375,6.992132402453288,64.0252,38.2001,30.3965,43.689,46.2217,0.5778,-0.8741,-2.0179,-1.2689,-0.9836,62.6609,39.5708,29.5279,39.0558,44.0722,0.4963,-0.5641,-1.6473,-1.9512,-1.3031,62.7397,32.7846,28.2579,43.0727,47.8738,0.5368,-1.6186,-3.0177,-1.5967,-0.2595,1,5,0.3802,-10.0127,-7.858,1,收盘亏5%且最大浮亏8%,1,10,0.3802,-20.5323,-17.237,1,收盘亏5%且最大浮亏8%,0,16,0.3802,-25.2218,-23.3207,1,收盘亏5%且最大浮亏8%,0,,top3
2026-05-19,sz002760,sz002760,probe_day0_watch,试盘观察池,rule_strategy,probe_watch_v1,1,74.194945,raw,watch,watch,观察,0,首次试盘；盘中急拉后没有直接发动；回吐明显，像在摸上方抛压；主动推动偏强,试盘识别-当日观察,2026-05-20,24.91,caution,caution,谨慎,观察为主,34.4858,5日上涨占比30.4%；10日上涨占比43.7%；10日中位涨跌幅-1.3%,-0.15011413543999375,6.992132402453288,64.0252,38.2001,30.3965,43.689,46.2217,0.5778,-0.8741,-2.0179,-1.2689,-0.9836,62.6609,39.5708,29.5279,39.0558,44.0722,0.4963,-0.5641,-1.6473,-1.9512,-1.3031,62.7397,32.7846,28.2579,43.0727,47.8738,0.5368,-1.6186,-3.0177,-1.5967,-0.2595,1,5,2.6897,-15.8972,-14.8535,1,收盘亏5%且最大浮亏8%,1,10,2.6897,-23.7656,-20.1525,1,收盘亏5%且最大浮亏8%,0,16,2.6897,-29.6668,-27.4187,1,收盘亏5%且最大浮亏8%,0,,top1
2026-05-19,sz000159,sz000159,probe_day0_watch,试盘观察池,rule_strategy,probe_watch_v1,2,46.7639,raw,watch,watch,观察,0,首次试盘；盘中急拉后没有直接发动；回吐明显，像在摸上方抛压,试盘识别-当日观察,2026-05-20,7.14,caution,caution,谨慎,观察为主,34.4858,5日上涨占比30.4%；10日上涨占比43.7%；10日中位涨跌幅-1.3%,-0.15011413543999375,6.992132402453288,64.0252,38.2001,30.3965,43.689,46.2217,0.5778,-0.8741,-2.0179,-1.2689,-0.9836,62.6609,39.5708,29.5279,39.0558,44.0722,0.4963,-0.5641,-1.6473,-1.9512,-1.3031,62.7397,32.7846,28.2579,43.0727,47.8738,0.5368,-1.6186,-3.0177,-1.5967,-0.2595,1,5,2.2409,-8.4034,-4.902,1,最大浮亏8%,1,10,2.2409,-10.3641,-6.0224,1,收盘亏5%且最大浮亏8%,0,16,2.2409,-16.5266,-12.8852,1,收盘亏5%且最大浮亏8%,0,,top3
2026-05-19,sz002443,sz002443,probe_day0_watch,试盘观察池,rule_strategy,probe_watch_v1,3,42.71806,raw,watch,watch,观察,0,首次试盘；盘中急拉后没有直接发动；回吐明显，像在摸上方抛压,试盘识别-当日观察,2026-05-20,13.25,caution,caution,谨慎,观察为主,34.4858,5日上涨占比30.4%；10日上涨占比43.7%；10日中位涨跌幅-1.3%,-0.15011413543999375,6.992132402453288,64.0252,38.2001,30.3965,43.689,46.2217,0.5778,-0.8741,-2.0179,-1.2689,-0.9836,62.6609,39.5708,29.5279,39.0558,44.0722,0.4963,-0.5641,-1.6473,-1.9512,-1.3031,62.7397,32.7846,28.2579,43.0727,47.8738,0.5368,-1.6186,-3.0177,-1.5967,-0.2595,1,5,2.2642,-15.3208,-9.5094,1,收盘亏5%且最大浮亏8%,1,10,2.2642,-16.6038,-13.283,1,收盘亏5%且最大浮亏8%,0,16,2.2642,-21.6604,-15.0943,1,收盘亏5%且最大浮亏8%,0,,top3
2026-05-20,sh600337,sh600337,probe_d3_confirmed,试盘D3确认池,rule_strategy,probe_confirm_v1,1,108.4745,raw,swing,candidate_buy,明日可买,1,首次试盘后进入D3确认；D3 OIB继续为正；超大单没有撤；盘口承接强于抛压；位置还没顶到极限,试盘识别-三日确认,2026-05-21,3.04,defense,defense_pressure,防守-弱势承压,暂停新开仓,24.5048,5日全市场上涨占比21.8%；5日全市场中位涨跌幅-3.7%；5日小盘上涨占比20.2%,-1.6362979434874192,6.036440051582215,26.6415,35.1351,21.7856,33.6478,43.5042,-1.2542,-1.1103,-3.6585,-3.1671,-1.7143,21.0978,30.9605,20.1544,31.1321,41.3734,-1.469,-1.2122,-3.3225,-3.3525,-1.9678,35.1573,40.137,21.6438,32.0548,44.9315,-0.7692,-0.6816,-4.0581,-3.2915,-1.0242,1,5,3.2895,-3.6184,0.9868,0,,1,10,17.1053,-3.6184,9.2105,0,,0,15,17.1053,-3.6184,0.0,0,,1,,top1
2026-05-20,sz000910,sz000910,probe_d3_confirmed,试盘D3确认池,rule_strategy,probe_confirm_v1,2,103.7759,raw,swing,watch,观察,0,首次试盘后进入D3确认；超大单没有撤,试盘识别-三日确认,2026-05-21,7.13,defense,defense_pressure,防守-弱势承压,暂停新开仓,24.5048,5日全市场上涨占比21.8%；5日全市场中位涨跌幅-3.7%；5日小盘上涨占比20.2%,-1.6362979434874192,6.036440051582215,26.6415,35.1351,21.7856,33.6478,43.5042,-1.2542,-1.1103,-3.6585,-3.1671,-1.7143,21.0978,30.9605,20.1544,31.1321,41.3734,-1.469,-1.2122,-3.3225,-3.3525,-1.9678,35.1573,40.137,21.6438,32.0548,44.9315,-0.7692,-0.6816,-4.0581,-3.2915,-1.0242,1,5,0.4208,-11.2202,-10.6592,1,收盘亏5%且最大浮亏8%,1,10,0.4208,-14.7265,-14.446,1,收盘亏5%且最大浮亏8%,0,15,0.4208,-16.9705,-16.9705,1,收盘亏5%且最大浮亏8%,0,,top3
2026-05-20,sz002575,sz002575,probe_d3_confirmed,试盘D3确认池,rule_strategy,probe_confirm_v1,3,71.6627,raw,swing,watch,观察,0,重新试盘后进入D3确认；这是第4次试盘；超大单没有撤；位置还没顶到极限,试盘识别-三日确认,2026-05-21,6.66,defense,defense_pressure,防守-弱势承压,暂停新开仓,24.5048,5日全市场上涨占比21.8%；5日全市场中位涨跌幅-3.7%；5日小盘上涨占比20.2%,-1.6362979434874192,6.036440051582215,26.6415,35.1351,21.7856,33.6478,43.5042,-1.2542,-1.1103,-3.6585,-3.1671,-1.7143,21.0978,30.9605,20.1544,31.1321,41.3734,-1.469,-1.2122,-3.3225,-3.3525,-1.9678,35.1573,40.137,21.6438,32.0548,44.9315,-0.7692,-0.6816,-4.0581,-3.2915,-1.0242,1,5,0.4505,-15.4655,-14.5646,1,收盘亏5%且最大浮亏8%,1,10,0.4505,-18.7688,-10.961,1,收盘亏5%且最大浮亏8%,0,15,0.4505,-18.7688,-7.2072,1,收盘亏5%且最大浮亏8%,0,,top3
2026-05-20,sh601991,sh601991,probe_day0_watch,试盘观察池,rule_strategy,probe_watch_v1,1,94.471828,raw,watch,watch,观察,0,首次试盘；盘中急拉后没有直接发动；回吐明显，像在摸上方抛压,试盘识别-当日观察,2026-05-21,6.91,defense,defense_pressure,防守-弱势承压,暂停新开仓,24.5048,5日全市场上涨占比21.8%；5日全市场中位涨跌幅-3.7%；5日小盘上涨占比20.2%,-1.6362979434874192,6.036440051582215,26.6415,35.1351,21.7856,33.6478,43.5042,-1.2542,-1.1103,-3.6585,-3.1671,-1.7143,21.0978,30.9605,20.1544,31.1321,41.3734,-1.469,-1.2122,-3.3225,-3.3525,-1.9678,35.1573,40.137,21.6438,32.0548,44.9315,-0.7692,-0.6816,-4.0581,-3.2915,-1.0242,1,5,13.314,-3.3285,11.5774,0,,1,10,43.5601,-3.3285,31.6932,0,,0,15,43.5601,-3.3285,12.301,0,,0,,top1
2026-05-20,sz003007,sz003007,probe_day0_watch,试盘观察池,rule_strategy,probe_watch_v1,2,92.131637,raw,watch,watch,观察,0,重新试盘；第2次试盘；盘中急拉后没有直接发动；回吐明显，像在摸上方抛压,试盘识别-当日观察,2026-05-21,49.97,defense,defense_pressure,防守-弱势承压,暂停新开仓,24.5048,5日全市场上涨占比21.8%；5日全市场中位涨跌幅-3.7%；5日小盘上涨占比20.2%,-1.6362979434874192,6.036440051582215,26.6415,35.1351,21.7856,33.6478,43.5042,-1.2542,-1.1103,-3.6585,-3.1671,-1.7143,21.0978,30.9605,20.1544,31.1321,41.3734,-1.469,-1.2122,-3.3225,-3.3525,-1.9678,35.1573,40.137,21.6438,32.0548,44.9315,-0.7692,-0.6816,-4.0581,-3.2915,-1.0242,1,5,8.7452,-13.6682,-12.5876,1,收盘亏5%且最大浮亏8%,1,10,8.7452,-19.952,-18.4711,1,收盘亏5%且最大浮亏8%,0,15,8.7452,-22.9938,-21.1927,1,收盘亏5%且最大浮亏8%,0,,top3
2026-05-20,sz000078,sz000078,probe_day0_watch,试盘观察池,rule_strategy,probe_watch_v1,3,89.888485,raw,watch,watch,观察,0,重新试盘；第2次试盘；盘中急拉后没有直接发动；回吐明显，像在摸上方抛压,试盘识别-当日观察,2026-05-21,1.73,defense,defense_pressure,防守-弱势承压,暂停新开仓,24.5048,5日全市场上涨占比21.8%；5日全市场中位涨跌幅-3.7%；5日小盘上涨占比20.2%,-1.6362979434874192,6.036440051582215,26.6415,35.1351,21.7856,33.6478,43.5042,-1.2542,-1.1103,-3.6585,-3.1671,-1.7143,21.0978,30.9605,20.1544,31.1321,41.3734,-1.469,-1.2122,-3.3225,-3.3525,-1.9678,35.1573,40.137,21.6438,32.0548,44.9315,-0.7692,-0.6816,-4.0581,-3.2915,-1.0242,1,5,1.1561,-15.0289,-12.1387,1,收盘亏5%且最大浮亏8%,1,10,12.1387,-15.0289,2.8902,1,最大浮亏8%,0,15,12.1387,-15.0289,-11.5607,1,收盘亏5%且最大浮亏8%,0,,top3
2026-05-20,sz000430,sz000430,probe_day0_watch,试盘观察池,rule_strategy,probe_watch_v1,4,84.8945,raw,watch,watch,观察,0,首次试盘；盘中急拉后没有直接发动；回吐明显，像在摸上方抛压；主动推动偏强,试盘识别-当日观察,2026-05-21,7.49,defense,defense_pressure,防守-弱势承压,暂停新开仓,24.5048,5日全市场上涨占比21.8%；5日全市场中位涨跌幅-3.7%；5日小盘上涨占比20.2%,-1.6362979434874192,6.036440051582215,26.6415,35.1351,21.7856,33.6478,43.5042,-1.2542,-1.1103,-3.6585,-3.1671,-1.7143,21.0978,30.9605,20.1544,31.1321,41.3734,-1.469,-1.2122,-3.3225,-3.3525,-1.9678,35.1573,40.137,21.6438,32.0548,44.9315,-0.7692,-0.6816,-4.0581,-3.2915,-1.0242,1,5,3.3378,-5.8745,0.8011,0,,1,10,13.8852,-5.8745,10.8144,0,,0,15,16.8224,-5.8745,4.8064,0,,0,,top5
2026-05-20,sz002885,sz002885,spark_opportunity_selector,星火机会模型 1.0,model,1.0,1,35.579491,raw,22d,watch,观察,0,22日冲高机会分靠前，突破结构强、出货压力不高,星火机会模型,2026-05-21,49.8,defense,defense_pressure,防守-弱势承压,暂停新开仓,24.5048,5日全市场上涨占比21.8%；5日全市场中位涨跌幅-3.7%；5日小盘上涨占比20.2%,-1.6362979434874192,6.036440051582215,26.6415,35.1351,21.7856,33.6478,43.5042,-1.2542,-1.1103,-3.6585,-3.1671,-1.7143,21.0978,30.9605,20.1544,31.1321,41.3734,-1.469,-1.2122,-3.3225,-3.3525,-1.9678,35.1573,40.137,21.6438,32.0548,44.9315,-0.7692,-0.6816,-4.0581,-3.2915,-1.0242,1,5,12.0482,-6.6466,-3.3936,0,,1,10,12.0482,-17.2088,-15.2811,1,收盘亏5%且最大浮亏8%,0,15,12.0482,-21.5863,-20.9639,1,收盘亏5%且最大浮亏8%,0,35-40,top1
2026-05-20,sh603916,sh603916,spark_opportunity_selector,星火机会模型 1.0,model,1.0,2,33.996714,raw,22d,candidate_buy,明日可买,1,22日冲高机会分靠前，突破结构强、L2主力净流入强、主动买入强,星火机会模型,2026-05-21,16.17,defense,defense_pressure,防守-弱势承压,暂停新开仓,24.5048,5日全市场上涨占比21.8%；5日全市场中位涨跌幅-3.7%；5日小盘上涨占比20.2%,-1.6362979434874192,6.036440051582215,26.6415,35.1351,21.7856,33.6478,43.5042,-1.2542,-1.1103,-3.6585,-3.1671,-1.7143,21.0978,30.9605,20.1544,31.1321,41.3734,-1.469,-1.2122,-3.3225,-3.3525,-1.9678,35.1573,40.137,21.6438,32.0548,44.9315,-0.7692,-0.6816,-4.0581,-3.2915,-1.0242,1,5,2.2882,-12.3067,-8.9054,1,收盘亏5%且最大浮亏8%,1,10,2.2882,-17.8726,-17.0686,1,收盘亏5%且最大浮亏8%,0,15,2.2882,-22.5727,-16.2028,1,收盘亏5%且最大浮亏8%,1,<35,top3
2026-05-20,sh601609,sh601609,spark_opportunity_selector,星火机会模型 1.0,model,1.0,3,33.953612,raw,22d,candidate_buy,明日可买,1,22日冲高机会分靠前，突破结构强、资金潜伏特征较强、L2主力净流入强、主动买入强,星火机会模型,2026-05-21,14.25,defense,defense_pressure,防守-弱势承压,暂停新开仓,24.5048,5日全市场上涨占比21.8%；5日全市场中位涨跌幅-3.7%；5日小盘上涨占比20.2%,-1.6362979434874192,6.036440051582215,26.6415,35.1351,21.7856,33.6478,43.5042,-1.2542,-1.1103,-3.6585,-3.1671,-1.7143,21.0978,30.9605,20.1544,31.1321,41.3734,-1.469,-1.2122,-3.3225,-3.3525,-1.9678,35.1573,40.137,21.6438,32.0548,44.9315,-0.7692,-0.6816,-4.0581,-3.2915,-1.0242,1,5,2.0351,-9.6842,-9.1228,1,收盘亏5%且最大浮亏8%,1,10,2.0351,-16.4211,-4.7018,1,最大浮亏8%,0,15,2.0351,-20.6316,-17.614,1,收盘亏5%且最大浮亏8%,1,<35,top3
2026-05-21,sz000701,sz000701,probe_day0_watch,试盘观察池,rule_strategy,probe_watch_v1,1,87.8102,raw,watch,watch,重点观察,0,首次试盘；盘中急拉后没有直接发动；回吐明显，像在摸上方抛压；主动推动偏强,试盘识别-当日观察,2026-05-22,5.72,defense,defense_active_decline,防守-持续下跌,暂停新开仓,18.1718,5日全市场上涨占比19.0%；5日全市场中位涨跌幅-4.5%；5日小盘上涨占比14.6%,-3.0552670798238535,1.826816220447336,13.3396,20.0565,19.0327,23.6883,33.6581,-2.6439,-3.0737,-4.4511,-5.7239,-4.7067,8.3048,12.7568,14.5548,19.9486,28.9632,-3.1313,-3.9783,-4.9512,-6.4754,-5.4339,19.8358,29.275,21.5068,26.0274,37.3973,-1.7241,-1.7381,-3.6964,-4.6666,-3.381,1,5,8.9161,-2.0979,4.8951,0,,1,10,8.9161,-4.5455,-2.972,0,,0,14,8.9161,-11.3636,-9.2657,1,收盘亏5%且最大浮亏8%,0,,top1
2026-05-21,sz000960,sz000960,probe_day0_watch,试盘观察池,rule_strategy,probe_watch_v1,2,71.437487,raw,watch,watch,观察,0,首次试盘；盘中急拉后没有直接发动；回吐明显，像在摸上方抛压；主动推动偏强,试盘识别-当日观察,2026-05-22,36.92,defense,defense_active_decline,防守-持续下跌,暂停新开仓,18.1718,5日全市场上涨占比19.0%；5日全市场中位涨跌幅-4.5%；5日小盘上涨占比14.6%,-3.0552670798238535,1.826816220447336,13.3396,20.0565,19.0327,23.6883,33.6581,-2.6439,-3.0737,-4.4511,-5.7239,-4.7067,8.3048,12.7568,14.5548,19.9486,28.9632,-3.1313,-3.9783,-4.9512,-6.4754,-5.4339,19.8358,29.275,21.5068,26.0274,37.3973,-1.7241,-1.7381,-3.6964,-4.6666,-3.381,1,5,14.2741,-1.1376,5.0108,0,,1,10,21.7768,-1.1376,13.3261,0,,0,14,21.7768,-10.0758,-7.9902,1,收盘亏5%且最大浮亏8%,0,,top3
2026-05-21,sz003037,sz003037,probe_day0_watch,试盘观察池,rule_strategy,probe_watch_v1,3,64.0136,raw,watch,watch,观察,0,首次试盘；盘中急拉后没有直接发动；回吐明显，像在摸上方抛压；主动推动偏强,试盘识别-当日观察,2026-05-22,7.14,defense,defense_active_decline,防守-持续下跌,暂停新开仓,18.1718,5日全市场上涨占比19.0%；5日全市场中位涨跌幅-4.5%；5日小盘上涨占比14.6%,-3.0552670798238535,1.826816220447336,13.3396,20.0565,19.0327,23.6883,33.6581,-2.6439,-3.0737,-4.4511,-5.7239,-4.7067,8.3048,12.7568,14.5548,19.9486,28.9632,-3.1313,-3.9783,-4.9512,-6.4754,-5.4339,19.8358,29.275,21.5068,26.0274,37.3973,-1.7241,-1.7381,-3.6964,-4.6666,-3.381,1,5,2.381,-2.8011,-1.5406,0,,1,10,6.5826,-4.7619,-4.6218,0,,0,14,6.5826,-11.0644,-10.6443,1,收盘亏5%且最大浮亏8%,0,,top3
2026-05-21,sh600246,sh600246,spark_opportunity_selector,星火机会模型 1.0,model,1.0,1,36.10175,raw,22d,watch,观察,0,22日冲高机会分靠前，突破结构较好、L2主力净流入强、主动买入强,星火机会模型,2026-05-22,15.68,defense,defense_active_decline,防守-持续下跌,暂停新开仓,18.1718,5日全市场上涨占比19.0%；5日全市场中位涨跌幅-4.5%；5日小盘上涨占比14.6%,-3.0552670798238535,1.826816220447336,13.3396,20.0565,19.0327,23.6883,33.6581,-2.6439,-3.0737,-4.4511,-5.7239,-4.7067,8.3048,12.7568,14.5548,19.9486,28.9632,-3.1313,-3.9783,-4.9512,-6.4754,-5.4339,19.8358,29.275,21.5068,26.0274,37.3973,-1.7241,-1.7381,-3.6964,-4.6666,-3.381,1,5,7.2066,-9.7577,7.2066,1,最大浮亏8%,1,10,20.3444,-9.7577,20.3444,1,最大浮亏8%,0,14,20.3444,-9.7577,6.0587,1,最大浮亏8%,0,35-40,top1
2026-05-21,sz002297,sz002297,spark_opportunity_selector,星火机会模型 1.0,model,1.0,2,35.954715,raw,22d,candidate_buy,明日可买,1,22日冲高机会分靠前，资金潜伏特征较强、L2主力净流入强、主动买入强、出货压力不高,星火机会模型,2026-05-22,24.69,defense,defense_active_decline,防守-持续下跌,暂停新开仓,18.1718,5日全市场上涨占比19.0%；5日全市场中位涨跌幅-4.5%；5日小盘上涨占比14.6%,-3.0552670798238535,1.826816220447336,13.3396,20.0565,19.0327,23.6883,33.6581,-2.6439,-3.0737,-4.4511,-5.7239,-4.7067,8.3048,12.7568,14.5548,19.9486,28.9632,-3.1313,-3.9783,-4.9512,-6.4754,-5.4339,19.8358,29.275,21.5068,26.0274,37.3973,-1.7241,-1.7381,-3.6964,-4.6666,-3.381,1,5,18.4285,-13.6493,-7.2499,1,收盘亏5%且最大浮亏8%,1,10,18.4285,-21.5472,-15.8364,1,收盘亏5%且最大浮亏8%,0,14,18.4285,-22.6407,-15.6339,1,收盘亏5%且最大浮亏8%,1,35-40,top3
2026-05-21,sz002552,sz002552,spark_opportunity_selector,星火机会模型 1.0,model,1.0,3,35.478478,raw,22d,watch,观察,0,22日冲高机会分靠前，L2主力净流入强、主动买入强、出货压力不高,星火机会模型,2026-05-22,36.94,defense,defense_active_decline,防守-持续下跌,暂停新开仓,18.1718,5日全市场上涨占比19.0%；5日全市场中位涨跌幅-4.5%；5日小盘上涨占比14.6%,-3.0552670798238535,1.826816220447336,13.3396,20.0565,19.0327,23.6883,33.6581,-2.6439,-3.0737,-4.4511,-5.7239,-4.7067,8.3048,12.7568,14.5548,19.9486,28.9632,-3.1313,-3.9783,-4.9512,-6.4754,-5.4339,19.8358,29.275,21.5068,26.0274,37.3973,-1.7241,-1.7381,-3.6964,-4.6666,-3.381,1,5,50.4602,-1.3265,50.4602,0,,1,10,70.4927,-1.3265,59.7185,0,,0,14,80.5089,-1.3265,60.5306,0,,0,35-40,top3
2026-05-22,sz002760,sz002760,probe_d3_confirmed,试盘D3确认池,rule_strategy,probe_confirm_v1,1,92.8857,raw,swing,watch,观察,0,首次试盘后进入D3确认；D3 OIB继续为正；盘口承接强于抛压；位置还没顶到极限,试盘识别-三日确认,2026-05-25,23.06,defense,defense_active_decline,防守-持续下跌,暂停新开仓,26.6706,5日全市场上涨占比26.0%；5日小盘上涨占比20.9%,0.11530921837075159,4.0893679868990285,65.7457,20.9419,26.005,23.1301,36.5493,0.7824,-2.8053,-2.6304,-5.6561,-3.7037,76.8638,15.5099,20.9083,19.4516,33.8475,1.204,-3.2197,-2.8998,-6.2181,-3.7491,55.6772,29.0014,32.7397,26.5753,38.0822,0.3279,-1.9861,-2.221,-4.7048,-2.9164,1,5,3.4692,-17.6496,-16.5221,1,收盘亏5%且最大浮亏8%,1,10,3.4692,-20.6418,-18.5169,1,收盘亏5%且最大浮亏8%,0,13,3.4692,-24.0243,-21.5958,1,收盘亏5%且最大浮亏8%,0,,top1
2026-05-22,sz000159,sz000159,probe_d3_confirmed,试盘D3确认池,rule_strategy,probe_confirm_v1,2,62.9239,raw,swing,watch,观察,0,首次试盘后进入D3确认；超大单没有撤,试盘识别-三日确认,2026-05-25,7.1,defense,defense_active_decline,防守-持续下跌,暂停新开仓,26.6706,5日全市场上涨占比26.0%；5日小盘上涨占比20.9%,0.11530921837075159,4.0893679868990285,65.7457,20.9419,26.005,23.1301,36.5493,0.7824,-2.8053,-2.6304,-5.6561,-3.7037,76.8638,15.5099,20.9083,19.4516,33.8475,1.204,-3.2197,-2.8998,-6.2181,-3.7491,55.6772,29.0014,32.7397,26.5753,38.0822,0.3279,-1.9861,-2.221,-4.7048,-2.9164,1,5,1.2676,-9.8592,-8.8732,1,收盘亏5%且最大浮亏8%,1,10,1.2676,-9.8592,-1.4085,1,最大浮亏8%,0,13,1.2676,-16.0563,-12.3944,1,收盘亏5%且最大浮亏8%,0,,top3
2026-05-22,sz002443,sz002443,probe_d3_confirmed,试盘D3确认池,rule_strategy,probe_confirm_v1,3,54.0809,raw,swing,watch,观察,0,首次试盘后进入D3确认；D3 OIB继续为正；盘口承接强于抛压；位置还没顶到极限,试盘识别-三日确认,2026-05-25,12.6,defense,defense_active_decline,防守-持续下跌,暂停新开仓,26.6706,5日全市场上涨占比26.0%；5日小盘上涨占比20.9%,0.11530921837075159,4.0893679868990285,65.7457,20.9419,26.005,23.1301,36.5493,0.7824,-2.8053,-2.6304,-5.6561,-3.7037,76.8638,15.5099,20.9083,19.4516,33.8475,1.204,-3.2197,-2.8998,-6.2181,-3.7491,55.6772,29.0014,32.7397,26.5753,38.0822,0.3279,-1.9861,-2.221,-4.7048,-2.9164,1,5,3.8095,-10.9524,-4.8413,1,最大浮亏8%,1,10,3.8095,-14.0476,-13.6508,1,收盘亏5%且最大浮亏8%,0,13,3.8095,-17.619,-10.7143,1,收盘亏5%且最大浮亏8%,0,,top3
2026-05-22,sz003030,sz003030,probe_day0_watch,试盘观察池,rule_strategy,probe_watch_v1,1,72.307443,raw,watch,watch,观察,0,首次试盘；盘中急拉后没有直接发动；回吐明显，像在摸上方抛压；主动推动偏强,试盘识别-当日观察,2026-05-25,26.52,defense,defense_active_decline,防守-持续下跌,暂停新开仓,26.6706,5日全市场上涨占比26.0%；5日小盘上涨占比20.9%,0.11530921837075159,4.0893679868990285,65.7457,20.9419,26.005,23.1301,36.5493,0.7824,-2.8053,-2.6304,-5.6561,-3.7037,76.8638,15.5099,20.9083,19.4516,33.8475,1.204,-3.2197,-2.8998,-6.2181,-3.7491,55.6772,29.0014,32.7397,26.5753,38.0822,0.3279,-1.9861,-2.221,-4.7048,-2.9164,1,5,1.8477,-12.6697,-11.7647,1,收盘亏5%且最大浮亏8%,1,10,1.8477,-27.0362,-17.7602,1,收盘亏5%且最大浮亏8%,0,13,1.8477,-27.0362,-11.6893,1,收盘亏5%且最大浮亏8%,0,,top1
2026-05-22,sh601515,sh601515,probe_day0_watch,试盘观察池,rule_strategy,probe_watch_v1,2,69.7001,raw,watch,watch,观察,0,首次试盘；盘中急拉后没有直接发动；主动推动偏强,试盘识别-当日观察,2026-05-25,4.36,defense,defense_active_decline,防守-持续下跌,暂停新开仓,26.6706,5日全市场上涨占比26.0%；5日小盘上涨占比20.9%,0.11530921837075159,4.0893679868990285,65.7457,20.9419,26.005,23.1301,36.5493,0.7824,-2.8053,-2.6304,-5.6561,-3.7037,76.8638,15.5099,20.9083,19.4516,33.8475,1.204,-3.2197,-2.8998,-6.2181,-3.7491,55.6772,29.0014,32.7397,26.5753,38.0822,0.3279,-1.9861,-2.221,-4.7048,-2.9164,1,5,0.2294,-8.945,-8.0275,1,收盘亏5%且最大浮亏8%,1,10,0.2294,-11.4679,-10.0917,1,收盘亏5%且最大浮亏8%,0,13,0.2294,-15.8257,-14.2202,1,收盘亏5%且最大浮亏8%,0,,top3
2026-05-22,sz001266,sz001266,spark_opportunity_selector,星火机会模型 1.0,model,1.0,1,33.548061,raw,22d,candidate_buy,明日可买,1,22日冲高机会分靠前，突破结构强、L2主力净流入强、主动买入强、出货压力不高,星火机会模型,2026-05-25,55.74,defense,defense_active_decline,防守-持续下跌,暂停新开仓,26.6706,5日全市场上涨占比26.0%；5日小盘上涨占比20.9%,0.11530921837075159,4.0893679868990285,65.7457,20.9419,26.005,23.1301,36.5493,0.7824,-2.8053,-2.6304,-5.6561,-3.7037,76.8638,15.5099,20.9083,19.4516,33.8475,1.204,-3.2197,-2.8998,-6.2181,-3.7491,55.6772,29.0014,32.7397,26.5753,38.0822,0.3279,-1.9861,-2.221,-4.7048,-2.9164,1,5,1.2738,-13.8859,-9.7417,1,收盘亏5%且最大浮亏8%,1,10,1.2738,-19.268,-16.4334,1,收盘亏5%且最大浮亏8%,0,13,1.2738,-21.8515,-17.8328,1,收盘亏5%且最大浮亏8%,1,<35,top1
2026-05-22,sz002635,sz002635,spark_opportunity_selector,星火机会模型 1.0,model,1.0,2,32.77502,raw,22d,candidate_buy,明日可买,1,22日冲高机会分靠前，突破结构强、资金潜伏特征较强、L2主力净流入强、主动买入强,星火机会模型,2026-05-25,19.23,defense,defense_active_decline,防守-持续下跌,暂停新开仓,26.6706,5日全市场上涨占比26.0%；5日小盘上涨占比20.9%,0.11530921837075159,4.0893679868990285,65.7457,20.9419,26.005,23.1301,36.5493,0.7824,-2.8053,-2.6304,-5.6561,-3.7037,76.8638,15.5099,20.9083,19.4516,33.8475,1.204,-3.2197,-2.8998,-6.2181,-3.7491,55.6772,29.0014,32.7397,26.5753,38.0822,0.3279,-1.9861,-2.221,-4.7048,-2.9164,1,5,1.04,-14.6646,-13.4685,1,收盘亏5%且最大浮亏8%,1,10,1.04,-14.6646,-8.2163,1,收盘亏5%且最大浮亏8%,0,13,1.04,-16.2246,-12.7925,1,收盘亏5%且最大浮亏8%,1,<35,top3
2026-05-22,sz002297,sz002297,spark_opportunity_selector,星火机会模型 1.0,model,1.0,3,32.71046,raw,22d,candidate_buy,明日可买,1,22日冲高机会分靠前，突破结构较好、L2主力净流入强、主动买入强,星火机会模型,2026-05-25,27.38,defense,defense_active_decline,防守-持续下跌,暂停新开仓,26.6706,5日全市场上涨占比26.0%；5日小盘上涨占比20.9%,0.11530921837075159,4.0893679868990285,65.7457,20.9419,26.005,23.1301,36.5493,0.7824,-2.8053,-2.6304,-5.6561,-3.7037,76.8638,15.5099,20.9083,19.4516,33.8475,1.204,-3.2197,-2.8998,-6.2181,-3.7491,55.6772,29.0014,32.7397,26.5753,38.0822,0.3279,-1.9861,-2.221,-4.7048,-2.9164,1,5,6.7933,-24.7261,-24.7261,1,收盘亏5%且最大浮亏8%,1,10,6.7933,-29.2549,-25.347,1,收盘亏5%且最大浮亏8%,0,13,6.7933,-30.2411,-23.9226,1,收盘亏5%且最大浮亏8%,1,<35,top3
2026-05-25,sz003007,sz003007,probe_d3_confirmed,试盘D3确认池,rule_strategy,probe_confirm_v1,1,113.9713,raw,swing,watch,观察,0,重新试盘后进入D3确认；这是第2次试盘；D3 OIB继续为正；盘口承接强于抛压,试盘识别-三日确认,2026-05-26,50.59,defense,defense_pressure,防守-弱势承压,暂停新开仓,27.1703,5日全市场上涨占比28.1%；5日小盘上涨占比19.5%,0.9070695656844707,3.750299617165642,41.2171,27.4639,28.0603,22.7073,36.3808,-0.3979,-2.0026,-2.499,-6.2544,-4.0816,29.8801,19.7774,19.5205,17.9795,33.1336,-1.0255,-2.7279,-3.705,-7.2155,-4.4183,54.5082,36.7989,38.4405,27.8082,39.1781,0.3108,-0.9585,-1.0317,-4.8066,-2.991,1,5,0.0,-17.7703,-16.4262,1,收盘亏5%且最大浮亏8%,1,10,0.0,-23.9375,-22.5341,1,收盘亏5%且最大浮亏8%,0,12,0.0,-23.9375,-22.1585,1,收盘亏5%且最大浮亏8%,0,,top1
2026-05-25,sz001207,sz001207,probe_day0_watch,试盘观察池,rule_strategy,probe_watch_v1,1,89.042,raw,watch,watch,观察,0,重新试盘；第2次试盘；盘中急拉后没有直接发动；回吐明显，像在摸上方抛压,试盘识别-当日观察,2026-05-26,19.95,defense,defense_pressure,防守-弱势承压,暂停新开仓,27.1703,5日全市场上涨占比28.1%；5日小盘上涨占比19.5%,0.9070695656844707,3.750299617165642,41.2171,27.4639,28.0603,22.7073,36.3808,-0.3979,-2.0026,-2.499,-6.2544,-4.0816,29.8801,19.7774,19.5205,17.9795,33.1336,-1.0255,-2.7279,-3.705,-7.2155,-4.4183,54.5082,36.7989,38.4405,27.8082,39.1781,0.3108,-0.9585,-1.0317,-4.8066,-2.991,1,5,2.4561,-9.7243,-7.9699,1,收盘亏5%且最大浮亏8%,1,10,2.4561,-12.2807,-10.2256,1,收盘亏5%且最大浮亏8%,0,12,2.4561,-12.2807,-11.0276,1,收盘亏5%且最大浮亏8%,0,,top1
2026-05-25,sh603895,sh603895,probe_day0_watch,试盘观察池,rule_strategy,probe_watch_v1,2,75.10113,raw,watch,watch,观察,0,首次试盘；盘中急拉后没有直接发动；回吐明显，像在摸上方抛压,试盘识别-当日观察,2026-05-26,37.14,defense,defense_pressure,防守-弱势承压,暂停新开仓,27.1703,5日全市场上涨占比28.1%；5日小盘上涨占比19.5%,0.9070695656844707,3.750299617165642,41.2171,27.4639,28.0603,22.7073,36.3808,-0.3979,-2.0026,-2.499,-6.2544,-4.0816,29.8801,19.7774,19.5205,17.9795,33.1336,-1.0255,-2.7279,-3.705,-7.2155,-4.4183,54.5082,36.7989,38.4405,27.8082,39.1781,0.3108,-0.9585,-1.0317,-4.8066,-2.991,1,5,12.4933,-6.0851,-0.1346,0,,1,10,12.4933,-13.8126,-12.1163,1,收盘亏5%且最大浮亏8%,0,12,12.4933,-17.5552,-16.8013,1,收盘亏5%且最大浮亏8%,0,,top3
2026-05-25,sz000677,sz000677,probe_day0_watch,试盘观察池,rule_strategy,probe_watch_v1,3,71.6146,raw,watch,watch,观察,0,首次试盘；盘中急拉后没有直接发动；回吐明显，像在摸上方抛压；主动推动偏强,试盘识别-当日观察,2026-05-26,2.0,defense,defense_pressure,防守-弱势承压,暂停新开仓,27.1703,5日全市场上涨占比28.1%；5日小盘上涨占比19.5%,0.9070695656844707,3.750299617165642,41.2171,27.4639,28.0603,22.7073,36.3808,-0.3979,-2.0026,-2.499,-6.2544,-4.0816,29.8801,19.7774,19.5205,17.9795,33.1336,-1.0255,-2.7279,-3.705,-7.2155,-4.4183,54.5082,36.7989,38.4405,27.8082,39.1781,0.3108,-0.9585,-1.0317,-4.8066,-2.991,1,5,7.5,-8.0,5.0,1,最大浮亏8%,1,10,16.0,-8.0,3.5,1,最大浮亏8%,0,12,16.0,-8.0,-5.5,1,收盘亏5%且最大浮亏8%,0,,top3
2026-05-25,sh605259,sh605259,probe_day0_watch,试盘观察池,rule_strategy,probe_watch_v1,4,58.5856,raw,watch,watch,观察,0,首次试盘；盘中急拉后没有直接发动,试盘识别-当日观察,2026-05-26,19.68,defense,defense_pressure,防守-弱势承压,暂停新开仓,27.1703,5日全市场上涨占比28.1%；5日小盘上涨占比19.5%,0.9070695656844707,3.750299617165642,41.2171,27.4639,28.0603,22.7073,36.3808,-0.3979,-2.0026,-2.499,-6.2544,-4.0816,29.8801,19.7774,19.5205,17.9795,33.1336,-1.0255,-2.7279,-3.705,-7.2155,-4.4183,54.5082,36.7989,38.4405,27.8082,39.1781,0.3108,-0.9585,-1.0317,-4.8066,-2.991,1,5,2.5915,-8.9431,-1.2703,1,最大浮亏8%,1,10,2.5915,-8.9431,-5.4878,1,收盘亏5%且最大浮亏8%,0,12,2.5915,-8.9431,-6.8598,1,收盘亏5%且最大浮亏8%,0,,top5
2026-05-25,sh603958,sh603958,spark_opportunity_selector,星火机会模型 1.0,model,1.0,1,37.590054,raw,22d,candidate_buy,明日可买,1,22日冲高机会分靠前，资金潜伏特征较强、L2主力净流入强、主动买入强、出货压力不高,星火机会模型,2026-05-26,23.6,defense,defense_pressure,防守-弱势承压,暂停新开仓,27.1703,5日全市场上涨占比28.1%；5日小盘上涨占比19.5%,0.9070695656844707,3.750299617165642,41.2171,27.4639,28.0603,22.7073,36.3808,-0.3979,-2.0026,-2.499,-6.2544,-4.0816,29.8801,19.7774,19.5205,17.9795,33.1336,-1.0255,-2.7279,-3.705,-7.2155,-4.4183,54.5082,36.7989,38.4405,27.8082,39.1781,0.3108,-0.9585,-1.0317,-4.8066,-2.991,1,5,3.6864,-13.5169,-9.8305,1,收盘亏5%且最大浮亏8%,1,10,3.6864,-19.4915,-16.822,1,收盘亏5%且最大浮亏8%,0,12,3.6864,-20.3814,-17.8814,1,收盘亏5%且最大浮亏8%,1,35-40,top1
2026-05-25,sh600552,sh600552,spark_opportunity_selector,星火机会模型 1.0,model,1.0,2,35.207688,raw,22d,candidate_buy,明日可买,1,22日冲高机会分靠前，突破结构强、资金潜伏特征较强、L2主力净流入强、主动买入强,星火机会模型,2026-05-26,19.86,defense,defense_pressure,防守-弱势承压,暂停新开仓,27.1703,5日全市场上涨占比28.1%；5日小盘上涨占比19.5%,0.9070695656844707,3.750299617165642,41.2171,27.4639,28.0603,22.7073,36.3808,-0.3979,-2.0026,-2.499,-6.2544,-4.0816,29.8801,19.7774,19.5205,17.9795,33.1336,-1.0255,-2.7279,-3.705,-7.2155,-4.4183,54.5082,36.7989,38.4405,27.8082,39.1781,0.3108,-0.9585,-1.0317,-4.8066,-2.991,1,5,5.6898,-10.574,-7.6536,1,收盘亏5%且最大浮亏8%,1,10,20.2417,-10.574,11.0272,1,最大浮亏8%,0,12,20.2417,-10.574,4.1289,1,最大浮亏8%,1,35-40,top3
2026-05-25,sh600176,sh600176,spark_opportunity_selector,星火机会模型 1.0,model,1.0,3,35.087599,raw,22d,candidate_buy,明日可买,1,22日冲高机会分靠前，突破结构强、资金潜伏特征较强、L2主力净流入强、主动买入强,星火机会模型,2026-05-26,38.98,defense,defense_pressure,防守-弱势承压,暂停新开仓,27.1703,5日全市场上涨占比28.1%；5日小盘上涨占比19.5%,0.9070695656844707,3.750299617165642,41.2171,27.4639,28.0603,22.7073,36.3808,-0.3979,-2.0026,-2.499,-6.2544,-4.0816,29.8801,19.7774,19.5205,17.9795,33.1336,-1.0255,-2.7279,-3.705,-7.2155,-4.4183,54.5082,36.7989,38.4405,27.8082,39.1781,0.3108,-0.9585,-1.0317,-4.8066,-2.991,1,5,12.8271,-2.7707,-1.6675,0,,1,10,12.8271,-12.3397,-8.7737,1,收盘亏5%且最大浮亏8%,0,12,12.8271,-12.3397,1.0005,1,最大浮亏8%,1,35-40,top3
2026-05-25,sz002361,sz002361,stable_capital_callback,资金流回调稳健,rule_strategy,S01-M05-conservative-combined-risk,1,97.49,raw,swing,candidate_buy,可买入,1,no_launch；风险标签 0 个,资金流回调稳健策略,2026-05-26,17.52,defense,defense_pressure,防守-弱势承压,暂停新开仓,27.1703,5日全市场上涨占比28.1%；5日小盘上涨占比19.5%,0.9070695656844707,3.750299617165642,41.2171,27.4639,28.0603,22.7073,36.3808,-0.3979,-2.0026,-2.499,-6.2544,-4.0816,29.8801,19.7774,19.5205,17.9795,33.1336,-1.0255,-2.7279,-3.705,-7.2155,-4.4183,54.5082,36.7989,38.4405,27.8082,39.1781,0.3108,-0.9585,-1.0317,-4.8066,-2.991,1,5,0.1712,-13.984,-13.6986,1,收盘亏5%且最大浮亏8%,1,10,5.5365,-17.4087,5.5365,1,最大浮亏8%,0,12,11.4726,-17.4087,9.0183,1,最大浮亏8%,1,,top1
2026-05-25,sh605289,sh605289,stable_capital_callback,资金流回调稳健,rule_strategy,S01-M05-conservative-combined-risk,2,89.63,raw,swing,candidate_buy,可买入,1,no_launch；风险标签 0 个,资金流回调稳健策略,2026-05-26,111.01,defense,defense_pressure,防守-弱势承压,暂停新开仓,27.1703,5日全市场上涨占比28.1%；5日小盘上涨占比19.5%,0.9070695656844707,3.750299617165642,41.2171,27.4639,28.0603,22.7073,36.3808,-0.3979,-2.0026,-2.499,-6.2544,-4.0816,29.8801,19.7774,19.5205,17.9795,33.1336,-1.0255,-2.7279,-3.705,-7.2155,-4.4183,54.5082,36.7989,38.4405,27.8082,39.1781,0.3108,-0.9585,-1.0317,-4.8066,-2.991,1,5,11.6116,-3.7834,-3.7834,0,,1,10,11.6116,-9.5577,-6.558,1,收盘亏5%且最大浮亏8%,0,12,11.6116,-9.5577,-4.2068,1,最大浮亏8%,1,,top3
2026-05-25,sh600745,sh600745,stable_capital_callback,资金流回调稳健,rule_strategy,S01-M05-conservative-combined-risk,3,88.37,raw,swing,candidate_buy,可买入,1,no_launch；风险标签 0 个,资金流回调稳健策略,2026-05-26,17.51,defense,defense_pressure,防守-弱势承压,暂停新开仓,27.1703,5日全市场上涨占比28.1%；5日小盘上涨占比19.5%,0.9070695656844707,3.750299617165642,41.2171,27.4639,28.0603,22.7073,36.3808,-0.3979,-2.0026,-2.499,-6.2544,-4.0816,29.8801,19.7774,19.5205,17.9795,33.1336,-1.0255,-2.7279,-3.705,-7.2155,-4.4183,54.5082,36.7989,38.4405,27.8082,39.1781,0.3108,-0.9585,-1.0317,-4.8066,-2.991,1,5,23.9292,-5.4826,23.9292,0,,1,10,36.6648,-5.4826,19.4175,0,,0,12,36.6648,-5.4826,7.8241,0,,1,,top3
2026-05-26,sz000960,sz000960,probe_d3_confirmed,试盘D3确认池,rule_strategy,probe_confirm_v1,1,83.4188,raw,swing,watch,观察,0,首次试盘后进入D3确认；超大单没有撤,试盘识别-三日确认,2026-05-27,41.52,defense,defense_repair,防守-修复观察,暂停新开仓,20.6266,5日全市场上涨占比23.3%；5日全市场中位涨跌幅-4.1%；5日小盘上涨占比14.4%,-1.3780973905803573,3.880457747569399,29.266,41.3057,23.258,22.3304,34.8728,-1.1441,-0.6795,-4.0878,-6.1948,-4.41,15.5822,31.1644,14.3836,16.524,29.6233,-1.8634,-1.5316,-5.8762,-7.3559,-5.1249,47.9508,56.4979,37.4829,28.3562,40.137,0.0,0.5185,-1.5908,-4.4415,-2.5961,1,5,4.0222,-11.2235,4.0222,1,最大浮亏8%,1,10,8.2852,-18.3044,-14.6435,1,收盘亏5%且最大浮亏8%,0,11,8.2852,-20.0385,-18.184,1,收盘亏5%且最大浮亏8%,0,,top1
2026-05-26,sz001258,sz001258,probe_day0_watch,试盘观察池,rule_strategy,probe_watch_v1,1,75.7226,raw,watch,watch,观察,0,首次试盘；盘中急拉后没有直接发动；回吐明显，像在摸上方抛压；主动推动偏强,试盘识别-当日观察,2026-05-27,9.74,defense,defense_repair,防守-修复观察,暂停新开仓,20.6266,5日全市场上涨占比23.3%；5日全市场中位涨跌幅-4.1%；5日小盘上涨占比14.4%,-1.3780973905803573,3.880457747569399,29.266,41.3057,23.258,22.3304,34.8728,-1.1441,-0.6795,-4.0878,-6.1948,-4.41,15.5822,31.1644,14.3836,16.524,29.6233,-1.8634,-1.5316,-5.8762,-7.3559,-5.1249,47.9508,56.4979,37.4829,28.3562,40.137,0.0,0.5185,-1.5908,-4.4415,-2.5961,1,5,10.883,-1.0267,8.8296,0,,1,10,18.9938,-14.6817,-11.3963,1,收盘亏5%且最大浮亏8%,0,11,18.9938,-19.3018,-18.3778,1,收盘亏5%且最大浮亏8%,0,,top1
2026-05-26,sz002351,sz002351,probe_day0_watch,试盘观察池,rule_strategy,probe_watch_v1,2,69.8641,raw,watch,watch,观察,0,首次试盘；盘中急拉后没有直接发动；主动推动偏强；题材位置不差,试盘识别-当日观察,2026-05-27,11.08,defense,defense_repair,防守-修复观察,暂停新开仓,20.6266,5日全市场上涨占比23.3%；5日全市场中位涨跌幅-4.1%；5日小盘上涨占比14.4%,-1.3780973905803573,3.880457747569399,29.266,41.3057,23.258,22.3304,34.8728,-1.1441,-0.6795,-4.0878,-6.1948,-4.41,15.5822,31.1644,14.3836,16.524,29.6233,-1.8634,-1.5316,-5.8762,-7.3559,-5.1249,47.9508,56.4979,37.4829,28.3562,40.137,0.0,0.5185,-1.5908,-4.4415,-2.5961,1,5,4.3321,-1.083,2.6173,0,,1,10,4.3321,-6.9495,-6.3177,1,收盘亏5%,0,11,4.3321,-10.5596,-9.5668,1,收盘亏5%且最大浮亏8%,0,,top3
2026-05-26,sh600176,sh600176,spark_opportunity_selector,星火机会模型 1.0,model,1.0,1,36.261726,raw,22d,candidate_buy,明日可买,1,22日冲高机会分靠前，突破结构强、资金潜伏特征较强、出货压力不高,星火机会模型,2026-05-27,41.28,defense,defense_repair,防守-修复观察,暂停新开仓,20.6266,5日全市场上涨占比23.3%；5日全市场中位涨跌幅-4.1%；5日小盘上涨占比14.4%,-1.3780973905803573,3.880457747569399,29.266,41.3057,23.258,22.3304,34.8728,-1.1441,-0.6795,-4.0878,-6.1948,-4.41,15.5822,31.1644,14.3836,16.524,29.6233,-1.8634,-1.5316,-5.8762,-7.3559,-5.1249,47.9508,56.4979,37.4829,28.3562,40.137,0.0,0.5185,-1.5908,-4.4415,-2.5961,1,5,6.5407,-9.6415,-5.7655,1,收盘亏5%且最大浮亏8%,1,10,6.5407,-17.2238,-5.2326,1,收盘亏5%且最大浮亏8%,0,11,6.5407,-17.2238,-4.6269,1,最大浮亏8%,1,35-40,top1
2026-05-26,sh603823,sh603823,spark_opportunity_selector,星火机会模型 1.0,model,1.0,2,34.494539,raw,22d,candidate_buy,明日可买,1,22日冲高机会分靠前，突破结构强、L2主力净流入强、主动买入强、出货压力不高,星火机会模型,2026-05-27,27.2,defense,defense_repair,防守-修复观察,暂停新开仓,20.6266,5日全市场上涨占比23.3%；5日全市场中位涨跌幅-4.1%；5日小盘上涨占比14.4%,-1.3780973905803573,3.880457747569399,29.266,41.3057,23.258,22.3304,34.8728,-1.1441,-0.6795,-4.0878,-6.1948,-4.41,15.5822,31.1644,14.3836,16.524,29.6233,-1.8634,-1.5316,-5.8762,-7.3559,-5.1249,47.9508,56.4979,37.4829,28.3562,40.137,0.0,0.5185,-1.5908,-4.4415,-2.5961,1,5,4.5221,-8.0882,3.8971,1,最大浮亏8%,1,10,30.625,-8.0882,29.7059,1,最大浮亏8%,0,11,42.6838,-8.0882,42.6838,1,最大浮亏8%,1,<35,top3
2026-05-26,sh603221,sh603221,spark_opportunity_selector,星火机会模型 1.0,model,1.0,3,34.15659,raw,22d,candidate_buy,明日可买,1,22日冲高机会分靠前，突破结构强、资金潜伏特征较强、L2主力净流入强、主动买入强,星火机会模型,2026-05-27,13.38,defense,defense_repair,防守-修复观察,暂停新开仓,20.6266,5日全市场上涨占比23.3%；5日全市场中位涨跌幅-4.1%；5日小盘上涨占比14.4%,-1.3780973905803573,3.880457747569399,29.266,41.3057,23.258,22.3304,34.8728,-1.1441,-0.6795,-4.0878,-6.1948,-4.41,15.5822,31.1644,14.3836,16.524,29.6233,-1.8634,-1.5316,-5.8762,-7.3559,-5.1249,47.9508,56.4979,37.4829,28.3562,40.137,0.0,0.5185,-1.5908,-4.4415,-2.5961,1,5,2.3169,-9.4918,-4.858,1,最大浮亏8%,1,10,2.3169,-10.1644,-8.5202,1,收盘亏5%且最大浮亏8%,0,11,2.3169,-11.0613,-9.716,1,收盘亏5%且最大浮亏8%,1,<35,top3
2026-05-26,sh605117,sh605117,stable_capital_callback,资金流回调稳健,rule_strategy,S01-M05-conservative-combined-risk,1,96.89,raw,swing,candidate_buy,可买入,1,no_launch；风险标签 0 个,资金流回调稳健策略,2026-05-27,118.45,defense,defense_repair,防守-修复观察,暂停新开仓,20.6266,5日全市场上涨占比23.3%；5日全市场中位涨跌幅-4.1%；5日小盘上涨占比14.4%,-1.3780973905803573,3.880457747569399,29.266,41.3057,23.258,22.3304,34.8728,-1.1441,-0.6795,-4.0878,-6.1948,-4.41,15.5822,31.1644,14.3836,16.524,29.6233,-1.8634,-1.5316,-5.8762,-7.3559,-5.1249,47.9508,56.4979,37.4829,28.3562,40.137,0.0,0.5185,-1.5908,-4.4415,-2.5961,1,5,7.1338,-9.1515,-6.2051,1,收盘亏5%且最大浮亏8%,1,10,7.1338,-14.943,-12.309,1,收盘亏5%且最大浮亏8%,0,11,7.1338,-15.8295,-12.0135,1,收盘亏5%且最大浮亏8%,1,,top1
2026-05-26,sz002131,sz002131,stable_capital_callback,资金流回调稳健,rule_strategy,S01-M05-conservative-combined-risk,2,94.13,raw,swing,candidate_buy,可买入,1,no_launch；风险标签 0 个,资金流回调稳健策略,2026-05-27,6.13,defense,defense_repair,防守-修复观察,暂停新开仓,20.6266,5日全市场上涨占比23.3%；5日全市场中位涨跌幅-4.1%；5日小盘上涨占比14.4%,-1.3780973905803573,3.880457747569399,29.266,41.3057,23.258,22.3304,34.8728,-1.1441,-0.6795,-4.0878,-6.1948,-4.41,15.5822,31.1644,14.3836,16.524,29.6233,-1.8634,-1.5316,-5.8762,-7.3559,-5.1249,47.9508,56.4979,37.4829,28.3562,40.137,0.0,0.5185,-1.5908,-4.4415,-2.5961,1,5,1.1419,-7.5041,-5.3834,1,收盘亏5%,1,10,1.1419,-13.2137,-9.4617,1,收盘亏5%且最大浮亏8%,0,11,1.1419,-13.2137,-12.398,1,收盘亏5%且最大浮亏8%,1,,top3
2026-05-26,sz002342,sz002342,stable_capital_callback,资金流回调稳健,rule_strategy,S01-M05-conservative-combined-risk,3,93.02,raw,swing,candidate_buy,可买入,1,no_launch；风险标签 0 个,资金流回调稳健策略,2026-05-27,12.38,defense,defense_repair,防守-修复观察,暂停新开仓,20.6266,5日全市场上涨占比23.3%；5日全市场中位涨跌幅-4.1%；5日小盘上涨占比14.4%,-1.3780973905803573,3.880457747569399,29.266,41.3057,23.258,22.3304,34.8728,-1.1441,-0.6795,-4.0878,-6.1948,-4.41,15.5822,31.1644,14.3836,16.524,29.6233,-1.8634,-1.5316,-5.8762,-7.3559,-5.1249,47.9508,56.4979,37.4829,28.3562,40.137,0.0,0.5185,-1.5908,-4.4415,-2.5961,1,5,0.1616,-11.874,-9.6931,1,收盘亏5%且最大浮亏8%,1,10,0.1616,-14.6204,-12.7625,1,收盘亏5%且最大浮亏8%,0,11,0.1616,-18.2553,-17.1244,1,收盘亏5%且最大浮亏8%,1,,top3
2026-05-27,sz003030,sz003030,probe_d3_confirmed,试盘D3确认池,rule_strategy,probe_confirm_v1,1,83.7799,raw,swing,watch,观察,0,首次试盘后进入D3确认；超大单没有撤,试盘识别-三日确认,2026-05-28,25.31,defense,defense_active_decline,防守-持续下跌,暂停新开仓,15.6228,5日全市场上涨占比20.5%；5日全市场中位涨跌幅-4.9%；5日小盘上涨占比12.8%,-2.978748958653732,2.9187003708462944,17.9737,23.212,20.4645,17.3367,31.1656,-2.0798,-3.3442,-4.854,-8.2169,-5.8036,12.4144,13.613,12.8425,12.3288,24.9144,-2.3294,-4.9064,-6.5314,-9.5272,-7.5523,27.0492,39.7541,33.1053,23.5616,37.9452,-1.4268,-0.7371,-2.0059,-5.6469,-2.8201,1,5,2.6472,-15.1719,-15.1719,1,收盘亏5%且最大浮亏8%,1,10,2.6472,-23.548,-7.4674,1,收盘亏5%且最大浮亏8%,0,10,2.6472,-23.548,-7.4674,1,收盘亏5%且最大浮亏8%,0,,top1
2026-05-27,sh601515,sh601515,probe_d3_confirmed,试盘D3确认池,rule_strategy,probe_confirm_v1,2,68.5801,raw,swing,watch,观察,0,首次试盘后进入D3确认；D3 OIB继续为正；盘口承接强于抛压；位置还没顶到极限,试盘识别-三日确认,2026-05-28,4.12,defense,defense_active_decline,防守-持续下跌,暂停新开仓,15.6228,5日全市场上涨占比20.5%；5日全市场中位涨跌幅-4.9%；5日小盘上涨占比12.8%,-2.978748958653732,2.9187003708462944,17.9737,23.212,20.4645,17.3367,31.1656,-2.0798,-3.3442,-4.854,-8.2169,-5.8036,12.4144,13.613,12.8425,12.3288,24.9144,-2.3294,-4.9064,-6.5314,-9.5272,-7.5523,27.0492,39.7541,33.1053,23.5616,37.9452,-1.4268,-0.7371,-2.0059,-5.6469,-2.8201,1,5,1.2136,-4.3689,-3.3981,0,,1,10,1.2136,-10.9223,-9.2233,1,收盘亏5%且最大浮亏8%,0,10,1.2136,-10.9223,-9.2233,1,收盘亏5%且最大浮亏8%,0,,top3
2026-05-27,sz002896,sz002896,probe_day0_watch,试盘观察池,rule_strategy,probe_watch_v1,1,94.254127,raw,watch,watch,观察,0,首次试盘；盘中急拉后没有直接发动；回吐明显，像在摸上方抛压；主动推动偏强,试盘识别-当日观察,2026-05-28,85.25,defense,defense_active_decline,防守-持续下跌,暂停新开仓,15.6228,5日全市场上涨占比20.5%；5日全市场中位涨跌幅-4.9%；5日小盘上涨占比12.8%,-2.978748958653732,2.9187003708462944,17.9737,23.212,20.4645,17.3367,31.1656,-2.0798,-3.3442,-4.854,-8.2169,-5.8036,12.4144,13.613,12.8425,12.3288,24.9144,-2.3294,-4.9064,-6.5314,-9.5272,-7.5523,27.0492,39.7541,33.1053,23.5616,37.9452,-1.4268,-0.7371,-2.0059,-5.6469,-2.8201,1,5,1.349,-13.6657,-7.4487,1,收盘亏5%且最大浮亏8%,1,10,11.9062,-13.6657,6.2991,1,最大浮亏8%,0,10,11.9062,-13.6657,6.2991,1,最大浮亏8%,0,,top1
2026-05-27,sz002887,sz002887,probe_day0_watch,试盘观察池,rule_strategy,probe_watch_v1,2,85.3559,raw,watch,watch,观察,0,重新试盘；第2次试盘；盘中急拉后没有直接发动；回吐明显，像在摸上方抛压,试盘识别-当日观察,2026-05-28,13.42,defense,defense_active_decline,防守-持续下跌,暂停新开仓,15.6228,5日全市场上涨占比20.5%；5日全市场中位涨跌幅-4.9%；5日小盘上涨占比12.8%,-2.978748958653732,2.9187003708462944,17.9737,23.212,20.4645,17.3367,31.1656,-2.0798,-3.3442,-4.854,-8.2169,-5.8036,12.4144,13.613,12.8425,12.3288,24.9144,-2.3294,-4.9064,-6.5314,-9.5272,-7.5523,27.0492,39.7541,33.1053,23.5616,37.9452,-1.4268,-0.7371,-2.0059,-5.6469,-2.8201,1,5,3.2042,-3.2787,1.4158,0,,1,10,3.2042,-10.5067,-9.3145,1,收盘亏5%且最大浮亏8%,0,10,3.2042,-10.5067,-9.3145,1,收盘亏5%且最大浮亏8%,0,,top3
2026-05-27,sz002952,sz002952,probe_day0_watch,试盘观察池,rule_strategy,probe_watch_v1,3,84.5277,raw,watch,watch,观察,0,重新试盘；第2次试盘；盘中急拉后没有直接发动；回吐明显，像在摸上方抛压,试盘识别-当日观察,2026-05-28,28.19,defense,defense_active_decline,防守-持续下跌,暂停新开仓,15.6228,5日全市场上涨占比20.5%；5日全市场中位涨跌幅-4.9%；5日小盘上涨占比12.8%,-2.978748958653732,2.9187003708462944,17.9737,23.212,20.4645,17.3367,31.1656,-2.0798,-3.3442,-4.854,-8.2169,-5.8036,12.4144,13.613,12.8425,12.3288,24.9144,-2.3294,-4.9064,-6.5314,-9.5272,-7.5523,27.0492,39.7541,33.1053,23.5616,37.9452,-1.4268,-0.7371,-2.0059,-5.6469,-2.8201,1,5,6.9528,-14.083,-12.8414,1,收盘亏5%且最大浮亏8%,1,10,6.9528,-19.6169,-17.7013,1,收盘亏5%且最大浮亏8%,0,10,6.9528,-19.6169,-17.7013,1,收盘亏5%且最大浮亏8%,0,,top3
2026-05-27,sz002989,sz002989,probe_day0_watch,试盘观察池,rule_strategy,probe_watch_v1,4,76.196113,raw,watch,watch,观察,0,首次试盘；盘中急拉后没有直接发动；回吐明显，像在摸上方抛压,试盘识别-当日观察,2026-05-28,30.65,defense,defense_active_decline,防守-持续下跌,暂停新开仓,15.6228,5日全市场上涨占比20.5%；5日全市场中位涨跌幅-4.9%；5日小盘上涨占比12.8%,-2.978748958653732,2.9187003708462944,17.9737,23.212,20.4645,17.3367,31.1656,-2.0798,-3.3442,-4.854,-8.2169,-5.8036,12.4144,13.613,12.8425,12.3288,24.9144,-2.3294,-4.9064,-6.5314,-9.5272,-7.5523,27.0492,39.7541,33.1053,23.5616,37.9452,-1.4268,-0.7371,-2.0059,-5.6469,-2.8201,1,5,2.1207,-12.6591,-7.2104,1,收盘亏5%且最大浮亏8%,1,10,2.1207,-12.6591,-7.602,1,收盘亏5%且最大浮亏8%,0,10,2.1207,-12.6591,-7.602,1,收盘亏5%且最大浮亏8%,0,,top5
2026-05-27,sz000582,sz000582,probe_day0_watch,试盘观察池,rule_strategy,probe_watch_v1,5,70.139679,raw,watch,watch,观察,0,首次试盘；盘中急拉后没有直接发动；回吐明显，像在摸上方抛压；主动推动偏强,试盘识别-当日观察,2026-05-28,13.7,defense,defense_active_decline,防守-持续下跌,暂停新开仓,15.6228,5日全市场上涨占比20.5%；5日全市场中位涨跌幅-4.9%；5日小盘上涨占比12.8%,-2.978748958653732,2.9187003708462944,17.9737,23.212,20.4645,17.3367,31.1656,-2.0798,-3.3442,-4.854,-8.2169,-5.8036,12.4144,13.613,12.8425,12.3288,24.9144,-2.3294,-4.9064,-6.5314,-9.5272,-7.5523,27.0492,39.7541,33.1053,23.5616,37.9452,-1.4268,-0.7371,-2.0059,-5.6469,-2.8201,1,5,12.8467,-6.3504,8.8321,0,,1,10,12.8467,-16.7883,-15.9124,1,收盘亏5%且最大浮亏8%,0,10,12.8467,-16.7883,-15.9124,1,收盘亏5%且最大浮亏8%,0,,top5
2026-05-27,sz002539,sz002539,probe_day0_watch,试盘观察池,rule_strategy,probe_watch_v1,6,63.0871,raw,watch,watch,观察,0,首次试盘；盘中急拉后没有直接发动；回吐明显，像在摸上方抛压；主动推动偏强,试盘识别-当日观察,2026-05-28,13.15,defense,defense_active_decline,防守-持续下跌,暂停新开仓,15.6228,5日全市场上涨占比20.5%；5日全市场中位涨跌幅-4.9%；5日小盘上涨占比12.8%,-2.978748958653732,2.9187003708462944,17.9737,23.212,20.4645,17.3367,31.1656,-2.0798,-3.3442,-4.854,-8.2169,-5.8036,12.4144,13.613,12.8425,12.3288,24.9144,-2.3294,-4.9064,-6.5314,-9.5272,-7.5523,27.0492,39.7541,33.1053,23.5616,37.9452,-1.4268,-0.7371,-2.0059,-5.6469,-2.8201,1,5,1.2167,-8.4411,-4.1825,1,最大浮亏8%,1,10,1.2167,-15.5894,-12.3194,1,收盘亏5%且最大浮亏8%,0,10,1.2167,-15.5894,-12.3194,1,收盘亏5%且最大浮亏8%,0,,other
2026-05-27,sz002199,sz002199,spark_opportunity_selector,星火机会模型 1.0,model,1.0,1,43.213017,raw,22d,candidate_buy,明日可买,1,22日冲高机会分靠前，突破结构强、资金潜伏特征较强、L2主力净流入强、主动买入强,星火机会模型,2026-05-28,15.5,defense,defense_active_decline,防守-持续下跌,暂停新开仓,15.6228,5日全市场上涨占比20.5%；5日全市场中位涨跌幅-4.9%；5日小盘上涨占比12.8%,-2.978748958653732,2.9187003708462944,17.9737,23.212,20.4645,17.3367,31.1656,-2.0798,-3.3442,-4.854,-8.2169,-5.8036,12.4144,13.613,12.8425,12.3288,24.9144,-2.3294,-4.9064,-6.5314,-9.5272,-7.5523,27.0492,39.7541,33.1053,23.5616,37.9452,-1.4268,-0.7371,-2.0059,-5.6469,-2.8201,1,5,3.2258,-11.9355,-11.0968,1,收盘亏5%且最大浮亏8%,1,10,3.2258,-18.5806,-10.4516,1,收盘亏5%且最大浮亏8%,0,10,3.2258,-18.5806,-10.4516,1,收盘亏5%且最大浮亏8%,1,>=40,top1
2026-05-27,sz002241,sz002241,spark_opportunity_selector,星火机会模型 1.0,model,1.0,2,35.057739,raw,22d,candidate_buy,明日可买,1,22日冲高机会分靠前，突破结构强、资金潜伏特征较强、L2主力净流入强、主动买入强,星火机会模型,2026-05-28,27.92,defense,defense_active_decline,防守-持续下跌,暂停新开仓,15.6228,5日全市场上涨占比20.5%；5日全市场中位涨跌幅-4.9%；5日小盘上涨占比12.8%,-2.978748958653732,2.9187003708462944,17.9737,23.212,20.4645,17.3367,31.1656,-2.0798,-3.3442,-4.854,-8.2169,-5.8036,12.4144,13.613,12.8425,12.3288,24.9144,-2.3294,-4.9064,-6.5314,-9.5272,-7.5523,27.0492,39.7541,33.1053,23.5616,37.9452,-1.4268,-0.7371,-2.0059,-5.6469,-2.8201,1,5,4.5129,-6.9484,-3.9756,0,,1,10,4.5129,-18.6963,-18.4814,1,收盘亏5%且最大浮亏8%,0,10,4.5129,-18.6963,-18.4814,1,收盘亏5%且最大浮亏8%,1,35-40,top3
2026-05-27,sz002957,sz002957,spark_opportunity_selector,星火机会模型 1.0,model,1.0,3,35.052698,raw,22d,candidate_buy,明日可买,1,22日冲高机会分靠前，突破结构强、出货压力不高,星火机会模型,2026-05-28,56.05,defense,defense_active_decline,防守-持续下跌,暂停新开仓,15.6228,5日全市场上涨占比20.5%；5日全市场中位涨跌幅-4.9%；5日小盘上涨占比12.8%,-2.978748958653732,2.9187003708462944,17.9737,23.212,20.4645,17.3367,31.1656,-2.0798,-3.3442,-4.854,-8.2169,-5.8036,12.4144,13.613,12.8425,12.3288,24.9144,-2.3294,-4.9064,-6.5314,-9.5272,-7.5523,27.0492,39.7541,33.1053,23.5616,37.9452,-1.4268,-0.7371,-2.0059,-5.6469,-2.8201,1,5,29.1704,-0.2498,17.9483,0,,1,10,29.1704,-6.3515,-4.5317,0,,0,10,29.1704,-6.3515,-4.5317,0,,1,35-40,top3
2026-05-27,sh603538,sh603538,stable_capital_callback,资金流回调稳健,rule_strategy,S01-M05-conservative-combined-risk,1,100.0,raw,swing,candidate_buy,可买入,1,no_launch；风险标签 0 个,资金流回调稳健策略,2026-05-28,47.04,defense,defense_active_decline,防守-持续下跌,暂停新开仓,15.6228,5日全市场上涨占比20.5%；5日全市场中位涨跌幅-4.9%；5日小盘上涨占比12.8%,-2.978748958653732,2.9187003708462944,17.9737,23.212,20.4645,17.3367,31.1656,-2.0798,-3.3442,-4.854,-8.2169,-5.8036,12.4144,13.613,12.8425,12.3288,24.9144,-2.3294,-4.9064,-6.5314,-9.5272,-7.5523,27.0492,39.7541,33.1053,23.5616,37.9452,-1.4268,-0.7371,-2.0059,-5.6469,-2.8201,1,5,1.8282,-10.8206,-8.0145,1,收盘亏5%且最大浮亏8%,1,10,1.8282,-19.5366,-18.1548,1,收盘亏5%且最大浮亏8%,0,10,1.8282,-19.5366,-18.1548,1,收盘亏5%且最大浮亏8%,1,,top1
2026-05-27,sh605117,sh605117,stable_capital_callback,资金流回调稳健,rule_strategy,S01-M05-conservative-combined-risk,2,100.0,raw,swing,candidate_buy,可买入,1,no_launch；风险标签 0 个,资金流回调稳健策略,2026-05-28,122.5,defense,defense_active_decline,防守-持续下跌,暂停新开仓,15.6228,5日全市场上涨占比20.5%；5日全市场中位涨跌幅-4.9%；5日小盘上涨占比12.8%,-2.978748958653732,2.9187003708462944,17.9737,23.212,20.4645,17.3367,31.1656,-2.0798,-3.3442,-4.854,-8.2169,-5.8036,12.4144,13.613,12.8425,12.3288,24.9144,-2.3294,-4.9064,-6.5314,-9.5272,-7.5523,27.0492,39.7541,33.1053,23.5616,37.9452,-1.4268,-0.7371,-2.0059,-5.6469,-2.8201,1,5,0.9469,-12.1551,-5.8531,1,收盘亏5%且最大浮亏8%,1,10,0.9469,-18.6122,-14.9224,1,收盘亏5%且最大浮亏8%,0,10,0.9469,-18.6122,-14.9224,1,收盘亏5%且最大浮亏8%,1,,top3
2026-05-27,sz002396,sz002396,stable_capital_callback,资金流回调稳健,rule_strategy,S01-M05-conservative-combined-risk,3,98.4,raw,swing,candidate_buy,可买入,1,no_launch；风险标签 0 个,资金流回调稳健策略,2026-05-28,23.59,defense,defense_active_decline,防守-持续下跌,暂停新开仓,15.6228,5日全市场上涨占比20.5%；5日全市场中位涨跌幅-4.9%；5日小盘上涨占比12.8%,-2.978748958653732,2.9187003708462944,17.9737,23.212,20.4645,17.3367,31.1656,-2.0798,-3.3442,-4.854,-8.2169,-5.8036,12.4144,13.613,12.8425,12.3288,24.9144,-2.3294,-4.9064,-6.5314,-9.5272,-7.5523,27.0492,39.7541,33.1053,23.5616,37.9452,-1.4268,-0.7371,-2.0059,-5.6469,-2.8201,1,5,6.401,-8.4782,-5.2565,1,收盘亏5%且最大浮亏8%,1,10,6.401,-21.9161,-20.3476,1,收盘亏5%且最大浮亏8%,0,10,6.401,-21.9161,-20.3476,1,收盘亏5%且最大浮亏8%,1,,top3
2026-05-28,sh603895,sh603895,probe_d3_confirmed,试盘D3确认池,rule_strategy,probe_confirm_v1,1,109.4001,raw,swing,candidate_buy,明日可买,1,首次试盘后进入D3确认；D3 OIB继续为正；超大单没有撤；盘口承接强于抛压,试盘识别-三日确认,2026-05-29,39.0,defense,defense_active_decline,防守-持续下跌,暂停新开仓,28.4687,5日全市场上涨占比29.7%；5日小盘上涨占比23.2%,1.4951796345402002,3.585879776387424,48.1017,20.5209,29.7017,20.7037,30.4525,0.0,-2.9821,-2.5729,-6.6563,-6.2937,57.7055,14.0411,23.2021,14.2979,23.3733,0.379,-3.6878,-3.3457,-7.9013,-8.11,36.4754,30.0546,39.8085,28.4932,36.9863,-0.6224,-1.8327,-1.4529,-4.9242,-3.6481,1,5,1.0256,-16.6667,-15.359,1,收盘亏5%且最大浮亏8%,0,9,1.0256,-21.4872,-20.7692,1,收盘亏5%且最大浮亏8%,0,9,1.0256,-21.4872,-20.7692,1,收盘亏5%且最大浮亏8%,1,,top1
2026-05-28,sz000677,sz000677,probe_d3_confirmed,试盘D3确认池,rule_strategy,probe_confirm_v1,2,97.3346,raw,swing,candidate_buy,明日可买,1,首次试盘后进入D3确认；D3 OIB继续为正；超大单没有撤；盘口承接强于抛压；位置还没顶到极限,试盘识别-三日确认,2026-05-29,2.03,defense,defense_active_decline,防守-持续下跌,暂停新开仓,28.4687,5日全市场上涨占比29.7%；5日小盘上涨占比23.2%,1.4951796345402002,3.585879776387424,48.1017,20.5209,29.7017,20.7037,30.4525,0.0,-2.9821,-2.5729,-6.6563,-6.2937,57.7055,14.0411,23.2021,14.2979,23.3733,0.379,-3.6878,-3.3457,-7.9013,-8.11,36.4754,30.0546,39.8085,28.4932,36.9863,-0.6224,-1.8327,-1.4529,-4.9242,-3.6481,1,5,14.2857,-3.4483,-0.4926,0,,0,9,14.2857,-6.8966,-6.8966,1,收盘亏5%,0,9,14.2857,-6.8966,-6.8966,1,收盘亏5%,1,,top3
2026-05-28,sz001207,sz001207,probe_d3_confirmed,试盘D3确认池,rule_strategy,probe_confirm_v1,3,97.322,raw,swing,watch,观察,0,重新试盘后进入D3确认；这是第2次试盘；D3 OIB继续为正；盘口承接强于抛压；位置还没顶到极限,试盘识别-三日确认,2026-05-29,18.82,defense,defense_active_decline,防守-持续下跌,暂停新开仓,28.4687,5日全市场上涨占比29.7%；5日小盘上涨占比23.2%,1.4951796345402002,3.585879776387424,48.1017,20.5209,29.7017,20.7037,30.4525,0.0,-2.9821,-2.5729,-6.6563,-6.2937,57.7055,14.0411,23.2021,14.2979,23.3733,0.379,-3.6878,-3.3457,-7.9013,-8.11,36.4754,30.0546,39.8085,28.4932,36.9863,-0.6224,-1.8327,-1.4529,-4.9242,-3.6481,1,5,1.2221,-6.9607,-0.6376,0,,0,9,1.7535,-7.0138,-5.6854,1,收盘亏5%,0,9,1.7535,-7.0138,-5.6854,1,收盘亏5%,0,,top3
2026-05-28,sh605259,sh605259,probe_d3_confirmed,试盘D3确认池,rule_strategy,probe_confirm_v1,4,78.5856,raw,swing,watch,观察,0,首次试盘后进入D3确认；D3 OIB继续为正；盘口承接强于抛压；位置还没顶到极限,试盘识别-三日确认,2026-05-29,18.26,defense,defense_active_decline,防守-持续下跌,暂停新开仓,28.4687,5日全市场上涨占比29.7%；5日小盘上涨占比23.2%,1.4951796345402002,3.585879776387424,48.1017,20.5209,29.7017,20.7037,30.4525,0.0,-2.9821,-2.5729,-6.6563,-6.2937,57.7055,14.0411,23.2021,14.2979,23.3733,0.379,-3.6878,-3.3457,-7.9013,-8.11,36.4754,30.0546,39.8085,28.4932,36.9863,-0.6224,-1.8327,-1.4529,-4.9242,-3.6481,1,5,8.8171,-0.8762,3.943,0,,0,9,8.8171,-1.5882,0.3834,0,,0,9,8.8171,-1.5882,0.3834,0,,0,,top5
2026-05-28,sz002798,sz002798,probe_day0_watch,试盘观察池,rule_strategy,probe_watch_v1,1,94.2742,raw,watch,watch,观察,0,首次试盘；盘中急拉后没有直接发动；回吐明显，像在摸上方抛压；主动推动偏强,试盘识别-当日观察,2026-05-29,6.6,defense,defense_active_decline,防守-持续下跌,暂停新开仓,28.4687,5日全市场上涨占比29.7%；5日小盘上涨占比23.2%,1.4951796345402002,3.585879776387424,48.1017,20.5209,29.7017,20.7037,30.4525,0.0,-2.9821,-2.5729,-6.6563,-6.2937,57.7055,14.0411,23.2021,14.2979,23.3733,0.379,-3.6878,-3.3457,-7.9013,-8.11,36.4754,30.0546,39.8085,28.4932,36.9863,-0.6224,-1.8327,-1.4529,-4.9242,-3.6481,1,5,1.9697,-7.4242,-5.9091,1,收盘亏5%,0,9,3.9394,-9.0909,-8.0303,1,收盘亏5%且最大浮亏8%,0,9,3.9394,-9.0909,-8.0303,1,收盘亏5%且最大浮亏8%,0,,top1
2026-05-28,sz002199,sz002199,spark_opportunity_selector,星火机会模型 1.0,model,1.0,1,39.177069,raw,22d,candidate_buy,明日可买,1,22日冲高机会分靠前，突破结构较好、资金潜伏特征较强、热点主题前排、出货压力不高,星火机会模型,2026-05-29,15.67,defense,defense_active_decline,防守-持续下跌,暂停新开仓,28.4687,5日全市场上涨占比29.7%；5日小盘上涨占比23.2%,1.4951796345402002,3.585879776387424,48.1017,20.5209,29.7017,20.7037,30.4525,0.0,-2.9821,-2.5729,-6.6563,-6.2937,57.7055,14.0411,23.2021,14.2979,23.3733,0.379,-3.6878,-3.3457,-7.9013,-8.11,36.4754,30.0546,39.8085,28.4932,36.9863,-0.6224,-1.8327,-1.4529,-4.9242,-3.6481,1,5,1.8507,-16.4646,-16.4646,1,收盘亏5%且最大浮亏8%,0,9,1.8507,-19.4639,-11.4231,1,收盘亏5%且最大浮亏8%,0,9,1.8507,-19.4639,-11.4231,1,收盘亏5%且最大浮亏8%,1,35-40,top1
2026-05-28,sz002273,sz002273,spark_opportunity_selector,星火机会模型 1.0,model,1.0,2,37.19501,raw,22d,candidate_buy,明日可买,1,22日冲高机会分靠前，突破结构强、资金潜伏特征较强、L2主力净流入强、主动买入强,星火机会模型,2026-05-29,43.75,defense,defense_active_decline,防守-持续下跌,暂停新开仓,28.4687,5日全市场上涨占比29.7%；5日小盘上涨占比23.2%,1.4951796345402002,3.585879776387424,48.1017,20.5209,29.7017,20.7037,30.4525,0.0,-2.9821,-2.5729,-6.6563,-6.2937,57.7055,14.0411,23.2021,14.2979,23.3733,0.379,-3.6878,-3.3457,-7.9013,-8.11,36.4754,30.0546,39.8085,28.4932,36.9863,-0.6224,-1.8327,-1.4529,-4.9242,-3.6481,1,5,0.0914,-18.8571,-15.0171,1,收盘亏5%且最大浮亏8%,0,9,0.0914,-24.1143,-22.08,1,收盘亏5%且最大浮亏8%,0,9,0.0914,-24.1143,-22.08,1,收盘亏5%且最大浮亏8%,1,35-40,top3
2026-05-28,sh605358,sh605358,spark_opportunity_selector,星火机会模型 1.0,model,1.0,3,36.504224,raw,22d,candidate_buy,明日可买,1,22日冲高机会分靠前，突破结构强、资金潜伏特征较强、L2主力净流入强、主动买入强,星火机会模型,2026-05-29,59.1,defense,defense_active_decline,防守-持续下跌,暂停新开仓,28.4687,5日全市场上涨占比29.7%；5日小盘上涨占比23.2%,1.4951796345402002,3.585879776387424,48.1017,20.5209,29.7017,20.7037,30.4525,0.0,-2.9821,-2.5729,-6.6563,-6.2937,57.7055,14.0411,23.2021,14.2979,23.3733,0.379,-3.6878,-3.3457,-7.9013,-8.11,36.4754,30.0546,39.8085,28.4932,36.9863,-0.6224,-1.8327,-1.4529,-4.9242,-3.6481,1,5,8.1218,-11.4213,8.1218,1,最大浮亏8%,0,9,28.0711,-11.4213,24.3655,1,最大浮亏8%,0,9,28.0711,-11.4213,24.3655,1,最大浮亏8%,1,35-40,top3
2026-05-28,sh603538,sh603538,stable_capital_callback,资金流回调稳健,rule_strategy,S01-M05-conservative-combined-risk,1,100.0,raw,swing,candidate_buy,可买入,1,no_launch；风险标签 0 个,资金流回调稳健策略,2026-05-29,45.96,defense,defense_active_decline,防守-持续下跌,暂停新开仓,28.4687,5日全市场上涨占比29.7%；5日小盘上涨占比23.2%,1.4951796345402002,3.585879776387424,48.1017,20.5209,29.7017,20.7037,30.4525,0.0,-2.9821,-2.5729,-6.6563,-6.2937,57.7055,14.0411,23.2021,14.2979,23.3733,0.379,-3.6878,-3.3457,-7.9013,-8.11,36.4754,30.0546,39.8085,28.4932,36.9863,-0.6224,-1.8327,-1.4529,-4.9242,-3.6481,1,5,4.2211,-8.725,-8.181,1,收盘亏5%且最大浮亏8%,0,9,4.2211,-17.6458,-16.2315,1,收盘亏5%且最大浮亏8%,0,9,4.2211,-17.6458,-16.2315,1,收盘亏5%且最大浮亏8%,1,,top1
2026-05-28,sz002580,sz002580,stable_capital_callback,资金流回调稳健,rule_strategy,S01-M05-conservative-combined-risk,2,98.44,raw,swing,candidate_buy,可买入,1,no_launch；风险标签 0 个,资金流回调稳健策略,2026-05-29,23.61,defense,defense_active_decline,防守-持续下跌,暂停新开仓,28.4687,5日全市场上涨占比29.7%；5日小盘上涨占比23.2%,1.4951796345402002,3.585879776387424,48.1017,20.5209,29.7017,20.7037,30.4525,0.0,-2.9821,-2.5729,-6.6563,-6.2937,57.7055,14.0411,23.2021,14.2979,23.3733,0.379,-3.6878,-3.3457,-7.9013,-8.11,36.4754,30.0546,39.8085,28.4932,36.9863,-0.6224,-1.8327,-1.4529,-4.9242,-3.6481,1,5,20.6692,-3.3037,-2.2025,0,,0,9,20.6692,-13.5536,-12.3253,1,收盘亏5%且最大浮亏8%,0,9,20.6692,-13.5536,-12.3253,1,收盘亏5%且最大浮亏8%,1,,top3
2026-05-28,sh605117,sh605117,stable_capital_callback,资金流回调稳健,rule_strategy,S01-M05-conservative-combined-risk,3,96.31,raw,swing,candidate_buy,可买入,1,no_launch；风险标签 0 个,资金流回调稳健策略,2026-05-29,121.81,defense,defense_active_decline,防守-持续下跌,暂停新开仓,28.4687,5日全市场上涨占比29.7%；5日小盘上涨占比23.2%,1.4951796345402002,3.585879776387424,48.1017,20.5209,29.7017,20.7037,30.4525,0.0,-2.9821,-2.5729,-6.6563,-6.2937,57.7055,14.0411,23.2021,14.2979,23.3733,0.379,-3.6878,-3.3457,-7.9013,-8.11,36.4754,30.0546,39.8085,28.4932,36.9863,-0.6224,-1.8327,-1.4529,-4.9242,-3.6481,1,5,0.6486,-11.6575,-7.8237,1,收盘亏5%且最大浮亏8%,0,9,0.6486,-18.1512,-14.4405,1,收盘亏5%且最大浮亏8%,0,9,0.6486,-18.1512,-14.4405,1,收盘亏5%且最大浮亏8%,1,,top3
2026-05-29,sz002351,sz002351,probe_d3_confirmed,试盘D3确认池,rule_strategy,probe_confirm_v1,1,75.8641,raw,swing,watch,观察,0,首次试盘后进入D3确认；超大单没有撤；位置还没顶到极限,试盘识别-三日确认,2026-06-01,11.1,defense,defense_active_decline,防守-持续下跌,暂停新开仓,18.9845,5日全市场上涨占比24.0%；5日全市场中位涨跌幅-4.3%；5日小盘上涨占比13.6%,-3.266314572900564,2.212843293669464,35.5304,23.5091,24.0113,20.044,28.0101,-1.2346,-2.9976,-4.2863,-6.6023,-6.6116,25.1928,17.2237,13.6247,11.7395,19.2802,-1.6173,-3.3981,-6.0721,-8.4146,-8.8068,46.4481,31.8306,38.6612,31.9178,36.4384,-0.2092,-2.1488,-1.6552,-3.3289,-3.9679,1,5,4.1441,-4.3243,-1.5315,0,,0,8,4.1441,-10.7207,-9.7297,1,收盘亏5%且最大浮亏8%,0,8,4.1441,-10.7207,-9.7297,1,收盘亏5%且最大浮亏8%,0,,top1
2026-05-29,sz000920,sz000920,probe_day0_watch,试盘观察池,rule_strategy,probe_watch_v1,1,118.0,raw,watch,watch,观察,0,首次试盘；盘中急拉后没有直接发动；回吐明显，像在摸上方抛压；主动推动偏强,试盘识别-当日观察,2026-06-01,12.8,defense,defense_active_decline,防守-持续下跌,暂停新开仓,18.9845,5日全市场上涨占比24.0%；5日全市场中位涨跌幅-4.3%；5日小盘上涨占比13.6%,-3.266314572900564,2.212843293669464,35.5304,23.5091,24.0113,20.044,28.0101,-1.2346,-2.9976,-4.2863,-6.6023,-6.6116,25.1928,17.2237,13.6247,11.7395,19.2802,-1.6173,-3.3981,-6.0721,-8.4146,-8.8068,46.4481,31.8306,38.6612,31.9178,36.4384,-0.2092,-2.1488,-1.6552,-3.3289,-3.9679,1,5,2.3438,-7.1094,-3.4375,0,,0,8,8.4375,-9.2188,7.9687,1,最大浮亏8%,0,8,8.4375,-9.2188,7.9687,1,最大浮亏8%,0,,top1
2026-05-29,sz002146,sz002146,probe_day0_watch,试盘观察池,rule_strategy,probe_watch_v1,2,99.3917,raw,watch,watch,观察,0,首次试盘；盘中急拉后没有直接发动；回吐明显，像在摸上方抛压；主动推动偏强,试盘识别-当日观察,2026-06-01,1.27,defense,defense_active_decline,防守-持续下跌,暂停新开仓,18.9845,5日全市场上涨占比24.0%；5日全市场中位涨跌幅-4.3%；5日小盘上涨占比13.6%,-3.266314572900564,2.212843293669464,35.5304,23.5091,24.0113,20.044,28.0101,-1.2346,-2.9976,-4.2863,-6.6023,-6.6116,25.1928,17.2237,13.6247,11.7395,19.2802,-1.6173,-3.3981,-6.0721,-8.4146,-8.8068,46.4481,31.8306,38.6612,31.9178,36.4384,-0.2092,-2.1488,-1.6552,-3.3289,-3.9679,1,5,5.5118,-1.5748,0.0,0,,0,8,5.5118,-3.937,-3.1496,0,,0,8,5.5118,-3.937,-3.1496,0,,0,,top3
2026-05-29,sz002214,sz002214,probe_day0_watch,试盘观察池,rule_strategy,probe_watch_v1,3,81.5177,raw,watch,watch,观察,0,首次试盘；盘中急拉后没有直接发动；回吐明显，像在摸上方抛压；主动推动偏强,试盘识别-当日观察,2026-06-01,14.13,defense,defense_active_decline,防守-持续下跌,暂停新开仓,18.9845,5日全市场上涨占比24.0%；5日全市场中位涨跌幅-4.3%；5日小盘上涨占比13.6%,-3.266314572900564,2.212843293669464,35.5304,23.5091,24.0113,20.044,28.0101,-1.2346,-2.9976,-4.2863,-6.6023,-6.6116,25.1928,17.2237,13.6247,11.7395,19.2802,-1.6173,-3.3981,-6.0721,-8.4146,-8.8068,46.4481,31.8306,38.6612,31.9178,36.4384,-0.2092,-2.1488,-1.6552,-3.3289,-3.9679,1,5,7.0771,-5.0248,4.8832,0,,0,8,7.0771,-5.0248,-3.7509,0,,0,8,7.0771,-5.0248,-3.7509,0,,0,,top3
2026-05-29,sz001225,sz001225,probe_day0_watch,试盘观察池,rule_strategy,probe_watch_v1,4,48.939213,raw,watch,watch,观察,0,连续试盘；第2次试盘；盘中急拉后没有直接发动；回吐明显，像在摸上方抛压,试盘识别-当日观察,2026-06-01,45.81,defense,defense_active_decline,防守-持续下跌,暂停新开仓,18.9845,5日全市场上涨占比24.0%；5日全市场中位涨跌幅-4.3%；5日小盘上涨占比13.6%,-3.266314572900564,2.212843293669464,35.5304,23.5091,24.0113,20.044,28.0101,-1.2346,-2.9976,-4.2863,-6.6023,-6.6116,25.1928,17.2237,13.6247,11.7395,19.2802,-1.6173,-3.3981,-6.0721,-8.4146,-8.8068,46.4481,31.8306,38.6612,31.9178,36.4384,-0.2092,-2.1488,-1.6552,-3.3289,-3.9679,1,5,11.1548,-2.5977,2.4012,0,,0,8,11.1548,-6.3305,-5.0426,1,收盘亏5%,0,8,11.1548,-6.3305,-5.0426,1,收盘亏5%,0,,top5
2026-05-29,sz002491,sz002491,spark_opportunity_selector,星火机会模型 1.0,model,1.0,1,35.755043,raw,22d,candidate_buy,明日可买,1,22日冲高机会分靠前，L2主力净流入强、主动买入强,星火机会模型,2026-06-01,23.61,defense,defense_active_decline,防守-持续下跌,暂停新开仓,18.9845,5日全市场上涨占比24.0%；5日全市场中位涨跌幅-4.3%；5日小盘上涨占比13.6%,-3.266314572900564,2.212843293669464,35.5304,23.5091,24.0113,20.044,28.0101,-1.2346,-2.9976,-4.2863,-6.6023,-6.6116,25.1928,17.2237,13.6247,11.7395,19.2802,-1.6173,-3.3981,-6.0721,-8.4146,-8.8068,46.4481,31.8306,38.6612,31.9178,36.4384,-0.2092,-2.1488,-1.6552,-3.3289,-3.9679,1,5,21.0504,-4.7861,5.1249,0,,0,8,21.0504,-5.2944,2.8801,0,,0,8,21.0504,-5.2944,2.8801,0,,1,35-40,top1
2026-05-29,sz002975,sz002975,spark_opportunity_selector,星火机会模型 1.0,model,1.0,2,33.332516,raw,22d,candidate_buy,明日可买,1,22日冲高机会分靠前，突破结构较好、L2主力净流入强、主动买入强,星火机会模型,2026-06-01,148.95,defense,defense_active_decline,防守-持续下跌,暂停新开仓,18.9845,5日全市场上涨占比24.0%；5日全市场中位涨跌幅-4.3%；5日小盘上涨占比13.6%,-3.266314572900564,2.212843293669464,35.5304,23.5091,24.0113,20.044,28.0101,-1.2346,-2.9976,-4.2863,-6.6023,-6.6116,25.1928,17.2237,13.6247,11.7395,19.2802,-1.6173,-3.3981,-6.0721,-8.4146,-8.8068,46.4481,31.8306,38.6612,31.9178,36.4384,-0.2092,-2.1488,-1.6552,-3.3289,-3.9679,1,5,6.0557,-11.5341,-11.1648,1,收盘亏5%且最大浮亏8%,0,8,6.0557,-20.2484,-18.993,1,收盘亏5%且最大浮亏8%,0,8,6.0557,-20.2484,-18.993,1,收盘亏5%且最大浮亏8%,1,<35,top3
2026-05-29,sz002436,sz002436,spark_opportunity_selector,星火机会模型 1.0,model,1.0,3,32.801026,raw,22d,candidate_buy,明日可买,1,22日冲高机会分靠前，突破结构较好、L2主力净流入强、主动买入强,星火机会模型,2026-06-01,38.51,defense,defense_active_decline,防守-持续下跌,暂停新开仓,18.9845,5日全市场上涨占比24.0%；5日全市场中位涨跌幅-4.3%；5日小盘上涨占比13.6%,-3.266314572900564,2.212843293669464,35.5304,23.5091,24.0113,20.044,28.0101,-1.2346,-2.9976,-4.2863,-6.6023,-6.6116,25.1928,17.2237,13.6247,11.7395,19.2802,-1.6173,-3.3981,-6.0721,-8.4146,-8.8068,46.4481,31.8306,38.6612,31.9178,36.4384,-0.2092,-2.1488,-1.6552,-3.3289,-3.9679,1,5,10.6206,-3.8951,-1.584,0,,0,8,10.6206,-8.9847,-3.194,1,最大浮亏8%,0,8,10.6206,-8.9847,-3.194,1,最大浮亏8%,1,<35,top3
2026-05-29,sh603538,sh603538,stable_capital_callback,资金流回调稳健,rule_strategy,S01-M05-conservative-combined-risk,1,96.89,raw,swing,candidate_buy,可买入,1,no_launch；风险标签 0 个,资金流回调稳健策略,2026-06-01,43.52,defense,defense_active_decline,防守-持续下跌,暂停新开仓,18.9845,5日全市场上涨占比24.0%；5日全市场中位涨跌幅-4.3%；5日小盘上涨占比13.6%,-3.266314572900564,2.212843293669464,35.5304,23.5091,24.0113,20.044,28.0101,-1.2346,-2.9976,-4.2863,-6.6023,-6.6116,25.1928,17.2237,13.6247,11.7395,19.2802,-1.6173,-3.3981,-6.0721,-8.4146,-8.8068,46.4481,31.8306,38.6612,31.9178,36.4384,-0.2092,-2.1488,-1.6552,-3.3289,-3.9679,1,5,10.0643,-9.375,-8.8695,1,收盘亏5%且最大浮亏8%,0,8,10.0643,-13.0285,-11.5349,1,收盘亏5%且最大浮亏8%,0,8,10.0643,-13.0285,-11.5349,1,收盘亏5%且最大浮亏8%,1,,top1
2026-05-29,sz002580,sz002580,stable_capital_callback,资金流回调稳健,rule_strategy,S01-M05-conservative-combined-risk,2,96.57,raw,swing,candidate_buy,可买入,1,no_launch；风险标签 0 个,资金流回调稳健策略,2026-06-01,24.31,defense,defense_active_decline,防守-持续下跌,暂停新开仓,18.9845,5日全市场上涨占比24.0%；5日全市场中位涨跌幅-4.3%；5日小盘上涨占比13.6%,-3.266314572900564,2.212843293669464,35.5304,23.5091,24.0113,20.044,28.0101,-1.2346,-2.9976,-4.2863,-6.6023,-6.6116,25.1928,17.2237,13.6247,11.7395,19.2802,-1.6173,-3.3981,-6.0721,-8.4146,-8.8068,46.4481,31.8306,38.6612,31.9178,36.4384,-0.2092,-2.1488,-1.6552,-3.3289,-3.9679,1,5,17.1946,-10.4895,-10.1193,1,收盘亏5%且最大浮亏8%,0,8,17.1946,-16.0428,-14.8499,1,收盘亏5%且最大浮亏8%,0,8,17.1946,-16.0428,-14.8499,1,收盘亏5%且最大浮亏8%,1,,top3
2026-05-29,sh603606,sh603606,stable_capital_callback,资金流回调稳健,rule_strategy,S01-M05-conservative-combined-risk,3,96.31,raw,swing,candidate_buy,可买入,1,no_launch；风险标签 0 个,资金流回调稳健策略,2026-06-01,45.03,defense,defense_active_decline,防守-持续下跌,暂停新开仓,18.9845,5日全市场上涨占比24.0%；5日全市场中位涨跌幅-4.3%；5日小盘上涨占比13.6%,-3.266314572900564,2.212843293669464,35.5304,23.5091,24.0113,20.044,28.0101,-1.2346,-2.9976,-4.2863,-6.6023,-6.6116,25.1928,17.2237,13.6247,11.7395,19.2802,-1.6173,-3.3981,-6.0721,-8.4146,-8.8068,46.4481,31.8306,38.6612,31.9178,36.4384,-0.2092,-2.1488,-1.6552,-3.3289,-3.9679,1,5,0.9327,-10.815,-10.6818,1,收盘亏5%且最大浮亏8%,0,8,0.9327,-17.1219,-16.5445,1,收盘亏5%且最大浮亏8%,0,8,0.9327,-17.1219,-16.5445,1,收盘亏5%且最大浮亏8%,1,,top3
2026-06-01,sz002539,sz002539,probe_d3_confirmed,试盘D3确认池,rule_strategy,probe_confirm_v1,1,75.5271,raw,swing,watch,观察,0,首次试盘后进入D3确认；D3 OIB继续为正；盘口承接强于抛压；位置还没顶到极限,试盘识别-三日确认,2026-06-02,12.6,caution,caution,谨慎,观察为主,29.4063,5日上涨占比33.7%；10日上涨占比25.2%；10日中位涨跌幅-4.5%,-5.161568548157803,0.024739109371219037,73.212,55.5521,33.7202,25.2354,28.0867,1.4786,0.6515,-2.2083,-4.4569,-6.1979,86.4103,66.9231,27.5214,16.0684,20.3419,2.5024,1.5606,-2.3368,-5.6703,-7.5132,57.2404,44.1257,38.5246,36.5253,36.1644,0.3491,-0.6827,-1.6368,-2.1147,-4.2298,1,5,1.3492,-9.6825,-8.6508,1,收盘亏5%且最大浮亏8%,0,7,1.3492,-11.9048,-8.4921,1,收盘亏5%且最大浮亏8%,0,7,1.3492,-11.9048,-8.4921,1,收盘亏5%且最大浮亏8%,0,,top1
2026-06-01,sz002821,sz002821,probe_day0_watch,试盘观察池,rule_strategy,probe_watch_v1,1,91.247426,raw,watch,watch,观察,0,首次试盘；盘中急拉后没有直接发动；回吐明显，像在摸上方抛压；主动推动偏强,试盘识别-当日观察,2026-06-02,115.5,caution,caution,谨慎,观察为主,29.4063,5日上涨占比33.7%；10日上涨占比25.2%；10日中位涨跌幅-4.5%,-5.161568548157803,0.024739109371219037,73.212,55.5521,33.7202,25.2354,28.0867,1.4786,0.6515,-2.2083,-4.4569,-6.1979,86.4103,66.9231,27.5214,16.0684,20.3419,2.5024,1.5606,-2.3368,-5.6703,-7.5132,57.2404,44.1257,38.5246,36.5253,36.1644,0.3491,-0.6827,-1.6368,-2.1147,-4.2298,1,5,5.6277,-3.4459,-2.5455,0,,0,7,5.6277,-7.5065,-1.8182,0,,0,7,5.6277,-7.5065,-1.8182,0,,0,,top1
2026-06-01,sz002570,sz002570,probe_day0_watch,试盘观察池,rule_strategy,probe_watch_v1,2,85.002706,raw,watch,watch,观察,0,首次试盘；盘中急拉后没有直接发动；主动推动偏强,试盘识别-当日观察,2026-06-02,5.02,caution,caution,谨慎,观察为主,29.4063,5日上涨占比33.7%；10日上涨占比25.2%；10日中位涨跌幅-4.5%,-5.161568548157803,0.024739109371219037,73.212,55.5521,33.7202,25.2354,28.0867,1.4786,0.6515,-2.2083,-4.4569,-6.1979,86.4103,66.9231,27.5214,16.0684,20.3419,2.5024,1.5606,-2.3368,-5.6703,-7.5132,57.2404,44.1257,38.5246,36.5253,36.1644,0.3491,-0.6827,-1.6368,-2.1147,-4.2298,1,5,18.9243,-1.3944,4.9801,0,,0,7,18.9243,-1.3944,2.7888,0,,0,7,18.9243,-1.3944,2.7888,0,,0,,top3
2026-06-01,sz002845,sz002845,probe_day0_watch,试盘观察池,rule_strategy,probe_watch_v1,3,83.7999,raw,watch,watch,观察,0,重新试盘；第2次试盘；盘中急拉后没有直接发动；回吐明显，像在摸上方抛压,试盘识别-当日观察,2026-06-02,15.5,caution,caution,谨慎,观察为主,29.4063,5日上涨占比33.7%；10日上涨占比25.2%；10日中位涨跌幅-4.5%,-5.161568548157803,0.024739109371219037,73.212,55.5521,33.7202,25.2354,28.0867,1.4786,0.6515,-2.2083,-4.4569,-6.1979,86.4103,66.9231,27.5214,16.0684,20.3419,2.5024,1.5606,-2.3368,-5.6703,-7.5132,57.2404,44.1257,38.5246,36.5253,36.1644,0.3491,-0.6827,-1.6368,-2.1147,-4.2298,1,5,4.5806,-3.871,-2.4516,0,,0,7,4.5806,-3.9355,-1.0968,0,,0,7,4.5806,-3.9355,-1.0968,0,,0,,top3
2026-06-01,sz003022,sz003022,probe_day0_watch,试盘观察池,rule_strategy,probe_watch_v1,4,82.66277,raw,watch,watch,观察,0,首次试盘；盘中急拉后没有直接发动；回吐明显，像在摸上方抛压；主动推动偏强,试盘识别-当日观察,2026-06-02,25.85,caution,caution,谨慎,观察为主,29.4063,5日上涨占比33.7%；10日上涨占比25.2%；10日中位涨跌幅-4.5%,-5.161568548157803,0.024739109371219037,73.212,55.5521,33.7202,25.2354,28.0867,1.4786,0.6515,-2.2083,-4.4569,-6.1979,86.4103,66.9231,27.5214,16.0684,20.3419,2.5024,1.5606,-2.3368,-5.6703,-7.5132,57.2404,44.1257,38.5246,36.5253,36.1644,0.3491,-0.6827,-1.6368,-2.1147,-4.2298,1,5,1.5474,-13.6944,-11.9149,1,收盘亏5%且最大浮亏8%,0,7,1.5474,-13.6944,-6.5764,1,收盘亏5%且最大浮亏8%,0,7,1.5474,-13.6944,-6.5764,1,收盘亏5%且最大浮亏8%,0,,top5
2026-06-01,sz001268,sz001268,probe_day0_watch,试盘观察池,rule_strategy,probe_watch_v1,5,79.5765,raw,watch,watch,观察,0,首次试盘；盘中急拉后没有直接发动；回吐明显，像在摸上方抛压；主动推动偏强,试盘识别-当日观察,2026-06-02,40.3,caution,caution,谨慎,观察为主,29.4063,5日上涨占比33.7%；10日上涨占比25.2%；10日中位涨跌幅-4.5%,-5.161568548157803,0.024739109371219037,73.212,55.5521,33.7202,25.2354,28.0867,1.4786,0.6515,-2.2083,-4.4569,-6.1979,86.4103,66.9231,27.5214,16.0684,20.3419,2.5024,1.5606,-2.3368,-5.6703,-7.5132,57.2404,44.1257,38.5246,36.5253,36.1644,0.3491,-0.6827,-1.6368,-2.1147,-4.2298,1,5,4.5906,-8.0645,-5.4839,1,收盘亏5%且最大浮亏8%,0,7,4.5906,-8.3127,-5.6576,1,收盘亏5%且最大浮亏8%,0,7,4.5906,-8.3127,-5.6576,1,收盘亏5%且最大浮亏8%,0,,top5
2026-06-01,sz001257,sz001257,probe_day0_watch,试盘观察池,rule_strategy,probe_watch_v1,6,68.532698,raw,watch,watch,观察,0,首次试盘；盘中急拉后没有直接发动；回吐明显，像在摸上方抛压,试盘识别-当日观察,2026-06-02,24.95,caution,caution,谨慎,观察为主,29.4063,5日上涨占比33.7%；10日上涨占比25.2%；10日中位涨跌幅-4.5%,-5.161568548157803,0.024739109371219037,73.212,55.5521,33.7202,25.2354,28.0867,1.4786,0.6515,-2.2083,-4.4569,-6.1979,86.4103,66.9231,27.5214,16.0684,20.3419,2.5024,1.5606,-2.3368,-5.6703,-7.5132,57.2404,44.1257,38.5246,36.5253,36.1644,0.3491,-0.6827,-1.6368,-2.1147,-4.2298,1,5,3.7675,-8.6172,-6.493,1,收盘亏5%且最大浮亏8%,0,7,3.7675,-10.7415,-8.0962,1,收盘亏5%且最大浮亏8%,0,7,3.7675,-10.7415,-8.0962,1,收盘亏5%且最大浮亏8%,0,,other
2026-06-01,sz002962,sz002962,probe_day0_watch,试盘观察池,rule_strategy,probe_watch_v1,7,60.664014,raw,watch,watch,观察,0,重新试盘；第2次试盘；盘中急拉后没有直接发动；回吐明显，像在摸上方抛压,试盘识别-当日观察,2026-06-02,18.55,caution,caution,谨慎,观察为主,29.4063,5日上涨占比33.7%；10日上涨占比25.2%；10日中位涨跌幅-4.5%,-5.161568548157803,0.024739109371219037,73.212,55.5521,33.7202,25.2354,28.0867,1.4786,0.6515,-2.2083,-4.4569,-6.1979,86.4103,66.9231,27.5214,16.0684,20.3419,2.5024,1.5606,-2.3368,-5.6703,-7.5132,57.2404,44.1257,38.5246,36.5253,36.1644,0.3491,-0.6827,-1.6368,-2.1147,-4.2298,1,5,20.7008,-1.0243,10.9973,0,,0,7,20.7008,-1.0243,15.0943,0,,0,7,20.7008,-1.0243,15.0943,0,,0,,other
2026-06-01,sh603311,sh603311,spark_opportunity_selector,星火机会模型 1.0,model,1.0,1,35.647814,raw,22d,candidate_buy,明日可买,1,22日冲高机会分靠前，L2主力净流入强、主动买入强,星火机会模型,2026-06-02,30.76,caution,caution,谨慎,观察为主,29.4063,5日上涨占比33.7%；10日上涨占比25.2%；10日中位涨跌幅-4.5%,-5.161568548157803,0.024739109371219037,73.212,55.5521,33.7202,25.2354,28.0867,1.4786,0.6515,-2.2083,-4.4569,-6.1979,86.4103,66.9231,27.5214,16.0684,20.3419,2.5024,1.5606,-2.3368,-5.6703,-7.5132,57.2404,44.1257,38.5246,36.5253,36.1644,0.3491,-0.6827,-1.6368,-2.1147,-4.2298,1,5,33.9077,-4.4213,19.7334,0,,0,7,33.9077,-4.4213,25.2601,0,,0,7,33.9077,-4.4213,25.2601,0,,1,35-40,top1
2026-06-01,sh600636,sh600636,spark_opportunity_selector,星火机会模型 1.0,model,1.0,2,33.162482,raw,22d,candidate_buy,明日可买,1,22日冲高机会分靠前，L2主力净流入强、主动买入强、出货压力不高,星火机会模型,2026-06-02,2.4,caution,caution,谨慎,观察为主,29.4063,5日上涨占比33.7%；10日上涨占比25.2%；10日中位涨跌幅-4.5%,-5.161568548157803,0.024739109371219037,73.212,55.5521,33.7202,25.2354,28.0867,1.4786,0.6515,-2.2083,-4.4569,-6.1979,86.4103,66.9231,27.5214,16.0684,20.3419,2.5024,1.5606,-2.3368,-5.6703,-7.5132,57.2404,44.1257,38.5246,36.5253,36.1644,0.3491,-0.6827,-1.6368,-2.1147,-4.2298,1,5,0.8333,-23.3333,-21.25,1,收盘亏5%且最大浮亏8%,0,7,0.8333,-35.8333,-35.8333,1,收盘亏5%且最大浮亏8%,0,7,0.8333,-35.8333,-35.8333,1,收盘亏5%且最大浮亏8%,1,<35,top3
2026-06-01,sh603637,sh603637,spark_opportunity_selector,星火机会模型 1.0,model,1.0,3,32.944301,raw,22d,candidate_buy,明日可买,1,22日冲高机会分靠前，突破结构强、L2主力净流入强、主动买入强,星火机会模型,2026-06-02,21.71,caution,caution,谨慎,观察为主,29.4063,5日上涨占比33.7%；10日上涨占比25.2%；10日中位涨跌幅-4.5%,-5.161568548157803,0.024739109371219037,73.212,55.5521,33.7202,25.2354,28.0867,1.4786,0.6515,-2.2083,-4.4569,-6.1979,86.4103,66.9231,27.5214,16.0684,20.3419,2.5024,1.5606,-2.3368,-5.6703,-7.5132,57.2404,44.1257,38.5246,36.5253,36.1644,0.3491,-0.6827,-1.6368,-2.1147,-4.2298,1,5,1.9807,-22.5702,-17.3653,1,收盘亏5%且最大浮亏8%,0,7,1.9807,-22.5702,-16.9968,1,收盘亏5%且最大浮亏8%,0,7,1.9807,-22.5702,-16.9968,1,收盘亏5%且最大浮亏8%,1,<35,top3
2026-06-01,sz000062,sz000062,stable_capital_callback,资金流回调稳健,rule_strategy,S01-M05-conservative-combined-risk,1,100.0,raw,swing,candidate_buy,可买入,1,no_launch；风险标签 0 个,资金流回调稳健策略,2026-06-02,30.39,caution,caution,谨慎,观察为主,29.4063,5日上涨占比33.7%；10日上涨占比25.2%；10日中位涨跌幅-4.5%,-5.161568548157803,0.024739109371219037,73.212,55.5521,33.7202,25.2354,28.0867,1.4786,0.6515,-2.2083,-4.4569,-6.1979,86.4103,66.9231,27.5214,16.0684,20.3419,2.5024,1.5606,-2.3368,-5.6703,-7.5132,57.2404,44.1257,38.5246,36.5253,36.1644,0.3491,-0.6827,-1.6368,-2.1147,-4.2298,1,5,20.4344,-3.817,1.0201,0,,0,7,20.4344,-3.817,3.488,0,,0,7,20.4344,-3.817,3.488,0,,1,,top1
2026-06-01,sh603778,sh603778,stable_capital_callback,资金流回调稳健,rule_strategy,S01-M05-conservative-combined-risk,2,96.97,raw,swing,candidate_buy,可买入,1,no_launch；风险标签 0 个,资金流回调稳健策略,2026-06-02,17.94,caution,caution,谨慎,观察为主,29.4063,5日上涨占比33.7%；10日上涨占比25.2%；10日中位涨跌幅-4.5%,-5.161568548157803,0.024739109371219037,73.212,55.5521,33.7202,25.2354,28.0867,1.4786,0.6515,-2.2083,-4.4569,-6.1979,86.4103,66.9231,27.5214,16.0684,20.3419,2.5024,1.5606,-2.3368,-5.6703,-7.5132,57.2404,44.1257,38.5246,36.5253,36.1644,0.3491,-0.6827,-1.6368,-2.1147,-4.2298,1,5,10.3679,-4.2363,5.6299,0,,0,7,16.2765,-4.2363,13.7124,0,,0,7,16.2765,-4.2363,13.7124,0,,1,,top3
2026-06-01,sz002361,sz002361,stable_capital_callback,资金流回调稳健,rule_strategy,S01-M05-conservative-combined-risk,3,95.78,raw,swing,candidate_buy,可买入,1,no_launch；风险标签 0 个,资金流回调稳健策略,2026-06-02,15.12,caution,caution,谨慎,观察为主,29.4063,5日上涨占比33.7%；10日上涨占比25.2%；10日中位涨跌幅-4.5%,-5.161568548157803,0.024739109371219037,73.212,55.5521,33.7202,25.2354,28.0867,1.4786,0.6515,-2.2083,-4.4569,-6.1979,86.4103,66.9231,27.5214,16.0684,20.3419,2.5024,1.5606,-2.3368,-5.6703,-7.5132,57.2404,44.1257,38.5246,36.5253,36.1644,0.3491,-0.6827,-1.6368,-2.1147,-4.2298,1,5,22.2884,-4.2989,22.2884,0,,0,7,29.1667,-4.2989,26.3228,0,,0,7,29.1667,-4.2989,26.3228,0,,1,,top3
2026-06-02,sz002798,sz002798,probe_d3_confirmed,试盘D3确认池,rule_strategy,probe_confirm_v1,1,117.7542,raw,swing,candidate_buy,明日可买,1,首次试盘后进入D3确认；D3 OIB继续为正；超大单没有撤；盘口承接强于抛压；位置还没顶到极限,试盘识别-三日确认,2026-06-03,6.52,defense,defense_repair,防守-修复观察,暂停新开仓,26.2425,5日全市场上涨占比29.6%；5日小盘上涨占比25.0%,-3.4817865551236227,0.03381911349589206,24.7882,42.2341,29.5576,20.1884,26.5871,-1.4028,-0.7813,-2.6403,-6.2957,-7.5239,15.1411,38.1523,24.9786,11.6339,17.793,-2.0761,-0.9646,-2.7519,-8.1793,-9.6357,43.4426,49.3169,34.8361,33.7893,36.5753,-0.2444,0.0,-2.1509,-3.0364,-4.253,1,5,5.2147,-7.2086,-5.5215,1,收盘亏5%,0,6,5.2147,-7.9755,-6.9018,1,收盘亏5%,0,6,5.2147,-7.9755,-6.9018,1,收盘亏5%,1,,top1
2026-06-02,sz003025,sz003025,probe_day0_watch,试盘观察池,rule_strategy,probe_watch_v1,1,77.2241,raw,watch,watch,观察,0,首次试盘；盘中急拉后没有直接发动；回吐明显，像在摸上方抛压；主动推动偏强,试盘识别-当日观察,2026-06-03,14.65,defense,defense_repair,防守-修复观察,暂停新开仓,26.2425,5日全市场上涨占比29.6%；5日小盘上涨占比25.0%,-3.4817865551236227,0.03381911349589206,24.7882,42.2341,29.5576,20.1884,26.5871,-1.4028,-0.7813,-2.6403,-6.2957,-7.5239,15.1411,38.1523,24.9786,11.6339,17.793,-2.0761,-0.9646,-2.7519,-8.1793,-9.6357,43.4426,49.3169,34.8361,33.7893,36.5753,-0.2444,0.0,-2.1509,-3.0364,-4.253,1,5,9.8976,-7.372,8.0546,0,,0,6,17.7474,-7.372,10.1024,0,,0,6,17.7474,-7.372,10.1024,0,,0,,top1
2026-06-02,sz000767,sz000767,probe_day0_watch,试盘观察池,rule_strategy,probe_watch_v1,2,71.1674,raw,watch,watch,观察,0,重新试盘；第3次试盘；盘中急拉后没有直接发动；回吐明显，像在摸上方抛压,试盘识别-当日观察,2026-06-03,5.92,defense,defense_repair,防守-修复观察,暂停新开仓,26.2425,5日全市场上涨占比29.6%；5日小盘上涨占比25.0%,-3.4817865551236227,0.03381911349589206,24.7882,42.2341,29.5576,20.1884,26.5871,-1.4028,-0.7813,-2.6403,-6.2957,-7.5239,15.1411,38.1523,24.9786,11.6339,17.793,-2.0761,-0.9646,-2.7519,-8.1793,-9.6357,43.4426,49.3169,34.8361,33.7893,36.5753,-0.2444,0.0,-2.1509,-3.0364,-4.253,1,5,7.2635,-21.1149,-16.3851,1,收盘亏5%且最大浮亏8%,0,6,7.2635,-22.973,-21.7905,1,收盘亏5%且最大浮亏8%,0,6,7.2635,-22.973,-21.7905,1,收盘亏5%且最大浮亏8%,0,,top3
2026-06-02,sz002570,sz002570,probe_day0_watch,试盘观察池,rule_strategy,probe_watch_v1,3,63.8093,raw,watch,watch,观察,0,连续试盘；第2次试盘；盘中急拉后没有直接发动；回吐明显，像在摸上方抛压,试盘识别-当日观察,2026-06-03,5.4,defense,defense_repair,防守-修复观察,暂停新开仓,26.2425,5日全市场上涨占比29.6%；5日小盘上涨占比25.0%,-3.4817865551236227,0.03381911349589206,24.7882,42.2341,29.5576,20.1884,26.5871,-1.4028,-0.7813,-2.6403,-6.2957,-7.5239,15.1411,38.1523,24.9786,11.6339,17.793,-2.0761,-0.9646,-2.7519,-8.1793,-9.6357,43.4426,49.3169,34.8361,33.7893,36.5753,-0.2444,0.0,-2.1509,-3.0364,-4.253,1,5,10.5556,-5.3704,-0.7407,0,,0,6,10.5556,-5.3704,-4.4444,0,,0,6,10.5556,-5.3704,-4.4444,0,,0,,top3
2026-06-02,sz000510,sz000510,spark_opportunity_selector,星火机会模型 1.0,model,1.0,1,35.343608,raw,22d,candidate_buy,明日可买,1,22日冲高机会分靠前，突破结构强、L2主力净流入强、主动买入强、出货压力不高,星火机会模型,2026-06-03,19.56,defense,defense_repair,防守-修复观察,暂停新开仓,26.2425,5日全市场上涨占比29.6%；5日小盘上涨占比25.0%,-3.4817865551236227,0.03381911349589206,24.7882,42.2341,29.5576,20.1884,26.5871,-1.4028,-0.7813,-2.6403,-6.2957,-7.5239,15.1411,38.1523,24.9786,11.6339,17.793,-2.0761,-0.9646,-2.7519,-8.1793,-9.6357,43.4426,49.3169,34.8361,33.7893,36.5753,-0.2444,0.0,-2.1509,-3.0364,-4.253,1,5,2.6585,-18.0982,-14.1104,1,收盘亏5%且最大浮亏8%,0,6,2.6585,-20.1431,-18.1493,1,收盘亏5%且最大浮亏8%,0,6,2.6585,-20.1431,-18.1493,1,收盘亏5%且最大浮亏8%,1,35-40,top1
2026-06-02,sz002436,sz002436,spark_opportunity_selector,星火机会模型 1.0,model,1.0,2,34.900735,raw,22d,candidate_buy,明日可买,1,22日冲高机会分靠前，突破结构强、L2主力净流入强、主动买入强、热点主题前排,星火机会模型,2026-06-03,42.34,defense,defense_repair,防守-修复观察,暂停新开仓,26.2425,5日全市场上涨占比29.6%；5日小盘上涨占比25.0%,-3.4817865551236227,0.03381911349589206,24.7882,42.2341,29.5576,20.1884,26.5871,-1.4028,-0.7813,-2.6403,-6.2957,-7.5239,15.1411,38.1523,24.9786,11.6339,17.793,-2.0761,-0.9646,-2.7519,-8.1793,-9.6357,43.4426,49.3169,34.8361,33.7893,36.5753,-0.2444,0.0,-2.1509,-3.0364,-4.253,1,5,0.6141,-17.2178,-9.8961,1,收盘亏5%且最大浮亏8%,0,6,0.6141,-17.2178,-11.9509,1,收盘亏5%且最大浮亏8%,0,6,0.6141,-17.2178,-11.9509,1,收盘亏5%且最大浮亏8%,1,<35,top3
2026-06-02,sz002491,sz002491,spark_opportunity_selector,星火机会模型 1.0,model,1.0,3,34.534555,raw,22d,candidate_buy,明日可买,1,22日冲高机会分靠前，突破结构较好、L2主力净流入强、主动买入强、热点主题前排,星火机会模型,2026-06-03,25.0,defense,defense_repair,防守-修复观察,暂停新开仓,26.2425,5日全市场上涨占比29.6%；5日小盘上涨占比25.0%,-3.4817865551236227,0.03381911349589206,24.7882,42.2341,29.5576,20.1884,26.5871,-1.4028,-0.7813,-2.6403,-6.2957,-7.5239,15.1411,38.1523,24.9786,11.6339,17.793,-2.0761,-0.9646,-2.7519,-8.1793,-9.6357,43.4426,49.3169,34.8361,33.7893,36.5753,-0.2444,0.0,-2.1509,-3.0364,-4.253,1,5,14.32,-10.56,6.4,1,最大浮亏8%,0,6,14.32,-10.56,-2.84,1,最大浮亏8%,0,6,14.32,-10.56,-2.84,1,最大浮亏8%,1,<35,top3
2026-06-02,sz002335,sz002335,stable_capital_callback,资金流回调稳健,rule_strategy,S01-M05-conservative-combined-risk,1,100.0,raw,swing,candidate_buy,可买入,1,no_launch；风险标签 0 个,资金流回调稳健策略,2026-06-03,40.77,defense,defense_repair,防守-修复观察,暂停新开仓,26.2425,5日全市场上涨占比29.6%；5日小盘上涨占比25.0%,-3.4817865551236227,0.03381911349589206,24.7882,42.2341,29.5576,20.1884,26.5871,-1.4028,-0.7813,-2.6403,-6.2957,-7.5239,15.1411,38.1523,24.9786,11.6339,17.793,-2.0761,-0.9646,-2.7519,-8.1793,-9.6357,43.4426,49.3169,34.8361,33.7893,36.5753,-0.2444,0.0,-2.1509,-3.0364,-4.253,1,5,1.5698,-11.896,-7.2848,1,收盘亏5%且最大浮亏8%,0,6,1.5698,-11.896,-9.3206,1,收盘亏5%且最大浮亏8%,0,6,1.5698,-11.896,-9.3206,1,收盘亏5%且最大浮亏8%,1,,top1
2026-06-02,sh603179,sh603179,stable_capital_callback,资金流回调稳健,rule_strategy,S01-M05-conservative-combined-risk,2,98.36,raw,swing,candidate_buy,可买入,1,no_launch；风险标签 0 个,资金流回调稳健策略,2026-06-03,50.98,defense,defense_repair,防守-修复观察,暂停新开仓,26.2425,5日全市场上涨占比29.6%；5日小盘上涨占比25.0%,-3.4817865551236227,0.03381911349589206,24.7882,42.2341,29.5576,20.1884,26.5871,-1.4028,-0.7813,-2.6403,-6.2957,-7.5239,15.1411,38.1523,24.9786,11.6339,17.793,-2.0761,-0.9646,-2.7519,-8.1793,-9.6357,43.4426,49.3169,34.8361,33.7893,36.5753,-0.2444,0.0,-2.1509,-3.0364,-4.253,1,5,8.7093,-1.9616,3.2366,0,,0,6,8.7093,-3.3739,-1.1769,0,,0,6,8.7093,-3.3739,-1.1769,0,,1,,top3
2026-06-02,sz002837,sz002837,stable_capital_callback,资金流回调稳健,rule_strategy,S01-M05-conservative-combined-risk,3,97.87,raw,swing,candidate_buy,可买入,1,no_launch；风险标签 0 个,资金流回调稳健策略,2026-06-03,67.49,defense,defense_repair,防守-修复观察,暂停新开仓,26.2425,5日全市场上涨占比29.6%；5日小盘上涨占比25.0%,-3.4817865551236227,0.03381911349589206,24.7882,42.2341,29.5576,20.1884,26.5871,-1.4028,-0.7813,-2.6403,-6.2957,-7.5239,15.1411,38.1523,24.9786,11.6339,17.793,-2.0761,-0.9646,-2.7519,-8.1793,-9.6357,43.4426,49.3169,34.8361,33.7893,36.5753,-0.2444,0.0,-2.1509,-3.0364,-4.253,1,5,5.0822,-7.8382,3.3042,0,,0,6,7.7048,-7.8382,2.0892,0,,0,6,7.7048,-7.8382,2.0892,0,,1,,top3
2026-06-03,sz000920,sz000920,probe_d3_confirmed,试盘D3确认池,rule_strategy,probe_confirm_v1,1,127.96,raw,swing,watch,观察,0,首次试盘后进入D3确认；超大单没有撤,试盘识别-三日确认,2026-06-04,12.07,caution,caution,谨慎,观察为主,32.0608,5日上涨占比34.8%；10日上涨占比19.9%；10日中位涨跌幅-6.3%,-1.3319488780583755,-1.654624507249991,29.0596,40.1254,34.7649,19.9184,23.3595,-1.0306,-0.7245,-1.7269,-6.2868,-9.0546,18.2594,36.0922,31.1433,10.9215,15.1024,-1.4215,-0.8055,-1.8954,-8.1207,-11.2289,36.8852,46.0383,40.4372,33.6525,33.2877,-0.6309,-0.2475,-1.1477,-2.5999,-5.9363,1,5,14.9959,-3.7283,14.4988,0,,0,5,14.9959,-3.7283,14.4988,0,,0,5,14.9959,-3.7283,14.4988,0,,0,,top1
2026-06-03,sz002146,sz002146,probe_d3_confirmed,试盘D3确认池,rule_strategy,probe_confirm_v1,2,101.3917,raw,swing,watch,观察,0,首次试盘后进入D3确认；超大单没有撤；位置还没顶到极限,试盘识别-三日确认,2026-06-04,1.27,caution,caution,谨慎,观察为主,32.0608,5日上涨占比34.8%；10日上涨占比19.9%；10日中位涨跌幅-6.3%,-1.3319488780583755,-1.654624507249991,29.0596,40.1254,34.7649,19.9184,23.3595,-1.0306,-0.7245,-1.7269,-6.2868,-9.0546,18.2594,36.0922,31.1433,10.9215,15.1024,-1.4215,-0.8055,-1.8954,-8.1207,-11.2289,36.8852,46.0383,40.4372,33.6525,33.2877,-0.6309,-0.2475,-1.1477,-2.5999,-5.9363,1,5,3.937,-3.937,-3.1496,0,,0,5,3.937,-3.937,-3.1496,0,,0,5,3.937,-3.937,-3.1496,0,,0,,top3
2026-06-03,sz001225,sz001225,probe_d3_confirmed,试盘D3确认池,rule_strategy,probe_confirm_v1,3,54.6584,raw,swing,watch,观察,0,连续试盘后进入D3确认；这是第2次试盘；超大单没有撤；位置还没顶到极限,试盘识别-三日确认,2026-06-04,47.43,caution,caution,谨慎,观察为主,32.0608,5日上涨占比34.8%；10日上涨占比19.9%；10日中位涨跌幅-6.3%,-1.3319488780583755,-1.654624507249991,29.0596,40.1254,34.7649,19.9184,23.3595,-1.0306,-0.7245,-1.7269,-6.2868,-9.0546,18.2594,36.0922,31.1433,10.9215,15.1024,-1.4215,-0.8055,-1.8954,-8.1207,-11.2289,36.8852,46.0383,40.4372,33.6525,33.2877,-0.6309,-0.2475,-1.1477,-2.5999,-5.9363,1,5,0.9277,-9.5298,-8.2859,1,收盘亏5%且最大浮亏8%,0,5,0.9277,-9.5298,-8.2859,1,收盘亏5%且最大浮亏8%,0,5,0.9277,-9.5298,-8.2859,1,收盘亏5%且最大浮亏8%,0,,top3
2026-06-03,sh601137,sh601137,spark_opportunity_selector,星火机会模型 1.0,model,1.0,1,36.327667,raw,22d,candidate_buy,明日可买,1,22日冲高机会分靠前，突破结构强、资金潜伏特征较强、L2主力净流入强、主动买入强,星火机会模型,2026-06-04,23.6,caution,caution,谨慎,观察为主,32.0608,5日上涨占比34.8%；10日上涨占比19.9%；10日中位涨跌幅-6.3%,-1.3319488780583755,-1.654624507249991,29.0596,40.1254,34.7649,19.9184,23.3595,-1.0306,-0.7245,-1.7269,-6.2868,-9.0546,18.2594,36.0922,31.1433,10.9215,15.1024,-1.4215,-0.8055,-1.8954,-8.1207,-11.2289,36.8852,46.0383,40.4372,33.6525,33.2877,-0.6309,-0.2475,-1.1477,-2.5999,-5.9363,1,5,8.0932,-6.6949,-4.8305,0,,0,5,8.0932,-6.6949,-4.8305,0,,0,5,8.0932,-6.6949,-4.8305,0,,1,35-40,top1
2026-06-03,sh600101,sh600101,spark_opportunity_selector,星火机会模型 1.0,model,1.0,2,36.010097,raw,22d,candidate_buy,明日可买,1,22日冲高机会分靠前，突破结构强、资金潜伏特征较强、L2主力净流入强、主动买入强,星火机会模型,2026-06-04,10.53,caution,caution,谨慎,观察为主,32.0608,5日上涨占比34.8%；10日上涨占比19.9%；10日中位涨跌幅-6.3%,-1.3319488780583755,-1.654624507249991,29.0596,40.1254,34.7649,19.9184,23.3595,-1.0306,-0.7245,-1.7269,-6.2868,-9.0546,18.2594,36.0922,31.1433,10.9215,15.1024,-1.4215,-0.8055,-1.8954,-8.1207,-11.2289,36.8852,46.0383,40.4372,33.6525,33.2877,-0.6309,-0.2475,-1.1477,-2.5999,-5.9363,1,5,3.5138,-13.1054,-12.5356,1,收盘亏5%且最大浮亏8%,0,5,3.5138,-13.1054,-12.5356,1,收盘亏5%且最大浮亏8%,0,5,3.5138,-13.1054,-12.5356,1,收盘亏5%且最大浮亏8%,1,35-40,top3
2026-06-03,sz002056,sz002056,spark_opportunity_selector,星火机会模型 1.0,model,1.0,3,35.865647,raw,22d,candidate_buy,明日可买,1,22日冲高机会分靠前，突破结构较好、L2主力净流入强、主动买入强、出货压力不高,星火机会模型,2026-06-04,27.49,caution,caution,谨慎,观察为主,32.0608,5日上涨占比34.8%；10日上涨占比19.9%；10日中位涨跌幅-6.3%,-1.3319488780583755,-1.654624507249991,29.0596,40.1254,34.7649,19.9184,23.3595,-1.0306,-0.7245,-1.7269,-6.2868,-9.0546,18.2594,36.0922,31.1433,10.9215,15.1024,-1.4215,-0.8055,-1.8954,-8.1207,-11.2289,36.8852,46.0383,40.4372,33.6525,33.2877,-0.6309,-0.2475,-1.1477,-2.5999,-5.9363,1,5,10.0036,-8.4758,-7.3117,1,收盘亏5%且最大浮亏8%,0,5,10.0036,-8.4758,-7.3117,1,收盘亏5%且最大浮亏8%,0,5,10.0036,-8.4758,-7.3117,1,收盘亏5%且最大浮亏8%,1,35-40,top3
2026-06-03,sz002837,sz002837,stable_capital_callback,资金流回调稳健,rule_strategy,S01-M05-conservative-combined-risk,1,100.0,raw,swing,candidate_buy,可买入,1,no_launch；风险标签 0 个,资金流回调稳健策略,2026-06-04,67.49,caution,caution,谨慎,观察为主,32.0608,5日上涨占比34.8%；10日上涨占比19.9%；10日中位涨跌幅-6.3%,-1.3319488780583755,-1.654624507249991,29.0596,40.1254,34.7649,19.9184,23.3595,-1.0306,-0.7245,-1.7269,-6.2868,-9.0546,18.2594,36.0922,31.1433,10.9215,15.1024,-1.4215,-0.8055,-1.8954,-8.1207,-11.2289,36.8852,46.0383,40.4372,33.6525,33.2877,-0.6309,-0.2475,-1.1477,-2.5999,-5.9363,1,5,7.7048,-7.8382,2.0892,0,,0,5,7.7048,-7.8382,2.0892,0,,0,5,7.7048,-7.8382,2.0892,0,,1,,top1
2026-06-03,sh603236,sh603236,stable_capital_callback,资金流回调稳健,rule_strategy,S01-M05-conservative-combined-risk,2,99.74,raw,swing,candidate_buy,可买入,1,no_launch；风险标签 0 个,资金流回调稳健策略,2026-06-04,57.74,caution,caution,谨慎,观察为主,32.0608,5日上涨占比34.8%；10日上涨占比19.9%；10日中位涨跌幅-6.3%,-1.3319488780583755,-1.654624507249991,29.0596,40.1254,34.7649,19.9184,23.3595,-1.0306,-0.7245,-1.7269,-6.2868,-9.0546,18.2594,36.0922,31.1433,10.9215,15.1024,-1.4215,-0.8055,-1.8954,-8.1207,-11.2289,36.8852,46.0383,40.4372,33.6525,33.2877,-0.6309,-0.2475,-1.1477,-2.5999,-5.9363,1,5,3.0481,-4.2085,-3.3599,0,,0,5,3.0481,-4.2085,-3.3599,0,,0,5,3.0481,-4.2085,-3.3599,0,,1,,top3
2026-06-03,sz002297,sz002297,stable_capital_callback,资金流回调稳健,rule_strategy,S01-M05-conservative-combined-risk,3,99.16,raw,swing,candidate_buy,可买入,1,no_launch；风险标签 0 个,资金流回调稳健策略,2026-06-04,21.07,caution,caution,谨慎,观察为主,32.0608,5日上涨占比34.8%；10日上涨占比19.9%；10日中位涨跌幅-6.3%,-1.3319488780583755,-1.654624507249991,29.0596,40.1254,34.7649,19.9184,23.3595,-1.0306,-0.7245,-1.7269,-6.2868,-9.0546,18.2594,36.0922,31.1433,10.9215,15.1024,-1.4215,-0.8055,-1.8954,-8.1207,-11.2289,36.8852,46.0383,40.4372,33.6525,33.2877,-0.6309,-0.2475,-1.1477,-2.5999,-5.9363,1,5,1.4713,-9.3498,-1.1391,1,最大浮亏8%,0,5,1.4713,-9.3498,-1.1391,1,最大浮亏8%,0,5,1.4713,-9.3498,-1.1391,1,最大浮亏8%,1,,top3
2026-06-04,sz002821,sz002821,probe_d3_confirmed,试盘D3确认池,rule_strategy,probe_confirm_v1,1,114.9459,raw,swing,candidate_buy,明日可买,1,首次试盘后进入D3确认；D3 OIB继续为正；超大单没有撤；盘口承接强于抛压；位置还没顶到极限,试盘识别-三日确认,2026-06-05,119.6,defense,defense_active_decline,防守-持续下跌,暂停新开仓,23.0245,5日全市场上涨占比25.3%；5日全市场中位涨跌幅-3.4%；5日小盘上涨占比17.2%,-2.5197369266485525,-3.378450423489099,21.2539,21.1285,25.2665,22.271,19.9372,-1.686,-3.8655,-3.3708,-5.4912,-10.8092,14.4198,11.3481,17.2355,13.6519,12.2014,-1.9083,-5.1199,-4.1226,-7.05,-12.9523,27.1858,33.7432,36.612,35.0205,29.589,-1.3388,-1.9588,-1.6632,-3.0822,-7.5416,0,4,2.0067,-10.6773,-5.1839,1,收盘亏5%且最大浮亏8%,0,4,2.0067,-10.6773,-5.1839,1,收盘亏5%且最大浮亏8%,0,4,2.0067,-10.6773,-5.1839,1,收盘亏5%且最大浮亏8%,1,,top1
2026-06-04,sz003022,sz003022,probe_d3_confirmed,试盘D3确认池,rule_strategy,probe_confirm_v1,2,99.1397,raw,swing,watch,观察,0,首次试盘后进入D3确认；D3 OIB继续为正；盘口承接强于抛压；位置还没顶到极限,试盘识别-三日确认,2026-06-05,23.91,defense,defense_active_decline,防守-持续下跌,暂停新开仓,23.0245,5日全市场上涨占比25.3%；5日全市场中位涨跌幅-3.4%；5日小盘上涨占比17.2%,-2.5197369266485525,-3.378450423489099,21.2539,21.1285,25.2665,22.271,19.9372,-1.686,-3.8655,-3.3708,-5.4912,-10.8092,14.4198,11.3481,17.2355,13.6519,12.2014,-1.9083,-5.1199,-4.1226,-7.05,-12.9523,27.1858,33.7432,36.612,35.0205,29.589,-1.3388,-1.9588,-1.6632,-3.0822,-7.5416,0,4,5.1443,-6.6918,1.0038,0,,0,4,5.1443,-6.6918,1.0038,0,,0,4,5.1443,-6.6918,1.0038,0,,0,,top3
2026-06-04,sz002962,sz002962,probe_d3_confirmed,试盘D3确认池,rule_strategy,probe_confirm_v1,3,79.5259,raw,swing,watch,观察,0,重新试盘后进入D3确认；这是第2次试盘；超大单没有撤,试盘识别-三日确认,2026-06-05,19.77,defense,defense_active_decline,防守-持续下跌,暂停新开仓,23.0245,5日全市场上涨占比25.3%；5日全市场中位涨跌幅-3.4%；5日小盘上涨占比17.2%,-2.5197369266485525,-3.378450423489099,21.2539,21.1285,25.2665,22.271,19.9372,-1.686,-3.8655,-3.3708,-5.4912,-10.8092,14.4198,11.3481,17.2355,13.6519,12.2014,-1.9083,-5.1199,-4.1226,-7.05,-12.9523,27.1858,33.7432,36.612,35.0205,29.589,-1.3388,-1.9588,-1.6632,-3.0822,-7.5416,0,4,13.2524,-2.8832,7.9919,0,,0,4,13.2524,-2.8832,7.9919,0,,0,4,13.2524,-2.8832,7.9919,0,,0,,top3
2026-06-04,sh600981,sh600981,probe_day0_watch,试盘观察池,rule_strategy,probe_watch_v1,1,95.2238,raw,watch,watch,观察,0,首次试盘；盘中急拉后没有直接发动；回吐明显，像在摸上方抛压；主动推动偏强,试盘识别-当日观察,2026-06-05,2.69,defense,defense_active_decline,防守-持续下跌,暂停新开仓,23.0245,5日全市场上涨占比25.3%；5日全市场中位涨跌幅-3.4%；5日小盘上涨占比17.2%,-2.5197369266485525,-3.378450423489099,21.2539,21.1285,25.2665,22.271,19.9372,-1.686,-3.8655,-3.3708,-5.4912,-10.8092,14.4198,11.3481,17.2355,13.6519,12.2014,-1.9083,-5.1199,-4.1226,-7.05,-12.9523,27.1858,33.7432,36.612,35.0205,29.589,-1.3388,-1.9588,-1.6632,-3.0822,-7.5416,0,4,0.7435,-11.8959,0.7435,1,最大浮亏8%,0,4,0.7435,-11.8959,0.7435,1,最大浮亏8%,0,4,0.7435,-11.8959,0.7435,1,最大浮亏8%,0,,top1
2026-06-04,sz002878,sz002878,probe_day0_watch,试盘观察池,rule_strategy,probe_watch_v1,2,80.33773,raw,watch,watch,观察,0,首次试盘；盘中急拉后没有直接发动；回吐明显，像在摸上方抛压；主动推动偏强,试盘识别-当日观察,2026-06-05,15.78,defense,defense_active_decline,防守-持续下跌,暂停新开仓,23.0245,5日全市场上涨占比25.3%；5日全市场中位涨跌幅-3.4%；5日小盘上涨占比17.2%,-2.5197369266485525,-3.378450423489099,21.2539,21.1285,25.2665,22.271,19.9372,-1.686,-3.8655,-3.3708,-5.4912,-10.8092,14.4198,11.3481,17.2355,13.6519,12.2014,-1.9083,-5.1199,-4.1226,-7.05,-12.9523,27.1858,33.7432,36.612,35.0205,29.589,-1.3388,-1.9588,-1.6632,-3.0822,-7.5416,0,4,2.7883,-7.4778,-2.218,0,,0,4,2.7883,-7.4778,-2.218,0,,0,4,2.7883,-7.4778,-2.218,0,,0,,top3
2026-06-04,sz002530,sz002530,probe_day0_watch,试盘观察池,rule_strategy,probe_watch_v1,3,77.899737,raw,watch,watch,观察,0,首次试盘；盘中急拉后没有直接发动；回吐明显，像在摸上方抛压；主动推动偏强,试盘识别-当日观察,2026-06-05,7.61,defense,defense_active_decline,防守-持续下跌,暂停新开仓,23.0245,5日全市场上涨占比25.3%；5日全市场中位涨跌幅-3.4%；5日小盘上涨占比17.2%,-2.5197369266485525,-3.378450423489099,21.2539,21.1285,25.2665,22.271,19.9372,-1.686,-3.8655,-3.3708,-5.4912,-10.8092,14.4198,11.3481,17.2355,13.6519,12.2014,-1.9083,-5.1199,-4.1226,-7.05,-12.9523,27.1858,33.7432,36.612,35.0205,29.589,-1.3388,-1.9588,-1.6632,-3.0822,-7.5416,0,4,7.6216,-0.3942,6.7017,0,,0,4,7.6216,-0.3942,6.7017,0,,0,4,7.6216,-0.3942,6.7017,0,,0,,top3
2026-06-04,sz002480,sz002480,probe_day0_watch,试盘观察池,rule_strategy,probe_watch_v1,4,73.709,raw,watch,watch,观察,0,首次试盘；盘中急拉后没有直接发动；回吐明显，像在摸上方抛压；主动推动偏强,试盘识别-当日观察,2026-06-05,6.18,defense,defense_active_decline,防守-持续下跌,暂停新开仓,23.0245,5日全市场上涨占比25.3%；5日全市场中位涨跌幅-3.4%；5日小盘上涨占比17.2%,-2.5197369266485525,-3.378450423489099,21.2539,21.1285,25.2665,22.271,19.9372,-1.686,-3.8655,-3.3708,-5.4912,-10.8092,14.4198,11.3481,17.2355,13.6519,12.2014,-1.9083,-5.1199,-4.1226,-7.05,-12.9523,27.1858,33.7432,36.612,35.0205,29.589,-1.3388,-1.9588,-1.6632,-3.0822,-7.5416,0,4,1.2945,-9.8706,-8.4142,1,收盘亏5%且最大浮亏8%,0,4,1.2945,-9.8706,-8.4142,1,收盘亏5%且最大浮亏8%,0,4,1.2945,-9.8706,-8.4142,1,收盘亏5%且最大浮亏8%,0,,top5
2026-06-04,sh601869,sh601869,probe_day0_watch,试盘观察池,rule_strategy,probe_watch_v1,5,69.3243,raw,watch,watch,观察,0,重新试盘；第2次试盘；盘中急拉后没有直接发动；主动推动偏强,试盘识别-当日观察,2026-06-05,455.95,defense,defense_active_decline,防守-持续下跌,暂停新开仓,23.0245,5日全市场上涨占比25.3%；5日全市场中位涨跌幅-3.4%；5日小盘上涨占比17.2%,-2.5197369266485525,-3.378450423489099,21.2539,21.1285,25.2665,22.271,19.9372,-1.686,-3.8655,-3.3708,-5.4912,-10.8092,14.4198,11.3481,17.2355,13.6519,12.2014,-1.9083,-5.1199,-4.1226,-7.05,-12.9523,27.1858,33.7432,36.612,35.0205,29.589,-1.3388,-1.9588,-1.6632,-3.0822,-7.5416,0,4,8.5645,-10.953,-0.715,1,最大浮亏8%,0,4,8.5645,-10.953,-0.715,1,最大浮亏8%,0,4,8.5645,-10.953,-0.715,1,最大浮亏8%,0,,top5
2026-06-04,sz002857,sz002857,probe_day0_watch,试盘观察池,rule_strategy,probe_watch_v1,6,63.9061,raw,watch,watch,观察,0,重新试盘；第2次试盘；盘中急拉后没有直接发动；回吐明显，像在摸上方抛压,试盘识别-当日观察,2026-06-05,19.34,defense,defense_active_decline,防守-持续下跌,暂停新开仓,23.0245,5日全市场上涨占比25.3%；5日全市场中位涨跌幅-3.4%；5日小盘上涨占比17.2%,-2.5197369266485525,-3.378450423489099,21.2539,21.1285,25.2665,22.271,19.9372,-1.686,-3.8655,-3.3708,-5.4912,-10.8092,14.4198,11.3481,17.2355,13.6519,12.2014,-1.9083,-5.1199,-4.1226,-7.05,-12.9523,27.1858,33.7432,36.612,35.0205,29.589,-1.3388,-1.9588,-1.6632,-3.0822,-7.5416,0,4,2.2234,-15.667,-12.7715,1,收盘亏5%且最大浮亏8%,0,4,2.2234,-15.667,-12.7715,1,收盘亏5%且最大浮亏8%,0,4,2.2234,-15.667,-12.7715,1,收盘亏5%且最大浮亏8%,0,,other
2026-06-04,sz002735,sz002735,probe_day0_watch,试盘观察池,rule_strategy,probe_watch_v1,7,63.8526,raw,watch,watch,观察,0,首次试盘；盘中急拉后没有直接发动；主动推动偏强,试盘识别-当日观察,2026-06-05,16.7,defense,defense_active_decline,防守-持续下跌,暂停新开仓,23.0245,5日全市场上涨占比25.3%；5日全市场中位涨跌幅-3.4%；5日小盘上涨占比17.2%,-2.5197369266485525,-3.378450423489099,21.2539,21.1285,25.2665,22.271,19.9372,-1.686,-3.8655,-3.3708,-5.4912,-10.8092,14.4198,11.3481,17.2355,13.6519,12.2014,-1.9083,-5.1199,-4.1226,-7.05,-12.9523,27.1858,33.7432,36.612,35.0205,29.589,-1.3388,-1.9588,-1.6632,-3.0822,-7.5416,0,4,18.503,-0.5988,13.2934,0,,0,4,18.503,-0.5988,13.2934,0,,0,4,18.503,-0.5988,13.2934,0,,0,,other
2026-06-04,sz000620,sz000620,probe_day0_watch,试盘观察池,rule_strategy,probe_watch_v1,8,34.875735,raw,watch,watch,观察,0,首次试盘；盘中急拉后没有直接发动；回吐明显，像在摸上方抛压；题材位置不差,试盘识别-当日观察,2026-06-05,2.91,defense,defense_active_decline,防守-持续下跌,暂停新开仓,23.0245,5日全市场上涨占比25.3%；5日全市场中位涨跌幅-3.4%；5日小盘上涨占比17.2%,-2.5197369266485525,-3.378450423489099,21.2539,21.1285,25.2665,22.271,19.9372,-1.686,-3.8655,-3.3708,-5.4912,-10.8092,14.4198,11.3481,17.2355,13.6519,12.2014,-1.9083,-5.1199,-4.1226,-7.05,-12.9523,27.1858,33.7432,36.612,35.0205,29.589,-1.3388,-1.9588,-1.6632,-3.0822,-7.5416,0,4,12.7148,-2.0619,5.1546,0,,0,4,12.7148,-2.0619,5.1546,0,,0,4,12.7148,-2.0619,5.1546,0,,0,,other
2026-06-04,sh603301,sh603301,spark_opportunity_selector,星火机会模型 1.0,model,1.0,1,36.599958,raw,22d,candidate_buy,明日可买,1,22日冲高机会分靠前，资金潜伏特征较强、L2主力净流入强、主动买入强、出货压力不高,星火机会模型,2026-06-05,83.0,defense,defense_active_decline,防守-持续下跌,暂停新开仓,23.0245,5日全市场上涨占比25.3%；5日全市场中位涨跌幅-3.4%；5日小盘上涨占比17.2%,-2.5197369266485525,-3.378450423489099,21.2539,21.1285,25.2665,22.271,19.9372,-1.686,-3.8655,-3.3708,-5.4912,-10.8092,14.4198,11.3481,17.2355,13.6519,12.2014,-1.9083,-5.1199,-4.1226,-7.05,-12.9523,27.1858,33.7432,36.612,35.0205,29.589,-1.3388,-1.9588,-1.6632,-3.0822,-7.5416,0,4,0.2048,-7.6747,-0.1687,0,,0,4,0.2048,-7.6747,-0.1687,0,,0,4,0.2048,-7.6747,-0.1687,0,,1,35-40,top1
2026-06-04,sz003004,sz003004,spark_opportunity_selector,星火机会模型 1.0,model,1.0,2,35.993352,raw,22d,watch,观察,0,22日冲高机会分靠前，L2主力净流入强、主动买入强、出货压力不高,星火机会模型,2026-06-05,61.29,defense,defense_active_decline,防守-持续下跌,暂停新开仓,23.0245,5日全市场上涨占比25.3%；5日全市场中位涨跌幅-3.4%；5日小盘上涨占比17.2%,-2.5197369266485525,-3.378450423489099,21.2539,21.1285,25.2665,22.271,19.9372,-1.686,-3.8655,-3.3708,-5.4912,-10.8092,14.4198,11.3481,17.2355,13.6519,12.2014,-1.9083,-5.1199,-4.1226,-7.05,-12.9523,27.1858,33.7432,36.612,35.0205,29.589,-1.3388,-1.9588,-1.6632,-3.0822,-7.5416,0,4,13.3464,-3.5732,10.7848,0,,0,4,13.3464,-3.5732,10.7848,0,,0,4,13.3464,-3.5732,10.7848,0,,0,35-40,top3
2026-06-04,sz002056,sz002056,spark_opportunity_selector,星火机会模型 1.0,model,1.0,3,35.859468,raw,22d,candidate_buy,明日可买,1,22日冲高机会分靠前，突破结构较好、L2主力净流入强、主动买入强,星火机会模型,2026-06-05,29.02,defense,defense_active_decline,防守-持续下跌,暂停新开仓,23.0245,5日全市场上涨占比25.3%；5日全市场中位涨跌幅-3.4%；5日小盘上涨占比17.2%,-2.5197369266485525,-3.378450423489099,21.2539,21.1285,25.2665,22.271,19.9372,-1.686,-3.8655,-3.3708,-5.4912,-10.8092,14.4198,11.3481,17.2355,13.6519,12.2014,-1.9083,-5.1199,-4.1226,-7.05,-12.9523,27.1858,33.7432,36.612,35.0205,29.589,-1.3388,-1.9588,-1.6632,-3.0822,-7.5416,0,4,3.9972,-13.3012,-12.1985,1,收盘亏5%且最大浮亏8%,0,4,3.9972,-13.3012,-12.1985,1,收盘亏5%且最大浮亏8%,0,4,3.9972,-13.3012,-12.1985,1,收盘亏5%且最大浮亏8%,1,35-40,top3
2026-06-04,sz002837,sz002837,stable_capital_callback,资金流回调稳健,rule_strategy,S01-M05-conservative-combined-risk,1,100.0,raw,swing,candidate_buy,可买入,1,no_launch；风险标签 0 个,资金流回调稳健策略,2026-06-05,68.6,defense,defense_active_decline,防守-持续下跌,暂停新开仓,23.0245,5日全市场上涨占比25.3%；5日全市场中位涨跌幅-3.4%；5日小盘上涨占比17.2%,-2.5197369266485525,-3.378450423489099,21.2539,21.1285,25.2665,22.271,19.9372,-1.686,-3.8655,-3.3708,-5.4912,-10.8092,14.4198,11.3481,17.2355,13.6519,12.2014,-1.9083,-5.1199,-4.1226,-7.05,-12.9523,27.1858,33.7432,36.612,35.0205,29.589,-1.3388,-1.9588,-1.6632,-3.0822,-7.5416,0,4,5.9621,-9.3294,0.4373,1,最大浮亏8%,0,4,5.9621,-9.3294,0.4373,1,最大浮亏8%,0,4,5.9621,-9.3294,0.4373,1,最大浮亏8%,1,,top1
2026-06-04,sh603067,sh603067,stable_capital_callback,资金流回调稳健,rule_strategy,S01-M05-conservative-combined-risk,2,97.35,raw,swing,candidate_buy,可买入,1,no_launch；风险标签 0 个,资金流回调稳健策略,2026-06-05,37.5,defense,defense_active_decline,防守-持续下跌,暂停新开仓,23.0245,5日全市场上涨占比25.3%；5日全市场中位涨跌幅-3.4%；5日小盘上涨占比17.2%,-2.5197369266485525,-3.378450423489099,21.2539,21.1285,25.2665,22.271,19.9372,-1.686,-3.8655,-3.3708,-5.4912,-10.8092,14.4198,11.3481,17.2355,13.6519,12.2014,-1.9083,-5.1199,-4.1226,-7.05,-12.9523,27.1858,33.7432,36.612,35.0205,29.589,-1.3388,-1.9588,-1.6632,-3.0822,-7.5416,0,4,1.84,-14.7733,-9.2533,1,收盘亏5%且最大浮亏8%,0,4,1.84,-14.7733,-9.2533,1,收盘亏5%且最大浮亏8%,0,4,1.84,-14.7733,-9.2533,1,收盘亏5%且最大浮亏8%,1,,top3
2026-06-04,sz000534,sz000534,stable_capital_callback,资金流回调稳健,rule_strategy,S01-M05-conservative-combined-risk,3,97.11,raw,swing,candidate_buy,可买入,1,no_launch；风险标签 0 个,资金流回调稳健策略,2026-06-05,33.55,defense,defense_active_decline,防守-持续下跌,暂停新开仓,23.0245,5日全市场上涨占比25.3%；5日全市场中位涨跌幅-3.4%；5日小盘上涨占比17.2%,-2.5197369266485525,-3.378450423489099,21.2539,21.1285,25.2665,22.271,19.9372,-1.686,-3.8655,-3.3708,-5.4912,-10.8092,14.4198,11.3481,17.2355,13.6519,12.2014,-1.9083,-5.1199,-4.1226,-7.05,-12.9523,27.1858,33.7432,36.612,35.0205,29.589,-1.3388,-1.9588,-1.6632,-3.0822,-7.5416,0,4,2.0864,-14.3368,-14.3368,1,收盘亏5%且最大浮亏8%,0,4,2.0864,-14.3368,-14.3368,1,收盘亏5%且最大浮亏8%,0,4,2.0864,-14.3368,-14.3368,1,收盘亏5%且最大浮亏8%,1,,top3
2026-06-05,sz003025,sz003025,probe_d3_confirmed,试盘D3确认池,rule_strategy,probe_confirm_v1,1,88.1041,raw,swing,watch,观察,0,首次试盘后进入D3确认；D3 OIB继续为正；盘口承接强于抛压；位置还没顶到极限,试盘识别-三日确认,2026-06-08,14.56,defense,defense_repair,防守-修复观察,暂停新开仓,29.4055,5日全市场上涨占比29.4%,-0.8059784778346457,-4.578202730219482,55.6879,24.4124,29.3638,20.2131,18.1419,0.2959,-2.3411,-2.0165,-6.1082,-11.1111,68.3447,17.8328,27.3891,12.2867,11.0068,0.677,-2.4017,-1.7919,-7.4077,-13.1997,38.7978,27.5956,31.2842,29.7814,27.9452,-0.5637,-2.2682,-2.2013,-3.4782,-7.7576,0,3,18.4753,-1.0989,10.783,0,,0,3,18.4753,-1.0989,10.783,0,,0,3,18.4753,-1.0989,10.783,0,,0,,top1
2026-06-05,sz003011,sz003011,probe_day0_watch,试盘观察池,rule_strategy,probe_watch_v1,1,104.5163,raw,watch,watch,观察,0,首次试盘；盘中急拉后没有直接发动；回吐明显，像在摸上方抛压；主动推动偏强,试盘识别-当日观察,2026-06-08,21.76,defense,defense_repair,防守-修复观察,暂停新开仓,29.4055,5日全市场上涨占比29.4%,-0.8059784778346457,-4.578202730219482,55.6879,24.4124,29.3638,20.2131,18.1419,0.2959,-2.3411,-2.0165,-6.1082,-11.1111,68.3447,17.8328,27.3891,12.2867,11.0068,0.677,-2.4017,-1.7919,-7.4077,-13.1997,38.7978,27.5956,31.2842,29.7814,27.9452,-0.5637,-2.2682,-2.2013,-3.4782,-7.7576,0,3,1.7923,-10.7077,-9.5588,1,收盘亏5%且最大浮亏8%,0,3,1.7923,-10.7077,-9.5588,1,收盘亏5%且最大浮亏8%,0,3,1.7923,-10.7077,-9.5588,1,收盘亏5%且最大浮亏8%,0,,top1
2026-06-05,sz002012,sz002012,probe_day0_watch,试盘观察池,rule_strategy,probe_watch_v1,2,86.5308,raw,watch,watch,观察,0,重新试盘；第2次试盘；盘中急拉后没有直接发动；回吐明显，像在摸上方抛压,试盘识别-当日观察,2026-06-08,7.36,defense,defense_repair,防守-修复观察,暂停新开仓,29.4055,5日全市场上涨占比29.4%,-0.8059784778346457,-4.578202730219482,55.6879,24.4124,29.3638,20.2131,18.1419,0.2959,-2.3411,-2.0165,-6.1082,-11.1111,68.3447,17.8328,27.3891,12.2867,11.0068,0.677,-2.4017,-1.7919,-7.4077,-13.1997,38.7978,27.5956,31.2842,29.7814,27.9452,-0.5637,-2.2682,-2.2013,-3.4782,-7.7576,0,3,5.5707,-3.2609,-2.3098,0,,0,3,5.5707,-3.2609,-2.3098,0,,0,3,5.5707,-3.2609,-2.3098,0,,0,,top3
2026-06-05,sz002568,sz002568,probe_day0_watch,试盘观察池,rule_strategy,probe_watch_v1,3,83.655965,raw,watch,watch,观察,0,首次试盘；盘中急拉后没有直接发动；回吐明显，像在摸上方抛压；主动推动偏强,试盘识别-当日观察,2026-06-08,18.21,defense,defense_repair,防守-修复观察,暂停新开仓,29.4055,5日全市场上涨占比29.4%,-0.8059784778346457,-4.578202730219482,55.6879,24.4124,29.3638,20.2131,18.1419,0.2959,-2.3411,-2.0165,-6.1082,-11.1111,68.3447,17.8328,27.3891,12.2867,11.0068,0.677,-2.4017,-1.7919,-7.4077,-13.1997,38.7978,27.5956,31.2842,29.7814,27.9452,-0.5637,-2.2682,-2.2013,-3.4782,-7.7576,0,3,10.4887,-1.6474,7.9077,0,,0,3,10.4887,-1.6474,7.9077,0,,0,3,10.4887,-1.6474,7.9077,0,,0,,top3
2026-06-05,sz000532,sz000532,probe_day0_watch,试盘观察池,rule_strategy,probe_watch_v1,4,71.353496,raw,watch,watch,观察,0,首次试盘；盘中急拉后没有直接发动；主动推动偏强,试盘识别-当日观察,2026-06-08,12.72,defense,defense_repair,防守-修复观察,暂停新开仓,29.4055,5日全市场上涨占比29.4%,-0.8059784778346457,-4.578202730219482,55.6879,24.4124,29.3638,20.2131,18.1419,0.2959,-2.3411,-2.0165,-6.1082,-11.1111,68.3447,17.8328,27.3891,12.2867,11.0068,0.677,-2.4017,-1.7919,-7.4077,-13.1997,38.7978,27.5956,31.2842,29.7814,27.9452,-0.5637,-2.2682,-2.2013,-3.4782,-7.7576,0,3,3.5377,-9.5126,-6.6038,1,收盘亏5%且最大浮亏8%,0,3,3.5377,-9.5126,-6.6038,1,收盘亏5%且最大浮亏8%,0,3,3.5377,-9.5126,-6.6038,1,收盘亏5%且最大浮亏8%,0,,top5
2026-06-05,sz000564,sz000564,probe_day0_watch,试盘观察池,rule_strategy,probe_watch_v1,5,69.542948,raw,watch,watch,重点观察,0,首次试盘；盘中急拉后没有直接发动；回吐明显，像在摸上方抛压；题材位置不差,试盘识别-当日观察,2026-06-08,1.59,defense,defense_repair,防守-修复观察,暂停新开仓,29.4055,5日全市场上涨占比29.4%,-0.8059784778346457,-4.578202730219482,55.6879,24.4124,29.3638,20.2131,18.1419,0.2959,-2.3411,-2.0165,-6.1082,-11.1111,68.3447,17.8328,27.3891,12.2867,11.0068,0.677,-2.4017,-1.7919,-7.4077,-13.1997,38.7978,27.5956,31.2842,29.7814,27.9452,-0.5637,-2.2682,-2.2013,-3.4782,-7.7576,0,3,2.5157,-8.1761,-7.5472,1,收盘亏5%且最大浮亏8%,0,3,2.5157,-8.1761,-7.5472,1,收盘亏5%且最大浮亏8%,0,3,2.5157,-8.1761,-7.5472,1,收盘亏5%且最大浮亏8%,0,,top5
2026-06-05,sz002971,sz002971,probe_day0_watch,试盘观察池,rule_strategy,probe_watch_v1,6,69.5387,raw,watch,watch,观察,0,首次试盘；盘中急拉后没有直接发动；回吐明显，像在摸上方抛压,试盘识别-当日观察,2026-06-08,38.9,defense,defense_repair,防守-修复观察,暂停新开仓,29.4055,5日全市场上涨占比29.4%,-0.8059784778346457,-4.578202730219482,55.6879,24.4124,29.3638,20.2131,18.1419,0.2959,-2.3411,-2.0165,-6.1082,-11.1111,68.3447,17.8328,27.3891,12.2867,11.0068,0.677,-2.4017,-1.7919,-7.4077,-13.1997,38.7978,27.5956,31.2842,29.7814,27.9452,-0.5637,-2.2682,-2.2013,-3.4782,-7.7576,0,3,23.2648,-2.0308,23.2648,0,,0,3,23.2648,-2.0308,23.2648,0,,0,3,23.2648,-2.0308,23.2648,0,,0,,other
2026-06-05,sz002827,sz002827,probe_day0_watch,试盘观察池,rule_strategy,probe_watch_v1,7,66.8868,raw,watch,watch,观察,0,首次试盘；盘中急拉后没有直接发动；主动推动偏强,试盘识别-当日观察,2026-06-08,27.63,defense,defense_repair,防守-修复观察,暂停新开仓,29.4055,5日全市场上涨占比29.4%,-0.8059784778346457,-4.578202730219482,55.6879,24.4124,29.3638,20.2131,18.1419,0.2959,-2.3411,-2.0165,-6.1082,-11.1111,68.3447,17.8328,27.3891,12.2867,11.0068,0.677,-2.4017,-1.7919,-7.4077,-13.1997,38.7978,27.5956,31.2842,29.7814,27.9452,-0.5637,-2.2682,-2.2013,-3.4782,-7.7576,0,3,1.2305,-10.2063,-8.3605,1,收盘亏5%且最大浮亏8%,0,3,1.2305,-10.2063,-8.3605,1,收盘亏5%且最大浮亏8%,0,3,1.2305,-10.2063,-8.3605,1,收盘亏5%且最大浮亏8%,0,,other
2026-06-05,sh600667,sh600667,probe_day0_watch,试盘观察池,rule_strategy,probe_watch_v1,8,53.295,raw,watch,watch,观察,0,首次试盘；盘中急拉后没有直接发动；回吐明显，像在摸上方抛压,试盘识别-当日观察,2026-06-08,15.34,defense,defense_repair,防守-修复观察,暂停新开仓,29.4055,5日全市场上涨占比29.4%,-0.8059784778346457,-4.578202730219482,55.6879,24.4124,29.3638,20.2131,18.1419,0.2959,-2.3411,-2.0165,-6.1082,-11.1111,68.3447,17.8328,27.3891,12.2867,11.0068,0.677,-2.4017,-1.7919,-7.4077,-13.1997,38.7978,27.5956,31.2842,29.7814,27.9452,-0.5637,-2.2682,-2.2013,-3.4782,-7.7576,0,3,8.4746,-6.2581,3.781,0,,0,3,8.4746,-6.2581,3.781,0,,0,3,8.4746,-6.2581,3.781,0,,0,,other
2026-06-05,sh600869,sh600869,spark_opportunity_selector,星火机会模型 1.0,model,1.0,1,36.387927,raw,22d,candidate_buy,明日可买,1,22日冲高机会分靠前，突破结构强、L2主力净流入强、主动买入强,星火机会模型,2026-06-08,27.26,defense,defense_repair,防守-修复观察,暂停新开仓,29.4055,5日全市场上涨占比29.4%,-0.8059784778346457,-4.578202730219482,55.6879,24.4124,29.3638,20.2131,18.1419,0.2959,-2.3411,-2.0165,-6.1082,-11.1111,68.3447,17.8328,27.3891,12.2867,11.0068,0.677,-2.4017,-1.7919,-7.4077,-13.1997,38.7978,27.5956,31.2842,29.7814,27.9452,-0.5637,-2.2682,-2.2013,-3.4782,-7.7576,0,3,16.8745,-1.3206,15.7373,0,,0,3,16.8745,-1.3206,15.7373,0,,0,3,16.8745,-1.3206,15.7373,0,,1,35-40,top1
2026-06-05,sh601137,sh601137,spark_opportunity_selector,星火机会模型 1.0,model,1.0,2,34.714637,raw,22d,candidate_buy,明日可买,1,22日冲高机会分靠前，突破结构强、资金潜伏特征较强,星火机会模型,2026-06-08,23.81,defense,defense_repair,防守-修复观察,暂停新开仓,29.4055,5日全市场上涨占比29.4%,-0.8059784778346457,-4.578202730219482,55.6879,24.4124,29.3638,20.2131,18.1419,0.2959,-2.3411,-2.0165,-6.1082,-11.1111,68.3447,17.8328,27.3891,12.2867,11.0068,0.677,-2.4017,-1.7919,-7.4077,-13.1997,38.7978,27.5956,31.2842,29.7814,27.9452,-0.5637,-2.2682,-2.2013,-3.4782,-7.7576,0,3,2.016,-7.5178,-5.6699,1,收盘亏5%,0,3,2.016,-7.5178,-5.6699,1,收盘亏5%,0,3,2.016,-7.5178,-5.6699,1,收盘亏5%,1,<35,top3
2026-06-05,sh600105,sh600105,spark_opportunity_selector,星火机会模型 1.0,model,1.0,3,34.07121,raw,22d,candidate_buy,明日可买,1,22日冲高机会分靠前，突破结构强、L2主力净流入强、主动买入强、出货压力不高,星火机会模型,2026-06-08,51.99,defense,defense_repair,防守-修复观察,暂停新开仓,29.4055,5日全市场上涨占比29.4%,-0.8059784778346457,-4.578202730219482,55.6879,24.4124,29.3638,20.2131,18.1419,0.2959,-2.3411,-2.0165,-6.1082,-11.1111,68.3447,17.8328,27.3891,12.2867,11.0068,0.677,-2.4017,-1.7919,-7.4077,-13.1997,38.7978,27.5956,31.2842,29.7814,27.9452,-0.5637,-2.2682,-2.2013,-3.4782,-7.7576,0,3,9.9442,-0.7309,0.5963,0,,0,3,9.9442,-0.7309,0.5963,0,,0,3,9.9442,-0.7309,0.5963,0,,1,<35,top3
2026-06-05,sh603399,sh603399,stable_capital_callback,资金流回调稳健,rule_strategy,S01-M05-conservative-combined-risk,1,98.51,raw,swing,candidate_buy,可买入,1,no_launch；风险标签 0 个,资金流回调稳健策略,2026-06-08,16.61,defense,defense_repair,防守-修复观察,暂停新开仓,29.4055,5日全市场上涨占比29.4%,-0.8059784778346457,-4.578202730219482,55.6879,24.4124,29.3638,20.2131,18.1419,0.2959,-2.3411,-2.0165,-6.1082,-11.1111,68.3447,17.8328,27.3891,12.2867,11.0068,0.677,-2.4017,-1.7919,-7.4077,-13.1997,38.7978,27.5956,31.2842,29.7814,27.9452,-0.5637,-2.2682,-2.2013,-3.4782,-7.7576,0,3,10.7164,-0.4214,4.997,0,,0,3,10.7164,-0.4214,4.997,0,,0,3,10.7164,-0.4214,4.997,0,,1,,top1
2026-06-05,sh603601,sh603601,stable_capital_callback,资金流回调稳健,rule_strategy,S01-M05-conservative-combined-risk,2,96.32,raw,swing,candidate_buy,可买入,1,no_launch；风险标签 0 个,资金流回调稳健策略,2026-06-08,15.52,defense,defense_repair,防守-修复观察,暂停新开仓,29.4055,5日全市场上涨占比29.4%,-0.8059784778346457,-4.578202730219482,55.6879,24.4124,29.3638,20.2131,18.1419,0.2959,-2.3411,-2.0165,-6.1082,-11.1111,68.3447,17.8328,27.3891,12.2867,11.0068,0.677,-2.4017,-1.7919,-7.4077,-13.1997,38.7978,27.5956,31.2842,29.7814,27.9452,-0.5637,-2.2682,-2.2013,-3.4782,-7.7576,0,3,4.1237,-12.3711,-11.4691,1,收盘亏5%且最大浮亏8%,0,3,4.1237,-12.3711,-11.4691,1,收盘亏5%且最大浮亏8%,0,3,4.1237,-12.3711,-11.4691,1,收盘亏5%且最大浮亏8%,1,,top3
2026-06-05,sh603236,sh603236,stable_capital_callback,资金流回调稳健,rule_strategy,S01-M05-conservative-combined-risk,3,95.74,raw,swing,candidate_buy,可买入,1,no_launch；风险标签 0 个,资金流回调稳健策略,2026-06-08,55.88,defense,defense_repair,防守-修复观察,暂停新开仓,29.4055,5日全市场上涨占比29.4%,-0.8059784778346457,-4.578202730219482,55.6879,24.4124,29.3638,20.2131,18.1419,0.2959,-2.3411,-2.0165,-6.1082,-11.1111,68.3447,17.8328,27.3891,12.2867,11.0068,0.677,-2.4017,-1.7919,-7.4077,-13.1997,38.7978,27.5956,31.2842,29.7814,27.9452,-0.5637,-2.2682,-2.2013,-3.4782,-7.7576,0,3,6.4782,-1.02,-0.1432,0,,0,3,6.4782,-1.02,-0.1432,0,,0,3,6.4782,-1.02,-0.1432,0,,1,,top3
2026-06-08,sz001223,sz001223,probe_day0_watch,试盘观察池,rule_strategy,probe_watch_v1,1,82.368343,raw,watch,watch,观察,0,首次试盘；盘中急拉后没有直接发动；回吐明显，像在摸上方抛压；主动推动偏强,试盘识别-当日观察,2026-06-09,45.17,defense,defense_active_decline,防守-持续下跌,暂停新开仓,10.9791,5日全市场上涨占比15.8%；5日全市场中位涨跌幅-6.3%；5日小盘上涨占比9.6%,-3.161936703891133,-8.859110870833465,12.9345,15.2834,15.8158,14.6257,14.111,-2.7884,-3.912,-6.3481,-8.2766,-13.8282,9.8807,11.6695,9.6252,9.7104,8.1772,-2.726,-3.693,-7.1386,-9.2269,-15.4633,18.7158,18.4426,22.6776,22.8142,22.1918,-2.6915,-4.213,-4.8064,-6.444,-10.3981,0,2,8.9661,-2.081,1.3062,0,,0,2,8.9661,-2.081,1.3062,0,,0,2,8.9661,-2.081,1.3062,0,,0,,top1
2026-06-08,sz000430,sz000430,probe_day0_watch,试盘观察池,rule_strategy,probe_watch_v1,2,77.7978,raw,watch,watch,观察,0,重新试盘；第2次试盘；盘中急拉后没有直接发动；回吐明显，像在摸上方抛压,试盘识别-当日观察,2026-06-09,8.36,defense,defense_active_decline,防守-持续下跌,暂停新开仓,10.9791,5日全市场上涨占比15.8%；5日全市场中位涨跌幅-6.3%；5日小盘上涨占比9.6%,-3.161936703891133,-8.859110870833465,12.9345,15.2834,15.8158,14.6257,14.111,-2.7884,-3.912,-6.3481,-8.2766,-13.8282,9.8807,11.6695,9.6252,9.7104,8.1772,-2.726,-3.693,-7.1386,-9.2269,-15.4633,18.7158,18.4426,22.6776,22.8142,22.1918,-2.6915,-4.213,-4.8064,-6.444,-10.3981,0,2,0.8373,-8.7321,-6.1005,1,收盘亏5%且最大浮亏8%,0,2,0.8373,-8.7321,-6.1005,1,收盘亏5%且最大浮亏8%,0,2,0.8373,-8.7321,-6.1005,1,收盘亏5%且最大浮亏8%,0,,top3
2026-06-08,sz001210,sz001210,probe_day0_watch,试盘观察池,rule_strategy,probe_watch_v1,3,77.0192,raw,watch,watch,观察,0,首次试盘；盘中急拉后没有直接发动；回吐明显，像在摸上方抛压,试盘识别-当日观察,2026-06-09,23.16,defense,defense_active_decline,防守-持续下跌,暂停新开仓,10.9791,5日全市场上涨占比15.8%；5日全市场中位涨跌幅-6.3%；5日小盘上涨占比9.6%,-3.161936703891133,-8.859110870833465,12.9345,15.2834,15.8158,14.6257,14.111,-2.7884,-3.912,-6.3481,-8.2766,-13.8282,9.8807,11.6695,9.6252,9.7104,8.1772,-2.726,-3.693,-7.1386,-9.2269,-15.4633,18.7158,18.4426,22.6776,22.8142,22.1918,-2.6915,-4.213,-4.8064,-6.444,-10.3981,0,2,9.8877,-3.5838,9.8877,0,,0,2,9.8877,-3.5838,9.8877,0,,0,2,9.8877,-3.5838,9.8877,0,,0,,top3
2026-06-08,sz002137,sz002137,probe_day0_watch,试盘观察池,rule_strategy,probe_watch_v1,4,63.6301,raw,watch,watch,观察,0,首次试盘；盘中急拉后没有直接发动；回吐明显，像在摸上方抛压,试盘识别-当日观察,2026-06-09,9.85,defense,defense_active_decline,防守-持续下跌,暂停新开仓,10.9791,5日全市场上涨占比15.8%；5日全市场中位涨跌幅-6.3%；5日小盘上涨占比9.6%,-3.161936703891133,-8.859110870833465,12.9345,15.2834,15.8158,14.6257,14.111,-2.7884,-3.912,-6.3481,-8.2766,-13.8282,9.8807,11.6695,9.6252,9.7104,8.1772,-2.726,-3.693,-7.1386,-9.2269,-15.4633,18.7158,18.4426,22.6776,22.8142,22.1918,-2.6915,-4.213,-4.8064,-6.444,-10.3981,0,2,20.5076,-2.132,8.6294,0,,0,2,20.5076,-2.132,8.6294,0,,0,2,20.5076,-2.132,8.6294,0,,0,,top5
2026-06-08,sh603045,sh603045,spark_opportunity_selector,星火机会模型 1.0,model,1.0,1,32.632513,raw,22d,candidate_buy,明日可买,1,22日冲高机会分靠前，突破结构较好、L2主力净流入强、主动买入强、热点主题前排,星火机会模型,2026-06-09,88.25,defense,defense_active_decline,防守-持续下跌,暂停新开仓,10.9791,5日全市场上涨占比15.8%；5日全市场中位涨跌幅-6.3%；5日小盘上涨占比9.6%,-3.161936703891133,-8.859110870833465,12.9345,15.2834,15.8158,14.6257,14.111,-2.7884,-3.912,-6.3481,-8.2766,-13.8282,9.8807,11.6695,9.6252,9.7104,8.1772,-2.726,-3.693,-7.1386,-9.2269,-15.4633,18.7158,18.4426,22.6776,22.8142,22.1918,-2.6915,-4.213,-4.8064,-6.444,-10.3981,0,2,2.7875,-9.0085,-8.9745,1,收盘亏5%且最大浮亏8%,0,2,2.7875,-9.0085,-8.9745,1,收盘亏5%且最大浮亏8%,0,2,2.7875,-9.0085,-8.9745,1,收盘亏5%且最大浮亏8%,1,<35,top1
2026-06-08,sz002700,sz002700,spark_opportunity_selector,星火机会模型 1.0,model,1.0,2,32.566897,raw,22d,candidate_buy,明日可买,1,22日冲高机会分靠前，突破结构强、资金潜伏特征较强、L2主力净流入强、主动买入强,星火机会模型,2026-06-09,8.75,defense,defense_active_decline,防守-持续下跌,暂停新开仓,10.9791,5日全市场上涨占比15.8%；5日全市场中位涨跌幅-6.3%；5日小盘上涨占比9.6%,-3.161936703891133,-8.859110870833465,12.9345,15.2834,15.8158,14.6257,14.111,-2.7884,-3.912,-6.3481,-8.2766,-13.8282,9.8807,11.6695,9.6252,9.7104,8.1772,-2.726,-3.693,-7.1386,-9.2269,-15.4633,18.7158,18.4426,22.6776,22.8142,22.1918,-2.6915,-4.213,-4.8064,-6.444,-10.3981,0,2,4.1143,-1.9429,0.8,0,,0,2,4.1143,-1.9429,0.8,0,,0,2,4.1143,-1.9429,0.8,0,,1,<35,top3
2026-06-08,sz000668,sz000668,spark_opportunity_selector,星火机会模型 1.0,model,1.0,3,32.234043,raw,22d,candidate_buy,明日可买,1,22日冲高机会分靠前，突破结构较好、L2主力净流入强、主动买入强、出货压力不高,星火机会模型,2026-06-09,21.97,defense,defense_active_decline,防守-持续下跌,暂停新开仓,10.9791,5日全市场上涨占比15.8%；5日全市场中位涨跌幅-6.3%；5日小盘上涨占比9.6%,-3.161936703891133,-8.859110870833465,12.9345,15.2834,15.8158,14.6257,14.111,-2.7884,-3.912,-6.3481,-8.2766,-13.8282,9.8807,11.6695,9.6252,9.7104,8.1772,-2.726,-3.693,-7.1386,-9.2269,-15.4633,18.7158,18.4426,22.6776,22.8142,22.1918,-2.6915,-4.213,-4.8064,-6.444,-10.3981,0,2,0.0,-10.9695,-4.051,1,最大浮亏8%,0,2,0.0,-10.9695,-4.051,1,最大浮亏8%,0,2,0.0,-10.9695,-4.051,1,最大浮亏8%,1,<35,top3
2026-06-08,sz002181,sz002181,stable_capital_callback,资金流回调稳健,rule_strategy,S01-M05-conservative-combined-risk,1,100.0,raw,swing,candidate_buy,可买入,1,no_launch；风险标签 0 个,资金流回调稳健策略,2026-06-09,15.31,defense,defense_active_decline,防守-持续下跌,暂停新开仓,10.9791,5日全市场上涨占比15.8%；5日全市场中位涨跌幅-6.3%；5日小盘上涨占比9.6%,-3.161936703891133,-8.859110870833465,12.9345,15.2834,15.8158,14.6257,14.111,-2.7884,-3.912,-6.3481,-8.2766,-13.8282,9.8807,11.6695,9.6252,9.7104,8.1772,-2.726,-3.693,-7.1386,-9.2269,-15.4633,18.7158,18.4426,22.6776,22.8142,22.1918,-2.6915,-4.213,-4.8064,-6.444,-10.3981,0,2,8.4259,-3.3312,5.0947,0,,0,2,8.4259,-3.3312,5.0947,0,,0,2,8.4259,-3.3312,5.0947,0,,1,,top1
2026-06-08,sh600158,sh600158,stable_capital_callback,资金流回调稳健,rule_strategy,S01-M05-conservative-combined-risk,2,96.29,raw,swing,candidate_buy,可买入,1,no_launch；风险标签 0 个,资金流回调稳健策略,2026-06-09,9.4,defense,defense_active_decline,防守-持续下跌,暂停新开仓,10.9791,5日全市场上涨占比15.8%；5日全市场中位涨跌幅-6.3%；5日小盘上涨占比9.6%,-3.161936703891133,-8.859110870833465,12.9345,15.2834,15.8158,14.6257,14.111,-2.7884,-3.912,-6.3481,-8.2766,-13.8282,9.8807,11.6695,9.6252,9.7104,8.1772,-2.726,-3.693,-7.1386,-9.2269,-15.4633,18.7158,18.4426,22.6776,22.8142,22.1918,-2.6915,-4.213,-4.8064,-6.444,-10.3981,0,2,5.9574,-4.4681,1.0638,0,,0,2,5.9574,-4.4681,1.0638,0,,0,2,5.9574,-4.4681,1.0638,0,,1,,top3
2026-06-08,sh605499,sh605499,stable_capital_callback,资金流回调稳健,rule_strategy,S01-M05-conservative-combined-risk,3,93.84,raw,swing,candidate_buy,可买入,1,no_launch；风险标签 0 个,资金流回调稳健策略,2026-06-09,135.09,defense,defense_active_decline,防守-持续下跌,暂停新开仓,10.9791,5日全市场上涨占比15.8%；5日全市场中位涨跌幅-6.3%；5日小盘上涨占比9.6%,-3.161936703891133,-8.859110870833465,12.9345,15.2834,15.8158,14.6257,14.111,-2.7884,-3.912,-6.3481,-8.2766,-13.8282,9.8807,11.6695,9.6252,9.7104,8.1772,-2.726,-3.693,-7.1386,-9.2269,-15.4633,18.7158,18.4426,22.6776,22.8142,22.1918,-2.6915,-4.213,-4.8064,-6.444,-10.3981,0,2,0.1925,-2.5835,-2.3614,0,,0,2,0.1925,-2.5835,-2.3614,0,,0,2,0.1925,-2.5835,-2.3614,0,,1,,top3
2026-06-09,sh600981,sh600981,probe_d3_confirmed,试盘D3确认池,rule_strategy,probe_confirm_v1,1,118.4238,raw,swing,candidate_buy,明日可买,1,首次试盘后进入D3确认；D3 OIB继续为正；超大单没有撤；盘口承接强于抛压；位置还没顶到极限,试盘识别-三日确认,2026-06-10,2.44,defense,defense_pressure,防守-弱势承压,暂停新开仓,17.1948,5日全市场上涨占比18.5%；5日全市场中位涨跌幅-4.6%；5日小盘上涨占比11.5%,-0.7881350559272748,-5.703876927742235,53.7907,24.6867,18.4837,17.1992,15.2447,0.2326,-2.1841,-4.6092,-7.0796,-12.5426,48.8075,22.9131,11.4991,12.5213,9.029,0.0,-1.8645,-4.8277,-7.5406,-14.0987,66.9399,28.5519,25.8197,25.9563,23.8356,0.7849,-2.398,-3.7289,-5.7117,-9.4586,0,1,11.0656,-2.8689,11.0656,0,,0,1,11.0656,-2.8689,11.0656,0,,0,1,11.0656,-2.8689,11.0656,0,,1,,top1
2026-06-09,sh601869,sh601869,probe_d3_confirmed,试盘D3确认池,rule_strategy,probe_confirm_v1,2,101.3243,raw,swing,candidate_buy,明日可买,1,重新试盘后进入D3确认；这是第2次试盘；D3 OIB继续为正；超大单没有撤；盘口承接强于抛压,试盘识别-三日确认,2026-06-10,482.33,defense,defense_pressure,防守-弱势承压,暂停新开仓,17.1948,5日全市场上涨占比18.5%；5日全市场中位涨跌幅-4.6%；5日小盘上涨占比11.5%,-0.7881350559272748,-5.703876927742235,53.7907,24.6867,18.4837,17.1992,15.2447,0.2326,-2.1841,-4.6092,-7.0796,-12.5426,48.8075,22.9131,11.4991,12.5213,9.029,0.0,-1.8645,-4.8277,-7.5406,-14.0987,66.9399,28.5519,25.8197,25.9563,23.8356,0.7849,-2.398,-3.7289,-5.7117,-9.4586,0,1,2.6268,-7.7395,-6.1452,1,收盘亏5%,0,1,2.6268,-7.7395,-6.1452,1,收盘亏5%,0,1,2.6268,-7.7395,-6.1452,1,收盘亏5%,1,,top3
2026-06-09,sz002530,sz002530,probe_d3_confirmed,试盘D3确认池,rule_strategy,probe_confirm_v1,3,92.8587,raw,swing,watch,观察,0,首次试盘后进入D3确认；超大单没有撤；位置还没顶到极限,试盘识别-三日确认,2026-06-10,7.94,defense,defense_pressure,防守-弱势承压,暂停新开仓,17.1948,5日全市场上涨占比18.5%；5日全市场中位涨跌幅-4.6%；5日小盘上涨占比11.5%,-0.7881350559272748,-5.703876927742235,53.7907,24.6867,18.4837,17.1992,15.2447,0.2326,-2.1841,-4.6092,-7.0796,-12.5426,48.8075,22.9131,11.4991,12.5213,9.029,0.0,-1.8645,-4.8277,-7.5406,-14.0987,66.9399,28.5519,25.8197,25.9563,23.8356,0.7849,-2.398,-3.7289,-5.7117,-9.4586,0,1,3.1486,-1.5113,2.267,0,,0,1,3.1486,-1.5113,2.267,0,,0,1,3.1486,-1.5113,2.267,0,,0,,top3
2026-06-09,sz000620,sz000620,probe_d3_confirmed,试盘D3确认池,rule_strategy,probe_confirm_v1,4,54.2025,raw,swing,watch,观察,0,首次试盘后进入D3确认；D3 OIB继续为正；盘口承接强于抛压；位置还没顶到极限,试盘识别-三日确认,2026-06-10,3.13,defense,defense_pressure,防守-弱势承压,暂停新开仓,17.1948,5日全市场上涨占比18.5%；5日全市场中位涨跌幅-4.6%；5日小盘上涨占比11.5%,-0.7881350559272748,-5.703876927742235,53.7907,24.6867,18.4837,17.1992,15.2447,0.2326,-2.1841,-4.6092,-7.0796,-12.5426,48.8075,22.9131,11.4991,12.5213,9.029,0.0,-1.8645,-4.8277,-7.5406,-14.0987,66.9399,28.5519,25.8197,25.9563,23.8356,0.7849,-2.398,-3.7289,-5.7117,-9.4586,0,1,1.9169,-3.5144,-2.2364,0,,0,1,1.9169,-3.5144,-2.2364,0,,0,1,1.9169,-3.5144,-2.2364,0,,0,,top5
2026-06-09,sz002886,sz002886,probe_day0_watch,试盘观察池,rule_strategy,probe_watch_v1,1,79.12427,raw,watch,watch,重点观察,0,首次试盘；盘中急拉后没有直接发动；回吐明显，像在摸上方抛压；主动推动偏强,试盘识别-当日观察,2026-06-10,27.42,defense,defense_pressure,防守-弱势承压,暂停新开仓,17.1948,5日全市场上涨占比18.5%；5日全市场中位涨跌幅-4.6%；5日小盘上涨占比11.5%,-0.7881350559272748,-5.703876927742235,53.7907,24.6867,18.4837,17.1992,15.2447,0.2326,-2.1841,-4.6092,-7.0796,-12.5426,48.8075,22.9131,11.4991,12.5213,9.029,0.0,-1.8645,-4.8277,-7.5406,-14.0987,66.9399,28.5519,25.8197,25.9563,23.8356,0.7849,-2.398,-3.7289,-5.7117,-9.4586,0,1,7.4034,-0.9847,4.6681,0,,0,1,7.4034,-0.9847,4.6681,0,,0,1,7.4034,-0.9847,4.6681,0,,0,,top1
2026-06-09,sz002429,sz002429,probe_day0_watch,试盘观察池,rule_strategy,probe_watch_v1,2,53.780264,raw,watch,watch,重点观察,0,首次试盘；盘中急拉后没有直接发动；回吐明显，像在摸上方抛压；题材位置不差,试盘识别-当日观察,2026-06-10,11.52,defense,defense_pressure,防守-弱势承压,暂停新开仓,17.1948,5日全市场上涨占比18.5%；5日全市场中位涨跌幅-4.6%；5日小盘上涨占比11.5%,-0.7881350559272748,-5.703876927742235,53.7907,24.6867,18.4837,17.1992,15.2447,0.2326,-2.1841,-4.6092,-7.0796,-12.5426,48.8075,22.9131,11.4991,12.5213,9.029,0.0,-1.8645,-4.8277,-7.5406,-14.0987,66.9399,28.5519,25.8197,25.9563,23.8356,0.7849,-2.398,-3.7289,-5.7117,-9.4586,0,1,0.434,-8.1597,-6.25,1,收盘亏5%且最大浮亏8%,0,1,0.434,-8.1597,-6.25,1,收盘亏5%且最大浮亏8%,0,1,0.434,-8.1597,-6.25,1,收盘亏5%且最大浮亏8%,0,,top3
2026-06-09,sz003004,sz003004,spark_opportunity_selector,星火机会模型 1.0,model,1.0,1,41.856276,raw,22d,candidate_buy,明日可买,1,22日冲高机会分靠前，L2主力净流入强、主动买入强、出货压力不高,星火机会模型,2026-06-10,64.37,defense,defense_pressure,防守-弱势承压,暂停新开仓,17.1948,5日全市场上涨占比18.5%；5日全市场中位涨跌幅-4.6%；5日小盘上涨占比11.5%,-0.7881350559272748,-5.703876927742235,53.7907,24.6867,18.4837,17.1992,15.2447,0.2326,-2.1841,-4.6092,-7.0796,-12.5426,48.8075,22.9131,11.4991,12.5213,9.029,0.0,-1.8645,-4.8277,-7.5406,-14.0987,66.9399,28.5519,25.8197,25.9563,23.8356,0.7849,-2.398,-3.7289,-5.7117,-9.4586,0,1,7.9229,-0.5748,5.4839,0,,0,1,7.9229,-0.5748,5.4839,0,,0,1,7.9229,-0.5748,5.4839,0,,1,>=40,top1
2026-06-09,sh603931,sh603931,spark_opportunity_selector,星火机会模型 1.0,model,1.0,2,35.050833,raw,22d,candidate_buy,明日可买,1,22日冲高机会分靠前，资金潜伏特征较强、L2主力净流入强、主动买入强,星火机会模型,2026-06-10,56.81,defense,defense_pressure,防守-弱势承压,暂停新开仓,17.1948,5日全市场上涨占比18.5%；5日全市场中位涨跌幅-4.6%；5日小盘上涨占比11.5%,-0.7881350559272748,-5.703876927742235,53.7907,24.6867,18.4837,17.1992,15.2447,0.2326,-2.1841,-4.6092,-7.0796,-12.5426,48.8075,22.9131,11.4991,12.5213,9.029,0.0,-1.8645,-4.8277,-7.5406,-14.0987,66.9399,28.5519,25.8197,25.9563,23.8356,0.7849,-2.398,-3.7289,-5.7117,-9.4586,0,1,5.6152,-0.8273,3.4501,0,,0,1,5.6152,-0.8273,3.4501,0,,0,1,5.6152,-0.8273,3.4501,0,,1,35-40,top3
2026-06-09,sh603115,sh603115,spark_opportunity_selector,星火机会模型 1.0,model,1.0,3,33.733948,raw,22d,candidate_buy,明日可买,1,22日冲高机会分靠前，资金潜伏特征较强、热点主题前排,星火机会模型,2026-06-10,98.83,defense,defense_pressure,防守-弱势承压,暂停新开仓,17.1948,5日全市场上涨占比18.5%；5日全市场中位涨跌幅-4.6%；5日小盘上涨占比11.5%,-0.7881350559272748,-5.703876927742235,53.7907,24.6867,18.4837,17.1992,15.2447,0.2326,-2.1841,-4.6092,-7.0796,-12.5426,48.8075,22.9131,11.4991,12.5213,9.029,0.0,-1.8645,-4.8277,-7.5406,-14.0987,66.9399,28.5519,25.8197,25.9563,23.8356,0.7849,-2.398,-3.7289,-5.7117,-9.4586,0,1,0.1518,-6.4758,-3.1367,0,,0,1,0.1518,-6.4758,-3.1367,0,,0,1,0.1518,-6.4758,-3.1367,0,,1,<35,top3
2026-06-09,sh600330,sh600330,stable_capital_callback,资金流回调稳健,rule_strategy,S01-M05-conservative-combined-risk,1,100.0,raw,swing,candidate_buy,可买入,1,no_launch；风险标签 0 个,资金流回调稳健策略,2026-06-10,29.3,defense,defense_pressure,防守-弱势承压,暂停新开仓,17.1948,5日全市场上涨占比18.5%；5日全市场中位涨跌幅-4.6%；5日小盘上涨占比11.5%,-0.7881350559272748,-5.703876927742235,53.7907,24.6867,18.4837,17.1992,15.2447,0.2326,-2.1841,-4.6092,-7.0796,-12.5426,48.8075,22.9131,11.4991,12.5213,9.029,0.0,-1.8645,-4.8277,-7.5406,-14.0987,66.9399,28.5519,25.8197,25.9563,23.8356,0.7849,-2.398,-3.7289,-5.7117,-9.4586,0,1,2.901,-3.1399,-0.7509,0,,0,1,2.901,-3.1399,-0.7509,0,,0,1,2.901,-3.1399,-0.7509,0,,1,,top1
2026-06-09,sz000426,sz000426,stable_capital_callback,资金流回调稳健,rule_strategy,S01-M05-conservative-combined-risk,2,100.0,raw,swing,candidate_buy,可买入,1,no_launch；风险标签 0 个,资金流回调稳健策略,2026-06-10,34.62,defense,defense_pressure,防守-弱势承压,暂停新开仓,17.1948,5日全市场上涨占比18.5%；5日全市场中位涨跌幅-4.6%；5日小盘上涨占比11.5%,-0.7881350559272748,-5.703876927742235,53.7907,24.6867,18.4837,17.1992,15.2447,0.2326,-2.1841,-4.6092,-7.0796,-12.5426,48.8075,22.9131,11.4991,12.5213,9.029,0.0,-1.8645,-4.8277,-7.5406,-14.0987,66.9399,28.5519,25.8197,25.9563,23.8356,0.7849,-2.398,-3.7289,-5.7117,-9.4586,0,1,3.6395,-1.1554,2.2819,0,,0,1,3.6395,-1.1554,2.2819,0,,0,1,3.6395,-1.1554,2.2819,0,,1,,top3
2026-06-09,sz002487,sz002487,stable_capital_callback,资金流回调稳健,rule_strategy,S01-M05-conservative-combined-risk,3,100.0,raw,swing,candidate_buy,可买入,1,no_launch；风险标签 0 个,资金流回调稳健策略,2026-06-10,60.84,defense,defense_pressure,防守-弱势承压,暂停新开仓,17.1948,5日全市场上涨占比18.5%；5日全市场中位涨跌幅-4.6%；5日小盘上涨占比11.5%,-0.7881350559272748,-5.703876927742235,53.7907,24.6867,18.4837,17.1992,15.2447,0.2326,-2.1841,-4.6092,-7.0796,-12.5426,48.8075,22.9131,11.4991,12.5213,9.029,0.0,-1.8645,-4.8277,-7.5406,-14.0987,66.9399,28.5519,25.8197,25.9563,23.8356,0.7849,-2.398,-3.7289,-5.7117,-9.4586,0,1,1.0848,-3.2051,-1.9724,0,,0,1,1.0848,-3.2051,-1.9724,0,,0,1,1.0848,-3.2051,-1.9724,0,,1,,top3
