trade_date,all_sample_1d,all_med_ret_1d,all_up_ratio_1d,all_down5_ratio_1d,all_strong10_ratio_1d,all_sample_3d,all_med_ret_3d,all_up_ratio_3d,all_down5_ratio_3d,all_strong10_ratio_3d,all_sample_5d,all_med_ret_5d,all_up_ratio_5d,all_down5_ratio_5d,all_strong10_ratio_5d,all_sample_10d,all_med_ret_10d,all_up_ratio_10d,all_down5_ratio_10d,all_strong10_ratio_10d,all_sample_20d,all_med_ret_20d,all_up_ratio_20d,all_down5_ratio_20d,all_strong10_ratio_20d,small_sample_1d,small_med_ret_1d,small_up_ratio_1d,small_down5_ratio_1d,small_strong10_ratio_1d,small_sample_3d,small_med_ret_3d,small_up_ratio_3d,small_down5_ratio_3d,small_strong10_ratio_3d,small_sample_5d,small_med_ret_5d,small_up_ratio_5d,small_down5_ratio_5d,small_strong10_ratio_5d,small_sample_10d,small_med_ret_10d,small_up_ratio_10d,small_down5_ratio_10d,small_strong10_ratio_10d,small_sample_20d,small_med_ret_20d,small_up_ratio_20d,small_down5_ratio_20d,small_strong10_ratio_20d,large_sample_1d,large_med_ret_1d,large_up_ratio_1d,large_down5_ratio_1d,large_strong10_ratio_1d,large_sample_3d,large_med_ret_3d,large_up_ratio_3d,large_down5_ratio_3d,large_strong10_ratio_3d,large_sample_5d,large_med_ret_5d,large_up_ratio_5d,large_down5_ratio_5d,large_strong10_ratio_5d,large_sample_10d,large_med_ret_10d,large_up_ratio_10d,large_down5_ratio_10d,large_strong10_ratio_10d,large_sample_20d,large_med_ret_20d,large_up_ratio_20d,large_down5_ratio_20d,large_strong10_ratio_20d,csi1000_return_1d_pct,csi1000_return_5d_pct,csi1000_return_20d_pct,csi500_return_5d_pct,hs300_return_5d_pct,sh_index_return_5d_pct,gem_index_return_5d_pct,limit_up_count,limit_down_count,broken_limit_up_ratio,market_total_amount_yi,market_amount_ratio_20d,has_index_data,has_heat_data,has_order_data,has_book_data,water_score,market_regime,market_detail,market_detail_label,default_action,reason_top3
2024-09-02,0,,,,,0,,,,,0,,,,,0,,,,,0,,,,,0,,,,,0,,,,,0,,,,,0,,,,,0,,,,,0,,,,,0,,,,,0,,,,,0,,,,,0,,,,,-2.0911280804878474,0.4347876184966015,-3.1260488188009417,0.055536980635806366,-1.7812312296367927,-1.5578702067010397,-0.540959629184945,0,0,,4824.513713470601,1.0,1,1,1,1,22.2435,defense,defense_pressure,防守-弱势承压,暂停新开仓,5日全市场上涨占比0.0%；5日小盘上涨占比0.0%
2024-09-03,3160,0.7348,71.7405,0.443,0.5696,0,,,,,0,,,,,0,,,,,0,,,,,1160,0.672,72.931,0.431,0.6034,0,,,,,0,,,,,0,,,,,0,,,,,718,0.6741,67.4095,0.4178,0.4178,0,,,,,0,,,,,0,,,,,0,,,,,0.8799199649554224,2.527466039548454,-3.7379283379733175,2.251165087263862,-0.9652761848137681,-1.6060658864549993,1.6708539545666756,37,4,0.3508771929824561,3958.296165950602,0.9013735285845578,1,1,1,1,23.4154,defense,defense_repair,防守-修复观察,暂停新开仓,5日全市场上涨占比0.0%；5日小盘上涨占比0.0%
2024-09-04,3161,-0.7463,22.4612,1.5501,0.5694,0,,,,,0,,,,,0,,,,,0,,,,,1162,-0.9566,18.0723,1.8072,0.5164,0,,,,,0,,,,,0,,,,,0,,,,,718,-0.5691,28.4123,1.2535,0.2786,0,,,,,0,,,,,0,,,,,0,,,,,-0.47299698604473805,1.7944010961872259,-4.061219671080507,1.8238897666155829,-1.0445989947468703,-1.8732096690479594,1.5142052937797024,33,3,0.3125,3726.1921124665973,0.8936425419589189,1,1,1,1,23.0049,defense,defense_pressure,防守-弱势承压,暂停新开仓,5日全市场上涨占比0.0%；5日小盘上涨占比0.0%
2024-09-05,3160,0.7523,74.2722,0.6646,0.8228,3158,0.9206,64.7562,2.2166,1.8366,0,,,,,0,,,,,0,,,,,1161,1.0115,81.2231,0.9475,1.0336,1159,0.8677,66.3503,1.6393,2.0708,0,,,,,0,,,,,0,,,,,718,0.3329,60.0279,0.2786,0.0,718,0.5359,56.6852,3.6212,0.5571,0,,,,,0,,,,,0,,,,,0.7913298710765293,0.9756291503220993,-3.2221165920838124,0.9475963560942935,-0.6078504523258754,-1.2323979333400903,1.5131378983838983,41,0,0.31666666666666665,3539.7567187921095,0.8822505921125279,1,1,1,1,22.5464,defense,defense_repair,防守-修复观察,暂停新开仓,5日全市场上涨占比0.0%；5日小盘上涨占比0.0%
2024-09-06,3160,-1.6399,12.3101,1.7405,0.5696,3159,-1.4706,22.0956,6.8376,1.3295,0,,,,,0,,,,,0,,,,,1162,-1.8578,10.0688,2.2375,0.5164,1162,-1.6393,20.1377,6.7986,1.2048,0,,,,,0,,,,,0,,,,,718,-1.2634,15.8774,1.1142,0.2786,717,-1.451,23.9888,8.5077,0.6974,0,,,,,0,,,,,0,,,,,-1.7125996393156817,-2.615749463825068,-4.1362478210333675,-2.1913665246108383,-2.7122816864278754,-2.688312513532587,-2.6819731856463247,28,3,0.5087719298245614,3637.1067119607023,0.9237863395575399,1,1,1,1,20.5352,defense,defense_pressure,防守-弱势承压,暂停新开仓,5日全市场上涨占比0.0%；5日小盘上涨占比0.0%
2024-09-09,3160,-0.3348,35.8228,1.2025,0.5696,3157,-1.1173,29.395,5.4165,1.3937,3154,-0.9641,34.3373,9.1313,2.4413,0,,,,,0,,,,,1161,0.2179,53.919,1.0336,1.0336,1161,-0.4651,38.1568,3.7898,1.4643,1158,-0.6442,37.2193,5.2677,2.7634,0,,,,,0,,,,,718,-0.9314,17.8273,1.2535,0.0,717,-1.9133,19.6653,9.3445,0.5579,717,-1.5968,29.1492,18.2706,0.9763,0,,,,,0,,,,,-0.7252649882555917,-1.2572050238339072,-4.248307220187364,-0.8730507966424161,-2.207018598099675,-2.6519555964262254,0.13586649766528236,45,10,0.27419354838709675,3638.0461904680933,0.9358754871348615,1,1,1,1,39.674,caution,caution,谨慎,观察为主,5日上涨占比34.3%；10日上涨占比0.0%；10日中位涨跌幅0.0%
2024-09-10,3161,0.2677,55.5837,1.5185,0.6643,3159,-1.5474,19.8481,7.629,0.9497,3157,-1.3685,27.3994,11.5616,1.4571,0,,,,,0,,,,,1162,0.5173,62.7367,1.5491,1.0327,1161,-1.0,26.7011,4.6512,1.292,1161,-0.7282,34.6253,7.3213,1.9811,0,,,,,0,,,,,718,0.0,49.3036,1.2535,0.1393,718,-2.1277,13.5097,11.2813,0.5571,717,-2.2695,20.6416,19.5258,0.4184,0,,,,,0,,,,,0.2691077026270472,-1.8550773259627285,-4.470600622132325,-1.9313575454305454,-2.3728334716490718,-2.097290286223008,-1.0499442691984995,37,19,0.3508771929824561,3610.7463780106013,0.9383904059375014,1,1,1,1,35.8494,defense,defense_repair,防守-修复观察,暂停新开仓,5日全市场上涨占比27.4%
2024-09-11,3162,-0.733,26.5022,1.6129,0.3479,3161,-0.6323,36.0962,6.422,1.044,3158,-1.3133,27.9291,10.798,1.6783,0,,,,,0,,,,,1163,-0.9346,17.8848,1.9776,0.8598,1162,-0.2331,43.2014,3.7866,2.0654,1162,-0.8628,33.5628,6.7986,2.7539,0,,,,,0,,,,,718,-0.3404,38.4401,1.3928,0.0,718,-1.1053,30.0836,9.61,0.4178,717,-2.0243,23.431,17.7127,0.4184,0,,,,,0,,,,,-0.034960971687281184,-1.4231240926122934,-3.5117664711151853,-1.4658875743002509,-2.030493595204852,-2.244139890757324,0.23722541463793156,26,15,0.3333333333333333,3411.476417227802,0.8993505060834187,1,1,1,1,36.0942,defense,defense_pressure,防守-弱势承压,暂停新开仓,5日全市场上涨占比27.9%
2024-09-12,3163,-0.1445,40.7208,0.7904,0.6639,3162,-0.5638,36.5275,4.9652,1.2018,3160,-2.3476,18.6076,15.8228,1.2658,0,,,,,0,,,,,1164,-0.1032,40.0344,0.7732,0.945,1163,-0.5988,34.7377,5.1591,1.6337,1162,-2.0138,21.6007,11.1876,2.1515,0,,,,,0,,,,,718,-0.2323,39.9721,0.5571,0.2786,718,-0.4315,39.8329,4.8747,0.2786,718,-2.6294,16.2953,20.8914,0.5571,0,,,,,0,,,,,-0.38481218462762534,-2.573425508645888,-4.7551900792742625,-2.271183024391743,-2.6178465446387578,-2.5531915504067637,-0.8250214255174915,32,5,0.3469387755102041,3475.8440840555013,0.9249191842377432,1,1,1,1,27.9413,defense,defense_pressure,防守-弱势承压,暂停新开仓,5日全市场上涨占比18.6%；5日小盘上涨占比21.6%
2024-09-13,3163,-1.1696,20.8663,2.0866,0.7272,3162,-1.9433,19.8925,9.203,1.2334,3161,-1.9169,23.6634,14.4258,2.2145,0,,,,,0,,,,,1164,-1.3621,21.3918,2.7491,0.945,1163,-2.381,18.3147,10.6621,1.8057,1162,-1.5136,29.0017,10.4131,3.3563,0,,,,,0,,,,,718,-0.7824,25.3482,1.532,0.2786,718,-1.441,22.5627,6.6852,0.1393,718,-2.2539,19.6379,18.663,0.6964,0,,,,,0,,,,,-1.243228550197295,-2.1081652900393433,-5.207944178116952,-1.906260479444144,-2.231228308379385,-2.2314286183278353,-0.18878179955164054,37,11,0.28846153846153844,3553.595915602998,0.9507802814775848,1,1,1,1,32.2851,defense,defense_pressure,防守-弱势承压,暂停新开仓,5日全市场上涨占比23.7%
2024-09-18,3159,-0.5988,33.8398,1.7094,0.5065,3159,-1.8797,26.3058,11.5226,1.5195,3158,-2.195,24.3825,16.4978,2.1216,3149,-3.1949,24.1982,31.1527,3.3344,0,,,,,1161,-1.1144,21.8777,2.7562,0.6891,1161,-2.4927,20.4134,14.4703,2.4117,1160,-2.843,20.3448,20.0862,2.7586,1154,-3.4651,22.7903,31.7158,4.3328,0,,,,,718,0.2468,55.0139,0.6964,0.1393,718,-0.5215,39.8329,8.4958,0.4178,718,-0.9995,33.7047,10.585,1.3928,717,-3.0172,25.6625,32.636,2.0921,0,,,,,-0.3184546533625432,-1.7070218364008793,-5.671117029651763,-0.9832408536180837,-0.6871823550347544,-0.7018595662556582,-0.3616219767398787,25,11,0.34210526315789475,3348.854110535901,0.9045527845559119,1,1,1,1,27.6613,defense,defense_pressure,防守-弱势承压,暂停新开仓,5日全市场上涨占比24.4%；5日小盘上涨占比20.3%
2024-09-19,3164,2.3567,90.2971,0.3161,0.885,3162,0.6584,61.9545,2.53,1.771,3161,-0.0871,47.1686,6.6118,2.8156,3157,-1.3566,35.35,18.5619,3.611,0,,,,,1163,2.8011,95.3568,0.172,1.3758,1163,0.5556,59.7592,3.0095,2.7515,1162,-0.4668,41.136,7.0568,3.7866,1161,-1.0453,37.8984,15.6761,5.3402,0,,,,,719,1.4625,79.2768,0.5563,0.1391,718,0.9077,65.7382,2.0891,0.6964,718,0.2989,53.3426,6.2674,1.6713,717,-1.9178,31.9386,23.9888,1.3947,0,,,,,1.8899495927970467,-0.1181239179151472,-2.1188699828867175,0.2814401839835501,0.008777268046067377,-0.2977160381738675,0.4216677591049489,53,1,0.32051282051282054,4474.21575518081,1.1878805199779958,1,1,1,1,45.6758,caution,caution,谨慎,观察为主,5日上涨占比47.2%；10日上涨占比35.4%；10日中位涨跌幅-1.4%
2024-09-20,3163,-0.4525,33.1015,0.5375,0.7588,3161,1.4365,73.2047,2.3094,2.9737,3161,0.3072,52.2619,7.5925,3.8279,3156,-1.0556,39.9556,18.9797,4.8162,0,,,,,1163,-0.4866,31.0404,0.5159,1.3758,1163,1.4409,73.0009,2.5795,3.6973,1163,0.1957,51.0748,7.4807,4.9011,1161,-0.4004,44.9612,15.2455,7.0629,0,,,,,719,-0.2657,39.0821,0.6954,0.2782,718,1.3643,72.4234,1.9499,2.2284,718,0.5453,55.571,8.078,2.6462,717,-1.6598,34.4491,24.1283,2.0921,0,,,,,-0.4220736498384059,-0.5049145491671791,-1.866828586306457,-0.36602454468808165,0.46827343731339344,0.5517939042584796,-1.39434104833549,47,1,0.25396825396825395,4046.796297947588,1.0682887849638483,1,1,1,1,50.346,caution,caution,谨慎,观察为主,5日上涨占比52.3%；10日上涨占比40.0%；10日中位涨跌幅-1.1%
2024-09-23,3165,0.1041,51.3428,0.7583,0.9479,3164,2.1862,79.7092,1.9595,4.0455,3162,0.5984,57.3055,6.2302,4.1113,3159,-1.6438,34.5362,22.1273,4.4318,0,,,,,1163,0.0967,50.9888,0.9458,1.2038,1163,2.6738,85.7266,1.3758,5.761,1163,0.4695,55.46,5.9329,5.2451,1161,-1.3514,36.9509,19.8105,6.3738,0,,,,,719,0.1401,52.9903,0.2782,0.2782,719,1.4327,71.3491,2.7816,1.2517,718,1.0095,61.8384,6.8245,2.6462,718,-1.8085,34.6797,24.3733,2.0891,0,,,,,0.12942054970697114,0.008698193691514255,-0.5055078552233194,-0.04234540386021113,1.2699612702979035,1.170156773537423,-1.373070749407601,53,4,0.29333333333333333,3832.027710199503,1.01075634689077,1,1,1,1,53.2954,attack,attack,攻击,可参与,5日全市场上涨占比57.3%；5日全市场中位涨跌幅0.6%；5日小盘上涨占比55.5%
2024-09-24,3166,3.2558,96.3361,0.2843,1.3582,3165,3.1902,92.5118,0.7267,3.128,3163,5.1702,93.6137,1.4543,10.4647,3161,3.271,79.6583,5.0617,10.4397,0,,,,,1164,2.9019,95.5326,0.3436,1.89,1164,2.825,92.1821,0.945,4.1237,1164,4.8108,92.7835,1.8041,9.7079,1162,3.4939,79.8623,4.9053,13.5972,0,,,,,719,3.8947,97.7747,0.5563,0.6954,719,4.0,93.7413,0.6954,1.669,718,5.7926,94.1504,0.9749,13.5097,718,3.4286,79.9443,4.4568,7.2423,0,,,,,3.8805091618897336,5.197388862181063,3.274806183348966,5.361489874080383,6.098351917403111,5.881310293860098,5.22112753232804,86,3,0.31746031746031744,6878.063297841598,1.720791172211658,1,1,1,1,88.0241,attack,attack,攻击,可参与,5日全市场上涨占比93.6%；5日全市场中位涨跌幅5.2%；5日小盘上涨占比92.8%
2024-09-25,3167,1.0142,77.5182,0.3789,0.8525,3167,4.6353,95.2637,0.5999,6.7888,3166,6.9157,95.7359,0.916,20.4359,3162,4.7242,86.2429,3.3839,15.37,0,,,,,1164,1.1019,81.6151,0.5155,0.8591,1164,4.4524,95.2749,0.7732,6.3574,1164,7.1088,97.1649,0.6873,22.079,1163,4.3977,86.1565,3.6973,15.4772,0,,,,,719,0.9084,71.3491,0.2782,0.6954,719,5.2092,96.5229,0.4172,7.2323,719,6.7055,94.854,1.2517,17.3853,718,5.3676,87.6045,1.9499,17.1309,0,,,,,0.9413065560821998,6.5268585184008465,3.841557954066266,6.018669465642734,7.269695947367172,6.5883646275414876,7.04733817871932,50,3,0.5867768595041323,8149.485835379193,1.914569268389554,1,1,1,1,93.3895,attack,attack,攻击,可参与,5日全市场上涨占比95.7%；5日全市场中位涨跌幅6.9%；5日小盘上涨占比97.2%
2024-09-26,3167,3.0581,95.9583,0.1263,2.305,3167,7.8298,98.1686,0.4736,28.8601,3166,7.6478,97.3784,0.5685,29.343,3162,7.6406,93.7381,1.7394,35.1676,0,,,,,1164,2.594,95.3608,0.1718,2.5773,1164,7.1193,97.5945,0.8591,19.8454,1164,6.9934,97.3368,0.7732,22.5086,1163,6.6434,93.4652,1.8917,27.945,0,,,,,719,3.6018,96.5229,0.0,2.6426,719,8.8816,99.0264,0.4172,39.0821,719,8.9606,96.8011,0.4172,38.8039,718,9.0826,94.1504,1.2535,45.1253,0,,,,,4.009034158253,8.742380486907253,9.293312316280279,9.24233616012977,10.928685809110327,9.68305008636261,10.842065348924756,134,1,0.18292682926829268,8291.551784393812,1.8450616540990799,1,1,1,1,96.6344,attack,attack,攻击,可参与,5日全市场上涨占比97.4%；5日全市场中位涨跌幅7.6%；5日小盘上涨占比97.3%
2024-09-27,3167,3.8123,96.3688,0.0632,1.8314,3167,8.296,98.2318,0.3473,31.5756,3167,12.2186,98.6107,0.5368,72.4661,3163,12.6803,97.5972,0.9169,69.9652,0,,,,,1164,3.5353,97.7663,0.0,0.7732,1164,7.8018,98.2818,0.6014,22.7663,1164,11.485,98.1959,0.7732,67.7835,1164,11.543,97.8522,1.1168,64.0034,0,,,,,719,4.4248,93.3241,0.0,3.4771,719,9.1613,97.3574,0.2782,43.6718,719,13.8264,99.1655,0.2782,76.217,718,14.0024,98.0501,0.4178,76.6017,0,,,,,5.381649381230358,15.080237492141846,14.89505061133305,15.633937572466227,15.70219918797262,12.814707642342803,22.705317216442488,123,1,0.3910891089108911,9396.413517233894,1.9714368000082576,1,1,1,1,99.1224,attack,attack,攻击,可参与,5日全市场上涨占比98.6%；5日全市场中位涨跌幅12.2%；5日小盘上涨占比98.2%
2024-09-30,3164,8.586,99.7472,0.0632,11.9785,3164,16.2342,99.4627,0.0948,93.1732,3164,21.5,99.4627,0.2212,96.5234,3160,22.3129,99.2089,0.443,96.2975,0,,,,,1164,8.3166,99.5704,0.0,6.6151,1164,15.3453,99.3986,0.0859,93.9863,1164,20.4549,99.3127,0.1718,96.2199,1164,20.8671,99.2268,0.6014,95.9622,0,,,,,716,8.9349,100.0,0.0,18.8547,716,17.5734,99.7207,0.0,88.9665,716,23.1364,99.7207,0.2793,95.8101,715,24.2003,99.7203,0.1399,97.2028,0,,,,,11.143611350490001,27.739011368783274,25.676861215203537,27.777884817717478,25.05912743852732,21.37494694730222,42.11549747397299,769,0,0.3009090909090909,17268.075261811486,3.1834859491037792,1,1,1,1,99.6631,attack,attack,攻击,可参与,5日全市场上涨占比99.5%；5日全市场中位涨跌幅21.5%；5日小盘上涨占比99.3%
2024-10-08,3162,4.4027,90.1645,0.1265,6.7679,3162,17.6843,98.8299,0.1898,91.4611,3162,23.0919,99.3042,0.1581,95.7622,3158,29.6558,99.24,0.4433,96.9918,0,,,,,1164,4.1367,91.5808,0.0859,3.3505,1164,16.8992,99.2268,0.3436,93.4708,1164,21.9027,99.3986,0.1718,96.5636,1164,28.0992,99.1409,0.6873,96.8213,0,,,,,716,4.958,83.7989,0.419,10.7542,716,18.822,99.0223,0.0,84.6369,716,24.5006,99.3017,0.0,93.1564,715,31.7486,99.7203,0.0,96.9231,0,,,,,8.638547002082287,33.58983992810685,33.97185914690053,31.260372427785033,26.975290796975692,21.886906459391998,57.88042194696228,0,0,,21591.16600673957,1.0,1,1,1,1,99.633,attack,attack,攻击,可参与,5日全市场上涨占比99.3%；5日全市场中位涨跌幅23.1%；5日小盘上涨占比99.4%
2024-10-09,3161,-8.7011,4.9668,86.0804,0.6011,3161,3.6765,82.6004,1.6134,12.844,3161,11.3147,96.8997,0.7276,59.1901,3160,19.5814,98.3861,0.7911,90.6329,3142,15.5845,96.5309,1.6232,78.9943,1163,-9.3306,4.3852,90.7997,0.8598,1163,2.7668,80.1376,1.5477,8.0825,1163,9.7875,97.0765,0.6019,47.8934,1163,18.1531,98.4523,0.8598,90.9716,1153,14.3403,97.0512,1.0408,78.6644,716,-7.5688,4.8883,78.0726,0.5587,716,5.2745,81.2849,2.2346,20.5307,716,13.9353,94.9721,0.6983,66.6201,716,21.3749,98.4637,0.6983,88.1285,714,17.5658,94.958,2.521,75.3501,-7.6524752863816765,22.21647871572767,26.362088858182364,21.22309414896051,16.300030015878143,12.517742861190385,38.89969648043034,34,937,0.4925373134328358,17111.915506314475,0.8842663083838866,1,1,1,1,98.3063,attack,attack,攻击,可参与,5日全市场上涨占比96.9%；5日全市场中位涨跌幅11.3%；5日小盘上涨占比97.1%
2024-10-10,3163,0.5908,59.9747,5.6908,0.8536,3163,-3.5475,18.6848,32.6905,2.1499,3161,8.5784,94.9067,1.392,38.0892,3160,17.4051,98.2278,0.7911,89.5886,3151,15.7746,96.6995,1.8089,81.0219,1163,0.7362,63.9725,4.5572,1.2898,1163,-4.0561,13.1556,38.2631,2.0636,1163,7.6389,92.6913,1.9776,26.3113,1163,15.6291,97.5924,1.2038,86.5864,1160,14.611,96.2069,2.4138,79.1379,717,0.7333,58.159,6.9735,0.5579,717,-2.439,28.7308,25.6625,2.0921,716,10.5902,95.9497,0.9777,52.2346,716,20.3296,99.0223,0.2793,91.7598,714,17.6289,97.619,0.9804,80.6723,-1.2719637949638374,16.011008400859716,23.666641369942298,15.242411284035008,12.76238672250891,10.029258709384493,29.09705050948186,56,28,0.4954954954954955,13216.16075193512,0.7636567970973956,1,1,1,1,96.6161,attack,attack,攻击,可参与,5日全市场上涨占比94.9%；5日全市场中位涨跌幅8.6%；5日小盘上涨占比92.7%
2024-10-11,3162,-3.3481,10.1834,18.4377,0.6641,3162,-10.5584,2.8147,89.7217,0.5376,3162,1.3514,64.2315,5.1866,5.5977,3160,14.061,97.6582,0.9177,78.6392,3150,13.012,95.5238,2.0,67.6508,1163,-3.2258,10.5761,13.3276,0.8598,1163,-10.6481,2.9235,91.3156,0.5159,1163,0.7317,57.6956,7.8246,4.7291,1163,12.5767,96.7326,1.2038,72.141,1160,12.2244,95.0862,2.3276,63.9655,717,-3.2205,9.6234,22.0363,0.5579,717,-9.5361,2.7894,83.9609,0.4184,717,2.3438,74.198,3.0683,6.2762,716,16.7494,98.8827,0.419,85.4749,714,14.4215,96.0784,1.1204,73.1092,-4.20498623952783,5.45741323447162,19.02948197971872,5.174259952427529,4.9540418516704765,4.21725972028244,11.423133354067128,30,34,0.4117647058823529,9512.098672381606,0.6193645476226337,1,1,1,1,69.6194,attack,attack,攻击,可参与,5日全市场上涨占比64.2%；5日全市场中位涨跌幅1.4%；5日小盘上涨占比57.7%
2024-10-14,3163,2.133,91.8748,0.3162,1.4227,3162,-0.4807,42.5364,10.9424,2.4035,3162,-4.4091,16.635,42.5047,2.4668,3160,16.374,98.4494,0.6013,88.0063,3152,14.7182,96.8274,1.7766,74.8731,1164,2.1062,93.3849,0.5155,1.6323,1163,-0.207,44.712,6.1909,3.4394,1163,-4.8571,13.8435,48.2373,2.0636,1163,14.8837,97.7644,0.6879,84.8667,1160,13.4323,96.4655,2.2414,70.9483,717,2.0561,89.2608,0.2789,1.5342,717,-0.5872,44.3515,18.2706,2.0921,717,-3.3445,25.1046,34.0307,2.2315,716,19.6482,99.4413,0.419,88.8268,715,17.0015,97.7622,0.979,79.3007,3.6737604798856127,-1.630273952307315,22.43348729096808,-2.3517133341818597,-1.4065243029582009,-1.5637626452219,-0.9049525156815674,79,3,0.2403846153846154,10016.722727033579,0.7009792997388075,1,1,1,1,30.6781,defense,defense_repair,防守-修复观察,暂停新开仓,5日全市场上涨占比16.6%；5日全市场中位涨跌幅-4.4%；5日小盘上涨占比13.8%
2024-10-15,3164,-1.9608,13.4008,2.5284,0.6637,3163,-2.9126,18.748,18.8113,2.4344,3163,-10.0653,5.5011,85.2039,1.3279,3161,10.5263,96.8681,1.0123,54.0019,3153,14.497,96.1307,1.9664,73.8662,1164,-1.5103,17.1821,2.0619,0.945,1163,-2.2556,21.8401,10.4041,2.8375,1163,-10.0629,6.5348,85.5546,1.6337,1163,9.7173,96.5606,1.1178,47.8934,1161,14.2056,95.8656,2.4117,73.1266,717,-2.576,7.3919,4.1841,0.0,717,-3.6115,14.6444,28.5914,1.9526,717,-9.6785,4.6025,81.8689,1.1158,716,12.0764,95.9497,0.9777,61.3128,715,15.8497,96.3636,1.1189,75.6643,-1.933497363480674,-11.203018955833077,22.15832202456658,-11.095973269268756,-9.400663922963016,-8.266526974761202,-18.205481570546635,39,3,0.4090909090909091,9316.096103949969,0.6920963058864343,1,1,1,1,19.3287,defense,defense_active_decline,防守-持续下跌,暂停新开仓,5日全市场上涨占比5.5%；5日全市场中位涨跌幅-10.1%；5日小盘上涨占比6.5%
2024-10-16,3166,0.3135,57.2015,1.0107,1.1687,3166,0.7584,58.2438,3.4112,5.7802,3165,-1.7199,33.9652,22.7804,4.6445,3163,9.7484,96.3958,0.822,48.1189,3158,15.1619,96.5484,1.6783,76.6941,1165,0.5092,63.2618,0.8584,1.6309,1165,1.4151,69.4421,2.4034,6.867,1164,-0.8129,39.6048,13.5739,5.5842,1164,9.0005,95.9622,1.0309,42.7835,1163,14.4013,95.9587,1.8917,74.8925,717,-0.0236,46.1646,1.2552,0.4184,717,-0.4622,42.5384,6.1367,2.7894,717,-2.864,30.1255,37.099,3.0683,716,10.8783,95.3911,0.419,55.3073,715,16.9811,97.2028,1.1189,79.1608,0.31011902688853343,-3.5465675404809827,23.432369987788036,-4.7867936643872895,-3.1444743746303017,-1.7156256403700776,-10.53229637713109,74,5,0.18681318681318682,8180.65898650471,0.6438217954365624,1,1,1,1,45.4348,caution,caution,谨慎,观察为主,5日上涨占比34.0%；10日上涨占比96.4%；10日中位涨跌幅9.7%
2024-10-17,3167,-1.1994,21.6925,3.3786,0.7578,3167,-2.6201,18.7875,14.7774,2.5576,3166,-3.4508,20.6886,31.9646,4.0745,3164,4.8128,85.1454,2.4652,22.4083,3158,13.525,96.4535,1.6783,69.411,1165,-1.107,21.9742,4.1202,0.9442,1165,-1.9488,23.0901,8.0687,3.0901,1164,-2.5341,23.5395,20.1031,4.811,1164,4.5718,85.8247,3.0069,20.5326,1163,12.3474,96.1307,1.7197,64.7463,718,-1.3068,20.195,2.6462,0.5571,718,-3.7331,11.5599,28.5515,1.1142,718,-4.6948,16.2953,46.7967,2.6462,717,5.0467,82.4268,2.6499,25.1046,715,15.4273,96.3636,1.3986,74.2657,-0.33741565785184724,-2.633550538543461,22.685733086830506,-4.777710914487033,-5.242053986906104,-4.014069485932437,-8.108070613125607,44,6,0.45,8632.186424938798,0.7077230057661978,1,1,1,1,31.124,defense,defense_active_decline,防守-持续下跌,暂停新开仓,5日全市场上涨占比20.7%；5日全市场中位涨跌幅-3.5%；5日小盘上涨占比23.5%
2024-10-18,3166,1.9825,92.8617,0.0632,1.5161,3166,1.3308,74.4157,1.1055,4.2956,3166,1.5625,69.6778,1.9899,8.9071,3165,3.0457,75.545,4.3286,16.9668,3158,16.7875,97.6884,1.0133,83.9455,1165,1.6075,90.8155,0.0858,1.4592,1165,1.1765,72.9614,1.3734,4.206,1165,1.833,76.3948,2.0601,8.927,1164,2.6966,75.5155,4.811,14.5189,1164,15.536,97.6804,1.1168,81.5292,718,2.4274,94.8468,0.1393,1.9499,718,1.3462,73.3983,0.8357,3.0641,718,0.8034,58.6351,2.9248,7.6602,718,3.5902,74.234,5.571,19.7772,715,19.4444,97.9021,0.6993,85.4545,4.428555291798575,6.141616896425273,28.16374590264761,3.0928947986581745,0.9792993200446576,1.362000389279694,4.485283173305232,86,0,0.37681159420289856,11908.890866223115,0.9789390384214999,1,1,1,1,71.0075,attack,attack,攻击,可参与,5日全市场上涨占比69.7%；5日全市场中位涨跌幅1.6%；5日小盘上涨占比76.4%
2024-10-21,3167,0.4055,57.8465,0.7262,1.6104,3167,1.469,68.3612,3.6943,7.9255,3167,0.0,48.5002,4.8626,8.0834,3166,-4.3678,25.9634,44.5357,8.4018,3158,17.7911,97.4034,1.1716,87.0804,1165,0.4955,61.4592,0.9442,1.3734,1165,1.2048,67.7253,5.1502,7.0386,1165,0.3749,53.133,4.6352,8.4979,1164,-4.2955,24.1409,44.0722,7.732,1164,16.7045,97.5086,1.3746,86.2543,720,0.3689,55.6944,0.5556,1.5278,720,1.7531,68.0556,1.8056,9.5833,720,-0.7446,41.8056,6.6667,6.9444,720,-4.1623,30.0,44.7222,8.75,716,21.0942,97.2067,0.6983,87.0112,1.9330076328729406,4.35942706416943,31.145826011645017,1.713077371462579,-0.6600035381945313,-0.4936330095476338,2.548590681185847,99,1,0.32653061224489793,11690.571347003774,0.9647559132984527,1,1,1,1,49.219,caution,caution,谨慎,观察为主,5日上涨占比48.5%；10日上涨占比26.0%；10日中位涨跌幅-4.4%
2024-10-22,3167,1.4006,79.4127,1.0736,1.9577,3167,4.3373,92.1692,0.7894,10.4831,3167,3.5714,88.1591,1.0104,11.4935,3166,-6.8551,15.5085,65.4138,5.0853,3158,20.9993,98.2267,0.7283,92.6852,1165,1.7094,83.5193,0.8584,2.4034,1165,4.3933,92.4464,0.9442,9.5279,1165,3.8168,89.6996,1.5451,11.3305,1164,-6.6472,14.433,63.6598,5.2405,1164,19.9811,98.1959,1.1168,93.6426,720,0.8951,72.5,0.6944,1.5278,720,4.2326,91.25,0.4167,13.3333,720,3.0928,84.4444,0.6944,10.5556,720,-6.6217,16.1111,62.6389,4.3056,716,23.1367,98.324,0.1397,89.5251,0.4819274353654812,6.929849597319926,33.43677784617882,5.140002119666098,2.639541872838058,2.6419021645605056,6.280170679932073,100,0,0.29577464788732394,10612.944370184074,0.8858252458230895,1,1,1,1,75.8497,attack,attack,攻击,可参与,5日全市场上涨占比88.2%；5日全市场中位涨跌幅3.6%；5日小盘上涨占比89.7%
2024-10-23,3166,0.2971,56.6961,1.1687,1.4529,3166,2.3553,82.5332,1.4845,7.5174,3166,3.5277,84.9337,2.4953,13.1396,3165,1.7361,66.4139,7.2354,13.2385,3162,22.2584,98.2606,0.7274,93.4851,1164,0.2032,53.0928,0.945,1.6323,1164,2.5872,87.1134,1.2887,8.4192,1164,3.3654,86.4261,3.6942,11.6838,1163,2.3901,76.0963,3.9553,14.2734,1163,21.5705,98.6242,0.9458,95.0989,720,0.3687,60.1389,0.8333,1.6667,720,2.0117,75.0,1.3889,6.25,720,3.6811,83.8889,1.3889,15.1389,720,0.8535,57.6389,13.0556,11.6667,719,23.3184,97.2184,0.5563,89.4298,0.2507040975375796,6.866513719335088,34.19867122914122,5.773489043217528,3.6961140665139336,3.117590419825733,8.105719072106577,85,3,0.4178082191780822,11344.316557544515,0.9510812041832077,1,1,1,1,80.7995,attack,attack,攻击,可参与,5日全市场上涨占比84.9%；5日全市场中位涨跌幅3.5%；5日小盘上涨占比86.4%
2024-10-24,3167,-0.2444,41.6167,1.6104,1.3578,3167,1.5637,71.8977,2.9997,6.4414,3167,4.5455,90.6852,1.3893,14.3669,3166,0.943,58.5913,6.7593,13.2975,3163,19.1371,98.4508,0.4426,91.0528,1164,0.3231,56.5292,1.2887,1.9759,1164,2.3614,80.6701,2.4914,8.1615,1164,4.8854,93.0412,1.4605,15.4639,1163,2.0992,71.4531,3.4394,15.5632,1163,18.3696,98.7102,0.5159,92.4334,720,-0.7747,25.2778,1.25,0.5556,720,0.6081,59.1667,3.1944,4.0278,720,3.9799,87.2222,0.9722,13.4722,720,-0.8049,43.4722,12.2222,9.4444,719,20.029,97.7747,0.1391,86.6481,-0.7105250048093703,6.466434839094926,30.773600974826508,5.678473230879644,3.7118128540365003,3.498414502778968,6.963942926538169,82,3,0.31092436974789917,8993.026470275794,0.7684995599503806,1,1,1,1,84.9976,attack,attack,攻击,可参与,5日全市场上涨占比90.7%；5日全市场中位涨跌幅4.5%；5日小盘上涨占比93.0%
2024-10-25,3167,1.5464,82.7913,0.0632,2.2419,3167,1.8395,73.3817,2.305,7.9571,3167,4.0146,85.1595,1.9893,15.5352,3167,6.2176,89.1064,1.8314,29.0811,3164,21.7511,98.5777,0.2845,93.2996,1164,1.8419,89.1753,0.0859,2.6632,1164,2.465,82.3883,1.2027,10.3093,1164,5.0382,93.1271,1.3746,18.9003,1164,7.3212,95.3608,1.2887,33.5911,1163,21.1896,98.7102,0.5159,95.3568,720,0.7961,65.4167,0.1389,1.3889,720,0.5579,55.9722,3.4722,3.75,720,2.1707,70.1389,2.2222,10.2778,720,3.5807,73.4722,4.3056,21.3889,719,22.4009,97.7747,0.0,86.6481,1.9325113199277988,3.9216816138478716,33.865828003282104,3.008289084375204,0.7945258804952671,1.1692859065467243,1.9951840933766674,141,0,0.2617801047120419,10446.739076656793,0.8996198801769463,1,1,1,1,85.1951,attack,attack,攻击,可参与,5日全市场上涨占比85.2%；5日全市场中位涨跌幅4.0%；5日小盘上涨占比93.1%
2024-10-28,3164,2.3702,84.7661,0.4109,3.603,3164,3.8644,85.177,1.2326,13.9381,3164,6.0186,87.263,1.8331,25.6005,3164,6.4651,87.5158,2.6865,30.4994,3161,24.8087,99.0826,0.0949,94.4638,1163,3.2491,93.0353,0.258,5.1591,1163,5.4545,94.7549,0.6879,20.2923,1163,7.943,94.669,0.8598,35.7696,1163,8.4605,96.2167,1.1178,40.1548,1162,25.1078,99.4836,0.0,96.8158,719,0.8547,67.872,0.6954,1.669,719,1.1494,64.5341,1.8081,5.146,719,2.6418,71.0709,4.1725,10.8484,719,2.723,68.2893,7.2323,16.2726,718,24.0119,97.6323,0.1393,86.9081,1.7938199088100015,3.7797783905394455,36.0910101436686,3.1467079226362937,0.7359097157362493,1.6550085523437064,0.8497624387683533,212,1,0.16862745098039217,11543.261349174374,0.9944414598236727,1,1,1,1,89.5632,attack,attack,攻击,可参与,5日全市场上涨占比87.3%；5日全市场中位涨跌幅6.0%；5日小盘上涨占比94.7%
2024-10-29,3163,-2.3095,18.0209,6.4812,1.8337,3163,1.7094,72.4629,1.5808,10.3067,3163,2.0325,68.9535,3.8887,13.3418,3163,6.0226,88.1758,1.8653,28.3275,3160,18.0625,97.7215,0.5063,84.7468,1163,-2.7249,16.2511,9.3723,1.8917,1163,2.4336,80.0516,1.4617,12.8977,1163,3.1332,79.3637,2.4936,17.5408,1163,7.3746,94.325,1.5477,33.276,1162,18.3181,99.2255,0.2582,90.0172,718,-1.4918,22.1448,1.8106,1.532,718,0.4957,56.1281,2.3677,5.571,718,0.0384,50.1393,6.2674,5.9889,718,3.5617,75.2089,2.7855,18.9415,717,17.0155,93.5844,1.2552,73.2218,-1.615420639199261,1.6135946404699286,28.890943024789962,1.0198198260201297,-0.8369979550381323,0.01643706262113298,-1.7899947036292052,105,4,0.49029126213592233,12754.409675439507,1.0920387579573603,1,1,1,1,72.0861,attack,attack,攻击,可参与,5日全市场上涨占比69.0%；5日全市场中位涨跌幅2.0%；5日小盘上涨占比79.4%
2024-10-30,3161,0.0,49.4147,1.8032,2.5308,3161,0.1391,50.5536,4.9984,8.5732,3161,1.7915,65.0427,4.9035,14.2044,3161,5.8824,82.9484,4.0177,30.6232,3158,17.0099,97.4034,0.665,80.019,1162,0.1922,52.1515,1.8933,3.0981,1162,0.6936,56.6265,3.2702,10.8434,1162,3.2111,76.1618,2.8399,19.191,1162,7.2528,90.0172,2.926,35.6282,1161,17.3448,99.5693,0.2584,86.0465,718,-0.2821,43.0362,0.9749,1.3928,718,-0.9322,40.2507,5.8496,5.2925,718,-0.4954,43.454,8.4958,6.546,718,3.322,70.0557,7.6602,22.7019,717,15.8922,92.6081,1.8131,69.1771,0.5934453689275365,1.9609954186599055,28.44676256008418,1.0655595378630478,-2.1081247452153895,-1.1070900145779272,-2.439021514691142,134,7,0.24719101123595505,11528.213961374096,0.9878036840422828,1,1,1,1,69.763,attack,attack,攻击,可参与,5日全市场上涨占比65.0%；5日全市场中位涨跌幅1.8%；5日小盘上涨占比76.2%
2024-10-31,3161,0.9253,66.8459,0.9807,3.2901,3161,-1.0638,37.7729,9.9968,6.9282,3161,3.2895,72.8567,4.3657,18.8864,3161,8.3929,88.4214,2.4359,41.9804,3158,14.6582,93.6985,1.8049,67.9861,1162,1.1467,72.031,0.8606,3.3563,1162,-1.0431,37.8657,10.241,7.4871,1162,4.632,80.895,2.4096,22.8055,1162,9.7561,94.062,1.3769,48.1928,1161,15.7252,97.7606,0.4307,74.9354,718,0.4254,55.9889,0.9749,2.7855,718,-1.126,35.6546,8.9136,6.546,718,0.6571,56.4067,7.7994,10.585,718,5.0792,77.1588,4.3175,29.6657,717,11.7568,83.9609,4.742,56.0669,1.6167201652697472,4.350858333495822,25.49235585962064,3.048634903277092,-0.9619598530189677,-0.013355638458811825,-0.4888659586026578,168,2,0.40213523131672596,14085.053905365594,1.193174328135787,1,1,1,1,79.1429,attack,attack,攻击,可参与,5日全市场上涨占比72.9%；5日全市场中位涨跌幅3.3%；5日小盘上涨占比80.9%
2024-11-01,3161,-2.2267,23.2205,19.709,1.5501,3161,-1.1038,37.8994,14.1095,5.3464,3161,-0.8299,42.2335,16.4189,9.807,3161,3.522,70.5473,7.6558,23.8216,3160,7.8408,84.2089,4.1456,40.5063,1161,-3.0705,13.8674,24.6339,1.7227,1161,-1.7915,32.6443,16.9681,5.7709,1161,-1.0626,42.0327,16.4513,11.1972,1161,4.5521,78.3807,5.6848,27.8208,1160,8.3049,88.7069,2.3276,42.8448,717,-0.3195,44.6304,9.6234,1.6736,717,-0.2318,46.7225,8.0893,4.463,717,-0.6165,41.5621,13.1102,9.0656,717,1.4667,59.9721,9.7629,16.8759,717,6.2745,76.569,7.3919,33.8912,-3.0479248881972176,-0.7477386348638038,15.454107832801256,0.38098087850813034,-1.678302182705016,-0.839048928170838,-5.1435461300810115,83,145,0.484472049689441,14829.762294335727,1.2395419631678437,1,1,1,1,46.6736,caution,caution,谨慎,观察为主,5日上涨占比42.2%；10日上涨占比70.5%；10日中位涨跌幅3.5%
2024-11-04,3162,1.4931,79.8545,2.8147,2.4035,3161,0.4624,55.204,8.858,5.4413,3161,-1.5652,35.7798,17.5261,6.8649,3161,4.9211,76.9693,6.2638,26.479,3160,1.1137,55.9177,19.2089,21.6139,1161,1.7115,79.7588,3.9621,2.9285,1161,0.0,48.8372,10.8527,5.5986,1161,-2.2422,29.888,22.8252,7.4935,1161,5.9051,82.3428,4.2205,30.491,1160,1.8573,61.1207,14.4828,24.3103,718,1.2114,79.805,0.9749,1.9499,718,1.3643,67.9666,3.8997,4.1783,718,-0.4866,46.2396,8.078,7.1031,718,2.6229,66.8524,8.3565,17.4095,718,-0.4114,46.6574,27.7159,16.4345,2.0720892887848175,-0.4764170039836757,6.030763804353612,0.7680208727800952,-0.48925914107991186,-0.3609147258704648,-1.935016450452598,133,44,0.23563218390804597,11434.630807565713,0.957879542764814,1,1,1,1,41.7884,caution,caution,谨慎,观察为主,5日上涨占比35.8%；10日上涨占比77.0%；10日中位涨跌幅4.9%
2024-11-05,3164,1.8248,93.11,0.0948,2.6233,3163,1.4744,68.8587,6.9238,6.7657,3163,2.4671,74.8972,5.0901,13.405,3163,5.5075,81.1571,4.521,29.0231,3162,-1.1335,43.7065,30.0443,19.3548,1163,1.5909,92.5193,0.086,2.4076,1163,0.5222,57.2657,9.4583,6.6208,1163,1.8676,70.4213,6.1909,12.5537,1163,6.089,84.6948,3.2674,31.4703,1162,-0.4293,47.6764,24.7849,22.6334,718,1.8947,92.7577,0.0,3.3426,718,2.9777,85.0975,1.9499,6.8245,718,3.3681,81.6156,1.532,13.649,718,3.9658,73.5376,5.8496,22.9805,718,-2.6368,37.1866,38.5794,13.7883,3.525966711071371,4.724492467741936,1.0409069972979967,5.151666694594859,3.0556490529471736,3.0604821618259503,5.168529840870284,151,0,0.2524752475247525,14941.290605644777,1.2874931641045633,1,1,1,1,73.8673,attack,attack,攻击,可参与,5日全市场上涨占比74.9%；5日全市场中位涨跌幅2.5%；5日小盘上涨占比70.4%
2024-11-06,3165,0.1475,51.7852,1.2954,2.1801,3165,3.9443,89.1311,2.4013,13.1122,3164,2.7704,76.8963,5.8154,14.2541,3164,5.4609,81.5107,4.646,29.2668,3163,7.9114,84.2238,4.8056,41.9538,1164,0.4662,59.1924,1.2027,2.3196,1164,4.1173,89.7766,3.1787,12.1993,1164,2.4164,74.9141,7.3024,12.8866,1164,6.2108,86.8557,3.0928,33.0756,1163,9.7674,90.9716,2.1496,49.2691,718,-0.3755,38.7187,1.6713,1.1142,718,3.2658,85.6546,1.532,11.6992,718,3.2869,79.805,2.7855,14.4847,718,3.4907,71.4485,7.3816,22.4234,718,4.1832,73.1198,8.7744,29.6657,0.4252903550974185,4.549431871947829,9.879094804256038,4.930734226551192,3.466671253434961,3.59950521667467,5.313363897228474,117,4,0.4532710280373832,16471.092275513853,1.4232459644170932,1,1,1,1,75.9352,attack,attack,攻击,可参与,5日全市场上涨占比76.9%；5日全市场中位涨跌幅2.8%；5日小盘上涨占比74.9%
2024-11-07,3164,2.3038,86.2832,1.1694,3.3502,3164,4.7859,92.6043,1.4855,16.1188,3163,4.4818,84.0974,5.5327,17.7996,3163,8.1288,90.705,2.1499,40.6892,3162,10.0674,89.6901,3.0993,50.3795,1164,2.6365,90.7216,0.6014,4.8969,1164,5.1378,93.3849,1.3746,18.4708,1164,4.0012,82.9038,6.6151,16.1512,1164,8.9209,93.299,1.5464,45.2749,1163,12.2536,95.1849,1.0318,60.2752,717,1.8149,80.8926,1.1158,2.2315,717,4.0816,89.4003,1.5342,12.9707,717,5.1849,87.7266,3.3473,21.1994,717,6.3752,84.6583,2.6499,33.4728,717,6.4954,78.94,6.4156,35.9833,1.7594279203214658,4.696258247470597,13.25287382869571,5.732125977057501,6.544667394287118,5.818497478096685,8.607127711511131,177,10,0.19545454545454546,16558.540493340777,1.4104348160904623,1,1,1,1,85.1119,attack,attack,攻击,可参与,5日全市场上涨占比84.1%；5日全市场中位涨跌幅4.5%；5日小盘上涨占比82.9%
2024-11-08,3167,-0.6932,35.1752,2.2419,1.7682,3166,2.2153,78.7429,2.2742,8.4965,3166,6.0554,91.4087,2.1794,23.5313,3165,5.6034,85.2765,3.0964,29.5419,3165,13.2353,93.4281,2.0853,63.0016,1166,-0.6613,35.2487,2.5729,2.2298,1165,2.7304,85.2361,1.8026,10.2146,1165,6.4006,93.133,2.3176,25.2361,1165,6.0905,87.7253,2.3176,31.588,1165,14.9425,97.9399,0.515,72.4464,718,-0.7604,32.4513,1.8106,1.2535,718,1.2675,68.9415,2.7855,4.7354,718,4.8973,87.1866,2.0891,20.3343,718,4.6345,80.7799,3.6212,25.0696,718,9.3117,83.5655,5.2925,47.493,0.2998820643770106,8.311475981234384,18.578717644666256,6.698135164180341,5.501943010425925,5.509844669989494,9.316044260255607,102,3,0.44565217391304346,17110.982575155005,1.4118007898876355,1,1,1,1,91.7741,attack,attack,攻击,可参与,5日全市场上涨占比91.4%；5日全市场中位涨跌幅6.1%；5日小盘上涨占比93.1%
2024-11-11,3163,0.9646,65.6655,1.4543,2.2763,3162,3.0145,81.1512,2.277,9.456,3162,5.6497,89.8482,1.4231,22.9918,3161,4.2654,78.7725,4.1759,24.9921,3161,12.1723,90.5093,3.5432,58.4309,1163,1.0601,70.5933,2.4076,2.4936,1162,3.4135,87.1773,2.3236,9.6386,1162,6.0309,93.2874,1.463,22.7194,1162,4.0579,80.2065,4.5611,23.2358,1162,13.8405,97.4182,0.6024,68.3305,719,0.1642,51.8776,0.6954,1.9471,719,2.0517,69.2629,2.7816,8.0668,719,4.2482,79.4159,2.0862,20.5841,719,4.2131,73.9917,3.1989,25.5911,719,8.2294,75.2434,9.8748,42.2809,2.4269149376385135,8.687991148222007,17.152615757204416,6.7753904449697755,4.724475259203853,4.829259630635829,9.444674851721246,119,15,0.34615384615384615,15536.453402224304,1.2533485360216754,1,1,1,1,89.5922,attack,attack,攻击,可参与,5日全市场上涨占比89.8%；5日全市场中位涨跌幅5.6%；5日小盘上涨占比93.3%
2024-11-12,3163,-0.8795,29.7186,3.7306,1.5175,3163,-0.1297,47.8027,9.8641,6.1966,3162,2.8414,75.2688,4.2378,12.84,3161,5.8076,85.6375,3.9544,28.4404,3161,13.4444,93.1351,2.1512,64.4733,1162,-0.5915,34.6816,4.1308,1.8072,1162,0.1908,51.9793,9.2943,6.1102,1161,3.6732,85.0991,3.5314,14.7287,1161,6.0659,89.4057,3.3592,30.3187,1161,15.0754,97.1576,0.6029,74.9354,719,-1.2495,21.2796,3.0598,1.1127,719,-1.2968,37.8303,12.6565,5.4242,719,0.671,55.6328,6.3978,9.4576,719,4.7631,78.4423,4.5897,24.2003,719,9.2516,82.6147,5.5633,46.7316,-1.3228914510390877,3.5973586263033708,17.88206034751969,2.485488027617677,1.0179196936140888,1.032870838679667,4.409171730520112,69,18,0.48507462686567165,16192.922801594548,1.2710502590847188,1,1,1,1,77.7166,attack,attack,攻击,可参与,5日全市场上涨占比75.3%；5日全市场中位涨跌幅2.8%；5日小盘上涨占比85.1%
2024-11-13,3163,-0.129,44.9257,2.6241,0.9801,3163,0.0656,50.2055,6.418,4.4578,3162,2.3159,71.3472,5.0601,10.5946,3161,5.5556,86.0487,4.3657,25.783,3161,12.9167,92.7555,2.5625,61.8792,1162,-0.1437,45.6971,3.5284,1.2909,1162,0.6083,56.3683,7.4871,4.6472,1161,3.0249,78.2946,4.3928,12.2308,1161,5.9347,88.4582,4.4789,25.5814,1161,14.3279,97.0715,1.1197,71.6624,719,0.1143,52.4339,1.8081,0.5563,719,-0.7848,39.6384,5.5633,4.3115,719,0.675,58.4145,6.5369,7.9277,719,4.7913,80.8067,3.7552,24.2003,719,9.4629,82.4757,6.3978,47.8442,-0.2707682532779754,2.8793140677881413,17.199415465029432,2.1883621545562004,2.1521100242674063,1.6393255618480707,6.6827449373572545,53,9,0.4536082474226804,12734.813062826408,0.9820557577414468,1,1,1,1,73.3841,attack,attack,攻击,可参与,5日全市场上涨占比71.3%；5日全市场中位涨跌幅2.3%；5日小盘上涨占比78.3%
2024-11-14,3163,-2.6667,9.8324,9.6427,0.6323,3163,-3.2911,13.816,29.3076,2.055,3163,-2.7397,25.6718,26.6203,4.7739,3161,1.9081,67.6368,10.2499,14.1095,3161,11.0465,91.2053,2.7207,54.1601,1162,-2.7922,9.4664,10.327,0.6024,1162,-3.166,14.5439,26.0757,2.3236,1162,-2.3984,26.7642,25.3012,5.0775,1161,1.7846,67.2696,11.025,14.7287,1161,12.2558,95.7795,1.6365,61.4987,719,-2.2727,10.153,10.0139,0.6954,719,-3.1077,14.3255,27.8164,0.9736,719,-3.1412,23.6439,29.6245,3.4771,719,1.9744,68.5675,7.3713,13.3519,719,8.4721,80.2503,5.146,43.6718,-3.1231185015444196,-2.05696591188127,13.923534680930928,-2.5843922515174977,-2.558704749929519,-2.6168502949971195,-0.6719359131487579,31,23,0.5373134328358209,11864.030985551177,0.903644071984718,1,1,1,1,32.6294,defense,defense_active_decline,防守-持续下跌,暂停新开仓,5日全市场上涨占比25.7%
2024-11-15,3165,-1.81,16.3665,8.2464,1.2006,3165,-4.4563,12.4803,42.4329,2.2117,3165,-3.8156,17.3144,37.9147,3.6335,3164,2.3489,68.5209,10.493,16.2769,3163,6.7358,82.3585,5.4695,37.4644,1164,-1.9279,14.7766,8.3333,1.4605,1164,-4.5165,11.0825,42.0962,2.5773,1164,-3.5232,18.6426,34.9656,4.0378,1163,3.1187,74.9785,10.1462,18.4007,1163,8.871,90.3697,2.5795,45.1419,720,-1.7973,18.75,8.0556,0.6944,720,-3.9061,15.6944,37.2222,1.5278,720,-4.096,13.3333,41.1111,2.5,720,1.0126,58.4722,10.6944,11.8056,720,3.814,67.9167,10.5556,25.4167,-2.338552790587012,-4.633402789176477,6.541139414051189,-4.788497126129676,-3.294703983653191,-3.521446633315539,-3.3583367788935004,55,28,0.35294117647058826,11636.592745694392,0.8872409231298938,1,1,1,1,25.1943,defense,defense_active_decline,防守-持续下跌,暂停新开仓,5日全市场上涨占比17.3%；5日全市场中位涨跌幅-3.8%；5日小盘上涨占比18.6%
2024-11-18,3161,-1.4815,27.1117,12.496,1.5818,3161,-5.6895,10.5663,56.8807,1.6767,3161,-6.2807,11.5786,60.9301,2.2778,3160,-0.5333,44.7152,19.1456,9.019,3159,4.7915,73.9475,10.2564,28.7116,1161,-1.8797,20.4134,14.6425,1.8088,1161,-5.9859,8.2687,62.0155,1.8949,1161,-6.4516,9.733,63.8243,3.0146,1160,-0.3938,45.3448,18.8793,10.5172,1160,6.3934,80.1724,7.4138,33.6207,720,-0.8569,34.1667,8.0556,0.8333,720,-4.7549,15.0,47.6389,0.8333,720,-5.6498,15.2778,55.1389,1.25,720,-0.9213,42.0833,19.5833,5.6944,720,2.3636,63.75,14.4444,17.9167,-2.4643651863519134,-9.1875255186749,1.944972564192593,-7.859890141482628,-4.3753294497158475,-4.213669499110651,-8.422059573992824,80,64,0.36507936507936506,11619.474105063784,0.8861758912022006,1,1,1,1,13.6144,defense,defense_active_decline,防守-持续下跌,暂停新开仓,5日全市场上涨占比11.6%；5日全市场中位涨跌幅-6.3%；5日小盘上涨占比9.7%
2024-11-19,3161,1.7322,82.3157,1.7083,1.3287,3161,-1.3889,30.9396,16.0709,2.341,3161,-3.9916,16.1341,40.4619,2.5941,3160,-0.85,41.8671,22.1519,7.8797,3159,5.1095,76.3216,8.3887,29.0598,1161,1.9417,85.4436,1.7227,1.9811,1161,-1.737,26.4427,20.0689,3.1869,1161,-4.3353,13.4367,43.9276,3.0146,1160,-0.2446,46.5517,20.2586,9.4828,1160,6.4913,83.0172,5.431,33.9655,720,1.1396,74.5833,0.9722,0.9722,720,-1.2152,32.6389,10.2778,1.1111,720,-3.2292,20.4167,34.3056,1.3889,720,-1.7899,33.0556,26.6667,4.7222,720,2.6694,63.4722,14.1667,19.5833,2.6065059612112584,-5.5713038085513755,4.100485551014454,-5.224898038485071,-2.664186171279004,-2.219782691847605,-5.613008346357196,84,13,0.328,10298.78306382062,0.7863935890353584,1,1,1,1,20.2012,defense,defense_repair,防守-修复观察,暂停新开仓,5日全市场上涨占比16.1%；5日全市场中位涨跌幅-4.0%；5日小盘上涨占比13.4%
2024-11-20,3164,1.5267,82.5853,0.0948,2.5917,3164,1.959,75.5373,3.6662,5.7206,3164,-2.311,24.3995,25.3793,3.9191,3163,0.1538,50.7113,18.3686,9.8008,3162,6.4879,80.234,6.8311,34.8514,1162,2.1927,92.7711,0.0,3.2702,1162,2.4378,78.8296,3.9587,7.0568,1162,-2.0109,24.957,23.2358,4.9053,1161,1.354,58.9147,16.1929,12.7476,1161,8.3756,89.2334,3.876,42.8941,720,0.4238,64.4444,0.1389,0.6944,720,0.9837,67.9167,2.5,2.3611,720,-2.7745,20.9722,28.3333,1.5278,720,-1.2386,37.7778,22.7778,4.8611,720,2.2943,63.75,13.1944,20.4167,1.965946182467726,-3.4534691053175304,5.881595573992793,-4.272485378702573,-3.043559836347842,-2.0727752785773657,-6.180463916839118,134,2,0.20238095238095238,10202.521723447586,0.7824541901332348,1,1,1,1,30.289,defense,defense_repair,防守-修复观察,暂停新开仓,5日全市场上涨占比24.4%；5日小盘上涨占比25.0%
2024-11-21,3164,0.0,49.4627,1.0746,1.7383,3164,3.6059,85.7775,1.8015,10.6827,3164,0.5376,54.0455,9.5765,6.0367,3164,-1.9185,36.0619,29.8673,8.1858,3162,6.8933,82.4162,5.8191,36.4959,1162,0.3987,60.7573,1.0327,2.3236,1162,4.8544,92.0826,1.3769,12.9948,1162,1.3462,62.8227,9.3804,7.5731,1162,-0.8163,43.3735,27.1084,9.4664,1161,8.6751,90.6115,3.4453,44.789,720,-0.1563,41.3889,0.2778,0.9722,720,1.616,73.75,1.1111,6.1111,720,-0.8414,41.6667,9.0278,2.0833,720,-3.4102,24.0278,36.8056,4.8611,720,3.0522,67.3611,10.9722,22.0833,0.18176065029982258,-0.15985960631844653,6.833122700864225,-1.529905104631879,-1.245691703952978,-0.27915531713658126,-2.959295780239557,97,4,0.31690140845070425,10167.905860241706,0.7763020214764237,1,1,1,1,53.6078,caution,caution,谨慎,观察为主,5日上涨占比54.0%；10日上涨占比36.1%；10日中位涨跌幅-1.9%
2024-11-22,3165,-3.5737,8.3096,16.4929,1.2006,3165,-1.877,28.0253,10.8373,4.7709,3165,-1.2772,36.3033,15.0395,5.3397,3165,-4.9822,20.158,49.8262,5.8452,3163,1.393,56.8448,18.5583,19.981,1162,-3.5796,9.2943,17.2117,1.6351,1162,-0.8749,37.8657,6.7126,5.938,1162,-0.3659,44.9225,12.4785,5.852,1162,-3.7244,24.6127,40.8778,7.8313,1161,3.2609,67.4419,13.0922,23.0835,720,-3.4426,5.4167,14.0278,0.4167,720,-2.9824,14.4444,14.7222,2.3611,720,-2.3556,22.0833,17.7778,2.5,720,-6.2864,13.1944,60.6944,2.5,720,-1.2519,39.7222,27.7778,12.9167,-3.699618617486311,-1.5512889484546988,0.9302167400518924,-2.9409770985264205,-2.5985461511737973,-1.9075329005568409,-3.0329868694342066,65,12,0.5255474452554745,11619.654186523581,0.8831860274160822,1,1,1,1,37.5005,caution,caution,谨慎,观察为主,5日上涨占比36.3%；10日上涨占比20.2%；10日中位涨跌幅-5.0%
2024-11-25,3165,1.0321,67.7725,2.4645,2.812,3165,-2.3297,23.8547,16.872,3.8863,3165,1.0859,58.4202,7.8357,10.2054,3165,-4.8465,22.0853,49.0679,6.0032,3163,0.1907,50.3952,22.9529,17.0092,1163,2.2179,84.2648,2.0636,5.0731,1163,-0.7962,37.9192,9.4583,5.331,1163,3.6496,80.9114,4.5572,14.4454,1163,-2.6627,31.7283,36.3715,8.3405,1162,2.3492,63.167,15.9208,20.2238,719,-0.2891,40.3338,2.0862,0.8345,719,-3.7453,9.1794,25.0348,1.9471,719,-2.0948,27.2601,12.5174,3.7552,719,-6.8699,11.2656,64.5341,2.2253,719,-2.515,32.8234,32.267,10.5702,0.3588515437274342,1.2983572206250127,-0.4925775733223947,-1.6695680146519898,-2.5893631616153545,-1.8078109815230392,-0.7196238089015483,139,16,0.2057142857142857,9762.360821500488,0.7470732654345188,1,1,1,1,58.7005,attack,attack,攻击,可参与,5日全市场上涨占比58.4%；5日全市场中位涨跌幅1.1%；5日小盘上涨占比80.9%
2024-11-26,3165,-0.6329,34.0916,5.4976,1.3902,3165,-3.0691,19.9368,24.297,2.5908,3165,-1.3271,39.0837,16.2717,6.2875,3165,-4.7468,23.5387,48.1201,5.1817,3163,1.7524,58.8682,18.748,19.6649,1163,-0.5031,39.3809,5.503,2.0636,1163,-1.5311,31.0404,14.7893,4.0413,1163,1.5244,62.9407,7.1367,9.4583,1163,-2.6168,32.2442,35.1677,7.0507,1162,4.9564,73.4079,12.5645,25.9036,719,-0.4854,32.6843,4.4506,0.4172,719,-4.2408,8.7622,34.6314,0.4172,719,-3.7857,14.6036,30.7371,1.9471,719,-6.613,13.3519,63.6996,1.8081,719,-1.8102,38.1085,27.121,9.8748,-1.1658509509224424,-2.425905236898618,-0.03787703821581667,-4.14584505966924,-3.4375217506579014,-2.5777748768099795,-4.719947975002315,86,58,0.4068965517241379,8532.1750815219,0.6636538852749744,1,1,1,1,42.3332,caution,caution,谨慎,观察为主,5日上涨占比39.1%；10日上涨占比23.5%；10日中位涨跌幅-4.7%
2024-11-27,3165,1.0526,75.9242,1.8641,1.7378,3164,1.5164,70.4488,4.8357,5.0253,3164,-1.6393,32.0796,14.8546,4.2984,3164,-3.6934,25.8534,39.3489,5.6574,3162,2.798,63.9469,15.1803,21.3789,1163,0.4773,61.3929,3.0954,1.8917,1163,2.5377,78.3319,5.331,6.7928,1163,-0.1866,46.5176,11.264,5.761,1163,-1.9493,34.3078,27.601,7.3947,1162,5.1939,74.6988,12.1343,26.5921,719,1.4628,91.7942,0.9736,0.9736,719,0.5556,61.7524,3.338,1.9471,719,-2.7903,18.9152,17.5243,1.3908,719,-5.5556,16.6898,55.0765,2.5035,719,-0.0382,49.3741,20.0278,13.7691,2.2919350988442,-2.1139572325980738,1.6499530048706967,-3.128194050908295,-1.9752255315512612,-1.7283427830367626,-2.6048537146205364,83,20,0.24545454545454545,9439.83278540581,0.7402661918014012,1,1,1,1,36.6683,caution,caution,谨慎,观察为主,5日上涨占比32.1%；10日上涨占比25.9%；10日中位涨跌幅-3.7%
2024-11-28,3163,0.0979,50.901,1.3911,1.3911,3162,0.878,62.2075,6.0721,4.1113,3162,-1.6068,34.9462,18.5326,4.5541,3162,-0.7398,44.5288,23.814,7.8115,3160,1.983,60.4114,18.6709,18.6709,1163,0.9494,70.1634,1.6337,2.1496,1163,1.3093,66.466,7.0507,6.2769,1163,0.2028,51.2468,11.5219,7.3947,1163,1.9231,63.2846,13.1556,11.092,1162,4.8546,73.0637,14.1997,25.3012,718,-0.7823,24.7911,0.8357,0.4178,718,0.4723,57.9387,4.7354,2.2284,718,-3.4074,18.2451,27.0195,0.8357,718,-3.9392,21.727,38.9972,3.6212,718,-1.0271,42.4791,26.0446,10.7242,-0.5324430648548706,-2.8117945929365784,-0.4999130898689863,-3.804584782937326,-2.926514963948923,-2.2165177295219607,-4.239575883090685,82,8,0.44594594594594594,9576.550317494826,0.7645021493966039,1,1,1,1,40.7447,caution,caution,谨慎,观察为主,5日上涨占比34.9%；10日上涨占比44.5%；10日中位涨跌幅-0.7%
2024-11-29,3166,0.9883,77.3847,1.1371,2.3057,3166,2.3841,84.6494,2.5584,5.4643,3165,3.0541,79.4945,4.455,9.921,3165,1.9704,64.5182,8.8152,13.1122,3164,4.9195,72.3767,11.2832,30.7522,1164,0.9112,72.8522,1.6323,2.6632,1164,2.6273,83.2474,3.6942,6.4433,1164,4.6906,86.6838,4.5533,15.1203,1164,4.6163,81.1856,5.6701,18.9863,1163,8.6957,83.9209,7.4807,44.282,719,1.0556,83.4492,0.4172,1.1127,719,1.8742,85.1182,1.3908,3.8943,719,1.2126,68.7065,3.338,4.8679,719,-0.89,39.6384,12.2392,6.2587,719,0.2144,51.0431,18.9152,14.8818,1.6930817859730052,2.630622840784258,4.36569268058471,1.7684948662280542,1.316302726009,1.8139156577165583,2.226141703560791,111,7,0.22377622377622378,10756.881837307994,0.8729198579030334,1,1,1,1,76.1784,attack,attack,攻击,可参与,5日全市场上涨占比79.5%；5日全市场中位涨跌幅3.1%；5日小盘上涨占比86.7%
2024-12-02,3165,1.7187,86.5403,0.7899,2.7804,3165,3.0888,86.1295,1.5798,8.1517,3164,3.8462,85.8091,3.5082,12.263,3164,5.6075,80.9102,3.8559,27.1176,3163,5.4487,73.2532,9.8008,31.4259,1164,2.0022,88.2302,0.8591,3.6942,1164,4.0,89.7766,1.8041,11.2543,1164,4.4755,86.2543,4.0378,15.4639,1164,8.873,92.7835,2.3196,41.4089,1163,9.0523,86.2425,5.761,45.3998,719,1.0848,78.7204,0.8345,1.3908,719,1.7588,76.9124,1.1127,3.4771,719,2.8886,82.7538,3.0598,7.9277,719,0.9091,57.58,5.9805,10.0139,719,-0.1878,48.4006,18.637,13.7691,2.0112705383550367,4.320446787590604,4.303507306886578,3.626009700418753,2.586765816784631,3.07077141739327,3.6922950461609094,143,6,0.319047619047619,11441.451045998907,0.9284468859936296,1,1,1,1,83.2193,attack,attack,攻击,可参与,5日全市场上涨占比85.8%；5日全市场中位涨跌幅3.8%；5日小盘上涨占比86.3%
2024-12-03,3164,0.0,47.3767,1.6435,1.9279,3164,3.0097,87.4526,1.7067,8.091,3164,4.4545,90.5815,1.9912,13.8748,3163,3.7396,73.19,4.4578,20.392,3162,3.3193,65.8444,15.1803,23.9405,1163,0.0711,50.3009,2.3216,2.9235,1163,3.3835,87.5322,2.0636,9.8882,1163,5.0575,90.0258,3.0954,16.3371,1163,7.2444,89.8538,2.8375,31.9003,1162,7.5528,82.358,7.9174,35.3701,719,0.0,46.4534,0.6954,0.5563,719,2.43,85.8136,1.1127,3.8943,719,3.2955,90.2643,0.9736,8.2058,719,-0.3268,46.1752,8.484,6.6759,719,-1.99,39.0821,30.7371,8.2058,-0.16364494740461755,5.378285389593129,0.5861845056084558,4.246417419467963,2.9088835232326193,3.652084885340545,4.437093250871316,103,7,0.3905325443786982,11123.894580370415,0.9168791317744912,1,1,1,1,85.723,attack,attack,攻击,可参与,5日全市场上涨占比90.6%；5日全市场中位涨跌幅4.5%；5日小盘上涨占比90.0%
2024-12-04,3163,-1.6087,19.2539,4.0152,1.3595,3163,0.3861,54.9478,4.3946,4.7739,3163,1.8797,70.5975,4.1733,8.884,3162,0.5979,53.9532,11.5117,10.4364,3161,1.2794,56.248,20.8795,17.5577,1163,-1.9375,17.8848,5.675,1.8057,1163,0.5155,55.288,5.417,6.1049,1163,2.71,76.6122,4.8151,12.1238,1163,2.965,72.9149,7.3087,15.4772,1162,4.9584,74.4406,10.9294,24.957,718,-1.0849,25.3482,1.6713,0.8357,718,0.3218,55.2925,3.2033,2.507,718,0.9302,63.5097,2.7855,3.8997,718,-1.5182,33.1476,16.5738,4.3175,718,-2.9928,32.312,37.6045,6.8245,-1.559998374178706,1.4101314541953291,-1.4022849099518342,1.2805083424853203,0.6017873304597687,1.6578418576540077,0.20939608983328029,79,19,0.4148148148148148,10768.64680892771,0.9089595454087527,1,1,1,1,67.2536,attack,attack,攻击,可参与,5日全市场上涨占比70.6%；5日全市场中位涨跌幅1.9%；5日小盘上涨占比76.6%
2024-12-05,3165,0.6601,67.0774,1.0742,2.1485,3165,-0.7386,38.1359,5.2133,3.7599,3165,2.2556,77.2512,3.5071,10.4581,3164,1.1626,57.933,10.9987,12.6106,3164,-0.3409,47.6296,26.9912,15.3287,1163,1.0135,75.8383,1.6337,2.7515,1163,-0.523,41.5305,6.7928,4.8151,1163,2.8219,78.7618,4.2992,12.2958,1163,3.6794,74.2046,6.8788,17.7988,1163,3.0435,65.4342,14.2734,21.0662,719,0.0,47.7051,0.8345,0.4172,719,-0.9174,32.6843,3.7552,1.3908,719,1.4965,73.9917,2.2253,5.146,719,-1.3986,35.1878,17.3853,3.8943,719,-4.943,23.2267,49.5132,5.8414,1.2998649077426094,3.2782239065598295,-1.8475690856417093,2.5078068600326464,1.2662869083308381,2.219772362051464,2.3805805016280823,116,9,0.2108843537414966,9452.184374832079,0.8225080066813016,1,1,1,1,71.9981,attack,attack,攻击,可参与,5日全市场上涨占比77.3%；5日全市场中位涨跌幅2.3%；5日小盘上涨占比78.8%
2024-12-06,3164,0.9428,75.158,1.3906,1.9279,3164,0.3731,56.3211,3.9507,4.33,3164,2.3132,76.9595,3.129,10.3982,3163,5.8863,87.3222,3.5726,26.3674,3163,1.2453,56.6235,20.6133,17.5466,1162,0.9082,71.7728,1.8933,2.6678,1162,0.4277,57.1429,5.0775,5.0775,1162,2.7949,78.3993,3.6145,12.4785,1162,8.0399,91.7384,3.6145,37.6936,1162,4.6876,74.2685,10.327,25.043,719,0.9244,81.363,0.8345,0.8345,719,0.3215,55.2156,3.1989,1.3908,719,1.5326,73.0181,3.1989,4.1725,719,3.1128,79.4159,3.4771,9.0403,719,-3.5234,30.8762,40.0556,6.3978,1.0185247688418997,2.5931522239095672,-1.1443127412640974,2.1746383698324934,1.4440469437748682,2.3334355542447227,1.9362162616176848,112,8,0.36363636363636365,11470.487539308586,1.023247944038141,1,1,1,1,75.3052,attack,attack,攻击,可参与,5日全市场上涨占比77.0%；5日全市场中位涨跌幅2.3%；5日小盘上涨占比78.4%
2024-12-09,3164,-0.3778,39.9178,1.8331,1.9279,3164,1.5103,72.2187,2.9709,6.0999,3164,0.4913,54.6776,7.0796,6.1947,3163,4.5891,84.0025,4.8372,19.5068,3163,0.1846,50.49,25.166,14.6696,1161,-0.1391,45.9087,2.4117,3.1008,1161,2.3419,76.5719,3.5314,8.6994,1161,1.0059,60.2067,7.2351,8.5271,1161,5.6983,86.994,5.2541,24.7201,1161,3.6466,68.3893,12.317,21.6193,720,-0.3855,39.1667,1.25,0.6944,720,0.7647,63.3333,2.2222,2.2222,720,0.0,49.3056,7.3611,2.2222,720,3.1748,78.3333,5.9722,10.2778,720,-3.9989,28.1944,46.3889,6.6667,-0.729949067354585,-0.16370355098241918,-4.191109191064046,0.05862416106536816,0.4797508987666399,1.1460226767542547,-0.30461566823004604,94,24,0.3472222222222222,10725.98280764248,0.9778132381085175,1,1,1,1,58.3121,caution,caution,谨慎,观察为主,5日上涨占比54.7%；10日上涨占比84.0%；10日中位涨跌幅4.6%
2024-12-10,3165,0.0,49.1311,0.9795,1.8957,3165,1.0769,68.2464,3.0964,4.7077,3165,0.4833,56.9036,5.8136,6.2559,3165,5.2356,88.9731,2.9068,22.7488,3164,0.8547,54.488,21.0493,17.1302,1162,-0.1793,42.3408,1.3769,2.4957,1162,1.1307,66.179,3.8726,6.7126,1162,0.5735,57.401,6.4544,7.6592,1162,5.943,89.5869,4.2169,28.2272,1162,3.7687,70.3098,11.9621,24.3546,720,0.151,56.3889,0.8333,0.9722,720,0.9283,71.9444,2.3611,2.0833,720,0.4258,56.3889,5.4167,2.6389,720,3.8144,86.5278,2.3611,13.3333,720,-2.9407,34.1667,35.2778,7.5,0.9320270340225312,0.9319677872892562,-2.0017337412237657,1.0109875208708985,1.1069560821917346,1.2979258384832493,0.8262040332601472,95,6,0.4378698224852071,13915.214259072098,1.2818617548583422,1,1,1,1,59.4691,attack,attack,攻击,可参与,5日全市场上涨占比56.9%；5日全市场中位涨跌幅0.5%；5日小盘上涨占比57.4%
2024-12-11,3166,1.1252,78.8377,1.1687,2.2426,3166,1.2089,69.741,2.211,5.3696,3166,3.1963,84.1756,2.4637,12.8238,3166,5.4203,87.9027,3.0638,25.9002,3165,2.3781,61.7378,16.3349,21.7062,1162,1.4504,83.9931,1.6351,3.7005,1162,1.5914,75.3012,2.7539,7.6592,1162,4.0952,86.5749,2.4957,17.4699,1162,7.1538,91.0499,2.5818,34.6816,1162,5.7027,78.2272,8.4337,31.1532,720,0.5255,66.3889,0.5556,0.2778,720,0.5173,58.75,1.9444,1.8056,720,1.6874,76.1111,2.9167,5.0,720,2.799,80.6944,4.5833,10.6944,720,-2.3563,36.25,31.5278,7.5,1.3416194223712097,3.907038786227379,-0.417331716028857,2.854699890862289,1.4825889298941242,2.0162692711734875,2.1765870656512254,132,12,0.21893491124260356,11486.121072947204,1.0642158229921943,1,1,1,1,81.3524,attack,attack,攻击,可参与,5日全市场上涨占比84.2%；5日全市场中位涨跌幅3.2%；5日小盘上涨占比86.6%
2024-12-12,3165,0.8623,72.0379,0.6635,2.2117,3165,2.3419,82.1169,1.7378,8.4992,3165,3.5559,84.7393,2.1485,13.3333,3165,6.4935,91.1532,2.2749,29.5103,3164,6.092,77.6233,7.5221,33.4071,1161,1.4966,78.2084,1.0336,3.4453,1161,3.211,84.9268,2.2394,12.2308,1161,4.6784,86.8217,2.1533,20.0689,1161,8.1967,92.0758,1.8949,38.0706,1161,10.3912,90.267,3.9621,51.1628,720,0.5526,68.4722,0.1389,0.4167,720,1.4311,77.6389,1.25,2.6389,720,2.5004,80.4167,1.9444,5.2778,720,4.1205,89.0278,3.1944,14.4444,720,0.5216,55.5556,14.0278,10.0,0.6633878746052035,3.2541806227048387,3.474932388459906,3.361726092907147,2.726362312247943,2.7500290677370476,3.1820788216164297,133,5,0.2569832402234637,12196.923745930091,1.128333267871761,1,1,1,1,82.6604,attack,attack,攻击,可参与,5日全市场上涨占比84.7%；5日全市场中位涨跌幅3.6%；5日小盘上涨占比86.8%
2024-12-13,3164,-2.199,16.0556,4.5828,1.5171,3164,0.0,49.1783,4.5196,6.0683,3164,0.2225,51.5487,5.7206,8.6283,3164,3.1518,75.7269,5.3097,18.3628,3163,5.7927,76.1935,7.24,34.0183,1161,-1.9737,21.0164,6.0293,2.7562,1161,1.4888,64.4272,4.3928,9.5607,1161,1.6461,65.4608,5.168,13.2644,1161,5.1153,84.41,3.9621,26.0982,1161,10.6574,90.3531,3.0146,52.9716,720,-2.2824,8.75,1.9444,0.4167,720,-0.9361,31.5278,3.75,1.3889,720,-0.9644,35.5556,6.5278,2.5,720,1.0061,60.5556,7.2222,5.5556,720,0.233,51.1111,14.5833,9.5833,-2.082498766784191,0.08452787836426001,3.746228519716044,0.1521107265741506,-1.0057459583923567,-0.3583409585049213,-1.4029378348852095,87,12,0.4,13400.580206746601,1.2296500415147753,1,1,1,1,57.131,caution,caution,谨慎,观察为主,5日上涨占比51.5%；10日上涨占比75.7%；10日中位涨跌幅3.2%
2024-12-16,3166,-0.576,37.3026,4.1061,1.6425,3166,-1.5892,32.0594,13.5186,4.5799,3166,-0.0413,48.8629,9.1598,8.4649,3166,1.0151,57.5805,11.3392,12.9185,3165,6.8063,77.7251,6.5719,40.4423,1161,-0.0613,46.77,4.6512,2.4117,1161,-0.3247,45.5642,10.7666,7.2351,1161,1.6009,63.8243,8.3549,12.6615,1161,2.9752,72.8682,7.7519,19.2076,1161,12.8049,93.1955,2.7562,64.5134,720,-0.883,27.6389,2.6389,0.1389,720,-2.356,20.1389,15.1389,1.1111,720,-1.4293,31.6667,10.2778,2.0833,720,-1.0543,39.1667,17.0833,3.6111,720,0.2946,52.2222,13.6111,10.4167,-1.219075415134907,-0.40861158444992496,5.070812272359704,-0.580239921283443,-1.3797610772509072,-0.47620680855442465,-2.09438442733485,94,24,0.4502923976608187,11253.984588837413,1.0344109634757725,1,1,1,1,53.4711,caution,caution,谨慎,观察为主,5日上涨占比48.9%；10日上涨占比57.6%；10日中位涨跌幅1.0%
2024-12-17,3163,-3.1835,11.8874,28.1695,0.3794,3163,-5.5556,9.2001,56.497,1.5175,3163,-3.0554,22.7948,30.8884,4.2365,3163,-2.1135,32.0898,25.7983,6.7341,3162,1.7782,60.0253,15.5281,19.6711,1161,-5.1604,5.168,53.4022,0.6029,1161,-6.8323,8.3549,72.093,2.2394,1161,-3.484,23.7726,35.8312,5.9432,1161,-2.5921,32.9888,29.1128,8.8717,1161,4.9116,76.1413,9.8191,30.3187,719,-0.614,28.5118,2.9207,0.0,719,-3.7821,11.6829,32.5452,0.6954,719,-2.3095,23.3658,21.2796,1.8081,719,-1.707,31.2935,21.5577,3.4771,719,-1.5642,39.7775,25.452,5.8414,-2.1277937920733736,-3.4277900685101614,0.22280857163436973,-2.402013506564493,-1.8420968131513726,-1.7873726133589507,-2.7768809094848135,26,139,0.59375,10119.308811664212,0.9308849537432173,1,1,1,1,26.5008,defense,defense_active_decline,防守-持续下跌,暂停新开仓,5日全市场上涨占比22.8%；5日全市场中位涨跌幅-3.1%；5日小盘上涨占比23.8%
2024-12-18,3163,0.0845,50.8062,2.3079,1.8337,3163,-3.3913,16.9459,32.0266,1.9918,3163,-4.2381,17.1672,41.3848,2.6873,3163,-0.6726,43.8192,16.6614,8.8524,3162,0.326,51.5497,18.6591,16.4453,1160,-0.1976,41.4655,4.0517,3.0172,1160,-5.1598,10.1724,52.3276,2.7586,1160,-5.3328,15.7759,53.7931,3.9655,1160,-0.9423,43.4483,19.9138,11.8103,1160,2.8469,63.4483,13.4483,22.7586,719,0.3359,60.7789,0.8345,0.6954,719,-1.196,30.8762,8.7622,1.3908,719,-2.7511,22.8095,23.9221,1.2517,719,-0.4717,43.1154,14.1864,3.7552,719,-1.7508,36.9958,26.4256,6.6759,0.8451265731020063,-3.900916627394868,-0.8788502993751446,-2.62090372169822,-1.176805995380914,-1.464886920871622,-2.6284694569815192,88,13,0.2786885245901639,8986.5238736111,0.8313286321963426,1,1,1,1,21.7762,defense,defense_active_decline,防守-持续下跌,暂停新开仓,5日全市场上涨占比17.2%；5日全市场中位涨跌幅-4.2%；5日小盘上涨占比15.8%
2024-12-19,3163,-0.3906,37.4012,3.2248,1.1065,3163,-2.8587,20.6766,29.3392,1.5808,3163,-5.4403,12.6778,54.7265,1.9602,3163,-1.6634,35.5043,23.3323,6.7341,3162,0.0,49.2094,20.778,14.9905,1160,-0.5089,33.5345,4.8276,1.7241,1160,-5.345,10.6897,53.0172,1.5517,1160,-7.2299,10.0862,71.3793,2.931,1160,-2.5008,31.6379,29.6552,8.1034,1160,1.5769,58.6207,16.6379,19.4828,719,-0.2305,41.5855,0.6954,0.4172,719,-0.5236,39.9166,4.3115,1.8081,719,-3.3283,18.9152,31.5716,1.2517,719,-0.9084,41.4465,16.5508,5.007,719,-1.8443,37.274,27.9555,6.2587,0.18267820663764311,-4.359829837405027,-0.8779424570840022,-3.253543684756788,-2.0613429578140385,-2.6424008460147808,-3.429198264978961,58,25,0.3958333333333333,9481.150365075791,0.879880688938976,1,1,1,1,16.0009,defense,defense_active_decline,防守-持续下跌,暂停新开仓,5日全市场上涨占比12.7%；5日全市场中位涨跌幅-5.4%；5日小盘上涨占比10.1%
2024-12-20,3165,0.3445,57.5987,1.5166,1.6114,3165,0.2085,52.1959,5.9084,3.5703,3165,-3.0709,20.5371,29.763,2.2117,3165,-2.5833,32.0379,27.425,5.5292,3164,3.9005,72.2187,9.8609,25.0948,1161,0.7512,67.3557,2.3256,2.4117,1161,0.2671,52.4548,8.7855,4.0482,1161,-4.6371,14.5564,46.3394,2.0672,1161,-2.7813,32.0413,31.9552,6.8045,1161,5.9084,79.5866,8.1826,32.3859,719,-0.2378,42.5591,0.4172,0.5563,719,0.0,48.5396,2.9207,2.9207,719,-1.4286,29.3463,11.4047,2.6426,719,-2.4155,31.4325,21.5577,3.338,719,1.4245,60.6398,13.2128,11.6829,1.04019756971363,-1.309760082485123,4.000754035137666,-1.1875990683153037,-0.1382265468193089,-0.701938530693702,-1.145147143153824,76,15,0.2830188679245283,9303.083217154199,0.872736765441154,1,1,1,1,24.3519,defense,defense_repair,防守-修复观察,暂停新开仓,5日全市场上涨占比20.5%；5日全市场中位涨跌幅-3.1%；5日小盘上涨占比14.6%
2024-12-23,3164,-3.6799,12.263,34.1656,0.4109,3164,-3.1815,16.8774,30.3729,1.6435,3164,-5.5724,14.5386,53.8875,1.8647,3164,-5.6174,18.6473,54.5512,3.1606,3163,-0.6061,45.5896,25.0395,12.583,1162,-5.5144,4.9914,59.2083,0.6024,1162,-4.9546,9.8107,49.4836,1.9793,1162,-9.6925,5.938,81.4114,1.6351,1162,-8.223,12.9948,71.7728,3.7005,1162,-2.2838,36.6609,33.4768,13.3391,717,-1.1638,30.5439,4.3236,0.2789,717,-1.3453,27.4756,6.6946,1.8131,717,-1.6553,31.3808,14.0865,2.6499,717,-2.8869,27.894,32.4965,2.5105,717,1.0572,58.0195,17.4338,10.4603,-2.7962181292465416,-2.885454919256125,0.7311906635429022,-1.5906771594648483,0.5554979526778414,-1.0357551559044276,-0.617188282125658,28,168,0.46153846153846156,9758.892051697389,0.9155117999241897,1,1,1,1,13.0519,defense,defense_active_decline,防守-持续下跌,暂停新开仓,5日全市场上涨占比14.5%；5日全市场中位涨跌幅-5.6%；5日小盘上涨占比5.9%
2024-12-24,3163,0.9689,74.1701,2.2447,1.3595,3163,-1.8805,27.9165,24.1859,2.466,3163,-1.7518,31.9633,26.3674,4.1733,3163,-4.9186,20.5817,49.5732,4.3629,3163,0.6897,53.7464,19.7597,15.2703,1161,0.5825,60.9819,3.9621,1.3781,1161,-3.9683,13.7812,41.9466,2.4978,1161,-4.4719,17.9156,45.3058,4.1344,1161,-7.7053,13.006,68.3032,4.6512,1161,-1.5769,40.3101,29.888,14.9009,717,1.1823,89.1213,0.2789,0.4184,717,0.0,49.3724,2.9289,1.3947,717,0.2392,52.5802,4.742,4.1841,717,-1.9691,33.7517,25.523,3.9052,717,2.8249,67.5035,10.8787,13.947,1.1150746099165332,0.3323093656002918,3.055896747106468,0.8053247081288406,1.5720110899616557,0.9532423913835686,0.5618347605217178,66,24,0.34,8448.793325090102,0.7929175145854032,1,1,1,1,29.9763,defense,defense_repair,防守-修复观察,暂停新开仓,5日小盘上涨占比17.9%
2024-12-25,3161,-1.8152,19.2028,7.6874,0.348,3160,-4.101,21.8038,43.7975,0.8861,3160,-3.6046,22.5949,39.8101,2.6266,3160,-7.6574,15.0316,64.557,2.3734,3160,-1.9481,39.2405,33.1013,10.538,1159,-2.6667,9.6635,12.7696,0.3451,1159,-7.2704,6.8162,71.2683,0.8628,1159,-6.951,9.6635,64.9698,2.2433,1159,-11.3161,7.2476,82.4849,2.3296,1159,-4.5767,26.9198,47.4547,8.9733,717,-0.6281,33.0544,0.8368,0.0,717,-0.1183,48.1172,10.4603,0.4184,717,-0.6603,42.3989,9.484,3.0683,717,-2.9963,30.265,37.099,3.3473,717,0.58,53.5565,20.0837,11.2971,-1.1302697173534826,-1.6330416480648813,-0.39186661610224327,-0.8206902667557303,1.1095971729297327,0.3294297592155937,-0.03820379410494068,31,43,0.41509433962264153,8291.799148719387,0.7823985307576603,1,1,1,1,18.7418,defense,defense_active_decline,防守-持续下跌,暂停新开仓,5日全市场上涨占比22.6%；5日全市场中位涨跌幅-3.6%；5日小盘上涨占比9.7%
2024-12-26,3164,0.5048,62.5158,0.7901,1.5171,3163,-0.1033,47.202,9.5163,3.1932,3163,-2.7068,26.6203,33.2596,3.5093,3163,-8.1006,14.4483,66.2662,3.4461,3163,-1.573,41.8274,33.1015,12.4881,1162,0.8996,74.6127,1.2909,1.7212,1162,-1.1835,33.1325,16.2651,3.1842,1162,-5.5419,12.9948,54.6472,2.6678,1162,-12.0513,7.1429,84.9398,2.926,1162,-4.8887,28.3133,49.1394,10.241,717,0.0238,50.2092,0.1395,1.2552,717,0.6876,63.3194,0.9763,2.9289,717,-0.2614,46.0251,6.4156,3.6262,717,-3.6334,27.1967,39.0516,5.2999,717,1.157,56.4854,16.7364,14.5049,1.0790579453256788,-0.7529079762421231,1.221911911453355,-0.251697944506335,1.0649344493999235,0.8321401947060991,-0.16699473048388258,83,11,0.25892857142857145,8024.255366869616,0.7627395893681304,1,1,1,1,22.4043,defense,defense_repair,防守-修复观察,暂停新开仓,5日全市场上涨占比26.6%；5日小盘上涨占比13.0%
2024-12-27,3162,0.9987,73.3397,1.3915,1.3283,3162,0.0,48.7034,4.6806,2.1505,3161,-2.2743,30.6865,28.7251,2.1829,3161,-5.1209,21.3856,50.87,3.7646,3161,-1.6461,40.3353,31.509,10.6928,1161,1.548,82.4289,1.6365,1.6365,1161,0.1062,50.646,6.7183,2.4978,1161,-4.7236,14.5564,47.5452,1.7227,1161,-9.4118,10.0775,75.1077,2.584,1161,-4.1033,28.6822,44.4444,9.3885,717,0.3175,60.9484,0.6974,0.1395,717,-0.1075,45.8856,1.3947,1.6736,717,0.3974,53.696,6.1367,2.0921,717,-1.0778,39.3305,21.06,5.9972,717,0.6452,52.3013,20.781,12.2734,0.18040072969973675,-1.5974464683973788,-0.2837605093163664,-0.30434455116935544,1.3566718870508865,0.952257722250538,-0.21564840516756778,62,8,0.3673469387755102,9144.141532479976,0.8759032337712055,1,1,1,1,26.683,defense,defense_repair,防守-修复观察,暂停新开仓,5日小盘上涨占比14.6%
2024-12-30,3159,-1.0042,26.3058,3.6404,0.5381,3159,0.6857,61.7917,4.0203,3.5138,3158,0.1277,50.6966,11.7796,4.3382,3158,-5.2066,23.6225,51.0133,4.0849,3158,-4.3441,28.8474,46.8334,7.9797,1160,-1.7744,15.8621,5.2586,0.6897,1160,0.8529,64.1379,4.8276,3.7931,1160,-1.0666,36.8103,19.7414,3.7931,1160,-10.4784,8.6207,78.2759,1.9828,1160,-7.7605,17.5862,64.4828,6.4655,717,0.0,48.5356,0.4184,0.2789,717,0.641,62.3431,1.2552,2.9289,717,1.3333,66.9456,2.0921,4.3236,717,-0.3846,47.9777,14.9233,7.2524,717,-0.7653,44.6304,27.4756,11.2971,-0.4154100095157487,0.8127231149403391,-2.6558460387077876,1.380635831841981,1.6647236488730233,1.6730676974917813,0.8382478387937153,38,14,0.36666666666666664,8235.843205252393,0.8011995623583249,1,1,1,1,43.5515,caution,caution,谨慎,观察为主,5日上涨占比50.7%；10日上涨占比23.6%；10日中位涨跌幅-5.2%
2024-12-31,3163,-2.1201,13.405,8.3781,0.9485,3162,-1.9512,21.8849,16.9829,2.024,3162,-3.0728,19.9241,26.4706,2.6249,3161,-4.6964,21.6704,48.3075,4.1443,3161,-6.5744,21.006,58.2727,6.1373,1160,-1.885,16.0345,5.7759,1.7241,1160,-1.7727,22.5,16.2931,3.0172,1160,-3.287,17.3276,31.0345,3.2759,1160,-7.7405,12.2414,66.4655,3.7931,1160,-9.7215,14.569,72.8448,5.431,719,-2.1053,11.9611,9.3185,0.5563,718,-1.8016,24.3733,14.2061,0.6964,718,-2.3193,27.2981,16.2953,1.8106,718,-1.8937,35.6546,22.9805,5.571,718,-3.4193,32.7298,39.1365,8.7744,-3.0623658461342185,-3.3522260743835464,-5.48220656947932,-2.875651190587969,-1.224425646565419,-1.230727984836788,-3.2505371466984068,44,24,0.35294117647058826,8872.037963153894,0.8726482235001849,1,1,1,1,21.9835,defense,defense_pressure,防守-弱势承压,暂停新开仓,5日全市场上涨占比19.9%；5日全市场中位涨跌幅-3.1%；5日小盘上涨占比17.3%
2025-01-02,3162,-2.0127,18.6591,6.3251,1.0436,3161,-4.9787,10.7561,49.6362,1.4552,3161,-3.26,20.7846,30.9396,3.1952,3160,-6.8825,13.9557,63.1646,2.943,3160,-7.4351,19.557,63.2278,6.1709,1161,-1.1527,28.5099,3.1869,1.8949,1161,-4.6351,14.6425,44.0999,2.4978,1161,-1.8952,29.888,19.3798,4.9957,1161,-8.6104,11.1111,72.5237,3.0146,1161,-9.3117,16.7959,71.0594,6.2016,719,-2.8499,7.5104,10.4312,0.5563,718,-4.902,7.3816,48.8858,0.5571,718,-4.325,11.8384,41.0864,1.2535,718,-4.9624,18.663,49.7214,3.3426,718,-5.4188,25.4875,52.6462,6.546,-2.6961367014869397,-4.882902428485824,-6.5730770078728185,-5.042070778382213,-4.145742010966358,-3.854285474404784,-6.398676052652618,0,0,,9457.103153286997,1.0,1,1,1,1,22.3678,defense,defense_active_decline,防守-持续下跌,暂停新开仓,5日全市场上涨占比20.8%；5日全市场中位涨跌幅-3.3%
2025-01-03,3163,-3.4511,10.6861,29.8767,0.6639,3163,-7.0552,7.0819,72.3996,1.3595,3162,-6.9784,8.9817,67.8684,2.1822,3161,-9.7159,10.1866,75.1028,1.993,3161,-11.0092,13.2869,74.1221,3.9228,1161,-4.773,7.9242,45.5642,1.0336,1161,-7.197,9.1301,75.7106,2.2394,1161,-7.1332,10.5082,72.1792,3.273,1161,-12.4378,8.0965,84.5823,2.6701,1161,-14.2695,10.5943,82.8596,4.3066,719,-1.5936,15.5772,9.8748,0.1391,719,-6.4728,5.007,63.1433,0.2782,718,-5.8206,7.1031,56.6852,0.8357,718,-6.2059,15.4596,58.6351,1.2535,718,-6.7406,20.8914,57.7994,4.7354,-2.9649363672008544,-8.68836925239801,-10.506421446720282,-7.801115684134707,-5.324548202760937,-5.492713304129559,-8.773428777674319,43,93,0.328125,8502.747204037803,0.9468616981622028,1,1,1,1,5.6234,defense,defense_active_decline,防守-持续下跌,暂停新开仓,5日全市场上涨占比9.0%；5日全市场中位涨跌幅-7.0%；5日小盘上涨占比10.5%
2025-01-06,3162,-0.153,45.098,5.9456,1.0436,3161,-5.3922,9.6172,53.8754,1.8032,3160,-8.451,7.8481,74.7468,1.7089,3159,-10.5446,9.8449,75.3086,2.0576,3159,-12.0773,10.9212,78.7908,3.5771,1161,-0.5631,38.5874,8.0103,1.292,1161,-6.0948,9.4746,62.36,2.6701,1161,-9.3633,7.9242,82.6873,2.4117,1161,-13.5413,6.4599,87.5969,2.3256,1161,-15.5429,8.3549,86.994,3.7037,719,0.1467,53.1293,1.1127,0.6954,719,-4.2203,10.0139,41.3074,0.9736,718,-6.2593,8.4958,61.1421,0.8357,718,-5.6169,18.5237,54.1783,1.6713,718,-7.7001,19.0808,63.0919,4.4568,-0.30531487807831104,-9.13108543143829,-11.679227599895691,-8.002245740987313,-5.326786352087154,-5.682680311586985,-8.64923138115552,56,63,0.3253012048192771,7142.998622454306,0.8536479618159852,1,1,1,1,4.4132,defense,defense_active_decline,防守-持续下跌,暂停新开仓,5日全市场上涨占比7.8%；5日全市场中位涨跌幅-8.5%；5日小盘上涨占比7.9%
2025-01-07,3162,1.5656,76.7868,1.265,1.5813,3161,-2.0147,22.1133,18.4435,2.341,3161,-5.9289,9.5856,61.4995,2.2145,3159,-5.8668,14.6565,57.3599,3.5454,3159,-11.011,12.1874,77.3029,4.3685,1161,2.3513,87.683,2.2394,1.9811,1161,-2.8302,17.0543,25.1507,2.4978,1161,-5.5205,9.6469,57.5366,3.1008,1161,-6.599,12.8338,64.7717,4.3928,1161,-13.8945,9.2162,85.4436,4.1344,721,0.7015,66.9903,0.2774,1.387,721,-0.9494,33.4258,5.9639,2.0804,721,-5.629,10.1248,56.4494,1.1096,720,-4.3605,20.2778,45.0,2.6389,720,-7.2032,21.3889,62.3611,6.25,1.4979687000493458,-7.385166243405383,-9.69704449217732,-7.021655282592443,-5.074934080049765,-5.2147051739312555,-8.064551219398108,84,10,0.20754716981132076,7079.680450364099,0.8799408344495183,1,1,1,1,9.203,defense,defense_repair,防守-修复观察,暂停新开仓,5日全市场上涨占比9.6%；5日全市场中位涨跌幅-5.9%；5日小盘上涨占比9.6%
2025-01-08,3163,-0.4363,36.8637,0.7272,0.9801,3163,0.9434,61.8084,4.8688,4.2049,3162,-4.3042,15.8444,40.9235,3.0677,3161,-7.0909,13.5717,67.5736,3.8279,3160,-11.8131,11.6772,78.5127,4.2722,1162,-0.086,44.7504,0.9466,1.2909,1162,1.771,75.2151,5.5077,5.4217,1162,-3.7656,17.0396,35.1979,3.6145,1162,-7.0825,13.253,68.9329,4.8193,1162,-13.9798,9.1222,85.3701,4.2169,721,-0.708,32.1775,0.2774,0.5548,721,0.3115,53.9528,2.0804,3.4674,721,-4.1292,16.6436,40.4993,2.7739,720,-6.1465,17.7778,57.5,2.5,720,-8.1504,20.5556,63.8889,5.9722,-0.5316493679507928,-4.967303583996907,-11.006582295878564,-4.613318987803194,-3.702640382530642,-3.6277952826616944,-6.217405730810643,58,3,0.3176470588235294,8205.852875145803,1.015867980688003,1,1,1,1,15.8186,defense,defense_repair,防守-修复观察,暂停新开仓,5日全市场上涨占比15.8%；5日全市场中位涨跌幅-4.3%；5日小盘上涨占比17.0%
2025-01-09,3164,-0.1584,43.2996,1.043,1.201,3164,1.1861,61.0619,3.129,5.4678,3163,-2.4691,23.6168,20.392,3.5093,3162,-5.7127,16.2555,55.9456,4.902,3161,-12.963,10.3132,82.1259,3.5115,1162,0.0,47.5043,1.6351,1.463,1162,2.5028,78.0551,3.2702,7.0568,1162,-2.6144,20.9122,24.0103,4.0448,1162,-4.4752,17.9862,45.611,6.5404,1162,-15.4618,7.7453,87.6076,3.1842,721,-0.3667,37.8641,0.6935,1.387,721,-0.152,46.3245,2.2191,4.8544,721,-1.6648,31.3454,9.7087,4.0222,720,-5.8671,17.0833,57.9167,3.8889,720,-9.1021,18.0556,68.0556,5.9722,0.1942905121716798,-2.144341754973922,-12.014112287321177,-1.6089801297821338,-1.0605682888513712,-1.5683202461183265,-2.416088158163321,77,5,0.21428571428571427,7331.126124194999,0.9217772393898406,1,1,1,1,24.8548,defense,defense_repair,防守-修复观察,暂停新开仓,5日全市场上涨占比23.6%；5日小盘上涨占比20.9%
2025-01-10,3163,-2.5455,10.3699,12.3617,0.4742,3163,-3.0374,16.0923,16.5666,2.0234,3163,-1.8135,30.8884,15.5232,4.4578,3161,-8.4298,10.503,75.4508,2.5308,3160,-15.9123,7.2785,86.8038,2.6899,1162,-3.3804,8.6059,18.5026,0.5164,1162,-3.2141,15.0602,19.7935,2.4096,1162,-1.4191,33.6489,16.3511,5.0775,1162,-8.3896,10.6713,76.0757,3.012,1162,-19.447,4.6472,92.4269,1.8933,720,-1.5703,12.6389,3.6111,0.4167,720,-2.4036,18.3333,8.75,1.9444,720,-1.5655,32.6389,9.1667,5.1389,719,-7.2096,12.3783,68.4284,2.0862,719,-10.5655,15.1599,73.7135,5.2851,-2.253988503272719,-1.4273816315091614,-14.564075643604601,-1.078207667811737,-1.1306579251851523,-1.3360434864232995,-2.0170120831833116,37,47,0.5432098765432098,7471.025347541196,0.9475751338820848,1,1,1,1,29.5153,caution,caution,谨慎,观察为主,5日上涨占比30.9%；10日上涨占比10.5%；10日中位涨跌幅-8.4%
2025-01-13,3162,0.147,52.53,3.4156,0.8223,3162,-2.4713,17.5206,17.8368,1.7394,3162,-1.2935,35.7685,14.4845,4.3327,3160,-9.4118,8.1013,80.1582,2.0253,3159,-13.9875,8.1988,84.9636,2.3425,1162,0.2525,55.4217,4.1308,1.5491,1162,-2.8403,14.4578,21.2565,2.0654,1162,-0.4921,42.9432,13.6833,5.5077,1162,-9.559,7.6592,83.0465,2.4096,1162,-18.1134,4.2169,92.3408,1.8933,720,0.0568,50.6944,1.25,0.1389,720,-1.8485,23.1944,10.4167,1.9444,720,-1.6517,31.8056,11.25,3.8889,719,-7.7767,10.8484,69.2629,2.5035,719,-8.8268,18.3588,68.0111,4.1725,0.2625233732133525,-0.8659344172353811,-12.51797426597937,-0.836603234577904,-1.232610068475748,-1.4396292919804488,-1.5753430200399765,42,31,0.34375,6311.516294347003,0.8209828826222973,1,1,1,1,33.6683,caution,caution,谨慎,观察为主,5日上涨占比35.8%；10日上涨占比8.1%；10日中位涨跌幅-9.4%
2025-01-14,3167,3.7691,98.9264,0.0316,2.4313,3167,1.2308,71.4556,3.6312,2.8734,3167,0.7874,59.1727,5.431,5.6205,3166,-5.0736,17.3721,50.9476,3.8534,3164,-10.2855,12.6738,75.9482,4.2351,1165,4.3121,99.1416,0.0,3.5193,1165,1.0763,69.5279,4.3777,3.3476,1165,1.4723,67.897,6.867,6.4378,1165,-4.0,19.1416,41.2017,4.6352,1165,-14.3084,6.2661,87.382,2.7468,720,2.858,98.3333,0.1389,1.1111,720,1.4664,74.0278,1.6667,1.9444,720,0.4344,55.9722,1.9444,4.4444,720,-5.0978,18.6111,51.6667,3.1944,719,-5.753,26.0083,54.7983,8.0668,4.525285447495242,2.0908756630530156,-7.430672978589836,1.5969468582214041,0.6436596664660676,0.3497630187650147,2.3367470301843163,120,0,0.23076923076923078,8476.6943878937,1.0901917443724827,1,1,1,1,55.6024,attack,attack,攻击,可参与,5日全市场上涨占比59.2%；5日全市场中位涨跌幅0.8%；5日小盘上涨占比67.9%
2025-01-15,3168,-0.4673,34.4697,1.0101,1.1048,3168,3.5714,88.9205,1.8308,5.4924,3168,0.9928,60.3535,7.0391,6.1553,3167,-3.4409,25.4815,34.3859,5.0521,3165,-8.1691,15.545,67.8989,4.9289,1165,-0.1267,43.3476,1.3734,1.7167,1165,4.6012,91.5021,2.1459,7.6395,1165,1.4416,67.5536,7.4678,6.6094,1165,-2.3788,29.2704,26.7811,6.1803,1165,-10.0565,10.4721,75.5365,3.4335,720,-0.67,25.6944,1.25,0.2778,720,2.3898,84.1667,1.5278,2.3611,720,0.5179,55.1389,4.5833,4.3056,720,-3.923,24.1667,39.3056,5.0,719,-5.6344,25.452,54.6592,8.0668,-0.6106223922009435,2.0098204816990872,-5.995704452755712,1.1145645035239848,0.17973906101349524,-0.09445948614621447,1.4682708869019567,60,8,0.3684210526315789,7561.723559475788,0.9751970490619303,1,1,1,1,57.4872,attack,attack,攻击,可参与,5日全市场上涨占比60.4%；5日全市场中位涨跌幅1.0%；5日小盘上涨占比67.6%
2025-01-16,3169,0.4942,66.3616,0.4418,1.2307,3169,3.966,93.5626,0.568,7.4471,3169,1.5873,73.9666,4.4178,5.0174,3168,-0.8559,40.9407,16.0038,6.7235,3166,-7.8527,16.2982,66.614,5.0221,1165,0.6244,69.8712,0.6009,1.8884,1165,4.9927,95.279,0.8584,10.6438,1165,2.069,76.9099,5.2361,6.0944,1165,-0.5837,43.4335,16.9957,7.2103,1165,-9.3509,12.4464,72.3605,3.7768,720,0.2738,59.4444,0.4167,0.1389,720,2.5806,90.2778,0.4167,3.6111,720,1.1502,69.4444,2.5,3.1944,720,-0.6053,42.7778,10.6944,7.2222,719,-5.9098,26.0083,55.4937,7.9277,0.44556980505598975,2.2656529790087365,-6.368157280052966,1.6319232410930695,0.5425123191168169,0.7672277325857291,2.023743346774509,64,4,0.36633663366336633,8039.189508246089,1.0333189819417072,1,1,1,1,67.2514,attack,attack,攻击,可参与,5日全市场上涨占比74.0%；5日全市场中位涨跌幅1.6%；5日小盘上涨占比76.9%
2025-01-17,3169,0.0656,50.4891,2.0827,0.8836,3169,0.2849,54.5914,2.4929,2.1458,3169,4.3837,90.5648,2.1142,7.668,3169,2.673,72.1679,7.6365,13.3481,3166,-7.348,16.8983,64.1503,5.1169,1165,-0.3003,40.8584,3.9485,1.3734,1165,0.3886,56.2232,3.7768,3.0901,1165,5.1522,90.7296,2.6609,9.9571,1165,3.8278,78.97,8.927,14.5923,1165,-8.9054,12.1888,71.4163,3.691,721,0.3057,60.4716,0.2774,0.4161,721,0.0697,50.3467,1.5257,1.2483,721,3.4146,88.0721,1.387,4.4383,721,1.7199,69.0707,4.8544,12.2053,720,-5.183,27.0833,51.1111,7.9167,0.6940972644241761,5.350054188379194,-5.890179353730362,4.060372253559219,2.139657470691203,2.3132980727492036,4.655985243391303,52,12,0.3246753246753247,7153.7957170057,0.9257236261675478,1,1,1,1,84.9042,attack,attack,攻击,可参与,5日全市场上涨占比90.6%；5日全市场中位涨跌幅4.4%；5日小盘上涨占比90.7%
2025-01-20,3168,0.6431,66.4457,1.5152,1.1364,3168,1.4185,74.4949,2.5253,2.9356,3168,5.0349,92.3295,1.2942,12.3106,3168,3.8653,75.9154,5.303,17.803,3165,-6.9676,17.5671,62.8752,5.1817,1165,1.2,75.5365,2.7468,1.4592,1165,1.6729,75.7082,3.8627,3.9485,1165,6.1514,92.8755,2.3176,15.5365,1165,5.7971,85.4936,6.7811,23.4335,1165,-8.3736,12.618,70.6438,4.2918,721,0.1377,53.2594,0.1387,0.8322,721,0.8601,68.7933,0.6935,2.3578,721,3.2893,88.9043,0.5548,8.3218,721,1.8576,67.4064,3.4674,12.344,720,-4.5576,29.0278,46.9444,8.0556,0.6432806321065909,5.750131869525399,-6.259871641632831,4.322682653989429,2.8787918269190804,2.645652700066914,6.167500521448233,67,20,0.37383177570093457,7564.824304583582,0.9805025406538674,1,1,1,1,88.2037,attack,attack,攻击,可参与,5日全市场上涨占比92.3%；5日全市场中位涨跌幅5.0%；5日小盘上涨占比92.9%
2025-01-21,3169,-0.5499,32.2184,1.8618,0.7258,3169,0.2736,53.9287,5.3329,2.9031,3169,0.5957,57.9363,4.828,3.9129,3169,1.5801,63.9003,7.0054,10.1925,3166,-4.3176,27.2268,45.3885,7.9596,1165,-0.9331,26.6953,3.176,1.2876,1165,0.138,51.2446,8.1545,2.8326,1165,0.8734,61.1159,7.2961,4.2918,1165,2.4465,71.588,8.5837,10.6438,1165,-4.3019,27.5536,44.6352,7.6395,721,-0.2455,40.4993,0.5548,0.1387,721,0.3364,55.4785,1.9417,2.9126,721,0.1058,50.208,1.9417,3.3287,721,0.7785,58.6685,3.0513,8.7379,720,-3.8995,30.4167,40.8333,10.0,0.4911237586320949,1.668697135778019,-3.0896673080471504,1.1064193884857243,0.31605483989893823,0.05191703641536094,1.7648655973886873,41,18,0.4383561643835616,7597.085693836704,0.985762469465453,1,1,1,1,58.3591,attack,attack,攻击,可参与,5日全市场上涨占比57.9%；5日全市场中位涨跌幅0.6%；5日小盘上涨占比61.1%
2025-01-22,3170,-1.0644,19.2744,3.5962,0.6625,3170,-0.885,35.0789,7.7918,2.5237,3170,-0.173,46.3407,8.1388,3.7539,3170,0.8127,56.9401,10.6625,8.9274,3168,-6.25,20.7702,57.4495,6.0606,1165,-1.4444,14.1631,6.2661,0.6867,1165,-0.9722,33.4764,11.3305,2.6609,1165,-0.5333,41.9742,12.3605,3.5193,1165,0.7561,55.6223,13.9914,8.5837,1165,-5.9278,20.6009,55.9657,5.7511,721,-0.6309,23.8558,0.9709,0.2774,721,-0.7905,36.4771,3.8835,3.0513,721,0.0,48.8211,3.7448,4.577,721,0.7921,58.3911,7.767,9.4313,720,-5.6607,24.3056,53.0556,8.3333,-0.8849677203377371,1.3880601829336037,-5.006540418912875,1.5319335100541398,0.026095711673201905,-0.41811317204611953,3.096327726100978,38,24,0.3333333333333333,7121.497950501391,0.928754863848614,1,1,1,1,48.0535,caution,caution,谨慎,观察为主,5日上涨占比46.3%；10日上涨占比56.9%；10日中位涨跌幅0.8%
2025-01-23,3171,-0.1235,42.6049,2.3336,0.6938,3171,-1.5075,22.3589,11.6052,1.356,3171,-0.6369,39.8297,13.1189,2.9013,3171,0.994,59.508,10.4383,6.4648,3169,-4.8333,26.4437,48.4064,7.1316,1165,-0.0502,43.5193,3.2618,1.1159,1165,-2.1882,16.0515,17.6824,1.8026,1165,-1.1633,35.0215,19.5708,2.8326,1165,0.794,56.309,14.7639,5.3219,1165,-3.5354,31.8455,43.3476,7.382,721,-0.1231,45.3537,1.5257,0.4161,721,-0.7034,33.8419,4.8544,1.1096,721,-0.2123,46.1859,4.8544,3.3287,721,1.2165,62.4133,4.577,6.6574,720,-4.9568,24.5833,48.75,8.1944,-0.456072216193093,0.47795796845782057,-4.358775396260739,0.6964253823043665,0.08842002159992202,-0.18134245891264777,2.0455887918140903,39,21,0.48,8486.700829971007,1.0994598945605607,1,1,1,1,43.1945,caution,caution,谨慎,观察为主,5日上涨占比39.8%；10日上涨占比59.5%；10日中位涨跌幅1.0%
2025-01-24,3172,0.5979,68.5687,1.7654,0.9773,3171,-0.4551,40.3343,6.7487,1.6399,3171,-0.1802,46.673,9.5238,3.942,3171,4.1026,82.7499,5.1719,14.2857,3169,-4.4693,25.3392,46.1975,6.4689,1165,0.4184,60.8584,2.7468,1.3734,1165,-1.0201,32.103,10.9013,1.9742,1165,-0.5076,43.176,13.9914,3.4335,1165,4.5779,81.03,7.7253,15.0215,1165,-3.8503,27.897,43.4335,6.3519,721,0.7496,76.5603,0.1387,0.5548,721,0.2796,53.9528,2.0804,0.6935,721,0.1475,50.3467,3.19,4.8544,721,3.5673,83.2178,2.2191,12.4827,720,-4.065,25.8333,42.9167,7.2222,1.8716175027936544,1.6529506664627602,-3.608853818156643,1.1214104917588008,0.5382726721670172,0.3333064760018267,2.6394363555070965,55,23,0.19117647058823528,7542.810843797395,0.9784916708454398,1,1,1,1,51.217,caution,caution,谨慎,观察为主,5日上涨占比46.7%；10日上涨占比82.7%；10日中位涨跌幅4.1%
2025-01-27,3172,-0.2269,43.6003,5.8638,0.6305,3171,0.2101,52.0025,8.5777,1.6399,3171,-1.1873,35.0047,15.7679,2.0498,3171,3.7344,80.1325,5.2665,12.4251,3169,-5.7224,20.8583,54.3074,4.5756,1165,0.0,46.6953,6.1803,1.2876,1165,0.2915,52.8755,10.0429,2.4034,1165,-1.7976,27.897,21.2876,2.4034,1165,4.3134,79.1416,8.1545,14.4206,1165,-5.5024,20.3433,53.2189,4.1202,721,-0.3215,42.7184,6.5187,0.0,721,0.346,54.785,6.2413,0.4161,721,-0.2481,45.4924,7.9057,1.6644,721,3.0157,81.6921,2.4965,9.9861,720,-4.7671,24.5833,48.1944,6.1111,-1.5503449478144748,-0.5626817280288687,-5.274135234378874,-0.44507350127604983,-0.3289102964417534,0.19181182856151668,-1.943614843858421,38,42,0.3870967741935484,6894.241516343907,0.8996360343125992,1,1,1,1,40.6695,caution,caution,谨慎,观察为主,5日上涨占比35.0%；10日上涨占比80.1%；10日中位涨跌幅3.7%
2025-02-05,3174,0.3174,55.419,3.0876,1.0082,3173,0.5759,58.7142,6.6814,3.0886,3172,-0.529,42.024,12.4527,2.9004,3172,0.3359,52.5851,12.5473,5.7692,3171,-4.6164,24.4718,46.9568,5.3926,1167,0.7812,64.8672,2.9991,0.8569,1166,0.9702,65.0943,7.5472,3.6878,1166,-0.4614,44.0823,14.6655,3.4305,1166,0.6423,55.1458,14.3225,5.8319,1166,-3.198,30.1887,38.1647,5.4031,721,-0.5634,40.0832,4.4383,0.8322,721,0.0272,50.0693,5.9639,2.0804,721,-0.5202,41.6089,10.1248,1.9417,721,-0.221,45.4924,11.2344,5.1318,721,-5.1709,21.4979,51.1789,6.1026,0.6049877690453398,-0.4500117585857888,-4.303522592519792,-0.3467866602197667,-0.979219277075738,-0.40507335019499546,-2.341754962778897,59,34,0.3655913978494624,7688.696696110313,1.0031307306446735,1,1,1,1,45.1977,caution,caution,谨慎,观察为主,5日上涨占比42.0%；10日上涨占比52.6%；10日中位涨跌幅0.3%
2025-02-06,3172,1.2364,85.372,0.2837,1.261,3171,1.4105,69.3787,4.5727,3.9104,3170,2.0266,72.1767,5.9937,6.8139,3170,2.0004,68.9274,8.5489,9.4322,3169,-1.1724,42.5686,26.0019,10.7289,1167,1.2387,88.6889,0.4284,1.0283,1166,2.0024,77.8731,4.0309,3.3448,1166,2.3505,74.271,6.9468,6.6895,1166,2.2007,67.6672,11.1492,7.8045,1166,0.0,48.9708,23.5849,10.1201,720,1.109,76.8056,0.0,1.8056,720,0.295,54.1667,6.8056,4.3056,720,1.4731,68.3333,5.9722,5.6944,720,1.4144,65.0,5.6944,9.8611,720,-2.2463,37.6389,28.0556,11.3889,2.727175533950321,3.17798300890888,1.4118914539951621,2.5118656670553685,1.206599939542019,1.7748095397728036,0.9381330512120201,75,0,0.2647058823529412,9148.2382059554,1.1821143632536477,1,1,1,1,69.5441,attack,attack,攻击,可参与,5日全市场上涨占比72.2%；5日全市场中位涨跌幅2.0%；5日小盘上涨占比74.3%
2025-02-07,3173,0.9372,78.7583,0.063,1.3237,3173,2.7915,78.9789,2.3322,9.0451,3172,2.9909,81.5574,3.8146,10.1513,3171,2.4773,72.8792,8.1047,11.3529,3170,2.0312,62.5868,15.3312,16.4038,1167,0.8754,77.8063,0.0,1.5424,1167,3.0303,85.8612,2.0566,7.8835,1166,3.3821,84.048,4.2882,9.6913,1166,2.3349,69.6398,11.0635,8.6621,1166,2.1764,62.0926,18.7822,14.494,720,0.9692,78.1944,0.0,0.8333,720,1.7612,66.25,3.4722,8.75,720,2.1803,75.4167,3.75,9.5833,720,2.2963,74.0278,4.7222,11.8056,720,2.2069,65.2778,9.4444,18.3333,1.5263710419570087,5.232799423726009,5.812667357703161,4.4721007358045295,2.3387194916040466,2.275516253247467,3.8712798263460746,72,1,0.4,11910.681723605263,1.5150539064450694,1,1,1,1,77.9675,attack,attack,攻击,可参与,5日全市场上涨占比81.6%；5日全市场中位涨跌幅3.0%；5日小盘上涨占比84.0%
2025-02-10,3172,1.022,72.6356,0.3468,2.0492,3172,3.7709,91.0467,0.4729,9.3632,3171,3.5763,82.8445,3.0905,12.8666,3170,3.4367,78.3281,5.9621,15.3943,3170,6.5332,80.347,7.6341,35.489,1167,1.7532,87.7464,0.5141,2.9991,1167,4.2593,95.4584,0.5998,9.6829,1166,4.6899,89.9657,1.6295,15.0086,1166,4.3191,81.9897,6.0892,15.4374,1166,8.4109,85.8491,7.2899,42.1098,721,0.1145,51.0402,0.2774,0.9709,721,2.7073,81.276,0.2774,8.4605,721,1.6611,69.4868,5.9639,9.2926,721,2.2523,70.8738,6.6574,12.7601,721,4.3309,74.896,7.767,26.491,1.2470153305615295,4.587588944876764,10.405624039924554,4.223054772303847,1.7792988568834378,2.138069100097084,2.9237655202036583,98,1,0.20967741935483872,10481.145521184997,1.3166480389904618,1,1,1,1,81.1425,attack,attack,攻击,可参与,5日全市场上涨占比82.8%；5日全市场中位涨跌幅3.6%；5日小盘上涨占比90.0%
2025-02-11,3171,-0.489,34.5948,0.7569,1.1038,3171,1.7621,79.8802,0.7253,5.0457,3171,3.6817,80.4478,2.2706,15.9256,3169,2.2165,71.6314,7.1947,13.2849,3169,6.3492,78.9839,6.532,35.4686,1167,-0.5736,32.7335,0.5998,1.114,1167,2.2891,86.8895,0.4284,5.3985,1167,4.4248,89.6315,1.2853,16.4524,1166,2.4396,74.0137,8.4048,12.3499,1166,8.6867,85.8491,6.175,43.5678,720,-0.4554,34.4444,0.9722,0.1389,720,0.8748,67.3611,0.5556,3.0556,720,1.5698,63.6111,4.5833,11.8056,720,1.5473,66.3889,6.8056,11.9444,720,3.3076,71.1111,7.0833,25.2778,-0.3280419530189205,5.886097539122281,10.380455226879493,4.811608276264012,1.7305111902023995,2.0751918253140156,4.308152082456407,61,0,0.34408602150537637,9976.646456443688,1.231356583528849,1,1,1,1,80.215,attack,attack,攻击,可参与,5日全市场上涨占比80.4%；5日全市场中位涨跌幅3.7%；5日小盘上涨占比89.6%
2025-02-12,3171,0.361,61.7471,0.1577,1.3245,3171,1.2195,71.0501,1.3245,5.2349,3171,3.9379,89.2778,0.7884,14.7903,3169,3.3163,78.3212,5.8062,16.3774,3169,5.2308,79.0786,6.8476,29.0628,1167,0.1976,55.4413,0.2571,1.1997,1167,1.5974,80.8912,1.1997,4.6272,1167,4.1451,93.4019,0.8569,13.0249,1166,3.708,80.3602,6.4322,16.0377,1166,6.4444,83.7907,7.2899,31.2178,720,0.5366,65.8333,0.2778,1.25,720,0.2818,55.1389,1.6667,3.75,720,2.762,79.5833,0.4167,13.75,720,2.4104,73.1944,6.1111,12.9167,720,3.2842,72.2222,7.3611,22.9167,1.5255920354676933,6.85502756248364,10.410495989048574,5.8090524999772075,3.2878553859982285,3.6197011563072756,6.245327322186656,71,0,0.29,10271.600863135014,1.2432710979749444,1,1,1,1,85.7778,attack,attack,攻击,可参与,5日全市场上涨占比89.3%；5日全市场中位涨跌幅3.9%；5日小盘上涨占比93.4%
2025-02-13,3171,-0.8205,25.544,1.6714,1.1984,3171,-0.654,35.6039,2.7436,2.9644,3171,1.5789,70.6402,2.0498,8.3885,3169,3.6072,80.0252,5.396,17.4187,3169,4.8019,78.8892,7.9205,25.9703,1167,-0.9585,23.9075,0.8569,1.371,1167,-1.0482,29.0488,2.485,2.5707,1167,1.8277,74.2074,1.371,9.2545,1166,4.3528,84.3911,5.2316,18.8679,1166,5.4885,82.1612,8.4048,26.8439,720,-0.6435,26.6667,2.3611,0.4167,720,-0.3514,40.1389,3.4722,2.5,720,0.8683,61.6667,2.7778,5.9722,720,2.5375,72.7778,6.9444,12.3611,720,3.5892,72.9167,9.4444,21.6667,-1.1474680523966274,2.8246904577992504,9.726933368808632,2.6159096123642422,1.6214190401379502,1.8902365681978228,2.61279868099189,55,2,0.4329896907216495,11415.578765242022,1.3554087023005899,1,1,1,1,69.4085,attack,attack,攻击,可参与,5日全市场上涨占比70.6%；5日全市场中位涨跌幅1.6%；5日小盘上涨占比74.2%
2025-02-14,3170,-0.3073,38.4543,1.8927,1.1041,3170,-0.6306,36.6562,3.5016,3.0284,3170,0.2375,52.5868,3.9117,6.3091,3169,3.3623,78.1003,5.0805,17.4819,3168,4.6307,79.5139,7.4495,24.3056,1166,-0.6054,30.0172,2.4014,1.2007,1166,-1.1932,26.072,4.1166,3.1732,1166,0.2162,52.2298,3.6021,6.2607,1165,3.645,82.6609,5.7511,17.8541,1165,4.8193,80.3433,8.7554,24.1202,720,0.1324,51.9444,1.1111,1.1111,720,0.2096,51.3889,3.0556,2.9167,720,0.1564,50.9722,4.1667,5.2778,720,2.5458,70.8333,5.9722,14.4444,720,4.0306,75.2778,7.5,20.6944,0.5849129773394912,1.8711930257548248,10.15472027152262,1.950770110389155,1.1895513831674975,1.3033276420810758,1.8832056960079502,57,9,0.2962962962962963,10443.930588425796,1.2175419894284,1,1,1,1,55.4806,caution,caution,谨慎,观察为主,5日上涨占比52.6%；10日上涨占比78.1%；10日中位涨跌幅3.4%
2025-02-17,3171,0.7073,65.3422,0.9145,1.4191,3171,-0.2974,42.8571,3.4059,2.5859,3171,-0.1072,46.673,3.4374,4.9827,3170,3.7431,77.6656,4.9527,19.3691,3169,8.3333,87.5671,4.6702,41.906,1167,1.4505,82.862,0.8569,2.1422,1167,0.0,49.1003,2.6564,3.2562,1167,0.0,47.2151,3.1705,4.6272,1166,4.9345,86.6209,3.4305,22.5557,1166,10.1101,91.0806,4.4597,51.1149,720,-0.0552,46.25,0.6944,0.6944,720,-0.4856,40.5556,3.4722,1.8056,720,-0.098,46.8056,4.1667,5.2778,720,1.8868,64.3056,8.1944,13.8889,720,5.5644,80.8333,5.8333,29.1667,0.5237984779401739,1.1435176137702951,13.285143121560129,1.0217929847562202,1.187792000629151,1.0131872248070994,1.957001510204326,91,6,0.38513513513513514,11726.828101907204,1.3340082457625475,1,1,1,1,51.7303,caution,caution,谨慎,观察为主,5日上涨占比46.7%；10日上涨占比77.7%；10日中位涨跌幅3.7%
2025-02-18,3170,-2.1513,14.7319,8.3281,0.7886,3170,-1.648,25.8675,9.1167,2.776,3170,-1.8276,26.8139,11.7666,3.9117,3170,2.0026,64.6688,7.0978,15.6151,3168,5.8264,83.4596,5.4609,30.9028,1166,-2.6496,12.2642,10.7204,0.9434,1166,-1.7391,24.6141,9.8628,3.1732,1166,-2.1698,22.47,11.8353,4.3739,1166,2.5474,71.9554,5.3173,16.295,1165,7.1534,87.0386,5.8369,34.6781,720,-1.3082,21.8056,3.75,0.2778,720,-1.2345,33.3333,5.6944,2.5,720,-1.1241,36.5278,9.8611,3.1944,720,0.7648,55.4167,10.8333,12.5,720,4.0068,76.25,6.6667,24.0278,-2.2196344739396134,-0.7760024318541281,10.480589660260042,-0.2999054073972718,0.7634990406720776,0.19389962842408792,1.3862196713349206,42,21,0.4473684210526316,11101.47784557841,1.2293764698631886,1,1,1,1,34.2166,defense,defense_pressure,防守-弱势承压,暂停新开仓,5日全市场上涨占比26.8%；5日小盘上涨占比22.5%
2025-02-19,3170,0.995,79.8107,0.1577,1.735,3170,-0.4165,41.9243,3.5331,4.858,3170,-1.3086,32.082,7.8233,5.1735,3170,3.0078,75.205,2.9653,17.6341,3168,3.3479,71.2121,8.9646,22.8535,1166,1.1691,86.8782,0.2573,1.7153,1166,0.0,48.199,3.3448,5.4889,1166,-1.2362,32.1612,6.7753,5.1458,1166,3.4443,80.8748,2.3156,17.3242,1165,4.2289,76.3948,8.6695,22.9185,720,0.6396,68.4722,0.1389,1.25,720,-0.5737,37.9167,3.0556,3.75,720,-1.0601,36.5278,6.1111,4.7222,720,2.1881,68.3333,4.4444,16.25,720,1.8467,63.1944,11.6667,20.6944,2.3833883250425236,0.06234753729454923,8.216658439531077,0.0564326761489653,0.5178371471626031,0.15401095163753986,1.6070513944185683,93,2,0.2184873949579832,10425.219859589108,1.1421649436254016,1,1,1,1,40.3323,caution,caution,谨慎,观察为主,5日上涨占比32.1%；10日上涨占比75.2%；10日中位涨跌幅3.0%
2025-02-20,3169,0.3425,57.8731,0.568,1.42,3169,-0.6194,39.4762,3.2818,3.4396,3169,0.0,49.0376,5.1751,6.9107,3169,2.0536,69.2963,3.8498,14.7365,3167,4.2743,74.2027,7.736,26.1446,1166,0.6965,69.2967,1.0292,1.7153,1166,-0.4763,39.4511,3.8593,2.6587,1166,0.5663,56.2607,4.9743,6.0892,1166,2.8313,78.7307,2.4014,14.837,1165,5.2856,79.6567,7.8112,26.6953,720,-0.246,39.5833,0.0,1.1111,720,-0.7933,38.75,2.0833,2.9167,720,-0.5064,43.8889,4.7222,8.0556,720,0.7945,56.8056,6.25,14.0278,720,2.3463,63.8889,9.1667,22.9167,0.7296666676738006,1.9624557392126318,9.675985451065984,1.0051335299483544,0.6083290539304231,0.5491611569104826,2.2713400266956896,80,1,0.25925925925925924,10583.508024178802,1.1406258624274908,1,1,1,1,53.9365,caution,caution,谨慎,观察为主,5日上涨占比49.0%；10日上涨占比69.3%；10日中位涨跌幅2.1%
2025-02-21,3171,-0.2371,42.1003,0.4415,1.5768,3171,1.5094,69.4734,1.1353,7.2217,3171,0.1054,50.5519,4.2889,8.357,3171,0.8658,56.8275,6.6856,13.4342,3169,3.4946,68.4127,10.3187,25.5286,1166,-0.7276,27.9588,0.6003,0.7719,1166,1.3447,72.8988,1.3722,4.8027,1166,0.4008,53.9451,3.3448,7.2041,1166,1.0439,59.1767,5.3173,12.0069,1165,3.7915,70.2146,10.9871,23.4335,721,0.354,56.0333,0.4161,2.6352,721,1.2759,60.749,1.1096,9.0153,721,-0.0929,48.405,5.9639,9.2926,721,0.2729,52.0111,9.2926,13.7309,721,2.9548,63.2455,12.2053,24.2718,1.8125369538901204,3.2068924212987238,11.168569637890634,1.8371309305161176,1.0011529551154918,0.9677702154243795,2.988915624188593,84,0,0.25,12933.626023159097,1.3580881638949303,1,1,1,1,53.7806,caution,caution,谨慎,观察为主,5日上涨占比50.6%；10日上涨占比56.8%；10日中位涨跌幅0.9%
2025-02-24,3170,0.2604,55.3943,1.735,1.6404,3170,0.7217,62.6814,2.2397,4.3218,3170,-0.2605,45.0473,5.205,6.53,3170,0.0,49.3691,8.8959,10.7571,3168,3.8738,71.5278,10.0063,26.673,1165,0.5076,62.6609,1.03,1.3734,1165,0.7339,64.206,2.7468,3.0901,1165,-0.4323,40.2575,6.4378,5.0644,1165,-0.2436,47.1245,9.1845,8.7554,1164,4.5418,76.2887,9.7079,26.3746,721,-0.0397,46.7406,2.3578,1.2483,721,0.429,55.8946,1.387,5.6865,721,-0.2646,46.7406,3.19,6.7961,721,0.0557,50.208,9.154,12.2053,721,2.3238,64.2164,12.4827,23.301,0.22941660969990618,2.9046531678455167,10.655551644507732,1.618050687444561,0.5654002536303437,0.5124813250350968,1.7797821554438098,73,12,0.3482142857142857,12526.017484298281,1.2792069680763356,1,1,1,1,47.2867,caution,caution,谨慎,观察为主,5日上涨占比45.0%；10日上涨占比49.4%；10日中位涨跌幅0.0%
2025-02-25,3168,-0.966,23.4848,1.2942,1.1364,3168,-0.6616,37.5,3.5985,3.2828,3168,1.082,61.6162,2.9356,8.8384,3168,-0.3729,46.2437,11.553,10.5745,3166,2.2389,61.6551,13.1712,21.952,1164,-0.8652,25.2577,1.0309,1.5464,1164,-0.9058,32.732,4.3814,3.0069,1164,1.3067,67.268,2.4914,7.1306,1164,-0.4494,45.5326,9.7079,8.9347,1163,2.509,65.0043,13.2416,19.6045,720,-1.1414,18.4722,1.5278,0.2778,720,-0.542,41.1111,2.7778,3.0556,720,0.1633,51.3889,4.1667,8.6111,720,-0.4096,45.4167,14.3056,11.25,720,1.0861,55.8333,16.1111,20.1389,-0.4423730823379657,4.775053898170301,9.461894105601477,2.3841976641474805,0.3288605662225663,0.6481955461086208,2.658086277945193,53,4,0.38372093023255816,11379.183226495787,1.1398862438061057,1,1,1,1,61.9684,attack,attack,攻击,可参与,5日全市场上涨占比61.6%；5日全市场中位涨跌幅1.1%；5日小盘上涨占比67.3%
2025-02-26,3168,1.0134,81.029,0.2841,1.6414,3168,0.5702,58.649,3.4091,4.1035,3168,1.1821,64.8043,3.5038,7.7652,3168,0.3069,52.1149,8.9962,11.4268,3166,4.4013,71.9836,9.5389,27.132,1164,0.9991,81.7869,0.1718,1.2027,1164,0.8328,63.4021,2.8351,4.2096,1164,1.1847,66.9244,3.9519,7.1306,1164,0.3955,53.2646,7.8179,10.0515,1163,4.9107,75.9243,8.5125,26.4832,720,0.8991,75.9722,0.0,1.3889,720,-0.0509,47.5,4.5833,1.9444,720,0.5988,55.8333,3.6111,7.5,720,0.018,50.0,11.3889,12.0833,720,2.9327,64.4444,14.3056,22.7778,1.382616579185325,3.7509042257736214,10.432969849103845,1.8146018806597164,0.5020379628219107,0.85558301093418,1.8515326189644687,90,1,0.35251798561151076,11466.410489886905,1.1267868338950866,1,1,1,1,63.0366,attack,attack,攻击,可参与,5日全市场上涨占比64.8%；5日全市场中位涨跌幅1.2%；5日小盘上涨占比66.9%
2025-02-27,3168,-0.2543,41.2879,2.178,1.3258,3168,0.2079,52.3674,4.3876,3.4722,3168,0.6502,57.9861,4.9874,6.2816,3168,1.0357,59.2172,8.0492,12.2159,3166,5.5885,78.2691,7.4226,30.7644,1164,-0.1405,43.3849,1.89,1.8041,1164,0.4076,54.811,3.5223,3.866,1164,0.5476,56.2715,5.2405,5.4983,1164,1.4639,63.5739,7.3883,10.9966,1163,6.3455,84.1788,5.675,32.6741,720,-0.3725,38.6111,2.5,0.4167,720,-0.1514,44.0278,6.1111,1.8056,720,0.4586,53.1944,5.2778,5.0,720,0.2597,52.5,10.1389,11.3889,720,3.3334,67.0833,11.8056,23.8889,-0.38126997528679096,2.60664667923598,10.99418479917642,1.1991362551681206,0.9982448249646891,1.1125428493092837,1.3895050817677612,68,6,0.24444444444444444,12020.29575577691,1.1534528388316783,1,1,1,1,57.3893,attack,attack,攻击,可参与,5日全市场上涨占比58.0%；5日全市场中位涨跌幅0.7%；5日小盘上涨占比56.3%
2025-02-28,3168,-2.1368,12.0265,15.0568,0.5682,3168,-0.9305,35.3535,16.4141,2.7462,3168,-1.2763,35.0694,20.3598,4.0088,3168,-0.9905,40.6881,16.0038,8.6806,3167,3.1014,68.4244,8.9359,22.2292,1164,-2.4323,11.512,13.6598,0.945,1164,-1.1136,32.3024,13.5739,2.7491,1164,-1.1564,37.1134,18.1271,4.811,1164,-0.4764,44.5876,14.0893,8.9347,1163,3.8462,74.5486,7.3087,23.4738,720,-1.643,12.3611,12.9167,0.1389,720,-0.7547,38.1944,17.5,1.1111,720,-1.7591,29.4444,22.7778,1.6667,720,-1.8686,34.3056,19.1667,7.0833,720,1.1041,56.9444,14.7222,17.6389,-3.525047141484894,-2.7725691008686493,7.572194351484951,-3.2556032750384434,-2.2218560824282085,-1.7228042816445743,-4.870450374177338,39,49,0.417910447761194,11337.299267085904,1.0732347060961036,1,1,1,1,37.7423,caution,caution,谨慎,观察为主,5日上涨占比35.1%；10日上涨占比40.7%；10日中位涨跌幅-1.0%
2025-03-03,3167,0.2433,55.2889,3.0944,1.0104,3167,-1.7986,24.1869,21.0294,1.7051,3167,-1.4388,30.9125,18.8506,3.5365,3167,-1.4463,36.7225,18.8506,7.515,3166,2.9078,67.9722,10.0758,21.6993,1164,0.3999,60.567,3.0928,1.2027,1164,-1.8621,22.2509,18.8144,1.8041,1164,-1.412,30.756,16.5808,4.2096,1164,-1.5917,35.9107,19.9313,5.9278,1163,3.8875,77.558,7.0507,22.6999,720,0.1714,52.9167,2.2222,0.5556,720,-1.5569,29.3056,20.6944,0.4167,720,-1.4,31.25,18.8889,1.8056,720,-1.5805,36.25,16.5278,6.6667,720,0.8563,54.1667,18.1944,17.0833,0.051851402711777794,-2.9448160267362966,5.650596978331612,-2.633649480320266,-2.046571633357519,-1.6632624055611056,-3.0764249976425684,57,27,0.3870967741935484,9859.701015454488,0.9232347863404439,1,1,1,1,34.1652,caution,caution,谨慎,观察为主,5日上涨占比30.9%；10日上涨占比36.7%；10日中位涨跌幅-1.4%
2025-03-04,3168,0.6965,70.2967,1.2942,0.8838,3168,-1.1211,29.6717,11.5846,1.4836,3168,0.0965,50.4104,11.1742,3.8826,3168,1.2854,61.553,6.6604,11.1742,3168,4.065,71.9066,8.3333,27.8093,1165,0.9849,75.794,1.3734,0.9442,1165,-0.9763,31.2446,10.9013,1.7167,1165,0.3058,54.0773,9.3562,3.7768,1165,1.8197,68.1545,7.0386,10.3863,1165,5.2713,80.6009,5.3219,28.3262,720,0.3298,62.5,0.5556,0.2778,720,-1.1314,29.5833,11.3889,0.5556,720,-0.1299,47.2222,13.0556,2.2222,720,-0.1158,48.3333,8.0556,8.75,720,1.3386,58.0556,17.2222,22.5,1.3382565761070664,-1.2089436035058632,8.750480622139811,-0.7079489240514492,-1.0298853654954754,-0.6524100520262865,-2.2543361037212994,67,9,0.22093023255813954,8544.015012712185,0.7939055014326238,1,1,1,1,51.6156,caution,caution,谨慎,观察为主,5日上涨占比50.4%；10日上涨占比61.6%；10日中位涨跌幅1.3%
2025-03-05,3169,-0.304,40.1388,0.6627,1.0098,3168,0.8521,61.8371,3.0619,3.7563,3168,-1.3574,31.8182,13.8573,2.6199,3168,-0.1204,48.0114,10.7639,8.3018,3168,3.4618,70.8018,6.8182,25.1263,1166,-0.5883,33.9623,1.2007,1.1149,1165,0.9056,63.4335,4.1202,3.176,1165,-1.3848,31.2446,12.7039,2.6609,1165,0.0,49.0129,12.1888,7.8112,1165,4.028,76.1373,5.0644,23.5193,720,0.0,47.0833,0.1389,0.4167,720,0.7143,61.9444,1.6667,2.7778,720,-1.2376,34.4444,15.2778,1.9444,720,-0.8357,42.7778,11.25,6.8056,720,1.7227,61.3889,11.5278,21.9444,0.6387492617725865,-1.93379605440539,8.786975617487736,-1.6695479040813366,-1.4487765260560836,-1.1315702341247902,-3.432345975607076,55,5,0.26666666666666666,9087.824134607425,0.8389823212726394,1,1,1,1,36.3294,caution,caution,谨慎,观察为主,5日上涨占比31.8%；10日上涨占比48.0%；10日中位涨跌幅-0.1%
2025-03-06,3169,0.8065,78.0688,0.2524,1.5778,3168,1.4753,72.1591,1.6414,5.7765,3168,-0.408,43.2765,7.0391,3.5669,3168,0.4677,54.2614,7.6073,8.5859,3168,3.1606,70.2967,6.6604,22.8535,1166,0.812,79.6741,0.3431,1.7153,1165,1.3632,71.7597,2.1459,4.8069,1165,-0.4587,43.176,8.412,3.0901,1165,0.2946,52.4464,9.0987,7.6395,1165,3.5827,75.1073,5.1502,21.2017,720,0.7782,74.1667,0.1389,0.4167,720,1.4767,72.0833,0.8333,4.4444,720,-0.3634,43.6111,5.6944,2.3611,720,0.4031,53.1944,6.8056,7.5,720,1.777,60.9722,11.6667,20.1389,2.137059005472919,0.5452855737986262,8.1620485515846,0.3116245625134795,-0.29936121573465035,-0.20554227133137148,-0.9669540782564878,91,1,0.272,11214.514467895893,1.0255356386241308,1,1,1,1,46.2374,caution,caution,谨慎,观察为主,5日上涨占比43.3%；10日上涨占比54.3%；10日中位涨跌幅0.5%
2025-03-07,3170,-0.5653,33.123,1.3565,1.1041,3170,0.2769,53.6278,2.0505,4.0379,3169,1.3193,66.9927,3.6289,7.6996,3169,0.0,49.1007,12.4329,8.8356,3169,1.6,59.6718,10.9814,19.2174,1166,-0.8109,26.9297,1.2864,1.458,1166,-0.306,43.9108,2.4871,3.0017,1165,1.2261,65.6652,4.8069,6.1803,1165,0.0,49.6996,11.8455,8.0687,1165,2.0992,63.9485,10.3004,18.2833,720,-0.3398,39.0278,0.9722,0.5556,720,0.6595,62.3611,1.1111,2.9167,720,1.2341,68.75,2.0833,7.0833,720,-0.4467,45.1389,15.2778,6.8056,720,0.2123,51.3889,16.3889,15.8333,-0.4163231877184481,3.7851683458581364,6.09238147460216,2.626404322771081,1.3872731207709599,1.5552573697476202,1.6086864312385263,48,11,0.4725274725274725,11052.181304171296,1.014673701333785,1,1,1,1,63.4279,attack,attack,攻击,可参与,5日全市场上涨占比67.0%；5日全市场中位涨跌幅1.3%；5日小盘上涨占比65.7%
2025-03-10,3171,0.3971,60.7064,1.293,1.4191,3171,0.8824,65.1845,1.4506,3.7843,3170,1.4721,70.2208,2.9338,8.0442,3170,0.2307,51.4511,11.1987,8.5489,3170,0.8763,54.5426,13.5647,16.877,1168,0.726,71.0616,1.113,1.9692,1168,1.0451,66.7808,1.6267,3.7671,1167,1.7103,71.9794,3.5133,6.5124,1167,0.487,53.4704,10.5398,7.455,1167,0.9929,55.9554,14.0531,14.91,720,-0.095,46.1111,0.6944,0.2778,720,0.4595,58.4722,1.25,2.7778,720,0.8715,65.8333,2.3611,6.9444,720,-0.5889,44.0278,12.9167,6.9444,720,-0.0179,49.7222,15.6944,15.4167,0.20295755938923854,3.94191285072234,4.998358357188848,2.172179828445886,1.0371164131284694,1.4844380125172085,0.15261835422937242,68,9,0.25274725274725274,9213.00048023848,0.8507756034641418,1,1,1,1,66.4931,attack,attack,攻击,可参与,5日全市场上涨占比70.2%；5日全市场中位涨跌幅1.5%；5日小盘上涨占比72.0%
2025-03-11,3171,0.3093,59.2242,0.6623,0.8515,3171,0.3565,54.7777,3.5005,3.4689,3171,1.1494,66.0675,2.5229,7.0325,3170,1.443,62.6183,8.8013,10.8833,3170,1.7726,60.8833,11.3249,18.9905,1168,0.3072,60.4452,0.7705,1.2842,1168,0.4792,57.4486,2.9966,3.6815,1168,1.0381,65.411,2.7397,5.9932,1167,1.6173,64.7815,8.3976,9.3402,1167,1.9835,64.353,10.7969,17.138,721,0.3257,61.3037,0.6935,0.4161,721,0.0408,50.208,3.0513,2.7739,721,1.0981,64.7712,1.9417,6.2413,721,0.6431,56.7268,10.1248,10.4022,721,0.9872,55.4785,12.7601,17.4757,0.4717333189182993,3.0531262470748333,5.8408730649715634,1.8078593038683977,1.446375969159841,1.6731344190991093,0.6370502826314572,49,3,0.2898550724637681,9313.863751042998,0.8627299924774622,1,1,1,1,63.5434,attack,attack,攻击,可参与,5日全市场上涨占比66.1%；5日全市场中位涨跌幅1.1%；5日小盘上涨占比65.4%
2025-03-12,3171,0.1082,51.4349,0.3469,1.3245,3170,1.022,68.9905,1.8612,4.2271,3170,1.6393,72.9022,2.0189,7.7287,3169,0.4747,54.1811,10.4449,8.5831,3169,1.4041,58.7883,12.1174,17.4503,1168,0.1984,55.3082,0.4281,1.3699,1168,1.5555,76.2842,2.0548,4.5377,1168,1.9459,76.9692,2.3973,7.363,1167,0.7564,56.8123,9.3402,8.0548,1167,1.8333,63.4105,10.5398,15.9383,721,-0.1232,44.6602,0.1387,0.6935,721,0.37,56.7268,1.5257,2.4965,721,0.9524,63.8003,1.6644,5.1318,721,-0.2083,47.4341,12.8988,6.1026,721,0.1408,50.4854,15.534,15.534,0.2325155411908364,2.6371467640226465,4.492835172749832,1.5089493453832592,0.6319142567209335,0.8964367040479759,0.04133562555677095,76,1,0.3559322033898305,10456.397539918516,0.967733020982043,1,1,1,1,68.2808,attack,attack,攻击,可参与,5日全市场上涨占比72.9%；5日全市场中位涨跌幅1.6%；5日小盘上涨占比77.0%
2025-03-13,3172,-0.6643,31.9672,4.6028,0.599,3171,0.0,49.2904,5.4557,2.9959,3171,0.0,49.9527,10.0599,5.2034,3170,-0.137,48.265,14.795,8.2334,3170,1.6239,59.2429,13.6593,17.2871,1168,-0.7714,28.4247,3.0822,0.9418,1168,0.0,47.089,4.1952,3.8527,1168,0.2481,51.7979,8.0479,5.4795,1167,0.0,49.5287,14.8243,7.7978,1167,2.2117,63.2391,13.539,16.8809,721,-0.3953,38.5576,2.7739,0.0,721,0.1757,53.2594,5.9639,1.9417,721,-0.066,47.5728,11.0957,3.8835,721,-0.4926,43.9667,15.6727,6.6574,721,0.1223,50.4854,14.2857,15.2566,-1.5245544294498425,-1.042394816405534,4.094233094816246,-0.8896894185883464,-1.1287898356137416,-0.6616134171550048,-3.0735954757015294,35,15,0.33962264150943394,10105.9826504082,0.941004941214066,1,1,1,1,49.723,caution,caution,谨慎,观察为主,5日上涨占比50.0%；10日上涨占比48.3%；10日中位涨跌幅-0.1%
2025-03-14,3172,1.2995,82.7869,1.0088,1.3241,3172,0.9786,65.9206,2.7112,2.6797,3171,2.0542,73.163,4.0681,6.2126,3170,3.8487,83.1861,3.7539,15.3943,3170,3.3809,70.7571,7.5079,21.1672,1168,1.3936,84.161,1.5411,1.7979,1168,1.0885,67.3801,2.6541,3.339,1168,2.5434,77.5685,3.4247,7.7055,1167,4.2316,84.7472,4.3702,14.7386,1167,4.4905,76.6924,6.5124,21.2511,721,1.2538,82.2469,0.4161,0.6935,721,1.0499,66.0194,1.9417,1.5257,721,1.7143,69.9029,3.0513,4.0222,721,3.1532,80.4438,2.6352,13.5922,721,1.5772,60.3329,8.3218,18.1692,1.613146825450995,0.9743161418948043,5.158341127453436,1.433479042705077,1.5857548995195092,1.3940744703897057,0.9708218816004033,70,6,0.2553191489361702,11465.250931548615,1.0625191551823017,1,1,1,1,70.9399,attack,attack,攻击,可参与,5日全市场上涨占比73.2%；5日全市场中位涨跌幅2.1%；5日小盘上涨占比77.6%
2025-03-17,3169,0.2959,58.7251,0.852,0.9467,3169,1.2121,67.687,2.8716,2.1773,3168,2.023,73.7374,3.125,5.0189,3167,3.8922,84.8121,3.3154,15.7247,3167,3.125,69.0559,8.6833,19.198,1166,0.6002,68.2676,1.2007,1.6295,1166,1.5164,72.2127,3.0875,3.259,1166,2.4096,77.53,3.259,6.2607,1165,4.4864,87.4678,3.9485,15.8798,1165,3.5538,71.1588,8.412,18.0258,720,-0.0639,46.3889,0.5556,0.2778,720,1.108,68.4722,1.1111,0.5556,720,1.7007,71.6667,3.0556,2.9167,720,2.801,81.9444,2.3611,11.5278,720,1.776,61.3889,9.0278,16.3889,0.27993185445631674,1.0518829821778874,4.903231293063892,1.5697452470842421,1.730446163000643,1.7814199728295899,0.6931978154597784,58,2,0.3176470588235294,9841.125281651997,0.9200456354541922,1,1,1,1,71.1428,attack,attack,攻击,可参与,5日全市场上涨占比73.7%；5日全市场中位涨跌幅2.0%；5日小盘上涨占比77.5%
2025-03-18,3173,0.0775,51.2134,0.5043,0.977,3173,2.1632,80.2395,1.7964,4.7274,3173,1.7953,73.243,3.4352,5.2316,3172,3.3027,82.3455,3.0895,13.966,3171,5.5071,81.52,4.5727,27.4361,1168,0.1722,53.5959,0.6849,1.1986,1168,2.5787,84.5034,2.5685,5.7363,1168,2.1513,77.4829,3.339,5.9932,1168,3.7071,83.8185,3.6815,14.2979,1167,6.2999,85.347,4.6272,28.1063,720,0.0,49.0278,0.0,0.4167,720,1.6321,75.6944,0.9722,2.7778,720,1.3759,68.8889,3.3333,3.8889,720,2.5453,80.1389,2.6389,11.6667,720,3.3124,74.0278,5.2778,22.2222,0.3393364858426562,0.9187216556911348,7.648611932848137,1.4611741436381998,1.6823193757512067,1.4773205645588483,1.1167723563860532,59,1,0.2804878048780488,9337.458470833502,0.8802160569618658,1,1,1,1,70.0628,attack,attack,攻击,可参与,5日全市场上涨占比73.2%；5日全市场中位涨跌幅1.8%；5日小盘上涨占比77.5%
2025-03-19,3169,-0.5181,30.9561,1.1991,0.8204,3169,0.1843,51.846,2.8085,2.6822,3169,1.1962,64.1527,5.0489,4.0076,3168,3.2335,78.2828,3.9773,12.1212,3167,3.7356,74.4237,8.1149,20.9978,1167,-0.6144,26.7352,1.114,0.8569,1167,0.4896,58.0977,3.599,3.0848,1167,1.4463,67.8663,5.0557,4.5416,1167,3.7815,81.5767,4.1131,13.0249,1166,4.3107,78.0446,7.8902,21.6981,719,-0.3509,36.7177,1.669,0.1391,719,-0.2286,43.8108,2.9207,0.9736,719,1.0879,62.726,4.1725,2.0862,719,2.4965,73.4353,3.8943,9.0403,719,2.0971,65.2295,8.6231,16.6898,-0.7146117161045851,-0.03488977005657867,4.391292462831919,1.0088640892350398,2.1118311971168646,1.6164542285731054,1.4183067902517443,45,3,0.3382352941176471,9090.636855973402,0.862373523261098,1,1,1,1,63.298,attack,attack,攻击,可参与,5日全市场上涨占比64.2%；5日全市场中位涨跌幅1.2%；5日小盘上涨占比67.9%
2025-03-20,3169,-0.211,40.5806,1.0413,1.1044,3169,-0.4425,41.1171,3.9129,3.0293,3169,1.6097,71.2212,3.5658,5.7116,3168,2.2658,68.8447,8.2386,10.1957,3167,3.2258,71.5188,9.5358,18.377,1167,0.0,47.0437,0.6855,1.2853,1167,-0.3148,43.4447,3.9417,4.0274,1167,2.1858,77.5493,3.7704,7.3693,1167,2.9254,75.7498,6.9409,11.6538,1166,3.715,74.0995,9.5197,19.554,719,-0.5003,28.6509,1.1127,0.2782,719,-0.6424,36.5786,4.8679,0.8345,719,0.885,64.9513,2.7816,2.6426,719,1.1407,60.3616,9.4576,6.3978,719,1.7301,64.9513,10.7093,12.7955,-0.45111589425265164,1.0547869597550052,3.16758725427857,1.093080759370224,1.6211482661236065,1.4951997459752953,1.5710222470995738,59,0,0.3655913978494624,9151.958596105802,0.8741261660886037,1,1,1,1,68.3815,attack,attack,攻击,可参与,5日全市场上涨占比71.2%；5日全市场中位涨跌幅1.6%；5日小盘上涨占比77.5%
2025-03-21,3170,-1.2135,20.9148,6.1199,0.7886,3169,-1.7647,24.361,13.8214,1.9565,3169,-1.1529,37.4882,14.0423,3.8498,3168,1.4502,61.9949,12.3106,8.2386,3167,2.2773,63.7512,15.9773,15.6615,1167,-1.3158,19.3659,5.6555,1.4567,1167,-1.776,23.7361,11.3111,2.8278,1167,-0.7018,40.5313,12.168,5.4841,1167,2.2857,69.3231,10.0257,9.7686,1166,3.2931,69.6398,14.1509,17.6672,720,-1.0616,22.9167,4.0278,0.2778,719,-1.8038,22.5313,15.299,0.4172,719,-1.7512,29.6245,15.9944,0.9736,719,0.308,52.573,13.3519,3.6161,719,0.3021,52.1558,19.1933,9.3185,-1.9808747350293032,-2.519485607031935,-0.6763119659641714,-2.099198376178524,-2.292769249964688,-1.600523880020177,-3.3429090180909005,44,22,0.35294117647058826,9929.665499864814,0.9622105379125432,1,1,1,1,41.6283,caution,caution,谨慎,观察为主,5日上涨占比37.5%；10日上涨占比62.0%；10日中位涨跌幅1.5%
2025-03-24,3171,-1.2749,28.3191,8.767,0.8199,3169,-2.6667,21.4894,26.3175,1.9249,3169,-2.7569,25.4654,28.7472,2.7453,3168,-0.4909,45.8333,21.2121,6.3131,3167,0.4608,52.6997,22.3555,12.4408,1167,-2.5352,15.5099,15.6812,0.8569,1167,-3.6378,16.2811,35.5613,2.5707,1167,-3.8095,19.4516,38.6461,3.1705,1167,-1.1742,40.1028,23.3076,6.7695,1166,0.0,49.6569,24.6141,12.3499,720,0.0,48.75,1.9444,0.4167,719,-1.7109,25.8693,12.3783,0.9736,719,-1.7878,32.128,16.4117,1.2517,719,0.1924,51.0431,16.2726,4.3115,719,0.25,51.7385,21.1405,10.0139,-0.7067210294224857,-3.4785950606303184,-1.6039901463848372,-2.2746938384722304,-1.5497195797945396,-1.6374225309996326,-2.824750513130947,42,44,0.391304347826087,9378.891499085104,0.9229118764965512,1,1,1,1,28.0655,defense,defense_active_decline,防守-持续下跌,暂停新开仓,5日全市场上涨占比25.5%；5日小盘上涨占比19.5%
2025-03-25,3170,0.0,48.3912,4.0379,0.7571,3169,-2.448,25.5286,28.2423,1.6725,3168,-2.9868,25.1578,33.428,2.6199,3168,-0.9235,42.8346,25.2525,6.2816,3166,1.4989,57.8016,21.7309,13.8661,1166,-0.1829,42.9674,4.5455,0.7719,1166,-3.8776,14.6655,38.422,2.0583,1166,-4.1795,16.5523,41.5094,2.8302,1166,-1.6969,35.6775,27.4443,6.9468,1165,0.5195,53.6481,23.0043,12.9614,720,0.2031,54.3056,1.6667,0.4167,720,-0.9872,38.6111,14.5833,1.1111,719,-1.7361,34.6314,22.3922,1.5299,719,-0.0824,48.9569,20.306,4.1725,719,1.8154,59.8053,20.1669,12.1001,-0.7794723339684895,-4.554832984148661,-1.937156196159362,-3.0383438819201802,-1.882061257279044,-1.7430669260084963,-3.7316678902805656,38,40,0.4722222222222222,8152.876481153709,0.8152087787634915,1,1,1,1,25.9547,defense,defense_pressure,防守-弱势承压,暂停新开仓,5日全市场上涨占比25.2%；5日小盘上涨占比16.6%
2025-03-26,3171,0.6042,65.216,0.8199,1.293,3171,-0.4762,42.3526,9.6184,2.1129,3169,-1.7557,31.745,23.5721,2.6507,3169,-0.2857,48.0278,23.6668,5.9325,3167,1.182,56.0467,22.4187,12.1566,1167,1.3629,81.8338,1.2853,1.7138,1167,-1.0929,35.7326,12.9392,2.485,1167,-2.2059,27.335,26.7352,2.8278,1167,-0.3715,47.0437,23.7361,6.5981,1166,1.0271,55.6604,22.6415,13.2075,720,-0.1545,40.4167,0.1389,0.4167,720,0.0448,50.2778,4.5833,1.25,719,-1.5046,34.9096,16.4117,1.3908,719,-0.1369,49.235,20.1669,3.4771,719,0.578,53.4075,22.6704,8.0668,0.382578077985829,-3.5000809712380843,-2.904448446545871,-2.506594799005457,-2.264528568379176,-1.6848969675164138,-3.7098216943377893,62,3,0.30337078651685395,7604.6499229577175,0.7753612760929496,1,1,1,1,33.7211,caution,caution,谨慎,观察为主,5日上涨占比31.7%；10日上涨占比48.0%；10日中位涨跌幅-0.3%
2025-03-27,3170,-0.6094,32.2713,2.9022,0.9464,3170,0.1008,50.6625,6.5931,2.5552,3169,-2.0478,28.5895,26.9486,2.3036,3168,-0.0966,48.4848,20.8018,5.9659,3166,0.7123,53.7271,23.5629,10.8023,1167,-0.9313,24.6787,4.1988,1.4567,1167,0.3541,54.9272,7.6264,3.6847,1167,-3.0874,21.5081,35.3042,2.6564,1167,-0.6268,45.1585,23.1362,6.6838,1166,0.2551,50.8576,25.5575,11.0635,721,-0.122,44.9376,1.8031,0.0,721,-0.1684,45.4924,4.9931,0.2774,721,-1.0169,35.0902,15.3953,1.1096,720,0.1281,50.8333,14.3056,3.4722,720,0.6983,53.75,20.9722,7.7778,-0.09694221748487442,-3.1567548612848717,-2.6273222428803034,-1.681400067289529,-1.0711996940471646,-1.0325560241719045,-2.4970999286783035,45,22,0.36619718309859156,7611.79175979349,0.7939325251924758,1,1,1,1,31.189,defense,defense_repair,防守-修复观察,暂停新开仓,5日全市场上涨占比28.6%；5日小盘上涨占比21.5%
2025-03-28,3168,-1.2874,18.1187,4.3245,0.5366,3168,-1.0855,29.6086,8.7437,1.7677,3168,-2.1546,26.0101,25.3788,1.9886,3166,-2.9614,27.1636,36.6709,3.9166,3164,1.2806,57.8382,18.5841,12.421,1167,-1.7771,12.7678,6.341,0.7712,1167,-1.173,27.8492,10.6255,1.8852,1167,-3.6918,17.9092,36.4182,2.0566,1167,-3.8067,22.108,42.8449,3.6847,1166,0.6273,53.6021,22.3842,11.6638,721,-0.6883,25.5201,0.9709,0.1387,721,-0.8515,31.9001,6.2413,0.9709,721,-0.7042,37.5867,11.2344,1.1096,720,-2.2845,29.7222,28.4722,2.7778,720,1.3615,60.6944,14.8611,11.25,-0.9550850074813155,-2.1432709541681527,-0.0334459329397907,-0.9360256755847507,0.012021368915626773,-0.4019191812533185,-1.1183493293992819,30,23,0.4827586206896552,7288.651248087393,0.7766259224888661,1,1,1,1,27.6047,defense,defense_pressure,防守-弱势承压,暂停新开仓,5日全市场上涨占比26.0%；5日小盘上涨占比17.9%
2025-03-31,3169,-1.3937,20.9214,4.5756,0.5049,3169,-3.2129,15.273,25.5286,1.2938,3169,-2.4152,21.5525,20.2903,2.3351,3167,-4.9054,18.0297,49.258,3.0944,3165,-0.5593,45.466,24.7393,9.8578,1166,-1.6492,17.2384,5.7461,0.4288,1166,-4.1609,9.0051,36.1063,1.2007,1166,-2.8603,18.9537,24.0137,2.4871,1166,-6.2425,12.5214,58.5763,2.5729,1165,-1.6086,38.7983,28.927,8.927,722,-0.9382,26.1773,2.3546,0.277,722,-1.7108,25.4848,12.1884,0.6925,722,-1.9383,26.7313,13.9889,1.662,721,-3.5391,24.4105,36.061,2.0804,721,-0.0817,49.2372,19.1401,8.3218,-0.6648127519434444,-2.1019689949966835,-0.7494991089665115,-1.8647232155031501,-1.2082548741519483,-1.0172644544260923,-2.2696797312663053,29,35,0.3958333333333333,7991.686439874533,0.8600960305809474,1,1,1,1,24.4799,defense,defense_active_decline,防守-持续下跌,暂停新开仓,5日全市场上涨占比21.6%；5日小盘上涨占比19.0%
2025-04-01,3169,0.9997,72.6412,1.1676,0.852,3169,-1.5491,26.5383,12.7801,1.5147,3169,-1.3889,31.3033,14.3578,3.0609,3167,-4.1188,22.766,43.7638,3.3786,3166,-0.0987,49.2735,25.5212,10.4864,1167,1.3477,77.892,1.371,1.1997,1167,-1.9157,20.4799,16.1097,1.4567,1167,-1.4165,31.2768,16.5381,3.3419,1167,-5.2478,16.2811,52.0137,2.5707,1167,-1.0671,43.7018,28.9632,9.2545,721,0.5638,66.2968,0.9709,0.4161,721,-1.0482,33.2871,8.1831,1.1096,721,-1.1717,31.3454,11.5118,2.3578,720,-2.8168,28.4722,33.4722,3.3333,720,0.5962,53.3333,20.1389,8.8889,0.5273302069003893,-0.8125846440687035,-1.5437188937628465,-0.9097233187224885,-1.134477420069513,-0.6392092431035667,-2.0322178930146317,49,9,0.4235294117647059,7251.527233816104,0.7859033061366454,1,1,1,1,33.5512,caution,caution,谨慎,观察为主,5日上涨占比31.3%；10日上涨占比22.8%；10日中位涨跌幅-4.1%
2025-04-02,3170,0.0,47.7287,1.0726,0.7886,3170,-0.1996,44.9527,5.142,1.6719,3170,-2.027,25.9937,18.5174,2.3975,3168,-3.7101,23.5164,40.3725,2.8093,3167,0.0,49.9526,26.2393,10.42,1166,0.0,48.4563,1.6295,1.458,1166,0.0,47.9417,6.3465,2.0583,1166,-2.6679,21.012,23.5849,2.4871,1166,-4.7858,17.5815,48.3705,2.3156,1166,-0.7282,45.283,28.7307,9.3482,721,0.0,46.1859,0.2774,0.2774,721,-0.2753,44.1054,4.1609,0.8322,721,-1.1458,33.0097,11.6505,1.8031,720,-2.5767,28.8889,29.4444,2.3611,720,0.3171,52.0833,22.0833,8.3333,0.28388123634093265,-0.9101063934996101,-1.8908911939335749,-0.8306650689974049,-0.8922586936845667,-0.5512724458798912,-1.648515053215538,37,11,0.3620689655172414,6298.203228922718,0.6930610575211359,1,1,1,1,28.6399,defense,defense_repair,防守-修复观察,暂停新开仓,5日全市场上涨占比26.0%；5日小盘上涨占比21.0%
2025-04-03,3169,-0.1087,45.0931,3.9445,0.852,3169,1.002,62.9852,5.9325,2.9978,3169,-1.6713,29.0628,17.6396,2.556,3168,-3.7892,24.5896,42.4242,3.2513,3166,-1.2615,43.3039,33.228,9.223,1166,0.1941,51.9726,2.2298,1.2864,1166,1.6661,71.8696,5.2316,4.2024,1166,-1.6667,28.6449,17.0669,2.8302,1166,-4.7819,20.1544,48.9708,3.3448,1166,-1.6057,40.6518,33.7907,8.5763,721,-0.457,37.3093,4.8544,0.2774,721,0.1573,51.8724,5.9639,1.5257,721,-1.7624,28.4327,16.0888,2.0804,721,-2.8886,27.4619,34.5354,2.0804,720,-1.2136,44.0278,31.25,6.6667,-1.1788006069470058,-1.983158961544873,-5.075984192187177,-1.881582650951641,-1.80317589839335,-0.9408287617374222,-3.7151033536928058,47,29,0.29850746268656714,7386.0081842946975,0.8302532774254928,1,1,1,1,31.3589,defense,defense_repair,防守-修复观察,暂停新开仓,5日全市场上涨占比29.1%
2025-04-07,3169,-9.9817,1.988,91.3222,0.3156,3169,-9.814,4.3547,87.7248,1.1044,3169,-9.9451,5.5538,85.8315,1.5147,3169,-12.2107,7.4471,85.0742,2.1773,3166,-10.3578,12.5079,75.458,3.6639,1166,-9.987,1.9726,93.482,0.6003,1166,-9.6948,4.8885,89.1081,1.2864,1166,-9.7279,5.6604,88.1647,1.8868,1166,-13.0974,6.6895,88.5935,2.5729,1166,-10.9164,11.4923,78.3877,4.4597,721,-9.9467,2.0804,85.0208,0.1387,721,-9.806,4.2996,81.5534,0.8322,721,-9.9263,6.2413,79.7503,0.9709,721,-10.6098,9.57,78.9182,1.6644,720,-9.8328,13.4722,72.9167,2.7778,-11.39424499097813,-12.313961756970537,-15.54023351644026,-10.632095360413397,-8.319585513381277,-7.600933462731607,-15.083249334698845,20,2376,0.4444444444444444,9466.094341017197,1.0736445593357276,1,1,1,1,3.1357,defense,defense_active_decline,防守-持续下跌,暂停新开仓,5日全市场上涨占比5.6%；5日全市场中位涨跌幅-9.9%；5日小盘上涨占比5.7%
2025-04-08,3170,-1.3846,41.041,26.1199,1.8927,3170,-10.8845,8.0442,79.7792,2.2397,3170,-9.7972,10.4416,73.2808,3.0599,3170,-11.8825,10.3785,78.8959,3.2177,3167,-12.0275,14.6195,73.6344,5.4626,1167,-3.1908,28.2776,32.4764,2.6564,1167,-12.2414,7.7121,83.976,2.7421,1167,-10.7276,10.0257,79.1774,3.7704,1167,-13.0159,9.0831,84.6615,3.5133,1167,-13.8462,11.2254,81.491,6.084,721,1.0894,60.4716,15.534,0.8322,721,-8.348,10.1248,68.7933,1.1096,721,-7.8067,12.7601,63.3842,1.6644,721,-9.5385,13.5922,68.3773,2.2191,720,-8.8355,20.0,63.3333,4.1667,0.6108714641926527,-11.187878462006717,-15.196408204451096,-9.062457380340906,-6.0851042943472216,-5.701785705399287,-12.520157948474264,106,153,0.20300751879699247,11031.499727765608,1.238421380060749,1,1,1,1,5.7475,defense,defense_active_decline,防守-持续下跌,暂停新开仓,5日全市场上涨占比10.4%；5日全市场中位涨跌幅-9.8%；5日小盘上涨占比10.0%
2025-04-09,3173,1.6492,78.254,0.8824,1.7964,3172,-9.1688,10.2459,75.0,1.6709,3172,-9.362,12.2005,73.3922,2.9004,3172,-10.3779,12.7049,74.9054,3.3733,3170,-11.0468,16.4353,71.2934,5.489,1168,1.9396,82.1062,0.9418,2.3116,1168,-10.4654,8.0479,81.6781,2.0548,1168,-10.4401,10.7021,79.5377,3.339,1168,-11.2345,10.8733,80.137,3.5959,1168,-12.739,12.4144,79.8801,6.1644,721,1.195,70.4577,0.2774,1.5257,721,-6.8441,14.4244,62.552,1.2483,721,-7.0922,14.0083,61.7198,2.0804,721,-8.3888,14.9792,66.5742,2.9126,720,-8.0448,21.5278,60.8333,4.5833,2.211771825951625,-9.699737540657916,-13.727721337164766,-7.68861560404166,-5.167338570538693,-4.826887640737009,-11.585911416924443,95,7,0.3115942028985507,11324.606220735228,1.2571374686695835,1,1,1,1,6.4727,defense,defense_active_decline,防守-持续下跌,暂停新开仓,5日全市场上涨占比12.2%；5日全市场中位涨跌幅-9.4%；5日小盘上涨占比10.7%
2025-04-10,3174,2.134,90.2647,0.0945,1.9219,3172,2.5783,70.2396,5.517,10.4666,3172,-7.2009,16.6141,64.4704,3.7831,3172,-9.1338,15.29,69.8613,4.1929,3170,-9.2113,20.2524,65.1735,6.7192,1169,2.6616,95.6373,0.0855,2.9085,1168,1.915,65.1541,6.0788,13.5274,1168,-8.128,16.6952,69.5205,4.8801,1168,-10.089,13.0993,75.8562,4.7089,1168,-10.525,16.4384,72.4315,7.7055,721,1.4778,81.4147,0.0,1.2483,721,3.2382,79.3343,3.8835,5.2705,721,-5.7072,18.1692,53.9528,2.2191,721,-6.8199,18.3079,59.6394,3.3287,720,-6.693,25.4167,56.1111,5.1389,2.339831414310667,-7.848464550570244,-11.913909309652638,-6.018252148023273,-3.8428391948091223,-3.775639404194453,-9.697566074716402,132,0,0.3160621761658031,10466.944420681575,1.161860952033934,1,1,1,1,10.0163,defense,defense_repair,防守-修复观察,暂停新开仓,5日全市场上涨占比16.6%；5日全市场中位涨跌幅-7.2%；5日小盘上涨占比16.7%
2025-04-11,3173,0.2736,54.8377,1.7649,1.2291,3172,4.6912,89.2497,1.6709,12.2005,3171,-6.5666,14.065,62.8508,1.9237,3171,-8.0524,15.421,67.1082,3.8789,3169,-8.3333,20.1325,63.7425,5.9009,1169,0.3425,56.2019,2.4808,1.882,1168,5.491,93.75,1.6267,13.0137,1168,-7.4863,13.9555,69.1781,2.4829,1168,-8.9365,13.7842,72.6884,4.7089,1168,-9.5259,17.0377,71.1473,7.2774,721,0.0,48.8211,0.8322,0.4161,721,3.0856,80.9986,0.8322,10.8183,721,-5.1181,13.5922,50.9015,1.5257,721,-6.5319,15.9501,57.6976,3.19,720,-6.2188,24.1667,56.3889,3.8889,1.3415360993985326,-5.498231009935573,-9.350197017840634,-4.519474751922603,-2.8741836663927267,-3.1053459272400885,-6.731491477739004,69,11,0.34285714285714286,8605.168463679996,0.9632218454811942,1,1,1,1,10.3292,defense,defense_repair,防守-修复观察,暂停新开仓,5日全市场上涨占比14.1%；5日全市场中位涨跌幅-6.6%；5日小盘上涨占比14.0%
2025-04-14,3172,1.6214,85.4035,0.2522,1.6393,3172,4.5674,90.1955,1.0088,12.7364,3170,4.6719,88.3596,1.6088,17.0662,3170,-5.2809,22.8707,51.8927,5.9937,3168,-8.1566,20.4861,63.8573,6.1869,1168,2.1238,92.7226,0.5993,1.7979,1168,5.5436,94.9486,1.2842,15.5822,1167,4.6798,87.0608,1.9709,20.2228,1167,-5.3592,23.6504,52.6135,7.1979,1167,-8.9416,17.8235,70.437,6.9409,721,0.7722,71.0125,0.1387,0.6935,721,2.6247,80.4438,0.8322,8.4605,721,4.3994,90.43,1.5257,9.9861,721,-4.7712,21.2205,48.1276,3.7448,720,-6.8457,21.6667,57.7778,4.4444,1.3022203520064668,8.043083938635442,-9.627576711711349,6.43279852237737,4.727800760931933,5.368228949121279,6.955853015325708,94,2,0.27692307692307694,8373.808215195882,0.9538276704013401,1,1,1,1,78.42,attack,attack,攻击,可参与,5日全市场上涨占比88.4%；5日全市场中位涨跌幅4.7%；5日小盘上涨占比87.1%
2025-04-15,3170,-0.1109,45.142,1.8297,0.9464,3170,2.1436,76.6562,2.2082,5.3943,3169,6.7308,92.6791,1.4831,25.5286,3168,-3.7428,27.7462,41.2563,6.5341,3166,-8.4232,18.8882,65.856,5.7486,1167,0.3333,57.2408,2.9135,1.1997,1167,3.0769,85.4327,2.9991,6.9409,1166,8.3597,95.1973,1.6295,34.3911,1166,-3.0593,31.2178,36.3636,8.2333,1166,-9.1916,16.3808,70.4117,6.2607,721,-0.4493,33.1484,0.6935,0.1387,721,0.6515,61.5811,1.8031,2.2191,721,3.4916,85.853,1.5257,12.0666,721,-4.2629,24.4105,45.215,2.6352,720,-7.2101,20.1389,60.8333,3.8889,-0.4125198605674396,6.944093807708307,-10.251615224099375,5.174102679337422,3.0261049825529573,3.8820948622293017,4.895207188475559,52,10,0.35,7166.539317678802,0.8289392866397564,1,1,1,1,85.3991,attack,attack,攻击,可参与,5日全市场上涨占比92.7%；5日全市场中位涨跌幅6.7%；5日小盘上涨占比95.2%
2025-04-16,3174,-1.4007,22.0857,2.9616,0.8192,3173,0.234,52.9152,3.9395,2.8364,3173,3.0689,82.9184,2.8049,9.833,3171,-6.1162,21.3813,56.796,4.8565,3169,-9.6774,18.6494,68.6336,4.9858,1170,-1.8064,15.9829,3.6752,1.6239,1169,0.646,60.479,3.5073,4.7049,1169,4.2636,88.6228,2.9085,13.858,1168,-6.326,22.3459,58.3904,6.8493,1168,-10.8682,15.9247,72.9452,5.6507,722,-0.4869,37.3961,1.5235,0.0,722,-0.186,46.1219,5.6787,0.831,722,1.9137,74.2382,3.4626,4.4321,722,-5.3902,22.0222,51.9391,2.3546,721,-7.8108,21.914,61.9972,3.7448,-1.330406146497154,3.2379158733876645,-11.745114279328861,2.152527874515897,2.33335773574348,2.798849093571598,2.623469204852613,41,6,0.32786885245901637,7438.123965497299,0.869908547672789,1,1,1,1,71.6339,attack,attack,攻击,可参与,5日全市场上涨占比82.9%；5日全市场中位涨跌幅3.1%；5日小盘上涨占比88.6%
2025-04-17,3174,0.3564,58.7272,0.6931,1.3548,3172,-0.8876,36.2232,7.6923,2.1753,3172,1.243,64.8802,4.6343,6.4313,3170,-5.4428,23.6909,52.9022,5.8044,3168,-8.5872,20.0758,65.2146,5.7134,1170,0.9119,72.735,0.9402,2.3077,1168,-0.3648,43.4075,8.9041,3.7671,1168,2.2671,76.113,4.5377,9.0753,1167,-5.2174,26.1354,51.1568,8.6547,1167,-9.1312,18.6804,68.0377,7.1123,722,-0.1118,40.7202,0.277,0.4155,722,-1.07,31.856,7.7562,0.4155,722,0.0,49.5845,5.5402,2.9086,722,-5.2118,22.8532,51.5235,3.1856,721,-7.75,21.4979,60.1942,3.3287,0.07224761916513334,0.9504328685411512,-11.045674191388589,0.23350918385764974,0.9934633607408871,1.758984779276851,0.43402684601896446,78,2,0.25,6612.138005193198,0.7846799183817067,1,1,1,1,59.1956,attack,attack,攻击,可参与,5日全市场上涨占比64.9%；5日全市场中位涨跌幅1.2%；5日小盘上涨占比76.1%
2025-04-18,3172,-0.0446,44.2308,3.1841,0.9142,3171,-0.854,32.3557,7.2848,1.7345,3170,0.8172,60.7256,6.2461,4.3533,3168,-5.4279,20.6124,53.4091,3.4091,3167,-8.7558,18.3454,65.3615,4.8942,1170,-0.2038,41.2821,5.2137,1.5385,1169,-0.9116,32.1642,9.0676,2.9085,1168,1.7921,71.9178,6.5925,6.4212,1167,-5.4212,21.7652,53.2991,5.0557,1167,-9.5345,16.8809,69.2374,5.6555,722,0.0918,51.2465,0.831,0.1385,722,-0.4823,39.3352,3.8781,0.554,722,0.1448,51.108,6.9252,0.9695,722,-4.7242,19.8061,47.9224,1.385,722,-7.2292,20.3601,58.4488,3.3241,-0.13489020986653388,-0.5202955292662459,-10.763103042443788,-0.36904721293091747,0.586753819813679,1.1890334549760295,-0.6437184296144149,53,15,0.35365853658536583,6120.733467547709,0.7396674293943443,1,1,1,1,55.3663,attack,attack,攻击,可参与,5日全市场上涨占比60.7%；5日全市场中位涨跌幅0.8%；5日小盘上涨占比71.9%
2025-04-21,3173,1.1026,76.6782,1.04,1.6073,3173,1.7714,73.6527,3.2461,3.7819,3171,0.3929,56.0076,6.4333,4.1312,3169,5.25,87.4408,3.5027,22.0259,3169,-6.6874,23.3197,58.2834,6.6898,1170,1.1402,78.2906,1.9658,2.0513,1170,2.1448,77.5214,5.0427,4.7009,1168,0.8856,62.9281,8.2192,5.5651,1167,5.7423,87.832,3.599,25.4499,1167,-7.5377,21.9366,62.4679,7.9692,722,0.7404,70.4986,0.277,0.6925,722,0.8947,65.097,1.385,1.5235,722,0.1113,51.385,3.6011,2.4931,722,4.682,87.8116,3.1856,14.2659,722,-5.4499,24.9307,52.6316,4.5706,2.0740225268266688,0.23762124683393004,-7.071512772161781,0.27088373084895867,0.6846881184755516,0.8773609843669927,0.5900525150463354,89,11,0.2457627118644068,6771.923919452495,0.8342794232571243,1,1,1,1,59.9869,attack,attack,攻击,可参与,5日全市场上涨占比56.0%；5日全市场中位涨跌幅0.4%；5日小盘上涨占比62.9%
2025-04-22,3167,0.1585,52.3208,1.6735,1.3893,3167,1.4675,71.1399,4.168,3.5996,3166,0.6341,58.6229,6.2539,4.3904,3164,7.6074,90.3603,3.3186,35.0506,3163,-5.0602,28.9598,50.4268,8.5678,1165,0.5042,61.1159,2.1459,2.4893,1165,1.5731,72.3605,6.2661,4.721,1164,0.9871,61.6838,8.0756,5.9278,1162,9.7284,93.1153,3.3563,47.6764,1162,-4.564,31.6695,47.8485,11.4458,721,-0.1311,41.7476,0.8322,0.4161,721,1.0139,66.5742,1.387,1.9417,721,0.404,57.1429,3.3287,2.4965,721,4.1894,84.8821,3.19,17.337,721,-5.3435,25.3814,52.0111,4.577,-0.05585927340375774,0.5966102362102266,-6.462371861434102,0.3868785089032878,0.6039878180431613,0.9821945186930581,-0.10194263425485905,71,13,0.2828282828282828,7180.464665577593,0.8967541474256971,1,1,1,1,62.998,attack,attack,攻击,可参与,5日全市场上涨占比58.6%；5日全市场中位涨跌幅0.6%；5日小盘上涨占比61.7%
2025-04-23,3170,0.1418,51.6719,3.2177,0.7886,3170,1.7877,72.776,3.2808,4.2271,3170,2.3631,73.0599,5.7729,6.7508,3168,6.1093,83.8384,5.2399,27.178,3166,-4.7378,26.8793,48.8313,6.7277,1169,0.2315,52.8657,4.9615,1.1121,1169,2.2535,75.4491,5.5603,4.2772,1169,3.1503,76.7322,7.87,7.7844,1167,7.9787,89.2031,4.97,34.3616,1166,-4.2392,30.6175,46.1407,8.1475,720,0.0,48.8889,1.6667,0.2778,720,0.8561,64.7222,0.9722,3.0556,720,1.0954,64.0278,2.2222,4.7222,720,3.1515,74.4444,6.25,16.3889,720,-5.2309,22.3611,50.9722,4.1667,0.5928584384450764,2.557436163190263,-5.168641939888074,1.4051899990645822,0.37271851053393146,0.6212233141724921,2.205064785215516,57,18,0.39361702127659576,7848.3261953393885,0.9820296233581595,1,1,1,1,73.8955,attack,attack,攻击,可参与,5日全市场上涨占比73.1%；5日全市场中位涨跌幅2.4%；5日小盘上涨占比76.7%
2025-04-24,3169,-0.565,32.7548,2.6822,0.7258,3169,0.0,48.9744,7.1631,1.9565,3169,1.2759,63.8372,8.3307,4.9858,3167,2.8481,71.8345,8.5254,13.1986,3165,-6.0533,23.4123,55.3239,5.8136,1167,-0.6974,29.8201,3.599,1.1997,1167,0.1701,51.2425,9.5973,2.9991,1167,1.4733,62.2965,12.168,6.2554,1165,3.9585,77.8541,9.0129,16.0515,1164,-6.1105,24.1409,55.6701,7.2165,721,-0.3268,38.0028,1.2483,0.2774,721,-0.2147,44.5215,3.8835,0.5548,721,0.8114,61.5811,3.4674,2.9126,721,1.3014,61.4424,7.4896,7.6283,721,-5.7908,23.5784,53.9528,3.8835,-1.0711806785277722,1.385612031747785,-6.542006918269694,0.8794134904009931,0.32170163045277533,0.5166200394032261,1.4187780192588262,46,10,0.4025974025974026,7166.539490581892,0.8991850049338809,1,1,1,1,62.4749,attack,attack,攻击,可参与,5日全市场上涨占比63.8%；5日全市场中位涨跌幅1.3%；5日小盘上涨占比62.3%
2025-04-25,3169,0.2611,56.0745,2.3351,1.1676,3167,0.0,47.9949,7.8308,2.8102,3167,1.5209,67.9192,6.1257,6.473,3165,2.7572,71.5008,8.436,11.5324,3163,-5.107,26.0512,50.7746,6.007,1165,0.111,51.5021,3.2618,1.3734,1165,-0.1931,46.5236,10.9013,2.8326,1165,1.6807,67.4678,9.4421,7.382,1163,3.8182,76.5262,9.8022,14.9613,1162,-5.018,26.5921,50.0861,7.6592,722,0.2916,59.8338,0.831,0.4155,722,0.2145,51.9391,4.1551,1.5235,722,0.9453,63.9889,2.2161,3.4626,722,1.0989,63.2964,7.3407,5.5402,722,-5.2283,25.6233,51.2465,3.1856,0.32133387346993114,1.8487823823326366,-6.150715151206798,1.1951634254890875,0.3835814917496849,0.5593868815084724,1.7354767039688968,61,17,0.35789473684210527,7320.858773055885,0.9202269977632311,1,1,1,1,65.6009,attack,attack,攻击,可参与,5日全市场上涨占比67.9%；5日全市场中位涨跌幅1.5%；5日小盘上涨占比67.5%
2025-04-28,3161,-1.4519,22.0183,7.5293,0.5694,3159,-1.773,27.477,15.258,1.7727,3159,-1.0817,37.6068,16.5875,3.7037,3157,-0.468,45.2962,18.3402,6.4302,3155,-5.2632,25.5151,51.1569,6.3708,1160,-1.984,16.7241,11.5517,1.0345,1160,-2.388,22.3276,21.3793,2.069,1160,-1.4538,34.6552,22.1552,4.2241,1158,-0.4809,45.0777,21.2435,7.8584,1157,-5.0526,26.5341,50.3889,7.6059,721,-0.5765,34.1193,1.6644,0.1387,721,-0.7246,38.2802,7.0735,0.8322,721,-0.4295,43.1345,8.3218,1.9417,721,-0.2039,47.8502,12.8988,3.7448,721,-5.1724,26.2136,50.6241,4.1609,-1.0513591703250613,-1.2697027371430303,-6.2419390301205695,-0.7813262505072083,-0.08617973312023963,-0.09173508896928029,-0.5071804358741994,38,42,0.3333333333333333,7059.892562411691,0.8887014436898923,1,1,1,1,39.5353,caution,caution,谨慎,观察为主,5日上涨占比37.6%；10日上涨占比45.3%；10日中位涨跌幅-0.5%
2025-04-29,3145,0.5388,61.4308,3.3704,0.8903,3145,-0.4824,41.9714,10.5882,1.8442,3143,-0.7418,41.5208,16.2265,3.5317,3142,0.2748,51.6868,15.4042,6.9064,3139,-3.2051,33.036,40.0446,7.5183,1146,1.1346,70.5934,4.4503,1.3962,1146,-0.5741,42.0593,13.7871,2.007,1146,-0.9118,41.274,19.808,4.014,1145,0.6369,53.5371,17.9039,7.9476,1143,-2.1053,38.2327,35.783,8.8364,722,0.0,47.7839,1.385,0.277,722,-0.2185,43.3518,5.1247,1.385,722,-0.3398,45.4294,8.8643,1.9391,722,0.2208,51.662,10.5263,4.5706,722,-3.7057,29.2244,42.2438,4.2936,0.4479214986631286,-0.7720404928146074,-5.191678708457115,-0.34321804186152605,-0.23455634561134753,-0.3970686205963414,0.18201839163072275,53,26,0.345679012345679,6667.797318499197,0.8463970437552555,1,1,1,1,43.793,caution,caution,谨慎,观察为主,5日上涨占比41.5%；10日上涨占比51.7%；10日中位涨跌幅0.3%
2025-04-30,3146,0.2907,54.8633,2.6383,1.2397,3146,-0.3787,44.1831,11.761,2.829,3144,-0.6226,42.3028,13.8995,3.6578,3144,1.9453,62.4682,13.4224,12.2774,3140,-3.8997,29.3312,42.5796,6.1783,1158,0.5329,58.981,3.7133,1.7271,1158,-0.1263,47.4957,14.5941,3.0225,1158,-0.5639,43.1779,17.6166,4.3178,1158,2.9852,66.4076,15.9758,12.6943,1155,-3.0126,33.4199,37.5758,7.5325,722,0.0175,50.0,1.5235,0.4155,722,-0.5039,40.8587,6.2327,1.8006,722,-0.3847,43.3518,7.8947,1.9391,722,0.6052,56.3712,10.3878,9.6953,722,-4.2395,25.7618,43.9058,3.0471,0.7916768105708627,-0.5759197971227259,-4.942370806998497,-0.055436174600853594,-0.4307474665703914,-0.525544091850294,-0.058127529131091205,63,15,0.3076923076923077,7679.95391900771,0.9722345242576236,1,1,1,1,46.1372,caution,caution,谨慎,观察为主,5日上涨占比42.3%；10日上涨占比62.5%；10日中位涨跌幅1.9%
2025-05-06,3164,2.1223,90.0759,0.6321,1.5487,3164,3.072,78.4766,4.2035,9.134,3164,1.9496,67.0038,8.5019,9.5765,3162,3.5714,71.1891,11.0373,18.8488,3158,-1.942,38.3154,30.0507,8.708,1169,2.4691,93.1565,1.1976,2.053,1169,4.0881,82.7203,5.3892,11.1206,1169,2.4927,68.5201,11.2917,10.6929,1169,4.1543,72.8828,14.6279,19.2472,1166,-0.8535,44.0823,26.4151,11.3208,720,1.4916,83.3333,0.0,0.8333,720,1.7745,70.4167,2.6389,5.9722,720,1.4428,66.8056,4.5833,6.9444,720,2.4538,68.4722,7.2222,16.3889,720,-2.726,33.0556,32.9167,4.7222,2.5681041661551163,3.0815841613858863,-2.7771891887810263,2.398449656321544,0.6390781166704773,0.5709358548317223,2.6113231359929046,86,3,0.23893805309734514,8577.531158431599,1.0704188325194968,1,1,1,1,67.5882,attack,attack,攻击,可参与,5日全市场上涨占比67.0%；5日全市场中位涨跌幅1.9%；5日小盘上涨占比68.5%
2025-05-07,3165,0.4964,65.782,0.3791,1.0111,3165,3.0449,85.7188,2.0853,7.4882,3165,2.2695,71.5008,6.4771,10.2686,3163,4.1212,76.2567,7.9355,20.0443,3159,-0.9491,43.4315,23.1086,9.9082,1169,0.7299,70.4021,0.5133,0.941,1169,3.7227,88.5372,3.0796,10.2652,1169,3.1546,75.1925,8.2977,12.4038,1169,5.1805,77.5877,10.5218,21.728,1166,0.1557,50.2573,20.5832,12.0069,720,0.3087,61.9444,0.1389,0.2778,720,2.1224,81.5278,0.5556,3.1944,720,1.6197,70.9722,3.3333,7.2222,720,2.5986,72.6389,4.4444,15.6944,720,-1.9707,37.0833,24.8611,5.8333,0.1404654993056642,2.895739358354632,-1.4792616201456665,2.187786622230914,1.1785945141656873,1.4447415221574111,2.533075545981389,56,0,0.4666666666666667,9254.205408996912,1.1415562374899466,1,1,1,1,71.4762,attack,attack,攻击,可参与,5日全市场上涨占比71.5%；5日全市场中位涨跌幅2.3%；5日小盘上涨占比75.2%
2025-05-08,3166,0.5793,67.53,0.7265,1.1371,3166,3.4783,91.1244,1.0107,6.8541,3166,4.5487,83.8282,3.6008,16.772,3164,3.5139,74.7155,8.2491,17.2566,3160,9.6549,91.2975,4.462,48.1329,1170,0.9438,76.4103,1.1966,1.3675,1170,4.426,93.8462,1.5385,8.8889,1170,6.2649,88.3761,4.2735,22.8205,1170,4.7317,77.3504,9.6581,21.3675,1167,11.699,90.8312,5.9983,58.2691,720,0.1484,55.9722,0.1389,0.6944,720,2.2372,87.6389,0.4167,3.8889,720,2.3873,76.6667,2.0833,8.0556,720,2.1455,72.2222,5.5556,10.9722,720,6.9693,90.6944,2.9167,32.3611,0.7622161688566331,4.781658900477503,12.037507459142628,3.1350705324554973,1.884840957528544,1.9334878900766572,4.9106862924354955,55,5,0.27631578947368424,8148.450158071185,1.0133911079222275,1,1,1,1,82.8021,attack,attack,攻击,可参与,5日全市场上涨占比83.8%；5日全市场中位涨跌幅4.5%；5日小盘上涨占比88.4%
2025-05-09,3166,-0.8421,26.4687,1.8951,0.6001,3166,0.5113,57.6753,2.3689,3.0954,3166,2.961,81.5224,2.2742,9.7915,3164,2.4126,66.9406,11.7257,14.3489,3161,10.5263,86.9978,5.6311,51.9772,1170,-0.8328,26.1538,2.8205,0.7692,1170,1.0374,67.9487,2.3932,4.8718,1170,4.1649,85.8974,3.0769,14.0171,1170,3.3799,70.3419,13.5897,17.0085,1167,14.0252,89.2031,6.084,66.0668,720,-0.616,31.8056,0.5556,0.4167,720,0.0,46.6667,1.6667,0.9722,720,1.81,75.6944,0.8333,4.4444,720,1.5965,66.8056,8.1944,10.1389,720,5.8153,82.6389,5.1389,32.3611,-1.234081598259884,3.0270872563675777,9.983018322053105,2.0841884993711757,1.8828730022889317,1.6839036457373169,4.1318795557795385,32,6,0.43859649122807015,7545.691158428988,0.9592201995820614,1,1,1,1,77.0654,attack,attack,攻击,可参与,5日全市场上涨占比81.5%；5日全市场中位涨跌幅3.0%；5日小盘上涨占比85.9%
2025-05-12,3166,0.7212,70.4359,0.4738,0.7581,3166,0.7182,62.5711,2.1478,3.0954,3166,3.5285,88.7555,1.674,9.5704,3164,3.1081,73.3249,7.933,14.7914,3162,9.9136,84.9146,6.5781,49.5572,1170,0.4666,63.6752,0.7692,1.0256,1170,0.7916,64.1026,2.8205,4.4444,1170,4.1588,91.1111,2.0513,12.2222,1170,3.8637,73.3333,9.4872,17.9487,1168,12.8972,87.8425,6.6781,62.1575,720,0.9778,76.8056,0.2778,0.0,720,0.7784,66.25,0.9722,1.25,720,2.6923,87.2222,0.8333,6.5278,720,2.6615,75.9722,4.8611,10.2778,720,6.0157,80.0,6.8056,32.9167,1.4037775914782724,3.6527635280577453,9.113591610171845,2.8738357969900763,3.1835792488165815,2.7512118365197624,5.989857956463163,41,1,0.3880597014925373,8291.396630676782,1.074735631431038,1,1,1,1,82.4461,attack,attack,攻击,可参与,5日全市场上涨占比88.8%；5日全市场中位涨跌幅3.5%；5日小盘上涨占比91.1%
2025-05-13,3165,-0.1821,40.4739,1.0111,0.7267,3165,-0.1323,45.4028,2.0221,2.4645,3165,1.1717,69.5419,2.3065,4.8025,3165,3.5156,74.9447,7.4566,16.9352,3161,7.2264,80.3227,8.6049,37.4565,1170,-0.2194,39.4017,0.9402,1.1966,1170,-0.4493,38.8889,2.8205,4.188,1170,1.4572,74.6154,2.4786,6.9231,1170,4.4059,76.5812,8.6325,20.0855,1168,9.395,82.8767,9.3322,47.089,719,-0.0425,45.0626,0.5563,0.1391,719,0.3892,59.249,0.8345,0.8345,719,1.0169,67.5939,1.669,2.3644,719,2.9825,76.6342,3.7552,12.3783,719,4.485,77.3296,7.5104,24.6175,-0.26673538862981294,0.7879454990913359,6.334499034874641,0.720071365884678,2.3031357088213023,1.7718693886684012,3.8185334622896416,44,1,0.38028169014084506,8163.203757924601,1.0741570164563259,1,1,1,1,67.2896,attack,attack,攻击,可参与,5日全市场上涨占比69.5%；5日全市场中位涨跌幅1.2%；5日小盘上涨占比74.6%
2025-05-14,3165,0.0,47.4566,0.4423,1.2006,3165,0.7109,64.3918,1.5798,3.4123,3165,0.7503,62.5908,2.7172,4.6761,3165,3.5139,75.6714,6.6351,15.8926,3161,6.7961,81.5248,7.4344,34.1664,1170,-0.2077,40.4274,0.9402,1.9658,1170,0.1975,52.9915,2.906,5.7265,1170,0.5664,58.9744,3.3333,7.3504,1170,4.2847,77.4359,8.2051,20.1709,1168,8.8332,83.476,8.2192,43.5788,719,0.2906,60.0834,0.1391,0.4172,719,1.2776,78.5814,0.5563,1.1127,719,1.1852,70.5146,2.3644,2.5035,719,3.4106,79.2768,2.9207,10.7093,719,4.8649,79.9722,6.5369,23.2267,0.15216851060781966,0.7997241787630838,5.086532884072148,0.8491396200793977,2.9121780382067364,1.8333574607877878,4.339176863627037,56,0,0.3,8557.232879410994,1.1263606601571436,1,1,1,1,60.6424,attack,attack,攻击,可参与,5日全市场上涨占比62.6%；5日全市场中位涨跌幅0.8%；5日小盘上涨占比59.0%
2025-05-15,3164,-0.813,27.5601,2.1176,0.6953,3164,-0.6993,36.4096,6.2895,2.2756,3164,-0.6574,38.9697,7.3641,3.5398,3164,3.8924,79.2351,4.804,16.9406,3160,3.9939,71.5506,11.0127,22.5,1169,-0.3328,40.8896,2.1386,1.0265,1169,-0.4032,41.0607,5.1326,3.5073,1169,-0.6494,39.692,6.5013,5.5603,1169,5.6175,84.4311,4.7049,25.3208,1167,5.9314,76.6924,11.1397,30.5913,719,-1.2658,16.2726,1.3908,0.0,719,-0.6057,36.8567,6.3978,0.6954,719,-0.1048,47.0097,7.0932,1.1127,719,2.583,74.548,4.1725,8.484,719,2.6367,69.4019,9.8748,13.7691,-1.6773993288097588,-1.6407994482173893,1.9956045659948352,-1.0133524412391015,1.40940466007351,0.8599533448102603,0.6797352861496853,43,4,0.3384615384615385,7594.055746684796,1.0047369176603362,1,1,1,1,45.1396,caution,caution,谨慎,观察为主,5日上涨占比39.0%；10日上涨占比79.2%；10日中位涨跌幅3.9%
2025-05-16,3163,0.1389,52.4502,0.9169,0.9801,3163,-0.4596,38.3181,3.0351,2.2763,3163,0.2469,53.5567,2.8454,4.3313,3163,3.4752,79.4183,3.699,15.2071,3160,4.2475,72.4051,10.5696,23.7975,1168,0.3283,59.161,1.4555,1.4555,1168,0.0,49.3151,2.8253,3.0822,1168,0.4219,56.5925,3.339,6.3356,1168,4.8344,85.5308,3.5103,20.4623,1167,5.8932,76.8638,10.6255,29.9057,719,-0.1949,38.943,0.2782,0.2782,719,-0.8037,27.3992,2.5035,0.6954,719,0.277,54.242,1.2517,1.8081,719,2.3711,73.1572,3.7552,8.3449,719,2.8513,69.8192,8.6231,15.7163,0.18294097226470019,-0.22961217373977938,2.6054642346504897,-0.10265090626117024,1.1161480008380353,0.7619092872831246,1.3758103510093322,53,7,0.39080459770114945,7113.840688543296,0.9415299575355224,1,1,1,1,55.767,caution,caution,谨慎,观察为主,5日上涨占比53.6%；10日上涨占比79.4%；10日中位涨跌幅3.5%
2025-05-19,3159,0.7112,68.8192,0.6648,1.2979,3159,0.3247,54.2893,3.6087,2.9756,3159,0.4535,55.7455,5.6664,4.6217,3159,4.0189,85.1535,2.6907,16.0177,3157,6.383,78.1755,8.7425,33.7029,1167,1.2987,78.7489,0.9426,1.7995,1167,1.5152,74.5501,2.9135,4.6272,1167,1.4308,70.437,3.6847,6.8552,1167,5.6361,92.4593,2.0566,23.6504,1167,9.0909,81.8338,8.6547,45.2442,720,0.1091,51.9444,0.2778,0.4167,720,-1.1648,26.3889,4.8611,0.1389,720,-0.5023,37.6389,8.0556,1.3889,720,2.2683,76.6667,3.1944,7.3611,720,3.4303,72.9167,8.0556,19.8611,0.44858070869271405,-1.1694229550489599,4.455413798800012,-1.2579133072772142,-0.3460717312782968,-0.049316693994749805,-1.5477981281375564,73,1,0.24742268041237114,7147.480760487183,0.947805252262842,1,1,1,1,60.0293,attack,attack,攻击,可参与,5日全市场上涨占比55.7%；5日全市场中位涨跌幅0.5%；5日小盘上涨占比70.4%
2025-05-20,3165,0.5051,66.6351,1.2638,1.4534,3164,1.5946,75.1896,1.4223,4.3932,3164,1.0421,63.6852,4.1403,5.5942,3164,2.6276,76.5171,4.2035,11.4096,3162,6.6334,79.1904,9.0765,34.1872,1169,0.8292,75.278,1.5398,1.882,1169,2.7248,86.3986,2.7374,6.0736,1169,2.5,80.8383,3.3362,8.4688,1169,4.127,88.1095,2.9085,16.6809,1169,8.7814,82.207,8.7254,44.3969,720,0.1723,59.5833,0.4167,0.4167,720,0.2142,53.6111,0.5556,1.25,720,-0.3806,39.3056,5.2778,1.3889,720,0.9143,62.0833,5.6944,5.0,720,3.7175,75.1389,8.8889,21.5278,0.8314503501849035,-0.08117691504897495,5.247869622592871,-0.5932768574772762,0.04907785502825668,0.1661485875592339,-0.6692751630019256,66,10,0.38317757009345793,7644.119742871286,1.0067742601349177,1,1,1,1,65.5044,attack,attack,攻击,可参与,5日全市场上涨占比63.7%；5日全市场中位涨跌幅1.0%；5日小盘上涨占比80.8%
2025-05-21,3162,-0.3942,34.7249,1.4864,0.6958,3161,1.0661,69.7564,2.7839,4.1759,3161,0.659,57.64,5.7893,5.2831,3161,1.6698,67.9532,5.6944,9.2059,3159,6.1538,79.7088,8.0089,32.257,1168,-0.6512,29.5377,1.9692,1.2842,1168,1.6985,75.8562,3.1678,6.9349,1168,2.0297,73.887,5.7363,8.476,1168,2.6549,77.6541,4.3664,14.2123,1168,8.033,83.7329,7.6199,41.0959,719,0.0,49.3741,0.2782,0.1391,719,0.4785,61.8915,1.1127,0.8345,719,-0.7978,37.8303,6.3978,1.5299,719,0.6964,58.4145,6.9541,3.7552,719,3.4997,75.3825,7.0932,20.8623,-0.2251165413383327,-0.4575829272064569,5.152780064375562,-0.7103941010626946,-0.6804125206798406,-0.4810443496479855,-0.8521790232169035,45,5,0.375,7747.58694011601,1.0095854941214504,1,1,1,1,60.3117,attack,attack,攻击,可参与,5日全市场上涨占比57.6%；5日全市场中位涨跌幅0.7%；5日小盘上涨占比73.9%
2025-05-22,3162,-1.2739,17.1727,2.4984,0.7274,3162,-1.0219,30.3289,5.4712,2.1505,3161,0.0,49.7627,4.6188,4.4606,3161,-0.2639,46.9472,11.8317,6.7067,3159,3.5957,68.4077,12.5356,22.2539,1169,-1.6166,15.4833,3.3362,1.3687,1169,-1.2048,27.1172,5.988,3.3362,1169,0.665,58.1694,5.9025,6.5013,1169,0.2735,52.5235,8.8965,10.2652,1169,5.3942,74.2515,11.7194,29.5124,719,-0.8008,22.6704,0.8345,0.0,719,-0.4545,41.0292,2.3644,0.5563,719,-0.3529,42.6982,3.7552,1.2517,719,-0.2933,46.7316,13.0737,3.0598,719,2.3117,63.9777,12.3783,13.3519,-1.0775579043990735,0.1497002898629196,1.9061416373186146,-0.2102585542104629,0.17060558366208678,-0.018720302705121927,0.11348605139065437,33,15,0.46774193548387094,7251.275949410207,0.9419694044375122,1,1,1,1,51.7574,caution,caution,谨慎,观察为主,5日上涨占比49.8%；10日上涨占比46.9%；10日中位涨跌幅-0.3%
2025-05-23,3163,-1.1601,18.9377,2.6241,0.7272,3163,-2.6332,15.6813,16.693,1.5492,3162,-1.16,32.2897,9.0765,3.1626,3162,-0.6329,41.8722,11.9861,5.914,3160,2.2052,61.1076,16.0443,18.7658,1169,-1.3966,18.4773,3.7639,1.1121,1169,-3.3156,12.917,23.2678,2.3097,1169,-1.037,34.0462,8.982,4.3627,1169,-0.2778,45.6801,9.8375,8.2977,1169,3.2051,65.8683,15.9966,24.2087,719,-0.9485,16.968,0.6954,0.0,719,-1.5524,24.2003,5.9805,0.5563,719,-1.1715,34.0751,6.9541,1.5299,719,-0.6104,43.2545,13.63,3.0598,719,1.455,58.4145,14.6036,13.0737,-1.2599175902565984,-1.2926795324381235,0.6784464819572511,-1.0987956277572208,-0.17513886426869796,-0.5669017368837848,-0.8799500962320628,34,12,0.46875,7564.1516311018895,0.980170486958603,1,1,1,1,37.4176,caution,caution,谨慎,观察为主,5日上涨占比32.3%；10日上涨占比41.9%；10日中位涨跌幅-0.6%
2025-05-26,3163,0.5618,66.0133,0.7272,0.8852,3163,-1.7709,18.1789,6.6393,1.644,3163,-1.497,27.4107,8.884,2.877,3162,-0.7847,40.3858,14.8324,5.9456,3160,2.439,63.481,13.1013,18.2595,1168,0.9247,75.8562,1.113,1.5411,1168,-1.8579,18.8356,7.6199,2.3116,1168,-1.4597,27.3973,9.589,3.7671,1168,0.1605,50.6849,9.7603,7.9623,1168,4.0727,71.8322,12.5,25.5137,719,0.1393,52.7121,0.1391,0.1391,719,-1.5563,17.1071,3.6161,0.4172,719,-1.2111,30.459,3.7552,1.1127,719,-1.6216,34.4924,18.7761,3.0598,719,1.2469,58.1363,11.9611,10.8484,0.6529719674950085,-1.09183136374299,0.7386111577726728,-0.8973228528084465,-0.43946250866585546,-0.6159937443559249,-1.3527151634177836,53,5,0.32051282051282054,6655.725803236199,0.8691717608179013,1,1,1,1,33.7124,defense,defense_repair,防守-修复观察,暂停新开仓,5日全市场上涨占比27.4%
2025-05-27,3162,0.1879,53.7634,0.6958,1.0753,3162,-0.3704,41.1132,3.5737,2.6882,3162,-1.8104,23.6243,13.1879,3.1626,3161,-0.4464,44.796,15.9127,7.7191,3161,3.1785,67.3521,11.895,21.5438,1167,0.7235,69.9229,0.6855,2.0566,1167,0.409,55.7841,3.3419,4.2845,1167,-1.6533,26.3925,10.9683,4.5416,1167,1.0846,60.1542,9.94,11.9966,1167,5.7663,77.2065,10.3685,30.6769,719,-0.4264,32.5452,0.5563,0.0,719,-1.2903,22.2531,3.8943,0.4172,719,-1.813,23.6439,12.3783,0.6954,719,-1.9709,29.0682,22.3922,2.2253,719,1.2317,56.7455,12.7955,10.2921,-0.33715244931314947,-2.2381439711698814,1.486067610491415,-1.656786490231088,-1.5077226611816985,-1.1770820576261776,-2.7735780076991623,56,3,0.2631578947368421,6623.462678998412,0.868036593892344,1,1,1,1,31.3869,defense,defense_repair,防守-修复观察,暂停新开仓,5日全市场上涨占比23.6%
2025-05-28,3160,-0.4262,35.0316,1.3924,0.9177,3160,0.3003,54.7468,3.038,4.4304,3160,-1.9066,24.3671,13.038,3.6392,3159,-1.1013,40.8674,19.7214,8.0089,3159,2.6427,63.3428,13.6752,19.9747,1166,-0.5417,34.048,2.4871,1.458,1166,1.1935,69.0395,2.916,7.2899,1166,-1.5981,29.0738,11.4923,5.4889,1166,0.6999,54.9743,12.3499,12.8645,1166,5.1174,74.7856,11.8353,29.2453,719,-0.2151,39.2211,0.2782,0.1391,719,-0.5729,36.0223,3.4771,0.8345,719,-2.1059,19.7497,11.822,0.5563,719,-2.9976,27.3992,29.2072,2.3644,719,0.4325,53.2684,14.3255,10.153,-0.39950670220831874,-2.409015689670857,0.7568580538089398,-2.095976456786275,-2.046381752417481,-1.4063664919339303,-3.873699398176611,52,7,0.3246753246753247,6674.905470323093,0.8784968888727959,1,1,1,1,31.4945,defense,defense_repair,防守-修复观察,暂停新开仓,5日全市场上涨占比24.4%
2025-05-29,3162,0.9554,77.9254,1.2966,1.6762,3162,0.9483,67.8684,2.2454,3.1942,3162,0.3831,54.7438,4.5541,4.6806,3161,0.6239,56.0582,8.0671,9.3958,3161,5.1075,76.3999,7.4976,28.7567,1167,1.0444,77.9777,2.7421,2.3136,1167,1.5909,76.6924,3.2562,4.8843,1167,1.2,67.8663,4.8843,6.4267,1167,2.0286,69.9229,6.4267,13.7961,1167,8.5155,84.9186,6.1697,43.5304,719,0.7966,76.0779,0.2782,0.5563,719,0.2247,56.7455,0.9736,0.6954,719,-0.5333,38.5257,3.4771,1.3908,719,-0.8028,40.612,9.0403,3.8943,719,1.8103,65.3686,8.3449,13.0737,1.7565858161503245,0.386981553280874,3.6161162715363293,0.2915936246296935,-1.4094839395461078,-0.49532740555742194,-1.6140915556113966,85,12,0.15841584158415842,7591.880238263801,0.9956959388707138,1,1,1,1,57.1347,caution,caution,谨慎,观察为主,5日上涨占比54.7%；10日上涨占比56.1%；10日中位涨跌幅0.6%
2025-05-30,3163,-1.1274,22.6684,4.3629,0.7588,3162,-0.3353,41.8406,5.5661,2.1822,3162,0.4781,56.5781,6.4516,4.7755,3161,-0.4484,44.6061,14.8054,7.4027,3161,3.3126,70.7687,8.8263,20.7529,1168,-1.3689,18.6644,5.9075,0.7705,1167,-0.6029,38.389,7.7121,2.9991,1167,1.2245,65.8955,5.9983,7.5407,1167,0.411,52.7849,11.6538,10.7969,1167,5.6011,80.7198,6.4267,29.3916,719,-0.7257,26.0083,1.669,0.1391,719,0.0,47.427,1.8081,0.8345,719,-0.289,44.7844,6.1196,1.2517,719,-1.1488,35.7441,15.9944,2.6426,719,0.9346,59.249,11.4047,11.1266,-1.034841857180968,0.6158113548460964,2.0865855655738397,0.3189202361715271,-1.0829168399006162,-0.02641283821627205,-1.4005150929822352,36,24,0.3684210526315789,7314.342525934103,0.9552460450993429,1,1,1,1,56.671,attack,attack,攻击,可参与,5日全市场上涨占比56.6%；5日全市场中位涨跌幅0.5%；5日小盘上涨占比65.9%
2025-06-03,3157,0.3942,60.3104,1.0453,0.8869,3156,0.2963,53.929,4.6261,2.82,3156,0.2729,52.3764,6.5589,4.8162,3156,-0.9173,41.1597,16.6984,7.1293,3155,3.548,72.2662,9.1284,21.6799,1164,0.7105,66.8385,1.5464,0.945,1163,0.4444,55.546,6.5348,3.0954,1163,1.1163,61.3929,6.4488,6.7068,1163,0.0,48.9252,14.4454,9.4583,1163,6.0928,82.9751,5.589,30.5245,719,0.1389,54.1029,0.4172,0.2782,719,0.2273,52.8512,1.9471,1.1127,719,-0.4511,42.6982,5.5633,2.2253,719,-1.3061,35.605,15.5772,4.1725,719,1.229,60.2225,12.9346,12.1001,0.7214148342629123,0.6842289528235179,2.015420907108556,0.44761927893355313,-0.20968332300242976,0.4522685705687479,-0.12757456182587168,60,8,0.3333333333333333,7369.375033981098,0.9643890811233251,1,1,1,1,53.5807,caution,caution,谨慎,观察为主,5日上涨占比52.4%；10日上涨占比41.2%；10日中位涨跌幅-0.9%
2025-06-04,3161,0.7918,75.0712,0.8225,1.2654,3161,0.2496,52.8314,4.8086,2.9737,3160,1.0554,62.8481,4.9367,4.9367,3160,-0.5175,43.7342,15.1899,7.057,3159,2.2873,64.5774,12.8838,18.8351,1167,0.9595,78.6632,1.4567,1.7995,1167,0.5376,57.1551,5.3128,3.2562,1166,1.4174,65.8662,6.518,6.518,1166,0.1106,50.2573,13.5506,9.0909,1166,4.8038,76.5866,8.4906,26.1578,719,0.578,71.6273,0.2782,0.2782,719,0.0,49.5132,2.7816,0.8345,719,0.8919,62.726,1.669,2.7816,719,-0.7013,40.4729,13.2128,3.8943,719,0.3135,52.8512,17.3853,10.9875,0.8753686633333091,1.9091764263917232,0.3318066275169951,1.536768675483824,0.7643387949810565,1.0631316253213896,1.671504297130344,64,8,0.35353535353535354,7482.8892768144015,0.9863084771917005,1,1,1,1,60.2631,attack,attack,攻击,可参与,5日全市场上涨占比62.8%；5日全市场中位涨跌幅1.1%；5日小盘上涨占比65.9%
2025-06-05,3161,-0.2141,42.1069,1.8981,1.2338,3161,1.2442,71.4647,2.2461,4.2075,3160,1.1784,66.3291,5.0633,5.7278,3160,-0.4866,44.019,12.1519,6.8671,3159,1.4975,60.2089,13.0421,16.2393,1166,-0.4972,34.3911,2.6587,1.3722,1166,1.4097,75.4717,2.8302,4.3739,1165,1.2563,66.0086,6.7811,6.2661,1165,0.0,49.5279,11.7597,8.0687,1165,3.4437,72.1888,9.4421,21.8884,720,0.1246,51.8056,0.1389,0.9722,720,1.0628,66.5278,0.8333,3.3333,720,1.2025,66.25,2.5,4.5833,720,-0.6961,40.6944,10.1389,4.1667,720,0.126,50.6944,15.9722,10.0,0.7160161432669288,3.0505564607989255,0.9084569918461627,2.354516603858725,1.0770738176055117,1.3223802557171815,3.1848766711511045,58,8,0.2926829268292683,8176.490316878669,1.085440446351138,1,1,1,1,62.2718,attack,attack,攻击,可参与,5日全市场上涨占比66.3%；5日全市场中位涨跌幅1.2%；5日小盘上涨占比66.0%
2025-06-06,3163,0.0,49.8893,1.8337,0.7588,3162,0.8646,64.9273,3.3207,2.7198,3162,0.3748,54.0797,7.0525,4.2694,3161,0.9217,58.9687,8.5732,8.0671,3160,1.1005,57.2785,15.3797,13.9241,1167,0.3623,59.4687,2.3136,1.114,1167,1.1278,67.5236,4.7129,3.4276,1167,0.5837,57.1551,7.7978,4.4559,1166,2.2192,69.4683,7.4614,10.1201,1166,3.0042,69.554,11.235,19.4683,721,0.0,45.6311,1.387,0.1387,720,0.7895,64.7222,1.6667,1.8056,720,0.3576,55.6944,4.5833,2.6389,720,0.0,48.8889,8.0556,4.5833,720,0.0,49.1667,17.9167,7.3611,-0.2297756731542755,1.0389357370555352,-0.08497457339525782,0.7372091390037694,0.39609974323475683,0.6514866971978561,1.33597297197654,45,9,0.3918918918918919,7366.960618837389,0.9830736453885844,1,1,1,1,54.9416,caution,caution,谨慎,观察为主,5日上涨占比54.1%；10日上涨占比59.0%；10日中位涨跌幅0.9%
2025-06-09,3162,0.5971,72.3909,0.5376,1.012,3161,0.7258,64.3467,3.3217,2.9421,3161,2.2113,78.1398,3.1003,7.2762,3160,2.8019,75.2532,5.8228,12.7532,3159,2.4891,66.6034,10.3514,18.2653,1167,0.8475,79.3488,0.5141,1.371,1167,0.9615,66.2382,3.7704,4.0274,1167,2.9345,83.8046,3.5133,8.9974,1166,4.5231,84.4768,5.06,17.3242,1166,4.8055,77.6158,6.3465,25.9005,721,0.3642,65.0485,0.6935,0.2774,720,0.6231,64.8611,2.2222,1.5278,720,1.5021,72.0833,2.0833,5.0,720,1.4341,65.0,6.9444,6.6667,720,1.1121,57.2222,12.5,9.3056,1.0746102705080585,3.192590639141213,2.2505781203169484,2.3731314446476137,1.1721582571970979,1.5618968890487084,3.4167981269400682,58,7,0.3176470588235294,8119.920397278105,1.0794156680914977,1,1,1,1,74.6853,attack,attack,攻击,可参与,5日全市场上涨占比78.1%；5日全市场中位涨跌幅2.2%；5日小盘上涨占比83.8%
2025-06-10,3165,-0.8621,23.9494,1.3586,0.6951,3165,0.0,48.4992,3.6651,2.9068,3164,0.8749,63.3375,4.5828,5.3729,3163,1.4056,63.3576,8.3149,9.7692,3162,0.8064,55.0601,17.2043,14.7691,1167,-0.9188,24.3359,1.5424,0.9426,1167,0.5236,57.4979,3.5133,4.3702,1167,1.3265,68.8089,5.2271,6.5981,1166,2.7653,72.6415,6.6038,12.4357,1166,3.4823,70.3259,10.8919,21.012,722,-0.7252,24.7922,0.554,0.0,722,-0.2659,42.3823,2.9086,0.6925,721,0.667,59.7781,2.4965,3.3287,721,0.5542,55.2011,7.767,5.8252,721,-0.7634,43.4119,21.914,7.767,-0.9209219214448949,1.5099595442320979,-0.09353444430598712,1.1089620890917473,0.3492330126533494,0.679386271553728,1.7261792264994247,38,8,0.42424242424242425,8871.190293112,1.1747579901523444,1,1,1,1,62.152,attack,attack,攻击,可参与,5日全市场上涨占比63.3%；5日全市场中位涨跌幅0.9%；5日小盘上涨占比68.8%
2025-06-11,3167,0.3839,64.2564,1.1683,0.8525,3167,0.3749,56.2046,2.305,3.0944,3166,0.4736,57.5805,5.2748,4.3272,3165,1.6275,66.7299,7.4566,10.2054,3164,1.6162,59.0392,15.0442,16.2769,1168,0.4239,64.4692,1.3699,1.4555,1168,0.569,60.1884,2.226,4.1952,1168,0.661,60.5308,5.4795,5.4795,1167,2.3443,73.0077,7.455,12.425,1167,4.0089,73.9503,9.8543,23.3933,722,0.3898,67.1745,0.1385,0.277,722,0.2818,54.1551,1.108,1.8006,721,0.4878,59.7781,3.0513,2.6352,721,1.3126,64.6325,4.7157,8.7379,721,-0.1227,48.1276,19.6949,8.8766,0.4028163108902083,1.0344344401888472,0.5771800266031191,0.9398945022846883,0.6690105977318783,0.7734428520276282,1.8239561941169935,46,11,0.3611111111111111,8033.218934476383,1.064706864867991,1,1,1,1,57.5922,attack,attack,攻击,可参与,5日全市场上涨占比57.6%；5日全市场中位涨跌幅0.5%；5日小盘上涨占比60.5%
2025-06-12,3165,-0.3012,37.4724,0.9163,0.7899,3165,-0.523,37.5355,3.3491,2.3065,3165,0.3552,54.7235,5.0869,4.3918,3163,1.7857,66.5824,8.3781,11.0971,3162,0.92,54.8071,16.9197,16.6034,1169,-0.2584,38.58,1.0265,1.4542,1169,-0.5722,36.7836,3.6784,3.8494,1169,0.8729,62.361,4.5338,6.5013,1168,2.4295,72.1747,8.7329,13.1849,1168,3.7193,71.1473,11.5582,24.1438,722,-0.2543,39.0582,0.1385,0.1385,722,-0.2619,42.5208,1.2465,1.2465,722,0.1986,52.4931,4.0166,2.2161,721,1.421,64.3551,5.9639,9.2926,721,-0.9881,40.2219,21.6366,9.0153,0.0922620018433129,0.4087082714848034,0.5170192951244434,0.5193166166013841,0.3776477021335989,0.5484326180221988,0.9049284516612577,50,5,0.2753623188405797,7912.331608162097,1.0531856951381713,1,1,1,1,56.7039,caution,caution,谨慎,观察为主,5日上涨占比54.7%；10日上涨占比66.6%；10日中位涨跌幅1.8%
2025-06-13,3168,-1.826,15.5303,4.6717,0.7891,3167,-1.4691,27.2813,8.3044,2.1156,3167,-1.4461,31.3546,11.4304,3.5049,3166,-0.9061,41.1244,18.2565,6.6961,3164,0.0781,50.0632,18.2364,14.0013,1170,-2.3432,11.5385,7.0085,1.1111,1169,-2.0173,22.2412,11.4628,3.1651,1169,-1.8583,28.8281,11.805,5.3037,1169,-1.0563,40.2053,17.7074,8.1266,1168,1.788,61.1301,13.9555,18.2363,722,-0.889,25.0693,1.662,0.4155,722,-0.3585,41.5512,2.6316,1.108,722,-0.5445,39.3352,7.0637,1.662,721,-0.074,48.5437,12.8988,5.5479,721,-0.7709,43.4119,19.4175,9.154,-1.3922583499940244,-0.7612137644431916,0.8085242092926714,-0.3789969652960967,-0.25301859137728533,-0.24700194918829688,0.21520172765470136,45,19,0.27419354838709675,9285.854245487519,1.2222490806293904,1,1,1,1,35.4873,caution,caution,谨慎,观察为主,5日上涨占比31.4%；10日上涨占比41.1%；10日中位涨跌幅-0.9%
2025-06-16,3171,0.3467,60.6118,0.7884,0.9776,3170,-1.6409,24.1956,7.1293,2.1136,3170,-1.7881,27.224,11.8612,3.1861,3169,0.5754,54.7176,10.2872,9.5614,3167,0.4296,52.6997,17.6192,14.3353,1170,0.5188,66.1538,0.9402,1.1111,1169,-1.9469,20.8725,9.1531,2.3097,1169,-2.1569,24.8931,14.1146,4.4482,1169,1.0178,59.9658,9.1531,11.4628,1168,1.8345,62.7568,12.5856,18.9212,722,0.108,52.4931,0.277,0.6925,722,-0.7974,32.687,3.6011,1.385,722,-0.8337,36.5651,7.0637,2.2161,721,0.6659,55.0624,8.8766,8.7379,721,-0.1332,48.5437,19.8336,9.7087,0.6788674034393205,-1.149768730761369,1.3075474078323879,-0.6518817353627249,-0.2947252321918725,-0.32479534801691523,-0.19251043120598332,46,5,0.3333333333333333,7602.90438177378,0.9975204082610839,1,1,1,1,33.6415,defense,defense_repair,防守-修复观察,暂停新开仓,5日全市场上涨占比27.2%；5日小盘上涨占比24.9%
2025-06-17,3175,-0.0749,43.4961,1.6063,0.7559,3175,-1.3921,26.3307,8.3465,1.9213,3174,-1.0708,34.31,9.9244,3.5602,3173,0.0,48.6291,11.976,7.942,3172,-0.4399,46.3115,21.2799,12.2636,1172,-0.2494,36.3481,1.8771,1.1092,1172,-1.8621,21.9283,11.3481,2.0478,1171,-1.4826,29.1204,12.2118,4.6114,1171,0.0,48.6763,13.2365,9.4791,1170,0.3479,52.6496,16.7521,15.1282,722,0.0,47.5069,1.662,0.0,722,-0.6052,35.8726,4.8476,0.831,722,-0.214,45.9834,4.9861,2.2161,721,0.3717,53.5368,9.8474,7.2122,721,-0.321,46.1859,20.527,8.7379,-0.09746464393424192,-0.3282134246277435,0.7568326534994174,-0.12295779287367914,0.12711018585809253,0.07647682386782151,0.62203810225121,39,11,0.35,7417.304854657285,0.971449733722243,1,1,1,1,38.071,caution,caution,谨慎,观察为主,5日上涨占比34.3%；10日上涨占比48.6%；10日中位涨跌幅0.0%
2025-06-18,3175,-0.7686,26.8661,1.7953,0.5669,3175,-0.3953,40.0315,4.5354,2.1417,3174,-2.3027,23.2829,16.8242,2.867,3173,-1.534,34.9827,19.6029,6.2717,3172,-1.7969,37.4842,28.4994,10.5927,1172,-1.158,19.198,2.901,0.5119,1172,-0.7324,33.7031,5.7167,2.5597,1171,-3.1847,18.5312,23.7404,3.1597,1171,-2.1097,31.4261,24.4236,7.3442,1170,-1.476,39.0598,27.3504,12.3932,722,-0.2056,41.1357,0.277,0.554,722,-0.1061,46.3989,2.7701,1.385,722,-1.031,33.241,7.3407,2.2161,721,-0.2642,45.6311,10.8183,6.1026,721,-0.9777,43.2732,21.914,8.8766,-0.09904146050804252,-0.8264171854377,-0.1729705708897633,-0.812626196575883,-0.5046544658520613,-0.397003111909755,-0.3462298302985056,33,13,0.4,7285.516861650598,0.9564353858084711,1,1,1,1,28.5237,defense,defense_repair,防守-修复观察,暂停新开仓,5日全市场上涨占比23.3%；5日小盘上涨占比18.5%
2025-06-19,3174,-1.7565,12.0038,4.5054,0.5356,3174,-2.454,16.5091,16.6667,1.2917,3174,-3.7377,15.7845,35.2867,2.0479,3173,-3.2067,23.8891,32.3038,4.6328,3171,-3.2012,28.8868,37.1492,8.1993,1172,-2.2002,9.8123,6.314,0.5973,1172,-3.4797,11.4334,25.1706,1.7918,1172,-5.1464,12.2867,52.5597,2.3038,1171,-4.0427,21.1785,38.5995,5.7216,1170,-3.307,30.0855,38.8034,8.9744,722,-1.2077,15.7895,1.5235,0.277,722,-1.4274,24.2382,5.2632,0.554,722,-2.1664,22.5762,13.7119,1.8006,722,-1.8232,31.3019,18.5596,3.7396,721,-2.2472,31.7614,30.6519,7.4896,-1.420636009556242,-2.3254293290613126,-1.3691148609135229,-2.1224421617777933,-1.2617031522949795,-1.1917095400125421,-1.9513064704677174,28,16,0.44,7675.030481952207,1.0080504363646905,1,1,1,1,20.1519,defense,defense_pressure,防守-弱势承压,暂停新开仓,5日全市场上涨占比15.8%；5日全市场中位涨跌幅-3.7%；5日小盘上涨占比12.3%
2025-06-20,3174,-0.4651,30.2773,3.0561,0.4726,3174,-2.9143,13.327,20.2899,1.1027,3174,-2.6109,19.4707,20.2583,2.426,3173,-3.9424,19.6974,39.0797,3.4352,3171,-2.521,30.9051,32.1034,8.6093,1171,-0.5725,25.7899,3.0743,0.5124,1171,-3.9157,9.9061,30.0598,1.0248,1171,-3.53,15.0299,27.6687,2.7327,1170,-5.1502,16.4103,51.6239,4.7009,1169,-2.5532,32.2498,31.651,10.1796,722,-0.3391,36.2881,1.108,0.277,722,-1.7809,20.9141,6.6482,0.6925,722,-1.8033,26.8698,9.0028,1.8006,722,-2.1946,28.5319,20.9141,2.2161,721,-1.8293,33.0097,27.4619,6.9348,-0.8040855892199605,-1.7428227210238179,-1.0964485585482353,-1.7547472799785746,-0.4538579987248048,-0.5063849646253726,-1.6601623564296841,36,17,0.3333333333333333,6570.148226114302,0.8668107437246575,1,1,1,1,23.5305,defense,defense_active_decline,防守-持续下跌,暂停新开仓,5日全市场上涨占比19.5%；5日小盘上涨占比15.0%
2025-06-23,3173,1.0753,78.5692,0.4412,1.1031,3172,-1.2054,24.401,6.7781,1.4502,3172,-2.0264,23.203,15.3846,2.459,3171,-3.6496,21.4443,35.3832,3.942,3169,-0.2681,46.9549,21.0476,11.6125,1171,1.6015,89.7523,0.2562,1.281,1171,-1.2448,24.8506,7.4295,1.5371,1171,-2.4263,18.4458,18.9582,2.8181,1170,-4.3105,18.547,41.7094,4.6154,1169,0.3588,52.5235,16.3388,13.6014,722,0.5123,63.4349,0.277,0.277,722,-1.1005,25.3463,4.4321,0.554,722,-1.4864,29.6399,8.4488,1.108,722,-2.1286,28.5319,21.6066,2.4931,721,-0.1949,47.4341,21.3592,9.4313,1.3106059189297303,-1.1262797968591975,1.4783305779251688,-1.6234572151088922,-0.4102824127171778,-0.2109256705751017,-1.9291625956394776,63,5,0.2222222222222222,6851.363333852391,0.9081821711307836,1,1,1,1,27.0593,defense,defense_repair,防守-修复观察,暂停新开仓,5日全市场上涨占比23.2%；5日小盘上涨占比18.4%
2025-06-24,3175,1.6144,87.0866,1.4803,1.2913,3174,2.2408,83.5539,2.3314,3.1506,3174,-0.2337,44.707,7.4354,2.678,3173,-1.0127,38.8591,16.0101,5.0425,3171,0.7613,55.3769,15.7994,11.5106,1171,1.928,88.9838,1.9641,1.4518,1171,2.9197,87.3612,2.4765,3.4159,1171,-0.2882,43.4671,9.9061,2.6473,1170,-1.4226,35.0427,18.3761,5.2991,1169,1.6548,62.0188,13.9435,13.3447,722,1.1956,81.9945,0.6925,0.831,722,1.425,76.7313,2.3546,1.2465,722,0.0,49.0305,4.2936,1.8006,722,0.0,48.615,10.3878,4.1551,721,0.4098,53.3981,14.4244,10.6796,1.9157508945378598,0.8662032682607457,2.751464345367971,0.25952578444861096,0.8695686773381839,0.9789529441844858,0.6922776839730194,60,20,0.2857142857142857,8602.368011757104,1.1257621027185378,1,1,1,1,46.0393,caution,caution,谨慎,观察为主,5日上涨占比44.7%；10日上涨占比38.9%；10日中位涨跌幅-1.0%
2025-06-25,3176,0.5544,71.568,0.9761,1.102,3176,3.4646,89.5781,1.7317,5.3526,3175,1.1858,68.252,5.4488,3.4646,3174,-0.9506,39.8236,15.0599,5.5451,3172,1.1647,57.9445,14.1866,12.9256,1171,0.3175,62.4253,1.281,0.854,1171,3.9954,90.6917,2.1349,4.6114,1171,1.2295,68.4885,6.661,2.8181,1170,-1.6506,31.8803,18.8034,4.4444,1169,1.1236,58.0838,15.0556,12.3182,722,0.8709,81.7175,0.277,0.9695,722,2.543,84.7645,0.9695,4.1551,722,1.1076,67.1745,3.7396,2.2161,722,0.2468,51.2465,7.7562,5.1247,721,2.029,62.552,10.1248,16.3662,1.3156060391310787,2.2945191156520384,4.455442899768713,2.0307015572955445,2.196026870705703,1.9819649891115176,3.5850768807131006,54,6,0.31645569620253167,9555.562147710609,1.2269631881169762,1,1,1,1,62.6996,attack,attack,攻击,可参与,5日全市场上涨占比68.3%；5日全市场中位涨跌幅1.2%；5日小盘上涨占比68.5%
2025-06-26,3177,-0.5141,28.5489,0.8184,0.9128,3177,1.8467,81.1143,2.6125,3.7771,3176,2.5784,81.1713,3.4635,5.4156,3176,-1.0281,39.1373,17.7582,4.9748,3173,0.9547,56.1614,15.6319,13.2367,1171,-0.4859,30.4014,1.0248,1.4518,1171,1.9062,80.2733,3.2451,3.5867,1171,3.088,83.0914,4.2699,5.6362,1171,-1.7713,30.9991,22.374,4.0991,1169,0.9569,56.1163,17.0231,12.7459,722,-0.5261,27.0083,0.1385,0.277,722,1.6765,81.7175,1.9391,3.0471,722,1.8862,77.8393,2.3546,3.0471,722,0.1488,50.554,10.8033,4.5706,721,1.5829,60.0555,11.9279,14.9792,-0.4520659866822485,3.2995915842605195,4.400321653312589,2.84337652638178,2.678268473045864,2.568186235053349,4.322462264723459,52,9,0.35,9475.815025009795,1.1952304651250991,1,1,1,1,73.0675,attack,attack,攻击,可参与,5日全市场上涨占比81.2%；5日全市场中位涨跌幅2.6%；5日小盘上涨占比83.1%
2025-06-27,3172,0.32,61.8222,1.0088,0.6305,3172,0.5561,62.8941,1.797,2.3644,3172,3.5356,85.2774,2.3014,8.2598,3171,0.996,60.3595,9.6184,7.0956,3169,0.3373,52.0353,17.9236,11.5494,1169,0.4541,66.5526,1.5398,0.4277,1169,0.4914,61.6766,2.6518,1.7964,1169,4.2877,88.195,2.8229,8.2121,1169,0.9934,60.2224,10.6929,5.3037,1168,0.2818,51.7979,18.0651,10.8733,722,0.1961,55.8172,0.6925,0.831,722,0.7404,65.097,0.9695,2.7701,722,2.4966,77.9778,1.662,6.5097,722,0.9732,59.0028,7.4792,7.2022,721,1.1935,55.7559,15.3953,13.7309,0.466505681768159,4.6227464757016445,3.0767239725552065,3.975790108117483,1.9527019953469615,1.9146816296721658,5.6943915533032685,43,6,0.44155844155844154,9621.032155286508,1.1982134625300869,1,1,1,1,79.4981,attack,attack,攻击,可参与,5日全市场上涨占比85.3%；5日全市场中位涨跌幅3.5%；5日小盘上涨占比88.2%
2025-06-30,3174,0.5673,68.2735,0.3466,1.3548,3174,0.6141,62.8544,1.3863,2.552,3174,3.2136,85.7278,2.741,7.8765,3173,1.2048,61.4876,8.4147,8.005,3171,2.2477,63.7654,11.1321,16.2094,1169,0.7491,76.6467,0.2566,1.5398,1169,0.9552,72.3695,1.4542,2.5663,1169,3.47,88.024,3.5073,6.4157,1169,1.2158,60.3935,9.5808,6.5013,1168,2.6635,67.1233,10.9589,15.9247,722,0.2438,58.4488,0.277,0.6925,722,0.0957,50.831,1.108,1.8006,722,2.6463,80.1939,2.2161,7.4792,722,1.4138,62.7424,5.9557,6.9252,721,2.3507,64.2164,11.0957,17.6144,1.2624628256203918,4.573029443608401,5.46947153254238,4.251144801714091,2.0264254536714876,1.8584203320718418,6.709845633022771,64,6,0.2289156626506024,9005.729187245604,1.109893196124783,1,1,1,1,79.2252,attack,attack,攻击,可参与,5日全市场上涨占比85.7%；5日全市场中位涨跌幅3.2%；5日小盘上涨占比88.0%
2025-07-01,3172,0.1152,51.8916,0.599,0.8197,3172,1.2869,73.4868,1.5132,3.7201,3172,1.5556,78.0265,1.7339,5.2963,3171,1.5205,65.4998,6.2126,8.6408,3169,2.1171,64.0896,11.7703,16.1881,1169,0.1449,52.6091,0.5988,0.6843,1169,1.6216,79.1275,1.6253,3.0796,1169,1.6793,79.1275,2.3097,4.0205,1169,1.6064,65.8683,7.7844,6.5868,1168,2.2797,66.524,13.0137,15.411,722,0.0962,51.662,0.277,0.6925,722,0.7962,63.2964,0.9695,4.0166,722,1.3609,74.2382,1.2465,5.4017,722,1.5879,66.3435,4.5706,9.0028,721,2.5626,65.4646,9.57,17.337,0.27668499638295874,2.8912277110662465,5.003776912851654,2.9281558118193773,0.9919943836557588,1.0869955440123258,4.059037622837192,56,5,0.3488372093023256,9005.070041635683,1.098737348870229,1,1,1,1,71.2835,attack,attack,攻击,可参与,5日全市场上涨占比78.0%；5日全市场中位涨跌幅1.6%；5日小盘上涨占比79.1%
2025-07-02,3173,-0.0971,44.7526,1.9225,0.977,3172,0.8912,67.5599,2.2699,3.1841,3172,0.9699,64.9117,2.9319,4.4451,3171,2.3304,75.812,5.2665,8.8931,3169,1.3129,59.8296,14.2001,12.3383,1170,0.0,47.1795,1.6239,1.2821,1169,1.1321,72.1985,2.3952,3.1651,1169,1.404,72.7973,2.9085,4.1916,1169,2.8232,76.7322,6.929,8.7254,1168,1.3524,59.7603,15.5822,11.9007,722,-0.1659,44.5983,2.2161,0.277,722,0.7437,63.7119,1.385,1.662,722,0.4669,56.2327,3.0471,3.8781,722,1.8868,73.4072,4.0166,7.8947,721,1.9641,65.742,10.1248,13.3148,-1.0085745356369191,0.5309023662449563,3.0427317736624104,0.5185044897419999,-0.4136622766558795,-0.0341785018265206,-0.2195694947575877,51,9,0.33766233766233766,8796.04554883131,1.064704131083032,1,1,1,1,63.9566,attack,attack,攻击,可参与,5日全市场上涨占比64.9%；5日全市场中位涨跌幅1.0%；5日小盘上涨占比72.8%
2025-07-03,3172,0.2151,57.5347,1.0719,1.198,3171,0.4916,58.9404,3.3743,2.649,3171,1.6086,73.5099,2.4598,5.4242,3170,4.5988,86.3407,3.5016,14.9527,3169,1.7187,61.9123,11.9281,13.0009,1169,0.2791,60.479,1.1976,1.3687,1168,0.5554,61.0445,3.1678,2.6541,1168,2.0792,78.7671,2.8253,4.5377,1168,5.4265,87.4144,3.9384,16.4384,1167,1.9943,64.0103,11.4824,12.6821,722,0.1417,54.8476,0.277,0.831,722,0.5467,59.6953,2.6316,1.662,722,1.1399,65.097,1.385,5.6787,722,3.4909,82.133,3.0471,12.6039,722,1.8926,63.9889,10.1108,13.9889,0.5254677177468636,1.5180885532182442,2.847781347179823,1.4458898901372086,0.5587428039826037,0.368199842862893,2.348770498122099,56,5,0.2631578947368421,8288.355611624906,1.002572794458551,1,1,1,1,71.5302,attack,attack,攻击,可参与,5日全市场上涨占比73.5%；5日全市场中位涨跌幅1.6%；5日小盘上涨占比78.8%
2025-07-04,3173,-0.7989,24.2673,1.6388,0.5988,3173,-0.4386,39.8046,4.8219,1.891,3172,0.4913,57.7869,3.657,4.4136,3172,4.4264,86.3808,3.2787,14.7226,3170,0.8046,56.1514,13.4069,10.9779,1171,-1.145,14.7737,2.0495,0.5978,1171,-0.6855,33.5611,4.953,1.4518,1170,0.3927,57.6068,4.0171,3.2479,1170,5.1456,86.4957,4.359,14.7863,1169,0.5424,54.8332,13.7725,9.3242,722,-0.2347,39.0582,0.554,0.1385,722,0.0955,50.554,2.4931,1.108,722,0.7653,61.6343,1.9391,4.2936,722,3.7931,82.687,2.4931,12.7424,722,1.549,60.9418,10.1108,12.8809,-0.4799485639886747,0.5617277712810731,2.5898915113181875,0.8135950094003475,1.541288449786471,1.4044776883493038,1.5011406341513434,33,11,0.45901639344262296,8966.116553240809,1.0741666949380138,1,1,1,1,58.9592,attack,attack,攻击,可参与,5日全市场上涨占比57.8%；5日全市场中位涨跌幅0.5%；5日小盘上涨占比57.6%
2025-07-07,3172,0.4348,63.0202,0.9773,0.7881,3172,0.0,49.3064,3.1841,2.5536,3171,0.3802,54.3677,5.7711,4.005,3171,3.7937,83.5699,3.8158,13.0558,3169,0.6766,54.8754,15.1783,10.6974,1170,0.7993,74.188,1.2821,0.9402,1170,0.1136,50.5983,4.0171,1.8803,1169,0.5556,56.8862,5.7314,2.6518,1169,4.4862,83.5757,5.5603,12.7459,1168,0.4907,53.5103,15.9247,9.2466,722,-0.0426,45.7064,0.831,0.277,722,0.0,48.615,1.662,1.8006,722,0.304,53.3241,4.1551,3.3241,722,3.1597,80.4709,2.7701,11.2188,722,1.3319,59.9723,11.7729,11.6343,0.23672266481686854,-0.45691427964774656,1.7394425376690892,-0.2532716537459012,0.7392000836568435,0.8332739136534206,-1.0602765788252921,57,6,0.19718309859154928,7716.315165549787,0.92667725871556,1,1,1,1,56.4378,caution,caution,谨慎,观察为主,5日上涨占比54.4%；10日上涨占比83.6%；10日中位涨跌幅3.8%
2025-07-08,3170,0.6608,75.8991,0.4416,1.2303,3170,0.5225,62.082,2.2397,2.5552,3170,0.8997,63.2808,4.3218,4.2587,3169,2.8021,79.899,3.7551,10.4765,3167,2.2506,65.1721,10.8936,14.0196,1169,0.5797,74.0804,0.5988,1.4542,1169,0.4878,60.479,2.6518,2.1386,1169,1.0121,64.5851,4.4482,3.5073,1168,2.9324,79.8801,4.7089,8.5616,1167,1.9019,64.353,12.0823,11.6538,723,0.7589,75.9336,0.1383,0.9682,723,0.6127,65.1452,1.6598,2.3513,723,0.9208,64.8686,3.1812,4.2877,723,2.7426,78.8382,3.0429,11.4799,723,3.0612,69.5712,7.7455,15.491,1.273223174012772,0.5323334726387019,3.9925024488809635,0.7257977275905825,1.4124793735964758,1.1489532173460715,1.543745652186268,59,1,0.25316455696202533,9070.029823555415,1.0879502591135246,1,1,1,1,61.7296,attack,attack,攻击,可参与,5日全市场上涨占比63.3%；5日全市场中位涨跌幅0.9%；5日小盘上涨占比64.6%
2025-07-09,3172,-0.2676,36.7907,0.5044,0.7881,3172,1.0895,71.9105,1.7024,3.3417,3172,0.7159,62.2951,4.0668,4.9496,3171,1.9178,71.9962,5.0773,8.7985,3169,1.4756,60.4923,11.9281,12.7485,1169,-0.1825,38.7511,0.5988,1.1121,1169,1.3889,75.7057,1.9675,3.8494,1169,0.7712,62.7032,4.9615,4.6193,1168,2.4794,77.0548,5.4795,7.6199,1167,1.1617,58.8689,13.1105,10.1114,723,-0.4172,33.7483,0.2766,0.4149,723,0.5804,62.5173,1.6598,2.9046,723,0.5893,61.1342,3.0429,4.7026,723,1.2567,64.592,5.1176,9.5436,723,1.7937,63.6238,9.2669,14.2462,-0.26892810921663735,1.2834932912181074,3.2967412559212317,1.0272714831051077,1.209926787000648,1.107363209436274,2.870229200295782,45,4,0.3918918918918919,9650.567480258693,1.1464649954366777,1,1,1,1,60.3816,attack,attack,攻击,可参与,5日全市场上涨占比62.3%；5日全市场中位涨跌幅0.7%；5日小盘上涨占比62.7%
2025-07-10,3173,0.32,61.456,1.2291,1.1976,3173,0.9434,68.6417,2.3637,2.7734,3173,0.8249,62.2124,4.948,5.1686,3172,2.8295,76.4502,5.1702,10.6873,3171,2.1429,65.7206,11.6367,13.8757,1171,0.2837,60.205,1.0248,1.7079,1171,0.823,66.9513,2.0495,2.9889,1171,0.7576,62.6815,5.2946,5.1238,1170,3.2903,78.6325,5.3846,9.6581,1170,1.7417,63.8462,14.0171,10.7692,723,0.3475,64.8686,0.8299,0.6916,723,1.12,71.231,1.7981,2.7663,723,0.8772,62.7939,3.7344,4.5643,723,2.323,74.4122,4.7026,10.7884,723,2.6565,70.816,8.2988,15.3527,0.2519722546033609,1.0079354993931533,3.4615646730897787,1.0196516430117653,1.057358498630423,1.402169555985222,1.1778123296626752,59,6,0.2625,9759.01975240243,1.1467698255343817,1,1,1,1,61.0994,attack,attack,攻击,可参与,5日全市场上涨占比62.2%；5日全市场中位涨跌幅0.8%；5日小盘上涨占比62.7%
2025-07-11,3174,0.0664,50.7246,1.1972,0.8192,3174,0.2786,55.1985,2.8355,2.7095,3174,1.7005,75.2678,2.8355,4.9149,3173,2.5444,76.8043,4.5383,9.6124,3172,3.9266,77.2068,7.7554,18.4741,1171,0.0,43.9795,1.3664,1.1102,1171,0.0917,50.8113,2.3057,2.9889,1171,1.7332,76.9428,2.6473,5.5508,1170,2.6948,77.6068,5.0427,8.0342,1170,3.9558,77.1795,9.1453,16.6667,723,0.217,56.1549,0.8299,0.2766,723,0.4617,58.6445,2.7663,2.0747,723,1.4798,69.9862,2.7663,3.7344,723,2.5026,77.3167,3.7344,9.6819,723,3.866,75.242,6.3624,19.0871,0.8511890071808637,2.3589743703483324,5.815442471638943,1.9562711268491961,0.8187326644339743,1.09027994891715,2.358871996267564,51,8,0.32894736842105265,11299.107063553922,1.3122215752679294,1,1,1,1,70.6293,attack,attack,攻击,可参与,5日全市场上涨占比75.3%；5日全市场中位涨跌幅1.7%；5日小盘上涨占比76.9%
2025-07-14,3173,0.2994,57.422,1.5758,1.1031,3173,0.8621,67.1919,3.1831,2.5213,3173,1.599,73.6842,2.8049,4.6959,3172,2.2111,70.681,6.9672,8.8903,3171,3.9136,76.9158,7.7263,17.3447,1170,0.5376,63.4188,1.9658,1.0256,1170,0.8822,68.2906,3.5043,2.906,1170,1.5636,72.9915,2.6496,5.4701,1169,2.3196,71.8563,8.0411,8.6399,1169,3.9474,75.278,9.6664,15.5689,723,0.1322,53.2503,0.6916,0.8299,723,0.885,67.6349,2.4896,2.6279,723,1.6079,75.242,1.3831,4.8409,723,2.2271,71.6459,5.2559,8.4371,723,4.1131,77.7317,5.5325,17.5657,0.018656266827155044,2.1362909839660382,5.12154776118916,2.0414342363175964,1.3238559532788408,1.3395046786511156,3.1397402048215506,58,10,0.275,9619.552726515689,1.1042357760469348,1,1,1,1,68.6205,attack,attack,攻击,可参与,5日全市场上涨占比73.7%；5日全市场中位涨跌幅1.6%；5日小盘上涨占比73.0%
2025-07-15,3172,-1.1474,21.4691,3.4363,0.6936,3172,-0.7453,36.2863,6.6204,2.3329,3172,-0.3791,42.4653,8.1652,3.4994,3172,0.7872,57.976,10.5927,7.2509,3170,2.6853,69.6215,10.1262,15.3943,1170,-1.5686,15.2991,5.1282,0.7692,1170,-1.0902,31.1111,8.4615,2.2222,1170,-0.8049,36.1538,8.4615,3.6752,1170,0.5548,55.2137,12.3932,6.4957,1169,2.2016,66.0393,13.4303,12.7459,723,-0.6849,29.4606,0.8299,0.2766,723,-0.159,45.0899,3.5961,2.3513,723,0.0551,50.4841,5.1176,3.7344,723,1.2048,62.7939,6.5007,8.9903,723,3.4395,73.8589,6.9156,18.6722,-0.3013027038912153,0.5483467259753239,4.907060988867085,0.6861217552703192,0.515491905156229,0.21511231258730668,2.4745664641825815,40,20,0.3442622950819672,10409.264938128716,1.1747146903646914,1,1,1,1,44.5961,caution,caution,谨慎,观察为主,5日上涨占比42.5%；10日上涨占比58.0%；10日中位涨跌幅0.8%
2025-07-16,3169,0.3448,60.9656,1.0413,1.0729,3169,-0.4766,40.6753,5.7116,2.5876,3169,0.1832,51.9722,6.4058,3.8182,3169,1.2097,62.8589,8.3623,7.7311,3167,4.039,76.8551,7.9571,17.8087,1170,0.7001,73.4188,1.1111,0.9402,1170,-0.206,45.1282,6.6667,2.5641,1170,0.1896,52.3932,6.7521,3.9316,1170,1.3371,61.8803,9.8291,7.265,1169,4.5455,76.5612,10.2652,16.9376,722,-0.1889,40.9972,0.6925,0.554,722,-0.6557,35.5956,2.9086,1.8006,722,0.1803,52.4931,4.9861,3.8781,722,1.0173,63.4349,5.5402,8.1717,722,3.5023,75.0693,5.9557,17.4515,0.29845561751242755,1.1203800411722753,5.32447690575546,1.0700888223978744,0.3958835903366875,0.3071070135135523,2.0835918577344126,51,6,0.2916666666666667,8939.302624155303,0.9994982920141635,1,1,1,1,53.0938,caution,caution,谨慎,观察为主,5日上涨占比52.0%；10日上涨占比62.9%；10日中位涨跌幅1.2%
2025-07-17,3170,0.2424,59.1167,0.4732,1.0095,3169,-0.3711,41.906,3.976,2.556,3169,0.1271,51.0571,6.3427,4.7018,3169,1.182,63.5847,7.1,8.7094,3167,6.2917,84.149,5.1153,29.1759,1170,0.156,54.6154,0.7692,0.9402,1170,-0.4793,38.4615,5.3846,2.0513,1170,0.0,48.6325,7.3504,4.0171,1170,1.0484,61.9658,8.2906,7.4359,1169,7.0064,83.8323,6.5868,32.1642,723,0.3594,65.4219,0.2766,1.2448,722,-0.2274,44.5983,1.9391,2.9086,722,0.2758,54.4321,4.5706,5.5402,722,1.4584,65.2355,4.4321,10.2493,722,5.4688,82.133,4.1551,27.0083,1.1390836022489914,2.0151757703270823,8.059340656397286,1.6615921928120114,0.6101384472906979,0.2035426687399422,3.6422235469832476,52,1,0.36585365853658536,9640.063765303883,1.0661379743637727,1,1,1,1,52.2875,caution,caution,谨慎,观察为主,5日上涨占比51.1%；10日上涨占比63.6%；10日中位涨跌幅1.2%
2025-07-18,3170,0.0,49.6845,0.7256,0.7256,3169,0.9346,69.2963,1.8618,3.0293,3169,0.1238,50.9309,5.8694,4.4809,3169,2.1277,72.8305,5.1751,9.6876,3168,7.1217,86.553,4.3561,33.7121,1171,-0.0909,42.0154,0.6832,0.6832,1171,1.0511,72.5021,2.3911,2.9035,1171,0.0,48.8471,7.2588,3.4159,1171,2.1505,71.7336,5.807,8.3689,1170,7.835,86.6667,6.1538,36.7521,722,0.3375,62.6039,0.4155,0.554,721,0.753,65.4646,1.387,2.7739,721,0.3102,55.2011,2.4965,4.7157,721,2.337,73.509,4.0222,11.2344,721,6.576,83.2178,3.3287,32.0388,0.2509734539434261,1.4080327533097847,9.208672110570726,1.203427086378439,1.089506917767169,0.692429430628172,3.174088241168227,40,2,0.3442622950819672,10033.049896413604,1.0887516872318357,1,1,1,1,52.7099,caution,caution,谨慎,观察为主,5日上涨占比50.9%；10日上涨占比72.8%；10日中位涨跌幅2.1%
2025-07-21,3171,0.9921,77.2627,0.3154,1.766,3171,1.6296,80.2901,1.4822,4.5727,3170,1.047,67.7287,3.5331,4.8265,3170,2.9399,76.8454,4.858,12.3975,3169,7.3887,86.9044,4.3862,35.0584,1170,1.0697,80.9402,0.5128,1.9658,1170,1.4403,77.8632,1.8803,3.5043,1170,0.7587,64.359,5.0427,3.3333,1170,2.6774,75.2137,4.8718,9.3162,1169,7.6271,85.8854,6.3302,34.7305,723,0.744,71.5076,0.2766,1.1065,723,1.8896,81.8811,0.5533,5.1176,722,1.5092,72.7147,1.9391,5.5402,722,3.4771,78.6704,3.8781,16.205,722,7.0388,85.5956,2.7701,37.2576,0.9185610400834765,2.3204382597163287,8.786063833399727,2.332725474282449,1.6910158674642073,1.1404941480257502,4.543109064302553,102,1,0.25547445255474455,11167.87670303661,1.184165225651895,1,1,1,1,64.4459,attack,attack,攻击,可参与,5日全市场上涨占比67.7%；5日全市场中位涨跌幅1.0%；5日小盘上涨占比64.4%
2025-07-22,3168,0.0764,50.5682,0.9154,1.5467,3168,1.2766,67.803,2.5253,6.4394,3167,2.4457,80.9915,2.9997,8.8096,3167,2.3411,71.7082,6.6309,12.1566,3166,5.6445,83.2596,5.1169,25.837,1169,-0.3165,38.4944,1.4542,1.4542,1169,0.8914,63.4731,3.2506,4.4482,1169,2.1932,79.8118,4.0205,5.988,1169,1.6881,67.4936,7.4423,8.7254,1168,5.303,80.0514,7.6199,21.0616,722,0.6145,64.4044,0.277,1.662,722,1.8469,73.5457,1.2465,8.1717,721,2.8098,81.1373,2.2191,10.5409,721,3.202,77.6699,4.8544,15.3953,721,6.4118,84.7434,2.2191,32.4549,0.37573543891331607,3.0152802322704675,7.142233334291137,3.2340374924176407,2.4854988638649322,2.1929337037148278,3.3917284684382043,87,4,0.19444444444444445,12567.098303886989,1.305096447492178,1,1,1,1,74.5467,attack,attack,攻击,可参与,5日全市场上涨占比81.0%；5日全市场中位涨跌幅2.4%；5日小盘上涨占比79.8%
2025-07-23,3170,-0.8085,22.0505,2.3659,0.9148,3170,0.5193,57.1924,3.1546,4.3218,3170,1.1438,65.9621,3.9748,6.8139,3169,1.7453,66.0461,8.2045,10.792,3168,4.055,77.5253,6.471,20.7071,1171,-0.9346,18.275,2.6473,1.3664,1171,0.0,49.2741,4.1845,3.8429,1171,0.4208,56.6183,5.1238,5.2092,1171,0.8811,59.6072,10.1623,7.8565,1170,3.9961,75.641,8.3761,16.0684,722,-0.5272,29.3629,1.662,0.554,722,1.2437,69.3906,1.9391,4.5706,722,2.386,80.0554,1.9391,8.1717,721,3.0268,75.8669,5.1318,14.2857,721,4.4248,79.3343,4.0222,26.6297,-0.45024911845957805,2.246295029930856,5.274824425380631,2.984164697213476,2.8091072725833888,2.2410416599298877,3.6085108642108343,45,8,0.5631067961165048,12635.445473017207,1.2915395858602798,1,1,1,1,61.1805,attack,attack,攻击,可参与,5日全市场上涨占比66.0%；5日全市场中位涨跌幅1.1%；5日小盘上涨占比56.6%
2025-07-24,3170,0.8962,80.9148,0.7571,1.0726,3169,0.3574,55.7905,2.3036,2.9347,3169,1.7182,69.2016,3.7236,7.952,3168,2.2941,71.3699,7.3232,12.6578,3167,5.4699,81.9703,5.8731,25.3868,1171,0.8479,81.0418,0.7686,1.1102,1171,-0.243,42.6985,3.0743,2.4765,1171,0.9836,62.5961,4.526,5.5508,1171,1.5015,65.8412,8.8813,9.0521,1170,5.2892,79.2308,7.4359,20.3419,722,0.9063,75.3463,0.4155,1.108,722,1.3896,69.2521,1.5235,4.4321,722,2.6969,75.7618,2.3546,11.7729,721,3.6145,79.1956,6.1026,17.8918,721,6.1765,82.9404,4.8544,31.9001,1.4211725960388666,2.5314721687426323,7.255828500025041,3.471191709728716,2.8391636020504096,2.5278877214692574,3.350804595513046,63,1,0.25,12289.610629665598,1.2383810970559486,1,1,1,1,65.1696,attack,attack,攻击,可参与,5日全市场上涨占比69.2%；5日全市场中位涨跌幅1.7%；5日小盘上涨占比62.6%
2025-07-25,3170,-0.2653,41.041,2.0189,0.6625,3169,0.0923,50.9309,4.4494,2.4929,3169,1.6149,71.7577,3.6289,6.3427,3168,1.9849,71.0859,6.3447,11.2689,3167,4.9065,81.8756,5.1153,22.7344,1171,0.0,48.7617,2.2203,1.0248,1171,0.1441,52.0922,4.0991,2.6473,1171,1.2889,69.9402,3.6721,4.6968,1171,1.5892,67.7199,7.6857,8.3689,1170,4.738,80.7692,6.4103,19.7436,722,-0.4731,33.795,1.8006,0.1385,722,-0.0099,49.5845,4.5706,3.3241,722,2.1575,73.2687,3.4626,9.5568,721,2.8188,77.1151,4.2996,15.534,721,5.6485,83.2178,2.4965,27.1845,0.08192361873835541,2.358576805472956,6.845257160685692,3.2785766120406734,1.6906240817222251,1.674151637522514,2.7623847683422076,40,13,0.4444444444444444,11849.91194963569,1.1808138696622026,1,1,1,1,67.2407,attack,attack,攻击,可参与,5日全市场上涨占比71.8%；5日全市场中位涨跌幅1.6%；5日小盘上涨占比69.9%
2025-07-28,3170,-0.0908,44.3218,1.4826,0.9148,3170,0.8363,64.0063,2.5868,3.6278,3169,0.2964,55.0647,3.6605,4.1022,3168,1.6129,69.3497,6.5025,10.2273,3167,4.2357,77.455,7.515,20.24,1171,0.0495,50.2135,0.854,1.1956,1171,1.1662,71.392,2.3057,3.5867,1171,0.1383,51.7506,4.1845,3.8429,1171,1.1594,66.0974,7.5149,7.9419,1170,4.0381,75.7265,9.2308,16.8376,723,-0.258,40.9405,1.2448,1.1065,723,0.4182,54.0802,2.6279,4.5643,723,0.78,62.5173,2.7663,5.6708,722,2.8805,74.2382,5.1247,14.4044,722,4.9559,80.1939,4.4321,24.7922,0.34845027065686374,1.7803310756631108,5.880853335634084,2.631116383295584,1.2291196275549865,1.0715712764276741,2.861103130489906,48,5,0.323943661971831,11246.874490542397,1.1083466590074695,1,1,1,1,54.8024,attack,attack,攻击,可参与,5日全市场上涨占比55.1%；5日全市场中位涨跌幅0.3%；5日小盘上涨占比51.8%
2025-07-29,3175,-0.3236,35.0866,0.7244,0.6929,3175,-0.5525,40.4094,4.0,2.7717,3174,-0.1555,46.5343,6.2697,4.7889,3173,2.6631,75.6697,5.5783,12.1967,3173,3.6769,74.0624,8.9505,20.2647,1173,-0.5464,26.5985,0.8525,0.8525,1173,-0.3191,43.734,3.5806,2.728,1173,-0.0767,47.1441,5.7971,4.9446,1173,2.1916,74.5951,6.3086,9.6334,1173,3.0612,71.4408,10.6564,15.6863,724,-0.0341,46.6851,0.2762,0.5525,724,-0.6441,38.8122,3.7293,3.3149,724,0.0,49.8619,7.1823,5.9392,723,3.4483,76.6252,5.6708,17.2891,723,4.9364,77.455,6.639,26.8326,0.6523839078844018,2.060850791312796,6.277548951853107,2.297056919108731,0.8027879476902644,0.7775343382243394,4.142988572200079,36,4,0.3684210526315789,11274.658613722608,1.098796785718118,1,1,1,1,51.2413,caution,caution,谨慎,观察为主,5日上涨占比46.5%；10日上涨占比75.7%；10日中位涨跌幅2.7%
2025-07-30,3175,-0.4837,35.748,1.7008,0.8504,3175,-0.823,32.6929,3.4961,2.5512,3175,0.2011,51.622,5.1969,4.8819,3174,1.7525,67.8324,6.6478,11.1846,3173,3.3402,73.4636,9.2026,18.815,1173,-0.4753,35.1236,1.2788,1.364,1173,-0.7692,32.9923,3.0691,2.5575,1173,0.4098,55.1577,4.1773,5.0298,1173,1.1669,62.8303,8.4399,8.4399,1173,2.6682,70.4177,11.1679,13.8107,723,-0.346,40.5256,2.0747,0.4149,723,-0.5988,36.0996,2.9046,2.6279,723,0.2114,52.2822,5.5325,5.5325,723,2.8501,75.5187,4.426,17.1508,722,4.5834,77.5623,6.6482,25.6233,-0.8178822894864046,1.6839442307051922,6.4822768303530065,1.9030855442354833,0.7638633093097313,0.9328844222340038,2.467356884645211,42,8,0.3333333333333333,11676.14790914862,1.1221758189358062,1,1,1,1,54.4237,caution,caution,谨慎,观察为主,5日上涨占比51.6%；10日上涨占比67.8%；10日中位涨跌幅1.8%
2025-07-31,3175,-1.6129,15.2756,2.1417,0.7559,3174,-2.2985,16.6982,7.971,1.7643,3174,-2.3977,23.3774,15.942,3.4972,3173,-0.2725,45.7296,11.1251,7.6584,3172,1.2487,60.8134,12.7995,14.5965,1172,-1.6101,14.5904,2.6451,0.5973,1172,-2.4554,14.6758,8.7031,1.6212,1172,-2.1278,23.5495,12.7986,3.157,1172,-0.8188,40.0171,13.5666,6.2287,1172,0.6468,56.3993,15.6997,11.6041,723,-1.8325,13.9696,2.7663,1.1065,723,-2.1245,18.1189,8.7137,1.6598,723,-2.6639,24.343,18.8105,4.1494,723,0.304,52.0055,8.0221,10.6501,722,2.3203,67.313,10.1108,18.6981,-0.8528072390877384,-0.5959272479824196,5.022329825539473,-1.0686287196208677,-1.7701843473646672,-0.9018625342923303,-0.7271483660576283,36,10,0.4,11989.558796770809,1.1321608109287538,1,1,1,1,30.7446,defense,defense_pressure,防守-弱势承压,暂停新开仓,5日全市场上涨占比23.4%；5日小盘上涨占比23.5%
2025-08-01,3175,0.3125,60.5039,1.0079,0.4724,3174,-1.6023,20.92,7.8135,1.3548,3174,-1.9848,24.2281,11.0586,2.9616,3173,0.0,49.1648,9.6439,6.9965,3172,2.5334,68.7894,10.1198,16.6456,1172,0.6803,71.587,1.1945,0.6826,1172,-1.2173,24.9147,4.8635,1.2799,1172,-1.5711,26.2799,7.6792,3.2423,1172,0.0609,50.0853,10.4949,7.1672,1172,2.5739,68.2594,10.5802,15.1024,723,-0.1179,43.1535,1.5214,0.1383,723,-2.2801,14.7994,12.1715,1.2448,723,-2.4973,21.5768,14.7994,2.3513,723,0.0,48.686,9.1286,7.1923,722,2.5589,67.7285,10.2493,18.6981,0.13940159787155793,-0.5388385649035432,5.675922704942349,-1.3713493898683038,-1.7502287406406136,-0.9378612356059857,-0.7448070573704668,31,7,0.46551724137931033,9656.090809282685,0.908853254147689,1,1,1,1,32.5827,defense,defense_repair,防守-修复观察,暂停新开仓,5日全市场上涨占比24.2%
2025-08-04,3173,0.4746,67.0974,0.7564,0.7564,3173,-0.6472,38.1658,4.6013,2.2691,3172,-1.267,30.3279,7.377,3.5939,3171,-0.7086,42.4472,10.3753,6.8748,3170,2.5719,68.1703,9.8738,17.3186,1171,0.6452,72.2459,1.0248,0.5124,1171,0.0,48.3348,4.526,2.1349,1171,-1.0,33.9026,7.5149,2.8181,1171,-0.5464,43.8087,11.4432,6.4902,1171,2.2259,66.012,10.5038,15.2007,722,0.2841,61.6343,0.0,0.6925,722,-1.5984,23.5457,6.5097,1.385,722,-1.7685,22.8532,7.7562,3.3241,722,-0.8168,42.9363,9.0028,6.5097,721,3.0992,70.319,7.9057,20.111,1.0377316627668831,0.14434814729733514,6.520397291730107,-0.9755559800094127,-1.5745809505152586,-0.40656910909139254,-1.196838482358098,42,5,0.3333333333333333,8957.844607381996,0.8382351092871058,1,1,1,1,37.3283,caution,caution,谨慎,观察为主,5日上涨占比30.3%；10日上涨占比42.4%；10日中位涨跌幅-0.7%
2025-08-05,3172,0.6745,77.2699,0.599,0.7881,3172,1.7046,81.5889,1.9231,3.0895,3171,-0.1493,46.263,5.8972,3.8474,3170,0.0,48.7697,10.8833,7.8233,3169,2.578,68.823,8.804,16.8192,1170,0.8264,80.1709,0.6838,1.1966,1170,2.4258,86.4103,1.9658,3.5043,1170,0.549,57.6068,3.9316,3.5043,1170,0.6619,55.641,9.2308,8.1197,1170,2.4809,68.0342,9.8291,15.2137,722,0.6124,76.7313,0.1385,0.4155,722,0.9008,73.1302,2.0776,2.6316,722,-1.2076,31.9945,8.5873,3.1856,722,-0.7385,42.6593,11.9114,6.5097,721,2.7059,69.9029,7.2122,17.4757,0.7090381675511237,0.20071644861132665,5.926980698964313,-0.8322167345562237,-1.169903926631266,0.2184745356228479,-2.6268987151761625,43,2,0.328125,9639.205643087902,0.8995981614781703,1,1,1,1,50.5033,caution,caution,谨慎,观察为主,5日上涨占比46.3%；10日上涨占比48.8%；10日中位涨跌幅0.0%
2025-08-06,3172,0.2139,56.5889,0.8827,0.8197,3172,1.6311,81.0845,1.8285,4.6658,3172,0.49,55.3909,4.1299,5.6431,3171,1.0081,57.3951,5.9287,10.2491,3169,3.2211,71.663,9.372,19.9748,1170,0.0924,51.453,1.1966,0.9402,1170,1.8229,80.7692,2.2222,4.1026,1170,1.0807,62.6496,4.7009,5.2137,1170,1.7616,64.9573,5.2137,10.0855,1170,3.1157,70.8547,10.1709,16.8376,722,0.2981,63.7119,0.277,0.277,722,1.4401,82.687,0.9695,4.9861,722,-0.4247,43.2133,5.4017,4.5706,722,0.0,48.7535,5.8172,8.7258,721,3.6458,72.6768,7.4896,22.3301,1.0877158160864653,2.125885015780127,7.3679077056280295,0.6760366423844921,-0.9094323406519278,0.5055208003436729,-0.36866413944264265,46,7,0.30303030303030304,10341.341872179819,0.9620254423890566,1,1,1,1,57.542,attack,attack,攻击,可参与,5日全市场上涨占比55.4%；5日全市场中位涨跌幅0.5%；5日小盘上涨占比62.6%
2025-08-07,3171,-0.2183,39.2305,0.8515,0.8515,3171,1.0033,72.3116,2.3336,3.2482,3171,1.9858,79.1233,2.8382,6.3702,3170,-0.1534,48.265,10.347,8.5804,3168,2.7269,68.3396,10.1641,18.5606,1171,-0.1947,39.2827,1.1102,0.854,1171,1.063,72.3313,3.1597,2.7327,1171,2.6187,82.4936,3.2451,6.234,1171,0.7561,57.0453,8.1981,8.1127,1171,2.6258,68.1469,10.333,15.3715,722,-0.1809,41.4127,0.4155,0.554,722,1.0673,75.9003,0.831,2.3546,722,1.2871,74.2382,3.1856,4.9861,722,-1.2626,38.7812,11.3573,7.3407,721,3.1173,69.2094,8.3218,20.8044,0.012251306387001115,3.0169326298069787,7.11117124384717,1.7859487732703183,0.9587517020843483,1.8599084150763945,0.6248257858801676,49,8,0.26865671641791045,10891.633779931188,1.0079076726569787,1,1,1,1,71.862,attack,attack,攻击,可参与,5日全市场上涨占比79.1%；5日全市场中位涨跌幅2.0%；5日小盘上涨占比82.5%
2025-08-08,3171,0.1374,52.2548,0.883,1.0407,3171,0.3063,55.8814,1.9237,3.059,3171,1.7627,76.5689,2.8698,6.9063,3170,0.0,49.0852,7.4763,8.5489,3168,2.6041,68.1503,9.4381,19.2551,1171,0.2985,58.6678,1.0248,1.281,1171,0.3759,57.5576,2.3911,2.7327,1171,2.2742,79.3339,3.4159,6.4048,1171,0.8383,58.07,5.807,8.2835,1171,2.8045,70.0256,9.9915,18.5312,722,-0.0141,46.8144,0.6925,0.277,722,0.2338,55.1247,0.9695,2.7701,722,1.4222,74.9307,2.0776,6.3712,722,-0.9566,38.5042,8.4488,7.4792,721,2.4772,66.8516,6.38,20.111,-0.3500331681776103,2.5134338319687144,5.83538743412364,1.7752281456705932,1.2340118639820208,2.111722411522532,0.4879044709205971,51,4,0.35443037974683544,10399.43258404288,0.9663823942771415,1,1,1,1,69.77,attack,attack,攻击,可参与,5日全市场上涨占比76.6%；5日全市场中位涨跌幅1.8%；5日小盘上涨占比79.3%
2025-08-11,3174,0.7354,73.1569,0.4726,1.0397,3173,0.7968,67.4441,1.4182,3.4352,3173,1.9643,80.5862,2.2061,6.8074,3172,0.8769,60.1198,4.7604,9.7415,3170,3.2653,72.9968,7.6341,20.3785,1172,0.8451,76.8771,0.4266,0.7679,1172,1.0725,75.5973,1.4505,2.9863,1172,2.2832,82.9352,2.7304,7.0819,1172,1.6485,68.1741,4.4369,9.3003,1172,3.2755,74.9147,7.8498,18.5154,722,0.4197,62.8809,0.1385,0.6925,722,0.289,57.0637,1.108,2.6316,722,1.6138,77.8393,1.2465,4.7091,722,-0.2367,46.2604,6.3712,9.0028,721,3.2129,70.0416,6.38,22.4688,1.5473046219844466,3.0304493367472984,7.452936569027058,2.0765534924821694,1.272711590823028,1.7926978551220607,1.9488948187547317,69,3,0.31683168316831684,11148.795360427708,1.0287086797685014,1,1,1,1,73.2335,attack,attack,攻击,可参与,5日全市场上涨占比80.6%；5日全市场中位涨跌幅2.0%；5日小盘上涨占比82.9%
2025-08-12,3175,-0.2167,39.811,0.9134,0.8819,3174,0.8192,66.8872,2.0164,3.6547,3174,1.0686,68.1159,2.3314,5.7971,3173,1.0549,61.7712,5.8935,10.3687,3171,4.3404,79.8802,5.1403,22.3273,1173,-0.3918,32.3956,1.023,0.4263,1173,0.9723,70.0767,2.3018,3.4953,1173,1.0782,71.2702,2.8986,5.1151,1173,1.827,71.185,5.7971,10.4859,1173,4.6575,82.6939,5.6266,21.3981,722,0.0,48.7535,0.554,0.277,722,0.5158,62.1884,1.5235,3.0471,722,0.8755,64.4044,1.5235,5.1247,722,-0.0517,48.615,8.4488,8.8643,721,3.6662,75.8669,5.5479,23.1623,0.2833320799616734,2.594930437075571,8.083042338200851,1.823247643325554,0.9839330319609152,1.3356958220007709,2.8174142114727907,45,5,0.3181818181818182,11337.657343074698,1.0416734609570362,1,1,1,1,64.9088,attack,attack,攻击,可参与,5日全市场上涨占比68.1%；5日全市场中位涨跌幅1.1%；5日小盘上涨占比71.3%
2025-08-13,3172,0.0,47.6671,0.4098,1.3556,3172,0.7101,63.8083,1.6393,5.0441,3171,0.8511,64.9007,2.239,6.8748,3171,1.6529,65.4683,4.6673,12.9297,3169,3.9886,78.2581,5.4276,22.9725,1173,-0.2991,34.8679,0.682,0.8525,1173,0.3429,56.607,2.3018,3.4953,1173,0.6726,61.7221,2.6428,5.7118,1173,1.9688,69.9062,5.4561,11.4237,1173,3.3686,79.4544,6.1381,18.3291,721,0.2631,58.1137,0.0,1.5257,721,0.9974,66.2968,0.4161,6.1026,721,0.8432,66.4355,1.1096,7.6283,721,0.6588,57.0042,4.577,12.0666,721,4.466,77.8086,5.6865,27.7393,1.4464176703724574,2.958980524576549,9.320102574054134,2.370803278943545,1.5337942628309342,1.3613090100924374,5.830947071599146,84,0,0.26956521739130435,13057.399032371108,1.177404584031659,1,1,1,1,61.9226,attack,attack,攻击,可参与,5日全市场上涨占比64.9%；5日全市场中位涨跌幅0.9%；5日小盘上涨占比61.7%
2025-08-14,3171,-1.7182,14.3803,3.059,0.7569,3171,-1.5915,26.837,6.2126,2.9013,3170,-0.5542,40.4416,5.4574,5.3943,3170,1.6345,67.4132,4.2902,11.7981,3168,1.8305,64.899,8.649,17.5821,1172,-2.1058,11.1775,3.0717,0.6826,1172,-2.5692,15.6997,9.1297,1.7918,1172,-1.2484,31.2287,7.5085,4.2662,1172,1.5117,66.7235,5.2048,11.3481,1172,1.1131,59.3003,9.8976,13.7372,722,-1.1182,19.6676,2.0776,0.6925,722,-0.421,42.3823,2.7701,3.4626,722,0.0429,50.277,2.4931,5.6787,722,1.6175,67.1745,3.7396,10.3878,722,2.7972,69.3906,7.7562,21.0526,-1.2435199304494882,1.6662096427304762,6.744773103873825,1.456458871873445,1.4253186042317845,0.7356717782887046,5.411951686931138,42,11,0.46835443037974683,13961.000089171732,1.2348276094220896,1,1,1,1,43.7902,caution,caution,谨慎,观察为主,5日上涨占比40.4%；10日上涨占比67.4%；10日中位涨跌幅1.6%
2025-08-15,3170,0.8872,80.0946,0.4732,1.1672,3170,-0.5385,40.4732,3.2808,3.9432,3170,0.1369,50.9148,4.1009,6.9716,3169,2.3022,72.5465,3.408,14.7996,3167,2.8278,70.5715,6.9782,20.7452,1172,0.6574,76.0239,0.5119,0.8532,1172,-1.456,25.6826,5.2048,2.4744,1172,-0.7577,36.4334,6.314,5.1195,1172,1.515,66.9795,4.5222,11.6041,1172,1.8935,66.4676,8.1911,16.6382,722,1.0859,78.5319,0.277,1.9391,722,0.5415,57.0637,0.9695,5.8172,722,1.5168,62.4654,2.2161,8.5873,722,3.4139,76.7313,1.9391,17.7285,722,4.2063,72.2992,7.2022,25.3463,2.021266432427482,4.0854883438233625,8.629737566612693,3.875545249870238,2.372404025961794,1.6957421665552808,8.580257836577253,69,2,0.31,13674.408007674685,1.190310711424418,1,1,1,1,51.3854,caution,caution,谨慎,观察为主,5日上涨占比50.9%；10日上涨占比72.5%；10日中位涨跌幅2.3%
2025-08-18,3170,0.5384,67.8233,0.3155,1.1672,3170,0.0,49.3691,2.5552,4.0379,3170,0.1444,50.8202,4.4795,7.0347,3169,2.3404,73.9981,3.2187,15.0836,3167,2.3116,65.5826,7.8939,20.1137,1171,0.5419,70.7942,0.2562,0.7686,1171,-0.5725,37.9163,3.4159,2.5619,1171,-1.0235,36.7208,7.5149,4.4406,1171,1.4644,66.2681,4.8676,11.9556,1171,1.2253,60.8027,10.1623,16.1401,723,0.4769,64.4537,0.2766,1.7981,723,0.5179,59.0595,1.1065,5.9474,723,1.2663,62.2407,1.6598,10.5118,723,3.8617,78.2849,1.2448,18.1189,723,3.2738,69.018,8.2988,24.758,1.6874026668546094,4.229088151524896,9.457326300396375,4.3245228485208065,2.8356967717681814,2.206430969067519,9.512720833728139,79,1,0.3629032258064516,16455.14510476063,1.4001443847790345,1,1,1,1,51.5471,caution,caution,谨慎,观察为主,5日上涨占比50.8%；10日上涨占比74.0%；10日中位涨跌幅2.3%
2025-08-19,3173,0.2768,56.7286,1.0715,1.2606,3173,2.1244,82.7923,1.1346,6.6183,3173,0.7656,59.0608,2.8679,7.942,3172,2.0243,71.4376,3.4048,14.4073,3170,2.6012,65.9306,9.8738,21.2618,1172,0.8107,71.843,0.7679,1.3652,1172,2.4098,87.628,1.1092,5.7167,1172,0.3008,53.0717,3.413,5.6314,1172,1.5817,68.43,4.0956,12.116,1172,2.7393,69.1126,8.959,19.1126,724,-0.2762,37.7072,1.105,1.105,724,1.3856,73.4807,0.6906,8.4254,724,1.2011,62.1547,1.6575,10.9116,724,2.3929,71.1326,3.0387,17.4033,724,2.1553,60.3591,14.0884,23.6188,0.07250467965782548,4.009965519326109,9.12666044758832,3.695000100885615,1.919697288389477,1.6740746798543649,7.983105159491499,74,6,0.3508771929824561,15772.176255859173,1.3239780954228646,1,1,1,1,58.7266,attack,attack,攻击,可参与,5日全市场上涨占比59.1%；5日全市场中位涨跌幅0.8%；5日小盘上涨占比53.1%
2025-08-20,3171,0.6858,74.2353,1.3876,1.4822,3171,1.9144,78.0826,1.6083,5.8341,3171,1.4265,69.4734,2.9328,7.5055,3170,2.7387,76.7192,3.1861,15.5205,3169,4.3975,76.6172,6.0271,26.633,1171,0.6849,73.0999,1.3664,1.7933,1171,2.5059,84.3723,1.281,5.0384,1171,1.3667,69.4278,2.8181,5.807,1171,2.2267,74.7225,3.5867,12.2118,1171,4.4662,80.7003,5.2946,24.936,724,0.7499,78.1768,1.2431,0.9669,724,1.175,70.8564,1.2431,7.0442,724,1.882,67.6796,2.2099,9.6685,724,3.3866,74.7238,3.0387,19.8895,724,4.0399,70.8564,8.9779,26.6575,0.8644650267062071,3.413306950284456,10.567853045607677,3.379964572751204,2.270236760356159,2.2464066983889586,4.452197775281053,80,15,0.22330097087378642,15141.960248807065,1.2578423819412097,1,1,1,1,67.279,attack,attack,攻击,可参与,5日全市场上涨占比69.5%；5日全市场中位涨跌幅1.4%；5日小盘上涨占比69.4%
2025-08-21,3173,0.0,46.9902,2.0801,0.5988,3173,1.2698,72.1399,3.1831,3.1831,3173,3.2231,86.8894,1.9225,8.856,3172,2.8672,80.6431,3.0265,14.1551,3171,3.2815,70.9555,6.591,22.5796,1172,0.0,49.6587,1.7065,0.5973,1172,1.9207,79.9488,2.4744,3.7543,1172,3.5088,89.4198,1.7065,7.5085,1172,2.4791,79.0956,3.3276,11.1775,1172,3.6774,75.5973,6.3993,20.9898,724,0.0,48.895,3.0387,0.4144,724,0.8913,66.1602,3.5912,1.9337,724,2.8704,83.011,1.3812,10.0829,724,3.3572,80.2486,2.3481,17.4033,724,2.4114,65.0552,7.5967,22.9282,-0.7134169610890972,3.9684067376312138,8.24075527672985,4.2663462152485065,2.7497960792828957,2.8544371593326012,5.094232984893354,39,12,0.4507042253521127,15309.461663944008,1.256002743661111,1,1,1,1,80.9384,attack,attack,攻击,可参与,5日全市场上涨占比86.9%；5日全市场中位涨跌幅3.2%；5日小盘上涨占比89.4%
2025-08-22,3174,0.0,46.4713,0.6301,1.1342,3174,0.8772,68.0214,3.3711,3.2451,3174,2.1482,79.143,2.7725,7.5929,3174,2.7024,75.7089,3.5602,15.942,3172,3.4395,73.203,4.9811,22.8247,1172,-0.4351,29.1809,0.9386,0.6826,1172,0.5486,61.2628,3.7543,2.4744,1172,2.2487,81.8259,3.0717,6.2287,1172,1.7822,69.4539,4.6075,10.2389,1172,2.9439,74.5734,5.4608,18.0887,724,0.5657,67.6796,0.4144,1.6575,724,1.6084,79.1436,2.9006,3.5912,724,2.1835,78.3149,1.3812,9.5304,724,4.367,78.5912,2.3481,23.7569,724,4.0025,70.3039,5.663,26.105,1.5109819225560095,3.448383125599608,9.78631260163667,3.8711150219910895,4.179667616237781,3.489226610091145,5.8532517339565215,57,1,0.20833333333333334,15457.219115023685,1.249633644904429,1,1,1,1,74.4941,attack,attack,攻击,可参与,5日全市场上涨占比79.1%；5日全市场中位涨跌幅2.1%；5日小盘上涨占比81.8%
2025-08-25,3174,0.4734,63.7366,0.5041,1.1342,3174,0.7351,61.7832,2.2999,3.6547,3174,2.0417,79.2376,2.741,7.5614,3174,2.5453,74.6377,4.0643,15.2489,3172,4.1343,79.1929,3.657,24.8108,1172,0.0452,50.1706,0.5973,0.6826,1172,-0.1591,44.3686,2.9863,2.4744,1172,1.6025,75.8532,3.157,5.8874,1172,1.07,62.0307,6.3993,8.7031,1172,2.9802,74.744,4.9488,18.0887,724,1.167,82.4586,0.0,1.3812,724,2.2299,85.7735,1.7956,4.558,724,2.957,88.2597,1.9337,9.6685,724,5.5149,87.0166,1.2431,25.9669,724,5.4825,81.2155,2.7624,31.6298,1.5590023310798395,3.3177592058186933,11.110718176089396,4.254882364622659,5.420779412241661,4.172029534225774,6.0159884779452,65,2,0.39814814814814814,18928.37382070384,1.4841737667447215,1,1,1,1,72.7217,attack,attack,攻击,可参与,5日全市场上涨占比79.2%；5日全市场中位涨跌幅2.0%；5日小盘上涨占比75.9%
2025-08-26,3174,0.2794,57.2149,0.7561,1.2602,3174,1.0212,68.8091,1.9534,4.6629,3174,2.0213,76.6856,3.7807,7.7505,3174,3.1111,79.3006,3.2451,16.3516,3172,4.7293,82.976,3.8462,26.1349,1172,0.5577,66.4676,0.5973,0.8532,1172,0.3932,56.9966,3.0717,2.4744,1172,1.4726,71.3311,4.6928,5.1195,1172,1.9553,72.5256,4.6075,9.6416,1172,4.1226,81.57,4.0956,21.0751,724,-0.0553,46.4088,1.6575,1.105,724,2.234,84.2541,0.6906,6.4917,724,3.1427,86.7403,2.4862,11.6022,724,5.4265,85.4972,1.105,27.6243,724,5.5224,82.1823,3.5912,31.768,-0.016860736309209923,3.225495755855423,10.371935345869442,4.639224571115053,5.427328826967992,3.785436053920077,5.3957556378260385,63,2,0.3076923076923077,16522.044287055793,1.2693793234279047,1,1,1,1,71.1881,attack,attack,攻击,可参与,5日全市场上涨占比76.7%；5日全市场中位涨跌幅2.0%；5日小盘上涨占比71.3%
2025-08-27,3174,-2.6579,9.8614,5.23,0.8192,3174,-1.5886,25.9294,8.1916,3.0876,3174,-1.2645,32.8292,12.6654,4.6944,3174,0.384,52.804,9.8614,10.6805,3173,2.4182,64.5446,7.3747,22.2187,1172,-3.0486,8.6177,6.9966,0.5119,1172,-2.2483,18.2594,9.8976,2.3038,1172,-2.4947,20.9898,16.9795,2.901,1172,-0.66,40.6143,13.7372,7.3379,1172,1.1403,58.4471,9.727,16.4676,724,-2.08,12.8453,2.4862,0.2762,724,-0.6362,38.5359,4.2818,2.9006,724,0.1304,51.9337,5.3867,6.9061,724,2.1714,68.6464,4.2818,16.2983,724,3.671,68.0939,5.8011,27.3481,-1.8720552937087742,0.4249190944314529,9.198829574877632,1.9989865740382085,2.686025959008509,0.9064682100607069,4.430999150423887,40,10,0.48717948717948717,19205.60802602328,1.4340764818118692,1,1,1,1,36.0649,defense,defense_pressure,防守-弱势承压,暂停新开仓,5日小盘上涨占比21.0%
2025-08-28,3174,0.0,49.4644,1.2287,0.7561,3174,-2.1759,22.7158,12.7914,2.3629,3174,-1.3107,35.8853,14.1147,5.6711,3174,1.9166,66.7297,6.2382,15.879,3173,4.1575,75.197,5.5468,28.4904,1172,-0.4662,35.9215,1.6212,0.5119,1172,-2.8103,16.2969,17.8328,1.3652,1172,-2.9606,19.9659,24.4027,2.5597,1172,0.7949,56.4846,9.3003,9.471,1172,2.3395,67.9181,8.2765,19.6246,724,0.7584,67.5414,0.1381,1.3812,724,-1.3109,30.9392,5.3867,3.1768,724,1.017,60.9116,2.2099,9.9448,724,4.0448,79.8343,1.5193,25.5525,724,6.8393,82.1823,1.9337,38.3978,1.5076186972770023,2.67141927069241,11.798557740361627,4.5791603868025055,4.0976773074193895,1.9224767613493343,8.927362314288612,48,3,0.3333333333333333,17577.27427531832,1.2856681796456915,1,1,1,1,39.2073,defense,defense_pressure,防守-弱势承压,暂停新开仓,5日小盘上涨占比20.0%
2025-08-29,3174,-0.4336,37.8702,1.8904,1.0712,3174,-2.735,20.983,19.3447,2.1424,3174,-1.8557,32.0101,15.7215,5.6711,3174,0.5401,54.2533,10.1764,12.7599,3173,3.5,70.5957,7.3747,27.0091,1172,-0.6639,30.6314,1.3652,0.7679,1172,-3.8852,12.7133,31.7406,0.7679,1172,-3.2087,18.942,26.0239,2.901,1172,-0.7023,41.6382,14.2491,8.0205,1172,1.4974,59.727,11.4334,17.2355,724,0.1061,50.9669,1.6575,1.9337,724,-1.0891,36.0497,5.3867,4.8343,724,0.2522,51.6575,4.4199,11.4641,724,2.9108,73.3425,3.5912,21.547,724,7.8069,82.0442,2.7624,40.0552,-0.11324392800369232,1.0286258493822364,11.516496883578853,3.2405050742088326,2.7126875831844366,0.8408318014369476,7.737864181541387,56,14,0.28205128205128205,17043.50858904079,1.2138322182459325,1,1,1,1,34.8283,defense,defense_active_decline,防守-持续下跌,暂停新开仓,5日小盘上涨占比18.9%
2025-09-01,3173,0.4274,57.8002,0.7249,1.7649,3173,0.1182,50.9928,3.6558,5.6413,3173,-2.0725,30.6965,15.884,5.4523,3173,0.2247,50.9928,11.2827,13.1737,3172,3.5877,69.5776,8.1337,26.5132,1172,0.8288,69.7952,0.7679,1.7918,1172,-0.1695,46.1604,4.0102,3.5836,1172,-2.5047,25.0,19.1126,2.901,1172,-0.5828,44.0273,13.9932,8.8737,1172,1.4643,59.9829,11.5188,17.5768,724,-0.0623,47.7901,0.9669,2.4862,724,0.9423,62.2928,1.9337,10.3591,724,-0.9113,42.2652,9.8066,10.7735,724,2.2402,64.779,4.4199,22.2376,724,7.4217,80.8011,4.8343,41.1602,0.8398214160860062,0.31320074760674554,11.298061086931321,2.278410255159913,1.2192145222959194,-0.2068024308716443,6.999090043954537,85,2,0.2857142857142857,16953.45430520831,1.173992422208416,1,1,1,1,34.862,caution,caution,谨慎,观察为主,5日上涨占比30.7%；10日上涨占比51.0%；10日中位涨跌幅0.2%
2025-09-02,3174,-1.1111,24.2911,6.4902,0.6931,3174,-0.8853,37.3346,11.5942,3.4972,3174,-3.3617,22.4008,30.6553,3.5602,3174,-1.0926,41.0838,20.983,9.4518,3173,1.7447,59.5966,13.2367,21.0526,1173,-0.9009,26.0017,3.5806,0.682,1173,-0.5632,40.5797,8.8662,2.728,1173,-3.9062,18.8406,35.2089,2.2165,1173,-2.2504,32.5661,27.9625,5.7971,1173,0.0,49.2754,19.6931,13.896,724,-1.1117,28.1768,10.4972,0.5525,724,-0.7966,40.4696,12.1547,5.663,724,-1.9711,30.663,17.4033,6.768,724,1.4517,59.9448,7.8729,16.989,724,5.195,73.4807,6.0773,34.3923,-2.496496436418938,-2.1746206550601777,7.755481466864156,-0.03411656694258802,0.8503431878588374,-0.26493247047473245,4.744332027242515,42,22,0.5,17524.530617964927,1.181286648039259,1,1,1,1,26.2194,defense,defense_pressure,防守-弱势承压,暂停新开仓,5日全市场上涨占比22.4%；5日全市场中位涨跌幅-3.4%；5日小盘上涨占比18.8%
2025-09-03,3175,-1.9608,13.8898,5.6693,0.5669,3175,-2.4963,20.5984,20.4094,2.6457,3175,-2.8078,25.1339,25.7638,4.9449,3175,-3.9164,26.8346,41.0079,6.9606,3174,-0.5557,46.4398,24.3226,16.8557,1173,-2.3734,11.5942,4.7741,0.5115,1173,-2.3693,21.0571,15.5158,2.4723,1173,-3.2917,20.7161,28.474,3.7511,1173,-5.3742,19.0111,54.4757,4.3478,1173,-2.68,33.9301,35.2089,12.0205,724,-1.4467,18.6464,5.2486,0.4144,724,-2.3026,23.2044,24.3094,3.0387,724,-1.709,34.5304,17.9558,8.2873,724,-1.1718,41.4365,20.0276,13.3978,724,2.8165,63.2597,12.2928,29.2818,-1.4630615335023744,-1.7668879764469847,5.036454340761298,0.08596060270433803,1.6803664536267693,0.3475127382349674,6.469388845506496,28,20,0.5409836065573771,14568.150205525517,0.9682110358132728,1,1,1,1,26.3997,defense,defense_pressure,防守-弱势承压,暂停新开仓,5日全市场上涨占比25.1%；5日小盘上涨占比20.7%
2025-09-04,3174,0.0,47.8891,6.0176,0.5671,3174,-2.8278,15.2804,28.1979,1.1972,3174,-2.6008,23.9761,29.2376,3.1506,3174,-3.9393,24.5747,41.7454,5.6081,3173,-0.7067,45.9502,22.5969,14.5288,1173,0.6085,64.4501,2.1313,1.023,1173,-2.3474,17.8176,19.6078,1.705,1173,-2.1222,26.9395,21.2276,3.1543,1173,-5.0489,20.8014,50.2984,3.9216,1173,-2.1638,37.4254,29.9233,11.0827,724,-0.8776,29.1436,12.8453,0.1381,724,-3.3754,15.1934,35.9116,0.8287,724,-2.9821,24.7238,34.8066,3.3149,724,-2.0258,34.8066,25.6906,9.8066,724,1.5895,58.9779,13.3978,23.7569,-2.2994901618812347,-5.451184345992144,2.6085805152283426,-4.460214730223965,-2.2082955664053605,-2.0221030433624554,-1.801223979298039,34,35,0.4426229508196721,15402.405700251795,1.0085388597866423,1,1,1,1,25.7724,defense,defense_active_decline,防守-持续下跌,暂停新开仓,5日全市场上涨占比24.0%
2025-09-05,3173,1.3793,85.3451,0.6303,1.4182,3173,-0.6098,36.5585,7.2171,2.1431,3173,-1.0504,35.7075,15.7264,4.3807,3173,-2.8544,31.1062,31.1692,7.7844,3173,0.6297,52.9467,18.4998,19.3823,1173,1.1373,82.4382,0.5968,1.1083,1173,-0.44,38.5337,4.1773,1.364,1173,-0.4049,42.6257,9.1219,4.2626,1173,-3.4314,26.769,34.5269,5.1151,1173,-1.0884,42.1142,25.5754,13.7255,724,1.7061,86.7403,0.4144,2.7624,724,-1.1192,31.9061,11.326,3.453,724,-1.7606,31.0773,22.7901,4.9724,724,-1.3737,41.0221,22.5138,12.8453,724,3.701,66.8508,11.6022,30.8011,2.904532245451108,-2.594677894792763,5.959774177439958,-1.8453929260287993,-0.8102324182765464,-1.1771372369526745,2.3547699594467453,72,2,0.22580645161290322,13797.499214520389,0.8935102565630851,1,1,1,1,38.2394,caution,caution,谨慎,观察为主,5日上涨占比35.7%；10日上涨占比31.1%；10日中位涨跌幅-2.9%
2025-09-08,3176,1.0265,74.3073,0.8501,1.1965,3175,2.4155,82.3937,2.9291,4.7244,3175,-0.303,45.0079,14.5827,4.315,3175,-2.3355,34.2677,27.6535,7.8425,3175,0.9552,55.2441,16.9134,19.5906,1173,1.1925,78.9429,0.5968,0.682,1173,3.0812,89.6846,1.4493,3.8363,1173,0.1082,50.9804,8.8662,3.8363,1173,-2.4527,31.7988,25.2344,6.3939,1173,-0.761,45.1833,24.2967,13.3845,724,0.738,65.884,0.8287,1.3812,724,1.2508,68.232,4.6961,4.9724,724,-0.7782,38.5359,21.9613,4.8343,724,-1.6546,40.4696,29.0055,10.7735,724,4.3277,69.337,9.9448,31.0773,0.902157109897539,-2.5344652898010245,5.286593486467028,-1.661976233255913,-1.2409678416466563,-1.256336423009352,-0.7823229991001157,59,4,0.313953488372093,14563.160941781189,0.932781251539319,1,1,1,1,44.8653,caution,caution,谨慎,观察为主,5日上涨占比45.0%；10日上涨占比34.3%；10日中位涨跌幅-2.3%
2025-09-09,3176,-0.6924,30.0063,1.7317,0.7242,3175,1.7804,79.4961,1.8898,5.7638,3175,0.1279,50.8031,11.1496,5.2913,3175,-3.0695,29.0709,34.3937,7.1496,3175,0.4695,52.4409,19.8425,18.4252,1172,-0.7077,27.4744,1.1092,0.5973,1172,1.7634,80.2048,1.5358,4.6075,1172,0.2946,54.5222,7.0819,4.5222,1172,-3.3749,27.0478,34.3003,5.3754,1172,-1.0593,43.6007,25.9386,13.1399,724,-0.4449,36.7403,1.5193,0.4144,724,1.9251,77.9006,1.105,7.8729,724,-0.276,45.442,15.6077,5.663,724,-2.2136,35.4972,31.2155,9.6685,724,3.5656,66.989,11.326,28.0387,-1.1627164709102855,-1.2012047117410662,3.7683997569651684,-0.47006262589077696,-1.2068805177063768,-1.3177641809897,-0.14810830804745656,49,6,0.3466666666666667,13221.419216158525,0.8417634943155693,1,1,1,1,48.4187,caution,caution,谨慎,观察为主,5日上涨占比50.8%；10日上涨占比29.1%；10日中位涨跌幅-3.1%
2025-09-10,3177,-0.064,44.9481,0.5666,0.6925,3177,0.3817,56.248,3.2106,3.2421,3176,1.8168,72.5126,4.5025,6.4547,3176,-0.557,44.9307,19.5844,9.3829,3176,0.1476,50.4408,20.2141,17.0655,1173,0.2513,56.8627,0.5968,0.5115,1173,0.9197,64.1944,2.3018,3.4101,1173,2.7778,82.3529,2.387,7.7579,1173,0.0,48.7639,16.283,9.2072,1173,-0.6678,45.8653,24.2114,13.9812,724,-0.3825,30.9392,0.4144,0.8287,724,0.0695,50.4144,3.0387,2.7624,724,0.652,58.8398,6.6298,4.2818,724,-0.6143,44.8895,19.7514,11.4641,724,2.2986,60.3591,12.2928,25.0,0.05729427248113428,0.32319136122758163,2.347481055503353,0.9266660372195368,-0.3243330193602123,-0.03501718055003433,0.1688606584155039,43,3,0.38571428571428573,12005.956798447905,0.7669461096289787,1,1,1,1,67.611,attack,attack,攻击,可参与,5日全市场上涨占比72.5%；5日全市场中位涨跌幅1.8%；5日小盘上涨占比82.4%
2025-09-11,3174,0.6509,73.2514,0.189,1.0397,3174,0.1897,52.5835,2.0479,3.1506,3173,2.8169,87.4882,1.4182,10.2112,3173,0.1393,50.6461,14.8125,10.3057,3173,2.5471,64.2925,10.8415,23.4163,1173,0.3819,63.4271,0.0853,0.5968,1173,0.0825,50.4689,1.5345,2.8986,1173,2.6339,86.5303,1.364,8.0989,1173,0.8463,56.4365,11.2532,10.0597,1173,1.8379,60.0171,12.532,18.2438,724,1.2025,84.3923,0.1381,2.3481,724,0.7273,61.7403,2.2099,4.558,724,3.5468,88.1215,0.4144,14.0884,724,-0.0098,48.6188,14.9171,12.5691,724,5.0527,73.2044,6.6298,35.4972,2.347353542749042,5.094775368084514,6.068926519254858,6.3336721879759805,4.1882535507754115,2.90592422336593,9.995521654169037,74,3,0.25252525252525254,14413.742764012175,0.919427041595745,1,1,1,1,78.2351,attack,attack,攻击,可参与,5日全市场上涨占比87.5%；5日全市场中位涨跌幅2.8%；5日小盘上涨占比86.5%
2025-09-12,3176,-0.4215,36.6184,0.8816,1.102,3176,0.5187,58.8476,1.5428,4.471,3176,1.0532,67.1599,2.6134,6.801,3175,0.1484,51.0551,12.9134,10.3937,3175,1.2097,56.1575,15.5276,19.3071,1173,-0.5135,31.5431,0.8525,0.9378,1173,0.3534,56.266,1.9608,3.3248,1173,0.942,66.7519,2.6428,5.9676,1173,0.9204,57.63,8.4399,11.3384,1173,0.5634,52.1739,16.965,14.8338,724,-0.4422,39.0884,0.8287,1.5193,724,0.7599,61.0497,0.5525,7.4586,724,1.4211,68.5083,2.2099,8.4254,724,-0.3521,46.8232,16.5746,11.326,724,3.4098,65.884,10.9116,30.1105,0.3108021105299841,2.4458396997819376,4.290600089702834,3.3815053882632506,1.3827042061442585,1.5235116626316714,2.1040598935629706,61,2,0.26506024096385544,15361.714430590911,0.9746513699819649,1,1,1,1,62.6851,attack,attack,攻击,可参与,5日全市场上涨占比67.2%；5日全市场中位涨跌幅1.1%；5日小盘上涨占比66.8%
2025-09-15,3175,-0.4603,34.7087,0.9764,1.3228,3175,0.1558,52.2205,2.0472,4.4724,3175,-0.3894,43.3386,4.9764,5.8583,3174,-0.625,44.2029,16.8557,8.7587,3174,0.3379,51.4178,20.983,17.9584,1172,-0.4059,35.8362,0.8532,1.4505,1172,-0.2583,43.7713,3.0717,3.3276,1172,-0.5991,40.785,4.8635,4.9488,1172,-0.1785,48.2935,13.1399,7.8498,1172,-0.2291,48.8055,21.2457,14.8464,724,-0.5017,32.8729,0.9669,0.8287,724,0.9541,61.6022,0.5525,6.3536,724,0.112,50.6906,2.6243,7.7348,724,-0.8332,42.1271,19.4751,10.221,724,2.1244,60.0829,15.1934,26.2431,-0.09852369518242865,1.429849672569583,2.4589540142979427,2.0772793429697956,1.4657263709584756,0.8796525029118651,4.531975220356532,59,5,0.34444444444444444,13864.712086794527,0.8869601875909654,1,1,1,1,45.3344,caution,caution,谨慎,观察为主,5日上涨占比43.3%；10日上涨占比44.2%；10日中位涨跌幅-0.6%
2025-09-16,3176,0.5536,64.2317,0.4093,1.2594,3176,0.0,49.2128,2.3615,3.6839,3176,1.0149,62.2796,3.0542,8.1234,3175,1.1178,60.9449,7.4961,11.3701,3175,0.5051,52.315,19.8425,18.4567,1173,0.982,76.0443,0.4263,0.8525,1173,0.2793,54.1347,2.4723,2.8986,1173,1.1701,67.6044,3.1543,6.8201,1173,1.7809,69.5652,4.6888,10.4007,1173,-0.2315,48.4228,20.7161,14.3223,724,-0.147,44.1989,0.0,1.5193,724,-0.5758,41.8508,2.4862,4.1436,724,0.5794,55.663,2.6243,10.0829,724,0.3352,52.7624,11.326,11.7403,724,2.4476,60.221,15.1934,27.6243,0.9177593887542912,3.5648977653379488,3.3243656840358904,3.7816282261257106,1.9628770948058483,1.4333756302346456,7.638549992391819,61,1,0.32222222222222224,14460.482770992028,0.9289707266948829,1,1,1,1,62.669,attack,attack,攻击,可参与,5日全市场上涨占比62.3%；5日全市场中位涨跌幅1.0%；5日小盘上涨占比67.6%
2025-09-17,3175,-0.1328,43.3071,0.7244,1.1339,3175,0.266,53.0709,2.7717,4.7874,3175,1.0853,60.7244,3.4646,8.5669,3174,3.1448,78.5759,3.9067,15.7845,3174,-0.3398,48.1096,23.472,16.1626,1173,-0.491,31.7988,1.023,0.682,1173,0.3571,55.7545,2.6428,3.8363,1173,0.5882,57.0332,4.7741,5.8824,1173,3.6545,84.2285,2.5575,14.4075,1173,-1.5284,40.8355,27.451,11.2532,724,0.3975,60.0829,0.4144,1.2431,724,0.0122,50.0,2.3481,5.2486,724,1.8452,65.6077,1.5193,11.7403,724,2.4735,70.9945,4.6961,16.4365,724,2.3063,59.116,16.4365,26.3812,0.9512003816544379,4.490140602269288,3.41321635637164,4.730538578359389,2.3768150056703075,1.681951194227671,8.369635357775262,61,0,0.27380952380952384,14414.235504965282,0.9281693281758764,1,1,1,1,61.8866,attack,attack,攻击,可参与,5日全市场上涨占比60.7%；5日全市场中位涨跌幅1.1%；5日小盘上涨占比57.0%
2025-09-18,3175,-1.8182,17.1339,2.2047,0.8819,3175,-1.1111,32.4724,7.0236,3.7165,3175,-1.4925,34.0787,12.189,5.4488,3174,1.5059,63.9256,4.9149,15.1859,3174,-1.8806,40.2647,32.2936,14.7763,1172,-1.9811,14.0785,1.9625,0.8532,1172,-1.2626,29.1809,7.1672,2.3038,1172,-1.7742,31.1433,13.0546,3.8396,1172,1.1493,63.0546,4.9488,10.5802,1172,-3.2997,32.8498,38.9078,10.0683,724,-1.6373,20.7182,2.7624,1.6575,724,-1.081,34.6685,9.2541,5.1105,724,-1.3389,36.1878,13.674,7.0442,724,1.9038,64.6409,5.5249,20.0276,724,0.4022,51.6575,21.8232,23.895,-1.037888101127593,1.034024121508681,3.0752592711424276,1.083544789745683,-1.0977379349255023,-1.1264442524253737,1.3787119621627042,45,0,0.5833333333333334,19229.633605083927,1.2228113689032536,1,1,1,1,39.7753,caution,caution,谨慎,观察为主,5日上涨占比34.1%；10日上涨占比63.9%；10日中位涨跌幅1.5%
2025-09-19,3176,-0.3802,40.2708,2.8967,0.9761,3176,-2.099,22.8904,11.8388,2.267,3176,-1.6721,31.3602,12.7204,4.4395,3176,-0.3376,46.4421,10.0126,10.1071,3175,-2.2701,37.8898,33.9843,13.3543,1173,-0.6704,32.9923,2.2165,1.2788,1173,-2.9412,15.1748,16.7093,1.9608,1173,-2.0095,25.3197,13.2992,3.5806,1173,-0.8078,41.5175,10.7417,7.4169,1173,-3.5256,30.52,39.6419,9.5482,724,0.0,49.5856,2.7624,0.8287,724,-0.9774,35.0829,6.4917,2.7624,724,-1.2743,37.9834,12.4309,5.8011,724,0.3337,52.6243,9.5304,14.6409,724,-0.0899,49.4475,25.9669,21.4088,-0.5111188510195208,0.20617726446070517,1.021998061752405,0.3161820639782098,-0.44401832995060175,-1.304940342041172,2.3367787338653745,46,24,0.3783783783783784,14396.134496372595,0.9185483409484532,1,1,1,1,35.282,caution,caution,谨慎,观察为主,5日上涨占比31.4%；10日上涨占比46.4%；10日中位涨跌幅-0.3%
2025-09-22,3174,-0.6665,33.2388,1.7013,0.9767,3174,-2.6466,19.5652,15.0599,2.3945,3174,-1.9762,29.017,15.1229,4.9464,3174,-1.8894,35.9483,21.8336,9.0737,3173,-3.664,31.6735,42.0422,12.2282,1172,-0.8579,27.8157,2.3891,0.6826,1172,-3.3418,14.1638,20.9044,1.8771,1172,-2.7431,21.9283,20.1365,3.3276,1172,-2.7672,29.0102,25.5973,5.802,1172,-4.6322,26.6212,48.3788,8.5324,724,-0.4567,40.7459,0.6906,0.6906,724,-1.8659,25.5525,7.7348,3.0387,724,-1.2379,35.6354,10.9116,7.3204,724,-0.7612,44.8895,16.8508,14.6409,724,-1.9752,39.779,34.5304,18.9227,0.6895455610046675,0.9966501433719577,0.1571386389020768,1.229661482665012,-0.2304780856762889,-0.8270216352084248,1.3602232927977687,56,8,0.30864197530864196,12867.329663774126,0.8371908123104891,1,1,1,1,32.4329,defense,defense_active_decline,防守-持续下跌,暂停新开仓,5日全市场上涨占比29.0%；5日小盘上涨占比21.9%
2025-09-23,3176,-1.4063,21.9144,3.7783,0.5982,3176,-2.1665,24.0239,16.1524,2.5819,3176,-3.7565,21.1272,36.3035,3.7154,3176,-2.7134,31.9899,30.2582,9.194,3175,-5.2632,26.3937,51.1496,10.8346,1173,-1.6667,15.7715,4.6888,0.8525,1173,-2.9412,17.3061,21.5686,1.9608,1173,-5.1251,14.4075,51.7477,2.5575,1173,-3.928,24.8934,39.3862,5.3708,1173,-6.8182,20.5456,60.6138,6.7349,724,-0.802,33.1492,1.5193,0.4144,724,-0.8419,34.8066,7.5967,3.1768,724,-1.8413,30.8011,15.7459,5.2486,724,-1.4015,40.884,20.5801,15.1934,724,-2.7661,36.0497,37.9834,18.3702,-1.0869822389767525,-1.0096586572807098,-0.9148451824947501,-0.1429441008479304,-0.07867201218957343,-1.0366079333014477,0.8912551688679216,42,11,0.34375,15183.323330650628,0.9921980834333309,1,1,1,1,23.472,defense,defense_pressure,防守-弱势承压,暂停新开仓,5日全市场上涨占比21.1%；5日全市场中位涨跌幅-3.8%；5日小盘上涨占比14.4%
2025-09-24,3175,1.0318,79.7795,1.1339,1.3228,3174,-0.681,37.7442,5.9861,2.9931,3174,-2.6644,24.3856,23.0309,3.7492,3174,-1.6652,36.988,20.4474,11.1531,3173,-1.9549,39.9622,29.4359,15.0646,1173,1.1538,83.4612,0.682,1.1083,1173,-1.0386,31.3725,8.6104,1.8755,1173,-3.5971,17.3061,31.202,2.8133,1173,-3.125,27.2805,29.0708,6.6496,1173,-3.0441,32.3956,33.3333,10.4007,724,0.7451,73.3425,1.5193,1.6575,724,-0.1329,46.8232,2.4862,4.9724,724,-1.6506,33.2873,12.7072,5.2486,724,-0.1551,48.4807,11.0497,18.232,724,0.3062,51.5193,22.6519,22.5138,1.7029160810608568,-0.2725441564565556,2.694999018333477,0.8770480771629341,0.33064653815197964,-0.5855702732440404,1.2145314587969969,66,9,0.3125,13666.739448147004,0.9095533264445063,1,1,1,1,28.209,defense,defense_repair,防守-修复观察,暂停新开仓,5日全市场上涨占比24.4%；5日小盘上涨占比17.3%
2025-09-25,3175,-0.8767,25.3543,1.5118,0.7559,3174,-0.884,34.7196,6.9943,2.2684,3174,-1.7321,31.2854,15.942,4.0328,3174,-3.1809,30.1197,32.7662,8.1285,3173,-2.6813,35.0142,34.4469,13.0791,1173,-1.1338,16.5388,1.6198,0.7673,1173,-1.3333,25.4902,8.6957,1.705,1173,-2.6558,21.0571,21.9949,2.2165,1173,-4.5101,20.8866,43.8193,4.8593,1173,-3.7578,27.9625,38.0222,9.1219,723,-0.4149,38.036,0.5533,0.8299,723,-0.0713,48.4094,4.426,3.5961,723,-0.2252,46.1964,6.7773,6.3624,723,-1.5009,41.4938,21.4385,13.6929,723,-0.898,45.2282,28.3541,20.332,-0.3677871304646918,0.4027391785513812,0.7976557241982984,1.9644903108700484,2.120413266997301,0.564922813273272,4.519390337623452,37,6,0.3148148148148148,14224.404209010014,0.9573484134013301,1,1,1,1,31.9745,defense,defense_pressure,防守-弱势承压,暂停新开仓,5日小盘上涨占比21.1%
2025-09-26,3175,-0.2825,39.4646,3.4961,0.7244,3175,0.0,49.1024,5.8583,2.7087,3174,-1.6417,29.5526,14.8393,3.6862,3174,-3.1708,27.5677,30.8444,6.8998,3173,-2.8316,34.2263,33.659,12.2597,1173,0.0,47.9966,1.8755,0.7673,1173,0.0,49.6164,4.3478,2.387,1173,-2.0864,23.5294,17.0503,2.8133,1173,-4.0097,19.0963,37.7664,4.7741,1173,-3.1746,29.6675,33.6743,9.8892,723,-0.4178,34.5781,5.8091,0.1383,723,0.2379,53.112,7.0539,2.9046,723,-0.6388,40.8022,10.2351,4.5643,723,-1.6925,38.1743,20.0553,10.7884,723,-1.7964,42.047,31.2586,17.2891,-1.4510466938015054,-0.5458223989396771,-0.5523468979368396,0.9840888075068221,1.0690817550158327,0.20985372750701448,1.958147248943587,42,21,0.34375,13173.475622964277,0.8983165543875005,1,1,1,1,31.6349,defense,defense_repair,防守-修复观察,暂停新开仓,5日全市场上涨占比29.6%；5日小盘上涨占比23.5%
2025-09-29,3171,0.5055,64.8691,0.8199,0.7253,3171,-0.5195,39.4828,5.3926,1.9552,3170,-0.473,42.2397,10.1893,3.9432,3170,-2.1993,32.4606,24.4479,7.8549,3169,-2.5899,34.5219,32.4708,12.3698,1172,0.4721,64.9317,1.0239,0.4266,1172,-0.5525,37.0307,5.9727,1.6212,1172,-0.8075,37.9693,11.2628,2.7304,1172,-3.1788,23.3788,31.1433,4.9488,1172,-3.4826,27.9863,37.116,8.7884,723,0.8427,69.5712,0.2766,0.9682,723,0.1835,51.5906,4.0111,3.0429,723,0.4843,55.0484,7.4689,6.2241,723,-0.3012,47.1646,12.5864,13.1397,723,-0.8889,44.9516,23.0982,18.3956,1.3550549318133376,0.11152178501510068,-0.04422656195185448,1.736049496478831,2.154615213169042,0.8868910125445106,4.186915014582415,45,3,0.35714285714285715,13329.207206332696,0.920308445667222,1,1,1,1,42.1755,caution,caution,谨慎,观察为主,5日上涨占比42.2%；10日上涨占比32.5%；10日中位涨跌幅-2.2%
2025-09-30,3172,0.0,45.8071,0.6936,0.8512,3172,0.3019,53.8146,4.4136,3.0895,3172,0.6091,57.3455,5.9899,5.9584,3171,-2.7702,30.1798,29.3598,7.1586,3170,-1.5768,39.8107,25.2997,14.3533,1173,-0.1789,39.4714,0.8525,0.2558,1173,0.3215,55.925,3.5806,1.8755,1173,0.4444,55.8397,6.2234,3.4953,1173,-4.1808,18.3291,41.5175,3.4953,1173,-2.6941,31.202,29.838,8.5251,723,0.0805,50.4841,0.2766,1.5214,723,0.8287,60.5809,4.8409,5.3942,723,1.7222,63.2089,5.6708,10.3734,723,0.0,49.9308,11.4799,13.8313,723,0.7722,52.0055,18.1189,23.9281,1.0287282022955146,2.25286775470277,3.569659528569935,3.2260679046429708,2.6752508049012302,1.5946459404149183,3.9687011266143157,44,4,0.36231884057971014,13240.370218327422,0.9278982492258087,1,1,1,1,53.7721,attack,attack,攻击,可参与,5日全市场上涨占比57.3%；5日全市场中位涨跌幅0.6%；5日小盘上涨占比55.8%
2025-10-09,3168,0.5351,60.2904,2.178,1.5783,3167,1.157,66.0878,3.4733,6.7572,3167,0.0475,50.0789,8.3044,6.694,3166,-2.1879,33.5755,27.7322,8.0859,3165,1.0848,56.6193,14.1548,19.0521,1171,-0.0798,46.1144,2.6473,0.854,1171,0.3623,56.1059,4.526,2.2203,1171,-0.6616,39.0265,10.5038,2.4765,1171,-3.9604,20.1537,40.1366,2.9035,1171,-0.4556,46.029,16.8232,11.2724,722,1.3398,71.8837,1.9391,3.0471,722,2.8847,77.8393,1.662,15.2355,722,1.9712,65.7895,5.8172,15.374,722,0.6693,54.2936,12.1884,17.59,722,4.5008,71.0526,10.3878,31.9945,0.9648786275935795,1.510839413379128,6.121605425751908,3.0751261522627527,3.1408010581001067,2.0845266849112365,2.393640022264143,78,16,0.3445378151260504,16329.33034232647,1.1373567053186306,1,1,1,1,46.5634,caution,caution,谨慎,观察为主,5日上涨占比50.1%；10日上涨占比33.6%；10日中位涨跌幅-2.2%
2025-10-10,3169,0.4785,60.65,3.2187,0.9151,3168,1.0401,65.2462,4.7664,4.3245,3168,1.4439,65.1515,8.649,7.3232,3167,-0.1059,48.9106,17.7455,9.6937,3166,1.7199,59.8547,12.9501,21.1308,1172,0.7578,71.7577,1.0239,0.9386,1172,0.6414,60.4096,4.0102,2.6451,1172,1.3818,64.9317,6.6553,4.1809,1172,-1.1504,37.372,21.6724,4.7782,1172,-0.1708,48.2082,16.2969,12.2867,722,-0.0087,46.5374,8.0332,0.277,722,1.3458,66.6205,6.0942,6.6482,722,2.0028,68.8366,11.3573,11.7729,722,2.1196,65.2355,11.0803,17.867,722,5.387,74.7922,8.0332,34.626,-1.493611648027049,0.36378678332698033,6.996944989588627,0.7750686599602208,0.5082543492281211,1.1347669833621454,-3.7858963049477556,51,9,0.3625,15870.925473656112,1.1036275463950433,1,1,1,1,60.8613,attack,attack,攻击,可参与,5日全市场上涨占比65.2%；5日全市场中位涨跌幅1.4%；5日小盘上涨占比64.9%
2025-10-13,3170,-0.7914,27.5394,1.6404,0.7886,3170,0.2571,52.3344,8.8328,4.4479,3169,0.9901,60.4923,8.1414,8.3938,3168,-0.3612,46.3699,18.6869,9.6907,3168,-0.4385,47.0644,21.2121,15.625,1171,-0.766,24.1674,0.9394,0.427,1171,0.0,49.1887,6.3194,2.5619,1171,0.5693,56.3621,7.5149,4.3553,1171,-1.2514,38.0871,20.7515,5.1238,1171,-1.8711,35.4398,26.6439,9.3083,723,-0.7578,33.195,3.0429,1.3831,723,0.5302,55.325,12.8631,5.9474,723,1.8889,66.1134,9.4053,14.3845,723,1.55,59.6127,13.4163,16.7358,723,2.6608,64.0387,11.8949,26.0028,-0.18657865217672764,1.6515407032458462,3.7829036305422337,1.873413338547425,0.9654797760735967,1.6038270622600326,-2.3089611175829305,50,2,0.2857142857142857,14762.559326958206,1.0231213372338075,1,1,1,1,57.1045,attack,attack,攻击,可参与,5日全市场上涨占比60.5%；5日全市场中位涨跌幅1.0%；5日小盘上涨占比56.4%
2025-10-14,3170,-0.3632,40.3785,4.8265,0.5994,3170,-0.3372,45.3943,16.2145,2.9653,3169,0.3419,52.7611,14.7365,6.3427,3168,0.0,49.8106,21.149,9.8169,3168,-1.7865,39.3308,29.7033,12.0581,1171,-0.089,44.8335,1.6225,0.6832,1171,0.1819,51.836,6.7464,2.3911,1171,0.0,49.3595,10.6746,4.1845,1171,-0.5988,44.4065,21.0077,6.661,1171,-3.3003,27.7541,36.7208,7.6003,723,-0.7243,37.7593,12.3098,0.4149,723,-0.9402,38.8658,28.6307,2.0747,723,1.0395,57.8147,18.5339,7.8838,723,1.5474,60.166,19.3638,15.7676,723,0.9851,57.2614,16.5975,18.8105,-1.9496809713539398,-1.6628622774469526,0.8496458565377063,-2.118328428287486,-1.7529756369883964,0.06982984761005895,-8.709937106778387,35,5,0.5679012345679012,16674.237300831388,1.1472180740433255,1,1,1,1,50.3457,caution,caution,谨慎,观察为主,5日上涨占比52.8%；10日上涨占比49.8%；10日中位涨跌幅0.0%
2025-10-15,3170,0.9121,77.8864,0.7886,1.1356,3170,0.0363,50.0315,5.489,2.8076,3170,1.262,62.3344,10.8833,6.4669,3169,2.2412,66.6772,12.4961,13.3165,3168,-0.2393,47.9798,19.9179,15.3093,1171,1.005,81.725,0.7686,0.854,1171,0.299,56.4475,3.0743,2.3911,1171,1.2785,63.7916,7.0026,5.2092,1171,2.1277,66.2681,10.6746,9.9061,1171,-1.74,36.7208,25.2775,9.9915,723,0.7774,72.1992,0.6916,0.8299,723,-0.2442,45.7815,10.5118,2.6279,723,1.1737,61.1342,17.0124,6.2241,723,2.6866,69.5712,14.2462,18.5339,723,2.3995,63.0705,12.1715,24.343,1.4959246331575748,-1.2081128157574783,3.5624178412712038,-1.596885011813498,-0.7413891910767245,0.758016671262185,-6.555975626036803,56,5,0.2112676056338028,13557.154492703596,0.9316810118473786,1,1,1,1,60.3926,attack,attack,攻击,可参与,5日全市场上涨占比62.3%；5日全市场中位涨跌幅1.3%；5日小盘上涨占比63.8%
2025-10-16,3173,-1.0661,23.5739,1.7964,0.6934,3173,-0.2972,43.5865,7.879,2.5213,3173,-0.3173,45.7611,17.5228,4.5383,3172,0.2508,51.5763,19.8928,8.8588,3171,-1.1264,42.8887,25.8278,13.5604,1172,-1.1266,19.7952,1.8771,0.5119,1172,0.0,46.5017,3.5836,2.3038,1172,0.2142,52.1331,8.1058,4.0956,1172,-0.1626,47.6109,17.7474,5.6314,1172,-2.9233,30.2048,33.1058,8.5324,723,-0.6658,33.61,2.3513,0.6916,723,-0.495,44.1217,14.2462,1.9364,723,-1.2636,41.0788,28.6307,3.4578,723,1.6075,62.2407,20.0553,14.1079,723,1.9531,62.2407,13.6929,22.13,-1.0905599810996258,-3.219313759138398,2.374352916124578,-4.204427794769017,-1.9335502290910078,-0.4510555285034523,-6.878968257617979,38,5,0.32142857142857145,12430.846066873215,0.853032921725292,1,1,1,1,47.0456,caution,caution,谨慎,观察为主,5日上涨占比45.8%；10日上涨占比51.6%；10日中位涨跌幅0.3%
2025-10-17,3175,-1.6757,12.7244,8.9449,0.6614,3175,-1.6324,24.6929,13.6378,1.6693,3175,-2.5526,24.8189,29.1024,3.2126,3174,-0.543,45.7152,26.528,7.3724,3173,-3.6824,29.2153,41.6325,8.6669,1172,-1.3377,14.5904,4.7782,0.7679,1172,-1.2666,26.5358,8.0205,1.4505,1172,-1.8229,25.3413,18.6007,3.0717,1172,-0.543,45.9044,22.099,5.8874,1172,-4.6523,21.843,47.8669,6.1433,724,-2.093,11.326,12.8453,0.2762,724,-1.6849,26.9337,19.0608,0.5525,724,-3.212,27.2099,37.9834,2.2099,724,0.4458,52.0718,28.0387,8.7017,724,-1.6145,41.0221,29.9724,11.8785,-2.923049850797177,-4.623710088325572,-2.8974408171240085,-5.165536956362271,-2.2222934109761616,-1.469653246790814,-5.714016176151693,33,28,0.35294117647058826,12652.339661143596,0.873511447113272,1,1,1,1,28.9161,defense,defense_pressure,防守-弱势承压,暂停新开仓,5日全市场上涨占比24.8%
2025-10-20,3175,0.8547,71.4961,1.0079,1.2598,3174,-1.8236,24.5747,15.4694,1.7013,3174,-1.041,38.7839,18.3995,3.4657,3173,0.4505,53.2934,18.815,9.0136,3172,-2.5976,33.4489,34.4578,9.773,1172,1.327,81.1433,0.7679,1.5358,1172,-1.091,31.058,8.0205,1.7065,1172,0.1347,51.1092,7.9352,3.413,1172,0.8279,56.57,13.5666,8.0205,1172,-2.963,28.9249,36.0922,7.8498,724,0.3766,61.0497,1.3812,0.4144,724,-2.5269,22.5138,22.0994,1.105,724,-2.2329,31.0773,29.4199,2.9006,724,0.8183,55.5249,22.6519,10.0829,724,-0.7352,44.1989,25.9669,12.0166,0.7474297360950732,-3.731222348532337,-2.4747778639796603,-4.160777519765446,-1.2137279266762002,-0.6584287315739235,-2.7708342407596565,65,3,0.2857142857142857,11091.705418075702,0.7772222406212747,1,1,1,1,43.2824,caution,caution,谨慎,观察为主,5日上涨占比38.8%；10日上涨占比53.3%；10日中位涨跌幅0.5%
2025-10-21,3174,1.2414,83.4594,0.3151,1.1657,3173,0.3067,54.554,4.6013,2.5213,3173,0.6637,58.1784,6.965,4.5068,3172,1.1045,57.7869,16.2989,9.0794,3171,-0.9859,42.2895,26.1116,11.9521,1171,1.5734,86.6781,0.2562,1.1956,1171,1.5968,74.0393,2.7327,3.3305,1171,1.8657,74.8933,3.6721,5.2092,1171,2.012,66.6951,10.0769,8.6251,1171,-1.2376,39.7096,25.7899,9.9915,724,0.8926,77.0718,0.2762,0.8287,724,-0.7503,33.9779,6.768,0.8287,724,-0.3446,44.8895,11.7403,3.453,724,0.0489,50.1381,22.5138,9.2541,724,0.4703,52.0718,20.8564,15.4696,1.4485374699318765,-0.3947483954013675,-0.9645150593998064,-0.128243102299741,1.5158872828506142,1.3221286842804991,4.321154610119393,68,3,0.23595505617977527,11921.725346576097,0.8411095569631967,1,1,1,1,60.3159,attack,attack,攻击,可参与,5日全市场上涨占比58.2%；5日全市场中位涨跌幅0.7%；5日小盘上涨占比74.9%
2025-10-22,3173,-0.1207,43.9017,1.6703,0.9455,3173,2.0979,79.0734,1.9855,4.5068,3172,-0.5112,44.1677,13.7453,3.5309,3172,0.9795,55.9899,18.9786,8.9218,3170,-1.6284,39.4322,30.0946,10.6309,1171,0.211,57.0453,1.1956,1.4518,1171,3.3228,88.1298,1.4518,5.2092,1171,0.9009,61.2297,6.7464,4.526,1171,2.4528,68.6593,9.5645,9.8207,1171,-1.8059,37.1477,28.6934,8.9667,724,-0.4924,34.6685,1.3812,0.2762,724,0.9077,68.0939,2.6243,3.1768,724,-1.6834,30.8011,19.337,1.5193,724,-0.9986,42.9558,29.4199,6.9061,724,-0.1906,49.3094,24.4475,14.3646,-0.4335048627413407,-2.2882363466364186,-2.290576113869469,-2.2693140695037473,-0.297808133095645,0.03957098923255131,1.105530966278656,55,5,0.27631578947368424,10643.753053428305,0.7611939323118354,1,1,1,1,49.5131,caution,caution,谨慎,观察为主,5日上涨占比44.2%；10日上涨占比56.0%；10日中位涨跌幅1.0%
2025-10-23,3176,0.3619,60.5164,1.6058,0.9446,3175,1.6739,73.6693,3.1496,3.2441,3174,0.8247,59.2628,9.8299,4.3163,3174,0.7818,54.8204,21.8336,8.0655,3172,-1.1,42.3707,29.256,10.9079,1171,0.4206,63.6208,1.3664,1.0248,1171,2.4313,82.6644,2.1349,3.8429,1171,2.6287,75.8326,5.6362,6.234,1171,3.1439,71.6482,8.8813,10.0769,1171,-0.9191,42.6985,25.9607,9.9915,724,0.3922,60.0829,1.2431,0.4144,724,0.8497,63.674,3.0387,1.9337,724,-0.6148,41.4365,13.3978,1.5193,724,-2.1632,37.2928,37.8453,5.3867,724,-0.2979,48.7569,27.2099,13.674,-0.056218297888055435,-1.2664193181760597,-3.265644249940025,-1.2249130668493313,-0.2614984192219172,0.1578585312193237,0.8138524968852812,49,9,0.3,10711.162508626105,0.7762939497498105,1,1,1,1,60.3997,attack,attack,攻击,可参与,5日全市场上涨占比59.3%；5日全市场中位涨跌幅0.8%；5日小盘上涨占比75.8%
2025-10-24,3176,-0.156,44.9307,1.5743,0.8186,3175,0.1838,52.7559,3.6535,2.0472,3175,2.4812,79.0236,3.4646,7.3386,3174,0.0,49.2439,16.5406,6.4587,3172,0.136,50.3153,22.8247,13.3039,1171,-0.4458,38.6849,2.3911,0.6832,1171,0.3717,56.0205,3.1597,1.9641,1171,3.5431,84.8847,2.8181,8.5397,1171,1.6623,65.2434,9.0521,7.3442,1171,0.463,52.1776,19.5559,11.7848,724,0.2947,55.3867,0.2762,1.2431,724,0.1951,53.5912,2.2099,1.3812,724,1.6491,73.2044,3.5912,6.9061,724,-1.3986,37.0166,24.5856,5.8011,724,1.196,57.1823,21.9613,18.232,1.5207237471543955,3.25318784285209,-0.7646298313012112,3.4558995959288463,3.2441602225139254,2.8792511856159164,8.04664884131463,50,9,0.2857142857142857,11976.375676295207,0.8914207336624872,1,1,1,1,73.4516,attack,attack,攻击,可参与,5日全市场上涨占比79.0%；5日全市场中位涨跌幅2.5%；5日小盘上涨占比84.9%
2025-10-27,3178,0.3379,61.0761,1.1013,0.7867,3177,0.7508,61.7879,3.6198,3.2106,3176,2.027,76.1335,3.1801,6.0139,3175,1.0955,59.5906,11.4331,7.874,3173,0.7924,54.8062,18.8465,14.6864,1173,0.0928,51.9182,1.023,0.4263,1173,0.25,53.3674,4.7741,2.1313,1173,2.1669,78.2609,3.2396,4.4331,1173,2.3333,71.6965,6.3086,8.4399,1173,1.0121,58.0563,16.965,12.0205,725,0.8935,74.3448,0.6897,0.9655,724,1.6701,75.4144,1.105,5.3867,724,2.2642,75.6906,2.7624,9.2541,724,0.2898,52.4862,17.1271,8.9779,724,1.9881,60.3591,17.2652,21.2707,1.0263578111123994,3.539053328451569,0.7689291345889027,4.38145149431346,3.9178024882486673,3.443467864505334,8.050887955586038,48,7,0.42857142857142855,14359.159651922093,1.06892223233375,1,1,1,1,71.2468,attack,attack,攻击,可参与,5日全市场上涨占比76.1%；5日全市场中位涨跌幅2.0%；5日小盘上涨占比78.3%
2025-10-28,3177,-0.2177,41.5486,1.7941,1.0387,3176,0.0622,50.3149,4.8174,4.4081,3175,0.5088,56.6929,5.3858,4.5039,3174,1.2488,62.0668,9.8929,9.0737,3172,1.3961,57.6293,18.884,15.0378,1172,0.0,48.6348,1.5358,1.1092,1172,-0.1949,45.9044,5.9727,2.8157,1172,0.5746,57.9352,5.2048,4.6928,1172,2.4619,73.1229,6.9113,10.1536,1172,2.0313,61.9454,15.785,14.9317,725,-0.5603,31.8621,2.4828,1.2414,724,0.478,57.0442,1.9337,7.7348,724,0.7188,59.2541,4.558,6.0773,724,0.436,53.7293,13.5359,10.6354,724,1.8015,60.9116,19.7514,19.4751,-0.21562740402155667,1.8405955691894516,-0.1369574682263619,2.162740494075388,1.8251702548562676,1.8356895260315254,4.7299982939412955,50,5,0.32432432432432434,13266.097569924297,0.98608907873669,1,1,1,1,56.89,attack,attack,攻击,可参与,5日全市场上涨占比56.7%；5日全市场中位涨跌幅0.5%；5日小盘上涨占比57.9%
2025-10-29,3178,0.0,47.9547,1.2901,0.9755,3178,0.2592,53.2725,4.4682,3.8389,3177,0.6383,56.8461,6.012,6.8618,3175,0.3009,52.6929,11.9055,7.748,3174,2.5924,64.4297,14.7133,18.62,1173,-0.731,26.6837,1.9608,0.682,1173,-0.5818,37.6812,6.6496,2.6428,1173,-0.4184,43.8193,8.5251,3.8363,1173,0.692,56.607,11.3384,6.9054,1173,2.8274,66.7519,13.7255,16.8798,725,1.0916,73.1034,0.4138,1.7931,725,1.8618,72.0,1.6552,6.4828,724,2.5504,73.4807,2.2099,13.5359,724,1.0214,56.9061,10.3591,11.1878,724,3.3964,67.9558,12.2928,24.8619,1.2019433574699923,3.5133974543947843,2.1739524540882016,4.944800556012119,3.3808477606220633,2.620841924395112,8.660492177475309,53,2,0.3764705882352941,13882.53296825931,1.0369226410303614,1,1,1,1,53.9369,caution,caution,谨慎,观察为主,5日上涨占比56.8%；10日上涨占比52.7%；10日中位涨跌幅0.3%
2025-10-30,3176,-1.0676,24.5277,3.3375,0.6927,3176,-1.1336,32.2103,8.4698,2.6448,3175,-0.7792,41.7323,11.3071,5.3543,3173,0.2882,52.3795,12.827,7.7529,3172,0.4288,52.3014,22.6986,14.8802,1172,-1.1418,20.4778,2.9863,0.8532,1172,-1.7571,24.4027,11.5188,1.6212,1172,-1.8869,27.3038,17.5768,2.8157,1172,0.6522,55.0341,12.7986,7.2526,1172,0.4386,52.5597,20.5631,12.0307,725,-0.7307,32.5517,4.2759,0.4138,725,-0.2545,44.9655,5.1034,4.2759,724,1.1162,62.1547,3.1768,10.7735,724,0.6667,56.2155,10.0829,10.221,724,1.9212,59.3923,20.3039,21.8232,-1.1101981908854142,2.421773366185276,-0.6521907377222025,3.3985563058956503,2.248340207800781,1.644160053534427,6.559403475177961,44,11,0.26666666666666666,14976.946641092163,1.1132201145751857,1,1,1,1,42.2473,caution,caution,谨慎,观察为主,5日上涨占比41.7%；10日上涨占比52.4%；10日中位涨跌幅0.3%
2025-10-31,3178,0.6787,66.5198,2.2341,0.5664,3178,-0.3022,43.8326,6.8597,2.5802,3178,0.0,48.9616,8.3071,4.8143,3176,2.6873,73.1108,5.8879,13.602,3174,1.8961,60.8381,17.8324,16.3201,1173,1.1331,82.7792,1.364,0.5968,1173,-0.5135,37.8517,6.5644,1.705,1173,-0.303,44.5013,10.6564,4.3478,1173,3.2452,76.6411,5.7118,12.7025,1173,2.6824,65.7289,13.6402,16.965,725,-0.4519,38.3448,4.1379,0.2759,725,-0.0576,48.1379,8.5517,3.5862,725,0.256,52.4138,6.4828,6.3448,724,2.3209,68.7845,6.3536,17.2652,724,1.7744,59.9448,20.442,18.3702,0.2884376139599798,1.1785500478539879,0.002160790409155844,0.99839440036813,-0.42946276012950646,0.1133708063275618,0.503347129135201,50,14,0.45054945054945056,14442.566248162511,1.0726305273633088,1,1,1,1,51.1579,caution,caution,谨慎,观察为主,5日上涨占比49.0%；10日上涨占比73.1%；10日中位涨跌幅2.7%
2025-11-03,3177,0.7264,69.2477,1.2276,1.0702,3177,0.4963,56.909,7.6487,3.5253,3177,0.2915,53.6985,8.7819,5.949,3175,2.6297,70.4882,6.5512,12.5039,3173,3.016,67.0344,13.8985,19.8235,1173,1.0961,80.7332,0.682,1.023,1173,1.2575,69.5652,3.0691,4.1773,1173,0.6292,58.4825,6.1381,5.5413,1173,3.016,74.1688,6.1381,12.2762,1173,3.8523,74.8508,10.4007,20.6309,725,0.2409,55.1724,1.5172,1.1034,725,-0.805,42.069,16.8276,2.6207,725,-0.2457,47.5862,13.2414,6.4828,724,2.2706,66.1602,7.3204,13.9503,724,2.5063,63.3978,16.8508,20.5801,0.41886989480002246,0.5701469748757626,1.8996512566647805,-0.6205495922761539,-1.3277258914967116,-0.5109853289181232,-1.1619795188963278,60,10,0.3023255813953488,13262.070006568012,0.9846326799398993,1,1,1,1,56.1088,caution,caution,谨慎,观察为主,5日上涨占比53.7%；10日上涨占比70.5%；10日中位涨跌幅2.6%
2025-11-04,3176,-0.5025,35.17,1.5113,0.8816,3176,1.0515,62.7519,7.2733,4.1877,3176,0.1406,51.3224,10.9572,5.0378,3174,0.7393,55.0725,12.4134,9.1367,3172,2.0539,60.1828,18.6633,18.1589,1172,0.0,45.7338,0.7679,1.2799,1172,2.356,81.4846,2.3038,5.2901,1172,0.7087,58.8737,7.5085,5.2048,1172,1.3881,61.1775,10.6655,9.6416,1172,3.3324,69.8805,11.9454,19.6246,725,-1.0123,24.9655,3.0345,0.2759,725,-1.1429,37.2414,18.8966,2.3448,725,-0.7194,42.6207,17.2414,4.6897,724,0.0879,50.2762,13.674,8.9779,724,0.2921,51.5193,25.9669,17.9558,-1.3582568316987564,-0.5814803440090777,-0.8282395489639383,-1.7736624547965207,-1.561688441088649,-0.7030172002128521,-2.956608475529021,46,5,0.34285714285714286,12348.9472654828,0.9201870504500069,1,1,1,1,53.0436,caution,caution,谨慎,观察为主,5日上涨占比51.3%；10日上涨占比55.1%；10日中位涨跌幅0.7%
2025-11-05,3176,0.5198,67.0655,0.4093,1.1335,3176,1.0417,62.5945,4.6914,4.4395,3176,0.8374,57.6196,11.8388,6.5491,3175,1.3158,60.9449,10.0472,11.4646,3173,2.5641,62.1809,18.3107,20.769,1172,0.7697,77.5597,0.4266,1.2799,1172,1.9965,78.4983,1.7065,5.2048,1172,2.2251,75.0853,4.2662,7.6792,1172,1.7773,65.785,9.1297,10.5802,1172,4.3948,73.9761,10.4096,25.0,725,0.1379,53.2414,0.2759,0.4138,725,-0.5109,43.4483,10.8966,2.7586,725,-1.3469,37.5172,26.4828,4.1379,724,0.7776,55.1105,10.7735,12.8453,724,0.0,49.8619,28.3149,18.7845,0.39178933158794393,-1.3773574909728636,-1.4534711066777395,-3.3635439570068315,-2.5396992289837828,-1.1722813682437994,-4.754127618885972,57,2,0.3522727272727273,12026.974971115606,0.9002650964403446,1,1,1,1,60.0799,attack,attack,攻击,可参与,5日全市场上涨占比57.6%；5日全市场中位涨跌幅0.8%；5日小盘上涨占比75.1%
2025-11-06,3176,0.1612,53.5579,1.6058,1.165,3175,0.4078,55.811,2.4252,2.9291,3175,1.9086,71.4331,5.1339,7.0866,3174,1.2017,60.1449,9.1367,11.5942,3172,2.0163,60.4351,19.1362,18.7579,1171,-0.2497,39.5389,2.4765,0.854,1171,0.6135,60.6319,2.7327,2.8181,1171,3.1111,84.7139,2.4765,7.2588,1171,1.25,60.8881,10.2477,8.8813,1171,4.577,74.6371,11.0162,23.8258,725,0.8638,72.8276,0.1379,1.6552,725,0.2489,54.069,1.7931,3.0345,725,0.0337,50.2069,11.3103,5.3793,724,1.4948,61.6022,6.2155,14.5028,724,-0.1845,48.4807,29.6961,15.3315,1.1650139817699579,0.8917080004223976,-1.2581294717349256,-0.5414224919093491,-0.3504906992934709,0.5231908453804612,-1.1767740961124984,57,13,0.40625,13191.43171078928,0.999163501035992,1,1,1,1,69.7044,attack,attack,攻击,可参与,5日全市场上涨占比71.4%；5日全市场中位涨跌幅1.9%；5日小盘上涨占比84.7%
2025-11-07,3176,-0.1162,44.2065,0.9131,0.7242,3174,0.7117,62.2873,3.1821,4.0643,3174,1.2738,63.7996,5.6711,6.4272,3174,1.2523,60.6175,11.1216,12.0353,3171,1.642,59.6342,19.1422,17.597,1170,0.0,46.1538,0.7692,0.3419,1170,0.5738,61.3675,3.5043,2.8205,1170,1.815,71.3675,3.6752,6.3248,1170,1.6163,65.0427,9.6581,10.2564,1170,3.5268,71.0256,12.6496,20.2564,725,-0.239,42.3448,0.8276,0.5517,725,0.9524,63.0345,1.6552,5.1034,725,0.5894,55.7241,7.0345,5.3793,725,0.8236,56.2759,12.1379,13.3793,724,0.2951,51.2431,25.8287,16.7127,-0.13178130508474384,0.4689613161065864,0.10695636334612235,-0.04218113071048357,0.8215800674885587,1.0813646236589092,0.6485580524397294,49,4,0.379746835443038,12930.323560721174,0.9904161131979785,1,1,1,1,62.8466,attack,attack,攻击,可参与,5日全市场上涨占比63.8%；5日全市场中位涨跌幅1.3%；5日小盘上涨占比71.4%
2025-11-10,3180,0.6348,65.9434,1.1006,1.0377,3178,0.8882,64.0969,3.6186,4.3738,3177,1.3645,65.8168,6.3582,6.1693,3177,1.7984,63.6764,12.7479,12.6849,3174,3.3019,66.2256,15.9105,21.172,1171,0.7353,68.3177,0.5978,1.1102,1171,0.5727,59.5218,4.3553,2.7327,1171,1.4286,69.257,4.526,5.807,1171,2.4327,70.2818,8.9667,11.4432,1171,5.0409,76.6012,9.4791,24.936,726,0.5261,61.2948,2.0661,0.4132,725,1.3115,70.6207,2.8966,6.4828,725,1.169,63.0345,8.1379,5.7931,725,0.6315,53.7931,19.4483,13.2414,724,1.5009,56.4917,24.8619,19.8895,0.2834241020605255,0.33344795964849183,0.5783413191340125,0.13909128111451174,0.8949988167798351,1.0581234997720568,-0.5644175371610993,62,8,0.43636363636363634,14314.17043955973,1.0982998429458288,1,1,1,1,63.4917,attack,attack,攻击,可参与,5日全市场上涨占比65.8%；5日全市场中位涨跌幅1.4%；5日小盘上涨占比69.3%
2025-11-11,3179,0.1573,53.4759,1.0066,0.9122,3178,0.872,61.9572,5.2549,4.2165,3176,1.9352,71.7254,4.8804,7.966,3176,2.2379,67.1285,11.6814,14.0743,3173,3.8239,70.1859,12.953,22.786,1172,0.4716,65.785,1.1945,0.8532,1172,1.315,69.3686,3.4983,3.7543,1172,2.1187,76.0239,4.2662,5.802,1172,2.8851,74.1468,7.3379,12.628,1172,5.905,80.0341,8.1911,27.3891,725,-0.4882,33.2414,0.8276,0.5517,724,0.0755,50.4144,9.8066,3.3149,724,1.4081,66.7127,6.9061,7.8729,724,0.8738,56.4917,18.9227,14.3646,723,1.5552,58.9212,19.2254,18.9488,-0.2969952018664901,1.41291021455483,2.2736381326835975,1.1203031087162696,0.7245871618826172,1.0749899120899853,0.007223788599519665,55,3,0.3373493975903614,12740.662777240874,0.9925458136775217,1,1,1,1,68.8757,attack,attack,攻击,可参与,5日全市场上涨占比71.7%；5日全市场中位涨跌幅1.9%；5日小盘上涨占比76.0%
2025-11-12,3181,-0.5825,31.8453,2.4835,1.0688,3181,0.4511,55.5171,6.2559,3.4895,3179,0.8292,58.6662,8.3674,5.9767,3178,1.9089,63.2159,15.4185,11.7055,3175,2.3517,61.4173,18.8031,19.1496,1171,-0.4651,33.3049,1.6225,1.1956,1171,0.9973,64.6456,3.0743,3.8429,1171,0.9709,60.1196,7.2588,4.953,1171,3.4555,74.7225,7.5149,12.3826,1171,4.4944,71.819,11.3578,23.4842,726,-0.5663,33.3333,3.168,0.2755,726,-0.2835,44.0771,12.3967,1.9284,725,0.6483,56.0,9.7931,6.6207,725,-0.5236,46.8966,28.1379,8.5517,724,0.1955,50.5525,28.0387,14.6409,-0.7216006914924522,0.2881955023636529,0.03912099888701004,0.19237299776009298,0.403066006491537,0.7782657487061195,-1.3961140929948601,53,5,0.32051282051282054,12572.500536430996,0.9832163803851672,1,1,1,1,58.2171,attack,attack,攻击,可参与,5日全市场上涨占比58.7%；5日全市场中位涨跌幅0.8%；5日小盘上涨占比60.1%
2025-11-13,3180,0.5777,72.1069,0.2201,1.3836,3180,0.3503,55.566,3.0189,3.6478,3179,1.2963,62.3781,7.9585,7.5495,3177,3.5484,72.5212,9.8206,16.6824,3174,3.823,68.9666,13.6421,24.0076,1170,0.5915,73.9316,0.1709,1.3675,1170,0.8726,65.2137,2.5641,4.2735,1170,1.837,69.9145,5.3846,7.265,1170,5.2466,83.6752,5.3846,20.0855,1170,6.3844,78.2051,9.3162,29.8291,726,0.6161,71.9008,0.0,1.6529,726,-0.2812,43.8017,4.1322,2.2039,725,0.3515,54.2069,12.0,6.3448,725,0.5266,53.7931,19.0345,11.1724,724,1.1314,56.9061,19.8895,18.0939,1.3918575776698194,0.5130729970493686,2.549891158783213,0.1302540267309249,0.18474014761826751,0.5424801021638004,-0.7092362216020276,77,0,0.35294117647058826,13105.042854757603,1.0221684972527143,1,1,1,1,63.9406,attack,attack,攻击,可参与,5日全市场上涨占比62.4%；5日全市场中位涨跌幅1.3%；5日小盘上涨占比69.9%
2025-11-14,3179,-0.3478,38.3454,2.4851,1.1953,3179,-0.0947,47.0903,5.1589,3.7748,3179,1.0268,61.1828,8.0843,6.6059,3176,2.6316,68.5768,11.8703,13.8539,3174,5.5718,76.465,9.6723,29.8677,1170,0.2201,54.6154,1.5385,2.0513,1170,0.5871,59.0598,2.6496,4.9573,1170,2.2142,74.5299,3.5043,8.3761,1170,4.3966,80.5983,5.5556,17.265,1170,8.2055,85.4701,6.7521,40.1709,726,-1.0725,20.7989,3.9945,0.2755,726,-0.7851,34.8485,7.7135,2.2039,726,-0.3683,45.1791,15.7025,3.168,725,0.6202,53.5172,20.2759,9.5172,724,2.2883,64.0884,14.3646,20.0276,-1.1569556319458885,-0.5187209339636567,4.415553086161372,-1.261602420160457,-1.0826421438821954,-0.17669797571551182,-3.0141053611369095,62,9,0.3333333333333333,12612.5934141957,0.983910887184349,1,1,1,1,62.9233,attack,attack,攻击,可参与,5日全市场上涨占比61.2%；5日全市场中位涨跌幅1.0%；5日小盘上涨占比74.5%
2025-11-17,3178,-0.1199,45.4688,1.4789,1.2587,3178,0.2339,53.1466,4.1536,4.7829,3178,0.0,48.8672,8.7476,5.7898,3175,1.57,61.7323,12.8189,12.5039,3173,4.4335,71.8878,10.9991,25.8115,1169,0.1945,53.379,2.053,1.9675,1169,1.1673,69.3755,2.9085,5.7314,1169,1.5094,67.8358,4.0205,6.929,1169,3.343,74.5081,7.0145,14.7134,1169,6.9206,82.3781,7.7844,33.4474,726,-0.6047,34.2975,0.6887,0.9642,726,-0.9508,34.1598,5.7851,3.719,726,-1.7891,27.8237,15.7025,3.3058,725,-0.3311,45.931,20.0,7.8621,724,1.4797,58.5635,16.5746,18.232,0.2708217900761589,-0.5312224428283385,3.921592273273311,-1.4767623695503662,-2.065967040568917,-1.1586729817061547,-2.3160680140147383,73,6,0.24742268041237114,12255.097970581686,0.9517039324693909,1,1,1,1,54.8766,caution,caution,谨慎,观察为主,5日上涨占比48.9%；10日上涨占比61.7%；10日中位涨跌幅1.6%
2025-11-18,3179,-1.2903,19.5974,4.7814,0.4404,3179,-1.7575,25.5741,13.0859,2.6738,3179,-1.4546,31.1104,13.369,4.1208,3176,0.6452,55.2897,12.3426,9.194,3174,1.5419,58.7587,17.3283,17.3283,1171,-1.378,18.6166,4.6968,0.7686,1171,-0.9083,35.0982,7.9419,3.9283,1171,-0.3906,42.2716,8.7105,5.6362,1171,2.008,67.8053,8.7959,9.8207,1171,3.7475,70.7942,11.4432,20.7515,726,-1.0127,21.3499,3.4435,0.1377,726,-2.478,15.0138,19.697,1.2397,726,-2.2451,21.0744,17.4931,2.6171,725,-0.7296,40.8276,17.2414,6.6207,724,-0.5797,46.2707,25.1381,12.8453,-0.9966016825192603,-1.22918537325859,1.416846907892788,-1.928117807313956,-1.8050239184311145,-1.5725283989217798,-2.0768902075250395,38,31,0.3968253968253968,12160.836637712928,0.9435078117869128,1,1,1,1,39.601,caution,caution,谨慎,观察为主,5日上涨占比31.1%；10日上涨占比55.3%；10日中位涨跌幅0.6%
2025-11-19,3181,-1.2002,24.2062,3.458,0.8488,3181,-2.5991,18.7048,18.0132,2.1691,3181,-2.2031,25.1179,16.6614,4.1182,3179,-1.1477,39.8868,21.3904,7.1406,3177,0.4608,52.6283,21.2465,14.7309,1173,-1.7391,16.8798,4.3478,1.364,1173,-2.8369,17.5618,20.5456,2.8133,1173,-1.7544,29.0708,14.1517,5.3708,1173,-0.5236,44.3308,19.3521,7.9284,1173,1.7301,60.1023,18.0733,15.942,726,-0.2319,42.2865,0.8264,0.2755,726,-1.7207,23.2782,10.3306,1.7906,726,-2.1441,24.2424,13.9118,3.3058,725,-1.3051,38.3448,21.1034,6.4828,724,-0.3806,46.6851,23.895,12.8453,-0.8175547357999524,-1.324648829448405,1.02565982103906,-1.6636430922849943,-1.2401386605188636,-1.334883412568899,-1.4471944028671024,49,21,0.3194444444444444,10994.574757425315,0.8518631584072621,1,1,1,1,31.8298,defense,defense_active_decline,防守-持续下跌,暂停新开仓,5日全市场上涨占比25.1%
2025-11-20,3179,-0.6861,28.9085,2.6423,0.6291,3179,-3.0172,14.2498,22.9632,1.1324,3179,-3.4205,15.8226,30.7015,2.4536,3178,-1.9376,33.0082,27.7533,6.073,3175,-0.5186,46.5512,24.0,12.5669,1174,-0.8519,27.0017,3.1516,1.0221,1174,-3.5492,12.0102,28.109,1.7888,1174,-3.1546,18.1431,27.2572,3.9182,1174,-1.0704,38.4157,21.4651,7.6661,1174,0.3779,52.4702,20.4429,13.799,723,-0.5618,32.3651,1.5214,0.1383,723,-1.7168,22.545,13.5546,0.8299,723,-3.3182,15.3527,31.1203,1.5214,722,-2.7848,28.9474,33.6565,4.4321,721,-1.1499,42.7184,26.6297,10.957,-0.6334815192163834,-3.2957247264611467,0.4421478022630154,-3.988168462836228,-2.9162770690668416,-2.443230442517308,-4.978927797566934,38,13,0.5421686746987951,10994.16355719018,0.8508984155151089,1,1,1,1,22.5491,defense,defense_active_decline,防守-持续下跌,暂停新开仓,5日全市场上涨占比15.8%；5日全市场中位涨跌幅-3.4%；5日小盘上涨占比18.1%
2025-11-21,3180,-3.7101,5.8805,25.4088,0.4088,3180,-5.5074,8.4277,55.9119,0.9119,3180,-6.6995,8.6478,67.5786,1.7296,3180,-5.6944,15.6289,55.5975,3.805,3177,-3.9445,28.1398,42.8077,8.5301,1174,-4.2785,5.1959,32.368,0.937,1174,-6.6372,7.7513,71.5503,1.2777,1174,-7.7134,10.1363,76.5758,2.2998,1174,-5.5748,16.5247,55.1107,5.6218,1174,-3.5996,28.2794,40.2044,9.2845,723,-2.7112,6.0858,18.3956,0.0,723,-3.5644,13.8313,32.5035,0.2766,723,-5.0468,8.4371,50.7607,0.9682,723,-5.5319,16.4592,54.0802,1.7981,722,-3.9524,30.1939,43.9058,7.7562,-3.7151703123794677,-5.798584672217877,-4.738119098852667,-5.7778123543933635,-3.771109074967871,-3.8993010410921403,-6.1522985485811255,25,79,0.4186046511627907,12398.088343796977,0.9579924501340481,1,1,1,1,9.3973,defense,defense_active_decline,防守-持续下跌,暂停新开仓,5日全市场上涨占比8.6%；5日全市场中位涨跌幅-6.7%；5日小盘上涨占比10.1%
2025-11-24,3178,0.9149,71.2712,2.3914,1.0384,3178,-3.3405,13.9081,27.2813,1.2587,3178,-5.6249,11.3908,57.0485,1.9824,3178,-5.5504,14.8521,54.248,3.9962,3175,-3.4749,30.7087,40.5039,8.5039,1172,1.3393,79.6928,2.5597,1.1945,1172,-3.7712,12.0307,30.4608,1.6212,1172,-6.4938,10.4096,67.4915,2.2184,1172,-5.1626,17.9181,50.7679,5.6314,1172,-2.4231,35.4949,33.5324,10.3242,723,0.3026,55.74,2.4896,0.2766,723,-3.0,14.6611,23.3748,0.2766,723,-4.1675,14.2462,42.047,0.9682,723,-5.8065,12.1715,56.7082,2.0747,722,-4.6961,26.5928,47.7839,6.5097,1.2550824504085512,-4.873901443343165,-4.522445290354815,-5.063815008731021,-3.262352920067779,-3.405541663431544,-5.673074427266178,59,24,0.2804878048780488,10769.253714255805,0.8438370152876449,1,1,1,1,11.9738,defense,defense_active_decline,防守-持续下跌,暂停新开仓,5日全市场上涨占比11.4%；5日全市场中位涨跌幅-5.6%；5日小盘上涨占比10.4%
2025-11-25,3176,0.8766,76.5113,0.3778,1.228,3176,-1.7779,24.9685,10.5479,1.6058,3176,-3.5259,18.073,31.864,2.0151,3176,-4.8179,19.2065,48.3942,4.2821,3173,-2.4793,35.2348,34.4469,9.959,1171,1.1111,82.7498,0.7686,1.5371,1171,-1.8428,22.801,9.8207,1.281,1171,-4.1825,15.8839,38.1725,1.9641,1171,-4.5694,20.7515,46.029,5.807,1171,-1.278,40.8198,26.9855,11.5286,723,0.5714,68.7414,0.0,0.9682,723,-1.7098,24.8963,10.2351,1.1065,723,-2.2539,23.2365,21.7151,1.7981,723,-4.4612,18.3956,45.3665,2.6279,722,-3.6746,30.8864,41.1357,7.6177,1.3070606575910304,-2.6604581218940826,-3.0654783432659483,-2.7466608388713842,-1.702819986056625,-1.7714114408117432,-2.876499941548649,67,7,0.2872340425531915,10968.48835588339,0.8672549419194419,1,1,1,1,20.6099,defense,defense_repair,防守-修复观察,暂停新开仓,5日全市场上涨占比18.1%；5日全市场中位涨跌幅-3.5%；5日小盘上涨占比15.9%
2025-11-26,3176,-0.5337,32.1788,1.5113,0.8816,3175,1.3986,73.5748,2.4567,4.0945,3175,-2.8215,21.0394,23.3701,2.2362,3175,-4.7862,18.9921,48.189,4.5039,3172,-3.0553,34.2055,38.8083,9.111,1171,-0.7576,27.2417,2.3057,1.1956,1171,1.875,80.5295,3.4159,4.6114,1171,-3.1807,18.6166,25.2775,2.7327,1171,-4.9383,20.9223,49.6157,5.5508,1171,-1.5707,41.8446,29.6328,11.614,723,-0.2481,40.5256,0.5533,0.1383,723,0.6572,61.4108,1.7981,3.3195,723,-2.2202,23.6515,20.6086,1.2448,723,-4.2683,18.3956,43.1535,3.4578,722,-4.7781,25.9003,49.169,4.9861,-0.020664978369289155,-1.8783753278166615,-4.236532477962751,-2.2140504368644898,-1.5401525648257475,-2.091801076249622,-1.0449241970314271,57,7,0.3048780487804878,10605.156163448386,0.849534252334087,1,1,1,1,23.8053,defense,defense_repair,防守-修复观察,暂停新开仓,5日全市场上涨占比21.0%；5日小盘上涨占比18.6%
2025-11-27,3175,0.0,49.2598,1.4488,0.7559,3174,0.6291,62.0353,2.489,2.9301,3174,-1.9506,25.2678,14.2722,2.2999,3174,-5.2324,15.627,52.3945,3.4026,3171,-2.0376,37.7168,32.9549,10.1545,1171,0.3724,59.1802,2.3911,0.427,1171,0.9458,68.0615,2.9035,2.7327,1171,-1.9337,23.9966,13.7489,1.9641,1171,-5.0094,18.3604,50.2989,4.3553,1171,-0.144,48.164,20.7515,13.1512,723,-0.106,41.7704,0.4149,0.4149,723,0.5175,59.6127,1.5214,2.3513,723,-1.737,24.8963,14.3845,1.3831,723,-5.0326,13.4163,50.6224,2.213,722,-4.5988,27.0083,47.6454,4.9861,0.12423485526675826,-1.1301518533333499,-3.041125198741901,-1.567064404324492,-1.085348546006537,-1.419259052133437,-0.363042849311479,44,8,0.4358974358974359,10114.792422372197,0.8263458173110668,1,1,1,1,27.9051,defense,defense_repair,防守-修复观察,暂停新开仓,5日全市场上涨占比25.3%；5日小盘上涨占比24.0%
2025-11-28,3175,0.8696,76.8189,0.4409,1.1969,3175,0.5682,62.5197,2.2047,2.1732,3174,2.6349,81.6635,2.0479,7.3094,3174,-4.2226,20.9515,41.4934,3.5287,3171,-1.7901,39.1359,28.9183,10.4068,1171,1.1905,81.3834,0.6832,1.7933,1171,0.9543,69.684,2.8181,2.9889,1171,3.6873,88.6422,2.7327,8.5397,1171,-4.3478,21.1785,41.503,3.9283,1171,0.0,49.8719,19.8121,13.7489,723,0.4926,70.6777,0.2766,0.2766,723,0.4156,58.9212,1.2448,0.6916,723,1.2255,69.5712,1.1065,5.2559,723,-3.4517,22.545,33.61,2.6279,722,-3.2639,28.5319,37.8116,5.8172,1.0576119393936212,3.770768239695421,-2.2974873587833455,3.1410783651968366,1.6403331088262085,1.400441441513789,4.53786881979652,65,4,0.2696629213483146,9517.358395155487,0.7935015926562932,1,1,1,1,72.3558,attack,attack,攻击,可参与,5日全市场上涨占比81.7%；5日全市场中位涨跌幅2.6%；5日小盘上涨占比88.6%
2025-12-01,3174,0.4357,63.4216,0.6931,0.9452,3174,1.5392,78.7965,1.6698,3.6862,3173,2.1771,80.7123,2.4582,7.1226,3173,-3.4005,25.3703,35.2663,3.971,3170,-2.0126,38.1388,29.3375,9.8423,1172,0.1411,52.6451,0.5973,1.1092,1172,1.7887,80.7167,2.0478,4.6075,1172,2.4455,82.4232,3.2423,7.5939,1172,-3.9666,21.6724,39.9317,3.6689,1172,-0.8265,44.2833,23.0375,12.5427,722,0.7745,75.3463,0.277,0.6925,722,1.3816,78.9474,1.108,2.6316,722,2.001,79.6399,1.108,8.1717,722,-2.1879,33.6565,24.6537,4.2936,721,-2.7198,34.6741,33.5645,6.38,0.715433593342718,3.2177117893703366,-2.0089457875014927,3.3901155783787162,2.887509437286173,2.013169686810423,5.5805123236672305,56,5,0.3563218390804598,11464.08904189629,0.963026722367859,1,1,1,1,70.1744,attack,attack,攻击,可参与,5日全市场上涨占比80.7%；5日全市场中位涨跌幅2.2%；5日小盘上涨占比82.4%
2025-12-02,3176,-0.458,34.7922,0.5038,0.8501,3176,1.0358,69.0176,1.6373,3.4005,3176,0.814,61.8388,3.495,4.5655,3175,-2.583,29.0709,26.5512,4.4094,3172,-1.8,38.5561,28.8146,10.1513,1173,-0.2644,39.3862,0.4263,1.1083,1173,1.2371,71.2702,2.1313,4.1773,1173,1.0025,63.1714,3.8363,5.3708,1173,-2.9105,27.2805,29.9233,5.0298,1173,-0.9242,43.3078,24.6377,12.4467,722,-0.7489,26.5928,0.6925,0.277,722,0.6957,63.8504,1.108,1.8006,722,0.665,59.9723,3.3241,2.7701,722,-1.5891,34.349,19.3906,3.8781,721,-2.3521,35.5062,31.7614,7.0735,-0.9950761242420447,0.8721567085641091,-1.6481607967840928,1.2322399290231267,1.4237024114998054,0.7154686530528975,3.0264076672626317,42,3,0.35384615384615387,9889.827094913822,0.8394532994683563,1,1,1,1,56.674,attack,attack,攻击,可参与,5日全市场上涨占比61.8%；5日全市场中位涨跌幅0.8%；5日小盘上涨占比63.2%
2025-12-03,3178,-0.6597,31.4349,1.9509,0.9125,3178,-0.4255,42.9201,6.1045,2.7061,3178,0.8404,60.1007,5.7583,4.9717,3177,-1.912,32.7982,22.8832,4.9732,3175,-2.8552,33.7953,36.4724,8.6614,1173,-0.8189,27.2805,2.4723,0.7673,1173,-0.5814,40.9207,6.1381,3.1543,1173,1.1673,64.7059,6.0529,6.2234,1173,-1.9231,32.7366,22.9327,5.8824,1173,-2.366,36.4024,33.8448,10.5712,722,-0.3567,38.6427,0.9695,0.4155,722,-0.1838,47.7839,4.7091,1.2465,722,0.6299,56.7867,5.1247,3.3241,722,-1.3998,33.6565,21.0526,3.4626,721,-2.7422,33.9806,35.7836,6.9348,-0.8874937817731188,-0.002412930027007043,-2.901449017846691,0.44952902172796794,0.29712732939017883,0.3575191701514102,-0.2597337762458629,47,11,0.37333333333333335,10510.43194380888,0.8979097057786615,1,1,1,1,56.5753,attack,attack,攻击,可参与,5日全市场上涨占比60.1%；5日全市场中位涨跌幅0.8%；5日小盘上涨占比64.7%
2025-12-04,3178,-0.8785,25.9283,2.6432,0.5664,3177,-1.7838,23.5442,12.559,1.2905,3177,-0.1845,46.3645,8.6245,3.8716,3176,-2.1666,31.864,23.772,5.1952,3175,-4.0886,27.3701,44.252,7.2441,1172,-1.5307,15.8703,4.4369,0.5973,1172,-2.2808,18.6007,15.1877,1.6212,1172,-0.6524,39.5904,10.4949,4.0102,1172,-2.6822,28.3276,26.7918,5.4608,1172,-3.8119,29.7782,42.0648,9.215,723,-0.264,39.5574,0.1383,0.2766,722,-1.1979,29.7784,9.2798,0.831,722,0.3186,53.8781,5.5402,3.0471,722,-1.3126,37.1191,19.2521,5.1247,721,-4.0552,26.3523,44.6602,4.9931,0.0052881554974293365,-0.12120917335473047,-4.014558113921495,0.8850407559213069,0.6901643567693405,0.013777142247550778,1.193832762466318,33,15,0.484375,9787.64588947451,0.848498449302136,1,1,1,1,44.242,caution,caution,谨慎,观察为主,5日上涨占比46.4%；10日上涨占比31.9%；10日中位涨跌幅-2.2%
2025-12-05,3177,0.9868,77.8093,0.8184,1.1961,3176,-0.4561,41.3728,5.6045,1.7003,3176,-0.1306,47.5126,8.3123,3.8728,3175,2.5627,72.2835,5.7008,13.8268,3175,-3.1923,30.8031,36.0,8.0315,1172,1.0667,79.4369,1.1092,1.1945,1172,-1.0511,30.9727,7.5085,1.1945,1172,-0.8533,37.2014,10.3242,3.157,1172,2.8241,74.0614,7.0819,13.8225,1172,-2.9338,33.4471,33.7031,9.471,723,0.7874,70.9544,0.5533,0.8299,722,0.2315,54.4321,2.7701,2.2161,722,0.6525,57.7562,5.9557,4.4321,722,2.2841,69.6676,5.5402,14.8199,722,-3.1023,28.9474,33.518,5.8172,1.2945169859251093,0.11293241315419866,-2.6437128789407627,0.9427280654529913,1.2785404590438088,0.36546350582762344,1.8577782760072603,64,3,0.2727272727272727,10649.949559176097,0.9324690759193692,1,1,1,1,48.0368,caution,caution,谨慎,观察为主,5日上涨占比47.5%；10日上涨占比72.3%；10日中位涨跌幅2.6%
2025-12-08,3177,0.1664,53.3522,0.5036,1.259,3177,0.261,53.2263,2.7699,3.1161,3176,-0.5126,40.6486,7.3363,4.0617,3175,1.7699,66.9921,6.3937,12.6929,3175,-3.7572,29.0079,40.5039,8.8504,1171,0.283,57.643,0.7686,1.7079,1171,-0.1016,46.1144,4.6114,2.9035,1171,-0.8318,36.123,9.9915,4.1845,1171,1.7316,66.5243,7.6857,11.9556,1171,-3.4113,31.5115,38.5141,10.333,723,0.1407,52.9737,0.2766,0.9682,723,0.9135,60.4426,0.5533,3.1812,722,-0.1969,45.5679,5.2632,3.6011,722,2.0658,70.4986,5.2632,14.9584,722,-3.4313,29.6399,36.7036,6.6482,1.0970906827223903,0.49230634851693544,-1.853796120941864,0.9931915739548103,0.9891629507148503,0.25732458618292764,3.1615310403545704,66,2,0.32653061224489793,12243.242200240704,1.0817792709123275,1,1,1,1,44.5485,caution,caution,谨慎,观察为主,5日上涨占比40.6%；10日上涨占比67.0%；10日中位涨跌幅1.8%
2025-12-09,3177,-0.9042,24.6144,2.046,0.6925,3177,0.411,54.926,3.1161,4.4696,3176,-1.0566,36.1461,8.9106,3.9673,3176,0.0,49.6851,11.7128,9.0365,3175,-4.6794,26.0472,47.685,8.2835,1170,-0.8984,24.5299,2.906,0.7692,1170,0.6166,59.2308,4.1026,4.1026,1170,-1.4976,30.2564,11.453,2.735,1170,-0.198,48.4615,14.6154,7.6068,1170,-4.629,26.1538,47.5214,8.3761,723,-0.9453,24.4813,1.7981,0.2766,723,0.1742,50.899,2.0747,4.7026,722,-0.4059,44.3213,6.3712,4.8476,722,0.4929,54.2936,9.8338,9.6953,722,-4.0016,27.9778,43.2133,7.6177,-0.5720387406453198,0.9216991573294031,-2.124545024520641,1.1508712809543686,0.9636643525562594,0.3029983029016359,4.508228468390341,45,9,0.4,11755.296329044815,1.0432070163265008,1,1,1,1,39.6539,caution,caution,谨慎,观察为主,5日上涨占比36.1%；10日上涨占比49.7%；10日中位涨跌幅0.0%
2025-12-10,3173,0.0,49.2279,0.8509,0.7249,3173,-0.7092,37.2203,4.0656,3.0886,3173,-0.4431,43.8386,7.2487,5.0741,3172,0.4572,53.3417,10.2144,9.9622,3171,-4.2129,27.72,44.6862,9.0508,1169,-0.4373,35.9281,1.1976,0.7699,1169,-1.0532,31.9076,5.5603,2.994,1169,-1.2048,34.5595,11.5483,4.0205,1169,-0.0674,48.503,13.4303,9.2387,1169,-4.9333,25.9196,49.2729,8.8109,723,0.2857,62.1024,0.4149,0.6916,723,-0.5733,39.9723,3.1812,2.7663,723,0.3035,53.3887,3.7344,5.3942,722,1.1097,59.6953,7.4792,10.3878,722,-3.2323,31.4404,36.4266,8.7258,0.37477524642868243,2.2070095584134863,-1.043662430767911,2.2817480736255336,1.3413826547788554,0.5801032057868083,5.671054111675411,55,4,0.36046511627906974,10894.213274357156,0.9740450053689466,1,1,1,1,45.2154,caution,caution,谨慎,观察为主,5日上涨占比43.8%；10日上涨占比53.3%；10日中位涨跌幅0.5%
2025-12-11,3175,-1.6667,14.1417,5.1339,0.5669,3175,-2.4527,18.0472,16.1575,1.6378,3175,-1.2937,33.9843,10.5197,4.5984,3174,-1.3324,38.1537,20.3844,7.3094,3173,-6.383,19.792,58.9348,6.3662,1170,-2.3588,7.4359,9.1453,0.5128,1170,-3.4809,11.7949,27.6068,1.453,1170,-2.0801,24.4444,16.4103,3.1624,1170,-2.7871,28.2051,30.6838,5.3846,1170,-7.8996,16.8376,65.8974,5.5556,723,-1.0089,22.6833,0.6916,0.1383,723,-1.5945,24.6196,7.3306,1.9364,723,-0.6805,42.1853,4.9793,5.1176,722,0.0179,50.0,11.7729,8.7258,722,-4.7818,23.4072,48.1994,6.5097,-1.2992133992992927,0.8737880324401592,-3.6700915581337257,0.9994159114138368,0.12357457267093697,-0.06387595540763291,3.1358075128797624,28,23,0.5254237288135594,11392.132707868805,1.0264235315384964,1,1,1,1,36.0951,defense,defense_pressure,防守-弱势承压,暂停新开仓,5日小盘上涨占比24.4%
2025-12-12,3177,-0.1101,45.6091,2.2348,0.9758,3177,-1.4925,29.084,14.7309,2.1089,3177,-2.1538,27.1325,21.2779,3.7771,3176,-2.2571,33.2494,28.8098,7.0844,3175,-6.1558,21.8268,56.0,7.2126,1171,-0.7775,28.7788,3.1597,0.5978,1171,-3.208,14.0051,28.608,0.854,1171,-3.7546,17.1648,36.4646,1.7933,1171,-4.5964,19.5559,46.883,3.7575,1171,-8.5938,14.8591,70.7942,5.4654,723,0.5877,67.0816,1.2448,0.6916,723,0.0,48.9627,2.9046,2.7663,723,-0.692,39.5574,7.3306,5.2559,722,0.0799,50.1385,12.4654,11.2188,722,-3.1857,30.8864,36.5651,9.5568,0.8061602666259882,0.38745971327120987,-1.7568889045809,1.0137184150516676,-0.07823691152397672,-0.34492860985512186,2.735704857309562,66,17,0.175,12652.8138846798,1.1398035385808345,1,1,1,1,29.7672,defense,defense_pressure,防守-弱势承压,暂停新开仓,5日全市场上涨占比27.1%；5日小盘上涨占比17.2%
2025-12-15,3175,0.0,48.2205,1.4488,0.9449,3175,-1.8868,26.5197,14.9921,2.0787,3175,-2.5126,24.4409,23.8425,3.0236,3174,-2.8102,28.2924,33.1128,5.8601,3173,-5.9102,22.0927,55.531,6.839,1170,0.2541,56.4103,1.5385,1.0256,1170,-2.8065,14.8718,21.7949,1.1111,1170,-4.1034,15.1282,37.8632,1.7949,1170,-4.9238,18.547,48.9744,3.5043,1170,-8.299,14.1026,70.3419,4.5299,723,-0.2415,41.9087,1.2448,0.4149,723,-0.6183,41.0788,8.4371,2.6279,723,-1.1551,34.3015,12.3098,3.5961,722,-1.0274,39.3352,18.5596,8.0332,722,-2.6998,33.518,34.7645,9.4183,-0.83929711232551,-1.5353359918465759,-2.844558604606895,-0.8143071762180099,-1.507974947609192,-1.4310852858218093,-1.6446106359438994,54,9,0.3793103448275862,10969.443130726298,0.9939159885222711,1,1,1,1,26.3237,defense,defense_pressure,防守-弱势承压,暂停新开仓,5日全市场上涨占比24.4%；5日小盘上涨占比15.1%
2025-12-16,3177,-1.6129,17.847,6.0749,0.8184,3177,-1.6771,28.0453,12.5905,1.7627,3177,-3.1155,21.9389,32.0428,2.5496,3176,-3.8341,24.4647,40.995,4.471,3175,-6.1053,21.3543,56.2835,6.4882,1171,-1.8659,15.4569,6.1486,1.1956,1171,-2.2697,20.4099,14.7737,1.1956,1171,-4.9091,11.4432,48.4202,1.6225,1171,-6.3117,14.6029,59.778,2.9889,1171,-8.6957,13.6635,71.5628,4.6968,724,-1.3081,19.0608,5.3867,0.2762,724,-0.759,36.1878,10.221,1.5193,724,-1.0856,33.2873,17.9558,2.0718,723,-1.8444,35.2697,22.4066,5.9474,723,-2.9915,32.0885,36.3762,8.4371,-1.7438247165938559,-2.695769243719004,-3.5778342792814333,-1.6851750185386871,-2.189295639237354,-2.166753599724325,-4.294649391384242,38,20,0.3559322033898305,10954.483214868393,0.9980149012555726,1,1,1,1,22.2051,defense,defense_pressure,防守-弱势承压,暂停新开仓,5日全市场上涨占比21.9%；5日全市场中位涨跌幅-3.1%；5日小盘上涨占比11.4%
2025-12-17,3178,0.5543,66.1422,2.1082,0.8496,3178,-0.9507,33.7948,9.4714,1.9194,3178,-2.5761,24.7325,25.9912,2.3285,3178,-2.858,29.3896,33.2914,5.7583,3176,-4.4845,25.6927,47.1977,8.029,1171,0.2577,56.8745,2.7327,0.7686,1171,-1.25,28.608,10.333,1.5371,1171,-4.3478,12.8096,42.1862,1.4518,1171,-5.4983,16.8232,54.2272,2.9035,1171,-6.927,15.8839,63.6208,4.953,724,1.0778,80.1105,0.2762,1.3812,724,-0.4358,42.9558,6.4917,1.7956,724,-0.4247,42.4033,9.3923,2.9006,724,-0.3575,46.2707,12.9834,8.7017,723,-1.9067,37.4827,29.0456,11.7566,1.4915631849081512,-1.6131447396556475,-1.332979857451977,-0.25378024331600413,-0.260295068152927,-0.7747348029583878,-1.0313510963930739,46,22,0.30303030303030304,11236.637256929798,1.0225931428082058,1,1,1,1,25.6772,defense,defense_repair,防守-修复观察,暂停新开仓,5日全市场上涨占比24.7%；5日小盘上涨占比12.8%
2025-12-18,3179,0.2414,55.1117,1.4155,1.1953,3179,-0.5924,37.7163,8.273,1.8874,3179,-0.6873,40.4215,11.8905,3.2086,3179,-1.7955,33.6584,21.3275,6.4171,3177,-3.6486,29.7765,40.8562,8.1209,1171,0.7804,70.2818,1.1102,2.2203,1171,-0.6289,38.5141,8.7959,2.3911,1171,-1.0417,33.8173,13.9197,2.7327,1171,-3.3053,23.7404,31.5969,4.526,1171,-5.5556,21.0077,53.4586,5.9778,727,-0.3421,39.6149,2.0633,0.1376,727,-0.2632,43.4663,5.227,1.5131,727,0.1479,51.9945,8.2531,3.5763,727,-0.3578,44.8418,10.8666,8.8033,726,-1.5065,41.3223,26.1708,11.0193,-0.2241265786133928,-0.5414773795256345,-0.9265066028039448,0.2533244465693807,0.013351830532015718,0.0788187366819626,-1.7893749249685675,54,4,0.325,10315.006635934604,0.9416298636331352,1,1,1,1,40.2117,caution,caution,谨慎,观察为主,5日上涨占比40.4%；10日上涨占比33.7%；10日中位涨跌幅-1.8%
2025-12-19,3179,1.3609,85.2469,0.3775,1.2583,3178,2.1753,84.6444,1.6992,3.4613,3178,0.666,58.5588,7.5519,5.0031,3178,-1.4237,34.8647,18.1875,6.1674,3176,1.1181,57.7141,13.8854,16.9081,1172,1.9074,91.8942,0.4266,2.0478,1171,3.0222,89.1546,1.8787,4.526,1171,1.4706,67.2929,6.7464,6.4902,1171,-2.4638,27.8395,23.7404,4.8676,1171,0.4223,53.4586,16.1401,15.0299,727,0.6474,72.3521,0.4127,0.2751,727,1.5451,81.4305,0.4127,3.1637,727,0.1572,51.7194,8.2531,3.5763,727,-0.475,42.2283,10.4539,7.7029,726,1.6642,63.2231,12.8099,20.1102,0.7893306343994322,-0.5580820230620231,3.708456623035783,-0.0033459831674353957,-0.2788046147633061,0.028328672352273543,-2.2577490204136796,67,3,0.2872340425531915,11086.708667609997,1.0181708996671546,1,1,1,1,56.5032,attack,attack,攻击,可参与,5日全市场上涨占比58.6%；5日全市场中位涨跌幅0.7%；5日小盘上涨占比67.3%
2025-12-22,3178,0.1398,52.769,0.8496,1.1328,3177,1.9608,81.2716,1.1017,4.5011,3177,0.9592,64.2745,4.2808,5.3824,3177,-1.2766,36.6069,18.4766,6.012,3175,0.6803,54.0157,15.937,16.063,1173,0.0,47.4851,1.4493,1.364,1172,2.8911,88.9078,1.2799,5.2048,1172,1.3798,68.5154,5.0341,4.7782,1172,-2.5432,28.7543,26.7918,4.0956,1172,-0.4489,45.7338,20.7338,11.7747,727,0.4521,59.1472,0.1376,0.9629,727,1.0579,70.8391,0.5502,3.5763,727,0.8902,62.8611,1.5131,6.4649,727,-0.2457,46.3549,8.2531,8.5282,726,2.0839,64.1873,12.1212,22.4518,1.0715577358346495,1.3581919195684966,3.5204851707389295,1.9918394278743756,1.308504396559318,1.27828105274852,1.7268015026955297,76,10,0.3274336283185841,11725.032607686406,1.0720875290320342,1,1,1,1,60.2856,attack,attack,攻击,可参与,5日全市场上涨占比64.3%；5日全市场中位涨跌幅1.0%；5日小盘上涨占比68.5%
2025-12-23,3180,-0.7959,26.7296,2.3899,0.9434,3180,0.8879,65.8176,2.6101,4.4025,3179,1.7663,75.4954,3.1456,6.5744,3179,-1.1178,39.2891,18.9997,6.1969,3178,-0.8531,44.4934,23.9459,12.4921,1172,-1.074,20.3925,2.5597,0.9386,1172,1.0063,67.9181,3.2423,3.5836,1171,2.2004,78.6507,3.6721,4.7822,1171,-2.3769,27.5833,27.4979,3.1597,1171,-2.5142,34.415,33.3049,7.8565,727,-0.2768,38.652,1.238,0.8253,727,0.8931,65.8872,1.3755,6.1898,727,1.9202,77.7166,1.1004,11.6919,727,0.6171,56.9464,7.0151,11.2792,726,1.814,57.7135,13.7741,19.5592,-0.21500607530789972,2.935276441805601,1.9651633044329264,3.648849699573753,2.738812837065119,2.4881406586295007,4.337865509693306,48,10,0.35135135135135137,11964.147694543002,1.0889941630392805,1,1,1,1,68.6103,attack,attack,攻击,可参与,5日全市场上涨占比75.5%；5日全市场中位涨跌幅1.8%；5日小盘上涨占比78.7%
2025-12-24,3181,0.6452,72.8702,0.5344,1.006,3180,0.2097,52.673,2.8931,4.434,3179,1.9932,79.1129,2.1705,7.4866,3179,-0.4804,44.5738,13.7465,7.0462,3178,0.3307,51.6992,18.7854,14.978,1173,0.6157,71.2702,0.682,0.5115,1173,-0.2183,44.9275,4.1773,2.1313,1172,2.6897,83.6177,2.901,7.1672,1172,-1.4153,33.7884,19.2833,3.413,1172,-1.2456,42.7474,25.1706,8.959,727,0.534,66.9876,0.2751,0.9629,727,0.6938,61.0729,1.238,8.1155,727,1.4686,72.7648,0.8253,8.5282,727,0.81,58.7345,5.5021,11.967,726,2.313,62.9477,11.5702,23.416,1.541592520901558,2.9860174430186737,3.558450967351101,3.000990258403191,1.1830803242446564,1.8259543404833378,1.689882021460254,68,6,0.24444444444444444,11651.445355111604,1.0555054992503345,1,1,1,1,71.8613,attack,attack,攻击,可参与,5日全市场上涨占比79.1%；5日全市场中位涨跌幅2.0%；5日小盘上涨占比83.6%
2025-12-25,3184,0.4668,67.3995,0.3769,1.4761,3183,0.6427,61.8599,2.639,3.7072,3183,2.4793,80.4901,2.1049,9.1423,3182,1.9361,70.6474,6.1596,10.2766,3181,0.9132,55.077,16.4728,16.127,1173,0.6435,71.4408,0.5115,1.1935,1173,0.4107,57.63,3.5806,2.728,1173,2.5057,82.0972,2.8133,7.8431,1172,1.8522,68.5154,7.5939,7.2526,1172,-0.8993,44.4539,22.9522,9.727,727,0.1852,57.2215,0.1376,0.2751,727,0.7389,64.6492,1.3755,3.7139,727,2.3301,75.5158,1.238,11.1417,727,2.1014,73.5901,2.6135,13.8927,726,2.6284,65.8402,9.7796,23.6915,0.9724752328731823,4.221118182349204,4.435785607459586,4.363936927482026,1.9711660047945223,2.147643007808453,4.2573430883928065,75,0,0.20212765957446807,11834.586185720002,1.0638093670382287,1,1,1,1,75.3397,attack,attack,攻击,可参与,5日全市场上涨占比80.5%；5日全市场中位涨跌幅2.5%；5日小盘上涨占比82.1%
2025-12-26,3183,-0.2924,37.9516,0.3456,1.1938,3183,1.1194,72.5102,1.3509,4.9953,3182,0.7779,60.5908,3.8341,7.3853,3181,1.7356,68.7834,5.3442,10.9714,3180,-0.0938,49.1195,21.1321,14.4025,1174,-0.7211,26.4906,0.5111,0.6814,1174,0.7989,66.9506,1.8739,2.7257,1174,0.1196,50.7666,5.9625,4.4293,1173,1.8868,69.9915,6.2234,8.0136,1173,-2.277,33.9301,31.8841,7.4169,727,0.0695,50.8941,0.2751,0.8253,727,1.3371,71.9395,0.6878,4.1265,727,1.6682,70.564,1.6506,10.5915,727,1.6838,68.088,2.6135,14.718,726,2.3865,65.1515,10.0551,23.5537,0.3450256235368876,3.7616849789074314,3.6993788165069708,4.0349457862152605,1.9496153181943532,1.8823387283853465,3.8958497078057652,74,1,0.26732673267326734,13599.26165450189,1.2004129286963152,1,1,1,1,58.3127,attack,attack,攻击,可参与,5日全市场上涨占比60.6%；5日全市场中位涨跌幅0.8%；5日小盘上涨占比50.8%
2025-12-29,3182,-0.514,34.6952,2.4513,1.2885,3182,0.0,47.3916,3.0798,3.9283,3181,0.13,51.116,5.4071,5.7529,3180,1.4245,64.7484,6.1635,10.7547,3179,-1.0661,42.7493,25.2595,12.4253,1172,-0.467,35.6655,2.0478,1.1092,1172,-0.2417,43.2594,3.2423,2.901,1172,-0.3735,43.5154,8.5324,3.8396,1171,1.278,64.0478,7.4295,8.1127,1171,-2.889,31.2553,35.9522,6.9172,727,-0.5083,33.5626,2.4759,0.9629,727,0.1147,51.1692,2.4759,2.751,727,0.6251,58.7345,2.6135,5.7772,727,1.8857,68.088,4.4017,14.8556,726,0.7916,55.5096,13.4986,17.9063,-0.14952804274689369,2.508098700752326,2.808790540585271,2.4112759297027164,0.6017100051641133,1.2231644148036347,0.9594625588611017,65,17,0.3157894736842105,13655.981143566873,1.1938701256740698,1,1,1,1,51.553,caution,caution,谨慎,观察为主,5日上涨占比51.1%；10日上涨占比64.7%；10日中位涨跌幅1.4%
2025-12-30,3180,-0.5165,31.9497,1.9811,0.9119,3180,-1.0559,32.4843,5.9748,2.673,3180,0.3709,54.6855,5.3459,6.9497,3178,2.4626,72.2467,4.4682,15.0724,3177,-1.2857,42.6818,26.9437,13.6607,1173,-0.8117,25.4902,2.1313,0.9378,1173,-1.6959,24.2967,8.0989,2.387,1173,-0.1553,47.4851,7.2464,4.9446,1172,2.1284,72.2696,5.2901,11.1775,1172,-3.5537,30.0341,39.7611,6.57,726,-0.2596,38.292,0.8264,0.6887,726,-0.2821,44.2149,3.5813,2.6171,726,0.7149,59.9174,4.1322,6.6116,726,3.3146,74.2424,2.8926,21.2121,725,1.7553,58.2069,12.8276,23.0345,0.04136732744877136,2.7714684624808417,3.885055170269336,2.7856628107449932,0.6611005813989657,1.1514680207692862,1.1823298692160256,49,13,0.3875,13466.507864687605,1.159182230365647,1,1,1,1,55.0113,caution,caution,谨慎,观察为主,5日上涨占比54.7%；10日上涨占比72.2%；10日中位涨跌幅2.5%
2025-12-31,3181,-0.101,43.6341,1.4775,0.9117,3179,-0.8658,34.9796,8.1158,2.4536,3179,-0.4695,42.8437,7.7068,5.0959,3177,1.8994,68.3034,5.1621,12.8108,3177,-0.7692,44.6018,23.6701,14.5735,1173,0.0,46.6326,1.9608,1.1083,1172,-0.9573,33.7884,9.8976,2.4744,1172,-0.8342,38.4812,9.215,3.413,1171,2.0661,71.0504,5.8924,10.2477,1171,-2.9915,31.0845,35.7814,7.1734,726,-0.2226,38.843,0.2755,0.4132,726,-0.7502,35.6749,5.7851,1.6529,726,-0.2604,44.9036,5.5096,4.4077,726,1.5975,64.6006,4.27,14.0496,726,1.673,58.8154,12.3967,23.5537,-0.02651600259513387,1.1843669441043758,4.787491477281347,1.5442599085021325,-0.08888752507358877,0.707776582633568,-0.8176147639387676,51,10,0.28169014084507044,12892.560540352766,1.0985148942070346,1,1,1,1,46.377,caution,caution,谨慎,观察为主,5日上涨占比42.8%；10日上涨占比68.3%；10日中位涨跌幅1.9%
2026-01-05,3181,0.7979,71.5184,1.1003,1.1317,3179,0.4337,56.7474,3.9321,3.0198,3179,0.0044,50.0157,7.2664,4.9701,3178,2.77,73.9144,4.5941,15.6073,3177,1.055,56.5943,14.0699,17.6582,1173,0.6071,67.4339,1.6198,0.7673,1172,0.0,49.744,5.4608,2.0478,1172,-0.7013,40.1024,10.5802,2.901,1172,2.1277,70.5631,6.7406,9.5563,1171,-0.62,45.1751,20.8369,9.3937,726,1.0771,76.7218,0.0,0.8264,726,0.7524,63.7741,0.8264,3.4435,726,0.7275,61.4325,3.3058,6.0606,726,3.8295,73.6915,2.7548,21.4876,726,3.3276,67.0799,7.989,28.7879,2.0880784650002315,2.3023112803527646,6.969879787253852,3.2451160326445683,1.6200198525129217,1.6111541581592226,1.7043054718194561,0,0,,15486.389188172932,1.0,1,1,1,1,51.1419,caution,caution,谨慎,观察为主,5日上涨占比50.0%；10日上涨占比73.9%；10日中位涨跌幅2.8%
2026-01-06,3182,0.9191,79.6354,0.3771,1.6028,3182,1.8676,79.3526,2.2942,6.1282,3180,1.2596,65.9434,5.5975,6.8868,3179,2.4024,69.9277,6.3227,15.4137,3178,1.1477,56.8911,13.4047,18.0617,1174,0.7073,75.4685,0.4259,1.1073,1174,1.5804,75.2981,3.6627,3.4923,1173,0.6554,58.1415,7.5021,4.6888,1173,1.0194,60.1023,10.5712,7.2464,1172,-0.8461,41.9795,22.099,9.3003,726,1.259,82.9201,0.4132,1.3774,726,2.4264,84.2975,1.1019,7.8512,726,2.0124,72.0386,3.0303,8.4022,726,4.5911,78.2369,2.2039,22.865,726,3.8814,70.7989,5.6474,29.3388,1.431843154652901,3.410327793202139,7.114900112119971,4.76343595905131,2.865512621209132,3.0271952654893353,2.324864050740283,98,2,0.2283464566929134,17482.837319875598,1.0605548974955565,1,1,1,1,62.9029,attack,attack,攻击,可参与,5日全市场上涨占比65.9%；5日全市场中位涨跌幅1.3%；5日小盘上涨占比58.1%
2026-01-07,3183,-0.4926,35.5639,0.754,0.8483,3182,1.6603,74.67,2.0742,6.4111,3180,1.3333,68.1132,4.0566,8.0818,3179,1.8054,65.2406,7.2664,14.2183,3178,0.6554,54.0592,15.387,17.0548,1175,-0.6642,31.0638,0.9362,0.4255,1175,1.0417,66.8085,2.6383,3.4043,1174,0.6517,58.2624,5.707,4.4293,1174,0.4401,53.5775,12.0954,7.7513,1173,-1.7341,37.4254,26.8542,8.9514,726,-0.3561,40.3581,0.1377,0.9642,726,2.6085,82.6446,0.6887,10.1928,726,2.2784,76.584,1.1019,11.8457,726,3.3714,76.7218,2.7548,19.5592,726,3.5547,70.2479,5.5096,27.4105,0.5278678947283622,4.111874161156126,6.511794308918639,5.981571080519088,2.9593164126671345,3.038693664880543,3.3228275657736894,65,1,0.4396551724137931,17588.153348678443,1.0436549559245938,1,1,1,1,63.6594,attack,attack,攻击,可参与,5日全市场上涨占比68.1%；5日全市场中位涨跌幅1.3%；5日小盘上涨占比58.3%
2026-01-08,3182,0.4922,64.9906,0.7542,1.4771,3181,1.3369,75.2279,1.509,4.9984,3181,2.3356,78.7488,3.0494,9.4624,3179,3.0429,76.6908,4.3724,17.5527,3177,2.0725,63.8023,11.5833,19.83,1174,0.8646,77.9387,0.6814,1.5332,1174,1.2961,76.9165,1.8739,2.8109,1174,2.157,78.7905,3.833,6.2181,1173,2.3011,72.89,6.9054,12.191,1172,-0.0187,49.3174,18.686,11.2628,726,-0.2278,42.9752,1.5152,1.1019,726,1.1614,69.5592,1.7906,5.3719,726,2.2284,76.9972,2.6171,11.708,726,3.2441,76.3085,2.6171,19.697,726,4.3188,76.9972,5.0964,29.0634,0.8242542449397039,4.926615366856035,8.007567423361595,5.840091669911107,1.8569461863179315,2.9724957093940185,1.8317560128040755,79,4,0.30701754385964913,17057.94213120049,1.009116965189999,1,1,1,1,75.0395,attack,attack,攻击,可参与,5日全市场上涨占比78.7%；5日全市场中位涨跌幅2.3%；5日小盘上涨占比78.8%
2026-01-09,3181,0.5089,68.4376,0.3772,1.6033,3181,0.9009,65.514,1.8233,6.2559,3180,3.0711,83.8365,1.9811,13.3648,3178,2.9552,76.3688,4.3424,17.5267,3176,2.8285,67.8841,9.8552,22.2607,1173,0.3799,65.3879,0.5968,1.2788,1173,0.9615,70.2472,1.364,4.0921,1173,2.669,83.9727,2.4723,8.9514,1172,1.9943,72.8669,6.2287,12.116,1171,1.0363,56.8745,15.1153,13.1512,726,0.6203,70.5234,0.0,1.2397,726,0.3826,55.0964,2.4793,6.6116,726,3.4076,81.1295,1.5152,16.5289,726,3.4395,76.8595,2.7548,19.8347,726,4.9819,77.2727,4.4077,31.6804,1.9769509683809972,7.029343008810285,9.731577284285219,7.917831692035149,2.7858376983111555,3.8194005346801507,3.891174488086291,83,2,0.35658914728682173,18928.750378061166,1.0935902286879249,1,1,1,1,80.1955,attack,attack,攻击,可参与,5日全市场上涨占比83.8%；5日全市场中位涨跌幅3.1%；5日小盘上涨占比84.0%
2026-01-12,3181,0.8329,72.0214,0.4715,2.5149,3181,2.178,79.629,1.729,10.3741,3180,3.126,84.5597,2.2956,15.8491,3178,3.1761,76.6205,4.7829,21.3342,3176,5.6815,81.7065,5.6045,32.1474,1172,0.775,72.1843,0.6826,2.0478,1172,2.4604,85.5802,1.5358,6.9966,1172,2.8214,86.3481,2.3038,11.0922,1171,2.0144,72.4167,5.8924,15.1153,1170,4.1575,78.2906,8.2051,22.9915,725,0.5008,64.0,0.4138,1.931,725,1.1032,64.9655,3.1724,8.8276,725,2.8481,77.1034,3.4483,16.2759,725,3.813,75.7241,3.8621,24.2759,725,6.9666,81.931,3.1724,37.6552,2.802589106401121,7.778437375868608,14.291796854571249,7.814846670876308,1.5297518049775194,3.526115005686581,2.846803447862545,131,2,0.30687830687830686,20938.224831569845,1.1688375878169528,1,1,1,1,81.3251,attack,attack,攻击,可参与,5日全市场上涨占比84.6%；5日全市场中位涨跌幅3.1%；5日小盘上涨占比86.3%
2026-01-13,3178,-0.8008,29.7671,6.5135,1.0384,3178,0.6331,61.5167,3.1466,6.073,3178,1.1179,64.443,4.4997,8.8735,3175,2.4513,73.8583,6.8346,16.8504,3173,4.88,81.185,5.9565,27.8286,1172,-0.7005,30.1195,3.6689,0.9386,1172,0.6632,63.1399,2.9863,4.8635,1172,1.3313,69.7099,3.6689,7.5939,1171,2.0705,72.8437,7.088,12.6388,1170,4.5746,80.4274,7.6068,21.7094,723,-0.5823,34.3015,7.0539,0.4149,723,0.5682,59.751,2.9046,5.6708,723,0.3705,53.8036,6.639,8.0221,723,2.4804,70.6777,6.5007,18.3956,723,4.9268,78.9765,4.5643,31.9502,-1.8413043314638888,4.30048892908208,11.290159998011662,4.212166474305867,-0.6191462288823391,1.3490643899679133,0.07824561591669443,54,51,0.5,21613.71562819078,1.1719650056237696,1,1,1,1,65.5101,attack,attack,攻击,可参与,5日全市场上涨占比64.4%；5日全市场中位涨跌幅1.1%；5日小盘上涨占比69.7%
2026-01-14,3179,-0.2962,41.8371,1.5099,1.6043,3179,-0.0833,47.2161,5.8509,4.8757,3179,1.2195,65.2721,5.033,10.2548,3176,2.7962,74.937,6.2972,19.0806,3174,4.8477,79.6156,6.1752,29.3321,1173,-0.2105,42.9668,1.364,1.1935,1173,0.134,51.2361,5.2003,3.6658,1173,1.6892,73.9983,3.4953,8.6957,1172,2.4258,74.5734,7.0819,15.3584,1171,4.2403,78.3945,7.6857,22.2886,723,-0.4983,37.0678,1.1065,1.3831,723,-0.4756,40.249,6.2241,5.3942,723,0.0,48.9627,8.4371,8.9903,723,2.4902,70.1245,5.1176,20.0553,723,5.3532,76.7635,5.1176,34.4398,0.6587593054541152,4.436292447262824,12.971460488686827,4.477601516337182,-0.7271850586658135,0.986861162086794,0.5839878432021051,82,19,0.41007194244604317,23433.248965093895,1.22904936088798,1,1,1,1,67.3191,attack,attack,攻击,可参与,5日全市场上涨占比65.3%；5日全市场中位涨跌幅1.2%；5日小盘上涨占比74.0%
2026-01-15,3182,-0.2168,43.1804,4.0226,0.9428,3182,-1.0401,33.6581,11.5336,2.9227,3182,0.545,56.7882,6.0968,7.9824,3181,3.2847,75.951,6.2873,19.2707,3177,6.6932,83.2546,5.1621,35.0331,1175,-0.3241,40.5957,3.1489,0.8511,1175,-0.88,36.1702,9.9574,2.5532,1175,0.6509,58.383,5.7872,5.5319,1175,2.994,77.3617,6.9787,14.7234,1173,5.8938,83.2055,6.5644,29.4118,723,-0.0637,47.0263,2.9046,0.6916,723,-1.1647,33.61,8.7137,2.6279,723,0.1353,51.1757,3.7344,8.7137,723,2.947,70.816,5.8091,21.3001,723,7.1672,79.3914,4.5643,41.2172,-0.19857283818588423,3.376822489599851,14.74813621439175,4.163933608482817,0.29077051982020485,0.7255095226063935,1.9867900216536505,48,55,0.323943661971831,17242.55573973469,0.9140680939559473,1,1,1,1,59.5749,attack,attack,攻击,可参与,5日全市场上涨占比56.8%；5日全市场中位涨跌幅0.5%；5日小盘上涨占比58.4%
2026-01-16,3183,-0.4866,37.5118,4.147,1.0996,3182,-0.5775,41.2005,8.9566,3.1113,3182,-0.3178,45.8831,9.6794,4.8083,3181,3.1987,75.3851,5.6272,17.2273,3177,5.7692,79.8552,5.6342,33.176,1175,-0.4836,36.5106,3.0638,0.6809,1175,-0.5371,40.5106,9.1064,2.2128,1175,0.0,48.5106,9.4468,3.234,1175,2.6366,75.0638,6.1277,12.3404,1173,5.2679,81.2447,6.7349,27.6215,723,-0.4955,37.4827,1.9364,1.1065,723,-0.6455,42.7386,7.1923,4.7026,723,-0.5857,43.9834,7.1923,5.9474,723,3.2357,71.231,6.2241,21.5768,723,5.6011,72.7524,5.9474,37.2061,-0.09763401988728271,1.2737589832365837,12.951362062877724,2.1843746221306137,-0.5683913170169252,-0.44930548443293805,0.9977725008381677,48,52,0.45454545454545453,18069.063918731692,0.9619345788476712,1,1,1,1,51.0889,caution,caution,谨慎,观察为主,5日上涨占比45.9%；10日上涨占比75.4%；10日中位涨跌幅3.2%
2026-01-19,3184,1.1073,73.4611,1.853,1.3819,3183,0.7782,58.8753,9.2994,5.0895,3183,-0.2136,47.4709,13.3836,5.8121,3182,3.4331,77.7813,4.7769,17.7876,3179,7.0254,82.1642,5.2847,36.8669,1176,1.4677,80.102,1.6156,1.1054,1176,0.9507,62.5,7.9932,3.1463,1176,0.5343,55.1871,11.5646,4.1667,1176,3.602,81.3776,5.017,13.2653,1175,6.2805,82.383,5.617,29.1064,723,0.6826,64.7303,1.2448,1.9364,723,0.5595,55.4633,6.3624,7.4689,723,-0.7143,42.3237,11.3416,8.1604,723,3.0534,68.3264,6.3624,21.1618,723,7.4906,75.5187,7.1923,42.8769,0.39982973811611977,-1.0932677159310233,13.657712340010209,0.4705891623083769,-1.1578471478254637,-1.2312933058394315,-1.4972697403186297,81,27,0.2702702702702703,16731.151142271265,0.8996472305303682,1,1,1,1,52.2281,caution,caution,谨慎,观察为主,5日上涨占比47.5%；10日上涨占比77.8%；10日中位涨跌幅3.4%
2026-01-20,3187,0.0,49.6392,3.1377,1.0668,3187,1.0204,61.7195,9.0681,4.7066,3186,0.7988,58.3804,10.9542,7.2191,3186,2.4733,69.4601,7.941,13.936,3182,5.297,76.7442,7.0082,30.2011,1176,0.0,47.1939,1.7007,0.7653,1176,1.2155,66.8367,6.7177,2.8912,1176,1.0695,62.1599,10.119,4.7619,1176,2.8331,74.5748,6.8027,11.2245,1175,4.2216,72.9362,9.5319,21.4468,723,0.2915,56.2932,3.8728,0.8299,723,0.7393,57.953,9.1286,6.5007,723,0.592,56.1549,9.4053,9.9585,723,1.5104,60.3043,8.9903,15.9059,723,6.1338,75.3804,4.8409,36.9295,-1.0028737983002411,-0.24844776679036062,11.636686358548353,1.2835724671139914,-0.8854004018120087,-0.6066915960426189,-1.3218263851473067,49,15,0.2898550724637681,17495.996470958093,0.9454398210215588,1,1,1,1,58.7177,attack,attack,攻击,可参与,5日全市场上涨占比58.4%；5日全市场中位涨跌幅0.8%；5日小盘上涨占比62.2%
2026-01-21,3185,0.13,51.8053,1.3815,1.4443,3185,1.4701,68.1633,4.8666,5.3375,3184,1.2379,59.8932,13.0339,8.5113,3184,2.9866,72.7701,7.9774,16.1432,3180,5.3673,75.9748,7.673,31.0692,1174,0.3208,58.9438,1.0221,0.937,1174,1.9194,75.8944,3.6627,3.5775,1174,1.5815,64.1397,11.925,5.5366,1174,3.7126,79.6422,6.5588,13.799,1173,4.6154,73.231,9.2072,23.0179,724,-0.101,47.2376,0.8287,1.3812,724,1.2203,63.674,5.3867,6.768,724,1.1669,58.4254,9.3923,12.4309,724,1.917,62.2928,8.9779,17.8177,724,6.2743,72.5138,7.4586,37.9834,0.7934689749006463,-0.11495219501069798,11.329528652862564,1.3663155072433986,-0.3977578246294855,-0.2218369667461917,-1.6008598750914316,74,5,0.27450980392156865,16156.051162979331,0.8816433037327909,1,1,1,1,60.8649,attack,attack,攻击,可参与,5日全市场上涨占比59.9%；5日全市场中位涨跌幅1.2%；5日小盘上涨占比64.1%
2026-01-22,3186,0.7398,70.182,0.6591,1.1613,3186,1.0664,65.4426,3.3584,3.5782,3186,2.1243,68.7696,7.376,8.914,3185,3.2136,73.4694,8.0063,16.0126,3182,6.9433,83.061,5.9711,37.3664,1175,1.0101,77.8723,0.5957,0.4255,1175,1.4737,73.617,2.7234,2.2128,1175,2.7656,76.766,5.1064,6.0426,1175,3.7946,79.0638,6.7234,12.4255,1174,6.6739,84.0716,6.4736,31.3458,724,0.2408,56.768,0.5525,1.2431,724,0.5807,57.5967,3.8674,4.9724,724,1.3661,61.1878,7.1823,11.7403,724,2.2707,65.4696,8.8398,19.0608,724,6.45,75.6906,7.5967,40.3315,0.7476745156862252,0.8320879913346957,12.403585705163644,1.9983137361576642,-0.5834076074750727,0.2425423598086729,-1.165987898868992,66,2,0.2903225806451613,16761.816427741014,0.920307487858759,1,1,1,1,68.8658,attack,attack,攻击,可参与,5日全市场上涨占比68.8%；5日全市场中位涨跌幅2.1%；5日小盘上涨占比76.8%
2026-01-23,3187,0.6194,67.9636,0.5648,1.5689,3187,1.8816,77.8161,1.4747,6.5265,3187,3.0983,80.546,2.8867,11.7666,3186,3.1109,73.6033,8.4118,16.8236,3183,6.949,83.6632,6.1577,36.8206,1175,0.4367,66.2128,0.3404,1.1915,1175,1.9937,84.0851,1.1064,4.5957,1175,3.5602,87.6596,2.2128,9.1915,1175,3.4703,80.1702,6.6383,13.0213,1174,6.4131,85.1789,6.2181,29.8126,725,0.356,59.8621,0.6897,1.2414,725,1.1905,64.4138,1.931,8.2759,725,2.1739,69.6552,4.2759,14.4828,725,2.1891,63.3103,10.4828,19.3103,725,6.8306,75.3103,8.5517,41.2414,1.9423695651797024,2.891076474480947,12.847234221272053,4.342354622568556,-0.6208155045925978,0.8350128953256375,-0.34255408489937134,81,1,0.2636363636363636,19033.575466577076,1.0419100138759392,1,1,1,1,77.878,attack,attack,攻击,可参与,5日全市场上涨占比80.5%；5日全市场中位涨跌幅3.1%；5日小盘上涨占比87.7%
2026-01-26,3184,-0.8547,34.0452,6.0302,1.1307,3184,0.7379,60.3643,4.2714,5.1822,3184,1.1545,61.4008,7.5377,7.8204,3183,1.3774,59.0952,17.6563,13.7606,3180,5.1404,77.5157,9.0881,30.1258,1173,-0.9346,30.52,4.9446,0.5115,1173,0.7849,61.0401,2.9838,3.3248,1173,1.2585,64.0239,5.7118,5.7971,1173,2.1631,65.6436,14.0665,9.8039,1172,4.7766,77.901,9.8976,23.2935,726,-0.2748,43.8017,5.2342,1.7906,726,0.5093,57.989,6.1983,6.7493,726,0.8301,58.4022,8.8154,9.7796,726,0.7082,52.2039,18.8705,18.0441,726,5.5845,71.6253,9.6419,36.7769,-1.2432119597337032,1.2072655614028038,10.370973527369799,2.6393291366366034,-0.580670774481451,0.4522386861390615,-0.5530667306326231,61,41,0.39,20322.420094651596,1.1046973948155545,1,1,1,1,60.6392,attack,attack,攻击,可参与,5日全市场上涨占比61.4%；5日全市场中位涨跌幅1.2%；5日小盘上涨占比64.0%
2026-01-27,3185,-0.8535,29.168,1.9152,0.5024,3185,-0.8496,35.5102,6.8446,3.9874,3185,0.2595,52.3705,7.6609,7.8179,3184,1.4443,58.8254,15.201,14.2588,3181,4.7912,73.436,10.5313,29.0789,1174,-0.9037,24.7871,2.2998,0.4259,1174,-1.1777,29.6422,6.7291,2.9813,1174,0.3716,53.322,6.7291,5.5366,1174,1.8295,63.1175,13.0324,10.477,1173,4.6185,75.1066,9.8892,22.5916,726,-0.7505,33.4711,2.4793,0.551,726,-0.4623,42.011,5.3719,4.5455,726,0.1216,51.2397,8.5399,10.1928,726,1.1144,54.4077,16.1157,19.146,726,4.9881,67.2176,12.8099,34.9862,0.19985572775689242,2.4368463705890964,10.211299018099961,3.6509980976877854,-0.2794392955512315,0.6382435642904749,1.9713396577586417,46,2,0.31343283582089554,17998.758843267384,0.9796320117132835,1,1,1,1,54.4911,caution,caution,谨慎,观察为主,5日上涨占比52.4%；10日上涨占比58.8%；10日中位涨跌幅1.4%
2026-01-28,3184,-0.6219,37.9083,2.1043,1.2877,3184,-2.0623,29.2714,19.2839,3.8945,3184,-0.4131,45.1947,11.9661,7.3807,3183,0.8602,54.7597,20.044,15.6456,3180,4.4837,72.7044,11.1006,28.9937,1173,-1.0657,25.8312,2.728,0.5968,1173,-2.7661,19.2668,21.6539,1.4493,1173,-1.153,35.9761,12.873,3.9216,1173,0.5882,54.6462,19.5226,9.7187,1172,3.65,71.2457,11.4334,20.6485,726,0.1037,52.2039,1.3774,1.2397,726,-0.518,43.2507,12.9477,6.4738,726,0.4645,53.0303,11.5702,10.3306,726,1.2766,56.0606,17.3554,23.416,726,5.8264,69.9725,13.3609,37.3278,0.21045308250327022,1.8443247517926142,10.608633018211687,3.1300665903423397,-0.1075105992518588,0.8330896248184505,0.8508301536151119,76,8,0.32142857142857145,18761.16647315061,1.0199309657525184,1,1,1,1,46.1566,caution,caution,谨慎,观察为主,5日上涨占比45.2%；10日上涨占比54.8%；10日中位涨跌幅0.9%
2026-01-29,3184,-0.4864,39.6671,4.0829,1.3505,3184,-1.5308,31.8153,14.353,3.5176,3184,-1.4673,37.1231,20.7915,5.8103,3184,0.6823,53.6746,18.3417,14.0389,3182,4.523,72.6901,11.4708,29.0069,1173,-0.5175,36.4024,2.728,0.8525,1173,-2.2255,21.3129,16.4535,1.6198,1173,-2.518,25.5754,23.9557,2.9838,1173,0.431,52.0887,16.7093,8.8662,1173,3.8933,72.2933,11.7647,22.0801,727,-0.116,47.5928,4.8143,1.9257,727,-0.1679,46.3549,9.4911,5.5021,727,0.237,52.4072,16.0935,9.0784,727,1.2845,58.1843,15.4058,21.3205,727,5.9524,70.1513,11.6919,37.8267,-0.8046280850370291,0.275125155463507,9.673275989269348,1.552863484705691,0.6384940173390419,0.8588925953093351,-0.7251234292755204,79,13,0.3130434782608696,20985.70399285602,1.132469489798021,1,1,1,1,38.3697,caution,caution,谨慎,观察为主,5日上涨占比37.1%；10日上涨占比53.7%；10日中位涨跌幅0.7%
2026-01-30,3184,-0.2349,43.3731,6.25,0.5339,3183,-1.1245,36.2237,14.4518,2.5762,3183,-2.5641,28.181,30.5058,3.8643,3183,0.5372,53.3773,18.8501,13.2265,3181,4.1612,70.9211,12.2289,27.9157,1173,0.5119,59.9318,3.9216,0.682,1173,-1.0811,34.8679,11.1679,1.8755,1173,-2.7511,24.3819,28.6445,2.387,1173,0.9569,57.3743,15.5158,10.0597,1173,4.0182,73.8278,11.3384,22.3359,728,-1.0861,24.3132,10.1648,0.2747,727,-0.8155,40.5777,15.4058,2.2008,727,-1.5686,34.3879,26.685,4.9519,727,0.2985,51.0316,19.945,16.5062,727,3.8352,67.8129,14.0303,33.8377,-0.9282823000538398,-2.548577847437672,8.684017037149827,-2.556942468363732,0.08173317977517858,-0.440422553824138,-0.09399005237612501,38,51,0.3770491803278688,17879.269188513492,0.9665337342355287,1,1,1,1,31.7696,defense,defense_pressure,防守-弱势承压,暂停新开仓,5日全市场上涨占比28.2%；5日小盘上涨占比24.4%
2026-02-02,3185,-2.0036,14.4741,15.4474,0.6279,3184,-2.8153,19.9749,28.4862,1.8844,3184,-3.88,15.7663,38.8191,2.2927,3184,-2.7498,30.1193,33.8254,6.3756,3182,0.9223,54.6512,20.2074,17.5361,1172,-1.5595,16.8089,10.9215,0.8532,1172,-1.6781,26.4505,18.2594,1.8771,1172,-3.4477,14.3345,32.8498,1.5358,1172,-2.3242,32.2526,29.1809,4.7782,1172,1.4748,59.471,17.1502,13.9078,728,-2.4164,13.1868,24.1758,0.4121,727,-4.0997,16.0935,41.8157,1.5131,727,-4.0113,15.956,41.5406,1.9257,727,-3.0169,27.7854,36.0385,6.74,727,-0.4032,48.1431,23.6589,20.7703,-3.385060314103694,-4.662115279248191,2.8572572699087306,-5.520918516257289,-2.1454190004427387,-2.827727168324712,-1.6581961719162375,32,108,0.37254901960784315,16070.945499137393,0.8674072097289919,1,1,1,1,19.4669,defense,defense_pressure,防守-弱势承压,暂停新开仓,5日全市场上涨占比15.8%；5日全市场中位涨跌幅-3.9%；5日小盘上涨占比14.3%
2026-02-03,3185,1.5607,84.7096,1.0361,1.0675,3185,-0.9381,37.7394,13.752,3.0141,3184,-1.7583,29.1143,17.9962,3.2977,3184,-1.3256,37.4372,20.603,8.3857,3183,1.2876,56.2677,20.2639,19.4156,1172,1.2924,83.7031,1.4505,0.4266,1172,0.0,49.9147,10.4949,2.7304,1172,-1.5412,31.1433,15.9556,2.4744,1172,-0.8983,39.6758,19.3686,5.6314,1172,2.1164,60.3242,16.8942,15.6143,728,1.856,82.6923,0.6868,1.6484,728,-1.9194,23.9011,20.7418,2.4725,727,-1.7528,28.3356,19.3948,2.751,727,-1.6506,35.2132,22.0083,10.3164,727,-0.2315,49.2435,25.3095,22.696,2.929907852096192,-2.0645327495978805,4.376374158645113,-3.0674193797842753,-0.9687077253975662,-1.7431853071185777,-0.5297314894867289,60,11,0.2682926829268293,15601.664522789724,0.8463751946052012,1,1,1,1,33.7611,defense,defense_repair,防守-修复观察,暂停新开仓,5日全市场上涨占比29.1%
2026-02-04,3188,0.8601,70.8908,1.5056,1.0665,3187,0.266,52.9965,7.5933,3.8281,3186,-0.273,46.2649,14.8462,4.6767,3186,-0.4974,45.7313,19.8054,8.7884,3185,2.5943,62.4804,16.4835,21.5071,1175,0.8642,74.2128,1.1064,0.9362,1174,0.513,57.7513,6.8995,3.1516,1174,0.4688,55.0256,9.7956,4.4293,1174,-0.3191,46.8484,17.8024,6.0477,1174,3.4916,67.5468,13.799,19.9319,728,1.0085,70.3297,1.3736,1.0989,728,0.2497,52.3352,10.4396,3.7088,727,-1.0042,38.7895,22.1458,3.989,727,-0.6329,45.9422,21.7331,9.7662,727,1.1287,55.4333,18.8446,21.5956,-0.024128098801567965,-2.293788449902179,3.803246114040726,-3.512396530869699,-0.4092461889608212,-1.1812332215706767,-0.3624755717653416,56,7,0.30864197530864196,15359.854166894302,0.8383241770627053,1,1,1,1,47.8917,caution,caution,谨慎,观察为主,5日上涨占比46.3%；10日上涨占比45.7%；10日中位涨跌幅-0.5%
2026-02-05,3188,-0.61,33.187,4.2974,0.6901,3187,1.7743,77.0317,3.075,4.0163,3187,-0.4819,44.054,16.128,4.236,3186,-1.7486,34.9341,28.0917,6.3089,3185,1.4682,57.0173,19.9686,16.9231,1175,-0.2907,38.5532,1.617,0.766,1174,1.9841,81.6014,2.8109,3.4923,1174,0.5192,56.3032,9.9659,4.5145,1174,-1.5747,34.6678,24.0204,4.8552,1174,2.2636,62.0102,16.3543,15.247,728,-1.0094,30.6319,8.3791,0.2747,728,1.7622,73.489,3.7088,3.8462,728,-1.6582,34.3407,25.4121,2.7473,727,-1.4464,38.2393,29.5736,6.8776,727,0.6485,52.6823,21.458,17.8817,-1.6941825502423846,-3.1699885697746955,1.2103986248061194,-4.3641988278511175,-1.7554309492327835,-1.9737399213488938,-1.3385341846263832,39,17,0.25,13881.357990369514,0.7642545730610721,1,1,1,1,45.6649,caution,caution,谨慎,观察为主,5日上涨占比44.1%；10日上涨占比34.9%；10日中位涨跌幅-1.7%
2026-02-06,3187,0.0,47.7565,1.6003,0.9413,3187,0.455,56.4794,6.4324,2.2592,3186,-0.1664,46.8299,12.1155,4.457,3185,-2.6825,29.011,34.5997,5.2119,3184,0.5194,52.5126,24.0892,15.7663,1175,0.3165,58.9787,1.5319,0.766,1175,0.8997,67.0638,2.7234,2.6383,1174,0.577,56.8995,8.8586,4.4293,1174,-2.1438,30.9199,27.4276,4.3441,1174,1.8629,59.54,19.506,14.4804,728,-0.4467,34.8901,1.2363,1.0989,728,0.1049,50.4121,11.2637,2.0604,728,-0.6138,41.7582,17.7198,3.7088,727,-2.2044,32.8748,36.1761,5.0894,727,-0.578,46.7675,26.5475,17.0564,-0.2045406930749616,-2.4626231409391686,-0.9546949434562468,-2.677342530308424,-1.333184569470447,-1.2716091870620283,-3.283898254435147,56,7,0.3411764705882353,13610.385022997803,0.7604694468121418,1,1,1,1,46.8501,caution,caution,谨慎,观察为主,5日上涨占比46.8%；10日上涨占比29.0%；10日中位涨跌幅-2.7%
2026-02-09,3186,1.0519,81.4501,0.3139,1.2869,3186,0.5764,61.7389,3.1073,2.6051,3185,2.9762,87.19,2.4804,8.2575,3184,-0.7273,42.5879,18.7814,6.5955,3183,0.5671,52.5919,25.1649,17.1222,1176,1.0596,81.2925,0.5952,1.0204,1176,1.1513,73.8095,2.1259,2.2109,1175,3.3435,88.4255,3.234,6.9787,1175,0.0,48.766,13.7872,5.4468,1175,1.9036,59.234,20.1702,15.3191,727,0.9307,82.5309,0.0,1.238,727,0.0961,50.8941,4.4017,2.751,727,2.6538,85.4195,1.7882,9.6286,726,-1.1304,40.7713,23.0028,6.6116,726,0.0,49.8623,27.686,19.4215,2.2629624403138537,3.239324463615323,-1.4745990453261082,3.4121655350568103,2.454982489176727,2.673059733054872,2.1034395614438095,73,1,0.22340425531914893,13486.069295279523,0.7695446807842908,1,1,1,1,77.117,attack,attack,攻击,可参与,5日全市场上涨占比87.2%；5日全市场中位涨跌幅3.0%；5日小盘上涨占比88.4%
2026-02-10,3187,-0.2201,40.2573,1.3179,0.9727,3187,1.0818,67.8067,3.3574,4.8321,3187,1.4706,70.819,5.2087,5.3655,3185,-0.1852,48.2575,16.4835,7.7865,3184,1.2516,57.0038,20.5402,17.7136,1176,-0.1457,40.9014,1.2755,0.7653,1176,1.3733,74.7449,3.3163,3.6565,1176,2.0517,78.7415,3.8265,5.1871,1175,0.5714,55.4043,12.5957,6.8936,1175,2.2772,63.8298,16.5957,16.0851,727,-0.1965,41.8157,0.5502,0.5502,727,0.76,60.9354,1.6506,5.6396,727,1.1737,66.1623,6.8776,5.6396,726,-0.5614,46.0055,20.6612,7.7135,726,0.3744,52.2039,22.314,19.2837,0.20065879111659246,0.5018710331374798,0.5749925269403544,0.23826491617500167,1.377397439380923,1.4906368475707366,-0.13099070908252353,51,4,0.2608695652173913,12741.206908502882,0.7459236912897692,1,1,1,1,66.0459,attack,attack,攻击,可参与,5日全市场上涨占比70.8%；5日全市场中位涨跌幅1.5%；5日小盘上涨占比78.7%
2026-02-11,3187,-0.1984,40.3514,1.6944,0.6589,3186,0.8547,65.317,2.8562,3.892,3186,0.354,54.6767,5.8067,4.5512,3184,0.2218,51.3191,15.6407,7.5377,3183,1.2376,55.7964,22.5259,18.1904,1177,-0.3972,31.6907,1.8692,0.5947,1176,0.6503,62.0748,3.4864,2.381,1176,0.6717,59.5238,4.5068,4.1667,1175,1.2841,62.4681,10.8936,7.234,1175,1.9776,60.1702,19.4043,15.1489,727,0.0484,50.7565,0.6878,0.5502,727,1.2167,70.9766,1.1004,6.0523,727,0.1677,52.9574,6.1898,6.3274,726,-0.7396,45.3168,21.2121,8.2645,726,1.019,54.5455,21.7631,22.865,-0.13074797121621629,0.3946902057716972,-0.2138577330765279,0.32236552551137,0.32211790741711877,0.7260247057555791,-0.8086812717853387,46,8,0.28125,12260.378083029886,0.7420427114604107,1,1,1,1,54.7471,caution,caution,谨慎,观察为主,5日上涨占比54.7%；10日上涨占比51.3%；10日中位涨跌幅0.2%
2026-02-12,3190,-0.7771,30.7524,1.5987,0.9718,3189,-0.9704,33.2079,6.4283,2.7595,3189,0.2582,52.7124,7.3691,6.8046,3188,-0.2649,47.0201,15.3388,8.1242,3187,0.6667,53.8124,22.4663,16.6614,1178,-1.2645,15.8744,2.1222,0.5093,1177,-1.705,19.2863,8.5811,1.5293,1177,-0.1889,45.7094,8.836,3.6534,1176,0.4508,53.4864,13.6054,6.9728,1176,0.8097,55.1871,20.4932,12.3299,727,-0.1608,46.0798,0.6878,1.5131,727,0.0554,50.3439,3.3012,4.9519,727,1.0487,60.7978,4.8143,11.4168,727,-0.7242,43.879,17.7442,9.7662,726,0.9698,55.7851,21.2121,21.7631,0.9141219875494988,3.058417875477071,0.8986666800311127,3.406071019958201,1.0525651361287025,1.4254731947784816,2.0790893832590918,56,14,0.2,12872.932454022302,0.7895572649313496,1,1,1,1,51.7521,caution,caution,谨慎,观察为主,5日上涨占比52.7%；10日上涨占比47.0%；10日中位涨跌幅-0.3%
2026-02-13,3188,-0.8319,24.1844,2.3526,0.6274,3188,-1.5381,24.3099,8.187,1.8507,3187,-0.7026,40.069,6.9344,4.5184,3186,-0.6571,42.8123,15.3484,6.9052,3185,0.0,49.9215,22.3548,14.9765,1177,-0.3817,33.39,1.6143,0.3398,1177,-1.9608,16.5675,10.2804,0.8496,1176,-1.0753,33.3333,8.7585,2.2109,1175,-0.3047,46.1277,14.6383,5.617,1175,0.6593,53.7872,18.9787,11.3191,727,-1.1659,15.2682,3.0261,0.6878,727,-1.114,32.4622,4.2641,2.8886,727,-0.1354,47.4553,4.1265,7.2902,727,-0.6029,43.1912,15.8184,7.7029,726,0.0129,50.0,23.5537,19.0083,-1.3229707750446296,1.9034190854255728,-0.33889004464170425,1.8802410798529623,0.3619974769983658,0.4055801683960025,1.220285358933193,29,14,0.275,12070.474822985392,0.7542133465837683,1,1,1,1,42.2381,caution,caution,谨慎,观察为主,5日上涨占比40.1%；10日上涨占比42.8%；10日中位涨跌幅-0.7%
2026-02-23,3187,1.5817,76.5924,3.2319,0.8786,3187,0.0,0.0314,0.0,0.0,3186,-0.2752,40.2699,3.2015,1.7577,3185,2.8169,83.0141,4.0816,9.9529,3184,0.2585,51.2249,21.7337,13.9447,1177,1.7015,81.3084,1.6992,1.2744,1177,0.0,0.085,0.0,0.0,1176,-0.4912,33.6735,3.4014,1.6156,1175,2.9586,84.3404,4.6809,7.234,1175,0.922,55.4043,18.383,11.0638,727,1.4071,71.8019,4.5392,0.0,727,0.0,0.0,0.0,0.0,727,0.0,48.9684,1.6506,2.2008,727,2.8389,82.8061,2.751,13.8927,726,0.1608,50.8264,22.5895,17.2176,,,,,,,,,,,,,,,,,44.7812,caution,caution,谨慎,观察为主,5日上涨占比40.3%；10日上涨占比83.0%；10日中位涨跌幅2.8%
2026-02-24,3188,0.0,49.0276,4.9247,2.729,3188,0.6257,60.3827,2.9799,1.4429,3188,0.0,48.6826,7.5282,3.6386,3187,1.3728,65.673,7.3423,8.4405,3185,0.0268,50.0471,18.4615,14.6939,1177,0.1524,51.062,4.3331,1.1045,1177,1.3149,75.2761,2.124,0.9346,1177,-0.1515,46.0493,7.3067,1.6143,1176,1.8112,69.5578,6.8878,7.1429,1175,0.8674,54.5532,16.0,11.4894,727,0.0,49.9312,4.4017,4.8143,727,0.0,48.2806,2.751,1.7882,727,0.4392,54.7455,5.7772,6.74,727,1.5142,66.2999,6.1898,12.1045,726,-0.2043,49.1736,19.697,19.146,1.1571367955560463,0.801481380668223,0.4128449146541202,0.9821215446775389,-0.24394498060513747,-0.1377801700506276,-0.7352653701373613,87,16,0.32558139534883723,13532.96521657338,0.8541301081985992,1,1,1,1,50.1773,caution,caution,谨慎,观察为主,5日上涨占比48.7%；10日上涨占比65.7%；10日中位涨跌幅1.4%
2026-02-25,3186,0.6617,69.4915,0.5964,1.0672,3186,2.1527,81.3873,1.9146,5.43,3186,0.7411,60.6717,4.3315,5.0847,3185,1.173,63.4223,6.6562,9.6389,3183,0.7692,54.7597,15.5199,15.677,1177,0.4281,62.9567,0.5098,0.6797,1177,2.1448,85.3866,1.1045,3.6534,1177,0.5714,59.983,3.7383,2.4639,1176,1.2909,65.9864,6.4626,7.398,1175,0.9434,57.1915,14.383,12.4255,726,0.6064,66.8044,0.2755,1.6529,726,2.098,75.7576,1.3774,7.989,726,0.9751,61.157,3.9945,7.8512,726,1.1375,62.8099,5.5096,13.2231,725,0.7923,53.7931,17.5172,20.1379,1.524872284119172,2.1336351146790333,2.9767392931683734,2.6619631542004862,0.24533181200598886,0.45677557583154726,1.032423370075386,68,3,0.3333333333333333,15824.914660674385,1.004081009880937,1,1,1,1,59.1299,attack,attack,攻击,可参与,5日全市场上涨占比60.7%；5日全市场中位涨跌幅0.7%；5日小盘上涨占比60.0%
2026-02-26,3185,-0.2844,41.2245,0.8477,1.1617,3185,0.5208,55.1648,5.9655,7.4411,3185,1.3263,66.6876,3.8932,5.5887,3184,1.7386,63.4108,8.794,14.6985,3182,-0.1805,48.7429,19.9246,13.7649,1175,-0.5036,34.8936,0.9362,0.766,1175,0.1517,50.8936,5.4468,3.4043,1175,1.4493,71.5745,2.6383,3.7447,1174,1.3491,63.2879,9.4549,8.6031,1173,-0.4598,46.9736,20.9719,9.9744,726,-0.0398,46.832,0.4132,1.3774,726,1.1279,59.2287,6.4738,12.9477,726,1.0265,59.9174,4.27,7.5758,726,2.5974,63.3609,7.1625,23.0028,725,0.6231,53.2414,17.3793,19.1724,0.7629168252271779,3.047562398408732,2.945525358537804,2.779372584101636,0.2769601757046658,0.35445675625638273,1.8341539372793259,54,4,0.325,15550.9661647088,0.9885968716756679,1,1,1,1,65.7375,attack,attack,攻击,可参与,5日全市场上涨占比66.7%；5日全市场中位涨跌幅1.3%；5日小盘上涨占比71.6%
2026-02-27,3183,0.4571,63.8706,0.5969,1.3195,3183,1.0419,66.5096,1.3195,5.5922,3183,2.4611,78.0396,2.6076,10.776,3182,2.1962,67.4733,6.9139,15.5877,3180,-0.4089,47.3899,23.3962,13.6478,1174,0.3949,62.9472,0.2555,0.7666,1174,0.4542,59.8807,1.1073,2.9813,1174,2.0713,79.046,1.9591,6.7291,1173,1.3854,63.9386,7.2464,8.5251,1172,-0.477,46.2457,24.1468,9.9829,726,0.5016,61.4325,0.8264,1.9284,726,1.3942,66.8044,1.7906,8.9532,726,2.8803,75.6198,2.4793,15.1515,726,3.873,70.3857,5.9229,24.2424,725,0.6821,52.9655,19.5862,19.0345,0.8271012285526069,2.9587019206472887,3.026684796935153,2.7883761153748576,-0.1892351392433933,0.6981997029621212,-0.5335687215480056,69,0,0.20689655172413793,15426.26153987319,0.9848500642806249,1,1,1,1,73.2953,attack,attack,攻击,可参与,5日全市场上涨占比78.0%；5日全市场中位涨跌幅2.5%；5日小盘上涨占比79.0%
2026-03-02,3182,-1.99,24.3243,6.1596,1.3514,3182,-1.5221,37.3979,14.2678,4.7454,3182,-0.6382,45.0346,17.5361,11.5965,3181,-0.742,45.3317,21.094,13.0462,3179,-1.0453,43.7874,27.7446,14.3127,1174,-2.9542,10.8177,9.3697,0.6814,1174,-2.9547,23.0835,20.954,1.9591,1174,-2.2513,31.9421,23.6797,4.9404,1173,-2.8169,31.0315,28.7298,6.2234,1172,-2.4709,35.2389,32.4232,9.215,725,-0.1359,47.5862,1.2414,2.3448,725,1.0042,57.931,5.931,8.9655,725,2.3242,61.2414,10.8966,21.5172,725,2.6667,63.0345,11.7241,24.1379,724,1.5389,56.6298,19.7514,22.2376,-0.9797901568879386,3.316773411522722,0.07344337341426144,4.322488413577319,1.4647480468223728,2.4624329317415983,0.5556450289478487,80,8,0.23809523809523808,19483.8960586564,1.24211381158797,1,1,1,1,44.3198,caution,caution,谨慎,观察为主,5日上涨占比45.0%；10日上涨占比45.3%；10日中位涨跌幅-0.7%
2026-03-03,3184,-2.8916,12.8141,20.0063,1.3191,3184,-4.2553,20.6344,43.1847,4.2399,3184,-3.4497,28.706,38.1595,6.093,3184,-3.4237,32.7889,40.044,9.9246,3181,-3.1111,34.486,40.0503,11.8831,1176,-2.7975,9.6088,13.0102,1.1054,1176,-5.2231,11.9898,53.8265,3.0612,1176,-4.998,17.0068,50.0,3.3163,1176,-5.4313,20.6633,53.2313,5.102,1174,-4.475,25.8944,46.2521,8.0068,724,-2.5505,18.5083,25.4144,1.5193,724,-1.583,34.9448,27.0718,6.9061,724,-0.5749,45.8564,23.3425,9.8066,724,-0.1622,49.3094,21.6851,16.2983,723,-0.6165,46.6113,28.9073,18.8105,-3.946119867193032,-1.8954343376121119,-2.6655005188313763,-1.3260704886879582,-1.097128353978205,0.12792268457961775,-2.9859429632113965,69,66,0.30303030303030304,20455.48666625953,1.3035005963970416,1,1,1,1,25.9476,defense,defense_active_decline,防守-持续下跌,暂停新开仓,5日全市场上涨占比28.7%；5日全市场中位涨跌幅-3.4%；5日小盘上涨占比17.0%
2026-03-04,3185,-0.8318,29.325,3.2653,0.6907,3185,-5.5346,13.4066,55.73,2.1664,3185,-5.2209,20.9105,51.8367,4.3642,3185,-4.4271,29.5447,46.248,8.383,3182,-3.7044,32.4953,43.1804,10.9365,1176,-0.7143,28.4014,4.0816,0.8503,1176,-6.2306,6.8027,67.8571,0.9354,1176,-6.2561,12.2449,64.3707,1.7857,1176,-5.7234,19.0476,56.4626,3.5714,1174,-4.1559,28.0239,44.8893,8.0068,724,-0.9105,29.558,3.453,0.5525,724,-3.5778,23.7569,37.0166,4.0055,724,-2.9662,33.9779,34.9448,7.7348,724,-1.283,43.5083,29.9724,14.9171,723,-2.1127,39.834,37.0678,15.9059,-0.5887107397526847,-3.9378121301993807,-3.431516815613478,-3.2672220760751713,-2.813857969294775,-1.561439616148641,-5.676836812954733,38,17,0.3559322033898305,15793.848741502688,1.0135640326860849,1,1,1,1,17.5298,defense,defense_active_decline,防守-持续下跌,暂停新开仓,5日全市场上涨占比20.9%；5日全市场中位涨跌幅-5.2%；5日小盘上涨占比12.2%
2026-03-05,3185,0.8811,72.5589,1.4443,1.0989,3185,-2.5992,16.7661,17.7708,1.2559,3185,-4.0385,21.7582,39.843,3.8619,3185,-2.6521,34.2857,31.5542,8.6028,3183,-2.6076,37.5432,34.967,12.9123,1176,1.0924,78.2313,1.5306,1.1905,1176,-2.3599,14.1156,11.7347,1.0204,1176,-4.782,13.8605,46.3435,2.0408,1176,-3.4018,25.4252,33.5034,4.8469,1174,-2.9512,34.9233,33.816,9.3697,724,0.5163,64.9171,1.105,1.2431,724,-2.9478,21.547,25.1381,1.3812,724,-2.3147,34.9448,28.453,6.3536,724,-0.6331,45.442,26.6575,13.5359,724,-1.6426,42.6796,33.011,17.5414,0.9463330263889791,-3.762952547631615,-2.7223811136887655,-2.898661200091246,-1.6751409425159292,-0.9179524071962764,-3.82791263200406,55,2,0.34523809523809523,15076.623789613615,0.9791121565260799,1,1,1,1,21.5986,defense,defense_active_decline,防守-持续下跌,暂停新开仓,5日全市场上涨占比21.8%；5日全市场中位涨跌幅-4.0%；5日小盘上涨占比13.9%
2026-03-06,3185,1.4409,79.4035,0.7849,1.0675,3185,1.7711,72.4647,4.741,4.3328,3185,-2.8752,24.9608,27.8493,3.3909,3185,-0.224,48.3516,18.3987,12.3705,3183,-0.5507,46.4656,24.4738,14.9859,1176,2.1939,89.7959,0.2551,0.8503,1176,2.7185,85.5442,3.8265,3.5714,1176,-2.9115,20.4082,24.0646,1.6156,1176,-0.6034,44.1327,16.2415,7.7381,1174,-0.5873,45.8262,23.5094,11.3288,724,0.6202,65.0552,2.0718,0.5525,724,0.2387,53.0387,7.7348,4.6961,724,-2.3039,34.116,28.3149,6.0773,724,1.0724,54.8343,17.6796,18.5083,724,0.2716,51.2431,22.5138,19.1989,0.9513690376376172,-3.6443419072978434,-1.0003328409987744,-3.443059550737404,-1.0658387492384458,-0.9293442534936469,-2.4470072228089945,67,0,0.27956989247311825,14256.7291731987,0.9465481077643002,1,1,1,1,28.0651,defense,defense_repair,防守-修复观察,暂停新开仓,5日全市场上涨占比25.0%；5日小盘上涨占比20.4%
2026-03-09,3188,-0.9411,25.6587,2.6662,0.5332,3188,1.6131,71.8319,5.0188,4.3601,3188,-1.8633,30.3011,21.33,3.1681,3188,-2.6695,36.606,33.4379,10.9787,3186,0.6813,53.3584,19.8054,19.7112,1177,-0.9494,21.3254,1.2744,0.3398,1177,2.4976,82.8377,2.7188,3.3985,1177,-0.9752,35.9388,11.045,2.0391,1177,-3.0624,30.2464,35.0042,5.9473,1175,0.2457,51.3191,19.5745,13.617,725,-1.0549,28.5517,4.9655,0.5517,725,0.463,55.7241,10.3448,3.8621,725,-2.8526,27.0345,34.3448,3.8621,725,-1.4607,43.8621,28.5517,15.8621,725,2.2871,59.3103,16.9655,26.7586,-0.5453870826635399,-3.2216282596424506,-0.6177160866065678,-4.375582155901214,-2.394198130349079,-2.0558692460216577,-2.5979087665141787,35,5,0.527027027027027,17162.770894186688,1.142205924299264,1,1,1,1,33.4007,caution,caution,谨慎,观察为主,5日上涨占比30.3%；10日上涨占比36.6%；10日中位涨跌幅-2.7%
2026-03-10,3186,1.1753,78.2172,1.1299,0.6591,3186,1.7604,75.769,2.7307,3.7665,3186,2.0979,70.6529,6.3089,7.7527,3186,-1.2012,40.0188,20.339,8.7884,3185,0.6154,52.7786,19.5604,17.2684,1177,1.4574,82.9227,0.6797,0.3398,1177,2.7293,86.8309,1.8692,3.1436,1177,3.2491,85.3016,5.0127,6.2022,1177,-1.4085,34.6644,19.7111,4.8428,1176,0.6467,53.4864,17.517,12.9252,725,0.9956,74.2069,2.069,0.6897,725,0.6539,60.0,4.2759,3.7241,725,0.2831,52.2759,9.3793,7.7241,725,-0.3322,47.1724,19.0345,13.3793,725,1.2179,55.8621,18.6207,23.0345,1.7823408119634898,2.5500396452970753,4.697695044164574,1.5539133018504847,0.405077759250716,0.011206313569145365,3.0116854686109917,49,4,0.33783783783783783,14811.910475941802,0.9899001534011034,1,1,1,1,68.905,attack,attack,攻击,可参与,5日全市场上涨占比70.7%；5日全市场中位涨跌幅2.1%；5日小盘上涨占比85.3%
2026-03-11,3189,-0.1969,42.4271,0.5644,0.8467,3189,0.1671,52.5243,3.418,3.1985,3189,2.8047,79.5547,5.1113,8.592,3189,-2.1515,35.2148,29.445,8.8429,3188,-0.5434,47.1142,24.5609,16.5621,1177,-0.5705,28.3772,0.2549,0.2549,1177,0.0,49.0229,2.8037,1.7842,1177,3.5417,86.0663,3.9082,6.7969,1177,-2.5926,29.2268,29.9915,4.7579,1176,-1.0292,43.5374,23.9796,10.8844,726,0.307,56.3361,1.1019,1.1019,726,0.3804,55.3719,4.5455,4.6832,726,1.7744,71.4876,7.5758,9.6419,726,-0.9545,44.4904,27.135,13.2231,726,1.1319,53.4435,20.9366,22.5895,0.16091563855795687,3.323334261904143,1.881146303352832,1.8715678186725704,2.213328408027704,1.248240650154786,5.851313786997303,48,3,0.323943661971831,15836.141009249446,1.057522286152942,1,1,1,1,72.7408,attack,attack,攻击,可参与,5日全市场上涨占比79.6%；5日全市场中位涨跌幅2.8%；5日小盘上涨占比86.1%
2026-03-12,3189,-0.7426,33.3647,1.7247,0.7839,3189,0.5362,58.0746,3.7316,3.5748,3189,1.3928,64.0953,6.836,6.8987,3189,-2.6288,33.7096,32.7062,8.9683,3188,-0.5448,47.1769,26.8507,19.2597,1177,-1.1041,21.1555,0.8496,0.3398,1177,0.0,46.8139,2.7188,2.3789,1177,1.4085,65.7604,4.503,4.8428,1177,-3.1593,25.4885,33.305,4.0782,1176,-1.776,39.881,29.6769,10.7993,726,-0.2807,42.8375,2.2039,0.6887,726,1.3702,69.0083,4.5455,5.0964,726,1.0191,59.7796,11.8457,8.8154,726,-1.418,44.3526,30.4408,14.4628,726,1.6226,55.5096,22.1763,27.9614,-0.3302243496289825,2.0167175625900313,1.5692166715285172,0.6053648213992346,0.8578020906333084,0.4998239045389763,3.126673854244011,44,3,0.36231884057971014,15994.422618508499,1.0658338979656405,1,1,1,1,59.5478,attack,attack,攻击,可参与,5日全市场上涨占比64.1%；5日全市场中位涨跌幅1.4%；5日小盘上涨占比65.8%
2026-03-13,3188,-0.6655,30.3011,4.3287,0.941,3188,-1.312,33.5634,14.2409,3.1368,3188,-0.8456,38.8959,13.7704,4.1719,3188,-3.4239,27.8231,39.931,5.7716,3187,-1.0352,44.8384,29.84,16.7242,1177,-0.3781,34.4095,2.124,0.8496,1177,-1.8321,22.0901,11.7247,1.8692,1177,-1.2048,31.2659,10.2804,2.7188,1177,-3.7157,20.9006,40.4418,2.8037,1176,-2.2523,36.4796,33.0782,8.9286,726,-0.9316,27.2727,5.6474,0.8264,726,-0.4654,43.9394,17.2176,4.27,726,-0.4537,44.2149,17.7686,6.0606,726,-2.787,37.0523,37.0523,9.2287,726,1.2456,54.5455,24.3802,24.9311,-1.4589316834814348,-0.41901927041552156,1.812277020123032,-1.4417688325324862,0.18669915001570114,-0.6969967950101408,2.507551555653764,53,13,0.273972602739726,15755.27104384471,1.0433828069164242,1,1,1,1,37.6238,caution,caution,谨慎,观察为主,5日上涨占比38.9%；10日上涨占比27.8%；10日中位涨跌幅-3.4%
2026-03-16,3188,0.0,48.1807,3.4504,0.7528,3188,-1.1307,32.1205,14.931,1.6939,3188,0.0706,50.1882,12.5471,4.3287,3188,-1.5866,36.857,26.1292,5.7716,3187,-2.4111,38.9081,35.2683,13.0217,1176,0.2896,56.5476,1.7857,0.8503,1176,-1.0136,30.5272,8.3333,1.4456,1176,0.0,48.1293,8.5884,3.2313,1176,-1.0851,39.6259,17.602,5.017,1175,-3.2435,31.4043,37.1064,7.234,727,-0.4811,37.1389,6.4649,0.8253,727,-1.3648,31.2242,23.5213,1.6506,727,0.3123,53.37,18.5695,4.9519,727,-2.5262,33.5626,36.7263,5.7772,727,-0.615,46.9051,32.0495,19.8074,-0.03580223085797307,0.09121306390482697,1.9844256046227526,-1.1393117377851203,1.2155681029157872,-0.2884463546778626,4.62634613211359,42,8,0.34375,15241.54435501782,1.0039391831031554,1,1,1,1,48.506,caution,caution,谨慎,观察为主,5日上涨占比50.2%；10日上涨占比36.9%；10日中位涨跌幅-1.6%
2026-03-17,3189,-1.4545,19.2537,5.1427,0.5017,3189,-2.0083,23.2048,22.4522,1.756,3189,-2.5547,26.4973,29.2255,2.7281,3189,-0.2079,47.5698,19.9122,6.836,3189,-3.5043,33.5215,41.7059,9.9404,1176,-1.6492,12.9252,3.2313,0.3401,1176,-1.5553,22.1088,12.5,1.7857,1176,-3.1009,17.8571,27.0408,2.1259,1176,0.3892,53.6565,13.6905,6.4626,1176,-4.6443,24.8299,47.8741,5.4422,728,-1.0902,27.7473,8.3791,0.1374,728,-2.8399,24.8626,35.8516,1.2363,728,-1.8341,33.9286,33.2418,2.6099,728,-1.3547,40.1099,30.4945,6.3187,728,-1.5566,42.5824,34.8901,15.522,-2.332074023817532,-3.954840197163867,-2.5980952146841263,-4.688021347150029,-0.7982662283008479,-1.7760914138697292,-0.7889106013433067,34,11,0.37037037037037035,14277.98671964509,0.9380245062035916,1,1,1,1,28.2963,defense,defense_pressure,防守-弱势承压,暂停新开仓,5日全市场上涨占比26.5%；5日小盘上涨占比17.9%
2026-03-18,3189,0.3525,56.6635,1.4425,0.878,3189,-0.8386,33.1452,12.1982,1.8188,3189,-1.9672,23.4243,22.9539,2.2891,3189,1.0516,58.7645,16.1179,8.6861,3189,-3.1553,33.4588,39.0405,10.254,1176,0.7944,68.1122,1.5306,0.5102,1176,-0.5685,36.2245,6.6327,1.4456,1176,-1.7771,23.0442,14.7109,1.7857,1176,1.7425,66.8367,9.7789,8.1633,1176,-3.6828,28.0612,40.2211,6.0374,728,-0.0445,46.8407,0.4121,0.8242,728,-1.3707,29.3956,19.2308,1.9231,728,-2.3142,23.2143,32.1429,1.9231,728,0.0,49.5879,25.6868,7.6923,728,-1.9817,40.6593,36.1264,14.4231,0.9568487437724649,-3.1916131260520286,-1.8630267764441766,-3.6521475963527505,-0.9812634760718919,-1.704362893885969,-0.09444910861637901,46,5,0.31343283582089554,12877.453134056608,0.8456348328757267,1,1,1,1,30.9328,defense,defense_repair,防守-修复观察,暂停新开仓,5日全市场上涨占比23.4%；5日小盘上涨占比23.0%
2026-03-19,3188,-2.4715,9.7867,8.3124,0.5019,3188,-3.3039,13.1117,25.0627,1.192,3188,-3.7827,14.1154,36.3237,2.1016,3188,-2.1806,32.0263,31.6813,5.3325,3188,-4.9011,27.1644,49.3099,9.0652,1176,-2.6217,7.3129,4.2517,0.2551,1176,-3.3943,11.5646,21.0034,1.1054,1176,-3.4037,13.3503,27.0408,2.2959,1176,-1.8433,31.1224,23.5544,4.2517,1176,-5.0871,22.619,51.0204,5.5272,727,-2.2165,12.2421,12.7923,0.6878,727,-2.9875,14.0303,28.8858,1.3755,727,-4.4395,16.7813,45.9422,1.9257,727,-2.9141,33.425,40.5777,5.3645,727,-4.3582,33.0124,46.9051,11.967,-2.314065414265265,-5.118500710864393,-4.008473559056225,-5.770485196068787,-2.2252301362493343,-2.967964516067012,-0.25377974075533327,26,7,0.3333333333333333,13386.377840542442,0.8758168485704357,1,1,1,1,19.0578,defense,defense_active_decline,防守-持续下跌,暂停新开仓,5日全市场上涨占比14.1%；5日全市场中位涨跌幅-3.8%；5日小盘上涨占比13.4%
2026-03-20,3188,-2.2716,12.3902,7.5282,0.3137,3188,-4.1376,11.7315,36.5119,1.2547,3188,-5.446,10.7591,54.2974,1.6939,3188,-6.4529,16.4994,59.7553,3.4191,3188,-6.3926,24.6236,56.6813,8.532,1175,-2.8112,6.383,9.1064,0.1702,1175,-4.6005,8.2553,42.2128,0.8511,1175,-5.8193,7.6596,61.0213,1.1064,1175,-7.0732,10.7234,69.5319,2.6383,1175,-7.6789,16.8511,65.0213,4.4255,727,-1.2012,22.1458,3.989,0.1376,727,-3.2377,16.0935,27.6479,0.9629,727,-4.7579,14.4429,48.6933,1.5131,727,-4.8557,25.1719,49.6561,3.5763,727,-4.4568,34.663,47.0426,12.6547,-1.5905433475399744,-5.245224646611691,-6.390961203041479,-5.822491036794841,-2.1871715133836345,-3.3792587063419255,1.2634800238372712,25,19,0.4444444444444444,13612.258990772712,0.8884465838712173,1,1,1,1,10.468,defense,defense_active_decline,防守-持续下跌,暂停新开仓,5日全市场上涨占比10.8%；5日全市场中位涨跌幅-5.4%；5日小盘上涨占比7.7%
2026-03-23,3189,-5.3191,6.2088,56.3813,0.5644,3189,-9.8655,5.519,84.8228,0.9721,3189,-10.7466,5.1113,85.6068,1.4738,3189,-10.6473,9.0624,79.7742,2.6654,3189,-12.9187,14.8322,76.4817,6.4597,1175,-6.0219,3.6596,71.8298,0.5957,1175,-11.0067,3.1489,92.766,0.3404,1175,-11.7647,3.6596,92.0851,0.766,1175,-11.9165,6.0426,88.1702,1.617,1175,-14.7059,8.0,85.8723,2.5532,728,-4.0955,7.967,31.1813,0.4121,728,-7.2735,7.5549,71.4286,0.8242,728,-8.1838,5.7692,75.1374,1.2363,728,-7.6429,13.3242,65.7967,3.022,728,-9.1283,23.489,63.4615,9.7527,-4.809286954235958,-9.769949325151906,-9.698222366451647,-9.094600808879294,-5.4277810592185505,-6.6466863452179,-3.628251576196162,24,88,0.45454545454545453,15504.008237604872,1.0007045960339842,1,1,1,1,2.5139,defense,defense_active_decline,防守-持续下跌,暂停新开仓,5日全市场上涨占比5.1%；5日全市场中位涨跌幅-10.7%；5日小盘上涨占比3.7%
2026-03-24,3189,3.1977,93.8852,0.3449,1.5679,3189,-4.4783,11.571,40.6397,1.9442,3189,-6.3802,11.2888,65.8827,2.2891,3189,-8.8525,11.9473,74.7883,3.2926,3189,-10.105,17.9367,71.5585,7.0869,1176,4.2941,96.1735,0.4252,1.0204,1176,-4.8373,6.8878,46.3435,1.1054,1176,-6.5728,7.7381,71.4286,1.1054,1176,-9.4098,6.9728,82.8231,1.7857,1176,-10.9363,10.4592,80.1871,3.4014,728,2.0619,90.3846,0.5495,2.0604,728,-3.4202,17.7198,26.3736,1.9231,728,-5.3692,14.4231,53.1593,2.0604,728,-7.1552,18.6813,63.1868,3.4341,728,-7.7857,27.8846,60.0275,9.6154,2.588032608734969,-5.224532123509585,-8.42087862549935,-5.22269999566618,-3.508764060992975,-4.163739747820894,-0.8693014628487261,75,2,0.25742574257425743,13334.22038463759,0.8612082426130504,1,1,1,1,7.4618,defense,defense_active_decline,防守-持续下跌,暂停新开仓,5日全市场上涨占比11.3%；5日全市场中位涨跌幅-6.4%；5日小盘上涨占比7.7%
2026-03-25,3188,1.8122,90.7779,0.2823,1.2547,3188,-0.3769,44.542,4.0778,3.1368,3188,-4.9603,14.1782,49.6863,2.7604,3188,-6.892,13.9586,64.931,3.5132,3188,-9.047,19.8871,68.946,8.187,1176,1.9927,93.3673,0.2551,0.6803,1176,0.0719,50.1701,3.3163,2.381,1176,-5.285,10.2891,54.7619,1.5306,1176,-6.9063,10.4592,69.0476,2.466,1176,-9.565,13.6054,75.4252,4.2517,728,1.6767,88.7363,0.1374,1.0989,728,-0.5179,42.1703,3.7088,3.2967,728,-3.9607,19.5055,38.5989,2.7473,728,-6.2714,17.9945,57.1429,2.6099,728,-7.5136,28.8462,58.5165,12.6374,1.9777243799972144,-4.2661626094960265,-8.012389591038382,-4.060583460290568,-2.59463665581271,-3.227846506129828,-0.8783769589277624,79,1,0.20202020202020202,13779.692369998706,0.8958967410241445,1,1,1,1,13.1673,defense,defense_repair,防守-修复观察,暂停新开仓,5日全市场上涨占比14.2%；5日全市场中位涨跌幅-5.0%；5日小盘上涨占比10.3%
2026-03-26,3187,-1.3072,19.2658,3.5457,0.6589,3187,3.8904,88.0766,1.8826,7.6875,3187,-3.8298,19.7992,35.5507,3.2005,3187,-7.5153,12.6451,69.0304,3.4829,3187,-10.004,18.45,71.1641,7.1227,1174,-1.2594,15.7581,2.7257,0.2555,1174,5.1578,93.4412,1.3629,7.9216,1174,-4.0445,14.6508,35.6048,1.7888,1174,-7.2058,10.8177,70.7836,2.8961,1174,-10.3557,13.0324,77.7683,4.0034,728,-1.4071,21.1538,3.2967,0.4121,728,2.5655,80.2198,2.3352,6.1813,728,-3.2146,26.511,29.9451,3.1593,728,-7.5907,14.6978,65.1099,2.6099,728,-8.7432,26.2363,62.3626,10.3022,-1.4424215025093834,-3.41193710748966,-10.025667980583696,-2.9828248756837983,-2.3065897480502473,-2.9319172995694975,-1.1065021753778548,38,12,0.3333333333333333,12472.82269490739,0.8191261500432874,1,1,1,1,17.8013,defense,defense_repair,防守-修复观察,暂停新开仓,5日全市场上涨占比19.8%；5日全市场中位涨跌幅-3.8%；5日小盘上涨占比14.7%
2026-03-27,3184,1.1033,77.6696,0.7852,1.1935,3184,1.7433,76.9158,2.4183,4.2714,3184,-0.3348,45.5402,8.1344,4.8681,3184,-5.8648,15.201,58.103,3.9887,3184,-9.15,18.2475,68.8442,6.4698,1175,1.4286,85.0213,0.6809,0.766,1175,2.2388,85.617,2.2128,3.3191,1175,0.3868,55.0638,6.5532,3.6596,1175,-5.5881,13.5319,57.2766,2.8936,1175,-9.2453,13.0213,74.7234,4.0851,727,0.6189,67.2627,0.5502,1.3755,727,0.7884,64.5117,2.4759,4.6768,727,-1.0101,38.3769,8.9409,5.0894,727,-5.9886,16.6437,58.0468,3.989,727,-8.4294,25.8597,61.348,9.216,1.3998119375244311,-0.4769282763284033,-9.514602375679504,-0.28894322855310683,-1.4111637267723354,-1.0949790989642327,-1.6772219322881199,70,2,0.23076923076923078,11822.472356936385,0.785713561031405,1,1,1,1,44.2936,caution,caution,谨慎,观察为主,5日上涨占比45.5%；10日上涨占比15.2%；10日中位涨跌幅-5.9%
2026-03-30,3181,0.3215,56.6803,2.7979,0.9745,3181,0.1715,51.9334,6.5074,3.3952,3181,5.5556,88.5571,2.8922,18.4848,3181,-5.3711,16.5671,53.4423,3.741,3181,-6.8366,20.8425,59.1009,6.7589,1172,0.6135,64.5904,1.7065,1.0239,1172,0.7636,62.884,4.0102,2.7304,1172,7.3505,93.8567,2.0478,25.8532,1172,-5.1479,15.1877,51.7918,2.3891,1172,-5.7911,18.6007,56.314,5.2901,727,0.0,48.5557,2.8886,0.8253,727,-0.6061,40.0275,8.2531,4.2641,727,3.2174,80.1926,4.5392,12.6547,727,-5.2609,18.707,52.5447,4.4017,727,-7.6159,24.6217,60.3851,7.2902,0.27906179005336984,4.843003477828134,-8.364254187672127,4.206276331116343,1.6739010534887022,2.8847584321635367,1.1787263848800356,58,11,0.24675324675324675,12454.47089219761,0.8475124141332041,1,1,1,1,80.168,attack,attack,攻击,可参与,5日全市场上涨占比88.6%；5日全市场中位涨跌幅5.6%；5日小盘上涨占比93.9%
2026-03-31,3180,-1.2333,19.3711,6.0692,0.8805,3180,0.4059,54.9371,9.0566,3.3962,3180,1.0121,61.7925,9.4969,6.2579,3180,-5.1922,17.2013,51.6667,4.0566,3180,-5.6227,23.4906,53.239,7.6101,1171,-1.3283,16.1401,4.0991,0.854,1171,0.8803,63.1939,6.5756,3.0743,1171,1.7575,71.3066,5.9778,5.2946,1171,-4.8139,16.3108,47.2246,2.5619,1171,-4.5015,23.5696,46.9684,6.1486,727,-1.2,23.1087,7.7029,0.0,727,-0.2315,45.5296,11.0041,2.4759,727,0.0,49.9312,12.5172,5.6396,727,-5.3248,17.4691,53.2325,4.4017,727,-7.1726,23.934,59.2847,7.2902,-1.90629676237688,0.24988498336286913,-6.418255636894132,0.2626302469911579,-0.5513883945068909,0.27261111844116837,-2.048038512641981,47,3,0.265625,13018.518241422787,0.9088937037626951,1,1,1,1,56.4927,attack,attack,攻击,可参与,5日全市场上涨占比61.8%；5日全市场中位涨跌幅1.0%；5日小盘上涨占比71.3%
2026-04-01,3182,1.1064,76.7442,1.4456,0.8485,3181,0.4425,56.806,8.2364,2.5464,3181,0.2743,52.9708,10.3112,4.7155,3181,-4.563,19.2078,45.5517,3.8038,3181,-3.7132,30.1478,42.5024,8.7708,1172,0.8973,72.8669,1.4505,0.7679,1172,0.352,54.9488,6.4846,1.9625,1172,0.5464,56.058,7.7645,3.9249,1172,-4.7001,15.785,46.587,2.3038,1172,-2.8868,29.3515,35.6655,7.5085,728,1.2221,79.8077,0.8242,0.6868,727,0.5438,57.2215,9.216,2.4759,727,-0.1949,47.4553,11.8294,4.2641,727,-4.0359,21.8707,41.403,4.6768,727,-4.5675,29.436,48.9684,8.5282,1.8937668631101578,0.1673499840521009,-4.081352191148913,-0.22623271079621476,-0.25121512766952403,0.4251091251863848,-2.0937322522587953,52,8,0.4157303370786517,12504.931763056404,0.883177065901742,1,1,1,1,49.2868,caution,caution,谨慎,观察为主,5日上涨占比53.0%；10日上涨占比19.2%；10日中位涨跌幅-4.6%
2026-04-02,3182,-1.5949,19.8617,4.2112,0.4714,3181,-1.6055,27.6328,13.7064,1.7605,3181,0.0,49.0726,12.1974,4.8098,3181,-3.6713,25.1179,37.6297,5.3442,3181,-5.9289,23.4832,55.1713,6.4131,1172,-1.6354,16.041,3.0717,0.6826,1172,-1.9698,21.587,12.9693,1.6212,1172,0.1288,50.8532,9.8976,4.3515,1172,-3.7092,19.7099,35.4949,4.0102,1172,-5.5503,20.6485,53.4983,5.1195,728,-1.3849,27.6099,4.533,0.0,727,-1.2278,33.5626,13.7552,1.238,727,-0.1605,47.7304,13.6176,4.6768,727,-3.3388,31.3618,35.4883,6.8776,727,-6.5482,26.685,55.9835,6.8776,-1.81263441180477,-0.20890972747225067,-6.702907804773961,-0.48202528661445143,0.03081606767367795,0.7765762807612653,-3.0508469396984816,25,11,0.4318181818181818,11769.382356435586,0.8410504866845977,1,1,1,1,46.854,caution,caution,谨慎,观察为主,5日上涨占比49.1%；10日上涨占比25.1%；10日中位涨跌幅-3.7%
2026-04-03,3183,-2.3433,11.1844,10.399,0.5655,3183,-2.5661,19.8241,22.2432,1.6965,3182,-3.3503,20.6474,33.4695,2.9227,3182,-3.775,23.2872,39.3149,5.2797,3182,-10.1107,14.1735,72.6901,4.714,1172,-3.0947,6.57,16.4676,0.6826,1172,-3.6386,13.2253,32.5939,1.0239,1172,-4.2579,13.9078,41.5529,1.9625,1172,-3.8638,18.6007,39.5051,3.8396,1172,-10.8882,9.3857,79.6928,3.0717,728,-1.335,19.2308,1.7857,0.8242,728,-1.213,30.7692,9.2033,2.4725,727,-2.0563,30.1238,23.7964,3.3012,727,-3.2907,29.5736,34.663,7.5653,727,-8.2397,20.9078,64.7868,7.1527,-1.138818751193027,-2.70726469860868,-8.634614573081034,-2.619365472644908,-1.3721253138596734,-0.8592098399994419,-4.438395276721819,27,28,0.34146341463414637,10271.696262944113,0.7446270322456412,1,1,1,1,22.0485,defense,defense_active_decline,防守-持续下跌,暂停新开仓,5日全市场上涨占比20.6%；5日全市场中位涨跌幅-3.4%；5日小盘上涨占比13.9%
2026-04-07,3183,1.1628,73.0757,1.0682,1.4138,3183,-2.6442,17.5306,16.3368,1.9478,3182,-2.5162,22.093,23.3815,3.017,3182,3.0303,70.2703,11.0308,15.0849,3182,-7.7539,17.8504,65.1791,5.6882,1173,2.1164,86.445,1.5345,1.1935,1173,-2.6471,14.6633,14.8338,1.4493,1173,-2.8464,17.0503,24.2967,2.3018,1173,4.4311,80.9889,8.0989,15.3453,1173,-7.776,13.4697,69.7357,3.3248,728,0.1309,53.022,0.6868,1.0989,728,-2.3778,22.6648,14.4231,2.4725,727,-1.9686,28.1981,19.8074,3.1637,727,1.1803,59.0096,13.7552,14.718,727,-7.1895,23.2462,59.5598,8.1155,0.9210612334615176,-2.0843841012420983,-7.287441106901193,-2.355162682228251,-1.1427954451852629,-0.844251283279851,-3.4380443478313816,83,7,0.2782608695652174,10186.846248084994,0.7576329829013249,1,1,1,1,30.3929,defense,defense_active_decline,防守-持续下跌,暂停新开仓,5日全市场上涨占比22.1%；5日小盘上涨占比17.1%
2026-04-08,3186,3.0338,92.059,1.1613,2.103,3186,2.0339,75.7376,3.076,3.4526,3186,1.6215,70.5901,5.1789,6.0264,3185,3.0134,73.9403,9.5447,13.0926,3185,-5.9896,20.4082,57.0173,5.6829,1175,2.7439,91.0638,1.3617,1.1915,1175,1.7336,76.0,3.5745,1.4468,1175,1.1274,65.2766,6.0426,2.9787,1175,3.125,76.1702,7.9149,8.5957,1175,-6.5649,14.2979,63.7447,2.8936,728,3.4442,92.033,0.9615,3.4341,728,2.5808,75.2747,1.2363,6.7308,728,2.3718,77.0604,2.4725,9.8901,727,2.4896,71.1142,9.3535,17.3315,727,-4.7462,28.0605,48.9684,7.978,4.598357042765322,4.408460622907517,-4.722358907382251,4.303695173248578,3.2697772584227236,2.6500692920519597,5.107065336361072,110,7,0.15384615384615385,14734.412283151536,1.0961679937906845,1,1,1,1,67.7291,attack,attack,攻击,可参与,5日全市场上涨占比70.6%；5日全市场中位涨跌幅1.6%；5日小盘上涨占比65.3%
2026-04-09,3188,-1.4365,21.4555,1.5684,1.0038,3187,3.125,85.1271,1.663,7.6875,3187,-0.974,36.4292,9.6956,4.487,3186,-0.2968,46.4846,17.2003,9.1651,3186,-7.3171,17.7024,65.0659,6.0578,1176,-1.7562,16.6667,2.551,0.6803,1176,3.3427,88.4354,2.551,4.5918,1176,-1.535,27.2109,11.8197,2.2109,1176,-0.5774,42.0068,17.8571,5.9524,1176,-7.8831,13.8605,71.3435,3.8265,729,-0.9858,28.8066,0.4115,1.0974,728,2.5364,78.1593,0.1374,10.989,728,-0.1554,47.2527,5.0824,7.8297,727,-0.2124,48.0055,15.1307,12.7923,727,-6.2851,22.2834,58.4594,7.5653,-0.4314089887282324,2.025900444382045,-5.2858051667250106,1.916628761742234,0.8872361318220001,0.44621672840534643,2.333347672467534,52,3,0.2463768115942029,13077.943560041522,0.9830204576213396,1,1,1,1,39.5266,caution,caution,谨慎,观察为主,5日上涨占比36.4%；10日上涨占比46.5%；10日中位涨跌幅-0.3%
2026-04-10,3189,0.7109,69.3007,1.317,0.9094,3188,2.4746,80.1129,2.478,7.0263,3188,1.4765,64.6487,5.1757,7.591,3187,1.8182,66.5202,12.0176,12.4255,3187,-5.9794,21.0229,57.0129,6.7148,1177,0.8333,74.4265,1.4444,0.6797,1177,1.9537,77.825,3.2285,3.6534,1177,0.9375,60.6627,5.8624,3.7383,1177,1.4862,65.0807,11.8097,8.4112,1177,-6.1739,17.842,58.9635,4.0782,729,0.4983,63.6488,1.3717,0.4115,728,3.2683,82.1429,1.3736,10.8516,728,2.1744,69.6429,2.8846,12.7747,727,2.1846,68.6382,10.1788,17.1939,727,-5.2273,23.6589,51.1692,9.0784,0.9693368502835975,4.9166300339238855,-4.0508581440884095,4.787079083288992,3.5198576369213974,1.707951745894909,8.703690990879732,55,7,0.32098765432098764,14040.518584334195,1.063180996028318,1,1,1,1,63.8169,attack,attack,攻击,可参与,5日全市场上涨占比64.6%；5日全市场中位涨跌幅1.5%；5日小盘上涨占比60.7%
2026-04-13,3189,-0.1377,44.6849,1.5992,1.0348,3189,-0.7435,37.598,5.6758,3.2926,3188,3.9824,82.591,2.9486,13.4567,3187,0.2667,52.4631,14.1199,9.476,3187,-5.5649,21.9329,54.0634,7.1854,1176,-0.2054,41.5816,1.3605,0.7653,1176,-1.0382,31.8878,5.6122,1.6156,1176,4.1379,86.2245,3.9116,9.4388,1176,-0.2518,46.0034,14.5408,5.102,1176,-5.8993,16.6667,58.2483,4.2517,730,-0.0458,47.1233,2.0548,0.8219,730,-0.3464,44.1096,5.8904,5.2055,729,3.6122,76.2689,2.1948,16.5981,728,1.1253,58.5165,12.5,13.8736,728,-4.5602,27.0604,47.8022,9.7527,0.3418305445503478,6.487972115913965,-2.2974613784758624,5.743365107980991,4.624531915939545,2.7953246629136785,10.377311224848441,55,4,0.27631578947368424,13173.6777348678,1.0073882028071832,1,1,1,1,79.3415,attack,attack,攻击,可参与,5日全市场上涨占比82.6%；5日全市场中位涨跌幅4.0%；5日小盘上涨占比86.2%
2026-04-14,3190,-0.1589,42.9467,1.1599,0.7837,3190,0.4754,57.8683,4.2947,3.6677,3189,2.2814,72.4992,4.9859,10.9752,3188,-0.1003,48.463,15.5583,9.1593,3188,-5.407,22.3651,53.6073,7.5596,1177,-0.3505,35.2591,1.2744,0.4248,1177,0.3257,55.0552,4.0782,2.8037,1177,1.3857,69.4987,6.627,6.2022,1177,-1.1686,36.6185,18.7766,4.3331,1177,-6.3707,16.7375,62.3619,4.3331,730,0.0,49.0411,1.2329,0.9589,730,0.623,58.2192,4.5205,4.1096,729,3.3835,74.3484,4.1152,15.5007,728,1.2634,59.2033,11.9505,14.011,728,-3.7379,28.7088,41.6209,10.5769,1.4851252229685308,7.083150462753407,-0.8109444392693455,6.834639293210154,5.870074968424421,3.507849089672166,12.582562153180898,47,5,0.25396825396825395,11688.31171786869,0.9061128122498283,1,1,1,1,69.416,attack,attack,攻击,可参与,5日全市场上涨占比72.5%；5日全市场中位涨跌幅2.3%；5日小盘上涨占比69.5%
2026-04-15,3190,0.0,46.6458,1.4107,1.5047,3190,0.0,48.6207,4.3574,2.79,3190,-0.4946,42.6959,8.6207,4.7649,3189,1.1537,60.5205,9.9404,11.916,3188,-4.1719,29.1719,44.3225,9.3789,1177,-0.2805,39.3373,1.8692,1.1045,1177,-0.7326,36.5336,5.0977,1.6992,1177,-1.4592,32.2855,11.8097,2.8887,1177,-0.0879,48.2583,14.4435,6.4571,1177,-5.1502,23.0246,51.062,5.6075,730,0.193,54.9315,0.8219,0.9589,730,0.4079,57.8082,3.8356,3.2877,730,0.1874,51.6438,6.1644,6.8493,729,2.5926,71.3306,3.9781,17.0096,728,-2.3043,37.2253,34.6154,12.7747,-0.47389474428117806,1.890404451693195,1.0761750624253663,1.2450937538305729,1.9516767938417168,0.806308389429522,4.999100851054927,52,6,0.4222222222222222,14520.133261258718,1.124588536409158,1,1,1,1,44.6014,caution,caution,谨慎,观察为主,5日上涨占比42.7%；10日上涨占比60.5%；10日中位涨跌幅1.2%
2026-04-16,3190,0.9215,75.768,0.7524,1.0658,3190,1.004,68.4639,2.9154,3.5423,3190,1.8632,74.4514,3.9812,6.9592,3189,0.9894,58.7018,8.6234,11.8846,3188,-3.4381,29.5169,38.9586,9.5044,1177,1.2407,82.243,1.1045,0.9346,1177,0.7692,66.0153,2.8887,2.5489,1177,1.6413,73.8318,4.5879,5.6075,1177,0.1642,51.4868,11.4698,7.6466,1177,-4.6392,21.7502,46.559,6.1172,730,0.5572,67.3973,0.9589,1.3699,730,1.1183,70.137,3.1507,3.8356,730,2.1115,73.9726,3.5616,7.9452,729,1.8707,65.5693,3.8409,17.6955,728,-1.7918,38.1868,30.2198,13.1868,1.5644735365970552,3.932828429757107,1.6845180396084514,3.5632571302307348,3.731398441999234,2.2534478592351137,9.116606995536891,68,3,0.19047619047619047,13926.750792316901,1.0742656987564476,1,1,1,1,69.5191,attack,attack,攻击,可参与,5日全市场上涨占比74.5%；5日全市场中位涨跌幅1.9%；5日小盘上涨占比73.8%
2026-04-17,3190,-0.5135,35.2978,1.0972,1.0345,3189,0.7092,62.9037,2.7595,3.9824,3189,0.6083,56.5067,5.4249,6.8046,3188,2.1034,64.7742,9.3476,17.4718,3187,-1.4316,41.6379,27.6122,13.5237,1176,-0.8414,27.6361,1.4456,0.5952,1176,0.4074,56.5476,3.4864,3.2313,1176,-0.0773,46.8537,6.0374,5.102,1176,1.0274,58.0782,11.9898,10.8844,1176,-2.7,33.0782,33.7585,7.9932,729,-0.3289,37.037,0.823,1.7833,729,0.9022,65.8436,1.6461,3.8409,729,1.072,61.454,5.7613,8.7791,728,3.0567,69.2308,6.1813,24.7253,727,0.0,49.9312,21.8707,19.2572,0.9043222411939,3.865905615140952,5.034644124779564,3.072130744275392,1.9865156655287208,1.6356503937171363,6.6546991739414585,59,3,0.2804878048780488,14359.470019811193,1.103502781462492,1,1,1,1,56.1479,caution,caution,谨慎,观察为主,5日上涨占比56.5%；10日上涨占比64.8%；10日中位涨跌幅2.1%
2026-04-20,3189,0.4193,61.2104,1.223,1.2543,3188,1.1918,66.1857,2.7917,5.6148,3188,1.1793,64.7114,4.611,7.7792,3187,5.3797,82.0207,4.6125,26.9846,3186,1.3236,58.1921,15.317,19.5543,1175,0.5035,65.617,1.617,0.766,1175,1.1905,67.234,3.7447,4.2553,1175,0.7271,58.9787,4.5106,5.617,1175,4.985,83.4894,5.5319,20.8511,1175,0.885,56.766,14.4681,13.0213,729,0.3327,56.5158,1.0974,1.3717,729,1.0825,63.5117,2.0576,7.2702,729,1.8028,67.4897,4.9383,9.3278,728,4.9637,78.1593,4.1209,30.9066,727,1.7366,59.9725,15.2682,24.7593,0.606418146267762,4.139785717963229,7.379510934408184,4.045402328928915,2.3952560683193846,2.3459380558086496,5.785695226806187,69,6,0.2159090909090909,15584.41718639042,1.1886307710722588,1,1,1,1,65.3715,attack,attack,攻击,可参与,5日全市场上涨占比64.7%；5日全市场中位涨跌幅1.2%；5日小盘上涨占比59.0%
2026-04-21,3188,-0.3526,39.3036,2.1644,0.7528,3188,-0.1525,46.9887,5.6462,3.9837,3187,1.0638,62.8177,5.0518,7.813,3186,3.6382,74.6704,7.0935,22.0339,3185,6.7469,82.3234,7.3783,35.573,1175,-0.5249,33.7021,2.4681,0.766,1175,-0.5952,39.3191,7.1489,2.5532,1175,0.6354,57.8723,6.5532,5.5319,1175,2.2727,67.7447,9.7021,14.9787,1175,6.8849,84.6809,6.8085,32.5957,729,0.0,47.3251,1.2346,0.5487,729,0.3341,54.0466,4.5267,5.2126,729,1.3807,66.3923,3.155,9.8765,728,4.9068,79.3956,4.8077,28.1593,727,6.2274,78.4044,8.5282,38.1018,-0.07966078306671509,2.5340678454676135,12.714747208125022,2.2470959540715763,1.4190443346356663,1.451612486643894,3.6647154568689055,45,10,0.26229508196721313,14696.26101739579,1.1243541042525154,1,1,1,1,62.0227,attack,attack,攻击,可参与,5日全市场上涨占比62.8%；5日全市场中位涨跌幅1.1%；5日小盘上涨占比57.9%
2026-04-22,3187,-0.1104,44.7129,1.0668,0.9099,3186,0.1199,51.0672,4.457,3.7665,3185,0.9434,59.1837,6.248,8.8226,3185,0.4431,53.3438,13.2182,14.0031,3183,3.222,67.9233,12.9123,24.8194,1176,-0.492,32.483,1.5306,0.4252,1175,-0.3725,43.5745,6.2128,1.7872,1175,0.3979,53.617,9.0213,5.2766,1175,-0.8152,43.7447,19.4894,8.5957,1175,2.0964,63.5745,14.8085,16.766,728,0.2491,54.9451,0.2747,1.6484,728,0.8353,61.2637,1.9231,6.8681,728,1.4546,63.5989,3.2967,13.4615,728,1.7529,61.9505,8.3791,20.0549,726,4.3239,69.697,10.6061,32.3691,1.5576729736577644,4.627035330617391,11.582678263552104,4.128546850239734,2.4412931622977307,1.96286287068006,6.765330841280615,47,5,0.3188405797101449,15421.7865838376,1.170514025504964,1,1,1,1,58.2619,attack,attack,攻击,可参与,5日全市场上涨占比59.2%；5日全市场中位涨跌幅0.9%；5日小盘上涨占比53.6%
2026-04-23,3186,-0.9213,29.2216,4.2687,0.7847,3185,-1.2327,33.9089,10.1727,3.2025,3185,-0.9731,38.6499,13.0298,6.248,3184,0.9331,56.2814,11.4322,13.6621,3182,0.4709,51.9485,20.8045,19.6103,1177,-1.148,21.8352,3.6534,0.5098,1176,-2.0237,23.1293,13.4354,1.7857,1176,-2.068,27.2959,17.9422,3.3163,1176,-0.4545,45.4082,15.2211,8.1633,1176,-1.1876,41.6667,26.2755,13.5204,728,-0.6035,35.8516,5.4945,1.0989,728,-0.3295,44.6429,5.7692,4.8077,728,-0.1182,48.9011,8.1044,9.7527,728,2.2227,65.6593,8.9286,18.956,726,2.1634,61.8457,14.6006,25.2066,-1.3971955066898967,1.576060508029209,7.889885526991125,1.4073881782229236,1.0496879443910867,0.9296724180325011,2.5915437649309814,45,16,0.34782608695652173,17156.719409291298,1.285717942019063,1,1,1,1,40.9911,caution,caution,谨慎,观察为主,5日上涨占比38.6%；10日上涨占比56.3%；10日中位涨跌幅0.9%
2026-04-24,3184,-0.5224,36.7776,4.554,1.005,3184,-1.2579,31.4698,12.4372,2.6696,3183,-0.9682,39.491,14.8916,4.524,3182,-0.2625,47.8316,15.9648,10.6851,3180,1.3826,57.2013,18.8994,20.7547,1173,0.0,48.3376,4.5183,1.1083,1173,-1.3141,27.2805,14.0665,1.8755,1172,-1.1583,35.5802,16.8942,2.4744,1172,-1.1765,41.1263,19.4539,6.314,1172,0.5094,51.7065,21.7577,14.2491,729,-0.6613,31.8244,4.1152,0.823,729,-0.7495,39.0947,8.0933,3.7037,729,-0.1509,47.8738,9.7394,7.1331,729,1.0558,55.9671,11.3855,16.3237,727,2.6596,63.2737,13.6176,27.0977,-0.7007152990355925,-0.03966205650381971,8.701823062464186,0.41004632237862104,0.8606476288182119,0.7028390551137909,-0.2856841164437851,53,25,0.3116883116883117,15484.023817079253,1.1474205332462837,1,1,1,1,41.395,caution,caution,谨慎,观察为主,5日上涨占比39.5%；10日上涨占比47.8%；10日中位涨跌幅-0.3%
2026-04-27,3183,0.3552,55.765,3.393,1.0053,3183,-0.8696,38.2658,14.0434,2.1363,3182,-1.063,39.1578,17.2533,4.494,3181,0.1372,50.5501,14.8381,11.2858,3179,0.708,53.2557,21.988,18.9997,1172,1.0318,69.6246,3.7543,1.0239,1172,0.0,49.2321,10.9215,1.5358,1171,-0.6342,41.503,16.4816,2.5619,1171,0.0,49.1887,15.7985,7.7711,1171,0.2778,50.8113,24.4236,12.6388,729,-0.19,43.7586,2.332,0.5487,729,-1.0248,35.6653,13.4431,1.9204,729,-0.8734,44.1701,13.4431,7.1331,729,0.9935,55.6927,12.7572,17.0096,727,1.9782,58.8721,16.2311,25.7221,0.41648015329989185,-0.22838029451694997,7.647679513496564,0.10888028481081946,0.28387104422651355,0.10330643551004215,-0.7827928386955341,56,36,0.3333333333333333,15329.134116156292,1.1213728916939885,1,1,1,1,42.7723,caution,caution,谨慎,观察为主,5日上涨占比39.2%；10日上涨占比50.6%；10日中位涨跌幅0.1%
2026-04-28,3180,-0.679,36.6667,4.8113,0.7862,3180,-0.8503,39.9057,16.195,3.3019,3180,-1.4141,36.3836,23.1761,4.5912,3178,-0.5292,46.5702,19.8238,10.6042,3176,-0.4203,47.2607,25.7872,16.2783,1168,-0.6988,35.1884,4.3664,1.0274,1168,0.2487,51.4555,12.4144,3.5103,1168,-1.1173,39.6404,20.5479,3.6815,1167,-0.339,46.5296,20.0514,7.5407,1167,-1.3356,41.3882,29.7344,9.3402,729,-0.2954,43.8957,4.6639,0.2743,729,-0.8683,38.6831,14.6776,2.8807,729,-0.8152,41.5638,18.5185,6.31,729,0.5442,52.9492,13.9918,14.6776,727,1.5695,57.4966,16.6437,24.0715,-1.34354331788058,-1.4903816908701129,5.905843565713864,-0.8024495671065779,-0.20530004528106494,-0.15762739920225366,-2.50005340291507,53,33,0.208955223880597,15194.683148032733,1.1005072906505085,1,1,1,1,39.6359,caution,caution,谨慎,观察为主,5日上涨占比36.4%；10日上涨占比46.6%；10日中位涨跌幅-0.5%
2026-04-29,3158,1.115,73.8442,1.7099,1.2033,3158,0.7975,58.803,8.518,4.3065,3158,-0.3408,45.7568,17.9861,5.5731,3156,0.6318,53.7706,16.8568,13.308,3155,1.9108,59.6513,16.6403,21.8067,1149,1.2312,74.9347,2.611,0.8703,1149,1.5544,64.839,7.5718,3.7424,1149,0.5376,54.047,14.4473,4.6997,1148,1.0347,56.1847,16.899,10.2787,1148,1.1144,56.0105,19.4251,13.9373,729,0.847,71.0562,1.0974,1.6461,729,0.7463,57.7503,7.4074,4.6639,729,-0.3138,45.679,17.0096,6.31,729,1.2761,56.9273,11.797,18.7929,728,3.7385,67.7198,10.1648,31.044,1.4145807502527141,-1.6291792814203787,9.491194334880838,-0.4030369067487105,0.22334652255269205,0.03059476461062527,-1.7478073665853078,89,13,0.22608695652173913,15730.096187157591,1.128207187920009,1,1,1,1,48.6613,caution,caution,谨慎,观察为主,5日上涨占比45.8%；10日上涨占比53.8%；10日中位涨跌幅0.6%
2026-04-30,3159,-0.1166,46.0272,3.3555,1.1713,3159,0.3373,53.1814,10.0348,4.1785,3159,0.2475,51.6303,16.1443,7.8506,3158,-0.2034,48.0051,22.3559,11.4946,3156,0.8776,53.6755,21.7364,19.5817,1150,0.2046,53.4783,3.4783,1.1304,1150,0.7772,57.0435,9.4783,3.8261,1150,1.7696,62.3478,12.8696,9.3043,1149,0.283,51.5231,22.3673,8.7032,1149,0.3367,51.6971,23.4117,13.2289,728,-0.4994,39.4231,2.8846,0.5495,728,0.444,54.1209,9.7527,3.5714,728,-0.2177,48.0769,15.2473,7.6923,728,0.194,50.5495,17.033,15.3846,727,2.3425,60.5227,15.4058,27.5103,0.46603256158219697,0.22966515209930094,7.9570049660925735,0.6546081369638967,0.4383235555161402,0.46196053351346134,-1.158495534463655,69,11,0.2247191011235955,16695.356634255695,1.179710360613893,1,1,1,1,53.8471,caution,caution,谨慎,观察为主,5日上涨占比51.6%；10日上涨占比48.0%；10日中位涨跌幅-0.2%
2026-05-06,3180,0.799,67.2956,1.1006,1.6667,3180,1.9758,70.283,5.9434,8.239,3180,1.6793,63.9623,10.7233,11.3836,3179,0.9295,55.3633,18.5593,14.5329,3177,3.0137,62.5433,16.9027,27.2899,1167,0.2941,57.0694,2.2279,0.5998,1167,1.836,67.952,8.3976,5.5698,1167,2.0933,66.4953,12.5107,10.1114,1166,1.1816,55.1458,21.0978,11.6638,1166,1.8269,59.1767,19.2967,20.0686,729,1.236,71.8793,0.5487,2.6063,729,2.131,71.0562,3.7037,10.5624,729,1.7483,64.3347,7.5446,12.8944,729,1.9087,61.454,11.5226,19.7531,728,4.8829,69.0934,12.5,35.989,2.2979053851035713,3.25638128600223,12.4765433263468,4.129111593446755,2.25867204901411,1.9675308740380038,3.0092929926565315,84,2,0.288135593220339,18456.77769648385,1.2740717470888376,1,1,1,1,63.6809,attack,attack,攻击,可参与,5日全市场上涨占比64.0%；5日全市场中位涨跌幅1.7%；5日小盘上涨占比66.5%
2026-05-07,3181,0.242,54.0396,2.5149,1.6661,3181,1.2953,62.3703,7.0104,8.3307,3181,1.8018,64.3194,8.7394,11.0343,3180,0.7744,54.6226,17.8616,14.5597,3178,6.0025,74.2291,11.5167,37.0988,1167,0.0,46.7009,2.485,1.2853,1167,0.7557,58.0977,8.826,5.2271,1167,1.3839,60.3256,11.4824,7.9692,1166,0.7096,54.0309,20.5832,11.1492,1166,5.271,73.8422,13.7221,32.5901,730,0.2763,55.6164,3.9726,2.1918,730,1.464,63.6986,6.0274,10.0,730,2.4119,69.1781,5.6164,11.7808,730,1.7975,61.6438,11.5068,18.3562,729,7.1512,75.8573,9.8765,41.5638,1.632204686710459,4.506487999252351,15.629197723498622,4.792721662095101,2.715664263628681,2.2941777640757666,5.050148158785883,91,4,0.2540983606557377,18573.884082473058,1.2464388848000818,1,1,1,1,63.0864,attack,attack,攻击,可参与,5日全市场上涨占比64.3%；5日全市场中位涨跌幅1.8%；5日小盘上涨占比60.3%
2026-05-08,3180,0.6536,65.0,1.1635,1.5409,3180,1.9374,69.7484,4.6541,9.9371,3180,3.2397,73.9308,6.3208,17.044,3180,1.7225,60.9119,14.3396,16.3208,3177,5.4846,73.6544,12.4646,34.9701,1165,1.0327,78.1974,1.2876,1.8026,1165,1.4071,68.0687,5.2361,6.1803,1165,3.1532,75.1931,7.5536,13.133,1165,2.2869,63.0901,15.5365,14.3348,1164,4.5812,71.8213,13.9175,29.2096,730,-0.0865,46.1644,1.7808,1.2329,730,1.7581,65.2055,5.8904,12.7397,730,2.6962,68.0822,6.1644,18.0822,730,1.5673,61.7808,10.9589,17.6712,729,6.478,76.406,10.4252,40.192,0.30570508267246943,6.253531872270557,14.924160170778489,5.975277991922279,2.3896368723496098,2.4840403807408817,5.544411426014162,90,2,0.18181818181818182,18398.342267746317,1.2015530337044134,1,1,1,1,73.7677,attack,attack,攻击,可参与,5日全市场上涨占比73.9%；5日全市场中位涨跌幅3.2%；5日小盘上涨占比75.2%
2026-05-11,3180,0.1644,52.5786,1.6667,1.4151,3180,1.234,66.195,5.5031,8.7421,3180,2.2688,68.1761,7.4843,15.566,3180,2.0037,61.9811,14.5912,18.6792,3178,2.7383,61.3593,17.8729,27.5645,1166,0.0,46.5695,1.801,0.7719,1166,1.0725,65.952,4.717,6.3465,1166,1.964,68.6964,8.319,11.0635,1166,2.673,64.837,15.1801,17.9245,1165,1.7301,58.1116,19.1416,21.1159,730,0.5304,62.7397,1.6438,2.3288,730,1.037,62.8767,7.9452,10.411,730,2.2295,64.5205,8.0822,18.6301,730,1.971,63.4247,11.6438,19.3151,730,4.2663,66.0274,15.0685,33.0137,1.437207803773477,6.277238565476395,11.45094671182234,5.96133614295713,2.9413638118565455,2.860764164332563,6.5580356914022975,79,9,0.3305084745762712,20677.15908654428,1.3246715560668787,1,1,1,1,69.0518,attack,attack,攻击,可参与,5日全市场上涨占比68.2%；5日全市场中位涨跌幅2.3%；5日小盘上涨占比68.7%
2026-05-12,3181,-1.3369,24.552,2.2949,1.0374,3180,-0.2989,44.7799,5.9119,5.6289,3180,1.0632,58.2704,8.8994,13.2704,3180,1.7088,58.8679,16.1321,19.0252,3178,2.8688,61.9887,18.5651,27.533,1166,-1.7287,17.4099,2.7444,0.6003,1166,-0.6702,38.6792,5.1458,4.2024,1166,-0.1642,48.2847,9.0909,7.5472,1166,2.0271,60.6346,16.5523,17.4957,1165,1.7654,56.6524,21.03,21.7167,730,-0.5176,36.5753,1.2329,1.2329,730,0.2342,52.0548,5.7534,6.5753,730,1.8831,65.6164,9.1781,17.9452,730,2.2665,63.0137,12.1918,19.863,730,4.6765,69.726,14.1096,32.0548,-0.5062920705186991,5.248672250532738,11.367127203346005,5.227505558081935,2.9276183719412874,2.488468771139285,7.009058785632405,50,8,0.34210526315789475,19150.452133287592,1.2034547324738454,1,1,1,1,58.2423,caution,caution,谨慎,观察为主,5日上涨占比58.3%；10日上涨占比58.9%；10日中位涨跌幅1.7%
2026-05-13,3183,0.2308,55.5451,1.0053,1.6337,3182,-0.6956,40.792,6.0025,5.4054,3182,0.4464,53.5512,8.2652,11.6279,3182,2.6126,64.2363,13.7649,22.2816,3180,2.5084,59.6541,18.9623,27.8302,1168,0.1565,54.024,0.8562,1.1986,1168,-1.5304,30.4795,6.5925,3.9384,1168,-0.2655,46.4041,7.1918,8.6473,1168,2.3968,63.613,14.9829,18.0651,1167,1.1643,54.4987,21.3368,20.8226,730,0.1714,53.6986,0.411,1.9178,730,0.4135,54.6575,4.1096,7.3973,730,0.7208,56.1644,10.6849,14.3836,730,3.3694,66.5753,11.2329,24.6575,730,4.2814,65.6164,15.3425,33.0137,1.5139606066611133,4.442114709220424,11.967836141787336,3.840035021960153,2.4860812584020175,1.9806456639058112,6.88624183282891,95,3,0.24,19045.957470642923,1.1783553475443482,1,1,1,1,55.5653,caution,caution,谨慎,观察为主,5日上涨占比53.6%；10日上涨占比64.2%；10日中位涨跌幅2.6%
2026-05-14,3182,-1.8494,18.4789,8.1395,0.9428,3182,-2.6489,22.7216,19.3275,3.4255,3181,-1.5941,34.6118,15.7812,6.8218,3181,0.3216,50.9588,18.7677,16.8186,3179,0.7048,52.5952,25.1651,23.1834,1167,-1.5929,19.7087,4.3702,0.8569,1167,-2.9676,20.5656,17.0523,2.6564,1167,-1.7857,32.5621,13.1105,4.6272,1167,-0.319,48.329,21.7652,13.1105,1166,-0.1313,48.8851,26.9297,18.3533,730,-2.1469,17.3973,11.0959,0.5479,730,-2.025,25.6164,17.3973,4.1096,730,-1.2548,36.5753,16.0274,8.3562,730,0.8184,55.6164,14.6575,17.8082,730,1.792,57.8082,20.6849,26.5753,-1.973530680036495,0.7366885803103074,9.384207910204644,-0.3063368522871035,0.28746601016897966,-0.052025168248692744,3.080653218532725,50,19,0.40476190476190477,19755.062273333177,1.1978399257452377,1,1,1,1,39.0099,caution,caution,谨慎,观察为主,5日上涨占比34.6%；10日上涨占比51.0%；10日中位涨跌幅0.3%
2026-05-15,3181,-1.0114,28.4502,5.0613,0.7859,3181,-2.2951,23.7661,18.0132,2.4206,3180,-3.3063,25.6289,31.1006,4.8742,3180,-0.1918,48.3962,20.1572,16.9182,3178,-0.2162,48.8043,28.8232,22.3096,1167,-0.7786,29.8201,2.0566,0.5141,1167,-2.0,24.9357,11.7395,2.2279,1167,-3.6697,22.108,31.0197,4.0274,1167,-0.2766,47.3008,20.7369,12.2536,1166,-0.5618,46.5695,29.331,18.6964,730,-1.5665,20.8219,10.274,0.274,730,-3.0965,20.0,26.8493,1.9178,730,-2.8279,28.3562,29.726,4.7945,730,-0.55,45.2055,20.274,16.9863,730,0.5461,51.0959,25.2055,24.2466,-1.0941836913419545,-0.6692150954450526,6.604138792413106,-1.8153139823832931,-0.2528678575118737,-1.0661126188901138,3.5018811139760464,42,19,0.46835443037974683,19310.62507682105,1.144444926317449,1,1,1,1,29.6889,defense,defense_pressure,防守-弱势承压,暂停新开仓,5日全市场上涨占比25.6%；5日全市场中位涨跌幅-3.3%；5日小盘上涨占比22.1%
2026-05-18,3184,-0.5364,39.4158,3.6432,1.0992,3183,-3.1293,19.29,27.5526,2.1049,3183,-3.8616,21.9918,37.826,4.1156,3182,-1.5781,41.8605,30.3897,14.7706,3180,-0.496,48.239,32.4843,22.4843,1167,-0.289,43.102,2.9135,0.5998,1167,-2.454,20.3942,17.2237,1.8852,1167,-3.7241,19.623,32.8192,2.9135,1167,-1.6385,39.6744,28.449,9.94,1166,-0.5411,47.9417,31.1321,18.7822,730,-0.6727,39.1781,3.0137,1.0959,730,-4.083,16.1644,39.3151,1.7808,730,-4.0901,21.9178,41.9178,4.9315,730,-2.1921,38.7671,34.3836,15.6164,730,-0.5651,48.4932,32.4658,24.7945,0.4325820392051538,-1.652979020837697,7.5750818087261695,-3.229781097105622,-2.389273103236078,-2.212843596245573,-0.35883669270492247,70,21,0.3069306930693069,16587.586348447177,0.9770779778222703,1,1,1,1,25.3802,defense,defense_active_decline,防守-持续下跌,暂停新开仓,5日全市场上涨占比22.0%；5日全市场中位涨跌幅-3.9%；5日小盘上涨占比19.6%
2026-05-19,3180,0.5778,64.0252,1.5409,1.2579,3178,-0.8741,38.2001,12.0201,4.2165,3178,-2.0179,30.3965,23.0963,5.4122,3177,-1.2689,43.689,24.8033,15.8955,3176,-0.9836,46.2217,33.8791,21.3791,1165,0.4963,62.6609,1.3734,0.9442,1165,-0.5641,39.5708,8.4979,3.0901,1165,-1.6473,29.5279,15.4506,4.0343,1165,-1.9512,39.0558,23.4335,10.9013,1164,-1.3031,44.0722,34.1065,16.4948,730,0.5368,62.7397,1.5068,1.3699,729,-1.6186,32.7846,18.3813,4.3896,729,-3.0177,28.2579,32.3731,5.2126,729,-1.5967,43.0727,30.1783,17.6955,729,-0.2595,47.8738,33.882,24.0055,1.0140956186713401,-0.15011413543999375,6.992132402453288,-1.7986953781850112,-1.9232499128696623,-1.0665895422531713,-0.6720557312773323,73,10,0.17045454545454544,16396.09988309187,0.9588253320928681,1,1,1,1,34.4858,caution,caution,谨慎,观察为主,5日上涨占比30.4%；10日上涨占比43.7%；10日中位涨跌幅-1.3%
2026-05-20,3183,-1.2542,26.6415,4.147,0.9425,3182,-1.1103,35.1351,10.5594,4.3369,3181,-3.6585,21.7856,36.0264,4.0868,3180,-3.1671,33.6478,37.0755,11.9497,3179,-1.7143,43.5042,37.6219,19.2828,1166,-1.469,21.0978,2.8302,0.6861,1166,-1.2122,30.9605,8.6621,2.4871,1166,-3.3225,20.1544,29.6741,3.3448,1166,-3.3525,31.1321,37.3928,8.319,1165,-1.9678,41.3734,37.5966,15.8798,731,-0.7692,35.1573,3.8304,0.8208,730,-0.6816,40.137,10.0,6.0274,730,-4.0581,21.6438,42.1918,3.4247,730,-3.2915,32.0548,38.2192,13.1507,730,-1.0242,44.9315,34.2466,21.9178,0.0030084083879167167,-1.6362979434874192,6.036440051582215,-2.937046203852567,-2.9538136618390887,-1.8947822217277643,-2.885926164528241,51,28,0.23880597014925373,16713.513783746097,0.9707058806892709,1,1,1,1,24.5048,defense,defense_pressure,防守-弱势承压,暂停新开仓,5日全市场上涨占比21.8%；5日全市场中位涨跌幅-3.7%；5日小盘上涨占比20.2%
2026-05-21,3186,-2.6439,13.3396,14.9718,0.6277,3186,-3.0737,20.0565,27.5895,1.6949,3184,-4.4511,19.0327,44.4095,3.5176,3183,-5.7239,23.6883,54.6026,7.5401,3182,-4.7067,33.6581,48.6486,14.9277,1168,-3.1313,8.3048,16.0103,0.9418,1168,-3.9783,12.7568,33.2192,1.1986,1168,-4.9512,14.5548,49.4863,2.4829,1168,-6.4754,19.9486,60.8733,5.137,1167,-5.4339,28.9632,51.8423,11.054,731,-1.7241,19.8358,13.5431,0.5472,731,-1.7381,29.275,19.699,2.4624,730,-3.6964,21.5068,39.863,4.3836,730,-4.6666,26.0274,47.6712,7.9452,730,-3.381,37.3973,43.5616,17.6712,-3.3876349847844267,-3.0552670798238535,1.826816220447336,-2.8871459703834312,-2.6756923777129127,-2.4088795434567545,-3.071563845212899,32,37,0.6666666666666666,19760.426975587692,1.1339169162410903,1,1,1,1,18.1718,defense,defense_active_decline,防守-持续下跌,暂停新开仓,5日全市场上涨占比19.0%；5日全市场中位涨跌幅-4.5%；5日小盘上涨占比14.6%
2026-05-22,3185,0.7824,65.7457,1.1303,1.8838,3185,-2.8053,20.9419,22.1664,2.6374,3184,-2.6304,26.005,24.4347,5.2136,3182,-5.6561,23.1301,54.274,8.3909,3182,-3.7037,36.5493,44.7832,17.1904,1167,1.204,76.8638,1.4567,1.114,1167,-3.2197,15.5099,21.6795,1.5424,1167,-2.8998,20.9083,23.7361,2.9135,1167,-6.2181,19.4516,58.4404,5.1414,1167,-3.7491,33.8475,45.1585,12.5107,731,0.3279,55.6772,0.5472,2.736,731,-1.9861,29.0014,17.7839,4.3776,730,-2.221,32.7397,20.5479,7.9452,730,-4.7048,26.5753,47.2603,10.5479,730,-2.9164,38.0822,41.5068,20.6849,2.140529814960934,0.11530921837075159,4.0893679868990285,0.4755642239551605,-0.29831923979967145,-0.543837540426062,0.2402047795503126,99,9,0.2204724409448819,16347.986382544306,0.9336753400473204,1,1,1,1,26.6706,defense,defense_active_decline,防守-持续下跌,暂停新开仓,5日全市场上涨占比26.0%；5日小盘上涨占比20.9%
2026-05-25,3188,-0.3979,41.2171,3.074,1.4429,3186,-2.0026,27.4639,17.4827,4.0804,3186,-2.499,28.0603,26.5537,6.4344,3184,-6.2544,22.7073,57.5691,8.2601,3183,-4.0816,36.3808,46.0572,17.2479,1168,-1.0255,29.8801,3.0822,0.6849,1168,-2.7279,19.7774,19.6062,2.226,1168,-3.705,19.5205,33.3904,3.5959,1168,-7.2155,17.9795,64.5548,5.5651,1168,-4.4183,33.1336,47.4315,13.4418,732,0.3108,54.5082,2.1858,2.459,731,-0.9585,36.7989,11.6279,7.1135,731,-1.0317,38.4405,16.0055,10.9439,730,-4.8066,27.8082,48.7671,10.5479,730,-2.991,39.1781,40.6849,19.726,1.2268515336291363,0.9070695656844707,3.750299617165642,1.7494593205809261,1.8221427154686332,0.5092789407965981,2.7148987350887,93,21,0.2734375,17467.790105174023,0.9918352750101659,1,1,1,1,27.1703,defense,defense_pressure,防守-弱势承压,暂停新开仓,5日全市场上涨占比28.1%；5日小盘上涨占比19.5%
2026-05-26,3188,-1.1441,29.266,4.9247,0.8469,3186,-0.6795,41.3057,10.0439,5.9636,3186,-4.0878,23.258,42.624,5.4614,3184,-6.1948,22.3304,57.1294,7.8204,3183,-4.41,34.8728,47.4709,17.2165,1168,-1.8634,15.5822,4.1952,0.1712,1168,-1.5316,31.1644,11.2158,2.911,1168,-5.8762,14.3836,58.3904,3.1678,1168,-7.3559,16.524,67.0377,5.137,1168,-5.1249,29.6233,50.5137,13.2705,732,0.0,47.9508,5.6011,1.0929,731,0.5185,56.4979,5.472,10.3967,731,-1.5908,37.4829,21.4774,9.8495,730,-4.4415,28.3562,46.4384,10.6849,730,-2.5961,40.137,39.726,20.6849,-1.273495076592135,-1.3780973905803573,3.880457747569399,0.3555087113954025,1.956900590560262,-0.5795558442952764,3.4445581756023635,45,26,0.4155844155844156,18710.036177458733,1.0577066022295312,1,1,1,1,20.6266,defense,defense_repair,防守-修复观察,暂停新开仓,5日全市场上涨占比23.3%；5日全市场中位涨跌幅-4.1%；5日小盘上涨占比14.4%
2026-05-27,3188,-2.0798,17.9737,7.7792,0.7842,3188,-3.3442,23.212,34.5358,3.6073,3186,-4.854,20.4645,48.7445,4.6453,3184,-8.2169,17.3367,66.5829,5.1822,3183,-5.8036,31.1656,53.0003,15.7085,1168,-2.3294,12.4144,6.5068,1.0274,1168,-4.9064,13.613,48.887,2.226,1168,-6.5314,12.8425,64.1267,2.3973,1168,-9.5272,12.3288,76.8836,3.0822,1168,-7.5523,24.9144,60.9589,11.1301,732,-1.4268,27.0492,8.6066,0.6831,732,-0.7371,39.7541,15.4372,5.3279,731,-2.0059,33.1053,27.223,8.4815,730,-5.6469,23.5616,53.6986,7.3973,730,-2.8201,37.9452,42.1918,20.0,-1.6200587601180483,-2.978748958653732,2.9187003708462944,-1.447799986557785,1.1848063166141065,-1.6447589000439633,3.161406372305442,42,27,0.4246575342465753,18660.42365078455,1.0455149487667004,1,1,1,1,15.6228,defense,defense_active_decline,防守-持续下跌,暂停新开仓,5日全市场上涨占比20.5%；5日全市场中位涨跌幅-4.9%；5日小盘上涨占比12.8%
2026-05-28,3187,0.0,48.1017,2.0395,1.2865,3187,-2.9821,20.5209,22.9997,2.6043,3185,-2.5729,29.7017,25.1805,7.2527,3183,-6.6563,20.7037,60.4461,6.6918,3182,-6.2937,30.4525,54.8712,15.2106,1168,0.379,57.7055,2.3116,1.0274,1168,-3.6878,14.0411,26.113,1.4555,1168,-3.3457,23.2021,28.5959,3.9384,1168,-7.9013,14.2979,70.0342,3.5103,1168,-8.11,23.3733,63.613,9.6747,732,-0.6224,36.4754,1.9126,1.2295,732,-1.8327,30.0546,16.8033,3.8251,731,-1.4529,39.8085,15.7319,12.7223,730,-4.9242,28.4932,49.4521,10.8219,730,-3.6481,36.9863,45.2055,20.411,1.0674386991599505,1.4951796345402002,3.585879776387424,1.7029367063898126,2.741229867439876,0.5238619455903981,7.710531882965754,85,9,0.205607476635514,17069.526918219268,0.9517391644549954,1,1,1,1,28.4687,defense,defense_active_decline,防守-持续下跌,暂停新开仓,5日全市场上涨占比29.7%；5日小盘上涨占比23.2%
2026-05-29,3186,-1.2346,35.5304,14.4382,0.7533,3186,-2.9976,23.5091,31.8267,2.7307,3186,-4.2863,24.0113,45.1664,4.5512,3183,-6.6023,20.044,59.0324,6.4405,3181,-6.6116,28.0101,56.0201,13.7693,1167,-1.6173,25.1928,12.2536,0.7712,1167,-3.3981,17.2237,30.934,1.8852,1167,-6.0721,13.6247,57.4979,2.2279,1167,-8.4146,11.7395,73.0934,3.1705,1167,-8.8068,19.2802,67.3522,7.3693,732,-0.2092,46.4481,14.2077,0.5464,732,-2.1488,31.8306,28.5519,4.235,732,-1.6552,38.6612,28.9617,6.8306,730,-3.3289,31.9178,41.3699,11.6438,730,-3.9679,36.4384,45.4795,19.863,-2.6512400287899363,-3.266314572900564,2.212843293669464,-2.5344772719762987,0.9705835319327782,-1.0778405580335493,2.5250463247193933,44,63,0.47619047619047616,19408.758528868515,1.0696010055856442,1,1,1,1,18.9845,defense,defense_active_decline,防守-持续下跌,暂停新开仓,5日全市场上涨占比24.0%；5日全市场中位涨跌幅-4.3%；5日小盘上涨占比13.6%
2026-06-01,3188,1.4786,73.212,3.5132,1.6625,3188,0.6515,55.5521,14.5232,4.5483,3188,-2.2083,33.7202,30.5834,3.8896,3186,-4.4569,25.2354,47.3321,5.8694,3183,-6.1979,28.0867,54.7911,12.7238,1170,2.5024,86.4103,0.9402,1.1111,1170,1.5606,66.9231,8.7179,3.9316,1170,-2.3368,27.5214,27.094,2.5641,1170,-5.6703,16.0684,55.2991,2.8205,1170,-7.5132,20.3419,64.0171,7.6068,732,0.3491,57.2404,8.4699,1.3661,732,-0.6827,44.1257,19.1257,4.235,732,-1.6368,38.5246,29.918,4.918,731,-2.1147,36.5253,37.6197,9.8495,730,-4.2298,36.1644,46.3014,18.0822,-0.7564347634329782,-5.161568548157803,0.024739109371219037,-4.936621384959827,-1.5714775857122998,-2.2836130870902416,-1.746187580390346,99,30,0.29285714285714287,16971.18387603751,0.9320807364109347,1,1,1,1,29.4063,caution,caution,谨慎,观察为主,5日上涨占比33.7%；10日上涨占比25.2%；10日中位涨跌幅-4.5%
2026-06-02,3187,-1.4028,24.7882,3.1064,1.0041,3187,-0.7813,42.2341,19.5795,3.4201,3187,-2.6403,29.5576,32.4129,4.5811,3185,-6.2957,20.1884,57.394,5.7457,3182,-7.5239,26.5871,59.7109,12.005,1169,-2.0761,15.1411,3.5928,0.4277,1169,-0.9646,38.1523,15.3978,2.3952,1169,-2.7519,24.9786,28.8281,3.3362,1169,-8.1793,11.6339,69.5466,3.3362,1169,-9.6357,17.793,71.5997,6.1591,732,-0.2444,43.4426,1.5027,1.6393,732,0.0,49.3169,19.8087,4.3716,732,-2.1509,34.8361,30.4645,6.1475,731,-3.0364,33.7893,39.9453,10.9439,730,-4.253,36.5753,47.5342,20.0,0.47515262526016677,-3.4817865551236227,0.03381911349589206,-3.894206364913233,-0.672821623730524,-1.6951767669640239,0.31671757605329365,59,21,0.2891566265060241,16799.028669827214,0.9223631478942644,1,1,1,1,26.2425,defense,defense_repair,防守-修复观察,暂停新开仓,5日全市场上涨占比29.6%；5日小盘上涨占比25.0%
2026-06-03,3190,-1.0306,29.0596,2.2257,1.2226,3190,-0.7245,40.1254,9.906,4.0125,3190,-1.7269,34.7649,23.2602,5.7053,3188,-6.2868,19.9184,57.2459,7.0577,3185,-9.0546,23.3595,65.2747,10.675,1172,-1.4215,18.2594,2.5597,0.7679,1172,-0.8055,36.0922,8.6177,2.5597,1172,-1.8954,31.1433,21.0751,3.8396,1172,-8.1207,10.9215,70.2218,3.3276,1172,-11.2289,15.1024,75.0853,5.802,732,-0.6309,36.8852,1.0929,1.5027,732,-0.2475,46.0383,8.1967,5.1913,732,-1.1477,40.4372,22.4044,8.1967,731,-2.5999,33.6525,41.0397,12.7223,730,-5.9363,33.2877,53.8356,17.9452,0.5712468680757032,-1.3319488780583755,-1.654624507249991,-1.9789543058604142,0.6242182169921895,-0.2382328121277033,1.9085079190427123,62,13,0.45614035087719296,18471.844910405736,1.0141684163082483,1,1,1,1,32.0608,caution,caution,谨慎,观察为主,5日上涨占比34.8%；10日上涨占比19.9%；10日中位涨跌幅-6.3%
2026-06-04,3190,-1.686,21.2539,4.5455,1.0972,3190,-3.8655,21.1285,36.489,4.2947,3190,-3.3708,25.2665,35.768,4.7022,3188,-5.4912,22.271,53.1054,8.8457,3185,-10.8092,19.9372,69.9529,9.011,1172,-1.9083,14.4198,4.6928,0.5973,1172,-5.1199,11.3481,52.0478,1.7918,1172,-4.1226,17.2355,41.1263,3.157,1172,-7.05,13.6519,64.2491,4.5222,1172,-12.9523,12.2014,79.4369,4.4369,732,-1.3388,27.1858,4.0984,1.6393,732,-1.9588,33.7432,17.3497,8.6066,732,-1.6632,36.612,25.2732,6.694,731,-3.0822,35.0205,38.0301,14.7743,730,-7.5416,29.589,57.6712,16.1644,-0.14923371327190127,-2.5197369266485525,-3.378450423489099,-2.4112116306505116,-0.1926635948016453,-0.9967877604543429,-0.8773392211617659,65,12,0.2857142857142857,16481.275221445907,0.9101074093950862,1,1,1,1,23.0245,defense,defense_active_decline,防守-持续下跌,暂停新开仓,5日全市场上涨占比25.3%；5日全市场中位涨跌幅-3.4%；5日小盘上涨占比17.2%
2026-06-05,3191,0.2959,55.6879,4.3247,0.8775,3191,-2.3411,24.4124,17.8941,3.6352,3191,-2.0165,29.3638,22.9395,5.7349,3191,-6.1082,20.2131,56.1893,6.2676,3186,-11.1111,18.1419,71.9083,8.1293,1172,0.677,68.3447,1.7065,0.6826,1172,-2.4017,17.8328,16.3823,1.7918,1172,-1.7919,27.3891,18.2594,2.901,1172,-7.4077,12.2867,68.2594,2.9863,1172,-13.1997,11.0068,81.8259,3.9249,732,-0.5637,38.7978,8.4699,0.4098,732,-2.2682,27.5956,21.1749,4.6448,732,-2.2013,31.2842,27.8689,7.377,732,-3.4782,29.7814,40.5738,9.4262,730,-7.7576,27.9452,59.589,13.5616,-0.9397934792799045,-0.8059784778346457,-4.578202730219482,-1.2969451165824597,-1.5371941002362277,-1.0036182008067773,-1.9815990832974473,61,16,0.44036697247706424,18118.327851712416,1.0012807067822245,1,1,1,1,29.4055,defense,defense_repair,防守-修复观察,暂停新开仓,5日全市场上涨占比29.4%
2026-06-08,3193,-2.7884,12.9345,17.1939,0.7203,3193,-3.912,15.2834,36.7992,2.4428,3193,-6.3481,15.8158,62.1986,3.9775,3193,-8.2766,14.6257,67.3661,4.3533,3189,-13.8282,14.111,78.614,6.2088,1174,-2.726,9.8807,11.925,0.937,1174,-3.693,11.6695,31.1755,1.448,1174,-7.1386,9.6252,72.8279,1.7888,1174,-9.2269,9.7104,75.724,2.4702,1174,-15.4633,8.1772,86.0307,3.322,732,-2.6915,18.7158,22.4044,0.4098,732,-4.213,18.4426,41.8033,2.8689,732,-4.8064,22.6776,49.1803,6.1475,732,-6.444,22.8142,56.2842,6.5574,730,-10.3981,22.1918,68.3562,10.411,-3.1135697027601106,-3.161936703891133,-8.859110870833465,-3.755754626543284,-2.6963853847844166,-2.425049411741509,-3.5221412446526656,42,41,0.2631578947368421,16570.657216851178,0.9262613959660507,1,1,1,1,10.9791,defense,defense_active_decline,防守-持续下跌,暂停新开仓,5日全市场上涨占比15.8%；5日全市场中位涨跌幅-6.3%；5日小盘上涨占比9.6%
2026-06-09,3192,0.2326,53.7907,2.005,1.9424,3192,-2.1841,24.6867,20.3947,2.7882,3192,-4.6092,18.4837,45.708,4.4799,3192,-7.0796,17.1992,64.1917,5.4198,3188,-12.5426,15.2447,76.7252,7.4028,1174,0.0,48.8075,2.385,1.1073,1174,-1.8645,22.9131,14.9915,1.8739,1174,-4.8277,11.4991,48.6371,1.9591,1174,-7.5406,12.5213,70.1022,3.2368,1174,-14.0987,9.029,84.3271,4.0886,732,0.7849,66.9399,0.5464,3.2787,732,-2.398,28.5519,24.7268,3.5519,732,-3.7289,25.8197,38.5246,6.4208,732,-5.7117,25.9563,55.1913,8.4699,730,-9.4586,23.8356,64.7945,12.4658,2.938110627135515,-0.7881350559272748,-5.703876927742235,-1.7455667830932997,-2.2941732453680475,-1.5967920897972276,-2.320626132355441,108,11,0.18181818181818182,15268.795871919458,0.862851242578287,1,1,1,1,17.1948,defense,defense_pressure,防守-弱势承压,暂停新开仓,5日全市场上涨占比18.5%；5日全市场中位涨跌幅-4.6%；5日小盘上涨占比11.5%
2026-06-10,3191,-1.0417,31.8709,8.4926,1.0342,3191,-3.4125,19.8997,32.4663,2.2877,3191,-4.4471,19.0223,44.8135,3.3845,3191,-6.1669,19.273,57.8502,5.0141,3187,-13.8544,13.0217,78.8516,5.8676,1173,-1.278,20.4604,5.4561,0.5115,1173,-3.8662,12.873,34.1006,1.6198,1173,-4.6964,11.9352,45.3538,1.8755,1173,-6.4319,13.1287,62.4893,3.3248,1173,-15.5116,7.9284,86.786,2.5575,732,-0.6605,40.9836,9.8361,0.8197,732,-2.1111,29.6448,27.459,3.0055,732,-3.6462,27.3224,41.5301,4.3716,732,-5.0031,27.1858,50.2732,6.8306,730,-10.3121,21.6438,66.3014,10.0,-1.4422281333503872,-2.7743947089649668,-8.449874971627603,-3.5671697586124984,-3.851452772288777,-2.2220562618665007,-6.504834965523775,63,32,0.27586206896551724,15500.82803067729,0.8848267753052019,1,1,1,1,17.349,defense,defense_active_decline,防守-持续下跌,暂停新开仓,5日全市场上涨占比19.0%；5日全市场中位涨跌幅-4.4%；5日小盘上涨占比11.9%
