source_id,business_source_name,metric,metric_label,window,horizon,bucket,bucket_label,threshold_low,threshold_high,n,avg_mfe_5d_pct,median_mfe_5d_pct,hit10_rate,hit15_rate,hit20_rate,avg_close_5d_pct,median_close_5d_pct,close_loss_rate,close_loss5_rate,avg_mae_5d_pct,worst_mae_5d_pct,stop5_rate,stop8_rate,pitfall_rate,full5_rate,avg_mfe_10d_pct,median_mfe_10d_pct,avg_close_10d_pct,median_close_10d_pct,avg_mae_10d_pct,worst_mae_10d_pct,full10_rate,avg_mfe_22d_pct,median_mfe_22d_pct,avg_close_22d_pct,median_close_22d_pct,avg_mae_22d_pct,worst_mae_22d_pct,full22_rate
ALL,全部来源,all_up_ratio_1d,全市场上涨占比,1,5,low,低水位,29.2216,53.7907,98,8.8123,6.4792,29.5918,17.3469,11.2245,0.2899,-0.504,55.102,31.6327,-7.0817,-26.3636,57.1429,38.7755,41.8367,87.7551,,,,,,,,,,,,,,
ALL,全部来源,all_up_ratio_1d,全市场上涨占比,1,5,mid,中水位,29.2216,53.7907,86,8.1429,5.8175,36.0465,18.6047,9.3023,-0.7058,-2.123,62.7907,34.8837,-7.208,-21.2944,61.6279,39.5349,43.0233,100.0,,,,,,,,,,,,,,
ALL,全部来源,all_up_ratio_1d,全市场上涨占比,1,5,high,高水位,29.2216,53.7907,104,8.5723,6.2595,27.8846,17.3077,9.6154,0.1352,-0.3894,52.8846,31.7308,-6.5899,-24.7261,49.0385,29.8077,37.5,86.5385,,,,,,,,,,,,,,
ALL,全部来源,all_up_ratio_1d,全市场上涨占比,1,10,low,低水位,29.2216,53.7907,98,,,40.8163,28.5714,19.3878,,,58.1633,38.7755,,,64.2857,50.0,52.0408,,12.4764,7.899,-0.766,-2.1229,-9.2702,-35.974,74.4898,,,,,,,
ALL,全部来源,all_up_ratio_1d,全市场上涨占比,1,10,mid,中水位,29.2216,53.7907,86,,,47.6744,31.3953,23.2558,,,61.6279,50.0,,,80.2326,61.6279,66.2791,,12.0979,9.3399,-1.4037,-4.9524,-10.6488,-24.1143,82.5581,,,,,,,
ALL,全部来源,all_up_ratio_1d,全市场上涨占比,1,10,high,高水位,29.2216,53.7907,104,,,43.2692,28.8462,17.3077,,,44.2308,30.7692,,,58.6538,37.5,40.3846,,11.9713,8.7172,1.4413,1.2815,-8.5716,-35.8333,80.7692,,,,,,,
ALL,全部来源,all_up_ratio_1d,全市场上涨占比,1,22,low,低水位,29.2216,53.7907,98,,,50.0,39.7959,29.5918,,,60.2041,41.8367,,,72.449,57.1429,58.1633,,,,,,,,,17.4966,9.8209,0.9375,-3.0153,-11.5012,-40.1617,53.0612
ALL,全部来源,all_up_ratio_1d,全市场上涨占比,1,22,mid,中水位,29.2216,53.7907,86,,,59.3023,44.186,36.0465,,,67.4419,52.3256,,,86.0465,76.7442,79.0698,,,,,,,,,17.6294,12.4405,-2.0811,-6.2202,-13.3739,-39.7663,66.2791
ALL,全部来源,all_up_ratio_1d,全市场上涨占比,1,22,high,高水位,29.2216,53.7907,104,,,56.7308,49.0385,39.4231,,,46.1538,33.6538,,,63.4615,47.1154,50.0,,,,,,,,,20.4962,14.065,6.0733,1.8798,-10.7161,-43.9855,74.0385
spark_opportunity_selector,星火机会模型,all_up_ratio_1d,全市场上涨占比,1,5,low,低水位,29.2216,53.7907,64,10.4893,6.8125,40.625,25.0,17.1875,0.9188,-0.7849,57.8125,31.25,-7.4709,-26.3636,60.9375,40.625,42.1875,92.1875,,,,,,,,,,,,,,
spark_opportunity_selector,星火机会模型,all_up_ratio_1d,全市场上涨占比,1,5,mid,中水位,29.2216,53.7907,56,8.3825,6.1206,33.9286,17.8571,8.9286,0.2545,-0.9315,58.9286,26.7857,-6.9487,-19.3078,58.9286,33.9286,37.5,100.0,,,,,,,,,,,,,,
spark_opportunity_selector,星火机会模型,all_up_ratio_1d,全市场上涨占比,1,5,high,高水位,29.2216,53.7907,67,8.5477,6.7933,28.3582,16.4179,8.9552,-1.0393,-1.2013,55.2239,37.3134,-7.6633,-24.7261,53.7313,40.2985,44.7761,91.0448,,,,,,,,,,,,,,
spark_opportunity_selector,星火机会模型,all_up_ratio_1d,全市场上涨占比,1,10,low,低水位,29.2216,53.7907,64,,,48.4375,32.8125,23.4375,,,57.8125,40.625,,,68.75,53.125,54.6875,,14.8277,9.0214,-0.2382,-2.4043,-9.8286,-35.974,82.8125,,,,,,,
spark_opportunity_selector,星火机会模型,all_up_ratio_1d,全市场上涨占比,1,10,mid,中水位,29.2216,53.7907,56,,,48.2143,33.9286,26.7857,,,55.3571,44.6429,,,75.0,57.1429,60.7143,,12.8613,9.8383,-0.1757,-2.1458,-10.1426,-24.1143,87.5,,,,,,,
spark_opportunity_selector,星火机会模型,all_up_ratio_1d,全市场上涨占比,1,10,high,高水位,29.2216,53.7907,67,,,40.2985,29.8507,16.4179,,,52.2388,40.2985,,,68.6567,49.2537,52.2388,,11.2122,8.6977,-0.6844,-2.3109,-10.2829,-35.8333,86.5672,,,,,,,
spark_opportunity_selector,星火机会模型,all_up_ratio_1d,全市场上涨占比,1,22,low,低水位,29.2216,53.7907,64,,,60.9375,48.4375,39.0625,,,57.8125,40.625,,,76.5625,60.9375,60.9375,,,,,,,,,21.4398,14.3834,3.7584,-3.2093,-11.4538,-35.974,59.375
spark_opportunity_selector,星火机会模型,all_up_ratio_1d,全市场上涨占比,1,22,mid,中水位,29.2216,53.7907,56,,,60.7143,48.2143,41.0714,,,62.5,46.4286,,,83.9286,75.0,76.7857,,,,,,,,,17.9533,13.9193,-1.6606,-4.1691,-13.0871,-39.7663,73.2143
spark_opportunity_selector,星火机会模型,all_up_ratio_1d,全市场上涨占比,1,22,high,高水位,29.2216,53.7907,67,,,53.7313,47.7612,40.2985,,,50.7463,38.806,,,71.6418,58.209,59.7015,,,,,,,,,21.452,11.942,5.8833,-0.0671,-12.8941,-43.9855,77.6119
probe_d3_confirmed,试盘识别-三日确认,all_up_ratio_1d,全市场上涨占比,1,5,low,低水位,29.2216,53.7907,5,4.2538,3.2895,0.0,0.0,0.0,-3.6554,-5.1839,60.0,60.0,-9.1906,-17.9796,80.0,40.0,60.0,80.0,,,,,,,,,,,,,,
probe_d3_confirmed,试盘识别-三日确认,all_up_ratio_1d,全市场上涨占比,1,5,mid,中水位,29.2216,53.7907,3,7.0146,5.7325,33.3333,0.0,0.0,-4.2223,-0.4926,66.6667,33.3333,-9.4651,-16.6667,66.6667,66.6667,66.6667,100.0,,,,,,,,,,,,,,
probe_d3_confirmed,试盘识别-三日确认,all_up_ratio_1d,全市场上涨占比,1,5,high,高水位,29.2216,53.7907,5,5.8528,6.0019,20.0,0.0,0.0,-0.2415,-4.0237,60.0,40.0,-4.774,-7.7395,60.0,0.0,40.0,60.0,,,,,,,,,,,,,,
probe_d3_confirmed,试盘识别-三日确认,all_up_ratio_1d,全市场上涨占比,1,10,low,低水位,29.2216,53.7907,5,,,20.0,20.0,0.0,,,80.0,80.0,,,80.0,60.0,80.0,,7.0169,5.2147,-7.6848,-6.9018,-11.8628,-26.5306,60.0,,,,,,,
probe_d3_confirmed,试盘识别-三日确认,all_up_ratio_1d,全市场上涨占比,1,10,mid,中水位,29.2216,53.7907,3,,,66.6667,33.3333,33.3333,,,66.6667,66.6667,,,100.0,66.6667,100.0,,13.4548,14.2857,-3.1356,-6.8966,-12.2214,-21.4872,33.3333,,,,,,,
probe_d3_confirmed,试盘识别-三日确认,all_up_ratio_1d,全市场上涨占比,1,10,high,高水位,29.2216,53.7907,5,,,20.0,0.0,0.0,,,60.0,40.0,,,60.0,40.0,60.0,,6.1835,6.0019,-1.3337,-2.8074,-7.2034,-10.7692,60.0,,,,,,,
probe_d3_confirmed,试盘识别-三日确认,all_up_ratio_1d,全市场上涨占比,1,22,low,低水位,29.2216,53.7907,5,,,20.0,20.0,0.0,,,80.0,80.0,,,80.0,60.0,80.0,,,,,,,,,7.0169,5.2147,-18.1332,-6.9018,-20.2947,-40.1617,0.0
probe_d3_confirmed,试盘识别-三日确认,all_up_ratio_1d,全市场上涨占比,1,22,mid,中水位,29.2216,53.7907,3,,,66.6667,33.3333,33.3333,,,100.0,100.0,,,100.0,66.6667,100.0,,,,,,,,,13.4548,14.2857,-13.9636,-14.2251,-16.1138,-21.4872,33.3333
probe_d3_confirmed,试盘识别-三日确认,all_up_ratio_1d,全市场上涨占比,1,22,high,高水位,29.2216,53.7907,5,,,40.0,20.0,20.0,,,40.0,20.0,,,80.0,40.0,60.0,,,,,,,,,11.0253,8.8757,3.8838,0.0,-9.4691,-20.355,40.0
stable_capital_callback,资金流回调稳健策略,all_up_ratio_1d,全市场上涨占比,1,5,low,低水位,29.2216,53.7907,26,5.3624,5.9597,7.6923,0.0,0.0,-0.5537,-0.0121,50.0,30.7692,-6.296,-14.7733,50.0,38.4615,42.3077,76.9231,,,,,,,,,,,,,,
stable_capital_callback,资金流回调稳健策略,all_up_ratio_1d,全市场上涨占比,1,5,mid,中水位,29.2216,53.7907,19,8.0717,4.2211,42.1053,26.3158,10.5263,-4.0233,-6.2051,78.9474,57.8947,-8.2834,-21.2944,68.4211,52.6316,57.8947,100.0,,,,,,,,,,,,,,
stable_capital_callback,资金流回调稳健策略,all_up_ratio_1d,全市场上涨占比,1,5,high,高水位,29.2216,53.7907,30,9.011,5.0623,26.6667,20.0,13.3333,3.4923,0.9227,43.3333,16.6667,-4.1183,-12.5436,33.3333,6.6667,16.6667,80.0,,,,,,,,,,,,,,
stable_capital_callback,资金流回调稳健策略,all_up_ratio_1d,全市场上涨占比,1,10,low,低水位,29.2216,53.7907,26,,,26.9231,19.2308,15.3846,,,50.0,26.9231,,,53.8462,42.3077,42.3077,,7.9545,6.1815,-0.2177,-0.3509,-7.6972,-21.9161,53.8462,,,,,,,
stable_capital_callback,资金流回调稳健策略,all_up_ratio_1d,全市场上涨占比,1,10,mid,中水位,29.2216,53.7907,19,,,42.1053,26.3158,10.5263,,,84.2105,73.6842,,,94.7368,78.9474,84.2105,,9.0755,5.5365,-7.7426,-11.5349,-13.3823,-23.7996,68.4211,,,,,,,
stable_capital_callback,资金流回调稳健策略,all_up_ratio_1d,全市场上涨占比,1,10,high,高水位,29.2216,53.7907,30,,,50.0,26.6667,23.3333,,,23.3333,6.6667,,,33.3333,6.6667,6.6667,,14.1669,9.5401,7.0514,3.848,-4.3727,-18.3275,70.0,,,,,,,
stable_capital_callback,资金流回调稳健策略,all_up_ratio_1d,全市场上涨占比,1,22,low,低水位,29.2216,53.7907,26,,,30.7692,23.0769,15.3846,,,57.6923,34.6154,,,61.5385,46.1538,46.1538,,,,,,,,,10.6009,7.0529,-0.8848,-1.6907,-9.5443,-29.7185,42.3077
stable_capital_callback,资金流回调稳健策略,all_up_ratio_1d,全市场上涨占比,1,22,mid,中水位,29.2216,53.7907,19,,,52.6316,31.5789,15.7895,,,78.9474,68.4211,,,94.7368,84.2105,84.2105,,,,,,,,,11.2478,10.0643,-7.5209,-12.3253,-15.1473,-29.2005,36.8421
stable_capital_callback,资金流回调稳健策略,all_up_ratio_1d,全市场上涨占比,1,22,high,高水位,29.2216,53.7907,30,,,63.3333,53.3333,40.0,,,36.6667,23.3333,,,40.0,20.0,23.3333,,,,,,,,,19.9302,16.4433,7.8336,3.6528,-5.3968,-20.0348,70.0
trend_continuation_callback,趋势延续策略,all_up_ratio_1d,全市场上涨占比,1,5,low,低水位,29.2216,53.7907,3,10.5325,9.6382,33.3333,33.3333,0.0,0.7619,1.1276,33.3333,0.0,-2.0731,-2.9265,0.0,0.0,0.0,100.0,,,,,,,,,,,,,,
trend_continuation_callback,趋势延续策略,all_up_ratio_1d,全市场上涨占比,1,5,mid,中水位,29.2216,53.7907,8,7.0577,3.0699,37.5,12.5,12.5,1.7703,-0.6637,50.0,37.5,-5.622,-9.0106,62.5,37.5,37.5,100.0,,,,,,,,,,,,,,
trend_continuation_callback,趋势延续策略,all_up_ratio_1d,全市场上涨占比,1,5,high,高水位,29.2216,53.7907,2,9.6169,9.6169,50.0,50.0,0.0,-9.9325,-9.9325,100.0,50.0,-12.2437,-16.1071,100.0,100.0,100.0,100.0,,,,,,,,,,,,,,
trend_continuation_callback,趋势延续策略,all_up_ratio_1d,全市场上涨占比,1,10,low,低水位,29.2216,53.7907,3,,,33.3333,33.3333,0.0,,,100.0,33.3333,,,33.3333,33.3333,33.3333,,10.6039,9.6382,-5.248,-2.2772,-6.6723,-13.7045,100.0,,,,,,,
trend_continuation_callback,趋势延续策略,all_up_ratio_1d,全市场上涨占比,1,10,mid,中水位,29.2216,53.7907,8,,,50.0,25.0,25.0,,,50.0,25.0,,,75.0,50.0,50.0,,13.4235,8.5338,5.7049,0.4357,-7.1108,-11.1023,100.0,,,,,,,
trend_continuation_callback,趋势延续策略,all_up_ratio_1d,全市场上涨占比,1,10,high,高水位,29.2216,53.7907,2,,,100.0,100.0,0.0,,,50.0,50.0,,,100.0,100.0,100.0,,18.9367,18.9367,-4.5635,-4.5635,-17.6452,-26.91,100.0,,,,,,,
trend_continuation_callback,趋势延续策略,all_up_ratio_1d,全市场上涨占比,1,22,low,低水位,29.2216,53.7907,3,,,33.3333,33.3333,0.0,,,100.0,66.6667,,,66.6667,66.6667,66.6667,,,,,,,,,10.6039,9.6382,-11.666,-6.1386,-14.8154,-30.1927,100.0
trend_continuation_callback,趋势延续策略,all_up_ratio_1d,全市场上涨占比,1,22,mid,中水位,29.2216,53.7907,8,,,62.5,50.0,50.0,,,62.5,37.5,,,75.0,75.0,75.0,,,,,,,,,32.0835,22.3482,12.351,-3.2129,-10.142,-19.9048,100.0
trend_continuation_callback,趋势延续策略,all_up_ratio_1d,全市场上涨占比,1,22,high,高水位,29.2216,53.7907,2,,,100.0,100.0,50.0,,,50.0,50.0,,,100.0,100.0,100.0,,,,,,,,,20.6467,20.6467,-8.4916,-8.4916,-20.6622,-32.944,100.0
ALL,全部来源,all_up_ratio_3d,全市场上涨占比,3,5,low,低水位,27.6328,54.9371,97,7.646,5.6152,26.8041,13.4021,9.2784,-2.7669,-3.7834,72.1649,42.268,-8.2527,-26.3636,63.9175,48.4536,51.5464,73.1959,,,,,,,,,,,,,,
ALL,全部来源,all_up_ratio_3d,全市场上涨占比,3,5,mid,中水位,27.6328,54.9371,91,7.0296,5.0822,25.2747,13.1868,5.4945,-0.3123,-1.1391,58.2418,32.967,-7.307,-21.2944,64.8352,40.6593,46.1538,100.0,,,,,,,,,,,,,,
ALL,全部来源,all_up_ratio_3d,全市场上涨占比,3,5,high,高水位,27.6328,54.9371,100,10.7406,8.681,40.0,26.0,15.0,2.7859,1.9993,40.0,23.0,-5.3379,-23.3333,39.0,19.0,25.0,100.0,,,,,,,,,,,,,,
ALL,全部来源,all_up_ratio_3d,全市场上涨占比,3,10,low,低水位,27.6328,54.9371,97,,,34.0206,19.5876,12.3711,,,65.9794,49.4845,,,75.2577,59.7938,63.9175,,9.8564,6.0557,-4.5487,-4.6837,-11.3522,-35.974,58.7629,,,,,,,
ALL,全部来源,all_up_ratio_3d,全市场上涨占比,3,10,mid,中水位,27.6328,54.9371,91,,,39.5604,26.3736,17.5824,,,60.4396,39.5604,,,73.6264,53.8462,57.1429,,11.3801,7.7048,-0.0411,-2.3904,-9.5156,-23.7996,84.6154,,,,,,,
ALL,全部来源,all_up_ratio_3d,全市场上涨占比,3,10,high,高水位,27.6328,54.9371,100,,,57.0,42.0,29.0,,,37.0,29.0,,,53.0,34.0,36.0,,15.1647,11.92,3.9907,4.7912,-7.4864,-35.8333,94.0,,,,,,,
ALL,全部来源,all_up_ratio_3d,全市场上涨占比,3,22,low,低水位,27.6328,54.9371,97,,,44.3299,29.8969,20.6186,,,62.8866,49.4845,,,78.3505,64.9485,68.0412,,,,,,,,,13.9384,8.4259,-1.6366,-4.5322,-12.4103,-39.0408,32.9897
ALL,全部来源,all_up_ratio_3d,全市场上涨占比,3,22,mid,中水位,27.6328,54.9371,91,,,50.5495,40.6593,35.1648,,,62.6374,43.956,,,82.4176,65.9341,68.1319,,,,,,,,,18.1908,10.0036,0.8473,-2.84,-12.4513,-39.7663,67.033
ALL,全部来源,all_up_ratio_3d,全市场上涨占比,3,22,high,高水位,27.6328,54.9371,100,,,70.0,62.0,49.0,,,47.0,33.0,,,60.0,48.0,49.0,,,,,,,,,23.5501,19.236,6.2617,2.9407,-10.5488,-43.9855,93.0
spark_opportunity_selector,星火机会模型,all_up_ratio_3d,全市场上涨占比,3,5,low,低水位,27.6328,54.9371,66,8.2857,5.6658,27.2727,15.1515,10.6061,-2.3105,-3.485,71.2121,37.8788,-8.5076,-26.3636,66.6667,46.9697,50.0,83.3333,,,,,,,,,,,,,,
spark_opportunity_selector,星火机会模型,all_up_ratio_3d,全市场上涨占比,3,5,mid,中水位,27.6328,54.9371,62,7.7605,5.7867,30.6452,14.5161,6.4516,-0.0319,-1.1416,58.0645,30.6452,-7.64,-19.3078,66.129,43.5484,46.7742,100.0,,,,,,,,,,,,,,
spark_opportunity_selector,星火机会模型,all_up_ratio_3d,全市场上涨占比,3,5,high,高水位,27.6328,54.9371,59,11.6174,9.0952,45.7627,30.5085,18.6441,2.676,3.1229,40.678,27.1186,-5.8564,-23.3333,38.9831,23.7288,27.1186,100.0,,,,,,,,,,,,,,
spark_opportunity_selector,星火机会模型,all_up_ratio_3d,全市场上涨占比,3,10,low,低水位,27.6328,54.9371,66,,,37.8788,24.2424,15.1515,,,62.1212,45.4545,,,78.7879,60.6061,63.6364,,11.26,6.7609,-3.6407,-4.097,-11.5956,-35.974,74.2424,,,,,,,
spark_opportunity_selector,星火机会模型,all_up_ratio_3d,全市场上涨占比,3,10,mid,中水位,27.6328,54.9371,62,,,45.1613,30.6452,20.9677,,,59.6774,43.5484,,,74.1935,58.0645,61.2903,,12.6354,8.7463,0.4754,-2.9278,-10.1269,-21.8997,88.7097,,,,,,,
spark_opportunity_selector,星火机会模型,all_up_ratio_3d,全市场上涨占比,3,10,high,高水位,27.6328,54.9371,59,,,54.2373,42.3729,30.5085,,,42.3729,35.5932,,,57.6271,38.9831,40.678,,15.1504,11.5625,2.3707,3.1404,-8.3524,-35.8333,94.9153,,,,,,,
spark_opportunity_selector,星火机会模型,all_up_ratio_3d,全市场上涨占比,3,22,low,低水位,27.6328,54.9371,66,,,51.5152,39.3939,27.2727,,,57.5758,46.9697,,,83.3333,68.1818,69.697,,,,,,,,,17.1694,10.4218,0.9269,-4.2913,-12.9158,-35.974,46.9697
spark_opportunity_selector,星火机会模型,all_up_ratio_3d,全市场上涨占比,3,22,mid,中水位,27.6328,54.9371,62,,,56.4516,46.7742,41.9355,,,59.6774,41.9355,,,83.871,69.3548,70.9677,,,,,,,,,20.7409,12.8949,2.4304,-1.6338,-12.9187,-39.7663,70.9677
spark_opportunity_selector,星火机会模型,all_up_ratio_3d,全市场上涨占比,3,22,high,高水位,27.6328,54.9371,59,,,67.7966,59.322,52.5424,,,52.5424,35.5932,,,62.7119,54.2373,54.2373,,,,,,,,,23.6558,20.8606,5.5909,-0.4211,-11.4647,-43.9855,94.9153
probe_d3_confirmed,试盘识别-三日确认,all_up_ratio_3d,全市场上涨占比,3,5,low,低水位,27.6328,54.9371,6,5.5238,2.3797,33.3333,0.0,0.0,-5.0107,-5.6646,83.3333,66.6667,-9.8967,-17.9796,66.6667,50.0,66.6667,50.0,,,,,,,,,,,,,,
probe_d3_confirmed,试盘识别-三日确认,all_up_ratio_3d,全市场上涨占比,3,5,mid,中水位,27.6328,54.9371,4,5.0597,5.4736,0.0,0.0,0.0,0.7032,2.0857,25.0,25.0,-5.1156,-8.2803,50.0,25.0,50.0,100.0,,,,,,,,,,,,,,
probe_d3_confirmed,试盘识别-三日确认,all_up_ratio_3d,全市场上涨占比,3,5,high,高水位,27.6328,54.9371,3,6.065,8.6253,0.0,0.0,0.0,-1.6332,-4.0237,66.6667,33.3333,-6.1252,-6.8177,100.0,0.0,33.3333,100.0,,,,,,,,,,,,,,
probe_d3_confirmed,试盘识别-三日确认,all_up_ratio_3d,全市场上涨占比,3,10,low,低水位,27.6328,54.9371,6,,,33.3333,0.0,0.0,,,83.3333,83.3333,,,83.3333,50.0,83.3333,,5.5238,2.3797,-8.8726,-6.5209,-12.7,-26.5306,16.6667,,,,,,,
probe_d3_confirmed,试盘识别-三日确认,all_up_ratio_3d,全市场上涨占比,3,10,mid,中水位,27.6328,54.9371,4,,,50.0,50.0,25.0,,,50.0,25.0,,,50.0,25.0,50.0,,13.3438,11.5536,4.4401,3.2016,-5.985,-8.2803,75.0,,,,,,,
probe_d3_confirmed,试盘识别-三日确认,all_up_ratio_3d,全市场上涨占比,3,10,high,高水位,27.6328,54.9371,3,,,0.0,0.0,0.0,,,66.6667,66.6667,,,100.0,100.0,100.0,,6.6161,8.6253,-6.3414,-9.8225,-10.6183,-10.7692,100.0,,,,,,,
probe_d3_confirmed,试盘识别-三日确认,all_up_ratio_3d,全市场上涨占比,3,22,low,低水位,27.6328,54.9371,6,,,33.3333,0.0,0.0,,,83.3333,83.3333,,,83.3333,50.0,83.3333,,,,,,,,,5.5238,2.3797,-11.0579,-6.5209,-14.785,-39.0408,0.0
probe_d3_confirmed,试盘识别-三日确认,all_up_ratio_3d,全市场上涨占比,3,22,mid,中水位,27.6328,54.9371,4,,,50.0,50.0,25.0,,,50.0,50.0,,,75.0,25.0,50.0,,,,,,,,,13.3438,11.5536,-5.2817,-3.4509,-9.3399,-19.9575,25.0
probe_d3_confirmed,试盘识别-三日确认,all_up_ratio_3d,全市场上涨占比,3,22,high,高水位,27.6328,54.9371,3,,,33.3333,33.3333,33.3333,,,66.6667,33.3333,,,100.0,100.0,100.0,,,,,,,,,14.6858,8.8757,-8.5544,-3.6686,-23.6968,-40.1617,66.6667
stable_capital_callback,资金流回调稳健策略,all_up_ratio_3d,全市场上涨占比,3,5,low,低水位,27.6328,54.9371,24,6.3344,4.1724,25.0,12.5,8.3333,-3.6236,-4.5199,75.0,50.0,-7.4669,-14.7733,58.3333,54.1667,54.1667,50.0,,,,,,,,,,,,,,
stable_capital_callback,资金流回调稳健策略,all_up_ratio_3d,全市场上涨占比,3,5,mid,中水位,27.6328,54.9371,17,5.1348,3.0481,11.7647,11.7647,0.0,-2.0169,-1.1391,64.7059,41.1765,-7.4592,-21.2944,64.7059,35.2941,47.0588,100.0,,,,,,,,,,,,,,
stable_capital_callback,资金流回调稳健策略,all_up_ratio_3d,全市场上涨占比,3,5,high,高水位,27.6328,54.9371,34,9.5234,8.1506,29.4118,17.6471,11.7647,3.976,1.451,35.2941,14.7059,-4.077,-13.9524,32.3529,8.8235,17.6471,100.0,,,,,,,,,,,,,,
stable_capital_callback,资金流回调稳健策略,all_up_ratio_3d,全市场上涨占比,3,10,low,低水位,27.6328,54.9371,24,,,25.0,12.5,8.3333,,,70.8333,54.1667,,,66.6667,62.5,62.5,,7.0886,4.8788,-6.1403,-7.9056,-10.758,-21.9161,25.0,,,,,,,
stable_capital_callback,资金流回调稳健策略,all_up_ratio_3d,全市场上涨占比,3,10,mid,中水位,27.6328,54.9371,17,,,17.6471,11.7647,5.8824,,,64.7059,29.4118,,,70.5882,41.1765,41.1765,,6.7274,7.1338,-3.3237,-1.1769,-8.6727,-23.7996,64.7059,,,,,,,
stable_capital_callback,资金流回调稳健策略,all_up_ratio_3d,全市场上涨占比,3,10,high,高水位,27.6328,54.9371,34,,,61.7647,38.2353,29.4118,,,23.5294,14.7059,,,41.1765,17.6471,20.5882,,15.2873,11.92,7.7249,7.8802,-5.2924,-19.4762,91.1765,,,,,,,
stable_capital_callback,资金流回调稳健策略,all_up_ratio_3d,全市场上涨占比,3,22,low,低水位,27.6328,54.9371,24,,,29.1667,12.5,8.3333,,,70.8333,50.0,,,66.6667,62.5,62.5,,,,,,,,,7.336,5.0892,-6.3803,-6.7301,-10.758,-21.9161,0.0
stable_capital_callback,资金流回调稳健策略,all_up_ratio_3d,全市场上涨占比,3,22,mid,中水位,27.6328,54.9371,17,,,29.4118,17.6471,11.7647,,,70.5882,47.0588,,,76.4706,52.9412,52.9412,,,,,,,,,8.2811,7.7048,-4.2107,-3.3599,-11.0195,-29.2005,47.0588
stable_capital_callback,资金流回调稳健策略,all_up_ratio_3d,全市场上涨占比,3,22,high,高水位,27.6328,54.9371,34,,,73.5294,64.7059,44.1176,,,35.2941,26.4706,,,50.0,29.4118,32.3529,,,,,,,,,22.6587,18.0054,8.6417,10.9566,-7.4215,-29.7185,91.1765
trend_continuation_callback,趋势延续策略,all_up_ratio_3d,全市场上涨占比,3,5,low,低水位,27.6328,54.9371,1,9.6382,9.6382,0.0,0.0,0.0,1.1276,1.1276,0.0,0.0,-0.4216,-0.4216,0.0,0.0,0.0,100.0,,,,,,,,,,,,,,
trend_continuation_callback,趋势延续策略,all_up_ratio_3d,全市场上涨占比,3,5,mid,中水位,27.6328,54.9371,8,6.3766,3.0699,25.0,12.5,12.5,0.6292,-2.7995,62.5,37.5,-5.4987,-9.0106,62.5,37.5,37.5,100.0,,,,,,,,,,,,,,
trend_continuation_callback,趋势延续策略,all_up_ratio_3d,全市场上涨占比,3,5,high,高水位,27.6328,54.9371,4,11.6605,13.7041,75.0,50.0,0.0,-2.3945,-0.4433,50.0,25.0,-7.8178,-16.1071,50.0,50.0,50.0,100.0,,,,,,,,,,,,,,
trend_continuation_callback,趋势延续策略,all_up_ratio_3d,全市场上涨占比,3,10,low,低水位,27.6328,54.9371,1,,,0.0,0.0,0.0,,,100.0,0.0,,,0.0,0.0,0.0,,9.6382,9.6382,-0.3334,-0.3334,-1.4609,-1.4609,100.0,,,,,,,
trend_continuation_callback,趋势延续策略,all_up_ratio_3d,全市场上涨占比,3,10,mid,中水位,27.6328,54.9371,8,,,37.5,12.5,12.5,,,62.5,37.5,,,87.5,62.5,62.5,,10.5569,5.9127,0.6908,-2.6727,-8.3348,-13.7045,100.0,,,,,,,
trend_continuation_callback,趋势延续策略,all_up_ratio_3d,全市场上涨占比,3,10,high,高水位,27.6328,54.9371,4,,,100.0,100.0,25.0,,,50.0,25.0,,,50.0,50.0,50.0,,20.7449,18.9367,3.8937,6.8283,-11.0136,-26.91,100.0,,,,,,,
trend_continuation_callback,趋势延续策略,all_up_ratio_3d,全市场上涨占比,3,22,low,低水位,27.6328,54.9371,1,,,0.0,0.0,0.0,,,100.0,0.0,,,0.0,0.0,0.0,,,,,,,,,9.6382,9.6382,-0.451,-0.451,-4.4514,-4.4514,100.0
trend_continuation_callback,趋势延续策略,all_up_ratio_3d,全市场上涨占比,3,22,mid,中水位,27.6328,54.9371,8,,,50.0,37.5,37.5,,,75.0,50.0,,,87.5,87.5,87.5,,,,,,,,,21.9092,10.4422,2.3907,-4.5853,-13.427,-30.1927,100.0
trend_continuation_callback,趋势延续策略,all_up_ratio_3d,全市场上涨占比,3,22,high,高水位,27.6328,54.9371,4,,,100.0,100.0,50.0,,,50.0,50.0,,,75.0,75.0,75.0,,,,,,,,,36.2154,20.6467,7.038,2.624,-13.7597,-32.944,100.0
ALL,全部来源,all_up_ratio_5d,全市场上涨占比,5,5,low,低水位,26.4973,45.7568,97,6.8365,4.5129,20.6186,10.3093,7.2165,-2.8187,-3.9756,68.0412,42.268,-8.3345,-26.3636,64.9485,51.5464,54.6392,79.3814,,,,,,,,,,,,,,
ALL,全部来源,all_up_ratio_5d,全市场上涨占比,5,5,mid,中水位,26.4973,45.7568,94,8.981,6.9343,32.9787,18.0851,10.6383,-0.0333,-0.758,54.2553,31.9149,-6.7076,-23.3333,52.1277,34.0426,39.3617,93.617,,,,,,,,,,,,,,
ALL,全部来源,all_up_ratio_5d,全市场上涨占比,5,5,high,高水位,26.4973,45.7568,97,9.7738,6.5574,39.1753,24.7423,12.3711,2.6631,0.8105,47.4227,23.7113,-5.7761,-21.2944,49.4845,21.6495,27.8351,100.0,,,,,,,,,,,,,,
ALL,全部来源,all_up_ratio_5d,全市场上涨占比,5,10,low,低水位,26.4973,45.7568,97,,,30.9278,19.5876,11.3402,,,63.9175,49.4845,,,73.1959,60.8247,63.9175,,9.0127,6.0403,-4.341,-4.7018,-11.2639,-35.974,73.1959,,,,,,,
ALL,全部来源,all_up_ratio_5d,全市场上涨占比,5,10,mid,中水位,26.4973,45.7568,94,,,46.8085,31.9149,22.3404,,,52.1277,37.234,,,64.8936,47.8723,51.0638,,12.8923,8.7359,0.5402,-1.0169,-9.0992,-35.8333,63.8298,,,,,,,
ALL,全部来源,all_up_ratio_5d,全市场上涨占比,5,10,high,高水位,26.4973,45.7568,97,,,53.6082,37.1134,25.7732,,,46.3918,30.9278,,,62.8866,38.1443,41.2371,,14.6599,11.5425,3.3444,1.522,-7.9155,-27.7899,100.0,,,,,,,
ALL,全部来源,all_up_ratio_5d,全市场上涨占比,5,22,low,低水位,26.4973,45.7568,97,,,43.299,34.0206,24.7423,,,60.8247,43.299,,,75.2577,63.9175,64.9485,,,,,,,,,15.4966,8.3638,0.9897,-3.1367,-12.406,-39.0408,47.4227
ALL,全部来源,all_up_ratio_5d,全市场上涨占比,5,22,mid,中水位,26.4973,45.7568,94,,,58.5106,43.617,34.0426,,,55.3191,43.617,,,71.2766,54.2553,58.5106,,,,,,,,,17.581,11.9981,0.0677,-1.1918,-11.7116,-40.1617,52.1277
ALL,全部来源,all_up_ratio_5d,全市场上涨占比,5,22,high,高水位,26.4973,45.7568,97,,,63.9175,55.6701,46.3918,,,55.6701,39.1753,,,73.1959,59.7938,60.8247,,,,,,,,,22.7485,16.625,4.5583,-1.773,-11.211,-43.9855,93.8144
spark_opportunity_selector,星火机会模型,all_up_ratio_5d,全市场上涨占比,5,5,low,低水位,26.4973,45.7568,65,7.3568,4.5129,21.5385,12.3077,10.7692,-3.335,-4.2849,73.8462,41.5385,-9.2279,-26.3636,72.3077,56.9231,58.4615,87.6923,,,,,,,,,,,,,,
spark_opportunity_selector,星火机会模型,all_up_ratio_5d,全市场上涨占比,5,5,mid,中水位,26.4973,45.7568,52,10.0575,8.1075,40.3846,21.1538,9.6154,0.2887,-0.6027,51.9231,34.6154,-7.4006,-23.3333,53.8462,38.4615,42.3077,94.2308,,,,,,,,,,,,,,
spark_opportunity_selector,星火机会模型,all_up_ratio_5d,全市场上涨占比,5,5,high,高水位,26.4973,45.7568,70,10.175,7.2881,41.4286,25.7143,14.2857,2.9311,1.5869,45.7143,21.4286,-5.658,-19.3078,47.1429,21.4286,25.7143,100.0,,,,,,,,,,,,,,
spark_opportunity_selector,星火机会模型,all_up_ratio_5d,全市场上涨占比,5,10,low,低水位,26.4973,45.7568,65,,,30.7692,20.0,12.3077,,,67.6923,52.3077,,,84.6154,69.2308,72.3077,,9.7019,6.0403,-5.0753,-5.6045,-12.5471,-35.974,83.0769,,,,,,,
spark_opportunity_selector,星火机会模型,all_up_ratio_5d,全市场上涨占比,5,10,mid,中水位,26.4973,45.7568,52,,,51.9231,36.5385,25.0,,,55.7692,42.3077,,,67.3077,53.8462,55.7692,,14.2446,10.1807,0.344,-2.2408,-10.1278,-35.8333,69.2308,,,,,,,
spark_opportunity_selector,星火机会模型,all_up_ratio_5d,全市场上涨占比,5,10,high,高水位,26.4973,45.7568,70,,,54.2857,40.0,28.5714,,,42.8571,31.4286,,,60.0,37.1429,40.0,,14.9869,12.21,3.4438,2.5564,-7.768,-27.7899,100.0,,,,,,,
spark_opportunity_selector,星火机会模型,all_up_ratio_5d,全市场上涨占比,5,22,low,低水位,26.4973,45.7568,65,,,47.6923,38.4615,30.7692,,,60.0,43.0769,,,86.1538,73.8462,73.8462,,,,,,,,,18.2437,9.5394,2.7544,-3.194,-13.8489,-35.974,56.9231
spark_opportunity_selector,星火机会模型,all_up_ratio_5d,全市场上涨占比,5,22,mid,中水位,26.4973,45.7568,52,,,63.4615,48.0769,40.3846,,,55.7692,44.2308,,,73.0769,59.6154,63.4615,,,,,,,,,20.7393,14.3834,1.6083,-2.016,-12.3391,-39.7663,57.6923
spark_opportunity_selector,星火机会模型,all_up_ratio_5d,全市场上涨占比,5,22,high,高水位,26.4973,45.7568,70,,,64.2857,57.1429,48.5714,,,54.2857,38.5714,,,71.4286,58.5714,58.5714,,,,,,,,,22.1504,17.4297,3.9865,-1.2405,-11.2573,-43.9855,91.4286
probe_d3_confirmed,试盘识别-三日确认,all_up_ratio_5d,全市场上涨占比,5,5,low,低水位,26.4973,45.7568,5,4.2243,2.6268,20.0,0.0,0.0,-2.6451,-5.1839,60.0,60.0,-8.5767,-17.9796,60.0,40.0,60.0,40.0,,,,,,,,,,,,,,
probe_d3_confirmed,试盘识别-三日确认,all_up_ratio_5d,全市场上涨占比,5,5,mid,中水位,26.4973,45.7568,6,6.8143,5.8672,16.6667,0.0,0.0,-1.4392,1.346,50.0,33.3333,-7.238,-16.6667,66.6667,33.3333,50.0,100.0,,,,,,,,,,,,,,
probe_d3_confirmed,试盘识别-三日确认,all_up_ratio_5d,全市场上涨占比,5,5,high,高水位,26.4973,45.7568,2,4.7849,4.7849,0.0,0.0,0.0,-5.1452,-5.1452,100.0,50.0,-5.9533,-6.8177,100.0,0.0,50.0,100.0,,,,,,,,,,,,,,
probe_d3_confirmed,试盘识别-三日确认,all_up_ratio_5d,全市场上涨占比,5,10,low,低水位,26.4973,45.7568,5,,,40.0,20.0,0.0,,,60.0,60.0,,,60.0,40.0,60.0,,6.9874,2.6268,-3.2718,-5.1839,-10.2869,-26.5306,40.0,,,,,,,
probe_d3_confirmed,试盘识别-三日确认,all_up_ratio_5d,全市场上涨占比,5,10,mid,中水位,26.4973,45.7568,6,,,33.3333,16.6667,16.6667,,,83.3333,66.6667,,,83.3333,50.0,83.3333,,10.0344,7.3136,-4.8931,-6.8992,-9.8696,-21.4872,50.0,,,,,,,
probe_d3_confirmed,试盘识别-三日确认,all_up_ratio_5d,全市场上涨占比,5,10,high,高水位,26.4973,45.7568,2,,,0.0,0.0,0.0,,,50.0,50.0,,,100.0,100.0,100.0,,5.6116,5.6116,-4.3907,-4.3907,-10.6714,-10.7692,100.0,,,,,,,
probe_d3_confirmed,试盘识别-三日确认,all_up_ratio_5d,全市场上涨占比,5,22,low,低水位,26.4973,45.7568,5,,,40.0,20.0,0.0,,,60.0,60.0,,,60.0,40.0,60.0,,,,,,,,,6.9874,2.6268,-7.7364,-5.1839,-12.789,-39.0408,0.0
probe_d3_confirmed,试盘识别-三日确认,all_up_ratio_5d,全市场上涨占比,5,22,mid,中水位,26.4973,45.7568,6,,,33.3333,16.6667,16.6667,,,83.3333,83.3333,,,100.0,50.0,83.3333,,,,,,,,,10.0344,7.3136,-14.8257,-10.5634,-17.0478,-40.1617,16.6667
probe_d3_confirmed,试盘识别-三日确认,all_up_ratio_5d,全市场上涨占比,5,22,high,高水位,26.4973,45.7568,2,,,50.0,50.0,50.0,,,50.0,0.0,,,100.0,100.0,100.0,,,,,,,,,17.716,17.716,7.2492,7.2492,-15.4643,-20.355,100.0
stable_capital_callback,资金流回调稳健策略,all_up_ratio_5d,全市场上涨占比,5,5,low,低水位,26.4973,45.7568,26,5.9304,5.9597,19.2308,7.6923,0.0,-1.7132,-1.3617,57.6923,42.3077,-6.3586,-14.7733,50.0,42.3077,46.1538,65.3846,,,,,,,,,,,,,,
stable_capital_callback,资金流回调稳健策略,all_up_ratio_5d,全市场上涨占比,5,5,mid,中水位,26.4973,45.7568,31,7.4632,6.4782,22.5806,12.9032,12.9032,-0.0908,-0.4616,54.8387,25.8065,-5.3722,-13.984,45.1613,22.5806,29.0323,90.3226,,,,,,,,,,,,,,
stable_capital_callback,资金流回调稳健策略,all_up_ratio_5d,全市场上涨占比,5,5,high,高水位,26.4973,45.7568,18,9.8647,4.3259,33.3333,27.7778,11.1111,3.4049,0.181,50.0,27.7778,-6.265,-21.2944,50.0,22.2222,33.3333,100.0,,,,,,,,,,,,,,
stable_capital_callback,资金流回调稳健策略,all_up_ratio_5d,全市场上涨占比,5,10,low,低水位,26.4973,45.7568,26,,,30.7692,19.2308,11.5385,,,53.8462,42.3077,,,50.0,46.1538,46.1538,,7.655,6.1815,-2.8651,-1.3617,-8.621,-21.9161,53.8462,,,,,,,
stable_capital_callback,资金流回调稳健策略,all_up_ratio_5d,全市场上涨占比,5,10,mid,中水位,26.4973,45.7568,31,,,38.7097,22.5806,19.3548,,,38.7097,19.3548,,,54.8387,32.2581,32.2581,,10.4313,7.7048,2.1272,2.0892,-6.7773,-18.1512,51.6129,,,,,,,
stable_capital_callback,资金流回调稳健策略,all_up_ratio_5d,全市场上涨占比,5,10,high,高水位,26.4973,45.7568,18,,,55.5556,33.3333,22.2222,,,55.5556,33.3333,,,66.6667,33.3333,38.8889,,15.6588,11.3641,3.7404,-1.0339,-8.407,-23.7996,100.0,,,,,,,
stable_capital_callback,资金流回调稳健策略,all_up_ratio_5d,全市场上涨占比,5,22,low,低水位,26.4973,45.7568,26,,,34.6154,26.9231,15.3846,,,61.5385,42.3077,,,53.8462,46.1538,46.1538,,,,,,,,,10.4905,6.1815,-1.6887,-2.0885,-9.0309,-21.9161,30.7692
stable_capital_callback,资金流回调稳健策略,all_up_ratio_5d,全市场上涨占比,5,22,mid,中水位,26.4973,45.7568,31,,,54.8387,38.7097,25.8065,,,48.3871,32.2581,,,61.2903,41.9355,41.9355,,,,,,,,,12.9883,11.3307,0.8169,1.4778,-8.7037,-29.7185,41.9355
stable_capital_callback,资金流回调稳健策略,all_up_ratio_5d,全市场上涨占比,5,22,high,高水位,26.4973,45.7568,18,,,61.1111,50.0,38.8889,,,55.5556,44.4444,,,72.2222,50.0,55.5556,,,,,,,,,22.8804,16.6069,4.8715,-2.1075,-10.7353,-29.2005,100.0
trend_continuation_callback,趋势延续策略,all_up_ratio_5d,全市场上涨占比,5,5,low,低水位,26.4973,45.7568,1,9.6382,9.6382,0.0,0.0,0.0,1.1276,1.1276,0.0,0.0,-0.4216,-0.4216,0.0,0.0,0.0,100.0,,,,,,,,,,,,,,
trend_continuation_callback,趋势延续策略,all_up_ratio_5d,全市场上涨占比,5,5,mid,中水位,26.4973,45.7568,5,9.7965,5.4247,40.0,40.0,20.0,-1.3379,-3.758,80.0,40.0,-7.1437,-16.1071,60.0,60.0,60.0,100.0,,,,,,,,,,,,,,
trend_continuation_callback,趋势延续策略,all_up_ratio_5d,全市场上涨占比,5,5,high,高水位,26.4973,45.7568,7,6.9532,3.3679,42.8571,14.2857,0.0,0.3064,2.5586,42.8571,28.5714,-5.6489,-9.0106,57.1429,28.5714,28.5714,100.0,,,,,,,,,,,,,,
trend_continuation_callback,趋势延续策略,all_up_ratio_5d,全市场上涨占比,5,10,low,低水位,26.4973,45.7568,1,,,0.0,0.0,0.0,,,100.0,0.0,,,0.0,0.0,0.0,,9.6382,9.6382,-0.3334,-0.3334,-1.4609,-1.4609,100.0,,,,,,,
trend_continuation_callback,趋势延续策略,all_up_ratio_5d,全市场上涨占比,5,10,mid,中水位,26.4973,45.7568,5,,,60.0,60.0,20.0,,,60.0,60.0,,,80.0,80.0,80.0,,17.5167,17.9562,-0.739,-10.0287,-11.8725,-26.91,100.0,,,,,,,
trend_continuation_callback,趋势延续策略,all_up_ratio_5d,全市场上涨占比,5,10,high,高水位,26.4973,45.7568,7,,,57.1429,28.5714,14.2857,,,57.1429,14.2857,,,71.4286,42.8571,42.8571,,11.4073,10.8808,3.5424,-1.6873,-7.3386,-11.1023,100.0,,,,,,,
trend_continuation_callback,趋势延续策略,all_up_ratio_5d,全市场上涨占比,5,22,low,低水位,26.4973,45.7568,1,,,0.0,0.0,0.0,,,100.0,0.0,,,0.0,0.0,0.0,,,,,,,,,9.6382,9.6382,-0.451,-0.451,-4.4514,-4.4514,100.0
trend_continuation_callback,趋势延续策略,all_up_ratio_5d,全市场上涨占比,5,22,mid,中水位,26.4973,45.7568,5,,,60.0,60.0,40.0,,,60.0,60.0,,,80.0,80.0,80.0,,,,,,,,,22.266,17.9562,-2.7273,-12.3209,-17.4314,-32.944,100.0
trend_continuation_callback,趋势延续策略,all_up_ratio_5d,全市场上涨占比,5,22,high,高水位,26.4973,45.7568,7,,,71.4286,57.1429,42.8571,,,71.4286,42.8571,,,85.7143,85.7143,85.7143,,,,,,,,,29.8293,16.5347,8.7021,-3.6269,-10.7568,-19.9048,100.0
ALL,全部来源,all_up_ratio_10d,全市场上涨占比,10,5,low,低水位,20.7037,47.8316,100,7.5415,5.8194,25.0,13.0,8.0,-1.304,-1.9062,60.0,33.0,-6.5505,-18.8571,53.0,35.0,40.0,80.0,,,,,,,,,,,,,,
ALL,全部来源,all_up_ratio_10d,全市场上涨占比,10,5,mid,中水位,20.7037,47.8316,87,8.0791,6.1856,26.4368,13.7931,9.1954,-1.8249,-3.1778,64.3678,40.2299,-8.3474,-24.7261,65.5172,47.1264,50.5747,93.1034,,,,,,,,,,,,,,
ALL,全部来源,all_up_ratio_10d,全市场上涨占比,10,5,high,高水位,20.7037,47.8316,101,9.885,7.0131,40.5941,25.7426,12.8713,2.6826,1.1752,46.5347,25.7426,-6.1185,-26.3636,49.505,26.7327,32.6733,100.0,,,,,,,,,,,,,,
ALL,全部来源,all_up_ratio_10d,全市场上涨占比,10,10,low,低水位,20.7037,47.8316,100,,,36.0,20.0,11.0,,,56.0,36.0,,,61.0,42.0,46.0,,9.6409,7.692,-1.6159,-1.9705,-8.625,-26.91,53.0,,,,,,,
ALL,全部来源,all_up_ratio_10d,全市场上涨占比,10,10,mid,中水位,20.7037,47.8316,87,,,40.2299,27.5862,18.3908,,,65.5172,49.4253,,,75.8621,63.2184,65.5172,,11.7512,8.4824,-2.2562,-4.7018,-11.2777,-35.8333,86.2069,,,,,,,
ALL,全部来源,all_up_ratio_10d,全市场上涨占比,10,10,high,高水位,20.7037,47.8316,101,,,54.4554,40.5941,29.703,,,42.5743,33.6634,,,65.3465,43.5644,46.5347,,15.0662,11.5625,3.0889,1.8795,-8.6344,-35.974,99.0099,,,,,,,
ALL,全部来源,all_up_ratio_10d,全市场上涨占比,10,22,low,低水位,20.7037,47.8316,100,,,51.0,38.0,28.0,,,54.0,38.0,,,67.0,48.0,52.0,,,,,,,,,16.1257,10.034,3.4157,-1.5747,-9.3261,-32.944,47.0
ALL,全部来源,all_up_ratio_10d,全市场上涨占比,10,22,mid,中水位,20.7037,47.8316,87,,,50.5747,40.2299,31.0345,,,58.6207,48.2759,,,81.6092,73.5632,73.5632,,,,,,,,,16.1541,10.3578,-1.1986,-4.5322,-13.6647,-40.1617,59.7701
ALL,全部来源,all_up_ratio_10d,全市场上涨占比,10,22,high,高水位,20.7037,47.8316,101,,,63.3663,54.4554,45.5446,,,59.4059,40.5941,,,72.2772,58.4158,60.396,,,,,,,,,23.2121,16.0293,3.0419,-1.4968,-12.5773,-43.9855,86.1386
spark_opportunity_selector,星火机会模型,all_up_ratio_10d,全市场上涨占比,10,5,low,低水位,20.7037,47.8316,51,8.6822,6.0557,29.4118,17.6471,13.7255,-0.8311,-1.9091,60.7843,35.2941,-7.2373,-18.8571,58.8235,39.2157,43.1373,82.3529,,,,,,,,,,,,,,
spark_opportunity_selector,星火机会模型,all_up_ratio_10d,全市场上涨占比,10,5,mid,中水位,20.7037,47.8316,62,7.4875,6.044,25.8065,11.2903,4.8387,-3.3462,-3.777,70.9677,41.9355,-8.9566,-24.7261,70.9677,51.6129,54.8387,96.7742,,,,,,,,,,,,,,
spark_opportunity_selector,星火机会模型,all_up_ratio_10d,全市场上涨占比,10,5,high,高水位,20.7037,47.8316,74,10.8975,8.7519,44.5946,28.3784,16.2162,3.4225,2.1429,43.2432,21.6216,-6.1662,-26.3636,45.9459,27.027,29.7297,100.0,,,,,,,,,,,,,,
spark_opportunity_selector,星火机会模型,all_up_ratio_10d,全市场上涨占比,10,10,low,低水位,20.7037,47.8316,51,,,33.3333,23.5294,15.6863,,,58.8235,37.2549,,,70.5882,50.9804,52.9412,,10.8034,7.563,-1.6158,-2.84,-9.4549,-24.1143,58.8235,,,,,,,
spark_opportunity_selector,星火机会模型,all_up_ratio_10d,全市场上涨占比,10,10,mid,中水位,20.7037,47.8316,62,,,38.7097,24.1935,14.5161,,,70.9677,54.8387,,,82.2581,67.7419,70.9677,,10.5653,6.7172,-4.0342,-6.7547,-12.426,-35.8333,91.9355,,,,,,,
spark_opportunity_selector,星火机会模型,all_up_ratio_10d,全市场上涨占比,10,10,high,高水位,20.7037,47.8316,74,,,59.4595,44.5946,32.4324,,,39.1892,33.7838,,,60.8108,41.8919,44.5946,,16.4109,12.9223,3.5349,4.7912,-8.5588,-35.974,98.6486,,,,,,,
spark_opportunity_selector,星火机会模型,all_up_ratio_10d,全市场上涨占比,10,22,low,低水位,20.7037,47.8316,51,,,54.902,43.1373,39.2157,,,49.0196,35.2941,,,74.5098,54.902,56.8627,,,,,,,,,20.485,10.7235,7.226,0.5963,-10.0131,-24.1143,52.9412
spark_opportunity_selector,星火机会模型,all_up_ratio_10d,全市场上涨占比,10,22,mid,中水位,20.7037,47.8316,62,,,50.0,38.7097,29.0323,,,61.2903,51.6129,,,87.0968,79.0323,79.0323,,,,,,,,,15.2567,10.1453,-1.7228,-6.9452,-14.4798,-39.7663,69.3548
spark_opportunity_selector,星火机会模型,all_up_ratio_10d,全市场上涨占比,10,22,high,高水位,20.7037,47.8316,74,,,67.5676,59.4595,50.0,,,58.1081,37.8378,,,70.2703,58.1081,59.4595,,,,,,,,,24.6508,19.1769,3.784,-1.1273,-12.4514,-43.9855,82.4324
probe_d3_confirmed,试盘识别-三日确认,all_up_ratio_10d,全市场上涨占比,10,5,low,低水位,20.7037,47.8316,5,6.8437,5.2147,40.0,0.0,0.0,-3.2905,-5.5215,80.0,60.0,-7.5864,-16.6667,60.0,20.0,60.0,60.0,,,,,,,,,,,,,,
probe_d3_confirmed,试盘识别-三日确认,all_up_ratio_10d,全市场上涨占比,10,5,mid,中水位,20.7037,47.8316,4,4.9808,4.6457,0.0,0.0,0.0,1.3391,2.5747,25.0,25.0,-5.53,-10.6773,50.0,25.0,25.0,75.0,,,,,,,,,,,,,,
probe_d3_confirmed,试盘识别-三日确认,all_up_ratio_10d,全市场上涨占比,10,5,high,高水位,20.7037,47.8316,4,4.3587,3.9326,0.0,0.0,0.0,-5.2637,-5.1452,75.0,50.0,-9.5416,-17.9796,100.0,50.0,75.0,100.0,,,,,,,,,,,,,,
probe_d3_confirmed,试盘识别-三日确认,all_up_ratio_10d,全市场上涨占比,10,10,low,低水位,20.7037,47.8316,5,,,40.0,0.0,0.0,,,80.0,80.0,,,80.0,20.0,80.0,,6.8437,5.2147,-5.9294,-6.8966,-9.3935,-21.4872,0.0,,,,,,,
probe_d3_confirmed,试盘识别-三日确认,all_up_ratio_10d,全市场上涨占比,10,10,mid,中水位,20.7037,47.8316,4,,,25.0,25.0,0.0,,,75.0,50.0,,,50.0,50.0,50.0,,8.4348,7.3136,-2.2558,-3.9957,-7.2184,-10.6773,75.0,,,,,,,
probe_d3_confirmed,试盘识别-三日确认,all_up_ratio_10d,全市场上涨占比,10,10,high,高水位,20.7037,47.8316,4,,,25.0,25.0,25.0,,,50.0,50.0,,,100.0,100.0,100.0,,9.6022,5.6116,-3.9571,-4.3907,-14.0384,-26.5306,100.0,,,,,,,
probe_d3_confirmed,试盘识别-三日确认,all_up_ratio_10d,全市场上涨占比,10,22,low,低水位,20.7037,47.8316,5,,,40.0,0.0,0.0,,,80.0,80.0,,,80.0,20.0,80.0,,,,,,,,,6.8437,5.2147,-5.9294,-6.8966,-9.3935,-21.4872,0.0
probe_d3_confirmed,试盘识别-三日确认,all_up_ratio_10d,全市场上涨占比,10,22,mid,中水位,20.7037,47.8316,4,,,25.0,25.0,0.0,,,50.0,50.0,,,75.0,50.0,50.0,,,,,,,,,8.4348,7.3136,-11.3364,-2.592,-15.0664,-40.1617,0.0
probe_d3_confirmed,试盘识别-三日确认,all_up_ratio_10d,全市场上涨占比,10,22,high,高水位,20.7037,47.8316,4,,,50.0,50.0,50.0,,,75.0,50.0,,,100.0,100.0,100.0,,,,,,,,,15.6545,16.9644,-9.5363,-8.9468,-22.4817,-39.0408,75.0
stable_capital_callback,资金流回调稳健策略,all_up_ratio_10d,全市场上涨占比,10,5,low,低水位,20.7037,47.8316,41,5.8871,5.0822,14.6341,4.878,2.439,-1.3309,-1.0471,56.0976,26.8293,-5.3819,-12.3711,43.9024,29.2683,31.7073,78.0488,,,,,,,,,,,,,,
stable_capital_callback,资金流回调稳健策略,all_up_ratio_10d,全市场上涨占比,10,5,mid,中水位,20.7037,47.8316,17,10.6561,8.4824,35.2941,23.5294,23.5294,1.8859,-0.4616,52.9412,41.1765,-7.7842,-21.2944,52.9412,41.1765,47.0588,82.3529,,,,,,,,,,,,,,
stable_capital_callback,资金流回调稳健策略,all_up_ratio_10d,全市场上涨占比,10,5,high,高水位,20.7037,47.8316,17,8.2701,3.682,35.2941,29.4118,5.8824,2.1433,-0.1015,52.9412,35.2941,-5.3906,-13.9524,52.9412,17.6471,35.2941,100.0,,,,,,,,,,,,,,
stable_capital_callback,资金流回调稳健策略,all_up_ratio_10d,全市场上涨占比,10,10,low,低水位,20.7037,47.8316,41,,,34.1463,12.1951,7.3171,,,48.7805,29.2683,,,46.3415,31.7073,31.7073,,7.9144,7.6847,-0.93,0.1783,-7.1509,-21.9161,48.7805,,,,,,,
stable_capital_callback,资金流回调稳健策略,all_up_ratio_10d,全市场上涨占比,10,10,mid,中水位,20.7037,47.8316,17,,,47.0588,41.1765,35.2941,,,47.0588,41.1765,,,64.7059,58.8235,58.8235,,15.5692,8.4824,1.6005,0.4373,-9.6689,-23.7996,64.7059,,,,,,,
stable_capital_callback,资金流回调稳健策略,all_up_ratio_10d,全市场上涨占比,10,10,high,高水位,20.7037,47.8316,17,,,47.0588,35.2941,23.5294,,,47.0588,23.5294,,,70.5882,29.4118,35.2941,,12.6524,8.3638,4.0998,1.522,-7.53,-19.4762,100.0,,,,,,,
stable_capital_callback,资金流回调稳健策略,all_up_ratio_10d,全市场上涨占比,10,22,low,低水位,20.7037,47.8316,41,,,43.9024,31.7073,17.0732,,,56.0976,34.1463,,,53.6585,39.0244,39.0244,,,,,,,,,11.6046,7.7048,0.6296,-1.1391,-7.8986,-21.9161,41.4634
stable_capital_callback,资金流回调稳健策略,all_up_ratio_10d,全市场上涨占比,10,22,mid,中水位,20.7037,47.8316,17,,,52.9412,41.1765,35.2941,,,52.9412,47.0588,,,70.5882,64.7059,64.7059,,,,,,,,,16.1143,11.4726,-2.3022,-4.2068,-12.2506,-29.7185,29.4118
stable_capital_callback,资金流回调稳健策略,all_up_ratio_10d,全市场上涨占比,10,22,high,高水位,20.7037,47.8316,17,,,58.8235,47.0588,35.2941,,,52.9412,41.1765,,,70.5882,41.1765,47.0588,,,,,,,,,19.8533,12.3846,4.8489,-0.1421,-9.7501,-29.2005,100.0
trend_continuation_callback,趋势延续策略,all_up_ratio_10d,全市场上涨占比,10,5,low,低水位,20.7037,47.8316,3,11.9229,16.5347,66.6667,66.6667,0.0,-5.6646,-3.758,66.6667,33.3333,-9.1196,-16.1071,66.6667,66.6667,66.6667,100.0,,,,,,,,,,,,,,
trend_continuation_callback,趋势延续策略,all_up_ratio_10d,全市场上涨占比,10,5,mid,中水位,20.7037,47.8316,4,9.3941,6.503,25.0,25.0,25.0,2.8214,-1.3792,50.0,25.0,-4.1145,-8.2115,50.0,25.0,25.0,100.0,,,,,,,,,,,,,,
trend_continuation_callback,趋势延续策略,all_up_ratio_10d,全市场上涨占比,10,5,high,高水位,20.7037,47.8316,6,5.658,4.0983,33.3333,0.0,0.0,0.3818,0.4228,50.0,33.3333,-5.311,-9.0106,50.0,33.3333,33.3333,100.0,,,,,,,,,,,,,,
trend_continuation_callback,趋势延续策略,all_up_ratio_10d,全市场上涨占比,10,10,low,低水位,20.7037,47.8316,3,,,100.0,100.0,0.0,,,66.6667,33.3333,,,66.6667,66.6667,66.6667,,18.1361,17.9562,-3.8014,-2.2772,-13.3806,-26.91,100.0,,,,,,,
trend_continuation_callback,趋势延续策略,all_up_ratio_10d,全市场上涨占比,10,10,mid,中水位,20.7037,47.8316,4,,,50.0,25.0,25.0,,,50.0,0.0,,,50.0,25.0,25.0,,17.2215,10.2595,8.9102,4.367,-4.3743,-8.2115,100.0,,,,,,,
trend_continuation_callback,趋势延续策略,all_up_ratio_10d,全市场上涨占比,10,10,high,高水位,20.7037,47.8316,6,,,33.3333,16.6667,16.6667,,,66.6667,50.0,,,83.3333,66.6667,66.6667,,8.9632,5.1648,-0.5781,-4.9219,-9.0924,-13.7045,100.0,,,,,,,
trend_continuation_callback,趋势延续策略,all_up_ratio_10d,全市场上涨占比,10,22,low,低水位,20.7037,47.8316,3,,,100.0,100.0,33.3333,,,66.6667,66.6667,,,100.0,100.0,100.0,,,,,,,,,19.276,17.9562,-7.7072,-6.1386,-17.0421,-32.944,100.0
trend_continuation_callback,趋势延续策略,all_up_ratio_10d,全市场上涨占比,10,22,mid,中水位,20.7037,47.8316,4,,,75.0,75.0,75.0,,,50.0,0.0,,,50.0,50.0,50.0,,,,,,,,,37.9516,39.8308,21.7543,21.8124,-5.64,-9.8446,100.0
trend_continuation_callback,趋势延续策略,all_up_ratio_10d,全市场上涨占比,10,22,high,高水位,20.7037,47.8316,6,,,33.3333,16.6667,16.6667,,,83.3333,66.6667,,,83.3333,83.3333,83.3333,,,,,,,,,20.0231,7.2347,-2.8447,-8.9323,-15.5367,-30.1927,100.0
ALL,全部来源,all_up_ratio_20d,全市场上涨占比,20,5,low,低水位,23.3595,38.9081,101,7.6171,5.9621,25.7426,11.8812,6.9307,0.357,-0.1687,51.4851,25.7426,-5.4853,-16.1071,45.5446,25.7426,31.6832,74.2574,,,,,,,,,,,,,,
ALL,全部来源,all_up_ratio_20d,全市场上涨占比,20,5,mid,中水位,23.3595,38.9081,86,7.9973,5.8878,29.0698,16.2791,10.4651,-2.1492,-2.4697,63.9535,38.3721,-8.6191,-24.7261,63.9535,50.0,52.3256,100.0,,,,,,,,,,,,,,
ALL,全部来源,all_up_ratio_20d,全市场上涨占比,20,5,high,高水位,23.3595,38.9081,101,9.8843,6.2097,37.6238,24.7525,12.8713,1.2926,-0.4484,55.4455,34.6535,-6.97,-26.3636,58.4158,33.6634,39.604,100.0,,,,,,,,,,,,,,
ALL,全部来源,all_up_ratio_20d,全市场上涨占比,20,10,low,低水位,23.3595,38.9081,101,,,42.5743,26.7327,17.8218,,,42.5743,26.7327,,,51.4851,35.6436,38.6139,,11.2967,8.1818,2.9584,1.0638,-6.7184,-26.91,68.3168,,,,,,,
ALL,全部来源,all_up_ratio_20d,全市场上涨占比,20,10,mid,中水位,23.3595,38.9081,86,,,40.6977,25.5814,17.4419,,,66.2791,52.3256,,,77.907,60.4651,63.9535,,10.9808,8.5366,-4.0196,-5.4571,-11.7597,-35.8333,67.4419,,,,,,,
ALL,全部来源,all_up_ratio_20d,全市场上涨占比,20,10,high,高水位,23.3595,38.9081,101,,,47.5248,35.6436,23.7624,,,55.4455,40.5941,,,73.2673,52.4752,55.4455,,14.0872,9.8219,0.0098,-1.6873,-10.1567,-35.974,100.0,,,,,,,
ALL,全部来源,all_up_ratio_20d,全市场上涨占比,20,22,low,低水位,23.3595,38.9081,101,,,58.4158,47.5248,38.6139,,,41.5842,26.7327,,,56.4356,40.5941,42.5743,,,,,,,,,20.6948,12.3288,8.3166,2.3934,-8.1429,-40.1617,67.3267
ALL,全部来源,all_up_ratio_20d,全市场上涨占比,20,22,mid,中水位,23.3595,38.9081,86,,,47.6744,33.7209,25.5814,,,67.4419,52.3256,,,82.5581,69.7674,72.093,,,,,,,,,15.0678,9.3323,-1.1112,-6.3528,-12.9498,-35.8333,41.8605
ALL,全部来源,all_up_ratio_20d,全市场上涨占比,20,22,high,高水位,23.3595,38.9081,101,,,58.4158,50.495,39.604,,,64.3564,48.5149,,,82.1782,69.3069,71.2871,,,,,,,,,19.5682,15.0538,-1.9791,-4.1123,-14.4122,-43.9855,81.1881
spark_opportunity_selector,星火机会模型,all_up_ratio_20d,全市场上涨占比,20,5,low,低水位,23.3595,38.9081,53,8.4762,6.1055,32.0755,16.9811,11.3208,0.03,-1.0818,56.6038,32.0755,-6.089,-15.8621,54.717,32.0755,37.7358,79.2453,,,,,,,,,,,,,,
spark_opportunity_selector,星火机会模型,all_up_ratio_20d,全市场上涨占比,20,5,mid,中水位,23.3595,38.9081,56,7.8881,5.8878,25.0,12.5,8.9286,-2.2686,-1.6741,62.5,32.1429,-9.1659,-24.7261,62.5,51.7857,51.7857,100.0,,,,,,,,,,,,,,
spark_opportunity_selector,星火机会模型,all_up_ratio_20d,全市场上涨占比,20,5,high,高水位,23.3595,38.9081,78,10.5444,7.5043,42.3077,26.9231,14.1026,1.6521,-0.3172,53.8462,32.0513,-6.9833,-26.3636,56.4103,33.3333,37.1795,100.0,,,,,,,,,,,,,,
spark_opportunity_selector,星火机会模型,all_up_ratio_20d,全市场上涨占比,20,10,low,低水位,23.3595,38.9081,53,,,43.3962,32.0755,20.7547,,,45.283,32.0755,,,60.3774,43.3962,45.283,,12.2133,8.209,2.7574,0.6533,-7.6223,-21.6533,73.5849,,,,,,,
spark_opportunity_selector,星火机会模型,all_up_ratio_20d,全市场上涨占比,20,10,mid,中水位,23.3595,38.9081,56,,,41.0714,25.0,17.8571,,,64.2857,48.2143,,,78.5714,62.5,64.2857,,11.5467,8.7647,-3.5718,-4.6077,-12.0835,-35.8333,76.7857,,,,,,,
spark_opportunity_selector,星火机会模型,all_up_ratio_20d,全市场上涨占比,20,10,high,高水位,23.3595,38.9081,78,,,50.0,37.1795,25.641,,,55.1282,43.5897,,,71.7949,52.5641,56.4103,,14.4424,10.1519,-0.2188,-1.4328,-10.3244,-35.974,100.0,,,,,,,
spark_opportunity_selector,星火机会模型,all_up_ratio_20d,全市场上涨占比,20,22,low,低水位,23.3595,38.9081,53,,,66.0377,56.6038,50.9434,,,33.9623,22.6415,,,62.2642,43.3962,45.283,,,,,,,,,24.9299,20.8606,12.9353,8.8642,-8.0418,-21.6533,73.5849
spark_opportunity_selector,星火机会模型,all_up_ratio_20d,全市场上涨占比,20,22,mid,中水位,23.3595,38.9081,56,,,50.0,35.7143,28.5714,,,64.2857,50.0,,,83.9286,75.0,75.0,,,,,,,,,17.4198,10.0113,0.9374,-5.4647,-13.6887,-35.8333,53.5714
spark_opportunity_selector,星火机会模型,all_up_ratio_20d,全市场上涨占比,20,22,high,高水位,23.3595,38.9081,78,,,58.9744,51.2821,41.0256,,,66.6667,48.7179,,,82.0513,70.5128,71.7949,,,,,,,,,19.4618,15.168,-2.5172,-4.1691,-14.5775,-43.9855,79.4872
probe_d3_confirmed,试盘识别-三日确认,all_up_ratio_20d,全市场上涨占比,20,5,low,低水位,23.3595,38.9081,4,6.0811,5.626,25.0,0.0,0.0,1.2818,0.1034,50.0,50.0,-6.9387,-10.6773,75.0,25.0,50.0,25.0,,,,,,,,,,,,,,
probe_d3_confirmed,试盘识别-三日确认,all_up_ratio_20d,全市场上涨占比,20,5,mid,中水位,23.3595,38.9081,3,6.842,5.2147,33.3333,0.0,0.0,-7.1244,-5.5215,100.0,66.6667,-9.1079,-16.6667,66.6667,33.3333,66.6667,100.0,,,,,,,,,,,,,,
probe_d3_confirmed,试盘识别-三日确认,all_up_ratio_20d,全市场上涨占比,20,5,high,高水位,23.3595,38.9081,6,4.4544,4.511,0.0,0.0,0.0,-2.6509,-1.5184,50.0,33.3333,-7.19,-17.9796,66.6667,33.3333,50.0,100.0,,,,,,,,,,,,,,
probe_d3_confirmed,试盘识别-三日确认,all_up_ratio_20d,全市场上涨占比,20,10,low,低水位,23.3595,38.9081,4,,,25.0,0.0,0.0,,,75.0,75.0,,,75.0,50.0,75.0,,6.0811,5.626,-2.6265,-5.6646,-7.9494,-10.6773,25.0,,,,,,,
probe_d3_confirmed,试盘识别-三日确认,all_up_ratio_20d,全市场上涨占比,20,10,mid,中水位,23.3595,38.9081,3,,,33.3333,0.0,0.0,,,100.0,100.0,,,100.0,33.3333,100.0,,6.842,5.2147,-11.5225,-6.9018,-12.1198,-21.4872,0.0,,,,,,,
probe_d3_confirmed,试盘识别-三日确认,all_up_ratio_20d,全市场上涨占比,20,10,high,高水位,23.3595,38.9081,6,,,33.3333,33.3333,16.6667,,,50.0,33.3333,,,66.6667,66.6667,66.6667,,10.2527,7.4388,-1.5709,-0.8832,-10.6397,-26.5306,100.0,,,,,,,
probe_d3_confirmed,试盘识别-三日确认,all_up_ratio_20d,全市场上涨占比,20,22,low,低水位,23.3595,38.9081,4,,,25.0,0.0,0.0,,,75.0,75.0,,,75.0,50.0,75.0,,,,,,,,,6.0811,5.626,-10.1063,-5.6646,-15.3619,-40.1617,0.0
probe_d3_confirmed,试盘识别-三日确认,all_up_ratio_20d,全市场上涨占比,20,22,mid,中水位,23.3595,38.9081,3,,,33.3333,0.0,0.0,,,100.0,100.0,,,100.0,33.3333,100.0,,,,,,,,,6.842,5.2147,-11.5225,-6.9018,-12.1198,-21.4872,0.0
probe_d3_confirmed,试盘识别-三日确认,all_up_ratio_20d,全市场上涨占比,20,22,high,高水位,23.3595,38.9081,6,,,50.0,50.0,33.3333,,,50.0,33.3333,,,83.3333,66.6667,66.6667,,,,,,,,,14.2875,12.9905,-6.3575,-1.8343,-16.5589,-39.0408,50.0
stable_capital_callback,资金流回调稳健策略,all_up_ratio_20d,全市场上涨占比,20,5,low,低水位,23.3595,38.9081,39,6.4788,5.9574,12.8205,5.1282,2.5641,1.0701,0.8105,43.5897,12.8205,-4.203,-14.7733,28.2051,12.8205,17.9487,69.2308,,,,,,,,,,,,,,
stable_capital_callback,资金流回调稳健策略,all_up_ratio_20d,全市场上涨占比,20,5,mid,中水位,23.3595,38.9081,25,7.9734,5.0822,36.0,24.0,16.0,-1.6167,-5.2565,68.0,52.0,-7.8935,-13.984,72.0,52.0,56.0,100.0,,,,,,,,,,,,,,
stable_capital_callback,资金流回调稳健策略,all_up_ratio_20d,全市场上涨占比,20,5,high,高水位,23.3595,38.9081,11,10.1004,1.3964,36.3636,27.2727,9.0909,1.1463,-5.2999,63.6364,54.5455,-7.5797,-21.2944,63.6364,36.3636,54.5455,100.0,,,,,,,,,,,,,,
stable_capital_callback,资金流回调稳健策略,all_up_ratio_20d,全市场上涨占比,20,10,low,低水位,23.3595,38.9081,39,,,38.4615,17.9487,15.3846,,,33.3333,12.8205,,,33.3333,17.9487,20.5128,,9.9977,7.7048,3.9783,2.1279,-4.6795,-14.7733,61.5385,,,,,,,
stable_capital_callback,资金流回调稳健策略,all_up_ratio_20d,全市场上涨占比,20,10,mid,中水位,23.3595,38.9081,25,,,40.0,28.0,20.0,,,64.0,60.0,,,80.0,64.0,64.0,,10.0414,7.7048,-4.3395,-9.3206,-11.6794,-21.9161,52.0,,,,,,,
stable_capital_callback,资金流回调稳健策略,all_up_ratio_20d,全市场上涨占比,20,10,high,高水位,23.3595,38.9081,11,,,45.4545,36.3636,18.1818,,,63.6364,27.2727,,,81.8182,45.4545,45.4545,,14.8467,3.4615,1.101,-2.3904,-10.0987,-23.7996,100.0,,,,,,,
stable_capital_callback,资金流回调稳健策略,all_up_ratio_20d,全市场上涨占比,20,22,low,低水位,23.3595,38.9081,39,,,48.7179,38.4615,25.641,,,46.1538,25.641,,,43.5897,30.7692,30.7692,,,,,,,,,15.2655,8.4824,4.6822,1.0638,-6.6577,-29.7185,61.5385
stable_capital_callback,资金流回调稳健策略,all_up_ratio_20d,全市场上涨占比,20,22,mid,中水位,23.3595,38.9081,25,,,44.0,32.0,24.0,,,68.0,52.0,,,80.0,64.0,64.0,,,,,,,,,10.9451,8.3638,-4.2761,-9.3206,-11.8602,-21.9161,16.0
stable_capital_callback,资金流回调稳健策略,all_up_ratio_20d,全市场上涨占比,20,22,high,高水位,23.3595,38.9081,11,,,63.6364,45.4545,27.2727,,,54.5455,54.5455,,,81.8182,54.5455,63.6364,,,,,,,,,19.8415,12.3846,-0.5998,-5.2047,-12.8817,-29.2005,100.0
trend_continuation_callback,趋势延续策略,all_up_ratio_20d,全市场上涨占比,20,5,low,低水位,23.3595,38.9081,5,8.6189,10.8735,60.0,20.0,0.0,-2.4805,-3.758,60.0,40.0,-7.9262,-16.1071,60.0,60.0,60.0,100.0,,,,,,,,,,,,,,
trend_continuation_callback,趋势延续策略,all_up_ratio_20d,全市场上涨占比,20,5,mid,中水位,23.3595,38.9081,2,13.0864,13.0864,50.0,50.0,0.0,1.9994,1.9994,0.0,0.0,-1.6465,-2.8713,0.0,0.0,0.0,100.0,,,,,,,,,,,,,,
trend_continuation_callback,趋势延续策略,all_up_ratio_20d,全市场上涨占比,20,5,high,高水位,23.3595,38.9081,6,6.3376,3.0699,16.6667,16.6667,16.6667,0.8311,-2.7995,66.6667,33.3333,-5.4598,-8.2521,66.6667,33.3333,33.3333,100.0,,,,,,,,,,,,,,
trend_continuation_callback,趋势延续策略,all_up_ratio_20d,全市场上涨占比,20,10,low,低水位,23.3595,38.9081,5,,,80.0,60.0,20.0,,,60.0,40.0,,,80.0,80.0,80.0,,15.8864,17.9562,1.6017,-3.6582,-12.0563,-26.91,100.0,,,,,,,
trend_continuation_callback,趋势延续策略,all_up_ratio_20d,全市场上涨占比,20,10,mid,中水位,23.3595,38.9081,2,,,50.0,50.0,0.0,,,100.0,0.0,,,0.0,0.0,0.0,,13.0864,13.0864,-1.3053,-1.3053,-3.1562,-4.8515,100.0,,,,,,,
trend_continuation_callback,趋势延续策略,all_up_ratio_20d,全市场上涨占比,20,10,high,高水位,23.3595,38.9081,6,,,33.3333,16.6667,16.6667,,,50.0,33.3333,,,83.3333,50.0,50.0,,11.9114,5.9127,2.5617,0.4357,-7.5999,-13.7045,100.0,,,,,,,
trend_continuation_callback,趋势延续策略,all_up_ratio_20d,全市场上涨占比,20,22,low,低水位,23.3595,38.9081,5,,,80.0,60.0,40.0,,,60.0,40.0,,,80.0,80.0,80.0,,,,,,,,,29.8423,17.9562,2.4443,-2.7989,-15.0236,-32.944,100.0
trend_continuation_callback,趋势延续策略,all_up_ratio_20d,全市场上涨占比,20,22,mid,中水位,23.3595,38.9081,2,,,50.0,50.0,0.0,,,100.0,50.0,,,50.0,50.0,50.0,,,,,,,,,13.0864,13.0864,-3.2948,-3.2948,-7.1267,-9.802,100.0
trend_continuation_callback,趋势延续策略,all_up_ratio_20d,全市场上涨占比,20,22,high,高水位,23.3595,38.9081,6,,,50.0,50.0,50.0,,,66.6667,50.0,,,83.3333,83.3333,83.3333,,,,,,,,,25.7315,19.1407,6.8659,-4.5853,-12.9225,-30.1927,100.0
ALL,全部来源,all_med_ret_1d,全市场中位涨跌幅,1,5,low,低水位,-1.0306,0.2326,97,8.7301,6.5574,28.866,17.5258,11.3402,-0.1472,-1.1391,56.701,32.9897,-7.1325,-24.3161,58.7629,43.299,45.3608,87.6289,,,,,,,,,,,,,,
ALL,全部来源,all_med_ret_1d,全市场中位涨跌幅,1,5,mid,中水位,-1.0306,0.2326,90,8.0586,5.4886,35.5556,17.7778,8.8889,-0.3152,-1.6903,61.1111,34.4444,-7.2371,-26.3636,61.1111,36.6667,41.1111,100.0,,,,,,,,,,,,,,
ALL,全部来源,all_med_ret_1d,全市场中位涨跌幅,1,5,high,高水位,-1.0306,0.2326,101,8.7458,6.4782,28.7129,17.8218,9.901,0.2418,-0.3843,52.4752,30.6931,-6.4955,-24.7261,47.5248,27.7228,35.6436,86.1386,,,,,,,,,,,,,,
ALL,全部来源,all_med_ret_1d,全市场中位涨跌幅,1,10,low,低水位,-1.0306,0.2326,97,,,41.2371,28.866,19.5876,,,60.8247,41.2371,,,65.9794,52.5773,54.6392,,12.1717,8.0932,-1.2084,-2.84,-9.3368,-30.2222,68.0412,,,,,,,
ALL,全部来源,all_med_ret_1d,全市场中位涨跌幅,1,10,mid,中水位,-1.0306,0.2326,90,,,46.6667,30.0,22.2222,,,58.8889,46.6667,,,78.8889,60.0,64.4444,,12.2447,8.8102,-0.9739,-3.8569,-10.6218,-35.974,90.0,,,,,,,
ALL,全部来源,all_med_ret_1d,全市场中位涨跌幅,1,10,high,高水位,-1.0306,0.2326,101,,,43.5644,29.703,17.8218,,,43.5644,30.6931,,,57.4257,35.6436,38.6139,,12.1331,8.7368,1.5739,1.522,-8.4564,-35.8333,80.198,,,,,,,
ALL,全部来源,all_med_ret_1d,全市场中位涨跌幅,1,22,low,低水位,-1.0306,0.2326,97,,,47.4227,39.1753,27.8351,,,61.8557,43.299,,,74.2268,59.7938,60.8247,,,,,,,,,16.4054,9.0164,0.6352,-3.3599,-11.1072,-40.1617,44.3299
ALL,全部来源,all_med_ret_1d,全市场中位涨跌幅,1,22,mid,中水位,-1.0306,0.2326,90,,,61.1111,44.4444,37.7778,,,64.4444,50.0,,,84.4444,74.4444,76.6667,,,,,,,,,18.7014,13.1449,-1.5134,-4.8013,-13.8314,-39.7663,73.3333
ALL,全部来源,all_med_ret_1d,全市场中位涨跌幅,1,22,high,高水位,-1.0306,0.2326,101,,,57.4257,49.505,39.604,,,46.5347,33.6634,,,62.3762,45.5446,48.5149,,,,,,,,,20.6728,14.7179,6.1299,1.4778,-10.5893,-43.9855,76.2376
spark_opportunity_selector,星火机会模型,all_med_ret_1d,全市场中位涨跌幅,1,5,low,低水位,-1.0306,0.2326,61,10.2779,6.7204,37.7049,24.5902,18.0328,0.6202,-1.212,59.0164,29.5082,-7.4206,-24.3161,60.6557,44.2623,44.2623,91.8033,,,,,,,,,,,,,,
spark_opportunity_selector,星火机会模型,all_med_ret_1d,全市场中位涨跌幅,1,5,mid,中水位,-1.0306,0.2326,62,8.4191,5.7961,35.4839,17.7419,8.0645,0.401,-0.6106,58.0645,30.6452,-7.1598,-26.3636,61.2903,33.871,38.7097,100.0,,,,,,,,,,,,,,
spark_opportunity_selector,星火机会模型,all_med_ret_1d,全市场中位涨跌幅,1,5,high,高水位,-1.0306,0.2326,64,8.8203,7.1361,29.6875,17.1875,9.375,-0.9261,-1.0558,54.6875,35.9375,-7.5647,-24.7261,51.5625,37.5,42.1875,90.625,,,,,,,,,,,,,,
spark_opportunity_selector,星火机会模型,all_med_ret_1d,全市场中位涨跌幅,1,10,low,低水位,-1.0306,0.2326,61,,,47.541,32.7869,24.5902,,,59.0164,39.3443,,,70.4918,54.0984,55.7377,,14.4659,9.0164,-0.3049,-2.84,-9.7175,-30.2222,77.0492,,,,,,,
spark_opportunity_selector,星火机会模型,all_med_ret_1d,全市场中位涨跌幅,1,10,mid,中水位,-1.0306,0.2326,62,,,48.3871,32.2581,24.1935,,,54.8387,45.1613,,,74.1935,58.0645,61.2903,,13.0057,9.8383,-0.251,-1.0169,-10.3483,-35.974,93.5484,,,,,,,
spark_opportunity_selector,星火机会模型,all_med_ret_1d,全市场中位涨跌幅,1,10,high,高水位,-1.0306,0.2326,64,,,40.625,31.25,17.1875,,,51.5625,40.625,,,67.1875,46.875,50.0,,11.432,8.7172,-0.5748,-2.3493,-10.1813,-35.8333,85.9375,,,,,,,
spark_opportunity_selector,星火机会模型,all_med_ret_1d,全市场中位涨跌幅,1,22,low,低水位,-1.0306,0.2326,61,,,57.377,47.541,37.7049,,,57.377,39.3443,,,78.6885,62.2951,62.2951,,,,,,,,,20.2191,11.1111,3.785,-3.2279,-11.1204,-34.2667,52.459
spark_opportunity_selector,星火机会模型,all_med_ret_1d,全市场中位涨跌幅,1,22,mid,中水位,-1.0306,0.2326,62,,,62.9032,48.3871,41.9355,,,61.2903,46.7742,,,82.2581,74.1935,75.8065,,,,,,,,,19.1583,14.2327,-1.1425,-3.0874,-13.4279,-39.7663,75.8065
spark_opportunity_selector,星火机会模型,all_med_ret_1d,全市场中位涨跌幅,1,22,high,高水位,-1.0306,0.2326,64,,,54.6875,48.4375,40.625,,,51.5625,39.0625,,,70.3125,56.25,57.8125,,,,,,,,,21.7754,12.6771,5.9637,-0.2441,-12.796,-43.9855,81.25
probe_d3_confirmed,试盘识别-三日确认,all_med_ret_1d,全市场中位涨跌幅,1,5,low,低水位,-1.0306,0.2326,4,4.784,4.2521,0.0,0.0,0.0,-1.082,-2.0986,50.0,50.0,-6.9933,-10.6773,75.0,25.0,50.0,75.0,,,,,,,,,,,,,,
probe_d3_confirmed,试盘识别-三日确认,all_med_ret_1d,全市场中位涨跌幅,1,5,mid,中水位,-1.0306,0.2326,4,5.7941,3.9326,25.0,0.0,0.0,-6.654,-7.2208,75.0,50.0,-11.5937,-17.9796,75.0,75.0,75.0,100.0,,,,,,,,,,,,,,
probe_d3_confirmed,试盘识别-三日确认,all_med_ret_1d,全市场中位涨跌幅,1,5,high,高水位,-1.0306,0.2326,5,5.8528,6.0019,20.0,0.0,0.0,-0.2415,-4.0237,60.0,40.0,-4.774,-7.7395,60.0,0.0,40.0,60.0,,,,,,,,,,,,,,
probe_d3_confirmed,试盘识别-三日确认,all_med_ret_1d,全市场中位涨跌幅,1,10,low,低水位,-1.0306,0.2326,4,,,25.0,25.0,0.0,,,75.0,75.0,,,75.0,50.0,75.0,,8.238,6.92,-3.2794,-6.0428,-8.1958,-10.6773,50.0,,,,,,,
probe_d3_confirmed,试盘识别-三日确认,all_med_ret_1d,全市场中位涨跌幅,1,10,mid,中水位,-1.0306,0.2326,4,,,50.0,25.0,25.0,,,75.0,75.0,,,100.0,75.0,100.0,,10.6243,8.2092,-8.6782,-13.8329,-15.7987,-26.5306,50.0,,,,,,,
probe_d3_confirmed,试盘识别-三日确认,all_med_ret_1d,全市场中位涨跌幅,1,10,high,高水位,-1.0306,0.2326,5,,,20.0,0.0,0.0,,,60.0,40.0,,,60.0,40.0,60.0,,6.1835,6.0019,-1.3337,-2.8074,-7.2034,-10.7692,60.0,,,,,,,
probe_d3_confirmed,试盘识别-三日确认,all_med_ret_1d,全市场中位涨跌幅,1,22,low,低水位,-1.0306,0.2326,4,,,25.0,25.0,0.0,,,75.0,75.0,,,75.0,50.0,75.0,,,,,,,,,8.238,6.92,-13.0619,-6.0428,-15.6082,-40.1617,0.0
probe_d3_confirmed,试盘识别-三日确认,all_med_ret_1d,全市场中位涨跌幅,1,22,mid,中水位,-1.0306,0.2326,4,,,50.0,25.0,25.0,,,100.0,100.0,,,100.0,75.0,100.0,,,,,,,,,10.6243,8.2092,-20.0773,-17.4972,-21.8455,-39.0408,25.0
probe_d3_confirmed,试盘识别-三日确认,all_med_ret_1d,全市场中位涨跌幅,1,22,high,高水位,-1.0306,0.2326,5,,,40.0,20.0,20.0,,,40.0,20.0,,,80.0,40.0,60.0,,,,,,,,,11.0253,8.8757,3.8838,0.0,-9.4691,-20.355,40.0
stable_capital_callback,资金流回调稳健策略,all_med_ret_1d,全市场中位涨跌幅,1,5,low,低水位,-1.0306,0.2326,30,5.8187,6.1815,13.3333,3.3333,0.0,-1.7258,-1.5257,56.6667,40.0,-6.931,-14.7733,56.6667,46.6667,50.0,80.0,,,,,,,,,,,,,,
stable_capital_callback,资金流回调稳健策略,all_med_ret_1d,全市场中位涨跌幅,1,5,mid,中水位,-1.0306,0.2326,15,7.8817,3.682,40.0,26.6667,13.3333,-2.6044,-4.721,73.3333,46.6667,-7.5434,-21.2944,60.0,40.0,46.6667,100.0,,,,,,,,,,,,,,
stable_capital_callback,资金流回调稳健策略,all_med_ret_1d,全市场中位涨跌幅,1,5,high,高水位,-1.0306,0.2326,30,9.011,5.0623,26.6667,20.0,13.3333,3.4923,0.9227,43.3333,16.6667,-4.1183,-12.5436,33.3333,6.6667,16.6667,80.0,,,,,,,,,,,,,,
stable_capital_callback,资金流回调稳健策略,all_med_ret_1d,全市场中位涨跌幅,1,10,low,低水位,-1.0306,0.2326,30,,,30.0,20.0,13.3333,,,60.0,43.3333,,,60.0,53.3333,53.3333,,7.9703,6.7674,-2.7628,-2.8607,-9.1267,-21.9161,50.0,,,,,,,
stable_capital_callback,资金流回调稳健策略,all_med_ret_1d,全市场中位涨跌幅,1,10,mid,中水位,-1.0306,0.2326,15,,,40.0,26.6667,13.3333,,,73.3333,53.3333,,,93.3333,66.6667,73.3333,,9.3429,4.5855,-4.6588,-6.558,-12.0392,-23.7996,80.0,,,,,,,
stable_capital_callback,资金流回调稳健策略,all_med_ret_1d,全市场中位涨跌幅,1,10,high,高水位,-1.0306,0.2326,30,,,50.0,26.6667,23.3333,,,23.3333,6.6667,,,33.3333,6.6667,6.6667,,14.1669,9.5401,7.0514,3.848,-4.3727,-18.3275,70.0,,,,,,,
stable_capital_callback,资金流回调稳健策略,all_med_ret_1d,全市场中位涨跌幅,1,22,low,低水位,-1.0306,0.2326,30,,,30.0,23.3333,13.3333,,,66.6667,46.6667,,,66.6667,56.6667,56.6667,,,,,,,,,9.9611,6.7674,-3.6812,-2.9009,-10.7455,-29.7185,30.0
stable_capital_callback,资金流回调稳健策略,all_med_ret_1d,全市场中位涨跌幅,1,22,mid,中水位,-1.0306,0.2326,15,,,60.0,33.3333,20.0,,,66.6667,53.3333,,,93.3333,73.3333,73.3333,,,,,,,,,12.7,11.6116,-3.6977,-7.6494,-14.2391,-29.2005,60.0
stable_capital_callback,资金流回调稳健策略,all_med_ret_1d,全市场中位涨跌幅,1,22,high,高水位,-1.0306,0.2326,30,,,63.3333,53.3333,40.0,,,36.6667,23.3333,,,40.0,20.0,23.3333,,,,,,,,,19.9302,16.4433,7.8336,3.6528,-5.3968,-20.0348,70.0
trend_continuation_callback,趋势延续策略,all_med_ret_1d,全市场中位涨跌幅,1,5,low,低水位,-1.0306,0.2326,2,13.0864,13.0864,50.0,50.0,0.0,1.9994,1.9994,0.0,0.0,-1.6465,-2.8713,0.0,0.0,0.0,100.0,,,,,,,,,,,,,,
trend_continuation_callback,趋势延续策略,all_med_ret_1d,全市场中位涨跌幅,1,5,mid,中水位,-1.0306,0.2326,9,6.8762,3.3679,33.3333,11.1111,11.1111,1.3832,-1.7131,55.5556,33.3333,-5.3225,-9.0106,55.5556,33.3333,33.3333,100.0,,,,,,,,,,,,,,
trend_continuation_callback,趋势延续策略,all_med_ret_1d,全市场中位涨跌幅,1,5,high,高水位,-1.0306,0.2326,2,9.6169,9.6169,50.0,50.0,0.0,-9.9325,-9.9325,100.0,50.0,-12.2437,-16.1071,100.0,100.0,100.0,100.0,,,,,,,,,,,,,,
trend_continuation_callback,趋势延续策略,all_med_ret_1d,全市场中位涨跌幅,1,10,low,低水位,-1.0306,0.2326,2,,,50.0,50.0,0.0,,,100.0,0.0,,,0.0,0.0,0.0,,13.0864,13.0864,-1.3053,-1.3053,-3.1562,-4.8515,100.0,,,,,,,
trend_continuation_callback,趋势延续策略,all_med_ret_1d,全市场中位涨跌幅,1,10,mid,中水位,-1.0306,0.2326,9,,,44.4444,22.2222,22.2222,,,55.5556,33.3333,,,77.7778,55.5556,55.5556,,12.5585,6.1867,3.6118,-1.6873,-7.8434,-13.7045,100.0,,,,,,,
trend_continuation_callback,趋势延续策略,all_med_ret_1d,全市场中位涨跌幅,1,10,high,高水位,-1.0306,0.2326,2,,,100.0,100.0,0.0,,,50.0,50.0,,,100.0,100.0,100.0,,18.9367,18.9367,-4.5635,-4.5635,-17.6452,-26.91,100.0,,,,,,,
trend_continuation_callback,趋势延续策略,all_med_ret_1d,全市场中位涨跌幅,1,22,low,低水位,-1.0306,0.2326,2,,,50.0,50.0,0.0,,,100.0,50.0,,,50.0,50.0,50.0,,,,,,,,,13.0864,13.0864,-3.2948,-3.2948,-7.1267,-9.802,100.0
trend_continuation_callback,趋势延续策略,all_med_ret_1d,全市场中位涨跌幅,1,22,mid,中水位,-1.0306,0.2326,9,,,55.5556,44.4444,44.4444,,,66.6667,44.4444,,,77.7778,77.7778,77.7778,,,,,,,,,29.1452,12.0539,7.8222,-3.6269,-12.3699,-30.1927,100.0
trend_continuation_callback,趋势延续策略,all_med_ret_1d,全市场中位涨跌幅,1,22,high,高水位,-1.0306,0.2326,2,,,100.0,100.0,50.0,,,50.0,50.0,,,100.0,100.0,100.0,,,,,,,,,20.6467,20.6467,-8.4916,-8.4916,-20.6622,-32.944,100.0
ALL,全部来源,all_med_ret_3d,全市场中位涨跌幅,3,5,low,低水位,-1.6055,0.4059,97,7.646,5.6152,26.8041,13.4021,9.2784,-2.7669,-3.7834,72.1649,42.268,-8.2527,-26.3636,63.9175,48.4536,51.5464,73.1959,,,,,,,,,,,,,,
ALL,全部来源,all_med_ret_3d,全市场中位涨跌幅,3,5,mid,中水位,-1.6055,0.4059,91,7.0296,5.0822,25.2747,13.1868,5.4945,-0.3123,-1.1391,58.2418,32.967,-7.307,-21.2944,64.8352,40.6593,46.1538,100.0,,,,,,,,,,,,,,
ALL,全部来源,all_med_ret_3d,全市场中位涨跌幅,3,5,high,高水位,-1.6055,0.4059,100,10.7406,8.681,40.0,26.0,15.0,2.7859,1.9993,40.0,23.0,-5.3379,-23.3333,39.0,19.0,25.0,100.0,,,,,,,,,,,,,,
ALL,全部来源,all_med_ret_3d,全市场中位涨跌幅,3,10,low,低水位,-1.6055,0.4059,97,,,34.0206,19.5876,12.3711,,,65.9794,49.4845,,,75.2577,59.7938,63.9175,,9.8564,6.0557,-4.5487,-4.6837,-11.3522,-35.974,58.7629,,,,,,,
ALL,全部来源,all_med_ret_3d,全市场中位涨跌幅,3,10,mid,中水位,-1.6055,0.4059,91,,,39.5604,26.3736,17.5824,,,60.4396,39.5604,,,73.6264,53.8462,57.1429,,11.3801,7.7048,-0.0411,-2.3904,-9.5156,-23.7996,84.6154,,,,,,,
ALL,全部来源,all_med_ret_3d,全市场中位涨跌幅,3,10,high,高水位,-1.6055,0.4059,100,,,57.0,42.0,29.0,,,37.0,29.0,,,53.0,34.0,36.0,,15.1647,11.92,3.9907,4.7912,-7.4864,-35.8333,94.0,,,,,,,
ALL,全部来源,all_med_ret_3d,全市场中位涨跌幅,3,22,low,低水位,-1.6055,0.4059,97,,,44.3299,29.8969,20.6186,,,62.8866,49.4845,,,78.3505,64.9485,68.0412,,,,,,,,,13.9384,8.4259,-1.6366,-4.5322,-12.4103,-39.0408,32.9897
ALL,全部来源,all_med_ret_3d,全市场中位涨跌幅,3,22,mid,中水位,-1.6055,0.4059,91,,,50.5495,40.6593,35.1648,,,62.6374,43.956,,,82.4176,65.9341,68.1319,,,,,,,,,18.1908,10.0036,0.8473,-2.84,-12.4513,-39.7663,67.033
ALL,全部来源,all_med_ret_3d,全市场中位涨跌幅,3,22,high,高水位,-1.6055,0.4059,100,,,70.0,62.0,49.0,,,47.0,33.0,,,60.0,48.0,49.0,,,,,,,,,23.5501,19.236,6.2617,2.9407,-10.5488,-43.9855,93.0
spark_opportunity_selector,星火机会模型,all_med_ret_3d,全市场中位涨跌幅,3,5,low,低水位,-1.6055,0.4059,66,8.2857,5.6658,27.2727,15.1515,10.6061,-2.3105,-3.485,71.2121,37.8788,-8.5076,-26.3636,66.6667,46.9697,50.0,83.3333,,,,,,,,,,,,,,
spark_opportunity_selector,星火机会模型,all_med_ret_3d,全市场中位涨跌幅,3,5,mid,中水位,-1.6055,0.4059,62,7.7605,5.7867,30.6452,14.5161,6.4516,-0.0319,-1.1416,58.0645,30.6452,-7.64,-19.3078,66.129,43.5484,46.7742,100.0,,,,,,,,,,,,,,
spark_opportunity_selector,星火机会模型,all_med_ret_3d,全市场中位涨跌幅,3,5,high,高水位,-1.6055,0.4059,59,11.6174,9.0952,45.7627,30.5085,18.6441,2.676,3.1229,40.678,27.1186,-5.8564,-23.3333,38.9831,23.7288,27.1186,100.0,,,,,,,,,,,,,,
spark_opportunity_selector,星火机会模型,all_med_ret_3d,全市场中位涨跌幅,3,10,low,低水位,-1.6055,0.4059,66,,,37.8788,24.2424,15.1515,,,62.1212,45.4545,,,78.7879,60.6061,63.6364,,11.26,6.7609,-3.6407,-4.097,-11.5956,-35.974,74.2424,,,,,,,
spark_opportunity_selector,星火机会模型,all_med_ret_3d,全市场中位涨跌幅,3,10,mid,中水位,-1.6055,0.4059,62,,,45.1613,30.6452,20.9677,,,59.6774,43.5484,,,74.1935,58.0645,61.2903,,12.6354,8.7463,0.4754,-2.9278,-10.1269,-21.8997,88.7097,,,,,,,
spark_opportunity_selector,星火机会模型,all_med_ret_3d,全市场中位涨跌幅,3,10,high,高水位,-1.6055,0.4059,59,,,54.2373,42.3729,30.5085,,,42.3729,35.5932,,,57.6271,38.9831,40.678,,15.1504,11.5625,2.3707,3.1404,-8.3524,-35.8333,94.9153,,,,,,,
spark_opportunity_selector,星火机会模型,all_med_ret_3d,全市场中位涨跌幅,3,22,low,低水位,-1.6055,0.4059,66,,,51.5152,39.3939,27.2727,,,57.5758,46.9697,,,83.3333,68.1818,69.697,,,,,,,,,17.1694,10.4218,0.9269,-4.2913,-12.9158,-35.974,46.9697
spark_opportunity_selector,星火机会模型,all_med_ret_3d,全市场中位涨跌幅,3,22,mid,中水位,-1.6055,0.4059,62,,,56.4516,46.7742,41.9355,,,59.6774,41.9355,,,83.871,69.3548,70.9677,,,,,,,,,20.7409,12.8949,2.4304,-1.6338,-12.9187,-39.7663,70.9677
spark_opportunity_selector,星火机会模型,all_med_ret_3d,全市场中位涨跌幅,3,22,high,高水位,-1.6055,0.4059,59,,,67.7966,59.322,52.5424,,,52.5424,35.5932,,,62.7119,54.2373,54.2373,,,,,,,,,23.6558,20.8606,5.5909,-0.4211,-11.4647,-43.9855,94.9153
probe_d3_confirmed,试盘识别-三日确认,all_med_ret_3d,全市场中位涨跌幅,3,5,low,低水位,-1.6055,0.4059,6,5.5238,2.3797,33.3333,0.0,0.0,-5.0107,-5.6646,83.3333,66.6667,-9.8967,-17.9796,66.6667,50.0,66.6667,50.0,,,,,,,,,,,,,,
probe_d3_confirmed,试盘识别-三日确认,all_med_ret_3d,全市场中位涨跌幅,3,5,mid,中水位,-1.6055,0.4059,4,5.0597,5.4736,0.0,0.0,0.0,0.7032,2.0857,25.0,25.0,-5.1156,-8.2803,50.0,25.0,50.0,100.0,,,,,,,,,,,,,,
probe_d3_confirmed,试盘识别-三日确认,all_med_ret_3d,全市场中位涨跌幅,3,5,high,高水位,-1.6055,0.4059,3,6.065,8.6253,0.0,0.0,0.0,-1.6332,-4.0237,66.6667,33.3333,-6.1252,-6.8177,100.0,0.0,33.3333,100.0,,,,,,,,,,,,,,
probe_d3_confirmed,试盘识别-三日确认,all_med_ret_3d,全市场中位涨跌幅,3,10,low,低水位,-1.6055,0.4059,6,,,33.3333,0.0,0.0,,,83.3333,83.3333,,,83.3333,50.0,83.3333,,5.5238,2.3797,-8.8726,-6.5209,-12.7,-26.5306,16.6667,,,,,,,
probe_d3_confirmed,试盘识别-三日确认,all_med_ret_3d,全市场中位涨跌幅,3,10,mid,中水位,-1.6055,0.4059,4,,,50.0,50.0,25.0,,,50.0,25.0,,,50.0,25.0,50.0,,13.3438,11.5536,4.4401,3.2016,-5.985,-8.2803,75.0,,,,,,,
probe_d3_confirmed,试盘识别-三日确认,all_med_ret_3d,全市场中位涨跌幅,3,10,high,高水位,-1.6055,0.4059,3,,,0.0,0.0,0.0,,,66.6667,66.6667,,,100.0,100.0,100.0,,6.6161,8.6253,-6.3414,-9.8225,-10.6183,-10.7692,100.0,,,,,,,
probe_d3_confirmed,试盘识别-三日确认,all_med_ret_3d,全市场中位涨跌幅,3,22,low,低水位,-1.6055,0.4059,6,,,33.3333,0.0,0.0,,,83.3333,83.3333,,,83.3333,50.0,83.3333,,,,,,,,,5.5238,2.3797,-11.0579,-6.5209,-14.785,-39.0408,0.0
probe_d3_confirmed,试盘识别-三日确认,all_med_ret_3d,全市场中位涨跌幅,3,22,mid,中水位,-1.6055,0.4059,4,,,50.0,50.0,25.0,,,50.0,50.0,,,75.0,25.0,50.0,,,,,,,,,13.3438,11.5536,-5.2817,-3.4509,-9.3399,-19.9575,25.0
probe_d3_confirmed,试盘识别-三日确认,all_med_ret_3d,全市场中位涨跌幅,3,22,high,高水位,-1.6055,0.4059,3,,,33.3333,33.3333,33.3333,,,66.6667,33.3333,,,100.0,100.0,100.0,,,,,,,,,14.6858,8.8757,-8.5544,-3.6686,-23.6968,-40.1617,66.6667
stable_capital_callback,资金流回调稳健策略,all_med_ret_3d,全市场中位涨跌幅,3,5,low,低水位,-1.6055,0.4059,24,6.3344,4.1724,25.0,12.5,8.3333,-3.6236,-4.5199,75.0,50.0,-7.4669,-14.7733,58.3333,54.1667,54.1667,50.0,,,,,,,,,,,,,,
stable_capital_callback,资金流回调稳健策略,all_med_ret_3d,全市场中位涨跌幅,3,5,mid,中水位,-1.6055,0.4059,17,5.1348,3.0481,11.7647,11.7647,0.0,-2.0169,-1.1391,64.7059,41.1765,-7.4592,-21.2944,64.7059,35.2941,47.0588,100.0,,,,,,,,,,,,,,
stable_capital_callback,资金流回调稳健策略,all_med_ret_3d,全市场中位涨跌幅,3,5,high,高水位,-1.6055,0.4059,34,9.5234,8.1506,29.4118,17.6471,11.7647,3.976,1.451,35.2941,14.7059,-4.077,-13.9524,32.3529,8.8235,17.6471,100.0,,,,,,,,,,,,,,
stable_capital_callback,资金流回调稳健策略,all_med_ret_3d,全市场中位涨跌幅,3,10,low,低水位,-1.6055,0.4059,24,,,25.0,12.5,8.3333,,,70.8333,54.1667,,,66.6667,62.5,62.5,,7.0886,4.8788,-6.1403,-7.9056,-10.758,-21.9161,25.0,,,,,,,
stable_capital_callback,资金流回调稳健策略,all_med_ret_3d,全市场中位涨跌幅,3,10,mid,中水位,-1.6055,0.4059,17,,,17.6471,11.7647,5.8824,,,64.7059,29.4118,,,70.5882,41.1765,41.1765,,6.7274,7.1338,-3.3237,-1.1769,-8.6727,-23.7996,64.7059,,,,,,,
stable_capital_callback,资金流回调稳健策略,all_med_ret_3d,全市场中位涨跌幅,3,10,high,高水位,-1.6055,0.4059,34,,,61.7647,38.2353,29.4118,,,23.5294,14.7059,,,41.1765,17.6471,20.5882,,15.2873,11.92,7.7249,7.8802,-5.2924,-19.4762,91.1765,,,,,,,
stable_capital_callback,资金流回调稳健策略,all_med_ret_3d,全市场中位涨跌幅,3,22,low,低水位,-1.6055,0.4059,24,,,29.1667,12.5,8.3333,,,70.8333,50.0,,,66.6667,62.5,62.5,,,,,,,,,7.336,5.0892,-6.3803,-6.7301,-10.758,-21.9161,0.0
stable_capital_callback,资金流回调稳健策略,all_med_ret_3d,全市场中位涨跌幅,3,22,mid,中水位,-1.6055,0.4059,17,,,29.4118,17.6471,11.7647,,,70.5882,47.0588,,,76.4706,52.9412,52.9412,,,,,,,,,8.2811,7.7048,-4.2107,-3.3599,-11.0195,-29.2005,47.0588
stable_capital_callback,资金流回调稳健策略,all_med_ret_3d,全市场中位涨跌幅,3,22,high,高水位,-1.6055,0.4059,34,,,73.5294,64.7059,44.1176,,,35.2941,26.4706,,,50.0,29.4118,32.3529,,,,,,,,,22.6587,18.0054,8.6417,10.9566,-7.4215,-29.7185,91.1765
trend_continuation_callback,趋势延续策略,all_med_ret_3d,全市场中位涨跌幅,3,5,low,低水位,-1.6055,0.4059,1,9.6382,9.6382,0.0,0.0,0.0,1.1276,1.1276,0.0,0.0,-0.4216,-0.4216,0.0,0.0,0.0,100.0,,,,,,,,,,,,,,
trend_continuation_callback,趋势延续策略,all_med_ret_3d,全市场中位涨跌幅,3,5,mid,中水位,-1.6055,0.4059,8,6.3766,3.0699,25.0,12.5,12.5,0.6292,-2.7995,62.5,37.5,-5.4987,-9.0106,62.5,37.5,37.5,100.0,,,,,,,,,,,,,,
trend_continuation_callback,趋势延续策略,all_med_ret_3d,全市场中位涨跌幅,3,5,high,高水位,-1.6055,0.4059,4,11.6605,13.7041,75.0,50.0,0.0,-2.3945,-0.4433,50.0,25.0,-7.8178,-16.1071,50.0,50.0,50.0,100.0,,,,,,,,,,,,,,
trend_continuation_callback,趋势延续策略,all_med_ret_3d,全市场中位涨跌幅,3,10,low,低水位,-1.6055,0.4059,1,,,0.0,0.0,0.0,,,100.0,0.0,,,0.0,0.0,0.0,,9.6382,9.6382,-0.3334,-0.3334,-1.4609,-1.4609,100.0,,,,,,,
trend_continuation_callback,趋势延续策略,all_med_ret_3d,全市场中位涨跌幅,3,10,mid,中水位,-1.6055,0.4059,8,,,37.5,12.5,12.5,,,62.5,37.5,,,87.5,62.5,62.5,,10.5569,5.9127,0.6908,-2.6727,-8.3348,-13.7045,100.0,,,,,,,
trend_continuation_callback,趋势延续策略,all_med_ret_3d,全市场中位涨跌幅,3,10,high,高水位,-1.6055,0.4059,4,,,100.0,100.0,25.0,,,50.0,25.0,,,50.0,50.0,50.0,,20.7449,18.9367,3.8937,6.8283,-11.0136,-26.91,100.0,,,,,,,
trend_continuation_callback,趋势延续策略,all_med_ret_3d,全市场中位涨跌幅,3,22,low,低水位,-1.6055,0.4059,1,,,0.0,0.0,0.0,,,100.0,0.0,,,0.0,0.0,0.0,,,,,,,,,9.6382,9.6382,-0.451,-0.451,-4.4514,-4.4514,100.0
trend_continuation_callback,趋势延续策略,all_med_ret_3d,全市场中位涨跌幅,3,22,mid,中水位,-1.6055,0.4059,8,,,50.0,37.5,37.5,,,75.0,50.0,,,87.5,87.5,87.5,,,,,,,,,21.9092,10.4422,2.3907,-4.5853,-13.427,-30.1927,100.0
trend_continuation_callback,趋势延续策略,all_med_ret_3d,全市场中位涨跌幅,3,22,high,高水位,-1.6055,0.4059,4,,,100.0,100.0,50.0,,,50.0,50.0,,,75.0,75.0,75.0,,,,,,,,,36.2154,20.6467,7.038,2.624,-13.7597,-32.944,100.0
ALL,全部来源,all_med_ret_5d,全市场中位涨跌幅,5,5,low,低水位,-2.6304,-0.3348,96,6.8867,4.8022,21.875,9.375,7.2917,-2.7695,-3.6917,65.625,43.75,-8.2559,-26.3636,65.625,50.0,54.1667,79.1667,,,,,,,,,,,,,,
ALL,全部来源,all_med_ret_5d,全市场中位涨跌幅,5,5,mid,中水位,-2.6304,-0.3348,85,9.5121,8.0932,36.4706,21.1765,12.9412,0.6843,-0.1819,54.1176,30.5882,-6.9194,-23.3333,51.7647,36.4706,40.0,92.9412,,,,,,,,,,,,,,
ALL,全部来源,all_med_ret_5d,全市场中位涨跌幅,5,5,high,高水位,-2.6304,-0.3348,107,9.2128,6.4928,34.5794,22.4299,10.2804,1.7709,-0.1458,50.4673,24.2991,-5.7806,-21.2944,49.5327,22.4299,28.972,100.0,,,,,,,,,,,,,,
ALL,全部来源,all_med_ret_5d,全市场中位涨跌幅,5,10,low,低水位,-2.6304,-0.3348,96,,,30.2083,17.7083,11.4583,,,65.625,47.9167,,,72.9167,59.375,62.5,,8.9112,5.9597,-4.3889,-4.6077,-11.0909,-35.974,65.625,,,,,,,
ALL,全部来源,all_med_ret_5d,全市场中位涨跌幅,5,10,mid,中水位,-2.6304,-0.3348,85,,,49.4118,37.6471,25.8824,,,54.1176,42.3529,,,65.8824,51.7647,55.2941,,13.6058,9.9442,0.2901,-1.1391,-9.6466,-35.8333,68.2353,,,,,,,
ALL,全部来源,all_med_ret_5d,全市场中位涨跌幅,5,10,high,高水位,-2.6304,-0.3348,107,,,51.4019,33.6449,22.4299,,,43.9252,28.972,,,62.6168,37.3832,40.1869,,13.9828,10.8744,3.2783,1.634,-7.7667,-26.91,100.0,,,,,,,
ALL,全部来源,all_med_ret_5d,全市场中位涨跌幅,5,22,low,低水位,-2.6304,-0.3348,96,,,42.7083,30.2083,22.9167,,,62.5,44.7917,,,75.0,62.5,64.5833,,,,,,,,,14.5595,7.4193,0.3111,-3.4058,-12.0828,-39.0408,39.5833
ALL,全部来源,all_med_ret_5d,全市场中位涨跌幅,5,22,mid,中水位,-2.6304,-0.3348,85,,,56.4706,44.7059,36.4706,,,56.4706,43.5294,,,71.7647,56.4706,60.0,,,,,,,,,18.3387,12.3846,-0.469,-1.1917,-12.6285,-43.9855,55.2941
ALL,全部来源,all_med_ret_5d,全市场中位涨跌幅,5,22,high,高水位,-2.6304,-0.3348,107,,,65.4206,57.0093,44.8598,,,53.271,38.3178,,,72.8972,58.8785,59.8131,,,,,,,,,22.485,17.249,5.1824,-1.4968,-10.8259,-35.625,94.3925
spark_opportunity_selector,星火机会模型,all_med_ret_5d,全市场中位涨跌幅,5,5,low,低水位,-2.6304,-0.3348,62,7.646,4.5175,25.8065,12.9032,11.2903,-3.0617,-4.0133,70.9677,41.9355,-9.1009,-26.3636,72.5806,54.8387,56.4516,87.0968,,,,,,,,,,,,,,
spark_opportunity_selector,星火机会模型,all_med_ret_5d,全市场中位涨跌幅,5,5,mid,中水位,-2.6304,-0.3348,55,9.9811,8.1218,38.1818,21.8182,10.9091,0.4482,-0.1819,52.7273,32.7273,-7.5674,-23.3333,54.5455,40.0,43.6364,94.5455,,,,,,,,,,,,,,
spark_opportunity_selector,星火机会模型,all_med_ret_5d,全市场中位涨跌幅,5,5,high,高水位,-2.6304,-0.3348,70,9.8632,7.1361,38.5714,24.2857,12.8571,2.4084,0.3308,48.5714,22.8571,-5.7178,-19.3078,47.1429,22.8571,27.1429,100.0,,,,,,,,,,,,,,
spark_opportunity_selector,星火机会模型,all_med_ret_5d,全市场中位涨跌幅,5,10,low,低水位,-2.6304,-0.3348,62,,,32.2581,19.3548,14.5161,,,67.7419,48.3871,,,83.871,67.7419,69.3548,,9.9642,5.8277,-4.9509,-4.6928,-12.3518,-35.974,77.4194,,,,,,,
spark_opportunity_selector,星火机会模型,all_med_ret_5d,全市场中位涨跌幅,5,10,mid,中水位,-2.6304,-0.3348,55,,,52.7273,40.0,23.6364,,,54.5455,47.2727,,,67.2727,54.5455,58.1818,,14.2819,10.4813,0.0622,-1.768,-10.5252,-35.8333,76.3636,,,,,,,
spark_opportunity_selector,星火机会模型,all_med_ret_5d,全市场中位涨跌幅,5,10,high,高水位,-2.6304,-0.3348,70,,,51.4286,37.1429,27.1429,,,44.2857,31.4286,,,61.4286,38.5714,41.4286,,14.5306,10.9568,3.3228,1.7742,-7.7324,-23.454,100.0,,,,,,,
spark_opportunity_selector,星火机会模型,all_med_ret_5d,全市场中位涨跌幅,5,22,low,低水位,-2.6304,-0.3348,62,,,50.0,35.4839,30.6452,,,61.2903,43.5484,,,85.4839,72.5806,72.5806,,,,,,,,,17.521,10.0113,2.1273,-3.8343,-13.4658,-35.974,50.0
spark_opportunity_selector,星火机会模型,all_med_ret_5d,全市场中位涨跌幅,5,22,mid,中水位,-2.6304,-0.3348,55,,,60.0,50.9091,40.0,,,54.5455,43.6364,,,72.7273,60.0,63.6364,,,,,,,,,20.8933,15.4714,0.9988,-1.1917,-13.1932,-43.9855,65.4545
spark_opportunity_selector,星火机会模型,all_med_ret_5d,全市场中位涨跌幅,5,22,high,高水位,-2.6304,-0.3348,70,,,64.2857,57.1429,48.5714,,,54.2857,38.5714,,,72.8571,60.0,60.0,,,,,,,,,22.5626,17.4297,5.07,-1.2405,-10.9902,-35.625,91.4286
probe_d3_confirmed,试盘识别-三日确认,all_med_ret_5d,全市场中位涨跌幅,5,5,low,低水位,-2.6304,-0.3348,6,4.3893,2.9581,16.6667,0.0,0.0,-3.1245,-5.3527,66.6667,66.6667,-8.3487,-17.9796,66.6667,33.3333,66.6667,50.0,,,,,,,,,,,,,,
probe_d3_confirmed,试盘识别-三日确认,all_med_ret_5d,全市场中位涨跌幅,5,5,mid,中水位,-2.6304,-0.3348,5,7.1342,6.0019,20.0,0.0,0.0,-0.6227,3.1847,40.0,20.0,-7.2439,-16.6667,60.0,40.0,40.0,100.0,,,,,,,,,,,,,,
probe_d3_confirmed,试盘识别-三日确认,all_med_ret_5d,全市场中位涨跌幅,5,5,high,高水位,-2.6304,-0.3348,2,4.7849,4.7849,0.0,0.0,0.0,-5.1452,-5.1452,100.0,50.0,-5.9533,-6.8177,100.0,0.0,50.0,100.0,,,,,,,,,,,,,,
probe_d3_confirmed,试盘识别-三日确认,all_med_ret_5d,全市场中位涨跌幅,5,10,low,低水位,-2.6304,-0.3348,6,,,33.3333,16.6667,0.0,,,66.6667,66.6667,,,66.6667,33.3333,66.6667,,6.692,3.9207,-3.8768,-5.6646,-9.9017,-26.5306,33.3333,,,,,,,
probe_d3_confirmed,试盘识别-三日确认,all_med_ret_5d,全市场中位涨跌幅,5,10,mid,中水位,-2.6304,-0.3348,5,,,40.0,20.0,20.0,,,80.0,60.0,,,80.0,60.0,80.0,,10.9983,8.6253,-4.4914,-6.8966,-10.2484,-21.4872,60.0,,,,,,,
probe_d3_confirmed,试盘识别-三日确认,all_med_ret_5d,全市场中位涨跌幅,5,10,high,高水位,-2.6304,-0.3348,2,,,0.0,0.0,0.0,,,50.0,50.0,,,100.0,100.0,100.0,,5.6116,5.6116,-4.3907,-4.3907,-10.6714,-10.7692,100.0,,,,,,,
probe_d3_confirmed,试盘识别-三日确认,all_med_ret_5d,全市场中位涨跌幅,5,22,low,低水位,-2.6304,-0.3348,6,,,33.3333,16.6667,0.0,,,66.6667,66.6667,,,66.6667,33.3333,66.6667,,,,,,,,,6.692,3.9207,-7.5973,-5.6646,-11.9867,-39.0408,0.0
probe_d3_confirmed,试盘识别-三日确认,all_med_ret_5d,全市场中位涨跌幅,5,22,mid,中水位,-2.6304,-0.3348,5,,,40.0,20.0,20.0,,,80.0,80.0,,,100.0,60.0,80.0,,,,,,,,,10.9983,8.6253,-16.4105,-14.2251,-18.8623,-40.1617,20.0
probe_d3_confirmed,试盘识别-三日确认,all_med_ret_5d,全市场中位涨跌幅,5,22,high,高水位,-2.6304,-0.3348,2,,,50.0,50.0,50.0,,,50.0,0.0,,,100.0,100.0,100.0,,,,,,,,,17.716,17.716,7.2492,7.2492,-15.4643,-20.355,100.0
stable_capital_callback,资金流回调稳健策略,all_med_ret_5d,全市场中位涨跌幅,5,5,low,低水位,-2.6304,-0.3348,27,5.5961,5.9574,14.8148,3.7037,0.0,-2.1639,-1.9724,55.5556,44.4444,-6.5853,-14.7733,51.8519,44.4444,48.1481,66.6667,,,,,,,,,,,,,,
stable_capital_callback,资金流回调稳健策略,all_med_ret_5d,全市场中位涨跌幅,5,5,mid,中水位,-2.6304,-0.3348,22,8.8249,8.0936,36.3636,22.7273,18.1818,1.066,-0.3024,59.0909,27.2727,-5.6586,-13.984,45.4545,27.2727,31.8182,86.3636,,,,,,,,,,,,,,
stable_capital_callback,资金流回调稳健策略,all_med_ret_5d,全市场中位涨跌幅,5,5,high,高水位,-2.6304,-0.3348,26,8.3796,4.3767,23.0769,19.2308,7.6923,1.8809,0.0221,50.0,23.0769,-5.4745,-21.2944,46.1538,15.3846,26.9231,100.0,,,,,,,,,,,,,,
stable_capital_callback,资金流回调稳健策略,all_med_ret_5d,全市场中位涨跌幅,5,10,low,低水位,-2.6304,-0.3348,27,,,25.9259,14.8148,7.4074,,,59.2593,44.4444,,,51.8519,48.1481,48.1481,,6.9592,5.9621,-3.3623,-1.9724,-8.8163,-21.9161,44.4444,,,,,,,
stable_capital_callback,资金流回调稳健策略,all_med_ret_5d,全市场中位涨跌幅,5,10,mid,中水位,-2.6304,-0.3348,22,,,45.4545,36.3636,31.8182,,,45.4545,22.7273,,,59.0909,40.9091,40.9091,,12.1039,8.4231,1.7391,2.1215,-7.5345,-18.1512,45.4545,,,,,,,
stable_capital_callback,资金流回调稳健策略,all_med_ret_5d,全市场中位涨跌幅,5,10,high,高水位,-2.6304,-0.3348,26,,,50.0,23.0769,15.3846,,,38.4615,23.0769,,,57.6923,23.0769,26.9231,,13.4644,9.3897,4.2806,1.8249,-6.9912,-23.7996,100.0,,,,,,,
stable_capital_callback,资金流回调稳健策略,all_med_ret_5d,全市场中位涨跌幅,5,22,low,低水位,-2.6304,-0.3348,27,,,29.6296,22.2222,11.1111,,,62.963,44.4444,,,55.5556,48.1481,48.1481,,,,,,,,,9.6897,5.9621,-2.0737,-2.2046,-9.211,-21.9161,22.2222
stable_capital_callback,资金流回调稳健策略,all_med_ret_5d,全市场中位涨跌幅,5,22,mid,中水位,-2.6304,-0.3348,22,,,54.5455,36.3636,31.8182,,,54.5455,31.8182,,,63.6364,45.4545,45.4545,,,,,,,,,12.938,11.0945,-0.7314,-0.1426,-9.4386,-29.7185,31.8182
stable_capital_callback,资金流回调稳健策略,all_med_ret_5d,全市场中位涨跌幅,5,22,high,高水位,-2.6304,-0.3348,26,,,65.3846,53.8462,34.6154,,,46.1538,38.4615,,,65.3846,42.3077,46.1538,,,,,,,,,20.807,16.9296,5.4303,1.9356,-9.2888,-29.2005,100.0
trend_continuation_callback,趋势延续策略,all_med_ret_5d,全市场中位涨跌幅,5,5,low,低水位,-2.6304,-0.3348,1,9.6382,9.6382,0.0,0.0,0.0,1.1276,1.1276,0.0,0.0,-0.4216,-0.4216,0.0,0.0,0.0,100.0,,,,,,,,,,,,,,
trend_continuation_callback,趋势延续策略,all_med_ret_5d,全市场中位涨跌幅,5,5,mid,中水位,-2.6304,-0.3348,3,9.9162,5.4247,33.3333,33.3333,33.3333,4.3918,-1.7131,66.6667,33.3333,-3.7438,-8.2521,33.3333,33.3333,33.3333,100.0,,,,,,,,,,,,,,
trend_continuation_callback,趋势延续策略,all_med_ret_5d,全市场中位涨跌幅,5,5,high,高水位,-2.6304,-0.3348,9,7.5451,3.3679,44.4444,22.2222,0.0,-1.9689,-3.758,55.5556,33.3333,-7.1144,-16.1071,66.6667,44.4444,44.4444,100.0,,,,,,,,,,,,,,
trend_continuation_callback,趋势延续策略,all_med_ret_5d,全市场中位涨跌幅,5,10,low,低水位,-2.6304,-0.3348,1,,,0.0,0.0,0.0,,,100.0,0.0,,,0.0,0.0,0.0,,9.6382,9.6382,-0.3334,-0.3334,-1.4609,-1.4609,100.0,,,,,,,
trend_continuation_callback,趋势延续策略,all_med_ret_5d,全市场中位涨跌幅,5,10,mid,中水位,-2.6304,-0.3348,3,,,33.3333,33.3333,33.3333,,,66.6667,66.6667,,,66.6667,66.6667,66.6667,,16.57,5.6388,1.8106,-10.0287,-8.0241,-13.7045,100.0,,,,,,,
trend_continuation_callback,趋势延续策略,all_med_ret_5d,全市场中位涨跌幅,5,10,high,高水位,-2.6304,-0.3348,9,,,66.6667,44.4444,11.1111,,,55.5556,22.2222,,,77.7778,55.5556,55.5556,,13.0805,12.0539,1.7411,-1.6873,-9.6289,-26.91,100.0,,,,,,,
trend_continuation_callback,趋势延续策略,all_med_ret_5d,全市场中位涨跌幅,5,22,low,低水位,-2.6304,-0.3348,1,,,0.0,0.0,0.0,,,100.0,0.0,,,0.0,0.0,0.0,,,,,,,,,9.6382,9.6382,-0.451,-0.451,-4.4514,-4.4514,100.0
trend_continuation_callback,趋势延续策略,all_med_ret_5d,全市场中位涨跌幅,5,22,mid,中水位,-2.6304,-0.3348,3,,,33.3333,33.3333,33.3333,,,66.6667,66.6667,,,66.6667,66.6667,66.6667,,,,,,,,,23.3455,5.6388,1.1155,-12.3209,-15.2776,-30.1927,100.0
trend_continuation_callback,趋势延续策略,all_med_ret_5d,全市场中位涨跌幅,5,22,high,高水位,-2.6304,-0.3348,9,,,77.7778,66.6667,44.4444,,,66.6667,44.4444,,,88.8889,88.8889,88.8889,,,,,,,,,27.7887,17.9562,4.8813,-3.6269,-12.958,-32.944,100.0
ALL,全部来源,all_med_ret_10d,全市场中位涨跌幅,10,5,low,低水位,-5.8648,-0.224,99,7.5202,5.6898,25.2525,12.1212,9.0909,-1.8342,-3.1367,63.6364,39.3939,-7.0992,-18.8571,58.5859,42.4242,47.4747,79.798,,,,,,,,,,,,,,
ALL,全部来源,all_med_ret_10d,全市场中位涨跌幅,10,5,mid,中水位,-5.8648,-0.224,90,8.2687,5.982,27.7778,16.6667,8.8889,-0.7561,-0.9669,58.8889,32.2222,-7.4535,-24.7261,58.8889,38.8889,42.2222,93.3333,,,,,,,,,,,,,,
ALL,全部来源,all_med_ret_10d,全市场中位涨跌幅,10,5,high,高水位,-5.8648,-0.224,99,9.765,7.2129,39.3939,24.2424,12.1212,2.3375,0.8105,47.4747,26.2626,-6.3193,-26.3636,49.4949,26.2626,32.3232,100.0,,,,,,,,,,,,,,
ALL,全部来源,all_med_ret_10d,全市场中位涨跌幅,10,10,low,低水位,-5.8648,-0.224,99,,,35.3535,20.202,14.1414,,,57.5758,41.4141,,,67.6768,50.5051,54.5455,,9.8448,7.1338,-1.9336,-2.4027,-9.4775,-26.91,52.5253,,,,,,,
ALL,全部来源,all_med_ret_10d,全市场中位涨跌幅,10,10,mid,中水位,-5.8648,-0.224,90,,,42.2222,28.8889,16.6667,,,61.1111,41.1111,,,67.7778,54.4444,55.5556,,11.7645,8.6777,-1.3073,-2.2941,-10.0097,-35.8333,86.6667,,,,,,,
ALL,全部来源,all_med_ret_10d,全市场中位涨跌幅,10,10,high,高水位,-5.8648,-0.224,99,,,53.5354,39.3939,28.2828,,,44.4444,35.3535,,,65.6566,42.4242,46.4646,,14.8958,10.8744,2.6584,1.5385,-8.8544,-35.974,98.9899,,,,,,,
ALL,全部来源,all_med_ret_10d,全市场中位涨跌幅,10,22,low,低水位,-5.8648,-0.224,99,,,49.4949,35.3535,26.2626,,,54.5455,37.3737,,,70.7071,52.5253,56.5657,,,,,,,,,15.59,9.9442,2.6164,-1.9724,-9.8526,-32.944,34.3434
ALL,全部来源,all_med_ret_10d,全市场中位涨跌幅,10,22,mid,中水位,-5.8648,-0.224,90,,,54.4444,45.5556,35.5556,,,57.7778,50.0,,,77.7778,67.7778,68.8889,,,,,,,,,17.1264,13.3575,-0.4841,-4.8581,-13.0491,-40.1617,74.4444
ALL,全部来源,all_med_ret_10d,全市场中位涨跌幅,10,22,high,高水位,-5.8648,-0.224,99,,,61.6162,52.5253,43.4343,,,59.596,39.3939,,,71.7172,58.5859,59.596,,,,,,,,,23.0061,16.0,3.3239,-1.4968,-12.5446,-43.9855,85.8586
spark_opportunity_selector,星火机会模型,all_med_ret_10d,全市场中位涨跌幅,10,5,low,低水位,-5.8648,-0.224,48,8.6404,5.8727,29.1667,16.6667,14.5833,-1.6005,-4.0133,64.5833,41.6667,-8.1109,-18.8571,66.6667,52.0833,54.1667,81.25,,,,,,,,,,,,,,
spark_opportunity_selector,星火机会模型,all_med_ret_10d,全市场中位涨跌幅,10,5,mid,中水位,-5.8648,-0.224,65,7.9432,6.1856,29.2308,15.3846,6.1538,-2.0103,-2.0434,66.1538,35.3846,-7.8603,-24.7261,63.0769,40.0,44.6154,96.9231,,,,,,,,,,,,,,
spark_opportunity_selector,星火机会模型,all_med_ret_10d,全市场中位涨跌幅,10,5,high,高水位,-5.8648,-0.224,74,10.5728,8.4546,41.8919,25.6757,14.8649,2.8501,1.4698,44.5946,22.973,-6.4928,-26.3636,47.2973,28.3784,31.0811,100.0,,,,,,,,,,,,,,
spark_opportunity_selector,星火机会模型,all_med_ret_10d,全市场中位涨跌幅,10,10,low,低水位,-5.8648,-0.224,48,,,35.4167,25.0,20.8333,,,62.5,43.75,,,79.1667,62.5,64.5833,,11.3213,6.8999,-1.9867,-3.6225,-10.6033,-24.1143,56.25,,,,,,,
spark_opportunity_selector,星火机会模型,all_med_ret_10d,全市场中位涨跌幅,10,10,mid,中水位,-5.8648,-0.224,65,,,38.4615,24.6154,12.3077,,,64.6154,46.1538,,,73.8462,58.4615,60.0,,10.5024,7.563,-3.0244,-4.1431,-11.0854,-35.8333,92.3077,,,,,,,
spark_opportunity_selector,星火机会模型,all_med_ret_10d,全市场中位涨跌幅,10,10,high,高水位,-5.8648,-0.224,74,,,58.1081,43.2432,31.0811,,,41.8919,36.4865,,,62.1622,41.8919,45.9459,,16.1398,12.7729,2.9866,3.94,-8.8711,-35.974,98.6486,,,,,,,
spark_opportunity_selector,星火机会模型,all_med_ret_10d,全市场中位涨跌幅,10,22,low,低水位,-5.8648,-0.224,48,,,54.1667,41.6667,37.5,,,50.0,33.3333,,,81.25,62.5,64.5833,,,,,,,,,20.1708,10.672,6.7578,-1.1218,-10.6577,-24.1143,37.5
spark_opportunity_selector,星火机会模型,all_med_ret_10d,全市场中位涨跌幅,10,22,mid,中水位,-5.8648,-0.224,65,,,53.8462,43.0769,33.8462,,,58.4615,52.3077,,,81.5385,70.7692,72.3077,,,,,,,,,16.3434,11.1111,-0.8915,-6.3025,-13.6875,-39.7663,80.0
spark_opportunity_selector,星火机会模型,all_med_ret_10d,全市场中位涨跌幅,10,22,high,高水位,-5.8648,-0.224,74,,,64.8649,56.7568,47.2973,,,59.4595,37.8378,,,70.2703,59.4595,59.4595,,,,,,,,,24.112,16.8486,3.7203,-1.1918,-12.5481,-43.9855,82.4324
probe_d3_confirmed,试盘识别-三日确认,all_med_ret_10d,全市场中位涨跌幅,10,5,low,低水位,-5.8648,-0.224,5,6.8437,5.2147,40.0,0.0,0.0,-3.2905,-5.5215,80.0,60.0,-7.5864,-16.6667,60.0,20.0,60.0,60.0,,,,,,,,,,,,,,
probe_d3_confirmed,试盘识别-三日确认,all_med_ret_10d,全市场中位涨跌幅,10,5,mid,中水位,-5.8648,-0.224,5,5.1312,5.7325,0.0,0.0,0.0,1.7082,3.1847,20.0,20.0,-6.0801,-10.6773,60.0,40.0,40.0,80.0,,,,,,,,,,,,,,
probe_d3_confirmed,试盘识别-三日确认,all_med_ret_10d,全市场中位涨跌幅,10,5,high,高水位,-5.8648,-0.224,3,3.9008,2.1327,0.0,0.0,0.0,-8.0798,-6.2666,100.0,66.6667,-9.962,-17.9796,100.0,33.3333,66.6667,100.0,,,,,,,,,,,,,,
probe_d3_confirmed,试盘识别-三日确认,all_med_ret_10d,全市场中位涨跌幅,10,10,low,低水位,-5.8648,-0.224,5,,,40.0,0.0,0.0,,,80.0,80.0,,,80.0,20.0,80.0,,6.8437,5.2147,-5.9294,-6.8966,-9.3935,-21.4872,0.0,,,,,,,
probe_d3_confirmed,试盘识别-三日确认,all_med_ret_10d,全市场中位涨跌幅,10,10,mid,中水位,-5.8648,-0.224,5,,,40.0,40.0,20.0,,,60.0,40.0,,,60.0,60.0,60.0,,11.7585,8.6253,1.8471,-2.8074,-7.4308,-10.6773,80.0,,,,,,,
probe_d3_confirmed,试盘识别-三日确认,all_med_ret_10d,全市场中位涨跌幅,10,10,high,高水位,-5.8648,-0.224,3,,,0.0,0.0,0.0,,,66.6667,66.6667,,,100.0,100.0,100.0,,4.4519,2.3474,-11.3625,-9.8225,-15.9578,-26.5306,100.0,,,,,,,
probe_d3_confirmed,试盘识别-三日确认,all_med_ret_10d,全市场中位涨跌幅,10,22,low,低水位,-5.8648,-0.224,5,,,40.0,0.0,0.0,,,80.0,80.0,,,80.0,20.0,80.0,,,,,,,,,6.8437,5.2147,-5.9294,-6.8966,-9.3935,-21.4872,0.0
probe_d3_confirmed,试盘识别-三日确认,all_med_ret_10d,全市场中位涨跌幅,10,22,mid,中水位,-5.8648,-0.224,5,,,40.0,40.0,20.0,,,60.0,60.0,,,80.0,60.0,60.0,,,,,,,,,11.7585,8.6253,-11.9141,-5.1839,-16.0446,-40.1617,20.0
probe_d3_confirmed,试盘识别-三日确认,all_med_ret_10d,全市场中位涨跌幅,10,22,high,高水位,-5.8648,-0.224,3,,,33.3333,33.3333,33.3333,,,66.6667,33.3333,,,100.0,100.0,100.0,,,,,,,,,12.5216,8.8757,-7.9733,-3.6686,-23.3231,-39.0408,66.6667
stable_capital_callback,资金流回调稳健策略,all_med_ret_10d,全市场中位涨跌幅,10,5,low,低水位,-5.8648,-0.224,44,6.2797,5.5515,18.1818,6.8182,4.5455,-1.5555,-2.0875,59.0909,34.0909,-5.7063,-13.984,47.7273,31.8182,36.3636,79.5455,,,,,,,,,,,,,,
stable_capital_callback,资金流回调稳健策略,all_med_ret_10d,全市场中位涨跌幅,10,5,mid,中水位,-5.8648,-0.224,14,10.444,7.2223,28.5714,21.4286,21.4286,3.281,0.7287,42.8571,21.4286,-7.2795,-21.2944,42.8571,35.7143,35.7143,78.5714,,,,,,,,,,,,,,
stable_capital_callback,资金流回调稳健策略,all_med_ret_10d,全市场中位涨跌幅,10,5,high,高水位,-5.8648,-0.224,17,8.2701,3.682,35.2941,29.4118,5.8824,2.1433,-0.1015,52.9412,35.2941,-5.3906,-13.9524,52.9412,17.6471,35.2941,100.0,,,,,,,,,,,,,,
stable_capital_callback,资金流回调稳健策略,all_med_ret_10d,全市场中位涨跌幅,10,10,low,低水位,-5.8648,-0.224,44,,,31.8182,13.6364,9.0909,,,50.0,34.0909,,,52.2727,38.6364,38.6364,,8.1618,6.9482,-1.302,0.0175,-7.8876,-21.9161,52.2727,,,,,,,
stable_capital_callback,资金流回调稳健策略,all_med_ret_10d,全市场中位涨跌幅,10,10,mid,中水位,-5.8648,-0.224,14,,,57.1429,42.8571,35.7143,,,42.8571,28.5714,,,50.0,42.8571,42.8571,,16.4319,13.5309,3.3118,1.9627,-7.8933,-23.7996,57.1429,,,,,,,
stable_capital_callback,资金流回调稳健策略,all_med_ret_10d,全市场中位涨跌幅,10,10,high,高水位,-5.8648,-0.224,17,,,47.0588,35.2941,23.5294,,,47.0588,23.5294,,,70.5882,29.4118,35.2941,,12.6524,8.3638,4.0998,1.522,-7.53,-19.4762,100.0,,,,,,,
stable_capital_callback,资金流回调稳健策略,all_med_ret_10d,全市场中位涨跌幅,10,22,low,低水位,-5.8648,-0.224,44,,,43.1818,29.5455,15.9091,,,56.8182,36.3636,,,56.8182,43.1818,43.1818,,,,,,,,,11.3568,7.7048,-0.4255,-1.158,-8.535,-21.9161,31.8182
stable_capital_callback,资金流回调稳健策略,all_med_ret_10d,全市场中位涨跌幅,10,22,mid,中水位,-5.8648,-0.224,14,,,57.1429,50.0,42.8571,,,50.0,42.8571,,,64.2857,57.1429,57.1429,,,,,,,,,17.8596,15.4972,0.3856,-1.0023,-11.183,-29.7185,57.1429
stable_capital_callback,资金流回调稳健策略,all_med_ret_10d,全市场中位涨跌幅,10,22,high,高水位,-5.8648,-0.224,17,,,58.8235,47.0588,35.2941,,,52.9412,41.1765,,,70.5882,41.1765,47.0588,,,,,,,,,19.8533,12.3846,4.8489,-0.1421,-9.7501,-29.2005,100.0
trend_continuation_callback,趋势延续策略,all_med_ret_10d,全市场中位涨跌幅,10,5,low,低水位,-5.8648,-0.224,2,9.6169,9.6169,50.0,50.0,0.0,-9.9325,-9.9325,100.0,50.0,-12.2437,-16.1071,100.0,100.0,100.0,100.0,,,,,,,,,,,,,,
trend_continuation_callback,趋势延续策略,all_med_ret_10d,全市场中位涨跌幅,10,5,mid,中水位,-5.8648,-0.224,6,9.3337,6.503,33.3333,33.3333,16.6667,1.3566,-1.3792,50.0,33.3333,-4.5969,-8.2521,50.0,33.3333,33.3333,100.0,,,,,,,,,,,,,,
trend_continuation_callback,趋势延续策略,all_med_ret_10d,全市场中位涨跌幅,10,5,high,高水位,-5.8648,-0.224,5,6.4114,5.4247,40.0,0.0,0.0,1.6616,2.5586,40.0,20.0,-4.7228,-9.0106,40.0,20.0,20.0,100.0,,,,,,,,,,,,,,
trend_continuation_callback,趋势延续策略,all_med_ret_10d,全市场中位涨跌幅,10,10,low,低水位,-5.8648,-0.224,2,,,100.0,100.0,0.0,,,50.0,50.0,,,100.0,100.0,100.0,,18.9367,18.9367,-4.5635,-4.5635,-17.6452,-26.91,100.0,,,,,,,
trend_continuation_callback,趋势延续策略,all_med_ret_10d,全市场中位涨跌幅,10,10,mid,中水位,-5.8648,-0.224,6,,,50.0,33.3333,16.6667,,,66.6667,16.6667,,,50.0,33.3333,33.3333,,14.5519,10.2595,3.8891,-1.0104,-5.444,-10.3152,100.0,,,,,,,
trend_continuation_callback,趋势延续策略,all_med_ret_10d,全市场中位涨跌幅,10,10,high,高水位,-5.8648,-0.224,5,,,40.0,20.0,20.0,,,60.0,40.0,,,80.0,60.0,60.0,,10.3776,5.6388,1.3121,-3.6582,-8.8479,-13.7045,100.0,,,,,,,
trend_continuation_callback,趋势延续策略,all_med_ret_10d,全市场中位涨跌幅,10,22,low,低水位,-5.8648,-0.224,2,,,100.0,100.0,50.0,,,50.0,50.0,,,100.0,100.0,100.0,,,,,,,,,20.6467,20.6467,-8.4916,-8.4916,-20.6622,-32.944,100.0
trend_continuation_callback,趋势延续策略,all_med_ret_10d,全市场中位涨跌幅,10,22,mid,中水位,-5.8648,-0.224,6,,,66.6667,66.6667,50.0,,,66.6667,33.3333,,,66.6667,66.6667,66.6667,,,,,,,,,28.372,24.5886,11.4263,-2.0389,-7.9916,-15.5874,100.0
trend_continuation_callback,趋势延续策略,all_med_ret_10d,全市场中位涨跌幅,10,22,high,高水位,-5.8648,-0.224,5,,,40.0,20.0,20.0,,,80.0,60.0,,,80.0,80.0,80.0,,,,,,,,,23.6495,8.8305,-0.9495,-5.5437,-15.5265,-30.1927,100.0
ALL,全部来源,all_med_ret_20d,全市场中位涨跌幅,20,5,low,低水位,-6.3926,-2.4111,96,7.3575,5.9597,23.9583,10.4167,7.2917,-1.049,-1.3616,58.3333,32.2917,-6.2881,-18.0982,52.0833,33.3333,38.5417,72.9167,,,,,,,,,,,,,,
ALL,全部来源,all_med_ret_20d,全市场中位涨跌幅,20,5,mid,中水位,-6.3926,-2.4111,91,8.2503,6.401,30.7692,17.5824,9.8901,-0.5283,-0.9104,56.044,30.7692,-7.6001,-24.7261,56.044,40.6593,43.956,100.0,,,,,,,,,,,,,,
ALL,全部来源,all_med_ret_20d,全市场中位涨跌幅,20,5,high,高水位,-6.3926,-2.4111,101,9.8843,6.2097,37.6238,24.7525,12.8713,1.2926,-0.4484,55.4455,34.6535,-6.97,-26.3636,58.4158,33.6634,39.604,100.0,,,,,,,,,,,,,,
ALL,全部来源,all_med_ret_20d,全市场中位涨跌幅,20,10,low,低水位,-6.3926,-2.4111,96,,,37.5,20.8333,12.5,,,48.9583,29.1667,,,57.2917,39.5833,42.7083,,10.1379,7.8049,0.4287,0.3,-7.5028,-26.91,53.125,,,,,,,
ALL,全部来源,all_med_ret_20d,全市场中位涨跌幅,20,10,mid,中水位,-6.3926,-2.4111,91,,,46.1538,31.8681,23.0769,,,58.2418,48.3516,,,70.3297,54.9451,58.2418,,12.2207,9.0164,-0.9675,-4.5317,-10.6552,-35.8333,83.5165,,,,,,,
ALL,全部来源,all_med_ret_20d,全市场中位涨跌幅,20,10,high,高水位,-6.3926,-2.4111,101,,,47.5248,35.6436,23.7624,,,55.4455,40.5941,,,73.2673,52.4752,55.4455,,14.0872,9.8219,0.0098,-1.6873,-10.1567,-35.974,100.0,,,,,,,
ALL,全部来源,all_med_ret_20d,全市场中位涨跌幅,20,22,low,低水位,-6.3926,-2.4111,96,,,54.1667,42.7083,31.25,,,46.875,31.25,,,62.5,43.75,46.875,,,,,,,,,18.0948,10.72,5.6205,0.7472,-8.7155,-40.1617,52.0833
ALL,全部来源,all_med_ret_20d,全市场中位涨跌幅,20,22,mid,中水位,-6.3926,-2.4111,91,,,52.7473,39.5604,34.0659,,,60.4396,46.1538,,,74.7253,64.8352,65.9341,,,,,,,,,18.1199,11.1111,2.251,-4.5317,-12.0816,-35.8333,59.3407
ALL,全部来源,all_med_ret_20d,全市场中位涨跌幅,20,22,high,高水位,-6.3926,-2.4111,101,,,58.4158,50.495,39.604,,,64.3564,48.5149,,,82.1782,69.3069,71.2871,,,,,,,,,19.5682,15.0538,-1.9791,-4.1123,-14.4122,-43.9855,81.1881
spark_opportunity_selector,星火机会模型,all_med_ret_20d,全市场中位涨跌幅,20,5,low,低水位,-6.3926,-2.4111,50,8.4013,5.9873,32.0,16.0,14.0,-1.114,-2.9895,64.0,38.0,-7.0185,-18.0982,60.0,40.0,44.0,78.0,,,,,,,,,,,,,,
spark_opportunity_selector,星火机会模型,all_med_ret_20d,全市场中位涨跌幅,20,5,mid,中水位,-6.3926,-2.4111,59,7.9815,6.5407,25.4237,13.5593,6.7797,-1.1822,-0.9104,55.9322,27.1186,-8.2218,-24.7261,57.6271,44.0678,45.7627,100.0,,,,,,,,,,,,,,
spark_opportunity_selector,星火机会模型,all_med_ret_20d,全市场中位涨跌幅,20,5,high,高水位,-6.3926,-2.4111,78,10.5444,7.5043,42.3077,26.9231,14.1026,1.6521,-0.3172,53.8462,32.0513,-6.9833,-26.3636,56.4103,33.3333,37.1795,100.0,,,,,,,,,,,,,,
spark_opportunity_selector,星火机会模型,all_med_ret_20d,全市场中位涨跌幅,20,10,low,低水位,-6.3926,-2.4111,50,,,38.0,24.0,16.0,,,52.0,32.0,,,68.0,48.0,50.0,,11.3,7.811,0.3168,-1.0687,-8.5516,-21.6533,60.0,,,,,,,
spark_opportunity_selector,星火机会模型,all_med_ret_20d,全市场中位涨跌幅,20,10,mid,中水位,-6.3926,-2.4111,59,,,45.7627,32.2034,22.0339,,,57.6271,47.4576,,,71.1864,57.6271,59.322,,12.3545,9.0164,-1.1816,-4.5317,-11.0691,-35.8333,88.1356,,,,,,,
spark_opportunity_selector,星火机会模型,all_med_ret_20d,全市场中位涨跌幅,20,10,high,高水位,-6.3926,-2.4111,78,,,50.0,37.1795,25.641,,,55.1282,43.5897,,,71.7949,52.5641,56.4103,,14.4424,10.1519,-0.2188,-1.4328,-10.3244,-35.974,100.0,,,,,,,
spark_opportunity_selector,星火机会模型,all_med_ret_20d,全市场中位涨跌幅,20,22,low,低水位,-6.3926,-2.4111,50,,,62.0,52.0,44.0,,,40.0,26.0,,,70.0,48.0,50.0,,,,,,,,,23.7494,16.9865,11.0845,3.2794,-8.795,-21.6533,60.0
spark_opportunity_selector,星火机会模型,all_med_ret_20d,全市场中位涨跌幅,20,22,mid,中水位,-6.3926,-2.4111,59,,,54.2373,40.678,35.5932,,,57.6271,45.7627,,,76.2712,69.4915,69.4915,,,,,,,,,18.8021,11.1111,3.1159,-4.5322,-12.7632,-35.8333,66.1017
spark_opportunity_selector,星火机会模型,all_med_ret_20d,全市场中位涨跌幅,20,22,high,高水位,-6.3926,-2.4111,78,,,58.9744,51.2821,41.0256,,,66.6667,48.7179,,,82.0513,70.5128,71.7949,,,,,,,,,19.4618,15.168,-2.5172,-4.1691,-14.5775,-43.9855,79.4872
probe_d3_confirmed,试盘识别-三日确认,all_med_ret_20d,全市场中位涨跌幅,20,5,low,低水位,-6.3926,-2.4111,5,5.9078,5.2147,20.0,0.0,0.0,-0.0788,-5.1839,60.0,60.0,-6.9927,-10.6773,80.0,20.0,60.0,40.0,,,,,,,,,,,,,,
probe_d3_confirmed,试盘识别-三日确认,all_med_ret_20d,全市场中位涨跌幅,20,5,mid,中水位,-6.3926,-2.4111,2,7.6557,7.6557,50.0,0.0,0.0,-7.9258,-7.9258,100.0,50.0,-10.0575,-16.6667,50.0,50.0,50.0,100.0,,,,,,,,,,,,,,
probe_d3_confirmed,试盘识别-三日确认,all_med_ret_20d,全市场中位涨跌幅,20,5,high,高水位,-6.3926,-2.4111,6,4.4544,4.511,0.0,0.0,0.0,-2.6509,-1.5184,50.0,33.3333,-7.19,-17.9796,66.6667,33.3333,50.0,100.0,,,,,,,,,,,,,,
probe_d3_confirmed,试盘识别-三日确认,all_med_ret_20d,全市场中位涨跌幅,20,10,low,低水位,-6.3926,-2.4111,5,,,20.0,0.0,0.0,,,80.0,80.0,,,80.0,40.0,80.0,,5.9078,5.2147,-3.4816,-6.1452,-7.9547,-10.6773,20.0,,,,,,,
probe_d3_confirmed,试盘识别-三日确认,all_med_ret_20d,全市场中位涨跌幅,20,10,mid,中水位,-6.3926,-2.4111,2,,,50.0,0.0,0.0,,,100.0,100.0,,,100.0,50.0,100.0,,7.6557,7.6557,-13.8329,-13.8329,-14.1919,-21.4872,0.0,,,,,,,
probe_d3_confirmed,试盘识别-三日确认,all_med_ret_20d,全市场中位涨跌幅,20,10,high,高水位,-6.3926,-2.4111,6,,,33.3333,33.3333,16.6667,,,50.0,33.3333,,,66.6667,66.6667,66.6667,,10.2527,7.4388,-1.5709,-0.8832,-10.6397,-26.5306,100.0,,,,,,,
probe_d3_confirmed,试盘识别-三日确认,all_med_ret_20d,全市场中位涨跌幅,20,22,low,低水位,-6.3926,-2.4111,5,,,20.0,0.0,0.0,,,80.0,80.0,,,80.0,40.0,80.0,,,,,,,,,5.9078,5.2147,-9.4654,-6.1452,-13.8846,-40.1617,0.0
probe_d3_confirmed,试盘识别-三日确认,all_med_ret_20d,全市场中位涨跌幅,20,22,mid,中水位,-6.3926,-2.4111,2,,,50.0,0.0,0.0,,,100.0,100.0,,,100.0,50.0,100.0,,,,,,,,,7.6557,7.6557,-13.8329,-13.8329,-14.1919,-21.4872,0.0
probe_d3_confirmed,试盘识别-三日确认,all_med_ret_20d,全市场中位涨跌幅,20,22,high,高水位,-6.3926,-2.4111,6,,,50.0,50.0,33.3333,,,50.0,33.3333,,,83.3333,66.6667,66.6667,,,,,,,,,14.2875,12.9905,-6.3575,-1.8343,-16.5589,-39.0408,50.0
stable_capital_callback,资金流回调稳健策略,all_med_ret_20d,全市场中位涨跌幅,20,5,low,低水位,-6.3926,-2.4111,39,6.0894,5.9621,12.8205,2.5641,0.0,-0.6344,0.4373,48.7179,20.5128,-4.956,-14.7733,35.8974,23.0769,25.641,69.2308,,,,,,,,,,,,,,
stable_capital_callback,资金流回调稳健策略,all_med_ret_20d,全市场中位涨跌幅,20,5,mid,中水位,-6.3926,-2.4111,25,8.5809,4.8125,36.0,28.0,20.0,1.0424,-2.2025,60.0,40.0,-6.7188,-13.984,60.0,36.0,44.0,100.0,,,,,,,,,,,,,,
stable_capital_callback,资金流回调稳健策略,all_med_ret_20d,全市场中位涨跌幅,20,5,high,高水位,-6.3926,-2.4111,11,10.1004,1.3964,36.3636,27.2727,9.0909,1.1463,-5.2999,63.6364,54.5455,-7.5797,-21.2944,63.6364,36.3636,54.5455,100.0,,,,,,,,,,,,,,
stable_capital_callback,资金流回调稳健策略,all_med_ret_20d,全市场中位涨跌幅,20,10,low,低水位,-6.3926,-2.4111,39,,,35.8974,15.3846,10.2564,,,41.0256,17.9487,,,38.4615,25.641,25.641,,8.739,7.7048,1.3296,1.0638,-5.5802,-17.1219,46.1538,,,,,,,
stable_capital_callback,资金流回调稳健策略,all_med_ret_20d,全市场中位涨跌幅,20,10,mid,中水位,-6.3926,-2.4111,25,,,44.0,32.0,28.0,,,52.0,52.0,,,72.0,52.0,56.0,,12.0049,7.1338,-0.2075,-6.558,-10.2744,-21.9161,76.0,,,,,,,
stable_capital_callback,资金流回调稳健策略,all_med_ret_20d,全市场中位涨跌幅,20,10,high,高水位,-6.3926,-2.4111,11,,,45.4545,36.3636,18.1818,,,63.6364,27.2727,,,81.8182,45.4545,45.4545,,14.8467,3.4615,1.101,-2.3904,-10.0987,-23.7996,100.0,,,,,,,
stable_capital_callback,资金流回调稳健策略,all_med_ret_20d,全市场中位涨跌幅,20,22,low,低水位,-6.3926,-2.4111,39,,,46.1538,33.3333,17.9487,,,51.2821,30.7692,,,48.7179,35.8974,35.8974,,,,,,,,,12.2768,8.4824,1.2732,-0.1432,-7.3381,-29.7185,46.1538
stable_capital_callback,资金流回调稳健策略,all_med_ret_20d,全市场中位涨跌幅,20,22,mid,中水位,-6.3926,-2.4111,25,,,48.0,40.0,36.0,,,60.0,44.0,,,72.0,56.0,56.0,,,,,,,,,15.6075,8.3638,1.042,-2.4419,-10.7988,-21.9161,40.0
stable_capital_callback,资金流回调稳健策略,all_med_ret_20d,全市场中位涨跌幅,20,22,high,高水位,-6.3926,-2.4111,11,,,63.6364,45.4545,27.2727,,,54.5455,54.5455,,,81.8182,54.5455,63.6364,,,,,,,,,19.8415,12.3846,-0.5998,-5.2047,-12.8817,-29.2005,100.0
trend_continuation_callback,趋势延续策略,all_med_ret_20d,全市场中位涨跌幅,20,5,low,低水位,-6.3926,-2.4111,2,9.6169,9.6169,50.0,50.0,0.0,-9.9325,-9.9325,100.0,50.0,-12.2437,-16.1071,100.0,100.0,100.0,100.0,,,,,,,,,,,,,,
trend_continuation_callback,趋势延续策略,all_med_ret_20d,全市场中位涨跌幅,20,5,mid,中水位,-6.3926,-2.4111,5,10.0067,10.8735,60.0,20.0,0.0,2.2923,2.8713,20.0,20.0,-3.6873,-9.0106,20.0,20.0,20.0,100.0,,,,,,,,,,,,,,
trend_continuation_callback,趋势延续策略,all_med_ret_20d,全市场中位涨跌幅,20,5,high,高水位,-6.3926,-2.4111,6,6.3376,3.0699,16.6667,16.6667,16.6667,0.8311,-2.7995,66.6667,33.3333,-5.4598,-8.2521,66.6667,33.3333,33.3333,100.0,,,,,,,,,,,,,,
trend_continuation_callback,趋势延续策略,all_med_ret_20d,全市场中位涨跌幅,20,10,low,低水位,-6.3926,-2.4111,2,,,100.0,100.0,0.0,,,50.0,50.0,,,100.0,100.0,100.0,,18.9367,18.9367,-4.5635,-4.5635,-17.6452,-26.91,100.0,,,,,,,
trend_continuation_callback,趋势延续策略,all_med_ret_20d,全市场中位涨跌幅,20,10,mid,中水位,-6.3926,-2.4111,5,,,60.0,40.0,20.0,,,80.0,20.0,,,40.0,40.0,40.0,,13.5462,12.0539,2.9049,-2.2772,-6.2607,-11.1023,100.0,,,,,,,
trend_continuation_callback,趋势延续策略,all_med_ret_20d,全市场中位涨跌幅,20,10,high,高水位,-6.3926,-2.4111,6,,,33.3333,16.6667,16.6667,,,50.0,33.3333,,,83.3333,50.0,50.0,,11.9114,5.9127,2.5617,0.4357,-7.5999,-13.7045,100.0,,,,,,,
trend_continuation_callback,趋势延续策略,all_med_ret_20d,全市场中位涨跌幅,20,22,low,低水位,-6.3926,-2.4111,2,,,100.0,100.0,50.0,,,50.0,50.0,,,100.0,100.0,100.0,,,,,,,,,20.6467,20.6467,-8.4916,-8.4916,-20.6622,-32.944,100.0
trend_continuation_callback,趋势延续策略,all_med_ret_20d,全市场中位涨跌幅,20,22,mid,中水位,-6.3926,-2.4111,5,,,60.0,40.0,20.0,,,80.0,40.0,,,60.0,60.0,60.0,,,,,,,,,26.8182,12.0539,4.523,-2.7989,-9.6094,-19.9048,100.0
trend_continuation_callback,趋势延续策略,all_med_ret_20d,全市场中位涨跌幅,20,22,high,高水位,-6.3926,-2.4111,6,,,50.0,50.0,50.0,,,66.6667,50.0,,,83.3333,83.3333,83.3333,,,,,,,,,25.7315,19.1407,6.8659,-4.5853,-12.9225,-30.1927,100.0
ALL,全部来源,small_up_ratio_1d,小盘上涨占比,1,5,low,低水位,21.3254,57.0694,97,8.5974,6.401,26.8041,17.5258,11.3402,0.2909,-1.0234,55.6701,32.9897,-7.0934,-24.3161,58.7629,42.268,45.3608,87.6289,,,,,,,,,,,,,,
ALL,全部来源,small_up_ratio_1d,小盘上涨占比,1,5,mid,中水位,21.3254,57.0694,93,8.2189,5.6898,37.6344,18.2796,8.6022,0.1638,-0.7812,58.0645,30.1075,-6.4538,-26.3636,55.914,30.1075,35.4839,91.3978,,,,,,,,,,,,,,
ALL,全部来源,small_up_ratio_1d,小盘上涨占比,1,5,high,高水位,21.3254,57.0694,98,8.7461,6.4855,28.5714,17.3469,10.2041,-0.6293,-0.9788,56.1224,34.6939,-7.2549,-24.7261,52.0408,34.6939,40.8163,93.8776,,,,,,,,,,,,,,
ALL,全部来源,small_up_ratio_1d,小盘上涨占比,1,10,low,低水位,21.3254,57.0694,97,,,39.1753,28.866,19.5876,,,60.8247,42.268,,,64.9485,52.5773,54.6392,,12.039,7.7048,-0.9019,-2.84,-9.2017,-30.2222,74.2268,,,,,,,
ALL,全部来源,small_up_ratio_1d,小盘上涨占比,1,10,mid,中水位,21.3254,57.0694,93,,,47.3118,29.0323,21.5054,,,54.8387,37.6344,,,72.043,51.6129,55.914,,12.1954,8.8579,-0.1133,-1.0976,-9.3899,-35.974,83.871,,,,,,,
ALL,全部来源,small_up_ratio_1d,小盘上涨占比,1,10,high,高水位,21.3254,57.0694,98,,,44.898,30.6122,18.3673,,,46.9388,37.7551,,,64.2857,42.8571,45.9184,,12.3079,8.8213,0.5318,0.6907,-9.6928,-35.8333,79.5918,,,,,,,
ALL,全部来源,small_up_ratio_1d,小盘上涨占比,1,22,low,低水位,21.3254,57.0694,97,,,47.4227,40.2062,28.866,,,60.8247,42.268,,,73.1959,59.7938,60.8247,,,,,,,,,16.7302,9.0164,1.1482,-3.2279,-11.1151,-40.1617,50.5155
ALL,全部来源,small_up_ratio_1d,小盘上涨占比,1,22,mid,中水位,21.3254,57.0694,93,,,59.1398,41.9355,35.4839,,,62.3656,44.086,,,77.4194,65.5914,67.7419,,,,,,,,,18.3093,12.0539,-0.8443,-3.1367,-12.5552,-39.7663,67.7419
ALL,全部来源,small_up_ratio_1d,小盘上涨占比,1,22,high,高水位,21.3254,57.0694,98,,,59.1837,51.0204,40.8163,,,48.9796,39.7959,,,69.3878,53.0612,56.1224,,,,,,,,,20.7837,15.2626,5.2211,0.2982,-11.6934,-43.9855,75.5102
spark_opportunity_selector,星火机会模型,small_up_ratio_1d,小盘上涨占比,1,5,low,低水位,21.3254,57.0694,64,10.0354,6.5491,35.9375,25.0,17.1875,0.7914,-1.9745,59.375,32.8125,-7.4928,-24.3161,62.5,45.3125,46.875,92.1875,,,,,,,,,,,,,,
spark_opportunity_selector,星火机会模型,small_up_ratio_1d,小盘上涨占比,1,5,mid,中水位,21.3254,57.0694,62,8.9098,6.1976,38.7097,19.3548,9.6774,0.9613,-0.3172,54.8387,24.1935,-6.2546,-26.3636,54.8387,25.8065,30.6452,95.1613,,,,,,,,,,,,,,
spark_opportunity_selector,星火机会模型,small_up_ratio_1d,小盘上涨占比,1,5,high,高水位,21.3254,57.0694,61,8.5042,7.0131,27.8689,14.7541,8.1967,-1.7513,-1.6807,57.377,39.3443,-8.416,-24.7261,55.7377,44.2623,47.541,95.082,,,,,,,,,,,,,,
spark_opportunity_selector,星火机会模型,small_up_ratio_1d,小盘上涨占比,1,10,low,低水位,21.3254,57.0694,64,,,45.3125,32.8125,23.4375,,,60.9375,43.75,,,70.3125,56.25,57.8125,,14.0272,8.5039,-0.4969,-4.097,-9.7791,-30.2222,82.8125,,,,,,,
spark_opportunity_selector,星火机会模型,small_up_ratio_1d,小盘上涨占比,1,10,mid,中水位,21.3254,57.0694,62,,,50.0,32.2581,25.8065,,,50.0,35.4839,,,69.3548,50.0,53.2258,,13.3845,10.2377,0.4733,0.1683,-9.231,-35.974,88.7097,,,,,,,
spark_opportunity_selector,星火机会模型,small_up_ratio_1d,小盘上涨占比,1,10,high,高水位,21.3254,57.0694,61,,,40.9836,31.1475,16.3934,,,54.0984,45.9016,,,72.1311,52.459,55.7377,,11.3581,8.7368,-1.1227,-2.7136,-11.2751,-35.8333,85.2459,,,,,,,
spark_opportunity_selector,星火机会模型,small_up_ratio_1d,小盘上涨占比,1,22,low,低水位,21.3254,57.0694,64,,,57.8125,48.4375,37.5,,,57.8125,40.625,,,78.125,64.0625,64.0625,,,,,,,,,20.2042,14.3834,3.7144,-3.4227,-11.3329,-34.2667,59.375
spark_opportunity_selector,星火机会模型,small_up_ratio_1d,小盘上涨占比,1,22,mid,中水位,21.3254,57.0694,62,,,61.2903,46.7742,41.9355,,,59.6774,41.9355,,,77.4194,66.129,67.7419,,,,,,,,,19.3355,13.5614,-0.7316,-1.6338,-12.3994,-39.7663,70.9677
spark_opportunity_selector,星火机会模型,small_up_ratio_1d,小盘上涨占比,1,22,high,高水位,21.3254,57.0694,61,,,55.7377,49.1803,40.9836,,,52.459,42.623,,,75.4098,62.2951,63.9344,,,,,,,,,21.6876,13.4122,5.7272,-0.4211,-13.7009,-43.9855,80.3279
probe_d3_confirmed,试盘识别-三日确认,small_up_ratio_1d,小盘上涨占比,1,5,low,低水位,21.3254,57.0694,4,4.784,4.2521,0.0,0.0,0.0,-1.082,-2.0986,50.0,50.0,-6.9933,-10.6773,75.0,25.0,50.0,75.0,,,,,,,,,,,,,,
probe_d3_confirmed,试盘识别-三日确认,small_up_ratio_1d,小盘上涨占比,1,5,mid,中水位,21.3254,57.0694,4,5.3894,4.1796,25.0,0.0,0.0,-1.461,-1.4803,50.0,50.0,-9.2171,-17.9796,75.0,50.0,75.0,50.0,,,,,,,,,,,,,,
probe_d3_confirmed,试盘识别-三日确认,small_up_ratio_1d,小盘上涨占比,1,5,high,高水位,21.3254,57.0694,5,6.1766,6.0019,20.0,0.0,0.0,-4.3959,-4.0237,80.0,40.0,-6.6754,-16.6667,60.0,20.0,40.0,100.0,,,,,,,,,,,,,,
probe_d3_confirmed,试盘识别-三日确认,small_up_ratio_1d,小盘上涨占比,1,10,low,低水位,21.3254,57.0694,4,,,25.0,25.0,0.0,,,75.0,75.0,,,75.0,50.0,75.0,,8.238,6.92,-3.2794,-6.0428,-8.1958,-10.6773,50.0,,,,,,,
probe_d3_confirmed,试盘识别-三日确认,small_up_ratio_1d,小盘上涨占比,1,10,mid,中水位,21.3254,57.0694,4,,,50.0,25.0,25.0,,,50.0,50.0,,,75.0,50.0,75.0,,10.2196,6.8462,-0.5317,2.4602,-11.3548,-26.5306,50.0,,,,,,,
probe_d3_confirmed,试盘识别-三日确认,small_up_ratio_1d,小盘上涨占比,1,10,high,高水位,21.3254,57.0694,5,,,20.0,0.0,0.0,,,80.0,60.0,,,80.0,60.0,80.0,,6.5073,6.0019,-7.8509,-6.8966,-10.7585,-21.4872,60.0,,,,,,,
probe_d3_confirmed,试盘识别-三日确认,small_up_ratio_1d,小盘上涨占比,1,22,low,低水位,21.3254,57.0694,4,,,25.0,25.0,0.0,,,75.0,75.0,,,75.0,50.0,75.0,,,,,,,,,8.238,6.92,-13.0619,-6.0428,-15.6082,-40.1617,0.0
probe_d3_confirmed,试盘识别-三日确认,small_up_ratio_1d,小盘上涨占比,1,22,mid,中水位,21.3254,57.0694,4,,,50.0,25.0,25.0,,,75.0,75.0,,,75.0,50.0,75.0,,,,,,,,,10.2196,6.8462,-11.9308,-10.1852,-17.4017,-39.0408,25.0
probe_d3_confirmed,试盘识别-三日确认,small_up_ratio_1d,小盘上涨占比,1,22,high,高水位,21.3254,57.0694,5,,,40.0,20.0,20.0,,,60.0,40.0,,,100.0,60.0,80.0,,,,,,,,,11.3491,8.8757,-2.6335,-3.6686,-13.0241,-21.4872,40.0
stable_capital_callback,资金流回调稳健策略,small_up_ratio_1d,小盘上涨占比,1,5,low,低水位,21.3254,57.0694,27,5.421,5.9621,7.4074,0.0,0.0,-0.8187,-0.4616,51.8519,33.3333,-6.5648,-14.7733,51.8519,40.7407,44.4444,77.7778,,,,,,,,,,,,,,
stable_capital_callback,资金流回调稳健策略,small_up_ratio_1d,小盘上涨占比,1,5,mid,中水位,21.3254,57.0694,18,7.1391,3.2702,38.8889,22.2222,5.5556,-2.8317,-4.2522,72.2222,44.4444,-7.0914,-21.2944,55.5556,38.8889,44.4444,83.3333,,,,,,,,,,,,,,
stable_capital_callback,资金流回调稳健策略,small_up_ratio_1d,小盘上涨占比,1,5,high,高水位,21.3254,57.0694,30,9.6081,5.8119,30.0,23.3333,16.6667,2.9001,0.659,46.6667,23.3333,-4.6578,-12.5436,40.0,13.3333,23.3333,90.0,,,,,,,,,,,,,,
stable_capital_callback,资金流回调稳健策略,small_up_ratio_1d,小盘上涨占比,1,10,low,低水位,21.3254,57.0694,27,,,25.9259,18.5185,14.8148,,,55.5556,37.037,,,55.5556,48.1481,48.1481,,7.8118,6.401,-1.4798,-1.1769,-8.4299,-21.9161,55.5556,,,,,,,
stable_capital_callback,资金流回调稳健策略,small_up_ratio_1d,小盘上涨占比,1,10,mid,中水位,21.3254,57.0694,18,,,38.8889,22.2222,5.5556,,,72.2222,44.4444,,,77.7778,55.5556,61.1111,,8.3568,4.1125,-3.9031,-4.04,-10.274,-23.7996,66.6667,,,,,,,
stable_capital_callback,资金流回调稳健策略,small_up_ratio_1d,小盘上涨占比,1,10,high,高水位,21.3254,57.0694,30,,,53.3333,30.0,26.6667,,,26.6667,16.6667,,,43.3333,16.6667,16.6667,,14.764,11.1021,5.6329,3.848,-5.7677,-18.3275,70.0,,,,,,,
stable_capital_callback,资金流回调稳健策略,small_up_ratio_1d,小盘上涨占比,1,22,low,低水位,21.3254,57.0694,27,,,25.9259,22.2222,14.8148,,,62.963,40.7407,,,62.963,51.8519,51.8519,,,,,,,,,10.0237,6.401,-2.5003,-2.3614,-10.2286,-29.7185,33.3333
stable_capital_callback,资金流回调稳健策略,small_up_ratio_1d,小盘上涨占比,1,22,mid,中水位,21.3254,57.0694,18,,,55.5556,27.7778,11.1111,,,66.6667,44.4444,,,77.7778,61.1111,61.1111,,,,,,,,,11.1544,10.7684,-3.1022,-3.0896,-12.1072,-29.2005,50.0
stable_capital_callback,资金流回调稳健策略,small_up_ratio_1d,小盘上涨占比,1,22,high,高水位,21.3254,57.0694,30,,,66.6667,56.6667,43.3333,,,40.0,33.3333,,,50.0,30.0,33.3333,,,,,,,,,20.5273,16.9296,6.4151,3.6528,-6.7918,-20.0348,70.0
trend_continuation_callback,趋势延续策略,small_up_ratio_1d,小盘上涨占比,1,5,low,低水位,21.3254,57.0694,2,13.0864,13.0864,50.0,50.0,0.0,1.9994,1.9994,0.0,0.0,-1.6465,-2.8713,0.0,0.0,0.0,100.0,,,,,,,,,,,,,,
trend_continuation_callback,趋势延续策略,small_up_ratio_1d,小盘上涨占比,1,5,mid,中水位,21.3254,57.0694,9,6.8762,3.3679,33.3333,11.1111,11.1111,1.3832,-1.7131,55.5556,33.3333,-5.3225,-9.0106,55.5556,33.3333,33.3333,100.0,,,,,,,,,,,,,,
trend_continuation_callback,趋势延续策略,small_up_ratio_1d,小盘上涨占比,1,5,high,高水位,21.3254,57.0694,2,9.6169,9.6169,50.0,50.0,0.0,-9.9325,-9.9325,100.0,50.0,-12.2437,-16.1071,100.0,100.0,100.0,100.0,,,,,,,,,,,,,,
trend_continuation_callback,趋势延续策略,small_up_ratio_1d,小盘上涨占比,1,10,low,低水位,21.3254,57.0694,2,,,50.0,50.0,0.0,,,100.0,0.0,,,0.0,0.0,0.0,,13.0864,13.0864,-1.3053,-1.3053,-3.1562,-4.8515,100.0,,,,,,,
trend_continuation_callback,趋势延续策略,small_up_ratio_1d,小盘上涨占比,1,10,mid,中水位,21.3254,57.0694,9,,,44.4444,22.2222,22.2222,,,55.5556,33.3333,,,77.7778,55.5556,55.5556,,12.5585,6.1867,3.6118,-1.6873,-7.8434,-13.7045,100.0,,,,,,,
trend_continuation_callback,趋势延续策略,small_up_ratio_1d,小盘上涨占比,1,10,high,高水位,21.3254,57.0694,2,,,100.0,100.0,0.0,,,50.0,50.0,,,100.0,100.0,100.0,,18.9367,18.9367,-4.5635,-4.5635,-17.6452,-26.91,100.0,,,,,,,
trend_continuation_callback,趋势延续策略,small_up_ratio_1d,小盘上涨占比,1,22,low,低水位,21.3254,57.0694,2,,,50.0,50.0,0.0,,,100.0,50.0,,,50.0,50.0,50.0,,,,,,,,,13.0864,13.0864,-3.2948,-3.2948,-7.1267,-9.802,100.0
trend_continuation_callback,趋势延续策略,small_up_ratio_1d,小盘上涨占比,1,22,mid,中水位,21.3254,57.0694,9,,,55.5556,44.4444,44.4444,,,66.6667,44.4444,,,77.7778,77.7778,77.7778,,,,,,,,,29.1452,12.0539,7.8222,-3.6269,-12.3699,-30.1927,100.0
trend_continuation_callback,趋势延续策略,small_up_ratio_1d,小盘上涨占比,1,22,high,高水位,21.3254,57.0694,2,,,100.0,100.0,50.0,,,50.0,50.0,,,100.0,100.0,100.0,,,,,,,,,20.6467,20.6467,-8.4916,-8.4916,-20.6622,-32.944,100.0
ALL,全部来源,small_up_ratio_3d,小盘上涨占比,3,5,low,低水位,22.9131,55.0552,96,7.818,5.6658,27.0833,14.5833,10.4167,-2.3924,-3.6728,70.8333,41.6667,-7.9774,-24.7261,62.5,47.9167,51.0417,72.9167,,,,,,,,,,,,,,
ALL,全部来源,small_up_ratio_3d,小盘上涨占比,3,5,mid,中水位,22.9131,55.0552,92,6.3059,4.7675,21.7391,9.7826,3.2609,-1.2951,-1.2067,60.8696,34.7826,-7.6174,-26.3636,66.3043,43.4783,47.8261,100.0,,,,,,,,,,,,,,
ALL,全部来源,small_up_ratio_3d,小盘上涨占比,3,5,high,高水位,22.9131,55.0552,100,11.2474,8.8659,43.0,28.0,16.0,3.3059,2.8954,39.0,22.0,-5.326,-23.3333,39.0,17.0,24.0,100.0,,,,,,,,,,,,,,
ALL,全部来源,small_up_ratio_3d,小盘上涨占比,3,10,low,低水位,22.9131,55.0552,96,,,34.375,20.8333,13.5417,,,64.5833,47.9167,,,73.9583,58.3333,62.5,,10.2571,6.1456,-3.6113,-4.3374,-10.8721,-30.2222,58.3333,,,,,,,
ALL,全部来源,small_up_ratio_3d,小盘上涨占比,3,10,mid,中水位,22.9131,55.0552,92,,,36.9565,23.913,14.1304,,,61.9565,42.3913,,,76.087,56.5217,59.7826,,10.3981,7.3198,-1.1189,-2.8237,-10.1439,-35.974,84.7826,,,,,,,
ALL,全部来源,small_up_ratio_3d,小盘上涨占比,3,10,high,高水位,22.9131,55.0552,100,,,59.0,43.0,31.0,,,37.0,28.0,,,52.0,33.0,35.0,,15.6682,12.0867,4.0372,4.7912,-7.3877,-35.8333,94.0,,,,,,,
ALL,全部来源,small_up_ratio_3d,小盘上涨占比,3,22,low,低水位,22.9131,55.0552,96,,,44.7917,31.25,21.875,,,61.4583,47.9167,,,77.0833,63.5417,66.6667,,,,,,,,,14.6565,8.6703,-0.3245,-4.3693,-11.7271,-34.2667,36.4583
ALL,全部来源,small_up_ratio_3d,小盘上涨占比,3,22,mid,中水位,22.9131,55.0552,92,,,48.913,38.0435,31.5217,,,64.1304,45.6522,,,83.6957,67.3913,69.5652,,,,,,,,,16.486,9.328,-0.8171,-3.2939,-13.2277,-39.7663,63.0435
ALL,全部来源,small_up_ratio_3d,小盘上涨占比,3,22,high,高水位,22.9131,55.0552,100,,,71.0,63.0,51.0,,,47.0,33.0,,,60.0,48.0,49.0,,,,,,,,,24.3866,20.4987,6.5085,2.9407,-10.49,-43.9855,93.0
spark_opportunity_selector,星火机会模型,small_up_ratio_3d,小盘上涨占比,3,5,low,低水位,22.9131,55.0552,65,8.2373,5.6898,26.1538,15.3846,10.7692,-2.2864,-3.5622,70.7692,38.4615,-8.3808,-24.7261,66.1538,47.6923,50.7692,83.0769,,,,,,,,,,,,,,
spark_opportunity_selector,星火机会模型,small_up_ratio_3d,小盘上涨占比,3,5,mid,中水位,22.9131,55.0552,63,6.9988,4.9834,26.9841,11.1111,4.7619,-0.9666,-1.2013,61.9048,31.746,-7.7938,-26.3636,65.0794,46.0317,47.619,100.0,,,,,,,,,,,,,,
spark_opportunity_selector,星火机会模型,small_up_ratio_3d,小盘上涨占比,3,5,high,高水位,22.9131,55.0552,59,12.4929,10.0126,50.8475,33.8983,20.339,3.609,4.4304,37.2881,25.4237,-5.8466,-23.3333,40.678,20.339,25.4237,100.0,,,,,,,,,,,,,,
spark_opportunity_selector,星火机会模型,small_up_ratio_3d,小盘上涨占比,3,10,low,低水位,22.9131,55.0552,65,,,36.9231,24.6154,15.3846,,,61.5385,44.6154,,,78.4615,60.0,63.0769,,11.2573,6.7285,-3.0715,-4.051,-11.2976,-30.2222,73.8462,,,,,,,
spark_opportunity_selector,星火机会模型,small_up_ratio_3d,小盘上涨占比,3,10,mid,中水位,22.9131,55.0552,63,,,42.8571,28.5714,17.4603,,,61.9048,46.0317,,,74.6032,60.3175,63.4921,,11.8548,8.0932,-0.436,-3.9021,-10.6046,-35.974,88.8889,,,,,,,
spark_opportunity_selector,星火机会模型,small_up_ratio_3d,小盘上涨占比,3,10,high,高水位,22.9131,55.0552,59,,,57.6271,44.0678,33.8983,,,40.678,33.8983,,,57.6271,37.2881,38.9831,,15.9635,13.2633,2.647,4.7396,-8.1955,-35.8333,94.9153,,,,,,,
spark_opportunity_selector,星火机会模型,small_up_ratio_3d,小盘上涨占比,3,22,low,低水位,22.9131,55.0552,65,,,50.7692,40.0,27.6923,,,56.9231,46.1538,,,83.0769,67.6923,69.2308,,,,,,,,,17.3509,10.3578,1.635,-4.051,-12.5143,-34.2667,50.7692
spark_opportunity_selector,星火机会模型,small_up_ratio_3d,小盘上涨占比,3,22,mid,中水位,22.9131,55.0552,63,,,55.5556,42.8571,36.5079,,,61.9048,44.4444,,,84.127,71.4286,73.0159,,,,,,,,,18.9424,12.487,0.7775,-2.84,-13.5227,-39.7663,66.6667
spark_opportunity_selector,星火机会模型,small_up_ratio_3d,小盘上涨占比,3,22,high,高水位,22.9131,55.0552,59,,,69.4915,62.7119,57.6271,,,50.8475,33.8983,,,62.7119,52.5424,52.5424,,,,,,,,,25.3158,26.6205,6.5503,-0.0671,-11.2621,-43.9855,94.9153
probe_d3_confirmed,试盘识别-三日确认,small_up_ratio_3d,小盘上涨占比,3,5,low,低水位,22.9131,55.0552,5,6.2021,2.6268,40.0,0.0,0.0,-3.223,-5.1839,80.0,60.0,-8.2801,-16.6667,60.0,40.0,60.0,40.0,,,,,,,,,,,,,,
probe_d3_confirmed,试盘识别-三日确认,small_up_ratio_3d,小盘上涨占比,3,5,mid,中水位,22.9131,55.0552,5,4.4743,5.2147,0.0,0.0,0.0,-2.2273,0.9868,40.0,40.0,-7.6884,-17.9796,60.0,40.0,60.0,100.0,,,,,,,,,,,,,,
probe_d3_confirmed,试盘识别-三日确认,small_up_ratio_3d,小盘上涨占比,3,5,high,高水位,22.9131,55.0552,3,6.065,8.6253,0.0,0.0,0.0,-1.6332,-4.0237,66.6667,33.3333,-6.1252,-6.8177,100.0,0.0,33.3333,100.0,,,,,,,,,,,,,,
probe_d3_confirmed,试盘识别-三日确认,small_up_ratio_3d,小盘上涨占比,3,10,low,低水位,22.9131,55.0552,5,,,40.0,0.0,0.0,,,80.0,80.0,,,80.0,40.0,80.0,,6.2021,2.6268,-5.5859,-6.1452,-9.9339,-21.4872,0.0,,,,,,,
probe_d3_confirmed,试盘识别-三日确认,small_up_ratio_3d,小盘上涨占比,3,10,mid,中水位,22.9131,55.0552,5,,,40.0,40.0,20.0,,,60.0,40.0,,,60.0,40.0,60.0,,11.1015,6.0019,-1.5092,-2.8074,-10.0941,-26.5306,80.0,,,,,,,
probe_d3_confirmed,试盘识别-三日确认,small_up_ratio_3d,小盘上涨占比,3,10,high,高水位,22.9131,55.0552,3,,,0.0,0.0,0.0,,,66.6667,66.6667,,,100.0,100.0,100.0,,6.6161,8.6253,-6.3414,-9.8225,-10.6183,-10.7692,100.0,,,,,,,
probe_d3_confirmed,试盘识别-三日确认,small_up_ratio_3d,小盘上涨占比,3,22,low,低水位,22.9131,55.0552,5,,,40.0,0.0,0.0,,,80.0,80.0,,,80.0,40.0,80.0,,,,,,,,,6.2021,2.6268,-5.5859,-6.1452,-9.9339,-21.4872,0.0
probe_d3_confirmed,试盘识别-三日确认,small_up_ratio_3d,小盘上涨占比,3,22,mid,中水位,22.9131,55.0552,5,,,40.0,40.0,20.0,,,60.0,60.0,,,80.0,40.0,60.0,,,,,,,,,11.1015,6.0019,-11.9091,-6.9018,-15.2801,-39.0408,20.0
probe_d3_confirmed,试盘识别-三日确认,small_up_ratio_3d,小盘上涨占比,3,22,high,高水位,22.9131,55.0552,3,,,33.3333,33.3333,33.3333,,,66.6667,33.3333,,,100.0,100.0,100.0,,,,,,,,,14.6858,8.8757,-8.5544,-3.6686,-23.6968,-40.1617,66.6667
stable_capital_callback,资金流回调稳健策略,small_up_ratio_3d,小盘上涨占比,3,5,low,低水位,22.9131,55.0552,24,6.3344,4.1724,25.0,12.5,8.3333,-3.6236,-4.5199,75.0,50.0,-7.4669,-14.7733,58.3333,54.1667,54.1667,50.0,,,,,,,,,,,,,,
stable_capital_callback,资金流回调稳健策略,small_up_ratio_3d,小盘上涨占比,3,5,mid,中水位,22.9131,55.0552,17,5.1921,3.0481,11.7647,11.7647,0.0,-1.8377,-1.1391,58.8235,41.1765,-7.4953,-21.2944,70.5882,35.2941,47.0588,100.0,,,,,,,,,,,,,,
stable_capital_callback,资金流回调稳健策略,small_up_ratio_3d,小盘上涨占比,3,5,high,高水位,22.9131,55.0552,34,9.4948,8.1506,29.4118,17.6471,11.7647,3.8863,1.1784,38.2353,14.7059,-4.059,-13.9524,29.4118,8.8235,17.6471,100.0,,,,,,,,,,,,,,
stable_capital_callback,资金流回调稳健策略,small_up_ratio_3d,小盘上涨占比,3,10,low,低水位,22.9131,55.0552,24,,,25.0,12.5,8.3333,,,70.8333,54.1667,,,66.6667,62.5,62.5,,7.0886,4.8788,-6.1403,-7.9056,-10.758,-21.9161,25.0,,,,,,,
stable_capital_callback,资金流回调稳健策略,small_up_ratio_3d,小盘上涨占比,3,10,mid,中水位,22.9131,55.0552,17,,,17.6471,11.7647,5.8824,,,58.8235,29.4118,,,76.4706,41.1765,41.1765,,6.5877,7.1338,-2.6387,-1.1769,-8.7088,-23.7996,64.7059,,,,,,,
stable_capital_callback,资金流回调稳健策略,small_up_ratio_3d,小盘上涨占比,3,10,high,高水位,22.9131,55.0552,34,,,61.7647,38.2353,29.4118,,,26.4706,14.7059,,,38.2353,17.6471,20.5882,,15.3571,11.92,7.3824,6.8009,-5.2744,-19.4762,91.1765,,,,,,,
stable_capital_callback,资金流回调稳健策略,small_up_ratio_3d,小盘上涨占比,3,22,low,低水位,22.9131,55.0552,24,,,29.1667,12.5,8.3333,,,70.8333,50.0,,,66.6667,62.5,62.5,,,,,,,,,7.336,5.0892,-6.3803,-6.7301,-10.758,-21.9161,0.0
stable_capital_callback,资金流回调稳健策略,small_up_ratio_3d,小盘上涨占比,3,22,mid,中水位,22.9131,55.0552,17,,,29.4118,23.5294,17.6471,,,64.7059,41.1765,,,76.4706,47.0588,47.0588,,,,,,,,,9.1212,7.7048,-2.3329,-1.1769,-10.6621,-29.2005,47.0588
stable_capital_callback,资金流回调稳健策略,small_up_ratio_3d,小盘上涨占比,3,22,high,高水位,22.9131,55.0552,34,,,73.5294,61.7647,41.1765,,,38.2353,29.4118,,,50.0,32.3529,35.2941,,,,,,,,,22.2387,17.0861,7.7028,8.7057,-7.6002,-29.7185,91.1765
trend_continuation_callback,趋势延续策略,small_up_ratio_3d,小盘上涨占比,3,5,low,低水位,22.9131,55.0552,2,16.0356,16.0356,50.0,50.0,50.0,11.0167,11.0167,0.0,0.0,-0.2371,-0.4216,0.0,0.0,0.0,100.0,,,,,,,,,,,,,,
trend_continuation_callback,趋势延续策略,small_up_ratio_3d,小盘上涨占比,3,5,mid,中水位,22.9131,55.0552,7,4.0828,2.7719,14.2857,0.0,0.0,-2.2675,-3.886,71.4286,42.8571,-6.2767,-9.0106,71.4286,42.8571,42.8571,100.0,,,,,,,,,,,,,,
trend_continuation_callback,趋势延续策略,small_up_ratio_3d,小盘上涨占比,3,5,high,高水位,22.9131,55.0552,4,11.6605,13.7041,75.0,50.0,0.0,-2.3945,-0.4433,50.0,25.0,-7.8178,-16.1071,50.0,50.0,50.0,100.0,,,,,,,,,,,,,,
trend_continuation_callback,趋势延续策略,small_up_ratio_3d,小盘上涨占比,3,10,low,低水位,22.9131,55.0552,2,,,50.0,50.0,50.0,,,50.0,0.0,,,0.0,0.0,0.0,,25.9092,25.9092,14.1303,14.1303,-0.7568,-1.4609,100.0,,,,,,,
trend_continuation_callback,趋势延续策略,small_up_ratio_3d,小盘上涨占比,3,10,mid,中水位,22.9131,55.0552,7,,,28.5714,0.0,0.0,,,71.4286,42.8571,,,100.0,71.4286,71.4286,,6.0393,5.6388,-3.2953,-3.6582,-9.5179,-13.7045,100.0,,,,,,,
trend_continuation_callback,趋势延续策略,small_up_ratio_3d,小盘上涨占比,3,10,high,高水位,22.9131,55.0552,4,,,100.0,100.0,25.0,,,50.0,25.0,,,50.0,50.0,50.0,,20.7449,18.9367,3.8937,6.8283,-11.0136,-26.91,100.0,,,,,,,
trend_continuation_callback,趋势延续策略,small_up_ratio_3d,小盘上涨占比,3,22,low,低水位,22.9131,55.0552,2,,,50.0,50.0,50.0,,,50.0,0.0,,,0.0,0.0,0.0,,,,,,,,,36.0724,36.0724,21.8124,21.8124,-2.252,-4.4514,100.0
trend_continuation_callback,趋势延续策略,small_up_ratio_3d,小盘上涨占比,3,22,mid,中水位,22.9131,55.0552,7,,,42.8571,28.5714,28.5714,,,85.7143,57.1429,,,100.0,100.0,100.0,,,,,,,,,16.1095,8.8305,-3.5643,-5.5437,-15.3376,-30.1927,100.0
trend_continuation_callback,趋势延续策略,small_up_ratio_3d,小盘上涨占比,3,22,high,高水位,22.9131,55.0552,4,,,100.0,100.0,50.0,,,50.0,50.0,,,75.0,75.0,75.0,,,,,,,,,36.2154,20.6467,7.038,2.624,-13.7597,-32.944,100.0
ALL,全部来源,small_up_ratio_5d,小盘上涨占比,5,5,low,低水位,20.9083,48.1293,97,7.1928,5.3623,23.7113,10.3093,8.2474,-2.4333,-3.5622,67.0103,41.2371,-7.83,-24.7261,62.8866,48.4536,51.5464,79.3814,,,,,,,,,,,,,,
ALL,全部来源,small_up_ratio_5d,小盘上涨占比,5,5,mid,中水位,20.9083,48.1293,90,9.0184,6.7245,34.4444,20.0,11.1111,0.1725,-0.3109,53.3333,33.3333,-7.3335,-26.3636,56.6667,38.8889,43.3333,93.3333,,,,,,,,,,,,,,
ALL,全部来源,small_up_ratio_5d,小盘上涨占比,5,5,high,高水位,20.9083,48.1293,101,9.3669,6.5054,34.6535,22.7723,10.8911,2.0028,0.0263,49.505,23.7624,-5.7397,-21.2944,47.5248,20.7921,27.7228,100.0,,,,,,,,,,,,,,
ALL,全部来源,small_up_ratio_5d,小盘上涨占比,5,10,low,低水位,20.9083,48.1293,97,,,35.0515,21.6495,13.4021,,,61.8557,46.3918,,,73.1959,58.7629,61.8557,,9.7759,6.1055,-3.2096,-4.1431,-10.6428,-29.2549,73.1959,,,,,,,
ALL,全部来源,small_up_ratio_5d,小盘上涨占比,5,10,mid,中水位,20.9083,48.1293,90,,,44.4444,31.1111,22.2222,,,57.7778,42.2222,,,67.7778,54.4444,57.7778,,12.3147,8.7359,-0.9389,-2.0792,-10.0761,-35.974,62.2222,,,,,,,
ALL,全部来源,small_up_ratio_5d,小盘上涨占比,5,10,high,高水位,20.9083,48.1293,101,,,51.4851,35.6436,23.7624,,,43.5644,29.703,,,60.396,34.6535,37.6238,,14.3717,10.8808,3.4648,1.6393,-7.6884,-27.7899,100.0,,,,,,,
ALL,全部来源,small_up_ratio_5d,小盘上涨占比,5,22,low,低水位,20.9083,48.1293,97,,,48.4536,35.0515,25.7732,,,57.732,40.2062,,,75.2577,62.8866,63.9175,,,,,,,,,15.9373,9.6382,1.7677,-2.3614,-11.6152,-30.6991,45.3608
ALL,全部来源,small_up_ratio_5d,小盘上涨占比,5,22,mid,中水位,20.9083,48.1293,90,,,51.1111,40.0,33.3333,,,62.2222,48.8889,,,73.3333,58.8889,63.3333,,,,,,,,,16.6418,10.3487,-2.1749,-4.5282,-13.2123,-40.1617,48.8889
ALL,全部来源,small_up_ratio_5d,小盘上涨占比,5,22,high,高水位,20.9083,48.1293,101,,,65.3465,57.4257,45.5446,,,52.4752,37.6238,,,71.2871,56.4356,57.4257,,,,,,,,,22.9576,17.249,5.6316,-0.9843,-10.6532,-43.9855,97.0297
spark_opportunity_selector,星火机会模型,small_up_ratio_5d,小盘上涨占比,5,5,low,低水位,20.9083,48.1293,65,7.6559,5.1678,24.6154,12.3077,10.7692,-2.8715,-3.9756,72.3077,40.0,-8.5357,-24.7261,69.2308,52.3077,53.8462,87.6923,,,,,,,,,,,,,,
spark_opportunity_selector,星火机会模型,small_up_ratio_5d,小盘上涨占比,5,5,mid,中水位,20.9083,48.1293,55,9.7078,7.2129,38.1818,21.8182,10.9091,0.0895,-0.1819,50.9091,34.5455,-8.1563,-26.3636,61.8182,43.6364,47.2727,94.5455,,,,,,,,,,,,,,
spark_opportunity_selector,星火机会模型,small_up_ratio_5d,小盘上涨占比,5,5,high,高水位,20.9083,48.1293,67,10.1772,7.563,40.2985,25.3731,13.4328,2.7633,0.6353,47.7612,22.3881,-5.6312,-19.3078,43.2836,20.8955,25.3731,100.0,,,,,,,,,,,,,,
spark_opportunity_selector,星火机会模型,small_up_ratio_5d,小盘上涨占比,5,10,low,低水位,20.9083,48.1293,65,,,35.3846,23.0769,15.3846,,,64.6154,47.6923,,,83.0769,64.6154,67.6923,,10.4937,6.1055,-3.938,-4.6837,-11.6708,-29.2549,83.0769,,,,,,,
spark_opportunity_selector,星火机会模型,small_up_ratio_5d,小盘上涨占比,5,10,mid,中水位,20.9083,48.1293,55,,,49.0909,32.7273,21.8182,,,56.3636,45.4545,,,70.9091,60.0,61.8182,,13.3573,9.9442,-0.7687,-1.768,-11.0428,-35.974,70.9091,,,,,,,
spark_opportunity_selector,星火机会模型,small_up_ratio_5d,小盘上涨占比,5,10,high,高水位,20.9083,48.1293,67,,,52.2388,40.2985,28.3582,,,44.7761,32.8358,,,58.209,35.8209,38.806,,14.9804,11.5425,3.3927,1.9091,-7.7613,-27.7899,100.0,,,,,,,
spark_opportunity_selector,星火机会模型,small_up_ratio_5d,小盘上涨占比,5,22,low,低水位,20.9083,48.1293,65,,,52.3077,40.0,32.3077,,,56.9231,40.0,,,84.6154,70.7692,70.7692,,,,,,,,,18.4629,10.4858,3.1866,-3.1907,-12.9119,-30.6991,56.9231
spark_opportunity_selector,星火机会模型,small_up_ratio_5d,小盘上涨占比,5,22,mid,中水位,20.9083,48.1293,55,,,56.3636,45.4545,38.1818,,,61.8182,49.0909,,,76.3636,65.4545,69.0909,,,,,,,,,19.2389,12.987,-1.1532,-4.8305,-14.0069,-39.7663,54.5455
spark_opportunity_selector,星火机会模型,small_up_ratio_5d,小盘上涨占比,5,22,high,高水位,20.9083,48.1293,67,,,65.6716,58.209,49.2537,,,52.2388,37.3134,,,70.1493,56.7164,56.7164,,,,,,,,,23.2326,18.2344,5.9407,-0.6386,-10.7488,-43.9855,95.5224
probe_d3_confirmed,试盘识别-三日确认,small_up_ratio_5d,小盘上涨占比,5,5,low,低水位,20.9083,48.1293,4,4.7471,2.9581,25.0,0.0,0.0,0.1808,-2.0986,50.0,50.0,-6.226,-10.6773,50.0,25.0,50.0,25.0,,,,,,,,,,,,,,
probe_d3_confirmed,试盘识别-三日确认,small_up_ratio_5d,小盘上涨占比,5,5,mid,中水位,20.9083,48.1293,7,6.1455,5.7325,14.2857,0.0,0.0,-3.2263,-0.4926,57.1429,42.8571,-8.7725,-17.9796,71.4286,42.8571,57.1429,100.0,,,,,,,,,,,,,,
probe_d3_confirmed,试盘识别-三日确认,small_up_ratio_5d,小盘上涨占比,5,5,high,高水位,20.9083,48.1293,2,4.7849,4.7849,0.0,0.0,0.0,-5.1452,-5.1452,100.0,50.0,-5.9533,-6.8177,100.0,0.0,50.0,100.0,,,,,,,,,,,,,,
probe_d3_confirmed,试盘识别-三日确认,small_up_ratio_5d,小盘上涨占比,5,10,low,低水位,20.9083,48.1293,4,,,50.0,25.0,0.0,,,50.0,50.0,,,50.0,25.0,50.0,,8.2011,6.8462,2.2367,2.0133,-6.226,-10.6773,25.0,,,,,,,
probe_d3_confirmed,试盘识别-三日确认,small_up_ratio_5d,小盘上涨占比,5,10,mid,中水位,20.9083,48.1293,7,,,28.5714,14.2857,14.2857,,,85.7143,71.4286,,,85.7143,57.1429,85.7143,,8.9056,6.0019,-7.8092,-6.9018,-12.2497,-26.5306,57.1429,,,,,,,
probe_d3_confirmed,试盘识别-三日确认,small_up_ratio_5d,小盘上涨占比,5,10,high,高水位,20.9083,48.1293,2,,,0.0,0.0,0.0,,,50.0,50.0,,,100.0,100.0,100.0,,5.6116,5.6116,-4.3907,-4.3907,-10.6714,-10.7692,100.0,,,,,,,
probe_d3_confirmed,试盘识别-三日确认,small_up_ratio_5d,小盘上涨占比,5,22,low,低水位,20.9083,48.1293,4,,,50.0,25.0,0.0,,,50.0,50.0,,,50.0,25.0,50.0,,,,,,,,,8.2011,6.8462,-0.0659,-2.592,-6.226,-10.6773,0.0
probe_d3_confirmed,试盘识别-三日确认,small_up_ratio_5d,小盘上涨占比,5,22,mid,中水位,20.9083,48.1293,7,,,28.5714,14.2857,14.2857,,,85.7143,85.7143,,,100.0,57.1429,85.7143,,,,,,,,,8.9056,6.0019,-18.1961,-14.2251,-20.1897,-40.1617,14.2857
probe_d3_confirmed,试盘识别-三日确认,small_up_ratio_5d,小盘上涨占比,5,22,high,高水位,20.9083,48.1293,2,,,50.0,50.0,50.0,,,50.0,0.0,,,100.0,100.0,100.0,,,,,,,,,17.716,17.716,7.2492,7.2492,-15.4643,-20.355,100.0
stable_capital_callback,资金流回调稳健策略,small_up_ratio_5d,小盘上涨占比,5,5,low,低水位,20.9083,48.1293,27,6.3499,5.9621,22.2222,7.4074,3.7037,-1.8976,-2.3614,59.2593,44.4444,-6.6428,-14.7733,51.8519,44.4444,48.1481,66.6667,,,,,,,,,,,,,,
stable_capital_callback,资金流回调稳健策略,small_up_ratio_5d,小盘上涨占比,5,5,mid,中水位,20.9083,48.1293,25,8.1984,7.7048,32.0,20.0,12.0,0.8004,-0.1432,56.0,28.0,-5.5514,-13.9524,44.0,28.0,32.0,88.0,,,,,,,,,,,,,,
stable_capital_callback,资金流回调稳健策略,small_up_ratio_5d,小盘上涨占比,5,5,high,高水位,20.9083,48.1293,23,8.1177,3.9409,17.3913,17.3913,8.6957,1.9631,0.4926,47.8261,21.7391,-5.4995,-21.2944,47.8261,13.0435,26.087,100.0,,,,,,,,,,,,,,
stable_capital_callback,资金流回调稳健策略,small_up_ratio_5d,小盘上涨占比,5,10,low,低水位,20.9083,48.1293,27,,,33.3333,18.5185,11.1111,,,55.5556,44.4444,,,55.5556,51.8519,51.8519,,8.2862,5.9621,-2.3695,-1.9724,-9.1622,-21.9161,55.5556,,,,,,,
stable_capital_callback,资金流回调稳健策略,small_up_ratio_5d,小盘上涨占比,5,10,mid,中水位,20.9083,48.1293,25,,,40.0,32.0,24.0,,,52.0,24.0,,,56.0,40.0,40.0,,10.4648,8.3638,0.2804,-0.1432,-7.587,-19.4762,40.0,,,,,,,
stable_capital_callback,资金流回调稳健策略,small_up_ratio_5d,小盘上涨占比,5,10,high,高水位,20.9083,48.1293,23,,,47.8261,21.7391,17.3913,,,34.7826,21.7391,,,56.5217,17.3913,21.7391,,13.8657,7.9051,5.0322,2.1279,-6.4572,-23.7996,100.0,,,,,,,
stable_capital_callback,资金流回调稳健策略,small_up_ratio_5d,小盘上涨占比,5,22,low,低水位,20.9083,48.1293,27,,,40.7407,25.9259,14.8148,,,59.2593,40.7407,,,59.2593,51.8519,51.8519,,,,,,,,,11.2365,6.401,-1.2943,-2.2046,-9.557,-21.9161,22.2222
stable_capital_callback,资金流回调稳健策略,small_up_ratio_5d,小盘上涨占比,5,22,mid,中水位,20.9083,48.1293,25,,,48.0,36.0,28.0,,,56.0,36.0,,,60.0,44.0,44.0,,,,,,,,,12.2898,8.7093,-0.3313,-0.1432,-9.2625,-29.7185,40.0
stable_capital_callback,资金流回调稳健策略,small_up_ratio_5d,小盘上涨占比,5,22,high,高水位,20.9083,48.1293,23,,,60.8696,52.1739,34.7826,,,47.8261,39.1304,,,65.2174,39.1304,43.4783,,,,,,,,,20.7221,16.6102,4.8841,1.4778,-9.0544,-29.2005,100.0
trend_continuation_callback,趋势延续策略,small_up_ratio_5d,小盘上涨占比,5,5,low,低水位,20.9083,48.1293,1,9.6382,9.6382,0.0,0.0,0.0,1.1276,1.1276,0.0,0.0,-0.4216,-0.4216,0.0,0.0,0.0,100.0,,,,,,,,,,,,,,
trend_continuation_callback,趋势延续策略,small_up_ratio_5d,小盘上涨占比,5,5,mid,中水位,20.9083,48.1293,3,9.9162,5.4247,33.3333,33.3333,33.3333,4.3918,-1.7131,66.6667,33.3333,-3.7438,-8.2521,33.3333,33.3333,33.3333,100.0,,,,,,,,,,,,,,
trend_continuation_callback,趋势延续策略,small_up_ratio_5d,小盘上涨占比,5,5,high,高水位,20.9083,48.1293,9,7.5451,3.3679,44.4444,22.2222,0.0,-1.9689,-3.758,55.5556,33.3333,-7.1144,-16.1071,66.6667,44.4444,44.4444,100.0,,,,,,,,,,,,,,
trend_continuation_callback,趋势延续策略,small_up_ratio_5d,小盘上涨占比,5,10,low,低水位,20.9083,48.1293,1,,,0.0,0.0,0.0,,,100.0,0.0,,,0.0,0.0,0.0,,9.6382,9.6382,-0.3334,-0.3334,-1.4609,-1.4609,100.0,,,,,,,
trend_continuation_callback,趋势延续策略,small_up_ratio_5d,小盘上涨占比,5,10,mid,中水位,20.9083,48.1293,3,,,33.3333,33.3333,33.3333,,,66.6667,66.6667,,,66.6667,66.6667,66.6667,,16.57,5.6388,1.8106,-10.0287,-8.0241,-13.7045,100.0,,,,,,,
trend_continuation_callback,趋势延续策略,small_up_ratio_5d,小盘上涨占比,5,10,high,高水位,20.9083,48.1293,9,,,66.6667,44.4444,11.1111,,,55.5556,22.2222,,,77.7778,55.5556,55.5556,,13.0805,12.0539,1.7411,-1.6873,-9.6289,-26.91,100.0,,,,,,,
trend_continuation_callback,趋势延续策略,small_up_ratio_5d,小盘上涨占比,5,22,low,低水位,20.9083,48.1293,1,,,0.0,0.0,0.0,,,100.0,0.0,,,0.0,0.0,0.0,,,,,,,,,9.6382,9.6382,-0.451,-0.451,-4.4514,-4.4514,100.0
trend_continuation_callback,趋势延续策略,small_up_ratio_5d,小盘上涨占比,5,22,mid,中水位,20.9083,48.1293,3,,,33.3333,33.3333,33.3333,,,66.6667,66.6667,,,66.6667,66.6667,66.6667,,,,,,,,,23.3455,5.6388,1.1155,-12.3209,-15.2776,-30.1927,100.0
trend_continuation_callback,趋势延续策略,small_up_ratio_5d,小盘上涨占比,5,22,high,高水位,20.9083,48.1293,9,,,77.7778,66.6667,44.4444,,,66.6667,44.4444,,,88.8889,88.8889,88.8889,,,,,,,,,27.7887,17.9562,4.8813,-3.6269,-12.958,-32.944,100.0
ALL,全部来源,small_up_ratio_10d,小盘上涨占比,10,5,low,低水位,15.1877,42.0068,97,7.2408,5.2147,23.7113,11.3402,8.2474,-1.906,-2.3614,62.8866,38.1443,-7.1067,-18.8571,57.732,40.2062,45.3608,73.1959,,,,,,,,,,,,,,
ALL,全部来源,small_up_ratio_10d,小盘上涨占比,10,5,mid,中水位,15.1877,42.0068,88,8.5671,5.8672,31.8182,19.3182,10.2273,-1.0151,-2.3902,62.5,35.2273,-7.7265,-24.7261,62.5,43.1818,46.5909,100.0,,,,,,,,,,,,,,
ALL,全部来源,small_up_ratio_10d,小盘上涨占比,10,5,high,高水位,15.1877,42.0068,103,9.7006,8.1724,36.8932,22.3301,11.6505,2.4853,1.3368,45.6311,25.2427,-6.1161,-26.3636,47.5728,25.2427,31.068,100.0,,,,,,,,,,,,,,
ALL,全部来源,small_up_ratio_10d,小盘上涨占比,10,10,low,低水位,15.1877,42.0068,97,,,32.9897,17.5258,11.3402,,,58.7629,39.1753,,,64.9485,46.3918,50.5155,,9.1528,6.7047,-2.3105,-2.3614,-9.1066,-26.91,45.3608,,,,,,,
ALL,全部来源,small_up_ratio_10d,小盘上涨占比,10,10,mid,中水位,15.1877,42.0068,88,,,44.3182,30.6818,19.3182,,,60.2273,46.5909,,,73.8636,60.2273,62.5,,12.3311,8.8733,-1.1217,-4.0226,-10.7376,-35.8333,93.1818,,,,,,,
ALL,全部来源,small_up_ratio_10d,小盘上涨占比,10,10,high,高水位,15.1877,42.0068,103,,,53.3981,39.8058,28.1553,,,44.6602,33.0097,,,63.1068,41.7476,44.6602,,14.9046,10.8744,2.6886,1.5385,-8.6163,-35.974,99.0291,,,,,,,
ALL,全部来源,small_up_ratio_10d,小盘上涨占比,10,22,low,低水位,15.1877,42.0068,97,,,47.4227,35.0515,25.7732,,,55.6701,39.1753,,,69.0722,49.4845,53.6082,,,,,,,,,15.4598,8.4259,2.8182,-1.9724,-9.54,-32.944,39.1753
ALL,全部来源,small_up_ratio_10d,小盘上涨占比,10,22,mid,中水位,15.1877,42.0068,88,,,56.8182,44.3182,34.0909,,,56.8182,46.5909,,,80.6818,70.4545,71.5909,,,,,,,,,17.6912,13.0649,0.4027,-3.9169,-12.7919,-35.8333,68.1818
ALL,全部来源,small_up_ratio_10d,小盘上涨占比,10,22,high,高水位,15.1877,42.0068,103,,,61.165,53.3981,44.6602,,,59.2233,40.7767,,,70.8738,59.2233,60.1942,,,,,,,,,22.3881,16.0293,2.2886,-1.4968,-13.0163,-43.9855,85.4369
spark_opportunity_selector,星火机会模型,small_up_ratio_10d,小盘上涨占比,10,5,low,低水位,15.1877,42.0068,47,8.5321,5.919,29.7872,17.0213,14.8936,-1.3951,-3.1367,63.8298,40.4255,-7.9495,-18.8571,65.9574,44.6809,48.9362,76.5957,,,,,,,,,,,,,,
spark_opportunity_selector,星火机会模型,small_up_ratio_10d,小盘上涨占比,10,5,mid,中水位,15.1877,42.0068,63,8.2037,6.1856,30.1587,17.4603,6.3492,-2.3631,-3.1778,69.8413,38.0952,-8.2665,-24.7261,66.6667,47.619,50.7937,100.0,,,,,,,,,,,,,,
spark_opportunity_selector,星火机会模型,small_up_ratio_10d,小盘上涨占比,10,5,high,高水位,15.1877,42.0068,77,10.3323,8.1724,40.2597,23.3766,14.2857,2.8294,1.5385,42.8571,22.0779,-6.3155,-26.3636,45.4545,27.2727,29.8701,100.0,,,,,,,,,,,,,,
spark_opportunity_selector,星火机会模型,small_up_ratio_10d,小盘上涨占比,10,10,low,低水位,15.1877,42.0068,47,,,31.9149,21.2766,17.0213,,,63.8298,40.4255,,,76.5957,55.3191,57.4468,,10.4732,6.1055,-2.4439,-3.1367,-10.1117,-24.1143,51.0638,,,,,,,
spark_opportunity_selector,星火机会模型,small_up_ratio_10d,小盘上涨占比,10,10,mid,中水位,15.1877,42.0068,63,,,41.2698,26.9841,15.873,,,63.4921,50.7937,,,79.3651,66.6667,68.254,,11.1383,7.563,-2.9959,-5.2326,-11.7678,-35.8333,95.2381,,,,,,,
spark_opportunity_selector,星火机会模型,small_up_ratio_10d,小盘上涨占比,10,10,high,高水位,15.1877,42.0068,77,,,57.1429,42.8571,29.8701,,,42.8571,35.0649,,,59.7403,40.2597,44.1558,,15.9282,12.6883,3.0217,3.1404,-8.6928,-35.974,98.7013,,,,,,,
spark_opportunity_selector,星火机会模型,small_up_ratio_10d,小盘上涨占比,10,22,low,低水位,15.1877,42.0068,47,,,53.1915,42.5532,38.2979,,,51.0638,34.0426,,,78.7234,55.3191,57.4468,,,,,,,,,20.5524,10.6206,7.342,-0.1687,-10.2256,-24.1143,44.6809
spark_opportunity_selector,星火机会模型,small_up_ratio_10d,小盘上涨占比,10,22,mid,中水位,15.1877,42.0068,63,,,55.5556,41.2698,31.746,,,58.7302,52.381,,,85.7143,77.7778,79.3651,,,,,,,,,15.9889,12.8271,-1.4096,-6.3025,-14.0182,-35.8333,73.0159
spark_opportunity_selector,星火机会模型,small_up_ratio_10d,小盘上涨占比,10,22,high,高水位,15.1877,42.0068,77,,,63.6364,57.1429,48.0519,,,58.4416,37.6623,,,68.8312,58.4416,58.4416,,,,,,,,,23.9162,17.0877,3.7072,-1.1917,-12.5464,-43.9855,83.1169
probe_d3_confirmed,试盘识别-三日确认,small_up_ratio_10d,小盘上涨占比,10,5,low,低水位,15.1877,42.0068,6,6.0375,3.9207,33.3333,0.0,0.0,-3.6061,-5.3527,83.3333,66.6667,-8.1015,-16.6667,66.6667,33.3333,66.6667,50.0,,,,,,,,,,,,,,
probe_d3_confirmed,试盘识别-三日确认,small_up_ratio_10d,小盘上涨占比,10,5,mid,中水位,15.1877,42.0068,3,5.008,5.7325,0.0,0.0,0.0,2.778,3.1847,0.0,0.0,-4.418,-8.2803,33.3333,33.3333,33.3333,100.0,,,,,,,,,,,,,,
probe_d3_confirmed,试盘识别-三日确认,small_up_ratio_10d,小盘上涨占比,10,5,high,高水位,15.1877,42.0068,4,5.0819,5.379,0.0,0.0,0.0,-4.7121,-5.1452,75.0,50.0,-9.0888,-17.9796,100.0,25.0,50.0,100.0,,,,,,,,,,,,,,
probe_d3_confirmed,试盘识别-三日确认,small_up_ratio_10d,小盘上涨占比,10,10,low,低水位,15.1877,42.0068,6,,,33.3333,0.0,0.0,,,83.3333,83.3333,,,83.3333,33.3333,83.3333,,6.0375,3.9207,-5.8052,-6.5209,-9.6075,-21.4872,0.0,,,,,,,
probe_d3_confirmed,试盘识别-三日确认,small_up_ratio_10d,小盘上涨占比,10,10,mid,中水位,15.1877,42.0068,3,,,66.6667,66.6667,33.3333,,,33.3333,0.0,,,33.3333,33.3333,33.3333,,16.0534,17.1053,8.2207,9.2105,-5.3215,-8.2803,100.0,,,,,,,
probe_d3_confirmed,试盘识别-三日确认,small_up_ratio_10d,小盘上涨占比,10,10,high,高水位,15.1877,42.0068,4,,,0.0,0.0,0.0,,,75.0,75.0,,,100.0,100.0,100.0,,5.4953,5.4863,-11.0825,-10.0326,-14.5964,-26.5306,100.0,,,,,,,
probe_d3_confirmed,试盘识别-三日确认,small_up_ratio_10d,小盘上涨占比,10,22,low,低水位,15.1877,42.0068,6,,,33.3333,0.0,0.0,,,83.3333,83.3333,,,83.3333,33.3333,83.3333,,,,,,,,,6.0375,3.9207,-5.8052,-6.5209,-9.6075,-21.4872,0.0
probe_d3_confirmed,试盘识别-三日确认,small_up_ratio_10d,小盘上涨占比,10,22,mid,中水位,15.1877,42.0068,3,,,66.6667,66.6667,33.3333,,,33.3333,33.3333,,,66.6667,33.3333,33.3333,,,,,,,,,16.0534,17.1053,-4.7417,0.0,-9.7947,-19.9575,33.3333
probe_d3_confirmed,试盘识别-三日确认,small_up_ratio_10d,小盘上涨占比,10,22,high,高水位,15.1877,42.0068,4,,,25.0,25.0,25.0,,,75.0,50.0,,,100.0,100.0,100.0,,,,,,,,,11.5475,8.7505,-16.0204,-21.0435,-27.5328,-40.1617,50.0
stable_capital_callback,资金流回调稳健策略,small_up_ratio_10d,小盘上涨占比,10,5,low,低水位,15.1877,42.0068,42,5.8544,5.1139,14.2857,4.7619,2.381,-1.8526,-1.0931,57.1429,30.9524,-5.7767,-14.7733,45.2381,33.3333,35.7143,71.4286,,,,,,,,,,,,,,
stable_capital_callback,资金流回调稳健策略,small_up_ratio_10d,小盘上涨占比,10,5,mid,中水位,15.1877,42.0068,15,10.3446,4.8125,40.0,26.6667,26.6667,2.3769,-1.9123,53.3333,33.3333,-7.6262,-21.2944,60.0,33.3333,40.0,100.0,,,,,,,,,,,,,,
stable_capital_callback,资金流回调稳健策略,small_up_ratio_10d,小盘上涨占比,10,5,high,高水位,15.1877,42.0068,18,9.0033,8.6779,33.3333,27.7778,5.5556,3.1157,0.6177,50.0,33.3333,-4.8674,-13.9524,44.4444,16.6667,33.3333,100.0,,,,,,,,,,,,,,
stable_capital_callback,资金流回调稳健策略,small_up_ratio_10d,小盘上涨占比,10,10,low,低水位,15.1877,42.0068,42,,,30.9524,11.9048,7.1429,,,50.0,30.9524,,,47.619,35.7143,35.7143,,7.6542,6.7337,-1.5545,0.0175,-7.5037,-21.9161,42.8571,,,,,,,
stable_capital_callback,资金流回调稳健策略,small_up_ratio_10d,小盘上涨占比,10,10,mid,中水位,15.1877,42.0068,15,,,46.6667,33.3333,26.6667,,,53.3333,53.3333,,,73.3333,53.3333,60.0,,14.6254,7.1338,1.0041,-6.558,-10.0663,-23.7996,80.0,,,,,,,
stable_capital_callback,资金流回调稳健策略,small_up_ratio_10d,小盘上涨占比,10,10,high,高水位,15.1877,42.0068,18,,,55.5556,44.4444,33.3333,,,38.8889,11.1111,,,61.1111,27.7778,27.7778,,14.6334,11.3641,6.0558,2.1408,-6.6346,-19.4762,100.0,,,,,,,
stable_capital_callback,资金流回调稳健策略,small_up_ratio_10d,小盘上涨占比,10,22,low,低水位,15.1877,42.0068,42,,,40.4762,28.5714,14.2857,,,57.1429,38.0952,,,54.7619,42.8571,42.8571,,,,,,,,,10.86,7.6947,-0.4738,-1.158,-8.2335,-21.9161,35.7143
stable_capital_callback,资金流回调稳健策略,small_up_ratio_10d,小盘上涨占比,10,22,mid,中水位,15.1877,42.0068,15,,,53.3333,40.0,33.3333,,,53.3333,33.3333,,,73.3333,53.3333,53.3333,,,,,,,,,16.2734,11.4726,1.2424,-1.773,-10.7528,-25.261,40.0
stable_capital_callback,资金流回调稳健策略,small_up_ratio_10d,小盘上涨占比,10,22,high,高水位,15.1877,42.0068,18,,,66.6667,55.5556,44.4444,,,50.0,44.4444,,,66.6667,44.4444,50.0,,,,,,,,,21.5011,18.6289,3.9094,1.8378,-10.5975,-29.7185,100.0
trend_continuation_callback,趋势延续策略,small_up_ratio_10d,小盘上涨占比,10,5,low,低水位,15.1877,42.0068,2,9.6169,9.6169,50.0,50.0,0.0,-9.9325,-9.9325,100.0,50.0,-12.2437,-16.1071,100.0,100.0,100.0,100.0,,,,,,,,,,,,,,
trend_continuation_callback,趋势延续策略,small_up_ratio_10d,小盘上涨占比,10,5,mid,中水位,15.1877,42.0068,7,9.5536,9.6382,42.8571,28.5714,14.2857,2.2222,1.1276,42.8571,28.5714,-4.4991,-8.2521,42.8571,28.5714,28.5714,100.0,,,,,,,,,,,,,,
trend_continuation_callback,趋势延续策略,small_up_ratio_10d,小盘上涨占比,10,5,high,高水位,15.1877,42.0068,4,5.2959,4.0983,25.0,0.0,0.0,0.2231,0.4228,50.0,25.0,-4.9253,-9.0106,50.0,25.0,25.0,100.0,,,,,,,,,,,,,,
trend_continuation_callback,趋势延续策略,small_up_ratio_10d,小盘上涨占比,10,10,low,低水位,15.1877,42.0068,2,,,100.0,100.0,0.0,,,50.0,50.0,,,100.0,100.0,100.0,,18.9367,18.9367,-4.5635,-4.5635,-17.6452,-26.91,100.0,,,,,,,
trend_continuation_callback,趋势延续策略,small_up_ratio_10d,小盘上涨占比,10,10,mid,中水位,15.1877,42.0068,7,,,57.1429,42.8571,28.5714,,,57.1429,14.2857,,,42.8571,28.5714,28.5714,,16.5547,10.8808,7.1877,-0.3334,-5.2252,-10.3152,100.0,,,,,,,
trend_continuation_callback,趋势延续策略,small_up_ratio_10d,小盘上涨占比,10,10,high,高水位,15.1877,42.0068,4,,,25.0,0.0,0.0,,,75.0,50.0,,,100.0,75.0,75.0,,5.8291,5.1648,-5.1047,-4.9219,-10.0817,-13.7045,100.0,,,,,,,
trend_continuation_callback,趋势延续策略,small_up_ratio_10d,小盘上涨占比,10,22,low,低水位,15.1877,42.0068,2,,,100.0,100.0,50.0,,,50.0,50.0,,,100.0,100.0,100.0,,,,,,,,,20.6467,20.6467,-8.4916,-8.4916,-20.6622,-32.944,100.0
trend_continuation_callback,趋势延续策略,small_up_ratio_10d,小盘上涨占比,10,22,mid,中水位,15.1877,42.0068,7,,,71.4286,71.4286,57.1429,,,57.1429,28.5714,,,57.1429,57.1429,57.1429,,,,,,,,,36.7523,32.6425,17.1188,-0.451,-7.4089,-15.5874,100.0
trend_continuation_callback,趋势延续策略,small_up_ratio_10d,小盘上涨占比,10,22,high,高水位,15.1877,42.0068,4,,,25.0,0.0,0.0,,,100.0,75.0,,,100.0,100.0,100.0,,,,,,,,,7.8035,7.2347,-14.0053,-12.407,-18.43,-30.1927,100.0
ALL,全部来源,small_up_ratio_20d,小盘上涨占比,20,5,low,低水位,16.8511,33.1336,96,7.928,6.2919,27.0833,13.5417,9.375,0.5472,-0.1819,52.0833,26.0417,-5.5305,-16.1071,46.875,27.0833,32.2917,72.9167,,,,,,,,,,,,,,
ALL,全部来源,small_up_ratio_20d,小盘上涨占比,20,5,mid,中水位,16.8511,33.1336,91,7.951,6.2097,30.7692,16.4835,7.6923,-1.6313,-1.0234,59.3407,34.0659,-7.9795,-24.3161,62.6374,42.8571,46.1538,100.0,,,,,,,,,,,,,,
ALL,全部来源,small_up_ratio_20d,小盘上涨占比,20,5,high,高水位,16.8511,33.1336,101,9.6118,6.0019,34.6535,22.7723,12.8713,0.7692,-1.7131,58.4158,37.6238,-7.3482,-26.3636,57.4257,37.6238,43.5644,100.0,,,,,,,,,,,,,,
ALL,全部来源,small_up_ratio_20d,小盘上涨占比,20,10,low,低水位,16.8511,33.1336,96,,,41.6667,28.125,19.7917,,,41.6667,26.0417,,,52.0833,35.4167,38.5417,,11.9411,8.0511,3.5032,1.2929,-6.7127,-26.91,66.6667,,,,,,,
ALL,全部来源,small_up_ratio_20d,小盘上涨占比,20,10,mid,中水位,16.8511,33.1336,91,,,45.0549,26.3736,15.3846,,,63.7363,47.2527,,,74.7253,54.9451,59.3407,,10.7195,8.9147,-3.25,-4.1431,-10.8929,-35.8333,69.2308,,,,,,,
ALL,全部来源,small_up_ratio_20d,小盘上涨占比,20,10,high,高水位,16.8511,33.1336,101,,,44.5545,33.6634,23.7624,,,57.4257,44.5545,,,74.2574,56.4356,58.4158,,13.7257,8.8579,-0.856,-2.3904,-10.6936,-35.974,100.0,,,,,,,
ALL,全部来源,small_up_ratio_20d,小盘上涨占比,20,22,low,低水位,16.8511,33.1336,96,,,58.3333,47.9167,37.5,,,40.625,26.0417,,,56.25,39.5833,41.6667,,,,,,,,,21.5862,12.1913,9.1626,2.7511,-8.0375,-40.1617,65.625
ALL,全部来源,small_up_ratio_20d,小盘上涨占比,20,22,mid,中水位,16.8511,33.1336,91,,,52.7473,39.5604,30.7692,,,67.033,51.6484,,,80.2198,67.033,69.2308,,,,,,,,,15.9311,10.4858,-0.5748,-6.3025,-12.5716,-35.8333,54.9451
ALL,全部来源,small_up_ratio_20d,小盘上涨占比,20,22,high,高水位,16.8511,33.1336,101,,,54.4554,45.5446,36.6337,,,64.3564,48.5149,,,83.1683,71.2871,73.2673,,,,,,,,,18.2218,12.3846,-2.7998,-4.1123,-14.6151,-43.9855,72.2772
spark_opportunity_selector,星火机会模型,small_up_ratio_20d,小盘上涨占比,20,5,low,低水位,16.8511,33.1336,50,8.9962,6.413,34.0,20.0,16.0,0.3673,-1.4954,58.0,32.0,-6.1887,-15.8621,56.0,34.0,38.0,78.0,,,,,,,,,,,,,,
spark_opportunity_selector,星火机会模型,small_up_ratio_20d,小盘上涨占比,20,5,mid,中水位,16.8511,33.1336,57,8.2465,6.5407,29.8246,14.0351,7.0175,-1.0543,-0.3945,54.386,24.5614,-8.1801,-24.3161,63.1579,40.3509,42.1053,100.0,,,,,,,,,,,,,,
spark_opportunity_selector,星火机会模型,small_up_ratio_20d,小盘上涨占比,20,5,high,高水位,16.8511,33.1336,80,9.9196,6.5836,37.5,23.75,12.5,0.5644,-1.4398,58.75,37.5,-7.5625,-26.3636,55.0,40.0,43.75,100.0,,,,,,,,,,,,,,
spark_opportunity_selector,星火机会模型,small_up_ratio_20d,小盘上涨占比,20,10,low,低水位,16.8511,33.1336,50,,,44.0,34.0,24.0,,,44.0,30.0,,,60.0,42.0,44.0,,13.5851,8.1954,3.6959,0.7267,-7.5929,-21.6533,72.0,,,,,,,
spark_opportunity_selector,星火机会模型,small_up_ratio_20d,小盘上涨占比,20,10,mid,中水位,16.8511,33.1336,57,,,47.3684,28.0702,17.5439,,,57.8947,42.1053,,,77.193,54.386,57.8947,,11.6945,9.0264,-1.9113,-3.0156,-10.7714,-35.8333,77.193,,,,,,,
spark_opportunity_selector,星火机会模型,small_up_ratio_20d,小盘上涨占比,20,10,high,高水位,16.8511,33.1336,80,,,45.0,33.75,23.75,,,60.0,48.75,,,72.5,58.75,61.25,,13.4323,9.1987,-1.8348,-4.3019,-11.1544,-35.974,100.0,,,,,,,
spark_opportunity_selector,星火机会模型,small_up_ratio_20d,小盘上涨占比,20,22,low,低水位,16.8511,33.1336,50,,,68.0,58.0,50.0,,,32.0,22.0,,,62.0,42.0,44.0,,,,,,,,,27.3801,19.3475,15.0178,9.4321,-7.8377,-21.6533,72.0
spark_opportunity_selector,星火机会模型,small_up_ratio_20d,小盘上涨占比,20,22,mid,中水位,16.8511,33.1336,57,,,56.1404,42.1053,35.0877,,,64.9123,47.3684,,,82.4561,70.1754,70.1754,,,,,,,,,17.7384,11.1111,0.3726,-4.6269,-13.0897,-35.8333,64.9123
spark_opportunity_selector,星火机会模型,small_up_ratio_20d,小盘上涨占比,20,22,high,高水位,16.8511,33.1336,80,,,53.75,46.25,37.5,,,66.25,50.0,,,82.5,73.75,75.0,,,,,,,,,17.934,12.657,-2.88,-4.7446,-14.8978,-43.9855,72.5
probe_d3_confirmed,试盘识别-三日确认,small_up_ratio_20d,小盘上涨占比,20,5,low,低水位,16.8511,33.1336,4,6.0811,5.626,25.0,0.0,0.0,1.2818,0.1034,50.0,50.0,-6.9387,-10.6773,75.0,25.0,50.0,25.0,,,,,,,,,,,,,,
probe_d3_confirmed,试盘识别-三日确认,small_up_ratio_20d,小盘上涨占比,20,5,mid,中水位,16.8511,33.1336,3,6.842,5.2147,33.3333,0.0,0.0,-7.1244,-5.5215,100.0,66.6667,-9.1079,-16.6667,66.6667,33.3333,66.6667,100.0,,,,,,,,,,,,,,
probe_d3_confirmed,试盘识别-三日确认,small_up_ratio_20d,小盘上涨占比,20,5,high,高水位,16.8511,33.1336,6,4.4544,4.511,0.0,0.0,0.0,-2.6509,-1.5184,50.0,33.3333,-7.19,-17.9796,66.6667,33.3333,50.0,100.0,,,,,,,,,,,,,,
probe_d3_confirmed,试盘识别-三日确认,small_up_ratio_20d,小盘上涨占比,20,10,low,低水位,16.8511,33.1336,4,,,25.0,0.0,0.0,,,75.0,75.0,,,75.0,50.0,75.0,,6.0811,5.626,-2.6265,-5.6646,-7.9494,-10.6773,25.0,,,,,,,
probe_d3_confirmed,试盘识别-三日确认,small_up_ratio_20d,小盘上涨占比,20,10,mid,中水位,16.8511,33.1336,3,,,33.3333,0.0,0.0,,,100.0,100.0,,,100.0,33.3333,100.0,,6.842,5.2147,-11.5225,-6.9018,-12.1198,-21.4872,0.0,,,,,,,
probe_d3_confirmed,试盘识别-三日确认,small_up_ratio_20d,小盘上涨占比,20,10,high,高水位,16.8511,33.1336,6,,,33.3333,33.3333,16.6667,,,50.0,33.3333,,,66.6667,66.6667,66.6667,,10.2527,7.4388,-1.5709,-0.8832,-10.6397,-26.5306,100.0,,,,,,,
probe_d3_confirmed,试盘识别-三日确认,small_up_ratio_20d,小盘上涨占比,20,22,low,低水位,16.8511,33.1336,4,,,25.0,0.0,0.0,,,75.0,75.0,,,75.0,50.0,75.0,,,,,,,,,6.0811,5.626,-10.1063,-5.6646,-15.3619,-40.1617,0.0
probe_d3_confirmed,试盘识别-三日确认,small_up_ratio_20d,小盘上涨占比,20,22,mid,中水位,16.8511,33.1336,3,,,33.3333,0.0,0.0,,,100.0,100.0,,,100.0,33.3333,100.0,,,,,,,,,6.842,5.2147,-11.5225,-6.9018,-12.1198,-21.4872,0.0
probe_d3_confirmed,试盘识别-三日确认,small_up_ratio_20d,小盘上涨占比,20,22,high,高水位,16.8511,33.1336,6,,,50.0,50.0,33.3333,,,50.0,33.3333,,,83.3333,66.6667,66.6667,,,,,,,,,14.2875,12.9905,-6.3575,-1.8343,-16.5589,-39.0408,50.0
stable_capital_callback,资金流回调稳健策略,small_up_ratio_20d,小盘上涨占比,20,5,low,低水位,16.8511,33.1336,37,6.5907,5.9621,13.5135,5.4054,2.7027,1.1202,0.8105,43.2432,13.5135,-4.165,-14.7733,29.7297,13.5135,18.9189,67.5676,,,,,,,,,,,,,,
stable_capital_callback,资金流回调稳健策略,small_up_ratio_20d,小盘上涨占比,20,5,mid,中水位,16.8511,33.1336,28,7.3089,4.8957,32.1429,21.4286,10.7143,-2.2899,-3.7295,67.8571,50.0,-7.8943,-21.2944,64.2857,50.0,53.5714,100.0,,,,,,,,,,,,,,
stable_capital_callback,资金流回调稳健策略,small_up_ratio_20d,小盘上涨占比,20,5,high,高水位,16.8511,33.1336,10,11.4609,5.5104,40.0,30.0,20.0,3.6599,-4.5416,60.0,50.0,-6.9483,-13.984,70.0,30.0,50.0,100.0,,,,,,,,,,,,,,
stable_capital_callback,资金流回调稳健策略,small_up_ratio_20d,小盘上涨占比,20,10,low,低水位,16.8511,33.1336,37,,,35.1351,18.9189,16.2162,,,32.4324,13.5135,,,35.1351,18.9189,21.6216,,9.8199,7.6847,4.1625,2.266,-4.6673,-14.7733,59.4595,,,,,,,
stable_capital_callback,资金流回调稳健策略,small_up_ratio_20d,小盘上涨占比,20,10,mid,中水位,16.8511,33.1336,28,,,42.8571,25.0,14.2857,,,67.8571,57.1429,,,71.4286,60.7143,60.7143,,9.1429,8.0343,-5.2834,-9.3508,-11.6572,-23.7996,57.1429,,,,,,,
stable_capital_callback,资金流回调稳健策略,small_up_ratio_20d,小盘上涨占比,20,10,high,高水位,16.8511,33.1336,10,,,50.0,40.0,30.0,,,50.0,20.0,,,90.0,40.0,40.0,,18.4919,8.574,5.2698,0.5374,-8.6479,-18.3275,100.0,,,,,,,
stable_capital_callback,资金流回调稳健策略,small_up_ratio_20d,小盘上涨占比,20,22,low,低水位,16.8511,33.1336,37,,,45.9459,37.8378,24.3243,,,45.9459,24.3243,,,43.2432,29.7297,29.7297,,,,,,,,,14.317,8.4259,4.2413,1.0638,-6.5716,-29.7185,59.4595
stable_capital_callback,资金流回调稳健策略,small_up_ratio_20d,小盘上涨占比,20,22,mid,中水位,16.8511,33.1336,28,,,46.4286,35.7143,25.0,,,67.8571,57.1429,,,75.0,64.2857,64.2857,,,,,,,,,12.3186,8.5366,-2.8362,-9.0886,-12.1098,-25.261,35.7143
stable_capital_callback,资金流回调稳健策略,small_up_ratio_20d,小盘上涨占比,20,22,high,高水位,16.8511,33.1336,10,,,70.0,40.0,30.0,,,50.0,40.0,,,90.0,50.0,60.0,,,,,,,,,21.2588,11.9981,-0.8409,1.8086,-11.563,-29.2005,70.0
trend_continuation_callback,趋势延续策略,small_up_ratio_20d,小盘上涨占比,20,5,low,低水位,16.8511,33.1336,5,8.6189,10.8735,60.0,20.0,0.0,-2.4805,-3.758,60.0,40.0,-7.9262,-16.1071,60.0,60.0,60.0,100.0,,,,,,,,,,,,,,
trend_continuation_callback,趋势延续策略,small_up_ratio_20d,小盘上涨占比,20,5,mid,中水位,16.8511,33.1336,3,9.4367,9.6382,33.3333,33.3333,0.0,-0.9542,1.1276,33.3333,33.3333,-3.8348,-8.2115,33.3333,33.3333,33.3333,100.0,,,,,,,,,,,,,,
trend_continuation_callback,趋势延续策略,small_up_ratio_20d,小盘上涨占比,20,5,high,高水位,16.8511,33.1336,5,7.1777,3.3679,20.0,20.0,20.0,2.3696,-1.7131,60.0,20.0,-4.9094,-8.2521,60.0,20.0,20.0,100.0,,,,,,,,,,,,,,
trend_continuation_callback,趋势延续策略,small_up_ratio_20d,小盘上涨占比,20,10,low,低水位,16.8511,33.1336,5,,,80.0,60.0,20.0,,,60.0,40.0,,,80.0,80.0,80.0,,15.8864,17.9562,1.6017,-3.6582,-12.0563,-26.91,100.0,,,,,,,
trend_continuation_callback,趋势延续策略,small_up_ratio_20d,小盘上涨占比,20,10,mid,中水位,16.8511,33.1336,3,,,33.3333,33.3333,0.0,,,100.0,0.0,,,33.3333,33.3333,33.3333,,10.7865,9.6382,-1.4326,-1.6873,-4.8413,-8.2115,100.0,,,,,,,
trend_continuation_callback,趋势延续策略,small_up_ratio_20d,小盘上涨占比,20,10,high,高水位,16.8511,33.1336,5,,,40.0,20.0,20.0,,,40.0,40.0,,,80.0,40.0,40.0,,13.0563,5.6388,3.4116,2.5586,-7.4776,-13.7045,100.0,,,,,,,
trend_continuation_callback,趋势延续策略,small_up_ratio_20d,小盘上涨占比,20,22,low,低水位,16.8511,33.1336,5,,,80.0,60.0,40.0,,,60.0,40.0,,,80.0,80.0,80.0,,,,,,,,,29.8423,17.9562,2.4443,-2.7989,-15.0236,-32.944,100.0
trend_continuation_callback,趋势延续策略,small_up_ratio_20d,小盘上涨占比,20,22,mid,中水位,16.8511,33.1336,3,,,66.6667,66.6667,33.3333,,,66.6667,33.3333,,,66.6667,66.6667,66.6667,,,,,,,,,24.3973,16.5347,13.4765,-0.451,-7.4883,-9.802,100.0
trend_continuation_callback,趋势延续策略,small_up_ratio_20d,小盘上涨占比,20,22,high,高水位,16.8511,33.1336,5,,,40.0,40.0,40.0,,,80.0,60.0,,,80.0,80.0,80.0,,,,,,,,,21.474,5.6388,-1.1648,-5.5437,-13.8647,-30.1927,100.0
ALL,全部来源,small_med_ret_1d,小盘中位涨跌幅,1,5,low,低水位,-1.2594,0.2941,97,8.7301,6.5574,28.866,17.5258,11.3402,-0.1472,-1.1391,56.701,32.9897,-7.1325,-24.3161,58.7629,43.299,45.3608,87.6289,,,,,,,,,,,,,,
ALL,全部来源,small_med_ret_1d,小盘中位涨跌幅,1,5,mid,中水位,-1.2594,0.2941,93,8.0804,5.5526,35.4839,18.2796,8.6022,0.6207,-0.7509,56.9892,30.1075,-6.413,-26.3636,55.914,29.0323,35.4839,91.3978,,,,,,,,,,,,,,
ALL,全部来源,small_med_ret_1d,小盘中位涨跌幅,1,5,high,高水位,-1.2594,0.2941,98,8.7461,6.4855,28.5714,17.3469,10.2041,-0.6293,-0.9788,56.1224,34.6939,-7.2549,-24.7261,52.0408,34.6939,40.8163,93.8776,,,,,,,,,,,,,,
ALL,全部来源,small_med_ret_1d,小盘中位涨跌幅,1,10,low,低水位,-1.2594,0.2941,97,,,41.2371,28.866,19.5876,,,60.8247,41.2371,,,65.9794,52.5773,54.6392,,12.1717,8.0932,-1.2084,-2.84,-9.3368,-30.2222,68.0412,,,,,,,
ALL,全部来源,small_med_ret_1d,小盘中位涨跌幅,1,10,mid,中水位,-1.2594,0.2941,93,,,45.1613,29.0323,21.5054,,,54.8387,38.7097,,,70.9677,51.6129,55.914,,12.0569,8.7302,0.2064,-1.0976,-9.2491,-35.974,90.3226,,,,,,,
ALL,全部来源,small_med_ret_1d,小盘中位涨跌幅,1,10,high,高水位,-1.2594,0.2941,98,,,44.898,30.6122,18.3673,,,46.9388,37.7551,,,64.2857,42.8571,45.9184,,12.3079,8.8213,0.5318,0.6907,-9.6928,-35.8333,79.5918,,,,,,,
ALL,全部来源,small_med_ret_1d,小盘中位涨跌幅,1,22,low,低水位,-1.2594,0.2941,97,,,47.4227,39.1753,27.8351,,,61.8557,43.299,,,74.2268,59.7938,60.8247,,,,,,,,,16.4054,9.0164,0.6352,-3.3599,-11.1072,-40.1617,44.3299
ALL,全部来源,small_med_ret_1d,小盘中位涨跌幅,1,22,mid,中水位,-1.2594,0.2941,93,,,59.1398,43.0108,36.5591,,,61.2903,43.0108,,,76.3441,65.5914,67.7419,,,,,,,,,18.6481,12.487,-0.3092,-2.0625,-12.5634,-39.7663,74.1935
ALL,全部来源,small_med_ret_1d,小盘中位涨跌幅,1,22,high,高水位,-1.2594,0.2941,98,,,59.1837,51.0204,40.8163,,,48.9796,39.7959,,,69.3878,53.0612,56.1224,,,,,,,,,20.7837,15.2626,5.2211,0.2982,-11.6934,-43.9855,75.5102
spark_opportunity_selector,星火机会模型,small_med_ret_1d,小盘中位涨跌幅,1,5,low,低水位,-1.2594,0.2941,61,10.2779,6.7204,37.7049,24.5902,18.0328,0.6202,-1.212,59.0164,29.5082,-7.4206,-24.3161,60.6557,44.2623,44.2623,91.8033,,,,,,,,,,,,,,
spark_opportunity_selector,星火机会模型,small_med_ret_1d,小盘中位涨跌幅,1,5,mid,中水位,-1.2594,0.2941,65,8.7342,5.9024,36.9231,20.0,9.2308,1.1141,-0.3268,55.3846,27.6923,-6.3796,-26.3636,56.9231,27.6923,33.8462,95.3846,,,,,,,,,,,,,,
spark_opportunity_selector,星火机会模型,small_med_ret_1d,小盘中位涨跌幅,1,5,high,高水位,-1.2594,0.2941,61,8.5042,7.0131,27.8689,14.7541,8.1967,-1.7513,-1.6807,57.377,39.3443,-8.416,-24.7261,55.7377,44.2623,47.541,95.082,,,,,,,,,,,,,,
spark_opportunity_selector,星火机会模型,small_med_ret_1d,小盘中位涨跌幅,1,10,low,低水位,-1.2594,0.2941,61,,,47.541,32.7869,24.5902,,,59.0164,39.3443,,,70.4918,54.0984,55.7377,,14.4659,9.0164,-0.3049,-2.84,-9.7175,-30.2222,77.0492,,,,,,,
spark_opportunity_selector,星火机会模型,small_med_ret_1d,小盘中位涨跌幅,1,10,mid,中水位,-1.2594,0.2941,65,,,47.6923,32.3077,24.6154,,,52.3077,40.0,,,69.2308,52.3077,55.3846,,13.0024,9.8219,0.2483,-0.6927,-9.3141,-35.974,93.8462,,,,,,,
spark_opportunity_selector,星火机会模型,small_med_ret_1d,小盘中位涨跌幅,1,10,high,高水位,-1.2594,0.2941,61,,,40.9836,31.1475,16.3934,,,54.0984,45.9016,,,72.1311,52.459,55.7377,,11.3581,8.7368,-1.1227,-2.7136,-11.2751,-35.8333,85.2459,,,,,,,
spark_opportunity_selector,星火机会模型,small_med_ret_1d,小盘中位涨跌幅,1,22,low,低水位,-1.2594,0.2941,61,,,57.377,47.541,37.7049,,,57.377,39.3443,,,78.6885,62.2951,62.2951,,,,,,,,,20.2191,11.1111,3.785,-3.2279,-11.1204,-34.2667,52.459
spark_opportunity_selector,星火机会模型,small_med_ret_1d,小盘中位涨跌幅,1,22,mid,中水位,-1.2594,0.2941,65,,,61.5385,47.6923,41.5385,,,60.0,43.0769,,,76.9231,67.6923,69.2308,,,,,,,,,19.3615,14.0187,-0.5927,-1.7708,-12.5496,-39.7663,76.9231
spark_opportunity_selector,星火机会模型,small_med_ret_1d,小盘中位涨跌幅,1,22,high,高水位,-1.2594,0.2941,61,,,55.7377,49.1803,40.9836,,,52.459,42.623,,,75.4098,62.2951,63.9344,,,,,,,,,21.6876,13.4122,5.7272,-0.4211,-13.7009,-43.9855,80.3279
probe_d3_confirmed,试盘识别-三日确认,small_med_ret_1d,小盘中位涨跌幅,1,5,low,低水位,-1.2594,0.2941,4,4.784,4.2521,0.0,0.0,0.0,-1.082,-2.0986,50.0,50.0,-6.9933,-10.6773,75.0,25.0,50.0,75.0,,,,,,,,,,,,,,
probe_d3_confirmed,试盘识别-三日确认,small_med_ret_1d,小盘中位涨跌幅,1,5,mid,中水位,-1.2594,0.2941,4,5.3894,4.1796,25.0,0.0,0.0,-1.461,-1.4803,50.0,50.0,-9.2171,-17.9796,75.0,50.0,75.0,50.0,,,,,,,,,,,,,,
probe_d3_confirmed,试盘识别-三日确认,small_med_ret_1d,小盘中位涨跌幅,1,5,high,高水位,-1.2594,0.2941,5,6.1766,6.0019,20.0,0.0,0.0,-4.3959,-4.0237,80.0,40.0,-6.6754,-16.6667,60.0,20.0,40.0,100.0,,,,,,,,,,,,,,
probe_d3_confirmed,试盘识别-三日确认,small_med_ret_1d,小盘中位涨跌幅,1,10,low,低水位,-1.2594,0.2941,4,,,25.0,25.0,0.0,,,75.0,75.0,,,75.0,50.0,75.0,,8.238,6.92,-3.2794,-6.0428,-8.1958,-10.6773,50.0,,,,,,,
probe_d3_confirmed,试盘识别-三日确认,small_med_ret_1d,小盘中位涨跌幅,1,10,mid,中水位,-1.2594,0.2941,4,,,50.0,25.0,25.0,,,50.0,50.0,,,75.0,50.0,75.0,,10.2196,6.8462,-0.5317,2.4602,-11.3548,-26.5306,50.0,,,,,,,
probe_d3_confirmed,试盘识别-三日确认,small_med_ret_1d,小盘中位涨跌幅,1,10,high,高水位,-1.2594,0.2941,5,,,20.0,0.0,0.0,,,80.0,60.0,,,80.0,60.0,80.0,,6.5073,6.0019,-7.8509,-6.8966,-10.7585,-21.4872,60.0,,,,,,,
probe_d3_confirmed,试盘识别-三日确认,small_med_ret_1d,小盘中位涨跌幅,1,22,low,低水位,-1.2594,0.2941,4,,,25.0,25.0,0.0,,,75.0,75.0,,,75.0,50.0,75.0,,,,,,,,,8.238,6.92,-13.0619,-6.0428,-15.6082,-40.1617,0.0
probe_d3_confirmed,试盘识别-三日确认,small_med_ret_1d,小盘中位涨跌幅,1,22,mid,中水位,-1.2594,0.2941,4,,,50.0,25.0,25.0,,,75.0,75.0,,,75.0,50.0,75.0,,,,,,,,,10.2196,6.8462,-11.9308,-10.1852,-17.4017,-39.0408,25.0
probe_d3_confirmed,试盘识别-三日确认,small_med_ret_1d,小盘中位涨跌幅,1,22,high,高水位,-1.2594,0.2941,5,,,40.0,20.0,20.0,,,60.0,40.0,,,100.0,60.0,80.0,,,,,,,,,11.3491,8.8757,-2.6335,-3.6686,-13.0241,-21.4872,40.0
stable_capital_callback,资金流回调稳健策略,small_med_ret_1d,小盘中位涨跌幅,1,5,low,低水位,-1.2594,0.2941,30,5.8187,6.1815,13.3333,3.3333,0.0,-1.7258,-1.5257,56.6667,40.0,-6.931,-14.7733,56.6667,46.6667,50.0,80.0,,,,,,,,,,,,,,
stable_capital_callback,资金流回调稳健策略,small_med_ret_1d,小盘中位涨跌幅,1,5,mid,中水位,-1.2594,0.2941,15,6.6875,2.901,33.3333,20.0,6.6667,-1.42,-1.9724,66.6667,33.3333,-6.4644,-21.2944,46.6667,26.6667,33.3333,80.0,,,,,,,,,,,,,,
stable_capital_callback,资金流回调稳健策略,small_med_ret_1d,小盘中位涨跌幅,1,5,high,高水位,-1.2594,0.2941,30,9.6081,5.8119,30.0,23.3333,16.6667,2.9001,0.659,46.6667,23.3333,-4.6578,-12.5436,40.0,13.3333,23.3333,90.0,,,,,,,,,,,,,,
stable_capital_callback,资金流回调稳健策略,small_med_ret_1d,小盘中位涨跌幅,1,10,low,低水位,-1.2594,0.2941,30,,,30.0,20.0,13.3333,,,60.0,43.3333,,,60.0,53.3333,53.3333,,7.9703,6.7674,-2.7628,-2.8607,-9.1267,-21.9161,50.0,,,,,,,
stable_capital_callback,资金流回调稳健策略,small_med_ret_1d,小盘中位涨跌幅,1,10,mid,中水位,-1.2594,0.2941,15,,,33.3333,20.0,6.6667,,,66.6667,33.3333,,,73.3333,46.6667,53.3333,,8.1487,3.6395,-1.8218,-2.3904,-9.2492,-23.7996,80.0,,,,,,,
stable_capital_callback,资金流回调稳健策略,small_med_ret_1d,小盘中位涨跌幅,1,10,high,高水位,-1.2594,0.2941,30,,,53.3333,30.0,26.6667,,,26.6667,16.6667,,,43.3333,16.6667,16.6667,,14.764,11.1021,5.6329,3.848,-5.7677,-18.3275,70.0,,,,,,,
stable_capital_callback,资金流回调稳健策略,small_med_ret_1d,小盘中位涨跌幅,1,22,low,低水位,-1.2594,0.2941,30,,,30.0,23.3333,13.3333,,,66.6667,46.6667,,,66.6667,56.6667,56.6667,,,,,,,,,9.9611,6.7674,-3.6812,-2.9009,-10.7455,-29.7185,30.0
stable_capital_callback,资金流回调稳健策略,small_med_ret_1d,小盘中位涨跌幅,1,22,mid,中水位,-1.2594,0.2941,15,,,53.3333,26.6667,13.3333,,,60.0,33.3333,,,73.3333,53.3333,53.3333,,,,,,,,,11.5058,11.4726,-0.8607,-1.773,-11.4491,-29.2005,60.0
stable_capital_callback,资金流回调稳健策略,small_med_ret_1d,小盘中位涨跌幅,1,22,high,高水位,-1.2594,0.2941,30,,,66.6667,56.6667,43.3333,,,40.0,33.3333,,,50.0,30.0,33.3333,,,,,,,,,20.5273,16.9296,6.4151,3.6528,-6.7918,-20.0348,70.0
trend_continuation_callback,趋势延续策略,small_med_ret_1d,小盘中位涨跌幅,1,5,low,低水位,-1.2594,0.2941,2,13.0864,13.0864,50.0,50.0,0.0,1.9994,1.9994,0.0,0.0,-1.6465,-2.8713,0.0,0.0,0.0,100.0,,,,,,,,,,,,,,
trend_continuation_callback,趋势延续策略,small_med_ret_1d,小盘中位涨跌幅,1,5,mid,中水位,-1.2594,0.2941,9,6.8762,3.3679,33.3333,11.1111,11.1111,1.3832,-1.7131,55.5556,33.3333,-5.3225,-9.0106,55.5556,33.3333,33.3333,100.0,,,,,,,,,,,,,,
trend_continuation_callback,趋势延续策略,small_med_ret_1d,小盘中位涨跌幅,1,5,high,高水位,-1.2594,0.2941,2,9.6169,9.6169,50.0,50.0,0.0,-9.9325,-9.9325,100.0,50.0,-12.2437,-16.1071,100.0,100.0,100.0,100.0,,,,,,,,,,,,,,
trend_continuation_callback,趋势延续策略,small_med_ret_1d,小盘中位涨跌幅,1,10,low,低水位,-1.2594,0.2941,2,,,50.0,50.0,0.0,,,100.0,0.0,,,0.0,0.0,0.0,,13.0864,13.0864,-1.3053,-1.3053,-3.1562,-4.8515,100.0,,,,,,,
trend_continuation_callback,趋势延续策略,small_med_ret_1d,小盘中位涨跌幅,1,10,mid,中水位,-1.2594,0.2941,9,,,44.4444,22.2222,22.2222,,,55.5556,33.3333,,,77.7778,55.5556,55.5556,,12.5585,6.1867,3.6118,-1.6873,-7.8434,-13.7045,100.0,,,,,,,
trend_continuation_callback,趋势延续策略,small_med_ret_1d,小盘中位涨跌幅,1,10,high,高水位,-1.2594,0.2941,2,,,100.0,100.0,0.0,,,50.0,50.0,,,100.0,100.0,100.0,,18.9367,18.9367,-4.5635,-4.5635,-17.6452,-26.91,100.0,,,,,,,
trend_continuation_callback,趋势延续策略,small_med_ret_1d,小盘中位涨跌幅,1,22,low,低水位,-1.2594,0.2941,2,,,50.0,50.0,0.0,,,100.0,50.0,,,50.0,50.0,50.0,,,,,,,,,13.0864,13.0864,-3.2948,-3.2948,-7.1267,-9.802,100.0
trend_continuation_callback,趋势延续策略,small_med_ret_1d,小盘中位涨跌幅,1,22,mid,中水位,-1.2594,0.2941,9,,,55.5556,44.4444,44.4444,,,66.6667,44.4444,,,77.7778,77.7778,77.7778,,,,,,,,,29.1452,12.0539,7.8222,-3.6269,-12.3699,-30.1927,100.0
trend_continuation_callback,趋势延续策略,small_med_ret_1d,小盘中位涨跌幅,1,22,high,高水位,-1.2594,0.2941,2,,,100.0,100.0,50.0,,,50.0,50.0,,,100.0,100.0,100.0,,,,,,,,,20.6467,20.6467,-8.4916,-8.4916,-20.6622,-32.944,100.0
ALL,全部来源,small_med_ret_3d,小盘中位涨跌幅,3,5,low,低水位,-1.8645,0.352,102,7.5527,5.2442,28.4314,13.7255,8.8235,-2.6094,-3.8795,71.5686,42.1569,-8.0747,-26.3636,64.7059,47.0588,50.9804,74.5098,,,,,,,,,,,,,,
ALL,全部来源,small_med_ret_3d,小盘中位涨跌幅,3,5,mid,中水位,-1.8645,0.352,88,6.8903,5.1485,23.8636,12.5,5.6818,-0.6809,-1.1105,57.9545,32.9545,-7.4187,-21.2944,63.6364,43.1818,46.5909,100.0,,,,,,,,,,,,,,
ALL,全部来源,small_med_ret_3d,小盘中位涨跌幅,3,5,high,高水位,-1.8645,0.352,98,11.0071,8.681,39.7959,26.5306,15.3061,3.1414,2.4356,39.7959,22.449,-5.3344,-23.3333,38.7755,17.3469,24.4898,100.0,,,,,,,,,,,,,,
ALL,全部来源,small_med_ret_3d,小盘中位涨跌幅,3,10,low,低水位,-1.8645,0.352,102,,,34.3137,19.6078,13.7255,,,62.7451,45.098,,,75.4902,58.8235,61.7647,,10.1335,5.9597,-3.3613,-3.1654,-11.0301,-35.974,60.7843,,,,,,,
ALL,全部来源,small_med_ret_3d,小盘中位涨跌幅,3,10,mid,中水位,-1.8645,0.352,88,,,38.6364,27.2727,17.0455,,,64.7727,47.7273,,,73.8636,56.8182,62.5,,11.092,7.7048,-1.1626,-4.4851,-9.9637,-23.7996,84.0909,,,,,,,
ALL,全部来源,small_med_ret_3d,小盘中位涨跌幅,3,10,high,高水位,-1.8645,0.352,98,,,58.1633,41.8367,28.5714,,,35.7143,25.5102,,,52.0408,31.6327,32.6531,,15.2899,11.92,4.0742,4.7912,-7.2842,-35.8333,93.8776,,,,,,,
ALL,全部来源,small_med_ret_3d,小盘中位涨跌幅,3,22,low,低水位,-1.8645,0.352,102,,,46.0784,30.3922,22.549,,,60.7843,47.0588,,,78.4314,62.7451,65.6863,,,,,,,,,14.6894,8.7212,-0.7945,-4.1289,-12.1429,-39.0408,36.2745
ALL,全部来源,small_med_ret_3d,小盘中位涨跌幅,3,22,mid,中水位,-1.8645,0.352,88,,,47.7273,39.7727,31.8182,,,65.9091,46.5909,,,81.8182,68.1818,70.4545,,,,,,,,,17.5316,8.8863,-0.0992,-3.4934,-12.816,-39.7663,65.9091
ALL,全部来源,small_med_ret_3d,小盘中位涨跌幅,3,22,high,高水位,-1.8645,0.352,98,,,71.4286,63.2653,51.0204,,,45.9184,32.6531,,,60.2041,47.9592,48.9796,,,,,,,,,23.6868,20.2837,6.4723,4.7656,-10.4629,-43.9855,92.8571
spark_opportunity_selector,星火机会模型,small_med_ret_3d,小盘中位涨跌幅,3,5,low,低水位,-1.8645,0.352,68,8.3626,5.6525,30.8824,16.1765,10.2941,-1.9848,-3.485,69.1176,36.7647,-8.334,-26.3636,67.6471,45.5882,48.5294,83.8235,,,,,,,,,,,,,,
spark_opportunity_selector,星火机会模型,small_med_ret_3d,小盘中位涨跌幅,3,5,mid,中水位,-1.8645,0.352,60,7.3806,5.6564,26.6667,13.3333,6.6667,-0.8887,-1.2067,61.6667,33.3333,-7.8439,-19.4083,65.0,48.3333,50.0,100.0,,,,,,,,,,,,,,
spark_opportunity_selector,星火机会模型,small_med_ret_3d,小盘中位涨跌幅,3,5,high,高水位,-1.8645,0.352,59,11.8973,9.0952,45.7627,30.5085,18.6441,3.2493,3.4274,38.9831,25.4237,-5.8197,-23.3333,38.9831,20.339,25.4237,100.0,,,,,,,,,,,,,,
spark_opportunity_selector,星火机会模型,small_med_ret_3d,小盘中位涨跌幅,3,10,low,低水位,-1.8645,0.352,68,,,39.7059,25.0,17.6471,,,57.3529,39.7059,,,77.9412,58.8235,60.2941,,11.9226,6.7609,-1.8904,-2.1857,-11.1797,-35.974,75.0,,,,,,,
spark_opportunity_selector,星火机会模型,small_med_ret_3d,小盘中位涨跌幅,3,10,mid,中水位,-1.8645,0.352,60,,,43.3333,30.0,18.3333,,,66.6667,53.3333,,,75.0,63.3333,68.3333,,11.9045,8.7463,-1.5307,-5.3247,-10.8042,-21.8997,88.3333,,,,,,,
spark_opportunity_selector,星火机会模型,small_med_ret_3d,小盘中位涨跌幅,3,10,high,高水位,-1.8645,0.352,59,,,54.2373,42.3729,30.5085,,,40.678,32.2034,,,57.6271,35.5932,37.2881,,15.1766,11.5425,2.5331,3.5603,-8.0932,-35.8333,94.9153,,,,,,,
spark_opportunity_selector,星火机会模型,small_med_ret_3d,小盘中位涨跌幅,3,22,low,低水位,-1.8645,0.352,68,,,54.4118,41.1765,30.8824,,,54.4118,42.6471,,,82.3529,64.7059,66.1765,,,,,,,,,18.5354,10.8125,2.4167,-2.1643,-12.3198,-35.974,48.5294
spark_opportunity_selector,星火机会模型,small_med_ret_3d,小盘中位涨跌幅,3,22,mid,中水位,-1.8645,0.352,60,,,53.3333,43.3333,35.0,,,65.0,48.3333,,,85.0,75.0,76.6667,,,,,,,,,18.537,11.256,-0.0662,-4.7287,-13.8008,-39.7663,70.0
spark_opportunity_selector,星火机会模型,small_med_ret_3d,小盘中位涨跌幅,3,22,high,高水位,-1.8645,0.352,59,,,67.7966,61.0169,55.9322,,,50.8475,33.8983,,,62.7119,52.5424,52.5424,,,,,,,,,24.4438,21.3423,6.4638,-0.0671,-11.2547,-43.9855,94.9153
probe_d3_confirmed,试盘识别-三日确认,small_med_ret_3d,小盘中位涨跌幅,3,5,low,低水位,-1.8645,0.352,6,5.5238,2.3797,33.3333,0.0,0.0,-5.0107,-5.6646,83.3333,66.6667,-9.8967,-17.9796,66.6667,50.0,66.6667,50.0,,,,,,,,,,,,,,
probe_d3_confirmed,试盘识别-三日确认,small_med_ret_3d,小盘中位涨跌幅,3,5,mid,中水位,-1.8645,0.352,4,5.0597,5.4736,0.0,0.0,0.0,0.7032,2.0857,25.0,25.0,-5.1156,-8.2803,50.0,25.0,50.0,100.0,,,,,,,,,,,,,,
probe_d3_confirmed,试盘识别-三日确认,small_med_ret_3d,小盘中位涨跌幅,3,5,high,高水位,-1.8645,0.352,3,6.065,8.6253,0.0,0.0,0.0,-1.6332,-4.0237,66.6667,33.3333,-6.1252,-6.8177,100.0,0.0,33.3333,100.0,,,,,,,,,,,,,,
probe_d3_confirmed,试盘识别-三日确认,small_med_ret_3d,小盘中位涨跌幅,3,10,low,低水位,-1.8645,0.352,6,,,33.3333,0.0,0.0,,,83.3333,83.3333,,,83.3333,50.0,83.3333,,5.5238,2.3797,-8.8726,-6.5209,-12.7,-26.5306,16.6667,,,,,,,
probe_d3_confirmed,试盘识别-三日确认,small_med_ret_3d,小盘中位涨跌幅,3,10,mid,中水位,-1.8645,0.352,4,,,50.0,50.0,25.0,,,50.0,25.0,,,50.0,25.0,50.0,,13.3438,11.5536,4.4401,3.2016,-5.985,-8.2803,75.0,,,,,,,
probe_d3_confirmed,试盘识别-三日确认,small_med_ret_3d,小盘中位涨跌幅,3,10,high,高水位,-1.8645,0.352,3,,,0.0,0.0,0.0,,,66.6667,66.6667,,,100.0,100.0,100.0,,6.6161,8.6253,-6.3414,-9.8225,-10.6183,-10.7692,100.0,,,,,,,
probe_d3_confirmed,试盘识别-三日确认,small_med_ret_3d,小盘中位涨跌幅,3,22,low,低水位,-1.8645,0.352,6,,,33.3333,0.0,0.0,,,83.3333,83.3333,,,83.3333,50.0,83.3333,,,,,,,,,5.5238,2.3797,-11.0579,-6.5209,-14.785,-39.0408,0.0
probe_d3_confirmed,试盘识别-三日确认,small_med_ret_3d,小盘中位涨跌幅,3,22,mid,中水位,-1.8645,0.352,4,,,50.0,50.0,25.0,,,50.0,50.0,,,75.0,25.0,50.0,,,,,,,,,13.3438,11.5536,-5.2817,-3.4509,-9.3399,-19.9575,25.0
probe_d3_confirmed,试盘识别-三日确认,small_med_ret_3d,小盘中位涨跌幅,3,22,high,高水位,-1.8645,0.352,3,,,33.3333,33.3333,33.3333,,,66.6667,33.3333,,,100.0,100.0,100.0,,,,,,,,,14.6858,8.8757,-8.5544,-3.6686,-23.6968,-40.1617,66.6667
stable_capital_callback,资金流回调稳健策略,small_med_ret_3d,小盘中位涨跌幅,3,5,low,低水位,-1.8645,0.352,26,5.9046,3.8816,23.0769,11.5385,7.6923,-3.867,-5.5513,76.9231,53.8462,-7.4685,-14.7733,61.5385,53.8462,57.6923,53.8462,,,,,,,,,,,,,,
stable_capital_callback,资金流回调稳健策略,small_med_ret_3d,小盘中位涨跌幅,3,5,mid,中水位,-1.8645,0.352,16,5.4255,3.3651,12.5,12.5,0.0,-1.4735,-0.6203,56.25,31.25,-7.2981,-21.2944,62.5,31.25,37.5,100.0,,,,,,,,,,,,,,
stable_capital_callback,资金流回调稳健策略,small_med_ret_3d,小盘中位涨跌幅,3,5,high,高水位,-1.8645,0.352,33,9.7815,8.2533,30.303,18.1818,12.1212,4.1832,1.5652,36.3636,15.1515,-4.0509,-13.9524,30.303,9.0909,18.1818,100.0,,,,,,,,,,,,,,
stable_capital_callback,资金流回调稳健策略,small_med_ret_3d,小盘中位涨跌幅,3,10,low,低水位,-1.8645,0.352,26,,,23.0769,11.5385,7.6923,,,69.2308,50.0,,,69.2308,61.5385,61.5385,,6.7102,4.1724,-5.6771,-4.4742,-10.5188,-21.9161,30.7692,,,,,,,
stable_capital_callback,资金流回调稳健策略,small_med_ret_3d,小盘中位涨跌幅,3,10,mid,中水位,-1.8645,0.352,16,,,12.5,12.5,6.25,,,68.75,43.75,,,75.0,43.75,50.0,,6.3162,5.8597,-4.6165,-3.8141,-9.2331,-23.7996,62.5,,,,,,,
stable_capital_callback,资金流回调稳健策略,small_med_ret_3d,小盘中位涨跌幅,3,10,high,高水位,-1.8645,0.352,33,,,66.6667,39.3939,30.303,,,21.2121,9.0909,,,36.3636,15.1515,15.1515,,16.0222,12.1871,8.4922,8.2192,-4.9804,-19.4762,90.9091,,,,,,,
stable_capital_callback,资金流回调稳健策略,small_med_ret_3d,小盘中位涨跌幅,3,22,low,低水位,-1.8645,0.352,26,,,30.7692,11.5385,7.6923,,,69.2308,50.0,,,69.2308,61.5385,61.5385,,,,,,,,,7.2878,5.0892,-5.7755,-5.9281,-10.672,-21.9161,7.6923
stable_capital_callback,资金流回调稳健策略,small_med_ret_3d,小盘中位涨跌幅,3,22,mid,中水位,-1.8645,0.352,16,,,18.75,18.75,12.5,,,75.0,43.75,,,75.0,50.0,50.0,,,,,,,,,7.5324,5.8597,-5.152,-2.5665,-11.3291,-29.2005,43.75
stable_capital_callback,资金流回调稳健策略,small_med_ret_3d,小盘中位涨跌幅,3,22,high,高水位,-1.8645,0.352,33,,,78.7879,66.6667,45.4545,,,33.3333,27.2727,,,48.4848,30.303,33.3333,,,,,,,,,23.5526,18.7619,9.1424,11.2464,-7.2459,-29.7185,90.9091
trend_continuation_callback,趋势延续策略,small_med_ret_3d,小盘中位涨跌幅,3,5,low,低水位,-1.8645,0.352,2,7.5314,7.5314,0.0,0.0,0.0,-0.2928,-0.2928,50.0,0.0,-1.674,-2.9265,0.0,0.0,0.0,100.0,,,,,,,,,,,,,,
trend_continuation_callback,趋势延续策略,small_med_ret_3d,小盘中位涨跌幅,3,5,mid,中水位,-1.8645,0.352,8,7.0577,3.0699,37.5,12.5,12.5,1.7703,-0.6637,50.0,37.5,-5.622,-9.0106,62.5,37.5,37.5,100.0,,,,,,,,,,,,,,
trend_continuation_callback,趋势延续策略,small_med_ret_3d,小盘中位涨跌幅,3,5,high,高水位,-1.8645,0.352,3,11.9229,16.5347,66.6667,66.6667,0.0,-5.6646,-3.758,66.6667,33.3333,-9.1196,-16.1071,66.6667,66.6667,66.6667,100.0,,,,,,,,,,,,,,
trend_continuation_callback,趋势延续策略,small_med_ret_3d,小盘中位涨跌幅,3,10,low,低水位,-1.8645,0.352,2,,,0.0,0.0,0.0,,,100.0,50.0,,,50.0,50.0,50.0,,7.6385,7.6385,-6.7334,-6.7334,-7.5827,-13.7045,100.0,,,,,,,
trend_continuation_callback,趋势延续策略,small_med_ret_3d,小盘中位涨跌幅,3,10,mid,中水位,-1.8645,0.352,8,,,50.0,25.0,25.0,,,50.0,25.0,,,75.0,50.0,50.0,,13.4235,8.5338,5.7049,0.4357,-7.1108,-11.1023,100.0,,,,,,,
trend_continuation_callback,趋势延续策略,small_med_ret_3d,小盘中位涨跌幅,3,10,high,高水位,-1.8645,0.352,3,,,100.0,100.0,0.0,,,66.6667,33.3333,,,66.6667,66.6667,66.6667,,18.1361,17.9562,-3.8014,-2.2772,-13.3806,-26.91,100.0,,,,,,,
trend_continuation_callback,趋势延续策略,small_med_ret_3d,小盘中位涨跌幅,3,22,low,低水位,-1.8645,0.352,2,,,0.0,0.0,0.0,,,100.0,50.0,,,50.0,50.0,50.0,,,,,,,,,7.6385,7.6385,-14.4297,-14.4297,-17.322,-30.1927,100.0
trend_continuation_callback,趋势延续策略,small_med_ret_3d,小盘中位涨跌幅,3,22,mid,中水位,-1.8645,0.352,8,,,62.5,50.0,50.0,,,62.5,37.5,,,75.0,75.0,75.0,,,,,,,,,32.0835,22.3482,12.351,-3.2129,-10.142,-19.9048,100.0
trend_continuation_callback,趋势延续策略,small_med_ret_3d,小盘中位涨跌幅,3,22,high,高水位,-1.8645,0.352,3,,,100.0,100.0,33.3333,,,66.6667,66.6667,,,100.0,100.0,100.0,,,,,,,,,19.276,17.9562,-7.7072,-6.1386,-17.0421,-32.944,100.0
ALL,全部来源,small_med_ret_5d,小盘中位涨跌幅,5,5,low,低水位,-3.3225,0.0,97,7.3022,5.1261,25.7732,11.3402,9.2784,-2.4721,-3.4078,68.0412,42.268,-7.919,-26.3636,63.9175,49.4845,52.5773,79.3814,,,,,,,,,,,,,,
ALL,全部来源,small_med_ret_5d,小盘中位涨跌幅,5,5,mid,中水位,-3.3225,0.0,93,9.191,6.7933,33.3333,20.4301,11.828,0.6465,-0.1015,51.6129,31.1828,-7.1577,-24.7261,54.8387,37.6344,41.9355,93.5484,,,,,,,,,,,,,,
ALL,全部来源,small_med_ret_5d,小盘中位涨跌幅,5,5,high,高水位,-3.3225,0.0,98,9.1055,6.4991,33.6735,21.4286,9.1837,1.6474,-0.0598,50.0,24.4898,-5.7696,-21.2944,47.9592,20.4082,27.551,100.0,,,,,,,,,,,,,,
ALL,全部来源,small_med_ret_5d,小盘中位涨跌幅,5,10,low,低水位,-3.3225,0.0,97,,,36.0825,21.6495,15.4639,,,62.8866,47.4227,,,74.2268,61.8557,63.9175,,9.821,6.0403,-3.7093,-4.5317,-11.1535,-35.974,64.9485,,,,,,,
ALL,全部来源,small_med_ret_5d,小盘中位涨跌幅,5,10,mid,中水位,-3.3225,0.0,93,,,44.086,32.2581,21.5054,,,55.914,40.8602,,,65.5914,50.5376,54.8387,,12.9261,8.767,0.0451,-1.1769,-9.3854,-35.8333,72.043,,,,,,,
ALL,全部来源,small_med_ret_5d,小盘中位涨跌幅,5,10,high,高水位,-3.3225,0.0,98,,,51.0204,34.6939,22.449,,,43.8776,29.5918,,,61.2245,34.6939,37.7551,,13.8098,10.626,3.1603,1.6366,-7.7653,-27.7899,100.0,,,,,,,
ALL,全部来源,small_med_ret_5d,小盘中位涨跌幅,5,22,low,低水位,-3.3225,0.0,97,,,49.4845,34.0206,26.8041,,,58.7629,44.3299,,,76.2887,63.9175,65.9794,,,,,,,,,15.4518,9.6648,0.7714,-3.6176,-11.9937,-39.0408,36.0825
ALL,全部来源,small_med_ret_5d,小盘中位涨跌幅,5,22,mid,中水位,-3.3225,0.0,93,,,50.5376,41.9355,33.3333,,,61.2903,44.086,,,72.043,56.9892,60.2151,,,,,,,,,17.6671,10.0036,-0.716,-2.84,-12.7393,-40.1617,56.9892
ALL,全部来源,small_med_ret_5d,小盘中位涨跌幅,5,22,high,高水位,-3.3225,0.0,98,,,65.3061,57.1429,44.898,,,52.0408,37.7551,,,71.4286,57.1429,58.1633,,,,,,,,,22.6585,16.937,5.4723,-0.8115,-10.649,-43.9855,100.0
spark_opportunity_selector,星火机会模型,small_med_ret_5d,小盘中位涨跌幅,5,5,low,低水位,-3.3225,0.0,59,7.8856,5.1261,27.1186,13.5593,11.8644,-2.4136,-3.4078,71.1864,38.9831,-8.5031,-26.3636,71.1864,52.5424,54.2373,86.4407,,,,,,,,,,,,,,
spark_opportunity_selector,星火机会模型,small_med_ret_5d,小盘中位涨跌幅,5,5,mid,中水位,-3.3225,0.0,64,9.6878,7.0031,35.9375,21.875,12.5,0.0237,-0.4816,53.125,34.375,-8.0629,-24.7261,59.375,43.75,46.875,95.3125,,,,,,,,,,,,,,
spark_opportunity_selector,星火机会模型,small_med_ret_5d,小盘中位涨跌幅,5,5,high,高水位,-3.3225,0.0,64,9.815,7.411,39.0625,23.4375,10.9375,2.2547,0.3308,48.4375,23.4375,-5.6718,-19.3078,43.75,20.3125,25.0,100.0,,,,,,,,,,,,,,
spark_opportunity_selector,星火机会模型,small_med_ret_5d,小盘中位涨跌幅,5,10,low,低水位,-3.3225,0.0,59,,,37.2881,23.7288,18.6441,,,62.7119,44.0678,,,83.0508,67.7966,67.7966,,10.9065,6.0557,-3.5334,-4.1431,-11.9301,-35.974,76.2712,,,,,,,
spark_opportunity_selector,星火机会模型,small_med_ret_5d,小盘中位涨跌幅,5,10,mid,中水位,-3.3225,0.0,64,,,46.875,32.8125,20.3125,,,57.8125,48.4375,,,70.3125,56.25,60.9375,,13.6162,9.6971,-0.7742,-3.8352,-10.5876,-35.8333,79.6875,,,,,,,
spark_opportunity_selector,星火机会模型,small_med_ret_5d,小盘中位涨跌幅,5,10,high,高水位,-3.3225,0.0,64,,,51.5625,39.0625,26.5625,,,45.3125,32.8125,,,59.375,35.9375,39.0625,,14.1484,10.9568,2.9231,1.7742,-7.8825,-27.7899,100.0,,,,,,,
spark_opportunity_selector,星火机会模型,small_med_ret_5d,小盘中位涨跌幅,5,22,low,低水位,-3.3225,0.0,59,,,55.9322,40.678,35.5932,,,54.2373,40.678,,,84.7458,71.1864,71.1864,,,,,,,,,18.8138,10.7235,3.7214,-3.194,-12.8681,-35.974,47.4576
spark_opportunity_selector,星火机会模型,small_med_ret_5d,小盘中位涨跌幅,5,22,mid,中水位,-3.3225,0.0,64,,,53.125,45.3125,35.9375,,,64.0625,46.875,,,76.5625,64.0625,67.1875,,,,,,,,,19.475,11.5904,-0.6775,-3.7268,-13.7938,-39.7663,60.9375
spark_opportunity_selector,星火机会模型,small_med_ret_5d,小盘中位涨跌幅,5,22,high,高水位,-3.3225,0.0,64,,,65.625,57.8125,48.4375,,,51.5625,37.5,,,70.3125,57.8125,57.8125,,,,,,,,,22.7874,17.4297,5.7113,-0.3528,-10.7469,-43.9855,100.0
probe_d3_confirmed,试盘识别-三日确认,small_med_ret_5d,小盘中位涨跌幅,5,5,low,低水位,-3.3225,0.0,7,5.2047,2.6268,28.5714,0.0,0.0,-4.1539,-5.1839,71.4286,57.1429,-8.9998,-17.9796,57.1429,42.8571,57.1429,57.1429,,,,,,,,,,,,,,
probe_d3_confirmed,试盘识别-三日确认,small_med_ret_5d,小盘中位涨跌幅,5,5,mid,中水位,-3.3225,0.0,4,6.3936,5.8672,0.0,0.0,0.0,1.8041,3.6737,25.0,25.0,-5.8283,-8.2803,75.0,25.0,50.0,100.0,,,,,,,,,,,,,,
probe_d3_confirmed,试盘识别-三日确认,small_med_ret_5d,小盘中位涨跌幅,5,5,high,高水位,-3.3225,0.0,2,4.7849,4.7849,0.0,0.0,0.0,-5.1452,-5.1452,100.0,50.0,-5.9533,-6.8177,100.0,0.0,50.0,100.0,,,,,,,,,,,,,,
probe_d3_confirmed,试盘识别-三日确认,small_med_ret_5d,小盘中位涨跌幅,5,10,low,低水位,-3.3225,0.0,7,,,42.8571,14.2857,0.0,,,71.4286,71.4286,,,71.4286,42.8571,71.4286,,7.1783,2.6268,-6.2893,-6.1452,-11.4026,-26.5306,28.5714,,,,,,,
probe_d3_confirmed,试盘识别-三日确认,small_med_ret_5d,小盘中位涨跌幅,5,10,mid,中水位,-3.3225,0.0,4,,,25.0,25.0,25.0,,,75.0,50.0,,,75.0,50.0,75.0,,11.2237,7.3136,-0.4232,-4.8546,-7.7084,-10.5121,75.0,,,,,,,
probe_d3_confirmed,试盘识别-三日确认,small_med_ret_5d,小盘中位涨跌幅,5,10,high,高水位,-3.3225,0.0,2,,,0.0,0.0,0.0,,,50.0,50.0,,,100.0,100.0,100.0,,5.6116,5.6116,-4.3907,-4.3907,-10.6714,-10.7692,100.0,,,,,,,
probe_d3_confirmed,试盘识别-三日确认,small_med_ret_5d,小盘中位涨跌幅,5,22,low,低水位,-3.3225,0.0,7,,,42.8571,14.2857,0.0,,,71.4286,71.4286,,,71.4286,42.8571,71.4286,,,,,,,,,7.1783,2.6268,-9.4782,-6.1452,-13.1898,-39.0408,0.0
probe_d3_confirmed,试盘识别-三日确认,small_med_ret_5d,小盘中位涨跌幅,5,22,mid,中水位,-3.3225,0.0,4,,,25.0,25.0,25.0,,,75.0,75.0,,,100.0,50.0,75.0,,,,,,,,,11.2237,7.3136,-15.3222,-10.5634,-18.4758,-40.1617,25.0
probe_d3_confirmed,试盘识别-三日确认,small_med_ret_5d,小盘中位涨跌幅,5,22,high,高水位,-3.3225,0.0,2,,,50.0,50.0,50.0,,,50.0,0.0,,,100.0,100.0,100.0,,,,,,,,,17.716,17.716,7.2492,7.2492,-15.4643,-20.355,100.0
stable_capital_callback,资金流回调稳健策略,small_med_ret_5d,小盘中位涨跌幅,5,5,low,低水位,-3.3225,0.0,30,6.5662,5.9597,23.3333,10.0,6.6667,-2.3147,-3.0724,63.3333,46.6667,-6.7681,-14.7733,53.3333,46.6667,50.0,70.0,,,,,,,,,,,,,,
stable_capital_callback,资金流回调稳健策略,small_med_ret_5d,小盘中位涨跌幅,5,5,mid,中水位,-3.3225,0.0,22,8.1555,8.0936,31.8182,18.1818,9.0909,1.7372,0.4593,50.0,22.7273,-5.2317,-13.9524,40.9091,22.7273,27.2727,86.3636,,,,,,,,,,,,,,
stable_capital_callback,资金流回调稳健策略,small_med_ret_5d,小盘中位涨跌幅,5,5,high,高水位,-3.3225,0.0,23,8.1177,3.9409,17.3913,17.3913,8.6957,1.9631,0.4926,47.8261,21.7391,-5.4995,-21.2944,47.8261,13.0435,26.087,100.0,,,,,,,,,,,,,,
stable_capital_callback,资金流回调稳健策略,small_med_ret_5d,小盘中位涨跌幅,5,10,low,低水位,-3.3225,0.0,30,,,33.3333,20.0,13.3333,,,60.0,50.0,,,60.0,56.6667,56.6667,,8.3089,5.9597,-3.5658,-4.4597,-9.891,-21.9161,50.0,,,,,,,
stable_capital_callback,资金流回调稳健策略,small_med_ret_5d,小盘中位涨跌幅,5,10,mid,中水位,-3.3225,0.0,22,,,40.9091,31.8182,22.7273,,,45.4545,13.6364,,,50.0,31.8182,31.8182,,10.731,8.4231,2.2731,2.0892,-6.3783,-19.4762,45.4545,,,,,,,
stable_capital_callback,资金流回调稳健策略,small_med_ret_5d,小盘中位涨跌幅,5,10,high,高水位,-3.3225,0.0,23,,,47.8261,21.7391,17.3913,,,34.7826,21.7391,,,56.5217,17.3913,21.7391,,13.8657,7.9051,5.0322,2.1279,-6.4572,-23.7996,100.0,,,,,,,
stable_capital_callback,资金流回调稳健策略,small_med_ret_5d,小盘中位涨跌幅,5,22,low,低水位,-3.3225,0.0,30,,,40.0,26.6667,16.6667,,,63.3333,46.6667,,,63.3333,56.6667,56.6667,,,,,,,,,10.9642,6.1815,-2.5981,-3.2841,-10.2463,-21.9161,20.0
stable_capital_callback,资金流回调稳健策略,small_med_ret_5d,小盘中位涨跌幅,5,22,mid,中水位,-3.3225,0.0,22,,,50.0,36.3636,27.2727,,,50.0,27.2727,,,54.5455,36.3636,36.3636,,,,,,,,,12.8048,9.7128,1.5779,0.9735,-8.2824,-29.7185,45.4545
stable_capital_callback,资金流回调稳健策略,small_med_ret_5d,小盘中位涨跌幅,5,22,high,高水位,-3.3225,0.0,23,,,60.8696,52.1739,34.7826,,,47.8261,39.1304,,,65.2174,39.1304,43.4783,,,,,,,,,20.7221,16.6102,4.8841,1.4778,-9.0544,-29.2005,100.0
trend_continuation_callback,趋势延续策略,small_med_ret_5d,小盘中位涨跌幅,5,5,low,低水位,-3.3225,0.0,1,9.6382,9.6382,0.0,0.0,0.0,1.1276,1.1276,0.0,0.0,-0.4216,-0.4216,0.0,0.0,0.0,100.0,,,,,,,,,,,,,,
trend_continuation_callback,趋势延续策略,small_med_ret_5d,小盘中位涨跌幅,5,5,mid,中水位,-3.3225,0.0,3,9.9162,5.4247,33.3333,33.3333,33.3333,4.3918,-1.7131,66.6667,33.3333,-3.7438,-8.2521,33.3333,33.3333,33.3333,100.0,,,,,,,,,,,,,,
trend_continuation_callback,趋势延续策略,small_med_ret_5d,小盘中位涨跌幅,5,5,high,高水位,-3.3225,0.0,9,7.5451,3.3679,44.4444,22.2222,0.0,-1.9689,-3.758,55.5556,33.3333,-7.1144,-16.1071,66.6667,44.4444,44.4444,100.0,,,,,,,,,,,,,,
trend_continuation_callback,趋势延续策略,small_med_ret_5d,小盘中位涨跌幅,5,10,low,低水位,-3.3225,0.0,1,,,0.0,0.0,0.0,,,100.0,0.0,,,0.0,0.0,0.0,,9.6382,9.6382,-0.3334,-0.3334,-1.4609,-1.4609,100.0,,,,,,,
trend_continuation_callback,趋势延续策略,small_med_ret_5d,小盘中位涨跌幅,5,10,mid,中水位,-3.3225,0.0,3,,,33.3333,33.3333,33.3333,,,66.6667,66.6667,,,66.6667,66.6667,66.6667,,16.57,5.6388,1.8106,-10.0287,-8.0241,-13.7045,100.0,,,,,,,
trend_continuation_callback,趋势延续策略,small_med_ret_5d,小盘中位涨跌幅,5,10,high,高水位,-3.3225,0.0,9,,,66.6667,44.4444,11.1111,,,55.5556,22.2222,,,77.7778,55.5556,55.5556,,13.0805,12.0539,1.7411,-1.6873,-9.6289,-26.91,100.0,,,,,,,
trend_continuation_callback,趋势延续策略,small_med_ret_5d,小盘中位涨跌幅,5,22,low,低水位,-3.3225,0.0,1,,,0.0,0.0,0.0,,,100.0,0.0,,,0.0,0.0,0.0,,,,,,,,,9.6382,9.6382,-0.451,-0.451,-4.4514,-4.4514,100.0
trend_continuation_callback,趋势延续策略,small_med_ret_5d,小盘中位涨跌幅,5,22,mid,中水位,-3.3225,0.0,3,,,33.3333,33.3333,33.3333,,,66.6667,66.6667,,,66.6667,66.6667,66.6667,,,,,,,,,23.3455,5.6388,1.1155,-12.3209,-15.2776,-30.1927,100.0
trend_continuation_callback,趋势延续策略,small_med_ret_5d,小盘中位涨跌幅,5,22,high,高水位,-3.3225,0.0,9,,,77.7778,66.6667,44.4444,,,66.6667,44.4444,,,88.8889,88.8889,88.8889,,,,,,,,,27.7887,17.9562,4.8813,-3.6269,-12.958,-32.944,100.0
ALL,全部来源,small_med_ret_10d,小盘中位涨跌幅,10,5,low,低水位,-6.2181,-0.5774,96,7.414,5.4149,26.0417,12.5,9.375,-2.3062,-3.8795,65.625,44.7917,-7.8964,-24.7261,63.5417,48.9583,53.125,72.9167,,,,,,,,,,,,,,
ALL,全部来源,small_med_ret_10d,小盘中位涨跌幅,10,5,mid,中水位,-6.2181,-0.5774,95,7.9979,5.7199,27.3684,16.8421,8.4211,-0.8418,-1.6807,61.0526,28.4211,-6.8988,-24.3161,54.7368,33.6842,37.8947,100.0,,,,,,,,,,,,,,
ALL,全部来源,small_med_ret_10d,小盘中位涨跌幅,10,5,high,高水位,-6.2181,-0.5774,97,10.143,8.6253,39.1753,23.7113,12.3711,2.919,1.5385,43.299,24.7423,-6.0392,-26.3636,48.4536,24.7423,30.9278,100.0,,,,,,,,,,,,,,
ALL,全部来源,small_med_ret_10d,小盘中位涨跌幅,10,10,low,低水位,-6.2181,-0.5774,96,,,32.2917,19.7917,14.5833,,,65.625,48.9583,,,71.875,57.2917,61.4583,,9.3264,6.048,-3.3605,-4.6811,-10.3401,-29.2549,44.7917,,,,,,,
ALL,全部来源,small_med_ret_10d,小盘中位涨跌幅,10,10,mid,中水位,-6.2181,-0.5774,95,,,42.1053,26.3158,14.7368,,,54.7368,37.8947,,,66.3158,47.3684,51.5789,,11.5445,8.1818,-0.4625,-1.2413,-9.4027,-35.8333,93.6842,,,,,,,
ALL,全部来源,small_med_ret_10d,小盘中位涨跌幅,10,10,high,高水位,-6.2181,-0.5774,97,,,56.701,42.268,29.8969,,,42.268,30.9278,,,62.8866,42.268,43.299,,15.6296,12.0539,3.3057,2.1538,-8.5548,-35.974,98.9691,,,,,,,
ALL,全部来源,small_med_ret_10d,小盘中位涨跌幅,10,22,low,低水位,-6.2181,-0.5774,96,,,41.6667,28.125,21.875,,,61.4583,42.7083,,,73.9583,57.2917,61.4583,,,,,,,,,13.6541,6.9635,0.2939,-3.277,-10.5432,-30.2411,21.875
ALL,全部来源,small_med_ret_10d,小盘中位涨跌幅,10,22,mid,中水位,-6.2181,-0.5774,95,,,58.9474,48.4211,35.7895,,,52.6316,42.1053,,,75.7895,63.1579,64.2105,,,,,,,,,18.6005,14.4467,2.628,-0.451,-11.7502,-35.8333,87.3684
ALL,全部来源,small_med_ret_10d,小盘中位涨跌幅,10,22,high,高水位,-6.2181,-0.5774,97,,,64.9485,56.701,47.4227,,,57.732,41.2371,,,70.1031,57.732,58.7629,,,,,,,,,23.5521,17.0984,2.7489,-1.4968,-13.024,-43.9855,84.5361
spark_opportunity_selector,星火机会模型,small_med_ret_10d,小盘中位涨跌幅,10,5,low,低水位,-6.2181,-0.5774,51,8.4241,5.6152,29.4118,17.6471,13.7255,-2.3637,-4.2849,66.6667,45.098,-8.8137,-24.7261,70.5882,54.902,56.8627,78.4314,,,,,,,,,,,,,,
spark_opportunity_selector,星火机会模型,small_med_ret_10d,小盘中位涨跌幅,10,5,mid,中水位,-6.2181,-0.5774,65,7.7461,5.919,27.6923,15.3846,6.1538,-1.8624,-2.0434,69.2308,33.8462,-7.5243,-24.3161,60.0,38.4615,43.0769,100.0,,,,,,,,,,,,,,
spark_opportunity_selector,星火机会模型,small_med_ret_10d,小盘中位涨跌幅,10,5,high,高水位,-6.2181,-0.5774,71,10.9902,8.767,43.662,25.3521,15.493,3.451,2.9194,39.4366,21.1268,-6.2272,-26.3636,46.4789,26.7606,29.5775,100.0,,,,,,,,,,,,,,
spark_opportunity_selector,星火机会模型,small_med_ret_10d,小盘中位涨跌幅,10,10,low,低水位,-6.2181,-0.5774,51,,,35.2941,25.4902,19.6078,,,66.6667,49.0196,,,80.3922,64.7059,66.6667,,10.9473,6.1055,-3.2034,-4.8305,-11.3718,-29.2549,54.902,,,,,,,
spark_opportunity_selector,星火机会模型,small_med_ret_10d,小盘中位涨跌幅,10,10,mid,中水位,-6.2181,-0.5774,65,,,35.3846,21.5385,12.3077,,,63.0769,46.1538,,,75.3846,56.9231,61.5385,,10.073,7.5058,-2.8303,-4.1431,-10.6819,-35.8333,95.3846,,,,,,,
spark_opportunity_selector,星火机会模型,small_med_ret_10d,小盘中位涨跌幅,10,10,high,高水位,-6.2181,-0.5774,71,,,61.9718,46.4789,32.3944,,,39.4366,32.3944,,,59.1549,40.8451,42.2535,,17.0052,13.2633,3.8929,4.9223,-8.6152,-35.974,98.5915,,,,,,,
spark_opportunity_selector,星火机会模型,small_med_ret_10d,小盘中位涨跌幅,10,22,low,低水位,-6.2181,-0.5774,51,,,49.0196,37.2549,31.3725,,,56.8627,39.2157,,,82.3529,64.7059,66.6667,,,,,,,,,17.5317,9.9442,3.1064,-3.194,-11.5451,-30.2411,29.4118
spark_opportunity_selector,星火机会模型,small_med_ret_10d,小盘中位涨跌幅,10,22,mid,中水位,-6.2181,-0.5774,65,,,53.8462,41.5385,33.8462,,,56.9231,47.6923,,,83.0769,72.3077,73.8462,,,,,,,,,16.9318,11.1111,1.0297,-2.0625,-13.1124,-35.8333,89.2308
spark_opportunity_selector,星火机会模型,small_med_ret_10d,小盘中位涨跌幅,10,22,high,高水位,-6.2181,-0.5774,71,,,69.0141,61.9718,52.1127,,,56.338,38.0282,,,67.6056,56.338,56.338,,,,,,,,,25.6356,21.2553,4.456,-1.1917,-12.5172,-43.9855,81.6901
probe_d3_confirmed,试盘识别-三日确认,small_med_ret_10d,小盘中位涨跌幅,10,5,low,低水位,-6.2181,-0.5774,6,6.0375,3.9207,33.3333,0.0,0.0,-3.6061,-5.3527,83.3333,66.6667,-8.1015,-16.6667,66.6667,33.3333,66.6667,50.0,,,,,,,,,,,,,,
probe_d3_confirmed,试盘识别-三日确认,small_med_ret_10d,小盘中位涨跌幅,10,5,mid,中水位,-6.2181,-0.5774,3,5.008,5.7325,0.0,0.0,0.0,2.778,3.1847,0.0,0.0,-4.418,-8.2803,33.3333,33.3333,33.3333,100.0,,,,,,,,,,,,,,
probe_d3_confirmed,试盘识别-三日确认,small_med_ret_10d,小盘中位涨跌幅,10,5,high,高水位,-6.2181,-0.5774,4,5.0819,5.379,0.0,0.0,0.0,-4.7121,-5.1452,75.0,50.0,-9.0888,-17.9796,100.0,25.0,50.0,100.0,,,,,,,,,,,,,,
probe_d3_confirmed,试盘识别-三日确认,small_med_ret_10d,小盘中位涨跌幅,10,10,low,低水位,-6.2181,-0.5774,6,,,33.3333,0.0,0.0,,,83.3333,83.3333,,,83.3333,33.3333,83.3333,,6.0375,3.9207,-5.8052,-6.5209,-9.6075,-21.4872,0.0,,,,,,,
probe_d3_confirmed,试盘识别-三日确认,small_med_ret_10d,小盘中位涨跌幅,10,10,mid,中水位,-6.2181,-0.5774,3,,,66.6667,66.6667,33.3333,,,33.3333,0.0,,,33.3333,33.3333,33.3333,,16.0534,17.1053,8.2207,9.2105,-5.3215,-8.2803,100.0,,,,,,,
probe_d3_confirmed,试盘识别-三日确认,small_med_ret_10d,小盘中位涨跌幅,10,10,high,高水位,-6.2181,-0.5774,4,,,0.0,0.0,0.0,,,75.0,75.0,,,100.0,100.0,100.0,,5.4953,5.4863,-11.0825,-10.0326,-14.5964,-26.5306,100.0,,,,,,,
probe_d3_confirmed,试盘识别-三日确认,small_med_ret_10d,小盘中位涨跌幅,10,22,low,低水位,-6.2181,-0.5774,6,,,33.3333,0.0,0.0,,,83.3333,83.3333,,,83.3333,33.3333,83.3333,,,,,,,,,6.0375,3.9207,-5.8052,-6.5209,-9.6075,-21.4872,0.0
probe_d3_confirmed,试盘识别-三日确认,small_med_ret_10d,小盘中位涨跌幅,10,22,mid,中水位,-6.2181,-0.5774,3,,,66.6667,66.6667,33.3333,,,33.3333,33.3333,,,66.6667,33.3333,33.3333,,,,,,,,,16.0534,17.1053,-4.7417,0.0,-9.7947,-19.9575,33.3333
probe_d3_confirmed,试盘识别-三日确认,small_med_ret_10d,小盘中位涨跌幅,10,22,high,高水位,-6.2181,-0.5774,4,,,25.0,25.0,25.0,,,75.0,50.0,,,100.0,100.0,100.0,,,,,,,,,11.5475,8.7505,-16.0204,-21.0435,-27.5328,-40.1617,50.0
stable_capital_callback,资金流回调稳健策略,small_med_ret_10d,小盘中位涨跌幅,10,5,low,低水位,-6.2181,-0.5774,39,6.3048,5.9574,20.5128,7.6923,5.1282,-2.0311,-2.2025,61.5385,41.0256,-6.6653,-14.7733,53.8462,43.5897,46.1538,69.2308,,,,,,,,,,,,,,
stable_capital_callback,资金流回调稳健策略,small_med_ret_10d,小盘中位涨跌幅,10,5,mid,中水位,-6.2181,-0.5774,18,8.6203,4.3767,22.2222,16.6667,16.6667,2.0586,0.6515,44.4444,11.1111,-5.3927,-21.2944,38.8889,11.1111,16.6667,100.0,,,,,,,,,,,,,,
stable_capital_callback,资金流回调稳健策略,small_med_ret_10d,小盘中位涨跌幅,10,5,high,高水位,-6.2181,-0.5774,18,9.0033,8.6779,33.3333,27.7778,5.5556,3.1157,0.6177,50.0,33.3333,-4.8674,-13.9524,44.4444,16.6667,33.3333,100.0,,,,,,,,,,,,,,
stable_capital_callback,资金流回调稳健策略,small_med_ret_10d,小盘中位涨跌幅,10,10,low,低水位,-6.2181,-0.5774,39,,,28.2051,15.3846,10.2564,,,61.5385,43.5897,,,58.9744,51.2821,51.2821,,7.7127,5.9621,-3.1899,-1.9724,-9.1038,-21.9161,38.4615,,,,,,,
stable_capital_callback,资金流回调稳健策略,small_med_ret_10d,小盘中位涨跌幅,10,10,mid,中水位,-6.2181,-0.5774,18,,,50.0,22.2222,16.6667,,,27.7778,22.2222,,,44.4444,16.6667,22.2222,,13.3369,9.6965,4.1211,4.6508,-6.1722,-23.7996,83.3333,,,,,,,
stable_capital_callback,资金流回调稳健策略,small_med_ret_10d,小盘中位涨跌幅,10,10,high,高水位,-6.2181,-0.5774,18,,,55.5556,44.4444,33.3333,,,38.8889,11.1111,,,61.1111,27.7778,27.7778,,14.6334,11.3641,6.0558,2.1408,-6.6346,-19.4762,100.0,,,,,,,
stable_capital_callback,资金流回调稳健策略,small_med_ret_10d,小盘中位涨跌幅,10,22,low,低水位,-6.2181,-0.5774,39,,,33.3333,20.5128,12.8205,,,64.1026,41.0256,,,61.5385,51.2821,51.2821,,,,,,,,,9.7552,6.401,-2.4456,-2.2046,-9.3771,-21.9161,15.3846
stable_capital_callback,资金流回调稳健策略,small_med_ret_10d,小盘中位涨跌幅,10,22,mid,中水位,-6.2181,-0.5774,18,,,66.6667,55.5556,33.3333,,,38.8889,27.7778,,,55.5556,33.3333,33.3333,,,,,,,,,17.7648,16.4433,5.2285,2.9407,-7.8552,-25.261,83.3333
stable_capital_callback,资金流回调稳健策略,small_med_ret_10d,小盘中位涨跌幅,10,22,high,高水位,-6.2181,-0.5774,18,,,66.6667,55.5556,44.4444,,,50.0,44.4444,,,66.6667,44.4444,50.0,,,,,,,,,21.5011,18.6289,3.9094,1.8378,-10.5975,-29.7185,100.0
trend_continuation_callback,趋势延续策略,small_med_ret_10d,小盘中位涨跌幅,10,5,low,低水位,-6.2181,-0.5774,0,,,,,,,,,,,,,,,,,,,,,,,,,,,,,
trend_continuation_callback,趋势延续策略,small_med_ret_10d,小盘中位涨跌幅,10,5,mid,中水位,-6.2181,-0.5774,9,9.5677,9.6382,44.4444,33.3333,11.1111,-0.4788,-3.758,55.5556,33.3333,-6.2201,-16.1071,55.5556,44.4444,44.4444,100.0,,,,,,,,,,,,,,
trend_continuation_callback,趋势延续策略,small_med_ret_10d,小盘中位涨跌幅,10,5,high,高水位,-6.2181,-0.5774,4,5.2959,4.0983,25.0,0.0,0.0,0.2231,0.4228,50.0,25.0,-4.9253,-9.0106,50.0,25.0,25.0,100.0,,,,,,,,,,,,,,
trend_continuation_callback,趋势延续策略,small_med_ret_10d,小盘中位涨跌幅,10,10,low,低水位,-6.2181,-0.5774,0,,,,,,,,,,,,,,,,,,,,,,,,,,,,,
trend_continuation_callback,趋势延续策略,small_med_ret_10d,小盘中位涨跌幅,10,10,mid,中水位,-6.2181,-0.5774,9,,,66.6667,55.5556,22.2222,,,55.5556,22.2222,,,55.5556,44.4444,44.4444,,17.0841,16.5347,4.5763,-0.3334,-7.9852,-26.91,100.0,,,,,,,
trend_continuation_callback,趋势延续策略,small_med_ret_10d,小盘中位涨跌幅,10,10,high,高水位,-6.2181,-0.5774,4,,,25.0,0.0,0.0,,,75.0,50.0,,,100.0,75.0,75.0,,5.8291,5.1648,-5.1047,-4.9219,-10.0817,-13.7045,100.0,,,,,,,
trend_continuation_callback,趋势延续策略,small_med_ret_10d,小盘中位涨跌幅,10,22,low,低水位,-6.2181,-0.5774,0,,,,,,,,,,,,,,,,,,,,,,,,,,,,,
trend_continuation_callback,趋势延续策略,small_med_ret_10d,小盘中位涨跌幅,10,22,mid,中水位,-6.2181,-0.5774,9,,,77.7778,77.7778,55.5556,,,55.5556,33.3333,,,66.6667,66.6667,66.6667,,,,,,,,,33.1732,23.3371,11.4276,-0.451,-10.3541,-32.944,100.0
trend_continuation_callback,趋势延续策略,small_med_ret_10d,小盘中位涨跌幅,10,22,high,高水位,-6.2181,-0.5774,4,,,25.0,0.0,0.0,,,100.0,75.0,,,100.0,100.0,100.0,,,,,,,,,7.8035,7.2347,-14.0053,-12.407,-18.43,-30.1927,100.0
ALL,全部来源,small_med_ret_20d,小盘中位涨跌幅,20,5,low,低水位,-7.776,-2.8868,97,7.0572,5.9574,22.6804,9.2784,6.1856,-2.0076,-1.9724,60.8247,36.0825,-6.8365,-18.8571,54.6392,39.1753,43.299,73.1959,,,,,,,,,,,,,,
ALL,全部来源,small_med_ret_20d,小盘中位涨跌幅,20,5,mid,中水位,-7.776,-2.8868,91,8.6661,6.5407,34.0659,19.7802,10.989,0.2252,-0.9104,54.9451,28.5714,-7.3081,-24.7261,57.1429,36.2637,40.6593,100.0,,,,,,,,,,,,,,
ALL,全部来源,small_med_ret_20d,小盘中位涨跌幅,20,5,high,高水位,-7.776,-2.8868,100,9.8225,6.133,36.0,24.0,13.0,1.5602,-0.4172,54.0,33.0,-6.7106,-26.3636,55.0,32.0,38.0,100.0,,,,,,,,,,,,,,
ALL,全部来源,small_med_ret_20d,小盘中位涨跌幅,20,10,low,低水位,-7.776,-2.8868,97,,,36.0825,20.6186,12.3711,,,51.5464,35.0515,,,61.8557,45.3608,49.4845,,9.3398,7.7048,-0.8805,-0.1687,-8.4139,-26.91,45.3608,,,,,,,
ALL,全部来源,small_med_ret_20d,小盘中位涨跌幅,20,10,mid,中水位,-7.776,-2.8868,91,,,48.3516,32.967,24.1758,,,58.2418,45.0549,,,68.1319,51.6484,54.9451,,13.3084,9.6382,0.1738,-3.0156,-10.0219,-35.8333,92.3077,,,,,,,
ALL,全部来源,small_med_ret_20d,小盘中位涨跌幅,20,10,high,高水位,-7.776,-2.8868,100,,,47.0,35.0,23.0,,,53.0,38.0,,,71.0,50.0,52.0,,13.911,9.6806,0.2369,-1.0076,-9.8758,-35.974,100.0,,,,,,,
ALL,全部来源,small_med_ret_20d,小盘中位涨跌幅,20,22,low,低水位,-7.776,-2.8868,97,,,50.5155,39.1753,28.866,,,51.5464,36.0825,,,65.9794,48.4536,52.5773,,,,,,,,,15.4054,10.0036,2.7229,-0.1687,-9.4985,-40.1617,44.3299
ALL,全部来源,small_med_ret_20d,小盘中位涨跌幅,20,22,mid,中水位,-7.776,-2.8868,91,,,57.1429,43.956,36.2637,,,57.1429,42.8571,,,73.6264,62.6374,62.6374,,,,,,,,,21.5108,12.0539,5.1946,-2.7989,-11.608,-35.8333,68.1319
ALL,全部来源,small_med_ret_20d,小盘中位涨跌幅,20,22,high,高水位,-7.776,-2.8868,100,,,58.0,50.0,40.0,,,63.0,47.0,,,80.0,67.0,69.0,,,,,,,,,19.1059,14.7503,-1.9231,-3.6478,-14.1407,-43.9855,81.0
spark_opportunity_selector,星火机会模型,small_med_ret_20d,小盘中位涨跌幅,20,5,low,低水位,-7.776,-2.8868,47,7.6868,5.6152,27.6596,12.766,10.6383,-2.4834,-3.5622,65.9574,42.5532,-7.9041,-18.8571,63.8298,48.9362,51.0638,76.5957,,,,,,,,,,,,,,
spark_opportunity_selector,星火机会模型,small_med_ret_20d,小盘中位涨跌幅,20,5,mid,中水位,-7.776,-2.8868,62,8.8289,6.6753,32.2581,17.7419,9.6774,-0.065,-0.7284,54.8387,24.1935,-7.6359,-24.7261,59.6774,37.0968,40.3226,100.0,,,,,,,,,,,,,,
spark_opportunity_selector,星火机会模型,small_med_ret_20d,小盘中位涨跌幅,20,5,high,高水位,-7.776,-2.8868,78,10.3174,6.8708,39.7436,25.641,14.1026,1.5919,-0.3607,53.8462,32.0513,-6.8691,-26.3636,52.5641,33.3333,37.1795,100.0,,,,,,,,,,,,,,
spark_opportunity_selector,星火机会模型,small_med_ret_20d,小盘中位涨跌幅,20,10,low,低水位,-7.776,-2.8868,47,,,36.1702,23.4043,14.8936,,,53.1915,36.1702,,,72.3404,55.3191,57.4468,,10.0339,7.2591,-0.8735,-2.4027,-9.5875,-24.1143,51.0638,,,,,,,
spark_opportunity_selector,星火机会模型,small_med_ret_20d,小盘中位涨跌幅,20,10,mid,中水位,-7.776,-2.8868,62,,,50.0,33.871,24.1935,,,58.0645,46.7742,,,70.9677,53.2258,56.4516,,13.8572,10.0113,-0.0877,-4.3374,-10.3514,-35.8333,93.5484,,,,,,,
spark_opportunity_selector,星火机会模型,small_med_ret_20d,小盘中位涨跌幅,20,10,high,高水位,-7.776,-2.8868,78,,,47.4359,35.8974,24.359,,,53.8462,41.0256,,,69.2308,51.2821,53.8462,,13.9703,9.8383,-0.3135,-1.0169,-10.1739,-35.974,100.0,,,,,,,
spark_opportunity_selector,星火机会模型,small_med_ret_20d,小盘中位涨跌幅,20,22,low,低水位,-7.776,-2.8868,47,,,57.4468,46.8085,40.4255,,,44.6809,29.7872,,,74.4681,55.3191,57.4468,,,,,,,,,19.5439,11.0043,7.2876,0.8,-9.7502,-24.1143,51.0638
spark_opportunity_selector,星火机会模型,small_med_ret_20d,小盘中位涨跌幅,20,22,mid,中水位,-7.776,-2.8868,62,,,59.6774,46.7742,38.7097,,,54.8387,43.5484,,,75.8065,64.5161,64.5161,,,,,,,,,22.9833,13.5614,6.1348,-3.8612,-12.0663,-35.8333,72.5806
spark_opportunity_selector,星火机会模型,small_med_ret_20d,小盘中位涨跌幅,20,22,high,高水位,-7.776,-2.8868,78,,,57.6923,50.0,41.0256,,,65.3846,47.4359,,,79.4872,69.2308,70.5128,,,,,,,,,18.8626,14.7503,-2.3224,-3.6701,-14.4033,-43.9855,79.4872
probe_d3_confirmed,试盘识别-三日确认,small_med_ret_20d,小盘中位涨跌幅,20,5,low,低水位,-7.776,-2.8868,7,6.4072,5.2147,28.5714,0.0,0.0,-2.3208,-5.1839,71.4286,57.1429,-7.8683,-16.6667,71.4286,28.5714,57.1429,57.1429,,,,,,,,,,,,,,
probe_d3_confirmed,试盘识别-三日确认,small_med_ret_20d,小盘中位涨跌幅,20,5,mid,中水位,-7.776,-2.8868,0,,,,,,,,,,,,,,,,,,,,,,,,,,,,,
probe_d3_confirmed,试盘识别-三日确认,small_med_ret_20d,小盘中位涨跌幅,20,5,high,高水位,-7.776,-2.8868,6,4.4544,4.511,0.0,0.0,0.0,-2.6509,-1.5184,50.0,33.3333,-7.19,-17.9796,66.6667,33.3333,50.0,100.0,,,,,,,,,,,,,,
probe_d3_confirmed,试盘识别-三日确认,small_med_ret_20d,小盘中位涨跌幅,20,10,low,低水位,-7.776,-2.8868,7,,,28.5714,0.0,0.0,,,85.7143,85.7143,,,85.7143,42.8571,85.7143,,6.4072,5.2147,-6.4391,-6.8966,-9.7367,-21.4872,14.2857,,,,,,,
probe_d3_confirmed,试盘识别-三日确认,small_med_ret_20d,小盘中位涨跌幅,20,10,mid,中水位,-7.776,-2.8868,0,,,,,,,,,,,,,,,,,,,,,,,,,,,,,
probe_d3_confirmed,试盘识别-三日确认,small_med_ret_20d,小盘中位涨跌幅,20,10,high,高水位,-7.776,-2.8868,6,,,33.3333,33.3333,16.6667,,,50.0,33.3333,,,66.6667,66.6667,66.6667,,10.2527,7.4388,-1.5709,-0.8832,-10.6397,-26.5306,100.0,,,,,,,
probe_d3_confirmed,试盘识别-三日确认,small_med_ret_20d,小盘中位涨跌幅,20,22,low,低水位,-7.776,-2.8868,7,,,28.5714,0.0,0.0,,,85.7143,85.7143,,,85.7143,42.8571,85.7143,,,,,,,,,6.4072,5.2147,-10.7133,-6.8966,-13.9724,-40.1617,0.0
probe_d3_confirmed,试盘识别-三日确认,small_med_ret_20d,小盘中位涨跌幅,20,22,mid,中水位,-7.776,-2.8868,0,,,,,,,,,,,,,,,,,,,,,,,,,,,,,
probe_d3_confirmed,试盘识别-三日确认,small_med_ret_20d,小盘中位涨跌幅,20,22,high,高水位,-7.776,-2.8868,6,,,50.0,50.0,33.3333,,,50.0,33.3333,,,83.3333,66.6667,66.6667,,,,,,,,,14.2875,12.9905,-6.3575,-1.8343,-16.5589,-39.0408,50.0
stable_capital_callback,资金流回调稳健策略,small_med_ret_20d,小盘中位涨跌幅,20,5,low,低水位,-7.776,-2.8868,41,6.3216,5.9621,14.6341,4.878,2.439,-1.022,-0.1432,51.2195,24.3902,-5.1727,-14.7733,39.0244,26.8293,29.2683,70.7317,,,,,,,,,,,,,,
stable_capital_callback,资金流回调稳健策略,small_med_ret_20d,小盘中位涨跌幅,20,5,mid,中水位,-7.776,-2.8868,23,8.2198,3.8394,34.7826,26.087,17.3913,0.8664,-1.9123,60.8696,39.1304,-7.1724,-21.2944,56.5217,34.7826,43.4783,100.0,,,,,,,,,,,,,,
stable_capital_callback,资金流回调稳健策略,small_med_ret_20d,小盘中位涨跌幅,20,5,high,高水位,-7.776,-2.8868,11,10.443,4.8125,36.3636,27.2727,9.0909,3.2639,-0.4484,54.5455,45.4545,-6.1438,-13.9524,63.6364,27.2727,45.4545,100.0,,,,,,,,,,,,,,
stable_capital_callback,资金流回调稳健策略,small_med_ret_20d,小盘中位涨跌幅,20,10,low,低水位,-7.776,-2.8868,41,,,34.1463,17.0732,12.1951,,,43.9024,24.3902,,,43.9024,31.7073,31.7073,,8.5767,7.7048,0.2401,0.7379,-6.3924,-18.1512,41.4634,,,,,,,
stable_capital_callback,资金流回调稳健策略,small_med_ret_20d,小盘中位涨跌幅,20,10,mid,中水位,-7.776,-2.8868,23,,,43.4783,30.4348,26.087,,,52.1739,47.8261,,,65.2174,47.8261,52.1739,,12.087,7.1338,0.366,-0.9889,-10.0302,-23.7996,86.9565,,,,,,,
stable_capital_callback,资金流回调稳健策略,small_med_ret_20d,小盘中位涨跌幅,20,10,high,高水位,-7.776,-2.8868,11,,,54.5455,36.3636,18.1818,,,54.5455,18.1818,,,81.8182,36.3636,36.3636,,15.874,10.8744,3.683,-1.079,-8.4351,-19.4762,100.0,,,,,,,
stable_capital_callback,资金流回调稳健策略,small_med_ret_20d,小盘中位涨跌幅,20,22,low,低水位,-7.776,-2.8868,41,,,43.9024,34.1463,19.5122,,,53.6585,34.1463,,,51.2195,39.0244,39.0244,,,,,,,,,11.9419,8.4259,0.3312,-0.7509,-7.9015,-29.7185,41.4634
stable_capital_callback,资金流回调稳健策略,small_med_ret_20d,小盘中位涨跌幅,20,22,mid,中水位,-7.776,-2.8868,23,,,47.8261,34.7826,30.4348,,,60.8696,43.4783,,,69.5652,56.5217,56.5217,,,,,,,,,15.2787,8.3638,0.9878,-2.4419,-10.9546,-25.261,47.8261
stable_capital_callback,资金流回调稳健策略,small_med_ret_20d,小盘中位涨跌幅,20,22,high,高水位,-7.776,-2.8868,11,,,72.7273,54.5455,36.3636,,,45.4545,45.4545,,,81.8182,45.4545,54.5455,,,,,,,,,22.383,18.4959,2.9824,10.6154,-11.0852,-29.2005,100.0
trend_continuation_callback,趋势延续策略,small_med_ret_20d,小盘中位涨跌幅,20,5,low,低水位,-7.776,-2.8868,2,9.6169,9.6169,50.0,50.0,0.0,-9.9325,-9.9325,100.0,50.0,-12.2437,-16.1071,100.0,100.0,100.0,100.0,,,,,,,,,,,,,,
trend_continuation_callback,趋势延续策略,small_med_ret_20d,小盘中位涨跌幅,20,5,mid,中水位,-7.776,-2.8868,6,8.6951,10.2558,50.0,16.6667,0.0,0.7667,1.9994,33.3333,33.3333,-4.4414,-9.0106,33.3333,33.3333,33.3333,100.0,,,,,,,,,,,,,,
trend_continuation_callback,趋势延续策略,small_med_ret_20d,小盘中位涨跌幅,20,5,high,高水位,-7.776,-2.8868,5,7.1777,3.3679,20.0,20.0,20.0,2.3696,-1.7131,60.0,20.0,-4.9094,-8.2521,60.0,20.0,20.0,100.0,,,,,,,,,,,,,,
trend_continuation_callback,趋势延续策略,small_med_ret_20d,小盘中位涨跌幅,20,10,low,低水位,-7.776,-2.8868,2,,,100.0,100.0,0.0,,,50.0,50.0,,,100.0,100.0,100.0,,18.9367,18.9367,-4.5635,-4.5635,-17.6452,-26.91,100.0,,,,,,,
trend_continuation_callback,趋势延续策略,small_med_ret_20d,小盘中位涨跌幅,20,10,mid,中水位,-7.776,-2.8868,6,,,50.0,33.3333,16.6667,,,83.3333,16.6667,,,50.0,50.0,50.0,,12.3197,10.846,2.1396,-1.9823,-6.5858,-11.1023,100.0,,,,,,,
trend_continuation_callback,趋势延续策略,small_med_ret_20d,小盘中位涨跌幅,20,10,high,高水位,-7.776,-2.8868,5,,,40.0,20.0,20.0,,,40.0,40.0,,,80.0,40.0,40.0,,13.0563,5.6388,3.4116,2.5586,-7.4776,-13.7045,100.0,,,,,,,
trend_continuation_callback,趋势延续策略,small_med_ret_20d,小盘中位涨跌幅,20,22,low,低水位,-7.776,-2.8868,2,,,100.0,100.0,50.0,,,50.0,50.0,,,100.0,100.0,100.0,,,,,,,,,20.6467,20.6467,-8.4916,-8.4916,-20.6622,-32.944,100.0
trend_continuation_callback,趋势延续策略,small_med_ret_20d,小盘中位涨跌幅,20,22,mid,中水位,-7.776,-2.8868,6,,,66.6667,50.0,33.3333,,,66.6667,33.3333,,,66.6667,66.6667,66.6667,,,,,,,,,30.185,14.2943,11.6057,-1.625,-9.3764,-19.9048,100.0
trend_continuation_callback,趋势延续策略,small_med_ret_20d,小盘中位涨跌幅,20,22,high,高水位,-7.776,-2.8868,5,,,40.0,40.0,40.0,,,80.0,60.0,,,80.0,80.0,80.0,,,,,,,,,21.474,5.6388,-1.1648,-5.5437,-13.8647,-30.1927,100.0
ALL,全部来源,large_up_ratio_1d,大盘上涨占比,1,5,low,低水位,36.4754,53.6986,98,8.8782,6.2933,30.6122,18.3673,12.2449,0.0256,-0.4771,56.1224,33.6735,-7.1002,-26.3636,55.102,41.8367,43.8776,87.7551,,,,,,,,,,,,,,
ALL,全部来源,large_up_ratio_1d,大盘上涨占比,1,5,mid,中水位,36.4754,53.6986,93,7.9183,6.0805,34.4086,17.2043,6.4516,-0.8358,-1.584,61.2903,33.3333,-7.3869,-21.2944,66.6667,36.5591,43.0108,93.5484,,,,,,,,,,,,,,
ALL,全部来源,large_up_ratio_1d,大盘上涨占比,1,5,high,高水位,36.4754,53.6986,97,8.752,5.7199,27.8351,17.5258,11.3402,0.5877,-0.3843,52.5773,30.9278,-6.355,-24.7261,45.3608,28.866,35.0515,91.7526,,,,,,,,,,,,,,
ALL,全部来源,large_up_ratio_1d,大盘上涨占比,1,10,low,低水位,36.4754,53.6986,98,,,43.8776,31.6327,21.4286,,,57.1429,42.8571,,,66.3265,55.102,57.1429,,12.7151,8.4542,-1.1904,-2.3759,-9.943,-35.974,79.5918,,,,,,,
ALL,全部来源,large_up_ratio_1d,大盘上涨占比,1,10,mid,中水位,36.4754,53.6986,93,,,45.1613,26.8817,17.2043,,,63.4409,46.2366,,,75.2688,53.7634,58.0645,,11.2541,8.767,-1.4167,-3.6582,-9.777,-23.7996,73.1183,,,,,,,
ALL,全部来源,large_up_ratio_1d,大盘上涨占比,1,10,high,高水位,36.4754,53.6986,97,,,42.268,29.8969,20.6186,,,42.268,28.866,,,59.7938,38.1443,41.2371,,12.5301,8.6977,2.0878,1.9091,-8.5779,-35.8333,84.5361,,,,,,,
ALL,全部来源,large_up_ratio_1d,大盘上涨占比,1,22,low,低水位,36.4754,53.6986,98,,,55.102,43.8776,32.6531,,,61.2245,48.9796,,,74.4898,63.2653,65.3061,,,,,,,,,18.1974,12.3567,0.1443,-4.532,-12.5398,-40.1617,61.2245
ALL,全部来源,large_up_ratio_1d,大盘上涨占比,1,22,mid,中水位,36.4754,53.6986,93,,,50.5376,37.6344,27.957,,,68.8172,49.4624,,,80.6452,64.5161,66.6667,,,,,,,,,16.0842,10.0036,-1.8259,-4.8305,-12.6772,-39.7663,61.2903
ALL,全部来源,large_up_ratio_1d,大盘上涨占比,1,22,high,高水位,36.4754,53.6986,97,,,59.7938,51.5464,44.3299,,,42.268,27.8351,,,64.9485,50.5155,52.5773,,,,,,,,,21.4765,16.0293,7.2185,3.4501,-10.143,-43.9855,71.134
spark_opportunity_selector,星火机会模型,large_up_ratio_1d,大盘上涨占比,1,5,low,低水位,36.4754,53.6986,63,10.1535,6.7204,38.0952,23.8095,15.873,0.6382,-0.4399,57.1429,31.746,-7.4582,-26.3636,58.7302,41.2698,42.8571,92.0635,,,,,,,,,,,,,,
spark_opportunity_selector,星火机会模型,large_up_ratio_1d,大盘上涨占比,1,5,mid,中水位,36.4754,53.6986,61,8.6923,6.5054,37.7049,19.6721,9.8361,-0.1473,-1.584,59.0164,29.5082,-7.612,-19.3078,68.8525,36.0656,42.623,95.082,,,,,,,,,,,,,,
spark_opportunity_selector,星火机会模型,large_up_ratio_1d,大盘上涨占比,1,5,high,高水位,36.4754,53.6986,63,8.6275,6.4386,26.9841,15.873,9.5238,-0.4413,-0.3945,55.5556,34.9206,-7.0874,-24.7261,46.0317,38.0952,39.6825,95.2381,,,,,,,,,,,,,,
spark_opportunity_selector,星火机会模型,large_up_ratio_1d,大盘上涨占比,1,10,low,低水位,36.4754,53.6986,63,,,47.619,33.3333,22.2222,,,55.5556,41.2698,,,69.8413,55.5556,57.1429,,14.251,9.0164,-0.6463,-1.9687,-10.3341,-35.974,87.3016,,,,,,,
spark_opportunity_selector,星火机会模型,large_up_ratio_1d,大盘上涨占比,1,10,mid,中水位,36.4754,53.6986,61,,,52.459,32.7869,22.9508,,,57.377,45.9016,,,75.4098,54.0984,57.377,,12.978,10.3712,0.0003,-3.0156,-9.949,-21.8997,80.3279,,,,,,,
spark_opportunity_selector,星火机会模型,large_up_ratio_1d,大盘上涨占比,1,10,high,高水位,36.4754,53.6986,63,,,36.5079,30.1587,20.6349,,,52.381,38.0952,,,66.6667,49.2063,52.381,,11.6024,8.209,-0.4801,-0.6927,-9.9687,-35.8333,88.8889,,,,,,,
spark_opportunity_selector,星火机会模型,large_up_ratio_1d,大盘上涨占比,1,22,low,低水位,36.4754,53.6986,63,,,63.4921,50.7937,39.6825,,,57.1429,44.4444,,,77.7778,65.0794,66.6667,,,,,,,,,21.3643,15.5662,3.1464,-3.6176,-12.2853,-35.974,68.254
spark_opportunity_selector,星火机会模型,large_up_ratio_1d,大盘上涨占比,1,22,mid,中水位,36.4754,53.6986,61,,,57.377,45.9016,36.0656,,,65.5738,49.1803,,,81.9672,65.5738,67.2131,,,,,,,,,18.0054,13.3028,-1.5853,-4.8305,-13.2768,-39.7663,67.2131
spark_opportunity_selector,星火机会模型,large_up_ratio_1d,大盘上涨占比,1,22,high,高水位,36.4754,53.6986,63,,,53.9683,47.619,44.4444,,,47.619,31.746,,,71.4286,61.9048,61.9048,,,,,,,,,21.7544,12.8271,6.9874,1.0005,-11.8406,-43.9855,74.6032
probe_d3_confirmed,试盘识别-三日确认,large_up_ratio_1d,大盘上涨占比,1,5,low,低水位,36.4754,53.6986,7,5.2997,3.2895,14.2857,0.0,0.0,-3.6317,-0.4926,57.1429,42.8571,-9.5914,-17.9796,71.4286,57.1429,57.1429,85.7143,,,,,,,,,,,,,,
probe_d3_confirmed,试盘识别-三日确认,large_up_ratio_1d,大盘上涨占比,1,5,mid,中水位,36.4754,53.6986,2,7.0452,7.0452,0.0,0.0,0.0,-4.7726,-4.7726,100.0,50.0,-6.1487,-7.2086,100.0,0.0,50.0,100.0,,,,,,,,,,,,,,
probe_d3_confirmed,试盘识别-三日确认,large_up_ratio_1d,大盘上涨占比,1,5,high,高水位,36.4754,53.6986,4,5.0971,4.3144,25.0,0.0,0.0,0.7041,-0.9913,50.0,50.0,-4.6953,-7.7395,50.0,0.0,50.0,50.0,,,,,,,,,,,,,,
probe_d3_confirmed,试盘识别-三日确认,large_up_ratio_1d,大盘上涨占比,1,10,low,低水位,36.4754,53.6986,7,,,42.8571,28.5714,14.2857,,,71.4286,71.4286,,,85.7143,71.4286,85.7143,,10.0335,8.6253,-5.847,-6.8966,-12.5718,-26.5306,57.1429,,,,,,,
probe_d3_confirmed,试盘识别-三日确认,large_up_ratio_1d,大盘上涨占比,1,10,mid,中水位,36.4754,53.6986,2,,,0.0,0.0,0.0,,,100.0,100.0,,,100.0,50.0,100.0,,7.0452,7.0452,-8.3621,-8.3621,-9.3724,-10.7692,50.0,,,,,,,
probe_d3_confirmed,试盘识别-三日确认,large_up_ratio_1d,大盘上涨占比,1,10,high,高水位,36.4754,53.6986,4,,,25.0,0.0,0.0,,,50.0,25.0,,,50.0,25.0,50.0,,5.5104,4.3144,0.7885,-0.8832,-6.312,-10.5736,50.0,,,,,,,
probe_d3_confirmed,试盘识别-三日确认,large_up_ratio_1d,大盘上涨占比,1,22,low,低水位,36.4754,53.6986,7,,,42.8571,28.5714,14.2857,,,85.7143,85.7143,,,85.7143,71.4286,85.7143,,,,,,,,,10.0335,8.6253,-17.9507,-14.2251,-20.2628,-40.1617,14.2857
probe_d3_confirmed,试盘识别-三日确认,large_up_ratio_1d,大盘上涨占比,1,22,mid,中水位,36.4754,53.6986,2,,,0.0,0.0,0.0,,,100.0,50.0,,,100.0,50.0,100.0,,,,,,,,,7.0452,7.0452,-5.2852,-5.2852,-14.1653,-20.355,50.0
probe_d3_confirmed,试盘识别-三日确认,large_up_ratio_1d,大盘上涨占比,1,22,high,高水位,36.4754,53.6986,4,,,50.0,25.0,25.0,,,25.0,25.0,,,75.0,25.0,50.0,,,,,,,,,11.5627,8.5337,5.7719,5.5328,-6.7476,-10.5736,25.0
stable_capital_callback,资金流回调稳健策略,large_up_ratio_1d,大盘上涨占比,1,5,low,低水位,36.4754,53.6986,23,5.9729,5.9621,13.0435,4.3478,4.3478,-1.2805,-1.9123,56.5217,39.1304,-6.2735,-14.7733,47.8261,43.4783,47.8261,73.913,,,,,,,,,,,,,,
stable_capital_callback,资金流回调稳健策略,large_up_ratio_1d,大盘上涨占比,1,5,mid,中水位,36.4754,53.6986,25,6.5325,4.1237,28.0,16.0,0.0,-2.4945,-1.1391,68.0,40.0,-7.2582,-21.2944,60.0,40.0,44.0,88.0,,,,,,,,,,,,,,
stable_capital_callback,资金流回调稳健策略,large_up_ratio_1d,大盘上涨占比,1,5,high,高水位,36.4754,53.6986,27,9.7195,5.1456,29.6296,22.2222,18.5185,3.9163,1.0201,40.7407,18.5185,-4.4031,-13.984,37.037,7.4074,18.5185,88.8889,,,,,,,,,,,,,,
stable_capital_callback,资金流回调稳健策略,large_up_ratio_1d,大盘上涨占比,1,10,low,低水位,36.4754,53.6986,23,,,34.7826,26.087,21.7391,,,52.1739,39.1304,,,56.5217,52.1739,52.1739,,8.7891,5.9621,-1.6451,-2.3614,-8.9118,-21.9161,60.8696,,,,,,,
stable_capital_callback,资金流回调稳健策略,large_up_ratio_1d,大盘上涨占比,1,10,mid,中水位,36.4754,53.6986,25,,,32.0,16.0,4.0,,,76.0,48.0,,,72.0,52.0,56.0,,7.5377,7.1338,-5.322,-4.2683,-9.7953,-23.7996,52.0,,,,,,,
stable_capital_callback,资金流回调稳健策略,large_up_ratio_1d,大盘上涨占比,1,10,high,高水位,36.4754,53.6986,27,,,51.8519,29.6296,25.9259,,,18.5185,7.4074,,,40.7407,11.1111,11.1111,,15.321,11.4878,8.5061,5.5365,-5.0265,-18.3275,77.7778,,,,,,,
stable_capital_callback,资金流回调稳健策略,large_up_ratio_1d,大盘上涨占比,1,22,low,低水位,36.4754,53.6986,23,,,39.1304,30.4348,21.7391,,,60.8696,47.8261,,,65.2174,56.5217,56.5217,,,,,,,,,11.7806,6.401,-2.3993,-2.4419,-10.9999,-29.7185,47.8261
stable_capital_callback,资金流回调稳健策略,large_up_ratio_1d,大盘上涨占比,1,22,mid,中水位,36.4754,53.6986,25,,,36.0,20.0,8.0,,,76.0,52.0,,,76.0,60.0,60.0,,,,,,,,,8.9512,7.7048,-5.3286,-6.9226,-11.4044,-29.2005,40.0
stable_capital_callback,资金流回调稳健策略,large_up_ratio_1d,大盘上涨占比,1,22,high,高水位,36.4754,53.6986,27,,,70.3704,59.2593,44.4444,,,29.6296,18.5185,,,44.4444,22.2222,25.9259,,,,,,,,,21.9446,17.249,9.5373,9.0183,-5.9166,-20.0348,66.6667
trend_continuation_callback,趋势延续策略,large_up_ratio_1d,大盘上涨占比,1,5,low,低水位,36.4754,53.6986,5,11.1843,9.6382,40.0,40.0,20.0,3.4349,1.1276,40.0,20.0,-2.9048,-8.2521,20.0,20.0,20.0,100.0,,,,,,,,,,,,,,
trend_continuation_callback,趋势延续策略,large_up_ratio_1d,大盘上涨占比,1,5,mid,中水位,36.4754,53.6986,5,5.7539,2.7719,40.0,0.0,0.0,0.6319,2.5586,40.0,40.0,-5.7798,-9.0106,60.0,40.0,40.0,100.0,,,,,,,,,,,,,,
trend_continuation_callback,趋势延续策略,large_up_ratio_1d,大盘上涨占比,1,5,high,高水位,36.4754,53.6986,3,7.5339,3.3679,33.3333,33.3333,0.0,-7.917,-3.886,100.0,33.3333,-10.7531,-16.1071,100.0,66.6667,66.6667,100.0,,,,,,,,,,,,,,
trend_continuation_callback,趋势延续策略,large_up_ratio_1d,大盘上涨占比,1,10,low,低水位,36.4754,53.6986,5,,,40.0,40.0,20.0,,,80.0,40.0,,,40.0,40.0,40.0,,15.1766,9.6382,0.5642,-2.2772,-6.077,-13.7045,100.0,,,,,,,
trend_continuation_callback,趋势延续策略,large_up_ratio_1d,大盘上涨占比,1,10,mid,中水位,36.4754,53.6986,5,,,40.0,20.0,20.0,,,60.0,20.0,,,80.0,60.0,60.0,,10.4872,6.1867,3.6013,-1.6873,-7.7493,-11.1023,100.0,,,,,,,
trend_continuation_callback,趋势延续策略,large_up_ratio_1d,大盘上涨占比,1,10,high,高水位,36.4754,53.6986,3,,,100.0,66.6667,0.0,,,33.3333,33.3333,,,100.0,66.6667,66.6667,,16.2514,17.9562,-0.0198,9.0674,-14.3541,-26.91,100.0,,,,,,,
trend_continuation_callback,趋势延续策略,large_up_ratio_1d,大盘上涨占比,1,22,low,低水位,36.4754,53.6986,5,,,40.0,40.0,20.0,,,80.0,60.0,,,60.0,60.0,60.0,,,,,,,,,19.2419,9.6382,-0.6486,-6.1386,-12.0172,-30.1927,100.0
trend_continuation_callback,趋势延续策略,large_up_ratio_1d,大盘上涨占比,1,22,mid,中水位,36.4754,53.6986,5,,,60.0,40.0,40.0,,,60.0,40.0,,,80.0,80.0,80.0,,,,,,,,,31.9256,12.0539,14.136,-2.7989,-11.1303,-19.9048,100.0
trend_continuation_callback,趋势延续策略,large_up_ratio_1d,大盘上涨占比,1,22,high,高水位,36.4754,53.6986,3,,,100.0,100.0,66.6667,,,66.6667,33.3333,,,100.0,100.0,100.0,,,,,,,,,24.6453,23.3371,-6.87,-3.6269,-17.0563,-32.944,100.0
ALL,全部来源,large_up_ratio_3d,大盘上涨占比,3,5,low,低水位,34.9448,56.4979,96,7.4361,5.6285,26.0417,13.5417,7.2917,-2.6603,-2.9368,69.7917,38.5417,-8.3276,-26.3636,64.5833,46.875,50.0,72.9167,,,,,,,,,,,,,,
ALL,全部来源,large_up_ratio_3d,大盘上涨占比,3,5,mid,中水位,34.9448,56.4979,95,8.5287,5.671,32.6316,18.9474,11.5789,0.0297,-1.6675,56.8421,36.8421,-7.481,-23.3333,61.0526,40.0,45.2632,100.0,,,,,,,,,,,,,,
ALL,全部来源,large_up_ratio_3d,大盘上涨占比,3,5,high,高水位,34.9448,56.4979,97,9.6012,7.2591,34.0206,20.6186,11.3402,2.4159,1.5652,43.299,22.6804,-5.0421,-16.1071,41.2371,20.6186,26.8041,100.0,,,,,,,,,,,,,,
ALL,全部来源,large_up_ratio_3d,大盘上涨占比,3,10,low,低水位,34.9448,56.4979,96,,,34.375,19.7917,11.4583,,,64.5833,46.875,,,72.9167,56.25,61.4583,,9.9119,6.3324,-3.7369,-3.6225,-10.8319,-35.974,58.3333,,,,,,,
ALL,全部来源,large_up_ratio_3d,大盘上涨占比,3,10,mid,中水位,34.9448,56.4979,95,,,43.1579,30.5263,18.9474,,,61.0526,43.1579,,,72.6316,55.7895,57.8947,,12.0289,8.009,-1.1224,-3.3599,-10.2959,-35.8333,80.0,,,,,,,
ALL,全部来源,large_up_ratio_3d,大盘上涨占比,3,10,high,高水位,34.9448,56.4979,97,,,53.6082,38.1443,28.866,,,37.1134,27.8351,,,55.6701,35.0515,37.1134,,14.5756,10.8744,4.3245,4.7396,-7.1934,-27.7899,98.9691,,,,,,,
ALL,全部来源,large_up_ratio_3d,大盘上涨占比,3,22,low,低水位,34.9448,56.4979,96,,,44.7917,32.2917,21.875,,,61.4583,47.9167,,,77.0833,62.5,65.625,,,,,,,,,14.9745,8.8408,-0.1884,-3.6225,-12.0932,-39.0408,43.75
ALL,全部来源,large_up_ratio_3d,大盘上涨占比,3,22,mid,中水位,34.9448,56.4979,95,,,53.6842,41.0526,34.7368,,,64.2105,46.3158,,,81.0526,67.3684,69.4737,,,,,,,,,17.0035,11.6116,-1.2419,-3.6269,-13.1488,-39.7663,57.8947
ALL,全部来源,large_up_ratio_3d,大盘上涨占比,3,22,high,高水位,34.9448,56.4979,97,,,67.0103,59.7938,48.4536,,,46.3918,31.9588,,,61.8557,48.4536,49.4845,,,,,,,,,23.8094,18.7619,7.0163,1.4778,-10.1202,-43.9855,91.7526
spark_opportunity_selector,星火机会模型,large_up_ratio_3d,大盘上涨占比,3,5,low,低水位,34.9448,56.4979,66,8.1259,6.0806,27.2727,15.1515,9.0909,-2.1411,-3.1572,69.697,34.8485,-8.7132,-26.3636,69.697,46.9697,50.0,83.3333,,,,,,,,,,,,,,
spark_opportunity_selector,星火机会模型,large_up_ratio_3d,大盘上涨占比,3,5,mid,中水位,34.9448,56.4979,63,9.0903,5.9024,34.9206,19.0476,11.1111,-0.3189,-1.9034,58.7302,39.6825,-8.0499,-23.3333,63.4921,42.8571,47.619,100.0,,,,,,,,,,,,,,
spark_opportunity_selector,星火机会模型,large_up_ratio_3d,大盘上涨占比,3,5,high,高水位,34.9448,56.4979,58,10.4213,7.411,41.3793,25.8621,15.5172,2.8417,2.9735,41.3793,20.6897,-5.1464,-15.8283,37.931,24.1379,25.8621,100.0,,,,,,,,,,,,,,
spark_opportunity_selector,星火机会模型,large_up_ratio_3d,大盘上涨占比,3,10,low,低水位,34.9448,56.4979,66,,,39.3939,24.2424,13.6364,,,60.6061,45.4545,,,78.7879,59.0909,63.6364,,11.5041,8.066,-2.7042,-3.6225,-11.3822,-35.974,74.2424,,,,,,,
spark_opportunity_selector,星火机会模型,large_up_ratio_3d,大盘上涨占比,3,10,mid,中水位,34.9448,56.4979,63,,,44.4444,31.746,20.6349,,,63.4921,49.2063,,,74.6032,61.9048,63.4921,,12.625,8.7302,-1.9345,-4.8305,-11.2291,-35.8333,85.7143,,,,,,,
spark_opportunity_selector,星火机会模型,large_up_ratio_3d,大盘上涨占比,3,10,high,高水位,34.9448,56.4979,58,,,53.4483,41.3793,32.7586,,,39.6552,29.3103,,,56.8966,36.2069,37.931,,14.9272,11.143,3.9553,3.94,-7.3673,-27.7899,98.2759,,,,,,,
spark_opportunity_selector,星火机会模型,large_up_ratio_3d,大盘上涨占比,3,22,low,低水位,34.9448,56.4979,66,,,53.0303,40.9091,27.2727,,,57.5758,46.9697,,,83.3333,68.1818,69.697,,,,,,,,,18.2493,10.5532,1.8904,-3.6225,-12.9335,-35.974,56.0606
spark_opportunity_selector,星火机会模型,large_up_ratio_3d,大盘上涨占比,3,22,mid,中水位,34.9448,56.4979,63,,,55.5556,44.4444,41.2698,,,63.4921,47.619,,,84.127,71.4286,73.0159,,,,,,,,,18.8195,12.487,-0.6952,-4.5317,-14.0822,-39.7663,63.4921
spark_opportunity_selector,星火机会模型,large_up_ratio_3d,大盘上涨占比,3,22,high,高水位,34.9448,56.4979,58,,,67.2414,60.3448,53.4483,,,48.2759,29.3103,,,62.069,51.7241,51.7241,,,,,,,,,24.5644,21.0579,7.9441,0.6471,-10.1557,-43.9855,93.1034
probe_d3_confirmed,试盘识别-三日确认,large_up_ratio_3d,大盘上涨占比,3,5,low,低水位,34.9448,56.4979,7,5.5921,2.6268,28.5714,0.0,0.0,-3.7002,-5.1839,71.4286,57.1429,-8.6765,-17.9796,57.1429,42.8571,57.1429,57.1429,,,,,,,,,,,,,,
probe_d3_confirmed,试盘识别-三日确认,large_up_ratio_3d,大盘上涨占比,3,5,mid,中水位,34.9448,56.4979,3,4.7456,5.2147,0.0,0.0,0.0,-0.45,0.9868,33.3333,33.3333,-6.3691,-8.2803,66.6667,33.3333,66.6667,100.0,,,,,,,,,,,,,,
probe_d3_confirmed,试盘识别-三日确认,large_up_ratio_3d,大盘上涨占比,3,5,high,高水位,34.9448,56.4979,3,6.065,8.6253,0.0,0.0,0.0,-1.6332,-4.0237,66.6667,33.3333,-6.1252,-6.8177,100.0,0.0,33.3333,100.0,,,,,,,,,,,,,,
probe_d3_confirmed,试盘识别-三日确认,large_up_ratio_3d,大盘上涨占比,3,10,low,低水位,34.9448,56.4979,7,,,28.5714,0.0,0.0,,,85.7143,71.4286,,,71.4286,42.8571,71.4286,,5.5921,2.6268,-8.0061,-6.1452,-11.4666,-26.5306,28.5714,,,,,,,
probe_d3_confirmed,试盘识别-三日确认,large_up_ratio_3d,大盘上涨占比,3,10,mid,中水位,34.9448,56.4979,3,,,66.6667,66.6667,33.3333,,,33.3333,33.3333,,,66.6667,33.3333,66.6667,,15.791,17.1053,6.8559,9.2105,-6.6247,-8.2803,66.6667,,,,,,,
probe_d3_confirmed,试盘识别-三日确认,large_up_ratio_3d,大盘上涨占比,3,10,high,高水位,34.9448,56.4979,3,,,0.0,0.0,0.0,,,66.6667,66.6667,,,100.0,100.0,100.0,,6.6161,8.6253,-6.3414,-9.8225,-10.6183,-10.7692,100.0,,,,,,,
probe_d3_confirmed,试盘识别-三日确认,large_up_ratio_3d,大盘上涨占比,3,22,low,低水位,34.9448,56.4979,7,,,28.5714,0.0,0.0,,,71.4286,71.4286,,,85.7143,42.8571,71.4286,,,,,,,,,5.5921,2.6268,-9.4782,-6.1452,-13.5027,-39.0408,0.0
probe_d3_confirmed,试盘识别-三日确认,large_up_ratio_3d,大盘上涨占比,3,22,mid,中水位,34.9448,56.4979,3,,,66.6667,66.6667,33.3333,,,66.6667,66.6667,,,66.6667,33.3333,66.6667,,,,,,,,,15.791,17.1053,-7.0423,-6.9018,-10.5171,-19.9575,33.3333
probe_d3_confirmed,试盘识别-三日确认,large_up_ratio_3d,大盘上涨占比,3,22,high,高水位,34.9448,56.4979,3,,,33.3333,33.3333,33.3333,,,66.6667,33.3333,,,100.0,100.0,100.0,,,,,,,,,14.6858,8.8757,-8.5544,-3.6686,-23.6968,-40.1617,66.6667
stable_capital_callback,资金流回调稳健策略,large_up_ratio_3d,大盘上涨占比,3,5,low,低水位,34.9448,56.4979,21,6.0304,4.1237,23.8095,14.2857,4.7619,-3.9261,-2.2025,71.4286,42.8571,-7.3815,-21.2944,52.381,47.619,47.619,42.8571,,,,,,,,,,,,,,
stable_capital_callback,资金流回调稳健策略,large_up_ratio_3d,大盘上涨占比,3,5,mid,中水位,34.9448,56.4979,21,7.5187,5.0822,28.5714,19.0476,14.2857,0.4524,-1.1391,57.1429,33.3333,-6.9427,-13.984,57.1429,38.0952,42.8571,100.0,,,,,,,,,,,,,,
stable_capital_callback,资金流回调稳健策略,large_up_ratio_3d,大盘上涨占比,3,5,high,高水位,34.9448,56.4979,33,8.4419,6.8511,21.2121,12.1212,6.0606,2.6326,0.8253,42.4242,24.2424,-4.3583,-13.9524,39.3939,12.1212,24.2424,100.0,,,,,,,,,,,,,,
stable_capital_callback,资金流回调稳健策略,large_up_ratio_3d,大盘上涨占比,3,10,low,低水位,34.9448,56.4979,21,,,23.8095,14.2857,9.5238,,,66.6667,47.619,,,57.1429,52.381,52.381,,6.538,4.2211,-5.8193,-2.3614,-9.4616,-23.7996,14.2857,,,,,,,
stable_capital_callback,资金流回调稳健策略,large_up_ratio_3d,大盘上涨占比,3,10,mid,中水位,34.9448,56.4979,21,,,33.3333,23.8095,14.2857,,,57.1429,28.5714,,,66.6667,42.8571,42.8571,,9.7712,7.7048,-0.4885,-1.1391,-8.9278,-21.9161,57.1429,,,,,,,
stable_capital_callback,资金流回调稳健策略,large_up_ratio_3d,大盘上涨占比,3,10,high,高水位,34.9448,56.4979,33,,,54.5455,30.303,24.2424,,,30.303,21.2121,,,48.4848,24.2424,27.2727,,13.993,10.8744,5.7951,6.0606,-6.0422,-19.4762,100.0,,,,,,,
stable_capital_callback,资金流回调稳健策略,large_up_ratio_3d,大盘上涨占比,3,22,low,低水位,34.9448,56.4979,21,,,23.8095,14.2857,9.5238,,,71.4286,47.619,,,57.1429,52.381,52.381,,,,,,,,,6.538,4.2211,-5.8604,-2.3614,-9.5312,-25.261,14.2857
stable_capital_callback,资金流回调稳健策略,large_up_ratio_3d,大盘上涨占比,3,22,mid,中水位,34.9448,56.4979,21,,,47.619,28.5714,19.0476,,,57.1429,33.3333,,,71.4286,52.381,52.381,,,,,,,,,11.3116,8.7093,-0.906,-1.1769,-10.5427,-29.2005,28.5714
stable_capital_callback,资金流回调稳健策略,large_up_ratio_3d,大盘上涨占比,3,22,high,高水位,34.9448,56.4979,33,,,66.6667,57.5758,39.3939,,,42.4242,36.3636,,,57.5758,36.3636,39.3939,,,,,,,,,21.5878,16.9233,6.4,6.7446,-8.3728,-29.7185,90.9091
trend_continuation_callback,趋势延续策略,large_up_ratio_3d,大盘上涨占比,3,5,low,低水位,34.9448,56.4979,2,5.8877,5.8877,0.0,0.0,0.0,-2.867,-2.867,50.0,50.0,-4.3165,-8.2115,50.0,50.0,50.0,100.0,,,,,,,,,,,,,,
trend_continuation_callback,趋势延续策略,large_up_ratio_3d,大盘上涨占比,3,5,mid,中水位,34.9448,56.4979,8,8.1763,4.3963,37.5,25.0,12.5,1.8458,0.4228,50.0,25.0,-4.8312,-9.0106,50.0,25.0,25.0,100.0,,,,,,,,,,,,,,
trend_continuation_callback,趋势延续策略,large_up_ratio_3d,大盘上涨占比,3,5,high,高水位,34.9448,56.4979,3,10.0358,10.8735,66.6667,33.3333,0.0,-4.1498,-3.758,66.6667,33.3333,-9.4667,-16.1071,66.6667,66.6667,66.6667,100.0,,,,,,,,,,,,,,
trend_continuation_callback,趋势延续策略,large_up_ratio_3d,大盘上涨占比,3,10,low,低水位,34.9448,56.4979,2,,,0.0,0.0,0.0,,,100.0,0.0,,,50.0,50.0,50.0,,7.9124,7.9124,-1.0104,-1.0104,-4.8362,-8.2115,100.0,,,,,,,
trend_continuation_callback,趋势延续策略,large_up_ratio_3d,大盘上涨占比,3,10,mid,中水位,34.9448,56.4979,8,,,50.0,25.0,12.5,,,62.5,37.5,,,75.0,50.0,50.0,,11.8504,8.2598,0.6171,-2.9677,-7.9148,-13.7045,100.0,,,,,,,
trend_continuation_callback,趋势延续策略,large_up_ratio_3d,大盘上涨占比,3,10,high,高水位,34.9448,56.4979,3,,,100.0,100.0,33.3333,,,33.3333,33.3333,,,66.6667,66.6667,66.6667,,22.1483,19.9173,5.9507,15.9339,-13.0676,-26.91,100.0,,,,,,,
trend_continuation_callback,趋势延续策略,large_up_ratio_3d,大盘上涨占比,3,22,low,低水位,34.9448,56.4979,2,,,50.0,50.0,50.0,,,50.0,0.0,,,50.0,50.0,50.0,,,,,,,,,28.3286,28.3286,23.2841,23.2841,-6.3314,-8.2115,100.0
trend_continuation_callback,趋势延续策略,large_up_ratio_3d,大盘上涨占比,3,22,mid,中水位,34.9448,56.4979,8,,,50.0,37.5,25.0,,,87.5,62.5,,,87.5,87.5,87.5,,,,,,,,,18.0986,10.4422,-4.254,-5.8412,-13.6258,-30.1927,100.0
trend_continuation_callback,趋势延续策略,large_up_ratio_3d,大盘上涨占比,3,22,high,高水位,34.9448,56.4979,3,,,100.0,100.0,66.6667,,,33.3333,33.3333,,,66.6667,66.6667,66.6667,,,,,,,,,42.7757,23.3371,11.4303,11.3867,-15.079,-32.944,100.0
ALL,全部来源,large_up_ratio_5d,大盘上涨占比,5,5,low,低水位,34.9448,48.0769,96,7.3197,5.147,21.875,11.4583,7.2917,-1.5915,-2.7896,61.4583,37.5,-7.716,-26.3636,58.3333,42.7083,47.9167,79.1667,,,,,,,,,,,,,,
ALL,全部来源,large_up_ratio_5d,大盘上涨占比,5,5,mid,中水位,34.9448,48.0769,94,8.711,6.7245,31.9149,17.0213,11.7021,-1.1493,-1.6258,60.6383,35.1064,-7.3297,-23.3333,57.4468,41.4894,43.617,93.617,,,,,,,,,,,,,,
ALL,全部来源,large_up_ratio_5d,大盘上涨占比,5,5,high,高水位,34.9448,48.0769,98,9.5296,6.472,38.7755,24.4898,11.2245,2.4755,0.9929,47.9592,25.5102,-5.8113,-21.2944,51.0204,23.4694,30.6122,100.0,,,,,,,,,,,,,,
ALL,全部来源,large_up_ratio_5d,大盘上涨占比,5,10,low,低水位,34.9448,48.0769,96,,,31.25,19.7917,10.4167,,,61.4583,44.7917,,,65.625,52.0833,57.2917,,9.2739,6.2532,-3.6178,-2.9883,-10.3148,-35.974,71.875,,,,,,,
ALL,全部来源,large_up_ratio_5d,大盘上涨占比,5,10,mid,中水位,34.9448,48.0769,94,,,47.8723,31.9149,21.2766,,,54.2553,41.4894,,,70.2128,53.1915,54.2553,,12.4715,8.7416,-0.4975,-1.1414,-10.0369,-35.8333,65.9574,,,,,,,
ALL,全部来源,large_up_ratio_5d,大盘上涨占比,5,10,high,高水位,34.9448,48.0769,98,,,52.0408,36.7347,27.551,,,46.9388,31.6327,,,65.3061,41.8367,44.898,,14.7501,10.8776,3.5528,1.3672,-7.9799,-23.7996,98.9796,,,,,,,
ALL,全部来源,large_up_ratio_5d,大盘上涨占比,5,22,low,低水位,34.9448,48.0769,96,,,44.7917,34.375,25.0,,,56.25,38.5417,,,68.75,55.2083,58.3333,,,,,,,,,16.0059,8.8408,1.9358,-0.9069,-11.5223,-39.0408,51.0417
ALL,全部来源,large_up_ratio_5d,大盘上涨占比,5,22,mid,中水位,34.9448,48.0769,94,,,56.383,43.617,32.9787,,,59.5745,51.0638,,,77.6596,62.766,64.8936,,,,,,,,,15.9629,11.2209,-1.7696,-5.2804,-12.7426,-43.9855,48.9362
ALL,全部来源,large_up_ratio_5d,大盘上涨占比,5,22,high,高水位,34.9448,48.0769,98,,,64.2857,55.102,46.9388,,,56.1224,36.7347,,,73.4694,60.2041,61.2245,,,,,,,,,23.7278,16.6173,5.3575,-1.3443,-11.1,-35.625,92.8571
spark_opportunity_selector,星火机会模型,large_up_ratio_5d,大盘上涨占比,5,5,low,低水位,34.9448,48.0769,66,7.854,4.4628,24.2424,15.1515,10.6061,-2.5259,-4.168,69.697,42.4242,-9.0358,-26.3636,69.697,53.0303,57.5758,86.3636,,,,,,,,,,,,,,
spark_opportunity_selector,星火机会模型,large_up_ratio_5d,大盘上涨占比,5,5,mid,中水位,34.9448,48.0769,52,9.5976,7.1383,36.5385,17.3077,11.5385,-0.7041,-1.1124,59.6154,32.6923,-7.5281,-23.3333,53.8462,40.3846,40.3846,96.1538,,,,,,,,,,,,,,
spark_opportunity_selector,星火机会模型,large_up_ratio_5d,大盘上涨占比,5,5,high,高水位,34.9448,48.0769,69,10.0868,7.2129,42.029,26.087,13.0435,2.9962,2.7473,43.4783,21.7391,-5.6939,-19.3078,49.2754,23.1884,27.5362,100.0,,,,,,,,,,,,,,
spark_opportunity_selector,星火机会模型,large_up_ratio_5d,大盘上涨占比,5,10,low,低水位,34.9448,48.0769,66,,,31.8182,21.2121,10.6061,,,66.6667,53.0303,,,80.303,66.6667,71.2121,,9.7681,5.8411,-5.1089,-5.9713,-12.1561,-35.974,81.8182,,,,,,,
spark_opportunity_selector,星火机会模型,large_up_ratio_5d,大盘上涨占比,5,10,mid,中水位,34.9448,48.0769,52,,,50.0,34.6154,23.0769,,,57.6923,40.3846,,,69.2308,51.9231,51.9231,,13.4767,9.51,-0.4348,-1.7273,-10.561,-35.8333,73.0769,,,,,,,
spark_opportunity_selector,星火机会模型,large_up_ratio_5d,大盘上涨占比,5,10,high,高水位,34.9448,48.0769,69,,,55.0725,40.5797,31.8841,,,42.029,31.8841,,,62.3188,40.5797,43.4783,,15.5788,12.487,4.1864,3.1404,-7.7463,-23.454,98.5507,,,,,,,
spark_opportunity_selector,星火机会模型,large_up_ratio_5d,大盘上涨占比,5,22,low,低水位,34.9448,48.0769,66,,,50.0,39.3939,30.303,,,57.5758,43.9394,,,81.8182,71.2121,72.7273,,,,,,,,,18.443,10.215,2.6969,-3.1637,-13.5582,-35.974,60.6061
spark_opportunity_selector,星火机会模型,large_up_ratio_5d,大盘上涨占比,5,22,mid,中水位,34.9448,48.0769,52,,,57.6923,44.2308,36.5385,,,59.6154,50.0,,,78.8462,63.4615,65.3846,,,,,,,,,17.6614,10.9024,-0.9355,-5.1037,-13.281,-43.9855,55.7692
spark_opportunity_selector,星火机会模型,large_up_ratio_5d,大盘上涨占比,5,22,high,高水位,34.9448,48.0769,69,,,66.6667,59.4203,52.1739,,,53.6232,33.3333,,,71.0145,57.971,57.971,,,,,,,,,24.3359,22.1685,5.9765,-0.7119,-10.788,-35.625,89.8551
probe_d3_confirmed,试盘识别-三日确认,large_up_ratio_5d,大盘上涨占比,5,5,low,低水位,34.9448,48.0769,6,5.0552,4.2521,16.6667,0.0,0.0,-1.5668,-2.2673,50.0,50.0,-6.795,-17.9796,50.0,16.6667,50.0,66.6667,,,,,,,,,,,,,,
probe_d3_confirmed,试盘识别-三日确认,large_up_ratio_5d,大盘上涨占比,5,5,mid,中水位,34.9448,48.0769,5,6.3352,5.7325,20.0,0.0,0.0,-2.492,-0.4926,60.0,40.0,-9.1083,-16.6667,80.0,60.0,60.0,80.0,,,,,,,,,,,,,,
probe_d3_confirmed,试盘识别-三日确认,large_up_ratio_5d,大盘上涨占比,5,5,high,高水位,34.9448,48.0769,2,4.7849,4.7849,0.0,0.0,0.0,-5.1452,-5.1452,100.0,50.0,-5.9533,-6.8177,100.0,0.0,50.0,100.0,,,,,,,,,,,,,,
probe_d3_confirmed,试盘识别-三日确认,large_up_ratio_5d,大盘上涨占比,5,10,low,低水位,34.9448,48.0769,6,,,33.3333,16.6667,0.0,,,66.6667,50.0,,,50.0,16.6667,50.0,,7.3578,5.6083,-3.4807,-4.4763,-8.7998,-26.5306,50.0,,,,,,,
probe_d3_confirmed,试盘识别-三日确认,large_up_ratio_5d,大盘上涨占比,5,10,mid,中水位,34.9448,48.0769,5,,,40.0,20.0,20.0,,,80.0,80.0,,,100.0,80.0,100.0,,10.1993,8.6253,-4.9667,-6.8966,-11.5707,-21.4872,40.0,,,,,,,
probe_d3_confirmed,试盘识别-三日确认,large_up_ratio_5d,大盘上涨占比,5,10,high,高水位,34.9448,48.0769,2,,,0.0,0.0,0.0,,,50.0,50.0,,,100.0,100.0,100.0,,5.6116,5.6116,-4.3907,-4.3907,-10.6714,-10.7692,100.0,,,,,,,
probe_d3_confirmed,试盘识别-三日确认,large_up_ratio_5d,大盘上涨占比,5,22,low,低水位,34.9448,48.0769,6,,,33.3333,16.6667,0.0,,,50.0,50.0,,,66.6667,16.6667,50.0,,,,,,,,,7.3578,5.6083,-6.7333,-3.0726,-11.1752,-39.0408,0.0
probe_d3_confirmed,试盘识别-三日确认,large_up_ratio_5d,大盘上涨占比,5,22,mid,中水位,34.9448,48.0769,5,,,40.0,20.0,20.0,,,100.0,100.0,,,100.0,80.0,100.0,,,,,,,,,10.1993,8.6253,-17.4473,-14.2251,-19.8361,-40.1617,20.0
probe_d3_confirmed,试盘识别-三日确认,large_up_ratio_5d,大盘上涨占比,5,22,high,高水位,34.9448,48.0769,2,,,50.0,50.0,50.0,,,50.0,0.0,,,100.0,100.0,100.0,,,,,,,,,17.716,17.716,7.2492,7.2492,-15.4643,-20.355,100.0
stable_capital_callback,资金流回调稳健策略,large_up_ratio_5d,大盘上涨占比,5,5,low,低水位,34.9448,48.0769,23,6.2762,6.401,17.3913,4.3478,0.0,0.9653,2.2819,43.4783,21.7391,-4.4862,-12.3711,30.4348,21.7391,21.7391,60.8696,,,,,,,,,,,,,,
stable_capital_callback,资金流回调稳健策略,large_up_ratio_5d,大盘上涨占比,5,5,mid,中水位,34.9448,48.0769,33,7.4096,5.9621,24.2424,15.1515,12.1212,-1.6359,-2.678,60.6061,36.3636,-6.6425,-14.7733,57.5758,36.3636,42.4242,90.9091,,,,,,,,,,,,,,
stable_capital_callback,资金流回调稳健策略,large_up_ratio_5d,大盘上涨占比,5,5,high,高水位,34.9448,48.0769,19,9.1707,3.682,31.5789,26.3158,10.5263,2.4059,-1.0471,57.8947,36.8421,-6.434,-21.2944,52.6316,26.3158,42.1053,100.0,,,,,,,,,,,,,,
stable_capital_callback,资金流回调稳健策略,large_up_ratio_5d,大盘上涨占比,5,10,low,低水位,34.9448,48.0769,23,,,30.4348,17.3913,13.0435,,,43.4783,21.7391,,,30.4348,21.7391,21.7391,,8.3398,7.7048,0.4825,2.0892,-5.8112,-21.9161,47.8261,,,,,,,
stable_capital_callback,资金流回调稳健策略,large_up_ratio_5d,大盘上涨占比,5,10,mid,中水位,34.9448,48.0769,33,,,42.4242,24.2424,18.1818,,,45.4545,36.3636,,,66.6667,48.4848,48.4848,,10.2603,7.7048,-0.2654,0.4373,-8.8118,-18.1512,54.5455,,,,,,,
stable_capital_callback,资金流回调稳健策略,large_up_ratio_5d,大盘上涨占比,5,10,high,高水位,34.9448,48.0769,19,,,47.3684,31.5789,21.0526,,,57.8947,31.5789,,,68.4211,36.8421,42.1053,,14.4133,4.5855,2.9702,-1.079,-8.4801,-23.7996,100.0,,,,,,,
stable_capital_callback,资金流回调稳健策略,large_up_ratio_5d,大盘上涨占比,5,22,low,低水位,34.9448,48.0769,23,,,34.7826,26.087,17.3913,,,52.1739,21.7391,,,34.7826,21.7391,21.7391,,,,,,,,,11.5451,7.7048,2.1169,-0.1421,-6.078,-21.9161,34.7826
stable_capital_callback,资金流回调稳健策略,large_up_ratio_5d,大盘上涨占比,5,22,mid,中水位,34.9448,48.0769,33,,,54.5455,42.4242,27.2727,,,54.5455,45.4545,,,72.7273,57.5758,57.5758,,,,,,,,,12.8919,11.3307,-1.3708,-3.3599,-10.6378,-29.7185,36.3636
stable_capital_callback,资金流回调稳健策略,large_up_ratio_5d,大盘上涨占比,5,22,high,高水位,34.9448,48.0769,19,,,57.8947,42.1053,31.5789,,,57.8947,47.3684,,,73.6842,52.6316,57.8947,,,,,,,,,20.8562,12.3846,3.4554,-2.4419,-10.8955,-29.2005,100.0
trend_continuation_callback,趋势延续策略,large_up_ratio_5d,大盘上涨占比,5,5,low,低水位,34.9448,48.0769,1,9.6382,9.6382,0.0,0.0,0.0,1.1276,1.1276,0.0,0.0,-0.4216,-0.4216,0.0,0.0,0.0,100.0,,,,,,,,,,,,,,
trend_continuation_callback,趋势延续策略,large_up_ratio_5d,大盘上涨占比,5,5,mid,中水位,34.9448,48.0769,4,10.8895,9.9237,50.0,50.0,25.0,-1.2441,-4.8876,75.0,50.0,-8.1981,-16.1071,75.0,75.0,75.0,100.0,,,,,,,,,,,,,,
trend_continuation_callback,趋势延续策略,large_up_ratio_5d,大盘上涨占比,5,5,high,高水位,34.9448,48.0769,8,6.7621,4.3963,37.5,12.5,0.0,0.054,0.4228,50.0,25.0,-5.3086,-9.0106,50.0,25.0,25.0,100.0,,,,,,,,,,,,,,
trend_continuation_callback,趋势延续策略,large_up_ratio_5d,大盘上涨占比,5,10,low,低水位,34.9448,48.0769,1,,,0.0,0.0,0.0,,,100.0,0.0,,,0.0,0.0,0.0,,9.6382,9.6382,-0.3334,-0.3334,-1.4609,-1.4609,100.0,,,,,,,
trend_continuation_callback,趋势延续策略,large_up_ratio_5d,大盘上涨占比,5,10,mid,中水位,34.9448,48.0769,4,,,75.0,75.0,25.0,,,50.0,50.0,,,75.0,75.0,75.0,,20.4862,18.9367,2.3596,2.9526,-11.4146,-26.91,100.0,,,,,,,
trend_continuation_callback,趋势延续策略,large_up_ratio_5d,大盘上涨占比,5,10,high,高水位,34.9448,48.0769,8,,,50.0,25.0,12.5,,,62.5,25.0,,,75.0,50.0,50.0,,10.6863,8.5338,1.4579,-1.9823,-8.1343,-13.7045,100.0,,,,,,,
trend_continuation_callback,趋势延续策略,large_up_ratio_5d,大盘上涨占比,5,22,low,低水位,34.9448,48.0769,1,,,0.0,0.0,0.0,,,100.0,0.0,,,0.0,0.0,0.0,,,,,,,,,9.6382,9.6382,-0.451,-0.451,-4.4514,-4.4514,100.0
trend_continuation_callback,趋势延续策略,large_up_ratio_5d,大盘上涨占比,5,22,mid,中水位,34.9448,48.0769,4,,,75.0,75.0,50.0,,,50.0,50.0,,,75.0,75.0,75.0,,,,,,,,,26.4227,20.6467,3.6929,-0.4671,-14.2411,-32.944,100.0
trend_continuation_callback,趋势延续策略,large_up_ratio_5d,大盘上涨占比,5,22,high,高水位,34.9448,48.0769,8,,,62.5,50.0,37.5,,,75.0,50.0,,,87.5,87.5,87.5,,,,,,,,,26.8055,14.2943,4.0633,-4.5853,-13.1863,-30.1927,100.0
ALL,全部来源,large_up_ratio_10d,大盘上涨占比,10,5,low,低水位,29.7814,50.5495,100,7.36,5.4887,23.0,13.0,8.0,-1.5406,-2.0875,63.0,36.0,-6.735,-24.7261,54.0,38.0,43.0,80.0,,,,,,,,,,,,,,
ALL,全部来源,large_up_ratio_10d,大盘上涨占比,10,5,mid,中水位,29.7814,50.5495,91,8.0013,6.1856,27.4725,13.1868,8.7912,-2.052,-2.7369,63.7363,39.5604,-8.6694,-26.3636,67.033,47.2527,50.5495,93.4066,,,,,,,,,,,,,,
ALL,全部来源,large_up_ratio_10d,大盘上涨占比,10,5,high,高水位,29.7814,50.5495,97,10.2195,7.9955,42.268,26.8041,13.4021,3.3255,1.5385,43.299,22.6804,-5.5342,-19.3078,46.3918,22.6804,28.866,100.0,,,,,,,,,,,,,,
ALL,全部来源,large_up_ratio_10d,大盘上涨占比,10,10,low,低水位,29.7814,50.5495,100,,,37.0,23.0,13.0,,,52.0,38.0,,,62.0,47.0,50.0,,10.169,7.1965,-0.8939,-0.8699,-9.1869,-29.2549,72.0,,,,,,,
ALL,全部来源,large_up_ratio_10d,大盘上涨占比,10,10,mid,中水位,29.7814,50.5495,91,,,38.4615,21.978,15.3846,,,69.2308,50.5495,,,76.9231,60.4396,63.7363,,10.821,8.3638,-3.8082,-5.1839,-11.2748,-35.974,65.9341,,,,,,,
ALL,全部来源,large_up_ratio_10d,大盘上涨占比,10,10,high,高水位,29.7814,50.5495,97,,,55.6701,43.299,30.9278,,,42.268,29.8969,,,62.8866,40.2062,43.299,,15.5311,12.0539,4.021,1.8795,-7.9488,-30.2222,98.9691,,,,,,,
ALL,全部来源,large_up_ratio_10d,大盘上涨占比,10,22,low,低水位,29.7814,50.5495,100,,,55.0,43.0,32.0,,,49.0,37.0,,,68.0,53.0,56.0,,,,,,,,,17.5646,11.4017,4.7144,0.6454,-10.0133,-32.944,50.0
ALL,全部来源,large_up_ratio_10d,大盘上涨占比,10,22,mid,中水位,29.7814,50.5495,91,,,45.0549,32.967,25.2747,,,67.033,50.5495,,,81.3187,69.2308,70.3297,,,,,,,,,14.2544,8.9147,-3.0481,-5.1839,-13.4091,-40.1617,53.8462
ALL,全部来源,large_up_ratio_10d,大盘上涨占比,10,22,high,高水位,29.7814,50.5495,97,,,64.9485,56.701,47.4227,,,56.701,39.1753,,,71.134,56.701,58.7629,,,,,,,,,23.8019,17.0984,3.613,-1.1919,-12.0637,-43.9855,89.6907
spark_opportunity_selector,星火机会模型,large_up_ratio_10d,大盘上涨占比,10,5,low,低水位,29.7814,50.5495,55,8.027,5.6152,23.6364,16.3636,10.9091,-1.6283,-3.1367,65.4545,40.0,-7.5773,-24.7261,61.8182,45.4545,49.0909,83.6364,,,,,,,,,,,,,,
spark_opportunity_selector,星火机会模型,large_up_ratio_10d,大盘上涨占比,10,5,mid,中水位,29.7814,50.5495,59,7.6616,6.4386,28.8136,10.1695,6.7797,-3.5781,-3.4078,71.1864,42.3729,-9.5189,-26.3636,72.8814,52.5424,55.9322,96.6102,,,,,,,,,,,,,,
spark_opportunity_selector,星火机会模型,large_up_ratio_10d,大盘上涨占比,10,5,high,高水位,29.7814,50.5495,73,11.2317,9.0952,46.5753,30.137,16.4384,4.1655,3.0277,39.726,17.8082,-5.5115,-19.3078,42.4658,21.9178,24.6575,100.0,,,,,,,,,,,,,,
spark_opportunity_selector,星火机会模型,large_up_ratio_10d,大盘上涨占比,10,10,low,低水位,29.7814,50.5495,55,,,32.7273,27.2727,16.3636,,,54.5455,40.0,,,70.9091,56.3636,58.1818,,11.0027,6.7933,-0.9949,-2.4027,-10.2153,-29.2549,78.1818,,,,,,,
spark_opportunity_selector,星火机会模型,large_up_ratio_10d,大盘上涨占比,10,10,mid,中水位,29.7814,50.5495,59,,,38.9831,16.9492,11.8644,,,76.2712,59.322,,,86.4407,69.4915,72.8814,,9.9118,8.0932,-5.7361,-7.6217,-12.8147,-35.974,76.2712,,,,,,,
spark_opportunity_selector,星火机会模型,large_up_ratio_10d,大盘上涨占比,10,10,high,高水位,29.7814,50.5495,73,,,60.274,47.9452,34.2466,,,38.3562,28.7671,,,57.5342,36.9863,39.726,,16.8559,13.5207,4.4138,4.8429,-7.7816,-30.2222,98.6301,,,,,,,
spark_opportunity_selector,星火机会模型,large_up_ratio_10d,大盘上涨占比,10,22,low,低水位,29.7814,50.5495,55,,,56.3636,49.0909,41.8182,,,43.6364,34.5455,,,74.5455,60.0,61.8182,,,,,,,,,21.5283,13.4122,8.4845,1.0005,-10.8785,-30.2411,54.5455
spark_opportunity_selector,星火机会模型,large_up_ratio_10d,大盘上涨占比,10,22,mid,中水位,29.7814,50.5495,59,,,47.4576,30.5085,23.7288,,,71.1864,55.9322,,,89.8305,79.661,79.661,,,,,,,,,13.7456,9.6648,-3.6173,-7.5495,-14.6095,-35.974,64.4068
spark_opportunity_selector,星火机会模型,large_up_ratio_10d,大盘上涨占比,10,22,high,高水位,29.7814,50.5495,73,,,68.4932,61.6438,52.0548,,,54.7945,35.6164,,,68.4932,54.7945,56.1644,,,,,,,,,24.9283,22.1685,3.9521,-0.9843,-11.9115,-43.9855,86.3014
probe_d3_confirmed,试盘识别-三日确认,large_up_ratio_10d,大盘上涨占比,10,5,low,低水位,29.7814,50.5495,4,7.2509,6.8462,50.0,0.0,0.0,-2.7328,-3.3189,75.0,50.0,-7.6808,-16.6667,50.0,25.0,50.0,50.0,,,,,,,,,,,,,,
probe_d3_confirmed,试盘识别-三日确认,large_up_ratio_10d,大盘上涨占比,10,5,mid,中水位,29.7814,50.5495,6,4.5451,4.2521,0.0,0.0,0.0,-2.3524,-2.0986,50.0,50.0,-7.8847,-17.9796,66.6667,33.3333,50.0,83.3333,,,,,,,,,,,,,,
probe_d3_confirmed,试盘识别-三日确认,large_up_ratio_10d,大盘上涨占比,10,5,high,高水位,29.7814,50.5495,3,5.1007,5.7325,0.0,0.0,0.0,-2.3685,-4.0237,66.6667,33.3333,-6.7289,-8.2803,100.0,33.3333,66.6667,100.0,,,,,,,,,,,,,,
probe_d3_confirmed,试盘识别-三日确认,large_up_ratio_10d,大盘上涨占比,10,10,low,低水位,29.7814,50.5495,4,,,50.0,0.0,0.0,,,75.0,75.0,,,75.0,25.0,75.0,,7.2509,6.8462,-5.6864,-6.5209,-9.748,-21.4872,0.0,,,,,,,
probe_d3_confirmed,试盘识别-三日确认,large_up_ratio_10d,大盘上涨占比,10,10,mid,中水位,29.7814,50.5495,6,,,16.6667,16.6667,0.0,,,83.3333,66.6667,,,66.6667,50.0,66.6667,,6.8478,5.6083,-6.8719,-6.0428,-10.5633,-26.5306,66.6667,,,,,,,
probe_d3_confirmed,试盘识别-三日确认,large_up_ratio_10d,大盘上涨占比,10,10,high,高水位,29.7814,50.5495,3,,,33.3333,33.3333,33.3333,,,33.3333,33.3333,,,100.0,100.0,100.0,,12.0921,8.8757,3.1592,1.041,-9.8744,-10.7692,100.0,,,,,,,
probe_d3_confirmed,试盘识别-三日确认,large_up_ratio_10d,大盘上涨占比,10,22,low,低水位,29.7814,50.5495,4,,,50.0,0.0,0.0,,,75.0,75.0,,,75.0,25.0,75.0,,,,,,,,,7.2509,6.8462,-5.6864,-6.5209,-9.748,-21.4872,0.0
probe_d3_confirmed,试盘识别-三日确认,large_up_ratio_10d,大盘上涨占比,10,22,mid,中水位,29.7814,50.5495,6,,,16.6667,16.6667,0.0,,,66.6667,66.6667,,,83.3333,50.0,66.6667,,,,,,,,,6.8478,5.6083,-15.111,-6.0428,-17.8803,-40.1617,0.0
probe_d3_confirmed,试盘识别-三日确认,large_up_ratio_10d,大盘上涨占比,10,22,high,高水位,29.7814,50.5495,3,,,66.6667,66.6667,66.6667,,,66.6667,33.3333,,,100.0,100.0,100.0,,,,,,,,,20.1617,25.0531,0.0911,-3.6686,-16.962,-20.355,100.0
stable_capital_callback,资金流回调稳健策略,large_up_ratio_10d,大盘上涨占比,10,5,low,低水位,29.7814,50.5495,38,6.0458,4.979,15.7895,5.2632,5.2632,-0.9626,-1.4797,57.8947,28.9474,-5.228,-13.984,42.1053,26.3158,31.5789,76.3158,,,,,,,,,,,,,,
stable_capital_callback,资金流回调稳健策略,large_up_ratio_10d,大盘上涨占比,10,5,mid,中水位,29.7814,50.5495,22,9.6018,8.0936,31.8182,22.7273,13.6364,1.2367,0.1679,50.0,31.8182,-7.4336,-21.2944,54.5455,40.9091,40.9091,86.3636,,,,,,,,,,,,,,
stable_capital_callback,资金流回调稳健策略,large_up_ratio_10d,大盘上涨占比,10,5,high,高水位,29.7814,50.5495,15,8.1423,3.682,33.3333,26.6667,6.6667,1.5533,-0.4484,53.3333,40.0,-5.495,-13.9524,53.3333,20.0,40.0,100.0,,,,,,,,,,,,,,
stable_capital_callback,资金流回调稳健策略,large_up_ratio_10d,大盘上涨占比,10,10,low,低水位,29.7814,50.5495,38,,,36.8421,13.1579,10.5263,,,44.7368,31.5789,,,47.3684,34.2105,34.2105,,8.6406,6.9482,-0.0137,0.9009,-7.3083,-21.9161,68.4211,,,,,,,
stable_capital_callback,资金流回调稳健策略,large_up_ratio_10d,大盘上涨占比,10,10,mid,中水位,29.7814,50.5495,22,,,40.9091,36.3636,27.2727,,,50.0,31.8182,,,59.0909,45.4545,45.4545,,13.1791,8.4231,-0.1146,-0.3509,-8.5936,-23.7996,31.8182,,,,,,,
stable_capital_callback,资金流回调稳健策略,large_up_ratio_10d,大盘上涨占比,10,10,high,高水位,29.7814,50.5495,15,,,46.6667,33.3333,20.0,,,53.3333,26.6667,,,73.3333,33.3333,40.0,,12.3984,4.5855,4.1212,-1.079,-7.9197,-19.4762,100.0,,,,,,,
stable_capital_callback,资金流回调稳健策略,large_up_ratio_10d,大盘上涨占比,10,22,low,低水位,29.7814,50.5495,38,,,50.0,34.2105,21.0526,,,52.6316,34.2105,,,55.2632,42.1053,42.1053,,,,,,,,,12.7783,9.5711,1.3331,-0.4471,-8.234,-21.9161,44.7368
stable_capital_callback,资金流回调稳健策略,large_up_ratio_10d,大盘上涨占比,10,22,mid,中水位,29.7814,50.5495,22,,,40.9091,36.3636,27.2727,,,59.0909,40.9091,,,63.6364,50.0,50.0,,,,,,,,,13.3305,8.4231,-2.7413,-1.158,-10.383,-29.7185,31.8182
stable_capital_callback,资金流回调稳健策略,large_up_ratio_10d,大盘上涨占比,10,22,high,高水位,29.7814,50.5495,15,,,60.0,46.6667,33.3333,,,53.3333,46.6667,,,73.3333,46.6667,53.3333,,,,,,,,,20.5594,12.3846,5.2504,-1.773,-10.4357,-29.2005,100.0
trend_continuation_callback,趋势延续策略,large_up_ratio_10d,大盘上涨占比,10,5,low,低水位,29.7814,50.5495,3,11.9229,16.5347,66.6667,66.6667,0.0,-5.6646,-3.758,66.6667,33.3333,-9.1196,-16.1071,66.6667,66.6667,66.6667,100.0,,,,,,,,,,,,,,
trend_continuation_callback,趋势延续策略,large_up_ratio_10d,大盘上涨占比,10,5,mid,中水位,29.7814,50.5495,4,9.3941,6.503,25.0,25.0,25.0,2.8214,-1.3792,50.0,25.0,-4.1145,-8.2115,50.0,25.0,25.0,100.0,,,,,,,,,,,,,,
trend_continuation_callback,趋势延续策略,large_up_ratio_10d,大盘上涨占比,10,5,high,高水位,29.7814,50.5495,6,5.658,4.0983,33.3333,0.0,0.0,0.3818,0.4228,50.0,33.3333,-5.311,-9.0106,50.0,33.3333,33.3333,100.0,,,,,,,,,,,,,,
trend_continuation_callback,趋势延续策略,large_up_ratio_10d,大盘上涨占比,10,10,low,低水位,29.7814,50.5495,3,,,100.0,100.0,0.0,,,66.6667,33.3333,,,66.6667,66.6667,66.6667,,18.1361,17.9562,-3.8014,-2.2772,-13.3806,-26.91,100.0,,,,,,,
trend_continuation_callback,趋势延续策略,large_up_ratio_10d,大盘上涨占比,10,10,mid,中水位,29.7814,50.5495,4,,,50.0,25.0,25.0,,,50.0,0.0,,,50.0,25.0,25.0,,17.2215,10.2595,8.9102,4.367,-4.3743,-8.2115,100.0,,,,,,,
trend_continuation_callback,趋势延续策略,large_up_ratio_10d,大盘上涨占比,10,10,high,高水位,29.7814,50.5495,6,,,33.3333,16.6667,16.6667,,,66.6667,50.0,,,83.3333,66.6667,66.6667,,8.9632,5.1648,-0.5781,-4.9219,-9.0924,-13.7045,100.0,,,,,,,
trend_continuation_callback,趋势延续策略,large_up_ratio_10d,大盘上涨占比,10,22,low,低水位,29.7814,50.5495,3,,,100.0,100.0,33.3333,,,66.6667,66.6667,,,100.0,100.0,100.0,,,,,,,,,19.276,17.9562,-7.7072,-6.1386,-17.0421,-32.944,100.0
trend_continuation_callback,趋势延续策略,large_up_ratio_10d,大盘上涨占比,10,22,mid,中水位,29.7814,50.5495,4,,,75.0,75.0,75.0,,,50.0,0.0,,,50.0,50.0,50.0,,,,,,,,,37.9516,39.8308,21.7543,21.8124,-5.64,-9.8446,100.0
trend_continuation_callback,趋势延续策略,large_up_ratio_10d,大盘上涨占比,10,22,high,高水位,29.7814,50.5495,6,,,33.3333,16.6667,16.6667,,,83.3333,66.6667,,,83.3333,83.3333,83.3333,,,,,,,,,20.0231,7.2347,-2.8447,-8.9323,-15.5367,-30.1927,100.0
ALL,全部来源,large_up_ratio_20d,大盘上涨占比,20,5,low,低水位,28.8462,46.9051,97,8.0811,6.5574,28.866,14.433,7.2165,1.2216,0.8,46.3918,20.6186,-4.8563,-16.1071,39.1753,19.5876,25.7732,79.3814,,,,,,,,,,,,,,
ALL,全部来源,large_up_ratio_20d,大盘上涨占比,20,5,mid,中水位,28.8462,46.9051,93,7.3209,5.1261,24.7312,12.9032,9.6774,-3.0572,-3.9756,68.8172,44.086,-9.1378,-24.7261,69.8925,55.914,58.0645,93.5484,,,,,,,,,,,,,,
ALL,全部来源,large_up_ratio_20d,大盘上涨占比,20,5,high,高水位,28.8462,46.9051,98,10.1092,6.472,38.7755,25.5102,13.2653,1.5061,-0.4442,55.102,33.6735,-6.9221,-26.3636,58.1633,32.6531,38.7755,100.0,,,,,,,,,,,,,,
ALL,全部来源,large_up_ratio_20d,大盘上涨占比,20,10,low,低水位,28.8462,46.9051,97,,,46.3918,29.8969,18.5567,,,38.1443,23.7113,,,45.3608,30.9278,34.0206,,11.9998,8.7368,3.7693,2.1279,-6.2308,-26.91,79.3814,,,,,,,
ALL,全部来源,large_up_ratio_20d,大盘上涨占比,20,10,mid,中水位,28.8462,46.9051,93,,,36.5591,22.5806,16.129,,,69.8925,53.7634,,,82.7957,64.5161,67.7419,,10.1373,6.7933,-4.5707,-6.558,-12.0798,-35.8333,56.9892,,,,,,,
ALL,全部来源,large_up_ratio_20d,大盘上涨占比,20,10,high,高水位,28.8462,46.9051,98,,,47.9592,35.7143,24.4898,,,55.102,40.8163,,,73.4694,52.0408,55.102,,14.2998,9.8383,0.1383,-1.3924,-10.0808,-35.974,100.0,,,,,,,
ALL,全部来源,large_up_ratio_20d,大盘上涨占比,20,22,low,低水位,28.8462,46.9051,97,,,62.8866,52.5773,41.2371,,,39.1753,26.8041,,,54.6392,40.2062,42.268,,,,,,,,,21.951,16.6102,9.1852,5.0065,-8.0423,-40.1617,78.3505
ALL,全部来源,large_up_ratio_20d,大盘上涨占比,20,22,mid,中水位,28.8462,46.9051,93,,,43.0108,29.0323,22.5806,,,68.8172,51.6129,,,82.7957,68.8172,70.9677,,,,,,,,,13.744,8.0932,-1.9395,-6.3025,-12.9337,-35.8333,30.1075
ALL,全部来源,large_up_ratio_20d,大盘上涨占比,20,22,high,高水位,28.8462,46.9051,98,,,59.1837,51.0204,40.8163,,,64.2857,47.9592,,,82.6531,69.3878,71.4286,,,,,,,,,19.9486,15.168,-1.6946,-3.8905,-14.3756,-43.9855,83.6735
spark_opportunity_selector,星火机会模型,large_up_ratio_20d,大盘上涨占比,20,5,low,低水位,28.8462,46.9051,54,8.7185,6.6389,33.3333,18.5185,11.1111,0.9691,0.2006,50.0,25.9259,-5.4893,-15.8621,48.1481,25.9259,31.4815,83.3333,,,,,,,,,,,,,,
spark_opportunity_selector,星火机会模型,large_up_ratio_20d,大盘上涨占比,20,5,mid,中水位,28.8462,46.9051,57,7.4473,5.6418,22.807,10.5263,8.7719,-3.4353,-3.9756,70.1754,40.3509,-9.8522,-24.7261,70.1754,59.6491,59.6491,96.4912,,,,,,,,,,,,,,
spark_opportunity_selector,星火机会模型,large_up_ratio_20d,大盘上涨占比,20,5,high,高水位,28.8462,46.9051,76,10.765,8.3628,43.4211,27.6316,14.4737,1.9328,-0.2448,52.6316,30.2632,-6.8777,-26.3636,55.2632,31.5789,35.5263,100.0,,,,,,,,,,,,,,
spark_opportunity_selector,星火机会模型,large_up_ratio_20d,大盘上涨占比,20,10,low,低水位,28.8462,46.9051,54,,,44.4444,33.3333,20.3704,,,38.8889,27.7778,,,53.7037,38.8889,40.7407,,12.5434,8.8766,3.5398,1.7742,-7.1203,-21.6533,83.3333,,,,,,,
spark_opportunity_selector,星火机会模型,large_up_ratio_20d,大盘上涨占比,20,10,mid,中水位,28.8462,46.9051,57,,,38.5965,22.807,17.5439,,,71.9298,52.6316,,,85.9649,68.4211,70.1754,,10.893,6.7933,-4.6806,-5.6045,-12.8151,-35.8333,68.4211,,,,,,,
spark_opportunity_selector,星火机会模型,large_up_ratio_20d,大盘上涨占比,20,10,high,高水位,28.8462,46.9051,76,,,51.3158,38.1579,26.3158,,,53.9474,43.4211,,,71.0526,51.3158,55.2632,,14.7656,10.5325,0.0619,-1.0169,-10.1449,-35.974,100.0,,,,,,,
spark_opportunity_selector,星火机会模型,large_up_ratio_20d,大盘上涨占比,20,22,low,低水位,28.8462,46.9051,54,,,66.6667,59.2593,51.8519,,,31.4815,24.0741,,,61.1111,44.4444,46.2963,,,,,,,,,25.322,21.1014,13.2296,10.36,-8.0301,-21.6533,83.3333
spark_opportunity_selector,星火机会模型,large_up_ratio_20d,大盘上涨占比,20,22,mid,中水位,28.8462,46.9051,57,,,47.3684,31.5789,26.3158,,,68.4211,50.8772,,,85.9649,75.4386,75.4386,,,,,,,,,16.3812,8.9147,-0.1781,-6.3025,-14.0765,-35.8333,42.1053
spark_opportunity_selector,星火机会模型,large_up_ratio_20d,大盘上涨占比,20,22,high,高水位,28.8462,46.9051,76,,,60.5263,52.6316,42.1053,,,65.7895,47.3684,,,81.5789,69.7368,71.0526,,,,,,,,,19.917,15.3767,-2.1385,-3.6701,-14.3926,-43.9855,81.5789
probe_d3_confirmed,试盘识别-三日确认,large_up_ratio_20d,大盘上涨占比,20,5,low,低水位,28.8462,46.9051,3,7.4392,8.6253,33.3333,0.0,0.0,3.4371,5.3908,33.3333,33.3333,-5.6925,-7.7395,66.6667,0.0,33.3333,33.3333,,,,,,,,,,,,,,
probe_d3_confirmed,试盘识别-三日确认,large_up_ratio_20d,大盘上涨占比,20,5,mid,中水位,28.8462,46.9051,5,5.1644,3.2895,20.0,0.0,0.0,-5.114,-5.1839,80.0,60.0,-8.3239,-16.6667,60.0,40.0,60.0,80.0,,,,,,,,,,,,,,
probe_d3_confirmed,试盘识别-三日确认,large_up_ratio_20d,大盘上涨占比,20,5,high,高水位,28.8462,46.9051,5,4.6874,5.7325,0.0,0.0,0.0,-3.3784,-4.0237,60.0,40.0,-7.9043,-17.9796,80.0,40.0,60.0,100.0,,,,,,,,,,,,,,
probe_d3_confirmed,试盘识别-三日确认,large_up_ratio_20d,大盘上涨占比,20,10,low,低水位,28.8462,46.9051,3,,,33.3333,0.0,0.0,,,66.6667,66.6667,,,66.6667,33.3333,66.6667,,7.4392,8.6253,-1.7741,-6.1452,-7.0402,-10.5121,33.3333,,,,,,,
probe_d3_confirmed,试盘识别-三日确认,large_up_ratio_20d,大盘上涨占比,20,10,mid,中水位,28.8462,46.9051,5,,,40.0,20.0,0.0,,,80.0,80.0,,,80.0,40.0,80.0,,7.9276,5.2147,-6.1082,-6.8966,-10.131,-21.4872,20.0,,,,,,,
probe_d3_confirmed,试盘识别-三日确认,large_up_ratio_20d,大盘上涨占比,20,10,high,高水位,28.8462,46.9051,5,,,20.0,20.0,20.0,,,60.0,40.0,,,80.0,80.0,80.0,,8.8822,6.0019,-3.7272,-2.8074,-12.0439,-26.5306,100.0,,,,,,,
probe_d3_confirmed,试盘识别-三日确认,large_up_ratio_20d,大盘上涨占比,20,22,low,低水位,28.8462,46.9051,3,,,33.3333,0.0,0.0,,,66.6667,66.6667,,,66.6667,33.3333,66.6667,,,,,,,,,7.4392,8.6253,-11.7471,-6.1452,-16.9234,-40.1617,0.0
probe_d3_confirmed,试盘识别-三日确认,large_up_ratio_20d,大盘上涨占比,20,22,mid,中水位,28.8462,46.9051,5,,,40.0,20.0,0.0,,,80.0,80.0,,,80.0,40.0,80.0,,,,,,,,,7.9276,5.2147,-7.9503,-6.8966,-10.131,-21.4872,0.0
probe_d3_confirmed,试盘识别-三日确认,large_up_ratio_20d,大盘上涨占比,20,22,high,高水位,28.8462,46.9051,5,,,40.0,40.0,40.0,,,60.0,40.0,,,100.0,80.0,80.0,,,,,,,,,13.724,8.8757,-7.629,-3.6686,-19.147,-39.0408,60.0
stable_capital_callback,资金流回调稳健策略,large_up_ratio_20d,大盘上涨占比,20,5,low,低水位,28.8462,46.9051,34,6.7977,6.2178,14.7059,5.8824,2.9412,1.9231,0.9446,41.1765,8.8235,-3.384,-12.3711,20.5882,5.8824,11.7647,73.5294,,,,,,,,,,,,,,
stable_capital_callback,资金流回调稳健策略,large_up_ratio_20d,大盘上涨占比,20,5,mid,中水位,28.8462,46.9051,30,7.363,4.9474,30.0,20.0,13.3333,-2.1356,-4.5199,66.6667,50.0,-8.2066,-14.7733,73.3333,53.3333,56.6667,90.0,,,,,,,,,,,,,,
stable_capital_callback,资金流回调稳健策略,large_up_ratio_20d,大盘上涨占比,20,5,high,高水位,28.8462,46.9051,11,10.1004,1.3964,36.3636,27.2727,9.0909,1.1463,-5.2999,63.6364,54.5455,-7.5797,-21.2944,63.6364,36.3636,54.5455,100.0,,,,,,,,,,,,,,
stable_capital_callback,资金流回调稳健策略,large_up_ratio_20d,大盘上涨占比,20,10,low,低水位,28.8462,46.9051,34,,,44.1176,20.5882,17.6471,,,29.4118,11.7647,,,26.4706,11.7647,14.7059,,10.834,8.2174,5.1196,3.245,-3.9305,-13.2821,73.5294,,,,,,,
stable_capital_callback,资金流回调稳健策略,large_up_ratio_20d,大盘上涨占比,20,10,mid,中水位,28.8462,46.9051,30,,,33.3333,23.3333,16.6667,,,63.3333,53.3333,,,80.0,63.3333,63.3333,,9.0863,6.7674,-4.2467,-7.9056,-11.3616,-21.9161,40.0,,,,,,,
stable_capital_callback,资金流回调稳健策略,large_up_ratio_20d,大盘上涨占比,20,10,high,高水位,28.8462,46.9051,11,,,45.4545,36.3636,18.1818,,,63.6364,27.2727,,,81.8182,45.4545,45.4545,,14.8467,3.4615,1.101,-2.3904,-10.0987,-23.7996,100.0,,,,,,,
stable_capital_callback,资金流回调稳健策略,large_up_ratio_20d,大盘上涨占比,20,22,low,低水位,28.8462,46.9051,34,,,55.8824,44.1176,29.4118,,,44.1176,23.5294,,,38.2353,26.4706,26.4706,,,,,,,,,16.8765,11.8298,6.0508,1.8798,-6.1996,-29.7185,73.5294
stable_capital_callback,资金流回调稳健策略,large_up_ratio_20d,大盘上涨占比,20,22,mid,中水位,28.8462,46.9051,30,,,36.6667,26.6667,20.0,,,66.6667,50.0,,,80.0,63.3333,63.3333,,,,,,,,,9.8394,7.4193,-4.3341,-6.7301,-11.5123,-21.9161,10.0
stable_capital_callback,资金流回调稳健策略,large_up_ratio_20d,大盘上涨占比,20,22,high,高水位,28.8462,46.9051,11,,,63.6364,45.4545,27.2727,,,54.5455,54.5455,,,81.8182,54.5455,63.6364,,,,,,,,,19.8415,12.3846,-0.5998,-5.2047,-12.8817,-29.2005,100.0
trend_continuation_callback,趋势延续策略,large_up_ratio_20d,大盘上涨占比,20,5,low,低水位,28.8462,46.9051,6,9.9382,11.4637,66.6667,33.3333,0.0,-1.5885,-0.4433,50.0,33.3333,-7.0837,-16.1071,50.0,50.0,50.0,100.0,,,,,,,,,,,,,,
trend_continuation_callback,趋势延续策略,large_up_ratio_20d,大盘上涨占比,20,5,mid,中水位,28.8462,46.9051,1,9.6382,9.6382,0.0,0.0,0.0,1.1276,1.1276,0.0,0.0,-0.4216,-0.4216,0.0,0.0,0.0,100.0,,,,,,,,,,,,,,
trend_continuation_callback,趋势延续策略,large_up_ratio_20d,大盘上涨占比,20,5,high,高水位,28.8462,46.9051,6,6.3376,3.0699,16.6667,16.6667,16.6667,0.8311,-2.7995,66.6667,33.3333,-5.4598,-8.2521,66.6667,33.3333,33.3333,100.0,,,,,,,,,,,,,,
trend_continuation_callback,趋势延续策略,large_up_ratio_20d,大盘上涨占比,20,10,low,低水位,28.8462,46.9051,6,,,83.3333,66.6667,16.6667,,,66.6667,33.3333,,,66.6667,66.6667,66.6667,,15.9944,17.2454,0.9552,-2.9677,-10.8555,-26.91,100.0,,,,,,,
trend_continuation_callback,趋势延续策略,large_up_ratio_20d,大盘上涨占比,20,10,mid,中水位,28.8462,46.9051,1,,,0.0,0.0,0.0,,,100.0,0.0,,,0.0,0.0,0.0,,9.6382,9.6382,-0.3334,-0.3334,-1.4609,-1.4609,100.0,,,,,,,
trend_continuation_callback,趋势延续策略,large_up_ratio_20d,大盘上涨占比,20,10,high,高水位,28.8462,46.9051,6,,,33.3333,16.6667,16.6667,,,50.0,33.3333,,,83.3333,50.0,50.0,,11.9114,5.9127,2.5617,0.4357,-7.5999,-13.7045,100.0,,,,,,,
trend_continuation_callback,趋势延续策略,large_up_ratio_20d,大盘上涨占比,20,22,low,低水位,28.8462,46.9051,6,,,83.3333,66.6667,33.3333,,,66.6667,50.0,,,83.3333,83.3333,83.3333,,,,,,,,,27.6244,17.2454,1.0138,-4.4688,-14.1533,-32.944,100.0
trend_continuation_callback,趋势延续策略,large_up_ratio_20d,大盘上涨占比,20,22,mid,中水位,28.8462,46.9051,1,,,0.0,0.0,0.0,,,100.0,0.0,,,0.0,0.0,0.0,,,,,,,,,9.6382,9.6382,-0.451,-0.451,-4.4514,-4.4514,100.0
trend_continuation_callback,趋势延续策略,large_up_ratio_20d,大盘上涨占比,20,22,high,高水位,28.8462,46.9051,6,,,50.0,50.0,50.0,,,66.6667,50.0,,,83.3333,83.3333,83.3333,,,,,,,,,25.7315,19.1407,6.8659,-4.5853,-12.9225,-30.1927,100.0
ALL,全部来源,large_med_ret_1d,大盘中位涨跌幅,1,5,low,低水位,-0.6224,0.1714,100,8.7488,6.2933,29.0,18.0,12.0,-0.2601,-0.7849,58.0,33.0,-7.212,-26.3636,57.0,42.0,44.0,88.0,,,,,,,,,,,,,,
ALL,全部来源,large_med_ret_1d,大盘中位涨跌幅,1,5,mid,中水位,-0.6224,0.1714,91,8.0394,6.0805,36.2637,17.5824,6.5934,-0.5408,-1.212,59.3407,34.0659,-7.2704,-21.2944,64.8352,36.2637,42.8571,93.4066,,,,,,,,,,,,,,
ALL,全部来源,large_med_ret_1d,大盘中位涨跌幅,1,5,high,高水位,-0.6224,0.1714,97,8.752,5.7199,27.8351,17.5258,11.3402,0.5877,-0.3843,52.5773,30.9278,-6.355,-24.7261,45.3608,28.866,35.0515,91.7526,,,,,,,,,,,,,,
ALL,全部来源,large_med_ret_1d,大盘中位涨跌幅,1,10,low,低水位,-0.6224,0.1714,100,,,42.0,30.0,20.0,,,61.0,45.0,,,67.0,56.0,58.0,,11.9954,7.899,-2.2447,-4.097,-10.0944,-35.974,74.0,,,,,,,
ALL,全部来源,large_med_ret_1d,大盘中位涨跌幅,1,10,mid,中水位,-0.6224,0.1714,91,,,47.2527,28.5714,18.6813,,,59.3407,43.956,,,74.7253,52.7473,57.1429,,12.0128,8.8757,-0.2631,-2.84,-9.607,-23.7996,79.1209,,,,,,,
ALL,全部来源,large_med_ret_1d,大盘中位涨跌幅,1,10,high,高水位,-0.6224,0.1714,97,,,42.268,29.8969,20.6186,,,42.268,28.866,,,59.7938,38.1443,41.2371,,12.5301,8.6977,2.0878,1.9091,-8.5779,-35.8333,84.5361,,,,,,,
ALL,全部来源,large_med_ret_1d,大盘中位涨跌幅,1,22,low,低水位,-0.6224,0.1714,100,,,51.0,41.0,30.0,,,63.0,50.0,,,75.0,64.0,66.0,,,,,,,,,16.7283,10.1807,-0.8181,-5.0072,-12.4698,-40.1617,54.0
ALL,全部来源,large_med_ret_1d,大盘中位涨跌幅,1,22,mid,中水位,-0.6224,0.1714,91,,,54.9451,40.6593,30.7692,,,67.033,48.3516,,,80.2198,63.7363,65.9341,,,,,,,,,17.6522,11.8182,-0.8116,-4.2258,-12.7571,-39.7663,69.2308
ALL,全部来源,large_med_ret_1d,大盘中位涨跌幅,1,22,high,高水位,-0.6224,0.1714,97,,,59.7938,51.5464,44.3299,,,42.268,27.8351,,,64.9485,50.5155,52.5773,,,,,,,,,21.4765,16.0293,7.2185,3.4501,-10.143,-43.9855,71.134
spark_opportunity_selector,星火机会模型,large_med_ret_1d,大盘中位涨跌幅,1,5,low,低水位,-0.6224,0.1714,65,9.8335,6.5574,35.3846,23.0769,15.3846,-0.0183,-2.7369,61.5385,33.8462,-7.5654,-26.3636,61.5385,41.5385,44.6154,92.3077,,,,,,,,,,,,,,
spark_opportunity_selector,星火机会模型,large_med_ret_1d,大盘中位涨跌幅,1,5,mid,中水位,-0.6224,0.1714,59,8.9953,6.5407,40.678,20.339,10.1695,0.5493,-1.0818,54.2373,27.1186,-7.4992,-19.3078,66.1017,35.5932,40.678,94.9153,,,,,,,,,,,,,,
spark_opportunity_selector,星火机会模型,large_med_ret_1d,大盘中位涨跌幅,1,5,high,高水位,-0.6224,0.1714,63,8.6275,6.4386,26.9841,15.873,9.5238,-0.4413,-0.3945,55.5556,34.9206,-7.0874,-24.7261,46.0317,38.0952,39.6825,95.2381,,,,,,,,,,,,,,
spark_opportunity_selector,星火机会模型,large_med_ret_1d,大盘中位涨跌幅,1,10,low,低水位,-0.6224,0.1714,65,,,44.6154,30.7692,20.0,,,61.5385,46.1538,,,72.3077,58.4615,60.0,,13.062,8.0932,-2.4536,-4.6837,-10.672,-35.974,83.0769,,,,,,,
spark_opportunity_selector,星火机会模型,large_med_ret_1d,大盘中位涨跌幅,1,10,mid,中水位,-0.6224,0.1714,59,,,55.9322,35.5932,25.4237,,,50.8475,40.678,,,72.8814,50.8475,54.2373,,14.2448,10.6938,2.0133,-0.9362,-9.5637,-21.8997,84.7458,,,,,,,
spark_opportunity_selector,星火机会模型,large_med_ret_1d,大盘中位涨跌幅,1,10,high,高水位,-0.6224,0.1714,63,,,36.5079,30.1587,20.6349,,,52.381,38.0952,,,66.6667,49.2063,52.381,,11.6024,8.209,-0.4801,-0.6927,-9.9687,-35.8333,88.8889,,,,,,,
spark_opportunity_selector,星火机会模型,large_med_ret_1d,大盘中位涨跌幅,1,22,low,低水位,-0.6224,0.1714,65,,,58.4615,46.1538,35.3846,,,60.0,49.2308,,,80.0,67.6923,69.2308,,,,,,,,,19.1117,12.987,1.219,-4.8305,-12.6174,-35.974,61.5385
spark_opportunity_selector,星火机会模型,large_med_ret_1d,大盘中位涨跌幅,1,22,mid,中水位,-0.6224,0.1714,59,,,62.7119,50.8475,40.678,,,62.7119,44.0678,,,79.661,62.7119,64.4068,,,,,,,,,20.3732,15.2821,0.3777,-3.194,-12.9446,-39.7663,74.5763
spark_opportunity_selector,星火机会模型,large_med_ret_1d,大盘中位涨跌幅,1,22,high,高水位,-0.6224,0.1714,63,,,53.9683,47.619,44.4444,,,47.619,31.746,,,71.4286,61.9048,61.9048,,,,,,,,,21.7544,12.8271,6.9874,1.0005,-11.8406,-43.9855,74.6032
probe_d3_confirmed,试盘识别-三日确认,large_med_ret_1d,大盘中位涨跌幅,1,5,low,低水位,-0.6224,0.1714,7,5.2997,3.2895,14.2857,0.0,0.0,-3.6317,-0.4926,57.1429,42.8571,-9.5914,-17.9796,71.4286,57.1429,57.1429,85.7143,,,,,,,,,,,,,,
probe_d3_confirmed,试盘识别-三日确认,large_med_ret_1d,大盘中位涨跌幅,1,5,mid,中水位,-0.6224,0.1714,2,7.0452,7.0452,0.0,0.0,0.0,-4.7726,-4.7726,100.0,50.0,-6.1487,-7.2086,100.0,0.0,50.0,100.0,,,,,,,,,,,,,,
probe_d3_confirmed,试盘识别-三日确认,large_med_ret_1d,大盘中位涨跌幅,1,5,high,高水位,-0.6224,0.1714,4,5.0971,4.3144,25.0,0.0,0.0,0.7041,-0.9913,50.0,50.0,-4.6953,-7.7395,50.0,0.0,50.0,50.0,,,,,,,,,,,,,,
probe_d3_confirmed,试盘识别-三日确认,large_med_ret_1d,大盘中位涨跌幅,1,10,low,低水位,-0.6224,0.1714,7,,,42.8571,28.5714,14.2857,,,71.4286,71.4286,,,85.7143,71.4286,85.7143,,10.0335,8.6253,-5.847,-6.8966,-12.5718,-26.5306,57.1429,,,,,,,
probe_d3_confirmed,试盘识别-三日确认,large_med_ret_1d,大盘中位涨跌幅,1,10,mid,中水位,-0.6224,0.1714,2,,,0.0,0.0,0.0,,,100.0,100.0,,,100.0,50.0,100.0,,7.0452,7.0452,-8.3621,-8.3621,-9.3724,-10.7692,50.0,,,,,,,
probe_d3_confirmed,试盘识别-三日确认,large_med_ret_1d,大盘中位涨跌幅,1,10,high,高水位,-0.6224,0.1714,4,,,25.0,0.0,0.0,,,50.0,25.0,,,50.0,25.0,50.0,,5.5104,4.3144,0.7885,-0.8832,-6.312,-10.5736,50.0,,,,,,,
probe_d3_confirmed,试盘识别-三日确认,large_med_ret_1d,大盘中位涨跌幅,1,22,low,低水位,-0.6224,0.1714,7,,,42.8571,28.5714,14.2857,,,85.7143,85.7143,,,85.7143,71.4286,85.7143,,,,,,,,,10.0335,8.6253,-17.9507,-14.2251,-20.2628,-40.1617,14.2857
probe_d3_confirmed,试盘识别-三日确认,large_med_ret_1d,大盘中位涨跌幅,1,22,mid,中水位,-0.6224,0.1714,2,,,0.0,0.0,0.0,,,100.0,50.0,,,100.0,50.0,100.0,,,,,,,,,7.0452,7.0452,-5.2852,-5.2852,-14.1653,-20.355,50.0
probe_d3_confirmed,试盘识别-三日确认,large_med_ret_1d,大盘中位涨跌幅,1,22,high,高水位,-0.6224,0.1714,4,,,50.0,25.0,25.0,,,25.0,25.0,,,75.0,25.0,50.0,,,,,,,,,11.5627,8.5337,5.7719,5.5328,-6.7476,-10.5736,25.0
stable_capital_callback,资金流回调稳健策略,large_med_ret_1d,大盘中位涨跌幅,1,5,low,低水位,-0.6224,0.1714,24,6.1712,6.1815,12.5,4.1667,4.1667,-0.7619,-0.8004,54.1667,29.1667,-6.2796,-14.7733,45.8333,41.6667,41.6667,75.0,,,,,,,,,,,,,,
stable_capital_callback,资金流回调稳健策略,large_med_ret_1d,大盘中位涨跌幅,1,5,mid,中水位,-0.6224,0.1714,24,6.3575,3.9816,29.1667,16.6667,0.0,-3.0636,-5.0522,70.8333,50.0,-7.2931,-21.2944,62.5,41.6667,50.0,87.5,,,,,,,,,,,,,,
stable_capital_callback,资金流回调稳健策略,large_med_ret_1d,大盘中位涨跌幅,1,5,high,高水位,-0.6224,0.1714,27,9.7195,5.1456,29.6296,22.2222,18.5185,3.9163,1.0201,40.7407,18.5185,-4.4031,-13.984,37.037,7.4074,18.5185,88.8889,,,,,,,,,,,,,,
stable_capital_callback,资金流回调稳健策略,large_med_ret_1d,大盘中位涨跌幅,1,10,low,低水位,-0.6224,0.1714,24,,,33.3333,25.0,20.8333,,,54.1667,37.5,,,54.1667,50.0,50.0,,8.7515,6.1815,-1.6672,-1.7503,-8.7947,-21.9161,50.0,,,,,,,
stable_capital_callback,资金流回调稳健策略,large_med_ret_1d,大盘中位涨跌幅,1,10,mid,中水位,-0.6224,0.1714,24,,,33.3333,16.6667,4.1667,,,75.0,50.0,,,75.0,54.1667,58.3333,,7.5232,6.806,-5.4532,-5.4523,-9.9492,-23.7996,62.5,,,,,,,
stable_capital_callback,资金流回调稳健策略,large_med_ret_1d,大盘中位涨跌幅,1,10,high,高水位,-0.6224,0.1714,27,,,51.8519,29.6296,25.9259,,,18.5185,7.4074,,,40.7407,11.1111,11.1111,,15.321,11.4878,8.5061,5.5365,-5.0265,-18.3275,77.7778,,,,,,,
stable_capital_callback,资金流回调稳健策略,large_med_ret_1d,大盘中位涨跌幅,1,22,low,低水位,-0.6224,0.1714,24,,,33.3333,29.1667,20.8333,,,62.5,41.6667,,,62.5,54.1667,54.1667,,,,,,,,,11.2399,6.1815,-2.5234,-2.4017,-10.6298,-29.7185,37.5
stable_capital_callback,资金流回调稳健策略,large_med_ret_1d,大盘中位涨跌幅,1,22,mid,中水位,-0.6224,0.1714,24,,,41.6667,20.8333,8.3333,,,75.0,58.3333,,,79.1667,62.5,62.5,,,,,,,,,9.374,8.0343,-5.3267,-8.253,-11.7913,-29.2005,50.0
stable_capital_callback,资金流回调稳健策略,large_med_ret_1d,大盘中位涨跌幅,1,22,high,高水位,-0.6224,0.1714,27,,,70.3704,59.2593,44.4444,,,29.6296,18.5185,,,44.4444,22.2222,25.9259,,,,,,,,,21.9446,17.249,9.5373,9.0183,-5.9166,-20.0348,66.6667
trend_continuation_callback,趋势延续策略,large_med_ret_1d,大盘中位涨跌幅,1,5,low,低水位,-0.6224,0.1714,4,12.6242,13.0864,50.0,50.0,25.0,4.7219,1.9994,25.0,25.0,-2.8994,-8.2521,25.0,25.0,25.0,100.0,,,,,,,,,,,,,,
trend_continuation_callback,趋势延续策略,large_med_ret_1d,大盘中位涨跌幅,1,5,mid,中水位,-0.6224,0.1714,6,5.699,4.0983,33.3333,0.0,0.0,0.2411,0.4228,50.0,33.3333,-5.3042,-9.0106,50.0,33.3333,33.3333,100.0,,,,,,,,,,,,,,
trend_continuation_callback,趋势延续策略,large_med_ret_1d,大盘中位涨跌幅,1,5,high,高水位,-0.6224,0.1714,3,7.5339,3.3679,33.3333,33.3333,0.0,-7.917,-3.886,100.0,33.3333,-10.7531,-16.1071,100.0,66.6667,66.6667,100.0,,,,,,,,,,,,,,
trend_continuation_callback,趋势延续策略,large_med_ret_1d,大盘中位涨跌幅,1,10,low,低水位,-0.6224,0.1714,4,,,50.0,50.0,25.0,,,75.0,25.0,,,25.0,25.0,25.0,,17.561,13.0864,3.9887,-1.3053,-4.1701,-10.3152,100.0,,,,,,,
trend_continuation_callback,趋势延续策略,large_med_ret_1d,大盘中位涨跌幅,1,10,mid,中水位,-0.6224,0.1714,6,,,33.3333,16.6667,16.6667,,,66.6667,33.3333,,,83.3333,66.6667,66.6667,,9.6791,5.9127,0.8122,-2.6727,-8.7418,-13.7045,100.0,,,,,,,
trend_continuation_callback,趋势延续策略,large_med_ret_1d,大盘中位涨跌幅,1,10,high,高水位,-0.6224,0.1714,3,,,100.0,66.6667,0.0,,,33.3333,33.3333,,,100.0,66.6667,66.6667,,16.2514,17.9562,-0.0198,9.0674,-14.3541,-26.91,100.0,,,,,,,
trend_continuation_callback,趋势延续策略,large_med_ret_1d,大盘中位涨跌幅,1,22,low,低水位,-0.6224,0.1714,4,,,50.0,50.0,25.0,,,75.0,50.0,,,50.0,50.0,50.0,,,,,,,,,22.6426,13.0864,6.2913,-3.2948,-7.4734,-15.5874,100.0
trend_continuation_callback,趋势延续策略,large_med_ret_1d,大盘中位涨跌幅,1,22,mid,中水位,-0.6224,0.1714,6,,,50.0,33.3333,33.3333,,,66.6667,50.0,,,83.3333,83.3333,83.3333,,,,,,,,,27.5445,10.4422,7.0453,-4.1713,-14.3073,-30.1927,100.0
trend_continuation_callback,趋势延续策略,large_med_ret_1d,大盘中位涨跌幅,1,22,high,高水位,-0.6224,0.1714,3,,,100.0,100.0,66.6667,,,66.6667,33.3333,,,100.0,100.0,100.0,,,,,,,,,24.6453,23.3371,-6.87,-3.6269,-17.0563,-32.944,100.0
ALL,全部来源,large_med_ret_3d,大盘中位涨跌幅,3,5,low,低水位,-1.213,0.463,96,7.4361,5.6285,26.0417,13.5417,7.2917,-2.6603,-2.9368,69.7917,38.5417,-8.3276,-26.3636,64.5833,46.875,50.0,72.9167,,,,,,,,,,,,,,
ALL,全部来源,large_med_ret_3d,大盘中位涨跌幅,3,5,mid,中水位,-1.213,0.463,95,8.1787,5.4247,30.5263,16.8421,10.5263,-0.1814,-1.212,55.7895,35.7895,-7.434,-23.3333,60.0,40.0,44.2105,100.0,,,,,,,,,,,,,,
ALL,全部来源,large_med_ret_3d,大盘中位涨跌幅,3,5,high,高水位,-1.213,0.463,97,9.944,8.0479,36.0825,22.6804,12.3711,2.6227,1.5652,44.3299,23.7113,-5.0882,-16.1071,42.268,20.6186,27.8351,100.0,,,,,,,,,,,,,,
ALL,全部来源,large_med_ret_3d,大盘中位涨跌幅,3,10,low,低水位,-1.213,0.463,96,,,34.375,19.7917,11.4583,,,64.5833,46.875,,,72.9167,56.25,61.4583,,9.9119,6.3324,-3.7369,-3.6225,-10.8319,-35.974,58.3333,,,,,,,
ALL,全部来源,large_med_ret_3d,大盘中位涨跌幅,3,10,mid,中水位,-1.213,0.463,95,,,42.1053,29.4737,18.9474,,,60.0,42.1053,,,71.5789,54.7368,56.8421,,11.8758,8.009,-1.0964,-3.0156,-10.2649,-35.8333,78.9474,,,,,,,
ALL,全部来源,large_med_ret_3d,大盘中位涨跌幅,3,10,high,高水位,-1.213,0.463,97,,,54.6392,39.1753,28.866,,,38.1443,28.866,,,56.701,36.0825,38.1443,,14.7256,11.4878,4.299,4.7396,-7.2237,-27.7899,100.0,,,,,,,
ALL,全部来源,large_med_ret_3d,大盘中位涨跌幅,3,22,low,低水位,-1.213,0.463,96,,,44.7917,32.2917,21.875,,,61.4583,47.9167,,,77.0833,62.5,65.625,,,,,,,,,14.9745,8.8408,-0.1884,-3.6225,-12.0932,-39.0408,43.75
ALL,全部来源,large_med_ret_3d,大盘中位涨跌幅,3,22,mid,中水位,-1.213,0.463,95,,,52.6316,41.0526,34.7368,,,64.2105,45.2632,,,80.0,66.3158,68.4211,,,,,,,,,17.4189,11.4726,-0.633,-3.3599,-13.025,-39.7663,56.8421
ALL,全部来源,large_med_ret_3d,大盘中位涨跌幅,3,22,high,高水位,-1.213,0.463,97,,,68.0412,59.7938,48.4536,,,46.3918,32.9897,,,62.8866,49.4845,50.5155,,,,,,,,,23.4026,18.7619,6.42,1.4778,-10.2414,-43.9855,92.7835
spark_opportunity_selector,星火机会模型,large_med_ret_3d,大盘中位涨跌幅,3,5,low,低水位,-1.213,0.463,66,8.1259,6.0806,27.2727,15.1515,9.0909,-2.1411,-3.1572,69.697,34.8485,-8.7132,-26.3636,69.697,46.9697,50.0,83.3333,,,,,,,,,,,,,,
spark_opportunity_selector,星火机会模型,large_med_ret_3d,大盘中位涨跌幅,3,5,mid,中水位,-1.213,0.463,63,8.5626,5.6898,31.746,15.873,9.5238,-0.6373,-1.6675,57.1429,38.0952,-7.979,-23.3333,61.9048,42.8571,46.0317,100.0,,,,,,,,,,,,,,
spark_opportunity_selector,星火机会模型,large_med_ret_3d,大盘中位涨跌幅,3,5,high,高水位,-1.213,0.463,58,10.9945,8.4593,44.8276,29.3103,17.2414,3.1876,2.9735,43.1034,22.4138,-5.2234,-15.8283,39.6552,24.1379,27.5862,100.0,,,,,,,,,,,,,,
spark_opportunity_selector,星火机会模型,large_med_ret_3d,大盘中位涨跌幅,3,10,low,低水位,-1.213,0.463,66,,,39.3939,24.2424,13.6364,,,60.6061,45.4545,,,78.7879,59.0909,63.6364,,11.5041,8.066,-2.7042,-3.6225,-11.3822,-35.974,74.2424,,,,,,,
spark_opportunity_selector,星火机会模型,large_med_ret_3d,大盘中位涨跌幅,3,10,mid,中水位,-1.213,0.463,63,,,42.8571,30.1587,20.6349,,,61.9048,47.619,,,73.0159,60.3175,61.9048,,12.3941,8.7302,-1.8953,-4.7018,-11.1824,-35.8333,84.127,,,,,,,
spark_opportunity_selector,星火机会模型,large_med_ret_3d,大盘中位涨跌幅,3,10,high,高水位,-1.213,0.463,58,,,55.1724,43.1034,32.7586,,,41.3793,31.0345,,,58.6207,37.931,39.6552,,15.178,12.4129,3.9127,3.94,-7.4181,-27.7899,100.0,,,,,,,
spark_opportunity_selector,星火机会模型,large_med_ret_3d,大盘中位涨跌幅,3,22,low,低水位,-1.213,0.463,66,,,53.0303,40.9091,27.2727,,,57.5758,46.9697,,,83.3333,68.1818,69.697,,,,,,,,,18.2493,10.5532,1.8904,-3.6225,-12.9335,-35.974,56.0606
spark_opportunity_selector,星火机会模型,large_med_ret_3d,大盘中位涨跌幅,3,22,mid,中水位,-1.213,0.463,63,,,53.9683,44.4444,41.2698,,,63.4921,46.0317,,,82.5397,69.8413,71.4286,,,,,,,,,19.4459,11.8182,0.223,-3.2279,-13.8956,-39.7663,61.9048
spark_opportunity_selector,星火机会模型,large_med_ret_3d,大盘中位涨跌幅,3,22,high,高水位,-1.213,0.463,58,,,68.9655,60.3448,53.4483,,,48.2759,31.0345,,,63.7931,53.4483,53.4483,,,,,,,,,23.884,21.0579,6.9467,0.6471,-10.3584,-43.9855,94.8276
probe_d3_confirmed,试盘识别-三日确认,large_med_ret_3d,大盘中位涨跌幅,3,5,low,低水位,-1.213,0.463,7,5.5921,2.6268,28.5714,0.0,0.0,-3.7002,-5.1839,71.4286,57.1429,-8.6765,-17.9796,57.1429,42.8571,57.1429,57.1429,,,,,,,,,,,,,,
probe_d3_confirmed,试盘识别-三日确认,large_med_ret_3d,大盘中位涨跌幅,3,5,mid,中水位,-1.213,0.463,3,4.7456,5.2147,0.0,0.0,0.0,-0.45,0.9868,33.3333,33.3333,-6.3691,-8.2803,66.6667,33.3333,66.6667,100.0,,,,,,,,,,,,,,
probe_d3_confirmed,试盘识别-三日确认,large_med_ret_3d,大盘中位涨跌幅,3,5,high,高水位,-1.213,0.463,3,6.065,8.6253,0.0,0.0,0.0,-1.6332,-4.0237,66.6667,33.3333,-6.1252,-6.8177,100.0,0.0,33.3333,100.0,,,,,,,,,,,,,,
probe_d3_confirmed,试盘识别-三日确认,large_med_ret_3d,大盘中位涨跌幅,3,10,low,低水位,-1.213,0.463,7,,,28.5714,0.0,0.0,,,85.7143,71.4286,,,71.4286,42.8571,71.4286,,5.5921,2.6268,-8.0061,-6.1452,-11.4666,-26.5306,28.5714,,,,,,,
probe_d3_confirmed,试盘识别-三日确认,large_med_ret_3d,大盘中位涨跌幅,3,10,mid,中水位,-1.213,0.463,3,,,66.6667,66.6667,33.3333,,,33.3333,33.3333,,,66.6667,33.3333,66.6667,,15.791,17.1053,6.8559,9.2105,-6.6247,-8.2803,66.6667,,,,,,,
probe_d3_confirmed,试盘识别-三日确认,large_med_ret_3d,大盘中位涨跌幅,3,10,high,高水位,-1.213,0.463,3,,,0.0,0.0,0.0,,,66.6667,66.6667,,,100.0,100.0,100.0,,6.6161,8.6253,-6.3414,-9.8225,-10.6183,-10.7692,100.0,,,,,,,
probe_d3_confirmed,试盘识别-三日确认,large_med_ret_3d,大盘中位涨跌幅,3,22,low,低水位,-1.213,0.463,7,,,28.5714,0.0,0.0,,,71.4286,71.4286,,,85.7143,42.8571,71.4286,,,,,,,,,5.5921,2.6268,-9.4782,-6.1452,-13.5027,-39.0408,0.0
probe_d3_confirmed,试盘识别-三日确认,large_med_ret_3d,大盘中位涨跌幅,3,22,mid,中水位,-1.213,0.463,3,,,66.6667,66.6667,33.3333,,,66.6667,66.6667,,,66.6667,33.3333,66.6667,,,,,,,,,15.791,17.1053,-7.0423,-6.9018,-10.5171,-19.9575,33.3333
probe_d3_confirmed,试盘识别-三日确认,large_med_ret_3d,大盘中位涨跌幅,3,22,high,高水位,-1.213,0.463,3,,,33.3333,33.3333,33.3333,,,66.6667,33.3333,,,100.0,100.0,100.0,,,,,,,,,14.6858,8.8757,-8.5544,-3.6686,-23.6968,-40.1617,66.6667
stable_capital_callback,资金流回调稳健策略,large_med_ret_3d,大盘中位涨跌幅,3,5,low,低水位,-1.213,0.463,21,6.0304,4.1237,23.8095,14.2857,4.7619,-3.9261,-2.2025,71.4286,42.8571,-7.3815,-21.2944,52.381,47.619,47.619,42.8571,,,,,,,,,,,,,,
stable_capital_callback,资金流回调稳健策略,large_med_ret_3d,大盘中位涨跌幅,3,5,mid,中水位,-1.213,0.463,21,7.5187,5.0822,28.5714,19.0476,14.2857,0.4524,-1.1391,57.1429,33.3333,-6.9427,-13.984,57.1429,38.0952,42.8571,100.0,,,,,,,,,,,,,,
stable_capital_callback,资金流回调稳健策略,large_med_ret_3d,大盘中位涨跌幅,3,5,high,高水位,-1.213,0.463,33,8.4419,6.8511,21.2121,12.1212,6.0606,2.6326,0.8253,42.4242,24.2424,-4.3583,-13.9524,39.3939,12.1212,24.2424,100.0,,,,,,,,,,,,,,
stable_capital_callback,资金流回调稳健策略,large_med_ret_3d,大盘中位涨跌幅,3,10,low,低水位,-1.213,0.463,21,,,23.8095,14.2857,9.5238,,,66.6667,47.619,,,57.1429,52.381,52.381,,6.538,4.2211,-5.8193,-2.3614,-9.4616,-23.7996,14.2857,,,,,,,
stable_capital_callback,资金流回调稳健策略,large_med_ret_3d,大盘中位涨跌幅,3,10,mid,中水位,-1.213,0.463,21,,,33.3333,23.8095,14.2857,,,57.1429,28.5714,,,66.6667,42.8571,42.8571,,9.7712,7.7048,-0.4885,-1.1391,-8.9278,-21.9161,57.1429,,,,,,,
stable_capital_callback,资金流回调稳健策略,large_med_ret_3d,大盘中位涨跌幅,3,10,high,高水位,-1.213,0.463,33,,,54.5455,30.303,24.2424,,,30.303,21.2121,,,48.4848,24.2424,27.2727,,13.993,10.8744,5.7951,6.0606,-6.0422,-19.4762,100.0,,,,,,,
stable_capital_callback,资金流回调稳健策略,large_med_ret_3d,大盘中位涨跌幅,3,22,low,低水位,-1.213,0.463,21,,,23.8095,14.2857,9.5238,,,71.4286,47.619,,,57.1429,52.381,52.381,,,,,,,,,6.538,4.2211,-5.8604,-2.3614,-9.5312,-25.261,14.2857
stable_capital_callback,资金流回调稳健策略,large_med_ret_3d,大盘中位涨跌幅,3,22,mid,中水位,-1.213,0.463,21,,,47.619,28.5714,19.0476,,,57.1429,33.3333,,,71.4286,52.381,52.381,,,,,,,,,11.3116,8.7093,-0.906,-1.1769,-10.5427,-29.2005,28.5714
stable_capital_callback,资金流回调稳健策略,large_med_ret_3d,大盘中位涨跌幅,3,22,high,高水位,-1.213,0.463,33,,,66.6667,57.5758,39.3939,,,42.4242,36.3636,,,57.5758,36.3636,39.3939,,,,,,,,,21.5878,16.9233,6.4,6.7446,-8.3728,-29.7185,90.9091
trend_continuation_callback,趋势延续策略,large_med_ret_3d,大盘中位涨跌幅,3,5,low,低水位,-1.213,0.463,2,5.8877,5.8877,0.0,0.0,0.0,-2.867,-2.867,50.0,50.0,-4.3165,-8.2115,50.0,50.0,50.0,100.0,,,,,,,,,,,,,,
trend_continuation_callback,趋势延续策略,large_med_ret_3d,大盘中位涨跌幅,3,5,mid,中水位,-1.213,0.463,8,8.1763,4.3963,37.5,25.0,12.5,1.8458,0.4228,50.0,25.0,-4.8312,-9.0106,50.0,25.0,25.0,100.0,,,,,,,,,,,,,,
trend_continuation_callback,趋势延续策略,large_med_ret_3d,大盘中位涨跌幅,3,5,high,高水位,-1.213,0.463,3,10.0358,10.8735,66.6667,33.3333,0.0,-4.1498,-3.758,66.6667,33.3333,-9.4667,-16.1071,66.6667,66.6667,66.6667,100.0,,,,,,,,,,,,,,
trend_continuation_callback,趋势延续策略,large_med_ret_3d,大盘中位涨跌幅,3,10,low,低水位,-1.213,0.463,2,,,0.0,0.0,0.0,,,100.0,0.0,,,50.0,50.0,50.0,,7.9124,7.9124,-1.0104,-1.0104,-4.8362,-8.2115,100.0,,,,,,,
trend_continuation_callback,趋势延续策略,large_med_ret_3d,大盘中位涨跌幅,3,10,mid,中水位,-1.213,0.463,8,,,50.0,25.0,12.5,,,62.5,37.5,,,75.0,50.0,50.0,,11.8504,8.2598,0.6171,-2.9677,-7.9148,-13.7045,100.0,,,,,,,
trend_continuation_callback,趋势延续策略,large_med_ret_3d,大盘中位涨跌幅,3,10,high,高水位,-1.213,0.463,3,,,100.0,100.0,33.3333,,,33.3333,33.3333,,,66.6667,66.6667,66.6667,,22.1483,19.9173,5.9507,15.9339,-13.0676,-26.91,100.0,,,,,,,
trend_continuation_callback,趋势延续策略,large_med_ret_3d,大盘中位涨跌幅,3,22,low,低水位,-1.213,0.463,2,,,50.0,50.0,50.0,,,50.0,0.0,,,50.0,50.0,50.0,,,,,,,,,28.3286,28.3286,23.2841,23.2841,-6.3314,-8.2115,100.0
trend_continuation_callback,趋势延续策略,large_med_ret_3d,大盘中位涨跌幅,3,22,mid,中水位,-1.213,0.463,8,,,50.0,37.5,25.0,,,87.5,62.5,,,87.5,87.5,87.5,,,,,,,,,18.0986,10.4422,-4.254,-5.8412,-13.6258,-30.1927,100.0
trend_continuation_callback,趋势延续策略,large_med_ret_3d,大盘中位涨跌幅,3,22,high,高水位,-1.213,0.463,3,,,100.0,100.0,66.6667,,,33.3333,33.3333,,,66.6667,66.6667,66.6667,,,,,,,,,42.7757,23.3371,11.4303,11.3867,-15.079,-32.944,100.0
ALL,全部来源,large_med_ret_5d,大盘中位涨跌幅,5,5,low,低水位,-1.8341,-0.1509,96,7.3197,5.147,21.875,11.4583,7.2917,-1.5915,-2.7896,61.4583,37.5,-7.716,-26.3636,58.3333,42.7083,47.9167,79.1667,,,,,,,,,,,,,,
ALL,全部来源,large_med_ret_5d,大盘中位涨跌幅,5,5,mid,中水位,-1.8341,-0.1509,92,8.9207,6.7898,32.6087,17.3913,11.9565,-1.1505,-1.6741,60.8696,35.8696,-7.5134,-23.3333,57.6087,40.2174,42.3913,93.4783,,,,,,,,,,,,,,
ALL,全部来源,large_med_ret_5d,大盘中位涨跌幅,5,5,high,高水位,-1.8341,-0.1509,100,9.3202,6.3241,38.0,24.0,11.0,2.404,0.9929,48.0,25.0,-5.6726,-21.2944,51.0,25.0,32.0,100.0,,,,,,,,,,,,,,
ALL,全部来源,large_med_ret_5d,大盘中位涨跌幅,5,10,low,低水位,-1.8341,-0.1509,96,,,31.25,19.7917,10.4167,,,61.4583,44.7917,,,65.625,52.0833,57.2917,,9.2739,6.2532,-3.6178,-2.9883,-10.3148,-35.974,71.875,,,,,,,
ALL,全部来源,large_med_ret_5d,大盘中位涨跌幅,5,10,mid,中水位,-1.8341,-0.1509,92,,,47.8261,31.5217,21.7391,,,54.3478,41.3043,,,69.5652,51.087,52.1739,,12.5855,8.7416,-0.4915,-1.1414,-10.1336,-35.8333,65.2174,,,,,,,
ALL,全部来源,large_med_ret_5d,大盘中位涨跌幅,5,10,high,高水位,-1.8341,-0.1509,100,,,52.0,37.0,27.0,,,47.0,32.0,,,66.0,44.0,47.0,,14.5996,10.8776,3.4663,1.3672,-7.9322,-23.7996,99.0,,,,,,,
ALL,全部来源,large_med_ret_5d,大盘中位涨跌幅,5,22,low,低水位,-1.8341,-0.1509,96,,,44.7917,34.375,25.0,,,56.25,38.5417,,,68.75,55.2083,58.3333,,,,,,,,,16.0059,8.8408,1.9358,-0.9069,-11.5223,-39.0408,51.0417
ALL,全部来源,large_med_ret_5d,大盘中位涨跌幅,5,22,mid,中水位,-1.8341,-0.1509,92,,,55.4348,42.3913,32.6087,,,58.6957,48.913,,,76.087,61.9565,63.0435,,,,,,,,,16.0677,10.9024,-1.309,-4.7287,-12.4775,-43.9855,47.8261
ALL,全部来源,large_med_ret_5d,大盘中位涨跌幅,5,22,high,高水位,-1.8341,-0.1509,100,,,65.0,56.0,47.0,,,57.0,39.0,,,75.0,61.0,63.0,,,,,,,,,23.4761,16.6173,4.7912,-1.7719,-11.3768,-35.625,93.0
spark_opportunity_selector,星火机会模型,large_med_ret_5d,大盘中位涨跌幅,5,5,low,低水位,-1.8341,-0.1509,66,7.854,4.4628,24.2424,15.1515,10.6061,-2.5259,-4.168,69.697,42.4242,-9.0358,-26.3636,69.697,53.0303,57.5758,86.3636,,,,,,,,,,,,,,
spark_opportunity_selector,星火机会模型,large_med_ret_5d,大盘中位涨跌幅,5,5,mid,中水位,-1.8341,-0.1509,52,9.7804,7.1383,36.5385,17.3077,11.5385,-0.7164,-1.3927,59.6154,34.6154,-7.8891,-23.3333,55.7692,40.3846,40.3846,96.1538,,,,,,,,,,,,,,
spark_opportunity_selector,星火机会模型,large_med_ret_5d,大盘中位涨跌幅,5,5,high,高水位,-1.8341,-0.1509,69,9.9491,7.2129,42.029,26.087,13.0435,3.0056,2.7473,43.4783,20.2899,-5.4219,-15.8283,47.8261,23.1884,27.5362,100.0,,,,,,,,,,,,,,
spark_opportunity_selector,星火机会模型,large_med_ret_5d,大盘中位涨跌幅,5,10,low,低水位,-1.8341,-0.1509,66,,,31.8182,21.2121,10.6061,,,66.6667,53.0303,,,80.303,66.6667,71.2121,,9.7681,5.8411,-5.1089,-5.9713,-12.1561,-35.974,81.8182,,,,,,,
spark_opportunity_selector,星火机会模型,large_med_ret_5d,大盘中位涨跌幅,5,10,mid,中水位,-1.8341,-0.1509,52,,,50.0,34.6154,25.0,,,57.6923,40.3846,,,69.2308,50.0,50.0,,13.7169,9.51,-0.2468,-1.7273,-10.7035,-35.8333,73.0769,,,,,,,
spark_opportunity_selector,星火机会模型,large_med_ret_5d,大盘中位涨跌幅,5,10,high,高水位,-1.8341,-0.1509,69,,,55.0725,40.5797,30.4348,,,42.029,31.8841,,,62.3188,42.029,44.9275,,15.3978,12.487,4.0447,1.8795,-7.6389,-23.454,98.5507,,,,,,,
spark_opportunity_selector,星火机会模型,large_med_ret_5d,大盘中位涨跌幅,5,22,low,低水位,-1.8341,-0.1509,66,,,50.0,39.3939,30.303,,,57.5758,43.9394,,,81.8182,71.2121,72.7273,,,,,,,,,18.443,10.215,2.6969,-3.1637,-13.5582,-35.974,60.6061
spark_opportunity_selector,星火机会模型,large_med_ret_5d,大盘中位涨跌幅,5,22,mid,中水位,-1.8341,-0.1509,52,,,55.7692,42.3077,36.5385,,,59.6154,48.0769,,,76.9231,63.4615,63.4615,,,,,,,,,17.751,10.6572,-0.563,-4.7287,-13.0054,-43.9855,55.7692
spark_opportunity_selector,星火机会模型,large_med_ret_5d,大盘中位涨跌幅,5,22,high,高水位,-1.8341,-0.1509,69,,,68.1159,60.8696,52.1739,,,53.6232,34.7826,,,72.4638,57.971,59.4203,,,,,,,,,24.2684,22.1685,5.6958,-0.7119,-10.9956,-35.625,89.8551
probe_d3_confirmed,试盘识别-三日确认,large_med_ret_5d,大盘中位涨跌幅,5,5,low,低水位,-1.8341,-0.1509,6,5.0552,4.2521,16.6667,0.0,0.0,-1.5668,-2.2673,50.0,50.0,-6.795,-17.9796,50.0,16.6667,50.0,66.6667,,,,,,,,,,,,,,
probe_d3_confirmed,试盘识别-三日确认,large_med_ret_5d,大盘中位涨跌幅,5,5,mid,中水位,-1.8341,-0.1509,4,6.4858,5.316,25.0,0.0,0.0,-3.9112,-2.8383,75.0,50.0,-9.3153,-16.6667,75.0,50.0,50.0,75.0,,,,,,,,,,,,,,
probe_d3_confirmed,试盘识别-三日确认,large_med_ret_5d,大盘中位涨跌幅,5,5,high,高水位,-1.8341,-0.1509,3,5.1007,5.7325,0.0,0.0,0.0,-2.3685,-4.0237,66.6667,33.3333,-6.7289,-8.2803,100.0,33.3333,66.6667,100.0,,,,,,,,,,,,,,
probe_d3_confirmed,试盘识别-三日确认,large_med_ret_5d,大盘中位涨跌幅,5,10,low,低水位,-1.8341,-0.1509,6,,,33.3333,16.6667,0.0,,,66.6667,50.0,,,50.0,16.6667,50.0,,7.3578,5.6083,-3.4807,-4.4763,-8.7998,-26.5306,50.0,,,,,,,
probe_d3_confirmed,试盘识别-三日确认,large_med_ret_5d,大盘中位涨跌幅,5,10,mid,中水位,-1.8341,-0.1509,4,,,25.0,0.0,0.0,,,100.0,100.0,,,100.0,75.0,100.0,,6.4858,5.316,-10.7731,-8.5696,-12.3933,-21.4872,25.0,,,,,,,
probe_d3_confirmed,试盘识别-三日确认,large_med_ret_5d,大盘中位涨跌幅,5,10,high,高水位,-1.8341,-0.1509,3,,,33.3333,33.3333,33.3333,,,33.3333,33.3333,,,100.0,100.0,100.0,,12.0921,8.8757,3.1592,1.041,-9.8744,-10.7692,100.0,,,,,,,
probe_d3_confirmed,试盘识别-三日确认,large_med_ret_5d,大盘中位涨跌幅,5,22,low,低水位,-1.8341,-0.1509,6,,,33.3333,16.6667,0.0,,,50.0,50.0,,,66.6667,16.6667,50.0,,,,,,,,,7.3578,5.6083,-6.7333,-3.0726,-11.1752,-39.0408,0.0
probe_d3_confirmed,试盘识别-三日确认,large_med_ret_5d,大盘中位涨跌幅,5,22,mid,中水位,-1.8341,-0.1509,4,,,25.0,0.0,0.0,,,100.0,100.0,,,100.0,75.0,100.0,,,,,,,,,6.4858,5.316,-18.2529,-13.8329,-19.8057,-40.1617,0.0
probe_d3_confirmed,试盘识别-三日确认,large_med_ret_5d,大盘中位涨跌幅,5,22,high,高水位,-1.8341,-0.1509,3,,,66.6667,66.6667,66.6667,,,66.6667,33.3333,,,100.0,100.0,100.0,,,,,,,,,20.1617,25.0531,0.0911,-3.6686,-16.962,-20.355,100.0
stable_capital_callback,资金流回调稳健策略,large_med_ret_5d,大盘中位涨跌幅,5,5,low,低水位,-1.8341,-0.1509,23,6.2762,6.401,17.3913,4.3478,0.0,0.9653,2.2819,43.4783,21.7391,-4.4862,-12.3711,30.4348,21.7391,21.7391,60.8696,,,,,,,,,,,,,,
stable_capital_callback,资金流回调稳健策略,large_med_ret_5d,大盘中位涨跌幅,5,5,mid,中水位,-1.8341,-0.1509,33,7.4096,5.9621,24.2424,15.1515,12.1212,-1.6359,-2.678,60.6061,36.3636,-6.6425,-14.7733,57.5758,36.3636,42.4242,90.9091,,,,,,,,,,,,,,
stable_capital_callback,资金流回调稳健策略,large_med_ret_5d,大盘中位涨跌幅,5,5,high,高水位,-1.8341,-0.1509,19,9.1707,3.682,31.5789,26.3158,10.5263,2.4059,-1.0471,57.8947,36.8421,-6.434,-21.2944,52.6316,26.3158,42.1053,100.0,,,,,,,,,,,,,,
stable_capital_callback,资金流回调稳健策略,large_med_ret_5d,大盘中位涨跌幅,5,10,low,低水位,-1.8341,-0.1509,23,,,30.4348,17.3913,13.0435,,,43.4783,21.7391,,,30.4348,21.7391,21.7391,,8.3398,7.7048,0.4825,2.0892,-5.8112,-21.9161,47.8261,,,,,,,
stable_capital_callback,资金流回调稳健策略,large_med_ret_5d,大盘中位涨跌幅,5,10,mid,中水位,-1.8341,-0.1509,33,,,42.4242,24.2424,18.1818,,,45.4545,36.3636,,,66.6667,48.4848,48.4848,,10.2603,7.7048,-0.2654,0.4373,-8.8118,-18.1512,54.5455,,,,,,,
stable_capital_callback,资金流回调稳健策略,large_med_ret_5d,大盘中位涨跌幅,5,10,high,高水位,-1.8341,-0.1509,19,,,47.3684,31.5789,21.0526,,,57.8947,31.5789,,,68.4211,36.8421,42.1053,,14.4133,4.5855,2.9702,-1.079,-8.4801,-23.7996,100.0,,,,,,,
stable_capital_callback,资金流回调稳健策略,large_med_ret_5d,大盘中位涨跌幅,5,22,low,低水位,-1.8341,-0.1509,23,,,34.7826,26.087,17.3913,,,52.1739,21.7391,,,34.7826,21.7391,21.7391,,,,,,,,,11.5451,7.7048,2.1169,-0.1421,-6.078,-21.9161,34.7826
stable_capital_callback,资金流回调稳健策略,large_med_ret_5d,大盘中位涨跌幅,5,22,mid,中水位,-1.8341,-0.1509,33,,,54.5455,42.4242,27.2727,,,54.5455,45.4545,,,72.7273,57.5758,57.5758,,,,,,,,,12.8919,11.3307,-1.3708,-3.3599,-10.6378,-29.7185,36.3636
stable_capital_callback,资金流回调稳健策略,large_med_ret_5d,大盘中位涨跌幅,5,22,high,高水位,-1.8341,-0.1509,19,,,57.8947,42.1053,31.5789,,,57.8947,47.3684,,,73.6842,52.6316,57.8947,,,,,,,,,20.8562,12.3846,3.4554,-2.4419,-10.8955,-29.2005,100.0
trend_continuation_callback,趋势延续策略,large_med_ret_5d,大盘中位涨跌幅,5,5,low,低水位,-1.8341,-0.1509,1,9.6382,9.6382,0.0,0.0,0.0,1.1276,1.1276,0.0,0.0,-0.4216,-0.4216,0.0,0.0,0.0,100.0,,,,,,,,,,,,,,
trend_continuation_callback,趋势延续策略,large_med_ret_5d,大盘中位涨跌幅,5,5,mid,中水位,-1.8341,-0.1509,3,13.8889,17.9562,66.6667,66.6667,33.3333,0.3469,-3.758,66.6667,33.3333,-8.18,-16.1071,66.6667,66.6667,66.6667,100.0,,,,,,,,,,,,,,
trend_continuation_callback,趋势延续策略,large_med_ret_5d,大盘中位涨跌幅,5,5,high,高水位,-1.8341,-0.1509,9,6.2209,3.3679,33.3333,11.1111,0.0,-0.6206,-1.7131,55.5556,33.3333,-5.6356,-9.0106,55.5556,33.3333,33.3333,100.0,,,,,,,,,,,,,,
trend_continuation_callback,趋势延续策略,large_med_ret_5d,大盘中位涨跌幅,5,10,low,低水位,-1.8341,-0.1509,1,,,0.0,0.0,0.0,,,100.0,0.0,,,0.0,0.0,0.0,,9.6382,9.6382,-0.3334,-0.3334,-1.4609,-1.4609,100.0,,,,,,,
trend_continuation_callback,趋势延续策略,large_med_ret_5d,大盘中位涨跌幅,5,10,mid,中水位,-1.8341,-0.1509,3,,,100.0,100.0,33.3333,,,33.3333,33.3333,,,66.6667,66.6667,66.6667,,26.6845,19.9173,6.489,15.9339,-11.781,-26.91,100.0,,,,,,,
trend_continuation_callback,趋势延续策略,large_med_ret_5d,大盘中位涨跌幅,5,10,high,高水位,-1.8341,-0.1509,9,,,44.4444,22.2222,11.1111,,,66.6667,33.3333,,,77.7778,55.5556,55.5556,,9.709,6.1867,0.1816,-2.2772,-8.3766,-13.7045,100.0,,,,,,,
trend_continuation_callback,趋势延续策略,large_med_ret_5d,大盘中位涨跌幅,5,22,low,低水位,-1.8341,-0.1509,1,,,0.0,0.0,0.0,,,100.0,0.0,,,0.0,0.0,0.0,,,,,,,,,9.6382,9.6382,-0.451,-0.451,-4.4514,-4.4514,100.0
trend_continuation_callback,趋势延续策略,large_med_ret_5d,大盘中位涨跌幅,5,22,mid,中水位,-1.8341,-0.1509,3,,,100.0,100.0,66.6667,,,33.3333,33.3333,,,66.6667,66.6667,66.6667,,,,,,,,,34.6,23.3371,9.0309,11.3867,-13.7923,-32.944,100.0
trend_continuation_callback,趋势延续策略,large_med_ret_5d,大盘中位涨跌幅,5,22,high,高水位,-1.8341,-0.1509,9,,,55.5556,44.4444,33.3333,,,77.7778,55.5556,,,88.8889,88.8889,88.8889,,,,,,,,,24.0372,12.0539,2.2428,-5.5437,-13.4531,-30.1927,100.0
ALL,全部来源,large_med_ret_10d,大盘中位涨跌幅,10,5,low,低水位,-3.4782,0.194,97,7.4587,5.6898,23.7113,13.4021,8.2474,-1.4231,-1.9724,61.8557,35.0515,-6.7267,-24.7261,53.6082,37.1134,42.268,79.3814,,,,,,,,,,,,,,
ALL,全部来源,large_med_ret_10d,大盘中位涨跌幅,10,5,mid,中水位,-3.4782,0.194,94,7.879,6.0288,26.5957,12.766,8.5106,-2.1569,-2.7904,64.8936,40.4255,-8.6163,-26.3636,67.0213,47.8723,51.0638,93.617,,,,,,,,,,,,,,
ALL,全部来源,large_med_ret_10d,大盘中位涨跌幅,10,5,high,高水位,-3.4782,0.194,97,10.2195,7.9955,42.268,26.8041,13.4021,3.3255,1.5385,43.299,22.6804,-5.5342,-19.3078,46.3918,22.6804,28.866,100.0,,,,,,,,,,,,,,
ALL,全部来源,large_med_ret_10d,大盘中位涨跌幅,10,10,low,低水位,-3.4782,0.194,97,,,37.1134,22.6804,13.4021,,,53.6082,39.1753,,,61.8557,46.3918,49.4845,,10.2018,7.2591,-1.0783,-1.9687,-9.185,-29.2549,71.134,,,,,,,
ALL,全部来源,large_med_ret_10d,大盘中位涨跌幅,10,10,mid,中水位,-3.4782,0.194,94,,,38.2979,22.3404,14.8936,,,67.0213,48.9362,,,76.5957,60.6383,63.8298,,10.7664,8.2285,-3.5248,-4.7661,-11.2101,-35.974,67.0213,,,,,,,
ALL,全部来源,large_med_ret_10d,大盘中位涨跌幅,10,10,high,高水位,-3.4782,0.194,97,,,55.6701,43.299,30.9278,,,42.268,29.8969,,,62.8866,40.2062,43.299,,15.5311,12.0539,4.021,1.8795,-7.9488,-30.2222,98.9691,,,,,,,
ALL,全部来源,large_med_ret_10d,大盘中位涨跌幅,10,22,low,低水位,-3.4782,0.194,97,,,53.6082,41.2371,30.9278,,,50.5155,38.1443,,,68.0412,52.5773,55.6701,,,,,,,,,17.0726,11.0656,4.0789,-0.1432,-10.0369,-32.944,48.4536
ALL,全部来源,large_med_ret_10d,大盘中位涨跌幅,10,22,mid,中水位,-3.4782,0.194,94,,,46.8085,35.1064,26.5957,,,64.8936,48.9362,,,80.8511,69.1489,70.2128,,,,,,,,,14.8678,9.3273,-2.1446,-4.6814,-13.2764,-40.1617,55.3191
ALL,全部来源,large_med_ret_10d,大盘中位涨跌幅,10,22,high,高水位,-3.4782,0.194,97,,,64.9485,56.701,47.4227,,,56.701,39.1753,,,71.134,56.701,58.7629,,,,,,,,,23.8019,17.0984,3.613,-1.1919,-12.0637,-43.9855,89.6907
spark_opportunity_selector,星火机会模型,large_med_ret_10d,大盘中位涨跌幅,10,5,low,低水位,-3.4782,0.194,52,8.2497,5.7049,25.0,17.3077,11.5385,-1.4142,-2.9895,63.4615,38.4615,-7.6104,-24.7261,61.5385,44.2308,48.0769,82.6923,,,,,,,,,,,,,,
spark_opportunity_selector,星火机会模型,large_med_ret_10d,大盘中位涨跌幅,10,5,mid,中水位,-3.4782,0.194,62,7.4925,6.1206,27.4194,9.6774,6.4516,-3.6633,-4.0137,72.5806,43.5484,-9.3971,-26.3636,72.5806,53.2258,56.4516,96.7742,,,,,,,,,,,,,,
spark_opportunity_selector,星火机会模型,large_med_ret_10d,大盘中位涨跌幅,10,5,high,高水位,-3.4782,0.194,73,11.2317,9.0952,46.5753,30.137,16.4384,4.1655,3.0277,39.726,17.8082,-5.5115,-19.3078,42.4658,21.9178,24.6575,100.0,,,,,,,,,,,,,,
spark_opportunity_selector,星火机会模型,large_med_ret_10d,大盘中位涨跌幅,10,10,low,低水位,-3.4782,0.194,52,,,32.6923,26.9231,17.3077,,,57.6923,42.3077,,,71.1538,55.7692,57.6923,,11.1119,7.0262,-1.3448,-2.8646,-10.271,-29.2549,76.9231,,,,,,,
spark_opportunity_selector,星火机会模型,large_med_ret_10d,大盘中位涨跌幅,10,10,mid,中水位,-3.4782,0.194,62,,,38.7097,17.7419,11.2903,,,72.5806,56.4516,,,85.4839,69.3548,72.5806,,9.873,7.3671,-5.2133,-7.0673,-12.6422,-35.974,77.4194,,,,,,,
spark_opportunity_selector,星火机会模型,large_med_ret_10d,大盘中位涨跌幅,10,10,high,高水位,-3.4782,0.194,73,,,60.274,47.9452,34.2466,,,38.3562,28.7671,,,57.5342,36.9863,39.726,,16.8559,13.5207,4.4138,4.8429,-7.7816,-30.2222,98.6301,,,,,,,
spark_opportunity_selector,星火机会模型,large_med_ret_10d,大盘中位涨跌幅,10,22,low,低水位,-3.4782,0.194,52,,,53.8462,46.1538,40.3846,,,46.1538,36.5385,,,75.0,59.6154,61.5385,,,,,,,,,20.8392,11.9157,7.5165,0.7472,-10.9725,-30.2411,51.9231
spark_opportunity_selector,星火机会模型,large_med_ret_10d,大盘中位涨跌幅,10,22,mid,中水位,-3.4782,0.194,62,,,50.0,33.871,25.8065,,,67.7419,53.2258,,,88.7097,79.0323,79.0323,,,,,,,,,14.7001,9.9682,-2.2198,-7.3996,-14.3502,-35.974,66.129
spark_opportunity_selector,星火机会模型,large_med_ret_10d,大盘中位涨跌幅,10,22,high,高水位,-3.4782,0.194,73,,,68.4932,61.6438,52.0548,,,54.7945,35.6164,,,68.4932,54.7945,56.1644,,,,,,,,,24.9283,22.1685,3.9521,-0.9843,-11.9115,-43.9855,86.3014
probe_d3_confirmed,试盘识别-三日确认,large_med_ret_10d,大盘中位涨跌幅,10,5,low,低水位,-3.4782,0.194,4,7.2509,6.8462,50.0,0.0,0.0,-2.7328,-3.3189,75.0,50.0,-7.6808,-16.6667,50.0,25.0,50.0,50.0,,,,,,,,,,,,,,
probe_d3_confirmed,试盘识别-三日确认,large_med_ret_10d,大盘中位涨跌幅,10,5,mid,中水位,-3.4782,0.194,6,4.5451,4.2521,0.0,0.0,0.0,-2.3524,-2.0986,50.0,50.0,-7.8847,-17.9796,66.6667,33.3333,50.0,83.3333,,,,,,,,,,,,,,
probe_d3_confirmed,试盘识别-三日确认,large_med_ret_10d,大盘中位涨跌幅,10,5,high,高水位,-3.4782,0.194,3,5.1007,5.7325,0.0,0.0,0.0,-2.3685,-4.0237,66.6667,33.3333,-6.7289,-8.2803,100.0,33.3333,66.6667,100.0,,,,,,,,,,,,,,
probe_d3_confirmed,试盘识别-三日确认,large_med_ret_10d,大盘中位涨跌幅,10,10,low,低水位,-3.4782,0.194,4,,,50.0,0.0,0.0,,,75.0,75.0,,,75.0,25.0,75.0,,7.2509,6.8462,-5.6864,-6.5209,-9.748,-21.4872,0.0,,,,,,,
probe_d3_confirmed,试盘识别-三日确认,large_med_ret_10d,大盘中位涨跌幅,10,10,mid,中水位,-3.4782,0.194,6,,,16.6667,16.6667,0.0,,,83.3333,66.6667,,,66.6667,50.0,66.6667,,6.8478,5.6083,-6.8719,-6.0428,-10.5633,-26.5306,66.6667,,,,,,,
probe_d3_confirmed,试盘识别-三日确认,large_med_ret_10d,大盘中位涨跌幅,10,10,high,高水位,-3.4782,0.194,3,,,33.3333,33.3333,33.3333,,,33.3333,33.3333,,,100.0,100.0,100.0,,12.0921,8.8757,3.1592,1.041,-9.8744,-10.7692,100.0,,,,,,,
probe_d3_confirmed,试盘识别-三日确认,large_med_ret_10d,大盘中位涨跌幅,10,22,low,低水位,-3.4782,0.194,4,,,50.0,0.0,0.0,,,75.0,75.0,,,75.0,25.0,75.0,,,,,,,,,7.2509,6.8462,-5.6864,-6.5209,-9.748,-21.4872,0.0
probe_d3_confirmed,试盘识别-三日确认,large_med_ret_10d,大盘中位涨跌幅,10,22,mid,中水位,-3.4782,0.194,6,,,16.6667,16.6667,0.0,,,66.6667,66.6667,,,83.3333,50.0,66.6667,,,,,,,,,6.8478,5.6083,-15.111,-6.0428,-17.8803,-40.1617,0.0
probe_d3_confirmed,试盘识别-三日确认,large_med_ret_10d,大盘中位涨跌幅,10,22,high,高水位,-3.4782,0.194,3,,,66.6667,66.6667,66.6667,,,66.6667,33.3333,,,100.0,100.0,100.0,,,,,,,,,20.1617,25.0531,0.0911,-3.6686,-16.962,-20.355,100.0
stable_capital_callback,资金流回调稳健策略,large_med_ret_10d,大盘中位涨跌幅,10,5,low,低水位,-3.4782,0.194,38,6.0458,4.979,15.7895,5.2632,5.2632,-0.9626,-1.4797,57.8947,28.9474,-5.228,-13.984,42.1053,26.3158,31.5789,76.3158,,,,,,,,,,,,,,
stable_capital_callback,资金流回调稳健策略,large_med_ret_10d,大盘中位涨跌幅,10,5,mid,中水位,-3.4782,0.194,22,9.6018,8.0936,31.8182,22.7273,13.6364,1.2367,0.1679,50.0,31.8182,-7.4336,-21.2944,54.5455,40.9091,40.9091,86.3636,,,,,,,,,,,,,,
stable_capital_callback,资金流回调稳健策略,large_med_ret_10d,大盘中位涨跌幅,10,5,high,高水位,-3.4782,0.194,15,8.1423,3.682,33.3333,26.6667,6.6667,1.5533,-0.4484,53.3333,40.0,-5.495,-13.9524,53.3333,20.0,40.0,100.0,,,,,,,,,,,,,,
stable_capital_callback,资金流回调稳健策略,large_med_ret_10d,大盘中位涨跌幅,10,10,low,低水位,-3.4782,0.194,38,,,36.8421,13.1579,10.5263,,,44.7368,31.5789,,,47.3684,34.2105,34.2105,,8.6406,6.9482,-0.0137,0.9009,-7.3083,-21.9161,68.4211,,,,,,,
stable_capital_callback,资金流回调稳健策略,large_med_ret_10d,大盘中位涨跌幅,10,10,mid,中水位,-3.4782,0.194,22,,,40.9091,36.3636,27.2727,,,50.0,31.8182,,,59.0909,45.4545,45.4545,,13.1791,8.4231,-0.1146,-0.3509,-8.5936,-23.7996,31.8182,,,,,,,
stable_capital_callback,资金流回调稳健策略,large_med_ret_10d,大盘中位涨跌幅,10,10,high,高水位,-3.4782,0.194,15,,,46.6667,33.3333,20.0,,,53.3333,26.6667,,,73.3333,33.3333,40.0,,12.3984,4.5855,4.1212,-1.079,-7.9197,-19.4762,100.0,,,,,,,
stable_capital_callback,资金流回调稳健策略,large_med_ret_10d,大盘中位涨跌幅,10,22,low,低水位,-3.4782,0.194,38,,,50.0,34.2105,21.0526,,,52.6316,34.2105,,,55.2632,42.1053,42.1053,,,,,,,,,12.7783,9.5711,1.3331,-0.4471,-8.234,-21.9161,44.7368
stable_capital_callback,资金流回调稳健策略,large_med_ret_10d,大盘中位涨跌幅,10,22,mid,中水位,-3.4782,0.194,22,,,40.9091,36.3636,27.2727,,,59.0909,40.9091,,,63.6364,50.0,50.0,,,,,,,,,13.3305,8.4231,-2.7413,-1.158,-10.383,-29.7185,31.8182
stable_capital_callback,资金流回调稳健策略,large_med_ret_10d,大盘中位涨跌幅,10,22,high,高水位,-3.4782,0.194,15,,,60.0,46.6667,33.3333,,,53.3333,46.6667,,,73.3333,46.6667,53.3333,,,,,,,,,20.5594,12.3846,5.2504,-1.773,-10.4357,-29.2005,100.0
trend_continuation_callback,趋势延续策略,large_med_ret_10d,大盘中位涨跌幅,10,5,low,低水位,-3.4782,0.194,3,11.9229,16.5347,66.6667,66.6667,0.0,-5.6646,-3.758,66.6667,33.3333,-9.1196,-16.1071,66.6667,66.6667,66.6667,100.0,,,,,,,,,,,,,,
trend_continuation_callback,趋势延续策略,large_med_ret_10d,大盘中位涨跌幅,10,5,mid,中水位,-3.4782,0.194,4,9.3941,6.503,25.0,25.0,25.0,2.8214,-1.3792,50.0,25.0,-4.1145,-8.2115,50.0,25.0,25.0,100.0,,,,,,,,,,,,,,
trend_continuation_callback,趋势延续策略,large_med_ret_10d,大盘中位涨跌幅,10,5,high,高水位,-3.4782,0.194,6,5.658,4.0983,33.3333,0.0,0.0,0.3818,0.4228,50.0,33.3333,-5.311,-9.0106,50.0,33.3333,33.3333,100.0,,,,,,,,,,,,,,
trend_continuation_callback,趋势延续策略,large_med_ret_10d,大盘中位涨跌幅,10,10,low,低水位,-3.4782,0.194,3,,,100.0,100.0,0.0,,,66.6667,33.3333,,,66.6667,66.6667,66.6667,,18.1361,17.9562,-3.8014,-2.2772,-13.3806,-26.91,100.0,,,,,,,
trend_continuation_callback,趋势延续策略,large_med_ret_10d,大盘中位涨跌幅,10,10,mid,中水位,-3.4782,0.194,4,,,50.0,25.0,25.0,,,50.0,0.0,,,50.0,25.0,25.0,,17.2215,10.2595,8.9102,4.367,-4.3743,-8.2115,100.0,,,,,,,
trend_continuation_callback,趋势延续策略,large_med_ret_10d,大盘中位涨跌幅,10,10,high,高水位,-3.4782,0.194,6,,,33.3333,16.6667,16.6667,,,66.6667,50.0,,,83.3333,66.6667,66.6667,,8.9632,5.1648,-0.5781,-4.9219,-9.0924,-13.7045,100.0,,,,,,,
trend_continuation_callback,趋势延续策略,large_med_ret_10d,大盘中位涨跌幅,10,22,low,低水位,-3.4782,0.194,3,,,100.0,100.0,33.3333,,,66.6667,66.6667,,,100.0,100.0,100.0,,,,,,,,,19.276,17.9562,-7.7072,-6.1386,-17.0421,-32.944,100.0
trend_continuation_callback,趋势延续策略,large_med_ret_10d,大盘中位涨跌幅,10,22,mid,中水位,-3.4782,0.194,4,,,75.0,75.0,75.0,,,50.0,0.0,,,50.0,50.0,50.0,,,,,,,,,37.9516,39.8308,21.7543,21.8124,-5.64,-9.8446,100.0
trend_continuation_callback,趋势延续策略,large_med_ret_10d,大盘中位涨跌幅,10,22,high,高水位,-3.4782,0.194,6,,,33.3333,16.6667,16.6667,,,83.3333,66.6667,,,83.3333,83.3333,83.3333,,,,,,,,,20.0231,7.2347,-2.8447,-8.9323,-15.5367,-30.1927,100.0
ALL,全部来源,large_med_ret_20d,大盘中位涨跌幅,20,5,low,低水位,-4.7462,-0.615,98,7.6123,6.2919,24.4898,12.2449,6.1224,0.3063,-0.1559,51.0204,24.4898,-5.4212,-16.1071,44.898,25.5102,30.6122,73.4694,,,,,,,,,,,,,,
ALL,全部来源,large_med_ret_20d,大盘中位涨跌幅,20,5,mid,中水位,-4.7462,-0.615,92,7.812,5.4283,29.3478,15.2174,10.8696,-2.1287,-3.2928,64.1304,40.2174,-8.5825,-24.7261,64.1304,50.0,53.2609,100.0,,,,,,,,,,,,,,
ALL,全部来源,large_med_ret_20d,大盘中位涨跌幅,20,5,high,高水位,-4.7462,-0.615,98,10.1092,6.472,38.7755,25.5102,13.2653,1.5061,-0.4442,55.102,33.6735,-6.9221,-26.3636,58.1633,32.6531,38.7755,100.0,,,,,,,,,,,,,,
ALL,全部来源,large_med_ret_20d,大盘中位涨跌幅,20,10,low,低水位,-4.7462,-0.615,98,,,40.8163,25.5102,15.3061,,,40.8163,23.4694,,,48.9796,32.6531,34.6939,,10.8526,8.1954,2.7788,1.2929,-6.4124,-26.91,67.3469,,,,,,,
ALL,全部来源,large_med_ret_20d,大盘中位涨跌幅,20,10,mid,中水位,-4.7462,-0.615,92,,,42.3913,27.1739,19.5652,,,67.3913,54.3478,,,79.3478,63.0435,67.3913,,11.339,8.0343,-3.6062,-6.3718,-11.95,-35.8333,69.5652,,,,,,,
ALL,全部来源,large_med_ret_20d,大盘中位涨跌幅,20,10,high,高水位,-4.7462,-0.615,98,,,47.9592,35.7143,24.4898,,,55.102,40.8163,,,73.4694,52.0408,55.102,,14.2998,9.8383,0.1383,-1.3924,-10.0808,-35.974,100.0,,,,,,,
ALL,全部来源,large_med_ret_20d,大盘中位涨跌幅,20,22,low,低水位,-4.7462,-0.615,98,,,56.1224,47.9592,36.7347,,,42.8571,28.5714,,,58.1633,41.8367,43.8776,,,,,,,,,19.6975,11.8298,7.937,2.1856,-8.0247,-40.1617,66.3265
ALL,全部来源,large_med_ret_20d,大盘中位涨跌幅,20,22,mid,中水位,-4.7462,-0.615,92,,,50.0,33.6957,27.1739,,,65.2174,50.0,,,79.3478,67.3913,69.5652,,,,,,,,,16.0553,9.8645,-0.7308,-5.4647,-13.0056,-35.8333,42.3913
ALL,全部来源,large_med_ret_20d,大盘中位涨跌幅,20,22,high,高水位,-4.7462,-0.615,98,,,59.1837,51.0204,40.8163,,,64.2857,47.9592,,,82.6531,69.3878,71.4286,,,,,,,,,19.9486,15.168,-1.6946,-3.8905,-14.3756,-43.9855,83.6735
spark_opportunity_selector,星火机会模型,large_med_ret_20d,大盘中位涨跌幅,20,5,low,低水位,-4.7462,-0.615,53,8.2553,6.5574,30.1887,15.0943,9.434,-0.0349,-0.3843,54.717,30.1887,-5.8699,-15.8621,52.8302,30.1887,33.9623,79.2453,,,,,,,,,,,,,,
spark_opportunity_selector,星火机会模型,large_med_ret_20d,大盘中位涨跌幅,20,5,mid,中水位,-4.7462,-0.615,58,7.8925,5.6658,25.8621,13.7931,10.3448,-2.4418,-2.9573,65.5172,36.2069,-9.4292,-24.7261,65.5172,55.1724,56.8966,100.0,,,,,,,,,,,,,,
spark_opportunity_selector,星火机会模型,large_med_ret_20d,大盘中位涨跌幅,20,5,high,高水位,-4.7462,-0.615,76,10.765,8.3628,43.4211,27.6316,14.4737,1.9328,-0.2448,52.6316,30.2632,-6.8777,-26.3636,55.2632,31.5789,35.5263,100.0,,,,,,,,,,,,,,
spark_opportunity_selector,星火机会模型,large_med_ret_20d,大盘中位涨跌幅,20,10,low,低水位,-4.7462,-0.615,53,,,39.6226,28.3019,16.9811,,,43.3962,28.3019,,,58.4906,39.6226,41.5094,,11.3228,8.209,2.3989,0.8,-7.2353,-21.6533,73.5849,,,,,,,
spark_opportunity_selector,星火机会模型,large_med_ret_20d,大盘中位涨跌幅,20,10,mid,中水位,-4.7462,-0.615,58,,,43.1034,27.5862,20.6897,,,67.2414,51.7241,,,81.0345,67.2414,68.9655,,12.0368,8.1627,-3.4964,-5.2268,-12.6117,-35.8333,77.5862,,,,,,,
spark_opportunity_selector,星火机会模型,large_med_ret_20d,大盘中位涨跌幅,20,10,high,高水位,-4.7462,-0.615,76,,,51.3158,38.1579,26.3158,,,53.9474,43.4211,,,71.0526,51.3158,55.2632,,14.7656,10.5325,0.0619,-1.0169,-10.1449,-35.974,100.0,,,,,,,
spark_opportunity_selector,星火机会模型,large_med_ret_20d,大盘中位涨跌幅,20,22,low,低水位,-4.7462,-0.615,53,,,60.3774,54.717,47.1698,,,37.7358,26.4151,,,66.0377,45.283,47.1698,,,,,,,,,23.7767,17.5553,12.1963,5.4404,-8.0757,-21.6533,73.5849
spark_opportunity_selector,星火机会模型,large_med_ret_20d,大盘中位涨跌幅,20,22,mid,中水位,-4.7462,-0.615,58,,,53.4483,36.2069,31.0345,,,62.069,48.2759,,,81.0345,74.1379,74.1379,,,,,,,,,17.9474,10.5532,0.9974,-4.5795,-13.9306,-35.8333,51.7241
spark_opportunity_selector,星火机会模型,large_med_ret_20d,大盘中位涨跌幅,20,22,high,高水位,-4.7462,-0.615,76,,,60.5263,52.6316,42.1053,,,65.7895,47.3684,,,81.5789,69.7368,71.0526,,,,,,,,,19.917,15.3767,-2.1385,-3.6701,-14.3926,-43.9855,81.5789
probe_d3_confirmed,试盘识别-三日确认,large_med_ret_20d,大盘中位涨跌幅,20,5,low,低水位,-4.7462,-0.615,4,6.0811,5.626,25.0,0.0,0.0,1.2818,0.1034,50.0,50.0,-6.9387,-10.6773,75.0,25.0,50.0,25.0,,,,,,,,,,,,,,
probe_d3_confirmed,试盘识别-三日确认,large_med_ret_20d,大盘中位涨跌幅,20,5,mid,中水位,-4.7462,-0.615,4,5.9539,4.2521,25.0,0.0,0.0,-5.0966,-3.0071,75.0,50.0,-7.7355,-16.6667,50.0,25.0,50.0,100.0,,,,,,,,,,,,,,
probe_d3_confirmed,试盘识别-三日确认,large_med_ret_20d,大盘中位涨跌幅,20,5,high,高水位,-4.7462,-0.615,5,4.6874,5.7325,0.0,0.0,0.0,-3.3784,-4.0237,60.0,40.0,-7.9043,-17.9796,80.0,40.0,60.0,100.0,,,,,,,,,,,,,,
probe_d3_confirmed,试盘识别-三日确认,large_med_ret_20d,大盘中位涨跌幅,20,10,low,低水位,-4.7462,-0.615,4,,,25.0,0.0,0.0,,,75.0,75.0,,,75.0,50.0,75.0,,6.0811,5.626,-2.6265,-5.6646,-7.9494,-10.6773,25.0,,,,,,,
probe_d3_confirmed,试盘识别-三日确认,large_med_ret_20d,大盘中位涨跌幅,20,10,mid,中水位,-4.7462,-0.615,4,,,50.0,25.0,0.0,,,75.0,75.0,,,75.0,25.0,75.0,,9.4078,9.7502,-6.3393,-6.8992,-9.9944,-21.4872,25.0,,,,,,,
probe_d3_confirmed,试盘识别-三日确认,large_med_ret_20d,大盘中位涨跌幅,20,10,high,高水位,-4.7462,-0.615,5,,,20.0,20.0,20.0,,,60.0,40.0,,,80.0,80.0,80.0,,8.8822,6.0019,-3.7272,-2.8074,-12.0439,-26.5306,100.0,,,,,,,
probe_d3_confirmed,试盘识别-三日确认,large_med_ret_20d,大盘中位涨跌幅,20,22,low,低水位,-4.7462,-0.615,4,,,25.0,0.0,0.0,,,75.0,75.0,,,75.0,50.0,75.0,,,,,,,,,6.0811,5.626,-10.1063,-5.6646,-15.3619,-40.1617,0.0
probe_d3_confirmed,试盘识别-三日确认,large_med_ret_20d,大盘中位涨跌幅,20,22,mid,中水位,-4.7462,-0.615,4,,,50.0,25.0,0.0,,,75.0,75.0,,,75.0,25.0,75.0,,,,,,,,,9.4078,9.7502,-8.6419,-6.8992,-9.9944,-21.4872,0.0
probe_d3_confirmed,试盘识别-三日确认,large_med_ret_20d,大盘中位涨跌幅,20,22,high,高水位,-4.7462,-0.615,5,,,40.0,40.0,40.0,,,60.0,40.0,,,100.0,80.0,80.0,,,,,,,,,13.724,8.8757,-7.629,-3.6686,-19.147,-39.0408,60.0
stable_capital_callback,资金流回调稳健策略,large_med_ret_20d,大盘中位涨跌幅,20,5,low,低水位,-4.7462,-0.615,38,6.5365,5.9597,13.1579,5.2632,2.6316,1.1509,0.659,44.7368,13.1579,-4.3438,-14.7733,28.9474,15.7895,21.0526,68.4211,,,,,,,,,,,,,,
stable_capital_callback,资金流回调稳健策略,large_med_ret_20d,大盘中位涨跌幅,20,5,mid,中水位,-4.7462,-0.615,26,7.8317,4.9474,34.6154,23.0769,15.3846,-1.6313,-4.9887,65.3846,50.0,-7.5458,-13.984,69.2308,46.1538,50.0,100.0,,,,,,,,,,,,,,
stable_capital_callback,资金流回调稳健策略,large_med_ret_20d,大盘中位涨跌幅,20,5,high,高水位,-4.7462,-0.615,11,10.1004,1.3964,36.3636,27.2727,9.0909,1.1463,-5.2999,63.6364,54.5455,-7.5797,-21.2944,63.6364,36.3636,54.5455,100.0,,,,,,,,,,,,,,
stable_capital_callback,资金流回调稳健策略,large_med_ret_20d,大盘中位涨跌幅,20,10,low,低水位,-4.7462,-0.615,38,,,39.4737,18.4211,15.7895,,,31.5789,10.5263,,,31.5789,18.4211,18.4211,,10.1242,7.8049,4.3971,2.197,-4.5526,-14.7733,60.5263,,,,,,,
stable_capital_callback,资金流回调稳健策略,large_med_ret_20d,大盘中位涨跌幅,20,10,mid,中水位,-4.7462,-0.615,26,,,38.4615,26.9231,19.2308,,,65.3846,61.5385,,,80.7692,61.5385,65.3846,,9.8549,7.4193,-4.6317,-9.3911,-11.5956,-21.9161,53.8462,,,,,,,
stable_capital_callback,资金流回调稳健策略,large_med_ret_20d,大盘中位涨跌幅,20,10,high,高水位,-4.7462,-0.615,11,,,45.4545,36.3636,18.1818,,,63.6364,27.2727,,,81.8182,45.4545,45.4545,,14.8467,3.4615,1.101,-2.3904,-10.0987,-23.7996,100.0,,,,,,,
stable_capital_callback,资金流回调稳健策略,large_med_ret_20d,大盘中位涨跌幅,20,22,low,低水位,-4.7462,-0.615,38,,,50.0,39.4737,26.3158,,,44.7368,23.6842,,,42.1053,31.5789,31.5789,,,,,,,,,15.4746,9.5994,5.1308,1.2708,-6.4693,-29.7185,60.5263
stable_capital_callback,资金流回调稳健策略,large_med_ret_20d,大盘中位涨跌幅,20,22,mid,中水位,-4.7462,-0.615,26,,,42.3077,30.7692,23.0769,,,69.2308,53.8462,,,80.7692,61.5385,61.5385,,,,,,,,,10.8057,8.0343,-4.5872,-10.4277,-11.9355,-21.9161,19.2308
stable_capital_callback,资金流回调稳健策略,large_med_ret_20d,大盘中位涨跌幅,20,22,high,高水位,-4.7462,-0.615,11,,,63.6364,45.4545,27.2727,,,54.5455,54.5455,,,81.8182,54.5455,63.6364,,,,,,,,,19.8415,12.3846,-0.5998,-5.2047,-12.8817,-29.2005,100.0
trend_continuation_callback,趋势延续策略,large_med_ret_20d,大盘中位涨跌幅,20,5,low,低水位,-4.7462,-0.615,3,11.9229,16.5347,66.6667,66.6667,0.0,-5.6646,-3.758,66.6667,33.3333,-9.1196,-16.1071,66.6667,66.6667,66.6667,100.0,,,,,,,,,,,,,,
trend_continuation_callback,趋势延续策略,large_med_ret_20d,大盘中位涨跌幅,20,5,mid,中水位,-4.7462,-0.615,4,8.3746,10.2558,50.0,0.0,0.0,2.1475,4.0531,25.0,25.0,-3.8913,-9.0106,25.0,25.0,25.0,100.0,,,,,,,,,,,,,,
trend_continuation_callback,趋势延续策略,large_med_ret_20d,大盘中位涨跌幅,20,5,high,高水位,-4.7462,-0.615,6,6.3376,3.0699,16.6667,16.6667,16.6667,0.8311,-2.7995,66.6667,33.3333,-5.4598,-8.2521,66.6667,33.3333,33.3333,100.0,,,,,,,,,,,,,,
trend_continuation_callback,趋势延续策略,large_med_ret_20d,大盘中位涨跌幅,20,10,low,低水位,-4.7462,-0.615,3,,,100.0,100.0,0.0,,,66.6667,33.3333,,,66.6667,66.6667,66.6667,,18.1361,17.9562,-3.8014,-2.2772,-13.3806,-26.91,100.0,,,,,,,
trend_continuation_callback,趋势延续策略,large_med_ret_20d,大盘中位涨跌幅,20,10,mid,中水位,-4.7462,-0.615,4,,,50.0,25.0,25.0,,,75.0,25.0,,,50.0,50.0,50.0,,12.7991,10.846,4.2005,-1.9958,-6.613,-11.1023,100.0,,,,,,,
trend_continuation_callback,趋势延续策略,large_med_ret_20d,大盘中位涨跌幅,20,10,high,高水位,-4.7462,-0.615,6,,,33.3333,16.6667,16.6667,,,50.0,33.3333,,,83.3333,50.0,50.0,,11.9114,5.9127,2.5617,0.4357,-7.5999,-13.7045,100.0,,,,,,,
trend_continuation_callback,趋势延续策略,large_med_ret_20d,大盘中位涨跌幅,20,22,low,低水位,-4.7462,-0.615,3,,,100.0,100.0,33.3333,,,66.6667,66.6667,,,100.0,100.0,100.0,,,,,,,,,19.276,17.9562,-7.7072,-6.1386,-17.0421,-32.944,100.0
trend_continuation_callback,趋势延续策略,large_med_ret_20d,大盘中位涨跌幅,20,22,mid,中水位,-4.7462,-0.615,4,,,50.0,25.0,25.0,,,75.0,25.0,,,50.0,50.0,50.0,,,,,,,,,29.3891,10.846,7.1884,-1.625,-9.5613,-19.9048,100.0
trend_continuation_callback,趋势延续策略,large_med_ret_20d,大盘中位涨跌幅,20,22,high,高水位,-4.7462,-0.615,6,,,50.0,50.0,50.0,,,66.6667,50.0,,,83.3333,83.3333,83.3333,,,,,,,,,25.7315,19.1407,6.8659,-4.5853,-12.9225,-30.1927,100.0
