symbol,trade_date,probe_index,oib_ratio,same_day_pullback_ratio,day_gap_pct,probe_strength_score,hot_theme_best_rank,hot_theme_score,hot_theme_is_top10,confirm_d1_pos,confirm_d3_pos,confirm_d5_pos,limitup_probability,limitup_probability_sample_split,trend20_probability,trend20_probability_sample_split,target_limitup,target_limitup_extend,target_trend20,target_trend40,high_20d_pct,high_40d_pct,entry_close_1d_pct,entry_close_3d_pct,entry_close_5d_pct,entry_close_10d_pct,entry_high_10d_pct,entry_low_5d_pct,entry_t5s5,entry_t8s8,d1_oib_ratio,d3_oib_ratio,d5_oib_ratio,d1_l2_super_net_ratio,d3_l2_super_net_ratio,d5_l2_super_net_ratio,d1_l2_main_net_ratio,d3_l2_main_net_ratio,d5_l2_main_net_ratio,buy_support_ratio,sell_pressure_ratio,support_pressure_spread,add_buy_ratio,cancel_sell_ratio,close_book_imbalance_ratio,avg_book_imbalance_ratio,close_bid_ask_amount_ratio,price_position_20d,price_position_60d,breakout_vs_prev20_high_pct,drawdown_from_20d_high_pct,amount_vs_day_median,positive_oib_bar_ratio,positive_l2_bar_ratio,oib_top3_concentration_ratio,market_limit_up_count,market_broken_limit_up_ratio,market_advancer_ratio,hot_theme_is_new_hot,hot_theme_is_continuing_hot,hot_theme_is_fading,csi1000_above_ma20,csi1000_return_5d_pct,csi500_return_5d_pct,hs300_return_5d_pct,gem_index_return_5d_pct
sh600165,2025-11-14,1.0,0.4280522184466016,0.7727272727272733,0.0,82.32687408735353,336.0,41.7,0.0,0,0,1,0.2571428571428571,valid,0.0925925925925925,valid,0,0,0,0,4.106280193236711,7.246376811594213,-0.7263922518159882,-1.2106537530266248,-3.874092009685226,-4.1162227602905554,4.358353510895885,-6.0532687651331685,-5,-8,-0.04835793836183568,0.07521292122140612,0.004701434327608406,-0.07227179042730379,-0.11522889327274477,0.014705595266104945,-0.23324302285475376,-0.28089096772557476,-0.07999956678113083,0.5780413785162236,0.5750457295205943,0.0029956489956293186,1.4768825610643528,0.3916522725071274,-0.542712604846708,-0.43656806216821664,0.2964177473604881,1.0,0.6931818181818178,0.7299270072992581,-3.944315545243615,28.125936452933747,0.4583333333333333,0.22727272727272727,0.578307874439347,62,0.3333333333333333,0.38345391632588866,0.0,0.0,0.0,1,-0.5187209339636567,-1.261602420160457,-1.0826421438821954,-3.0141053611369095
sh600178,2025-02-11,1.0,0.31421367860105126,0.8404255319148931,-1.0861132660977546,77.75241689271613,205.0,52.4,0.0,1,0,0,0.2938144329896907,train,0.1388888888888889,train,0,0,0,0,0.7751937984496138,14.961240310077507,1.51878497202238,-0.23980815347721673,-5.195843325339733,-0.7194244604316502,3.9168665067945696,-5.275779376498802,-5,0,0.07042438626720857,0.05607199183763016,0.13374332789832613,0.013768313878134169,-0.07481109296491059,-0.018149282755731355,-0.03156344531025851,-0.09366990692667813,-0.08742458008927816,0.6008940717357945,0.46236593631250905,0.1385281354232854,1.31348912054158,0.39534369906411787,0.1226968910248034,0.20657669224560118,1.2797137950830455,1.0,1.0,0.07757951900697613,-5.770635500365229,31.766198500105325,0.7708333333333334,0.4375,0.5974157133003103,61,0.34408602150537637,0.34594765058341215,0.0,0.0,1.0,1,5.886097539122281,4.811608276264012,1.7305111902023995,4.308152082456407
sh600200,2025-04-22,1.0,0.2764969705825365,0.5199999999999996,-7.889125799573559,68.67323976938077,,,,1,0,0,,,,,1,0,0,0,9.909909909909898,9.909909909909898,9.172259507829983,-11.633109619686788,-28.411633109619682,-37.80760626398211,9.172259507829983,-28.411633109619682,5,8,0.5946637336741755,-5.016085491195766,-7.316510848029504,0.33271707279237284,-0.07106004769130718,-0.07581850638523256,0.37354659085595815,-0.29313895512681554,-0.34868666261255077,0.6078637213929536,0.5004621780424443,0.10740154335050933,2.2827775120331317,0.3495758503421784,0.17020967631001135,0.31017480313500134,1.4102474358898454,0.0,0.0,-19.85559566787003,-21.5547703180212,15.287659849006976,0.5833333333333334,0.425531914893617,0.4265940882605978,71,0.2828282828282828,0.5232080833596463,,,,0,0.5966102362102266,0.3868785089032878,0.6039878180431613,-0.10194263425485905
sh600241,2025-01-02,1.0,0.48039836392051494,0.4848484848484852,-13.32470892626132,77.26732669698855,28.0,71.6,0.0,0,0,1,0.472,train,0.5208333333333335,train,1,0,0,0,4.6875,11.64772727272727,-4.491017964071853,-1.6467065868263409,6.586826347305386,5.688622754491024,10.32934131736527,-12.72455089820359,5,-8,0.11105102913631971,-0.12231638524121854,1.2354544361753141,-0.01978633138829653,0.0,0.4043641021457989,-0.06005425586019292,0.08352339904317,0.3224557014414147,0.5684041389923087,0.5579792976998479,0.010424841292460796,4.079756567759185,0.35451309907126255,0.28202212848667624,0.16109379361651566,1.7856011715019624,0.0,0.0,,-4.34782608695653,41.764453034268776,0.22916666666666666,0.8518518518518519,0.89639309877344,0,,0.0,0.0,0.0,0.0,0,-4.882902428485824,-5.042070778382213,-4.145742010966358,-6.398676052652618
sh600243,2025-08-22,1.0,0.2976251868170006,0.8636363636363629,-1.9565217391304346,69.19011238596278,158.0,64.1,0.0,0,0,1,0.2571428571428571,train,0.0895522388059701,train,0,0,1,1,27.533039647577095,31.93832599118942,3.6876355748373113,3.4707158351409806,0.433839479392617,0.2169197396963085,13.665943600867681,-1.7353579175705014,5,8,-0.13664608337847775,0.17501406338718575,0.043780267704178526,-0.10108037602140413,-0.03410136474689215,0.03718502240311084,-0.0464809248233894,-0.07001281844964925,0.026273989700251524,0.6481377940037455,0.4748991274878384,0.17323866651590708,1.2381516467946925,0.3469134268243327,0.5253733623141029,0.29946550746375583,3.2138385020934686,0.9580419580419584,0.9622641509433965,-1.304347826086949,-4.016913319238913,13.892745850867973,0.5833333333333334,0.43478260869565216,0.35529339933436777,57,0.20833333333333334,0.46471329552615,0.0,0.0,1.0,1,3.448383125599608,3.8711150219910895,4.179667616237781,5.8532517339565215
sh600289,2025-04-09,1.0,0.3775392972774062,1.111111111111112,-4.040404040404044,85.71377786079103,88.0,72.3,0.0,0,0,0,0.0,train,0.575,train,0,0,1,0,29.964539007092217,29.964539007092217,4.778761061946901,15.575221238938042,27.43362831858407,12.566371681415923,29.734513274336273,-4.2477876106194685,5,8,-0.0807642790861981,-14.627808071803173,-0.006508532682946489,0.0473782660678874,0.745863049114586,-0.012703778199399236,0.05296624955178221,0.38633575956107546,-0.17095262535900124,0.5178949037473212,0.4140498493839459,0.10384505436337527,1.5700193783150687,0.6640232044852961,0.03376796764397839,0.005016678433247626,1.0698961874854012,0.0,0.5150684931506849,-38.56209150326797,-41.49377593360997,33.10158149576791,0.5833333333333334,0.2978723404255319,0.6650907157612447,95,0.3115942028985507,0.7822936357908002,0.0,0.0,0.0,0,-9.699737540657916,-7.68861560404166,-5.167338570538693,-11.585911416924443
sh600289,2025-04-25,2.0,0.4701056238497887,0.8571428571428575,-4.966887417218535,85.26645671367017,125.0,64.3,0.0,1,0,0,0.472,train,0.575,train,0,0,0,1,5.181347150259064,35.75129533678756,5.555555555555558,0.868055555555558,2.430555555555558,0.694444444444442,5.555555555555558,-4.687499999999989,5,0,0.18876785217954126,-0.08845815275379842,-0.5219891409657508,0.0893261328283688,-0.07062106047206064,-0.0801524150730912,0.007635503138585469,0.016804313618587967,0.01489740330451321,0.6365173544216101,0.43916061181667876,0.1973567426049313,1.3420854540273408,0.43377461258435146,0.3942793710239676,0.4884718948643764,2.3018522142476634,0.0738916256157637,0.5086956521739131,-24.609375,-24.51108213820078,26.926462733695587,0.6875,0.4634146341463415,0.5367411759886143,61,0.35789473684210527,0.560744714420953,0.0,0.0,0.0,1,1.8487823823326366,1.1951634254890875,0.3835814917496849,1.7354767039688968
sh600303,2025-04-21,1.0,0.4085997086749337,0.47058823529411764,-4.060913705583758,77.95520944965494,100.0,70.7,0.0,0,0,0,0.4677419354838709,train,0.2,train,0,0,0,0,19.949494949494962,19.949494949494962,6.329113924050622,14.936708860759484,3.2911392405063244,7.594936708860756,20.253164556962023,0.0,5,8,-0.08684829777306921,-0.01608795422524706,-0.08581932240290147,-0.02600104664469385,0.03682994493708206,-0.09389985103334733,-0.07453884803998369,0.0032577209636435586,-0.04318605664498795,0.5280551179545688,0.44034912720032254,0.08770599075424629,1.3482839817557721,0.6100297415070214,-0.2778118886615355,-0.16016706272318454,0.56517560819921,1.0,1.0,0.50761421319796,-3.8834951456310662,23.88643129367034,0.4166666666666667,0.12244897959183673,0.6894276023322321,89,0.2457627118644068,0.7667822250236369,0.0,0.0,0.0,0,0.23762124683393004,0.27088373084895867,0.6846881184755516,0.5900525150463354
sh600310,2025-04-30,1.0,0.559467060849642,0.6086956521739144,-9.740259740259749,71.88016110554157,499.0,30.5,0.0,1,0,0,0.472,train,0.5208333333333335,train,0,0,0,0,6.103286384976525,6.103286384976525,1.6431924882629234,3.7558685446009488,3.7558685446009488,3.2863849765258246,6.103286384976525,-1.8779342723004744,5,0,0.05829688678400147,-0.06840202802321775,0.09824048612007474,0.036818881272597255,0.04718940096859116,-0.059929233989265494,0.014981945516696975,0.0567348974040727,-0.05609115831908321,0.692018931115451,0.42985544993843805,0.26216348117701294,1.3599898426717336,0.31503749180649226,0.415643466694805,0.5050739081621933,2.422568048803605,0.17557251908396918,0.19999999999999973,-20.2247191011236,-23.24324324324325,17.342232514227877,0.7083333333333334,0.5,0.5405344185278013,63,0.3076923076923077,0.5486331849968213,0.0,0.0,0.0,1,-0.5759197971227259,-0.055436174600853594,-0.4307474665703914,-0.058127529131091205
sh600353,2025-04-08,1.0,0.518517666635413,1.0363636363636357,-9.736540664375726,79.39053295639044,300.0,46.2,0.0,1,0,0,0.472,train,0.5,train,0,0,0,1,19.59287531806615,44.529262086513974,6.318681318681318,10.71428571428572,13.461538461538458,14.423076923076916,19.23076923076923,-2.8846153846153855,5,8,0.011558456458166243,-0.12914466667747057,0.11154441439253474,0.0070101252049205596,0.004860451562129485,-0.05021462056679812,-0.00017126971913063326,-0.037352879335589236,-0.1228411631371923,0.5421242456130851,0.5504459835412261,-0.008321737928140949,2.2309618333725214,0.49348960757146254,-1.0,-0.5113573522305077,0.0,0.005405405405405772,0.3866666666666668,-18.969072164948443,-22.941176470588232,28.69955200075483,0.375,0.37209302325581395,0.609481469574522,106,0.20300751879699247,0.41028066855881423,0.0,0.0,0.0,0,-11.187878462006717,-9.062457380340906,-6.0851042943472216,-12.520157948474264
sh600353,2025-09-02,2.0,0.2641828004633039,1.4562499999999998,1.3719512195121908,77.07360452906258,333.0,38.5,0.0,0,1,0,0.2571428571428571,train,0.2,train,0,0,0,0,3.537981269510926,11.290322580645174,-4.153846153846152,-9.230769230769232,-12.15384615384616,-7.2820512820512935,2.051282051282044,-14.051282051282044,-5,-8,0.041719493167194394,0.10542257555895704,0.0949228264196255,-0.01870637051271498,0.0437738347311341,-0.0779554956543075,-0.02955211160260874,0.035185920346567395,-0.13085824679260247,0.569605738235194,0.425977335871592,0.14362840236360203,1.4220213496161265,0.23686457765232338,0.2969942746277602,0.1713418646522348,1.8449270437178942,0.9191564147627415,0.9434889434889434,-2.3373983739837456,-10.812064965197221,14.351552898247784,0.8541666666666666,0.22448979591836735,0.41577329532212265,42,0.5,0.24291115311909262,0.0,0.0,0.0,1,-2.1746206550601777,-0.03411656694258802,0.8503431878588374,4.744332027242515
sh600355,2025-04-16,1.0,0.2726130591223572,0.5000000000000007,-1.552795031055909,81.33161434264808,,,,0,0,0,,,,,0,0,0,0,-0.9090909090909038,1.81818181818183,0.0,-1.8750000000000044,-3.749999999999998,-21.250000000000004,2.1874999999999867,-4.687500000000011,-5,-8,-0.05946644264270846,-0.11412253460138858,0.15022561659389785,-0.0317583669242967,-0.0008775800945285242,-0.06469577270422212,-0.10878054632828504,-0.056755341036708255,-0.10429691770419748,0.5917123278350327,0.8039546294063573,-0.21224230157132462,1.2371444356072387,0.7691489144347607,-0.33835251337680833,-0.1824676368370057,0.49437459862781846,0.4508196721311473,0.29729729729729726,-18.7192118226601,-18.31683168316832,19.426382525467325,0.3958333333333333,0.48717948717948717,0.7532214032052035,41,0.32786885245901637,0.22078740157480314,,,,0,3.2379158733876645,2.152527874515897,2.33335773574348,2.623469204852613
sh600360,2025-05-06,1.0,0.5634310980119681,0.40816326530612157,-5.007824726134579,77.51374672002169,43.0,80.7,0.0,0,0,0,0.3605442176870748,train,0.4444444444444444,train,0,0,0,1,15.566037735849036,41.03773584905661,3.7617554858934144,2.1943573667711602,0.9404388714733702,1.4106583072100332,5.3291536050156685,-0.7836990595611271,5,0,-0.14824025213478026,0.2516560276615577,0.19335354608974561,-0.0017297668466384989,-0.1273120503870235,-0.04300112655003835,0.09972570895581986,-0.16447128040415968,-0.1784172808480003,0.6790183843139986,0.5483848598554821,0.1306335244585165,1.9004995190491103,0.34714134135151214,-0.004501561429606531,-0.19651426363072713,0.9910372236291999,0.03797468354430411,0.6984126984126986,-10.67415730337078,-11.66666666666667,22.74777012096218,0.5,0.41304347826086957,0.7058134061895525,86,0.23893805309734514,0.9007585335018964,0.0,0.0,0.0,1,3.0815841613858863,2.398449656321544,0.6390781166704773,2.6113231359929046
sh600381,2025-04-21,1.0,0.46203212039177494,0.7500000000000011,-5.063291139240511,83.39451750452636,45.0,78.4,0.0,0,0,0,0.1929824561403508,train,0.0,train,0,0,0,1,7.8947368421052655,30.00000000000003,0.0,-9.69529085872577,-18.282548476454284,4.155124653739617,4.432132963988922,-18.282548476454284,-5,-8,-2.1327264934285095,-0.09968241676212167,-1.4393467498904409,-0.4092482835514348,-0.0802403431641768,-0.07943418857895981,-0.48621060970600316,-0.22709118410578277,-0.20444533057075895,0.38588117431561203,0.4280676856197494,-0.042186511304137364,1.1470098138382498,0.33520841102341326,0.2715740045479177,-0.4274727958678733,1.7456461088524744,0.0,0.1379310344827584,-20.833333333333336,-21.810699588477377,67.26521931019177,0.4166666666666667,0.2727272727272727,0.7249578535157667,89,0.2457627118644068,0.7667822250236369,0.0,0.0,0.0,0,0.23762124683393004,0.27088373084895867,0.6846881184755516,0.5900525150463354
sh600396,2025-07-08,1.0,0.2695526034583104,1.4210526315789478,0.2597402597402487,74.9727533213973,551.0,31.1,0.0,0,0,0,0.3605442176870748,train,0.288135593220339,train,1,0,0,0,8.994708994709,8.994708994709,6.756756756756754,-1.8918918918918948,5.135135135135127,-1.3513513513513598,11.351351351351347,-5.135135135135149,5,8,-0.08995654441838763,0.03451434710612355,0.11484143395092238,0.016803161760670537,-0.013569198348404735,-0.048410277777284,0.043384260318483345,-0.04542212736851597,-0.07047427698052548,0.6161049508431327,0.4396417021710742,0.17646324867205848,0.8506062238712756,0.44121889019471666,0.23173871442569308,0.040485816012721505,1.603280989884734,0.927083333333333,0.9499999999999998,-1.81818181818183,-6.666666666666665,34.18491903004437,0.7291666666666666,0.40816326530612246,0.5028352259279102,59,0.25316455696202533,0.7589905362776025,0.0,0.0,1.0,1,0.5323334726387019,0.7257977275905825,1.4124793735964758,1.543745652186268
sh600408,2025-10-30,1.0,0.3535815304506168,2.199999999999998,-3.0985915492957705,77.28133114045578,200.0,49.2,0.0,0,1,0,0.4677419354838709,valid,0.4,valid,1,1,1,1,115.625,115.625,0.0,20.900321543408353,33.762057877813525,82.9581993569132,82.9581993569132,-0.3215434083601254,5,8,0.09998166146408961,0.171497418472994,0.07119843609430467,-0.017014843543293696,0.10394236648042073,-0.07210331595996394,-0.047463410267067754,0.09893015899874338,-0.14504756160940568,0.6085708819002456,0.37991231708644785,0.2286585648137977,1.1630127718808723,0.3473591792169062,-1.0,0.40663456405503257,0.0,0.7463768115942031,0.7482014388489211,-9.859154929577452,-12.08791208791209,19.611780353046914,0.8333333333333334,0.20408163265306123,0.43084491508231987,44,0.26666666666666666,0.2452770780856423,0.0,0.0,0.0,1,2.421773366185276,3.3985563058956503,2.248340207800781,6.559403475177961
sh600530,2025-01-06,1.0,0.28084907609034937,1.0,-9.931506849315074,89.90636432999773,171.0,56.9,0.0,0,0,0,0.472,train,0.0,train,1,0,0,0,2.281368821292773,2.281368821292773,0.0,-8.668076109936573,-1.9027484143763318,1.2684989429175397,13.742071881606744,-11.416490486257924,-5,-8,-4.871137936005874,0.20907931115408745,0.21758088529896177,0.014933759167258096,-0.01805341898727941,-0.006487616299300069,-0.13314703099124675,-0.06635154679024804,0.008380323417551053,0.32115533894788406,0.8435773153846295,-0.5224219764367455,0.4609916622270254,0.9405990441385966,-1.0,-0.8488188627224417,0.0,0.0,0.0,,-9.931506849315074,214.80791564760472,0.16666666666666666,0.13636363636363635,0.8395409537714674,56,0.3253012048192771,0.45098039215686275,0.0,0.0,1.0,0,-9.13108543143829,-8.002245740987313,-5.326786352087154,-8.64923138115552
sh600594,2025-08-25,1.0,0.8232931403111287,0.8333333333333338,0.22321428571427937,83.57944261585241,306.0,48.8,0.0,0,0,0,0.1929824561403508,train,0.2,train,0,0,0,0,0.21413276231263545,0.21413276231263545,-1.505376344086029,-4.946236559139794,-4.301075268817211,-5.376344086021501,0.6451612903225712,-9.677419354838712,-5,-8,0.10600582917619221,0.10434575152696286,-0.12700625554245784,-0.05095954239726816,-0.0895094232722786,0.020874248522468254,-0.08128281722959288,-0.03914804594326394,-0.07123731875360281,0.5524611544733745,0.5626195823448598,-0.010158427871485243,4.152934562339616,0.27042785507110517,0.4151303991944991,0.37439764209932197,2.4195656557385385,1.0,1.0,1.7429193899782147,-5.081300813008127,23.880689774599986,0.5,0.5833333333333334,0.7618894468565616,65,0.39814814814814814,0.6373660995589162,0.0,0.0,0.0,1,3.3177592058186933,4.254882364622659,5.420779412241661,6.0159884779452
sh600629,2024-11-15,1.0,0.28236115960534913,1.3082706766917294,-3.6644165863066402,79.6470474424146,71.0,65.3,0.0,0,1,0,0.2938144329896907,train,0.0925925925925925,train,1,0,0,0,0.0,3.9665970772442716,-9.926854754440972,-12.121212121212121,-17.45036572622779,-20.167189132706376,0.10449320794148065,-18.913270637408573,-5,-8,-0.2751104198676898,0.00016545963750674457,0.10087487251073923,-0.09510722533769037,0.031162095833717682,-0.034833875714058084,-0.10539230031321785,0.0009364870208614992,-0.08997410289464619,0.5648032238082228,0.45221142499480704,0.11259179881341574,1.09789346116725,0.3640263490508549,0.24623309795924747,0.0940149430679838,1.6533401699984296,0.8545119705340701,0.8553113553113555,-7.6181292189006715,-15.371024734982331,19.027754457821327,0.6875,0.22448979591836735,0.585797306886974,55,0.35294117647058826,0.1636650868878357,0.0,0.0,0.0,0,-4.633402789176477,-4.788497126129676,-3.294703983653191,-3.3583367788935004
sh600629,2025-10-09,2.0,0.26700460512398333,1.2857142857142856,1.0805158591843833,78.08037136605363,84.0,77.0,0.0,0,1,1,0.2938144329896907,valid,0.288135593220339,valid,1,1,1,1,44.62897526501766,44.62897526501766,16.627450980392155,20.666666666666657,46.03921568627452,30.039215686274503,60.50980392156862,-0.07843137254901489,5,8,0.033280407965893426,0.01783934774344058,0.22304386783935884,-0.014280856237292867,0.044971370286241936,0.018955586147743928,-0.054532800161089155,0.06354798768223328,0.023951639481193086,0.5317359246521224,0.4872992882993589,0.04443663635276346,1.5879262126127718,0.3951479913391277,-0.543143500479792,-0.09413893500679986,0.2960557455467769,0.9755944931163955,0.9804902451225612,-1.359358661554555,-10.015898251192368,16.787794622006313,0.6041666666666666,0.1836734693877551,0.6275252868837823,78,0.3445378151260504,0.6029040404040404,0.0,0.0,0.0,1,1.510839413379128,3.0751261522627527,3.1408010581001067,2.393640022264143
sh600629,2025-10-17,3.0,0.2892737488193289,0.8499999999999979,1.5037593984962294,72.03791099122937,73.0,61.4,0.0,0,0,0,0.0,valid,0.0,valid,1,0,0,0,7.427821522309697,7.427821522309697,-4.097938144329882,-5.051546391752559,-23.092783505154635,-40.670103092783506,5.489690721649487,-23.092783505154635,-5,-8,-0.09639774964044186,-7.36700508737942,-1.5538909144764816,-0.04544987704273214,-0.4893240485052226,-0.262942852264251,-0.06367209725201592,-0.5266686677072077,-0.34307513952171687,0.565245322106475,0.46198296394355104,0.103262358162924,1.2285142171265768,0.35052376002772423,0.10498456955469669,0.15109963627063286,1.2345983454217386,1.0,1.0,2.309344790547807,-4.271356783919589,18.17831975797875,0.6458333333333334,0.6530612244897959,0.5384981229728608,33,0.35294117647058826,0.12720403022670027,0.0,0.0,0.0,0,-4.623710088325572,-5.165536956362271,-2.2222934109761616,-5.714016176151693
sh600653,2024-11-04,1.0,0.2625800983318153,0.9166666666666666,-10.080645161290324,85.26049071016615,394.0,45.6,0.0,0,1,0,0.8214285714285714,train,0.575,train,1,1,1,1,28.000000000000004,32.00000000000001,4.504504504504481,11.711711711711704,14.4144144144144,0.9009009009008917,29.729729729729716,-1.3513513513513598,5,8,-0.025431890154858236,0.061485954497273225,0.15929962592885122,0.025078692056968787,0.2128041358365569,-0.1464006019034466,0.02176894110634022,0.2057514972846397,-0.1472408194517851,0.46724916507640646,0.6200873000746973,-0.1528381349982908,1.0803679726402982,0.7815474851855134,-0.05198040819429057,-0.3379824397137164,0.901176090753412,0.6250000000000001,0.6250000000000001,-18.47826086956521,-25.986842105263165,18.489618031993505,0.5,0.5,0.4517158995376856,133,0.23563218390804597,0.7985452245414295,0.0,0.0,1.0,1,-0.4764170039836757,0.7680208727800952,-0.48925914107991186,-1.935016450452598
sh600696,2025-03-19,1.0,0.2989982104044489,0.5897435897435891,-3.007518796992481,70.96117012587226,309.0,43.0,0.0,0,0,0,0.0,train,0.0895522388059701,train,0,0,0,0,4.841149773071085,4.841149773071085,1.920122887864828,-7.5268817204301115,-12.749615975422424,-30.337941628264208,6.451612903225801,-25.038402457757293,5,-8,0.034359184133416924,-5.82977880211514,-0.1362665323763371,-0.011626455846133898,0.037044453344012816,0.17608471482007051,-0.04716737946165062,0.014317180616740088,0.21126321127732142,0.630412416143451,0.5772095878487288,0.053202828294722226,1.6909392233722067,0.5355064388261994,0.3078791174337068,0.2920809285617967,1.8896686263594056,0.7016393442622951,0.8397887323943662,-6.440198159943389,-10.916442048517517,16.692873237503665,0.625,0.32608695652173914,0.39349972187030774,45,0.3382352941176471,0.30956137582833704,0.0,0.0,0.0,1,-0.03488977005657867,1.0088640892350398,2.1118311971168646,1.4183067902517443
sh600698,2024-09-24,1.0,0.3175806380898185,1.0625000000000016,2.844638949671774,78.64763388025541,230.0,61.2,0.0,0,1,0,0.2938144329896907,train,0.2,train,1,0,1,1,28.846153846153854,41.025641025641036,1.7467248908296984,1.7467248908296984,12.227074235807844,5.676855895196509,19.432314410480345,-3.493449781659397,5,8,0.0536166549353497,0.0431000478262227,0.026633096600068653,-0.056095542212398215,0.024768822642387736,-0.0026689211162806347,-0.06517876845482345,-0.031359394536593296,-0.04783209053962498,0.5787601692211005,0.4769022842625869,0.10185788495851361,1.005812883765934,0.37610678109565654,0.5041866323375602,0.08544515083600453,3.0337758730249527,1.0,0.0,2.4070021881837933,-6.7729083665338585,32.05493275530899,0.5833333333333334,0.16326530612244897,0.5923255391278249,86,0.31746031746031744,0.9633607075173721,0.0,0.0,0.0,1,5.197388862181063,5.361489874080383,6.098351917403111,5.22112753232804
sh600716,2024-09-25,1.0,2.395482447143865,1.105263157894737,2.807017543859658,85.33872715940889,35.0,79.3,0.0,1,0,1,0.1929824561403508,train,0.4,train,0,0,1,1,29.896907216494828,32.302405498281786,5.517241379310356,18.620689655172406,15.517241379310342,12.068965517241391,30.34482758620689,-1.0344827586206806,5,8,0.0012928204373965566,0.0038856332728349945,0.15586227064491043,0.002507107876975372,-0.012411812670638914,0.0036891428224102175,0.012303488964670602,0.008192316274595766,0.07283253739237769,0.5947354753085786,0.45367960055974055,0.14105587474883807,4.038489799613054,0.296657028644245,-0.293387723887603,-0.04428814907664361,0.5463267224993412,1.0,0.0,2.1052631578947434,-6.730769230769229,26.023765554764786,0.5625,0.47368421052631576,0.9115287375918375,50,0.5867768595041323,0.7751815598358067,0.0,0.0,1.0,1,6.5268585184008465,6.018669465642734,7.269695947367172,7.04733817871932
sh600745,2025-11-10,1.0,0.3647190956087749,0.5277777777777783,0.0,72.8373859870222,155.0,64.7,0.0,0,0,0,0.1929824561403508,valid,0.0925925925925925,valid,0,0,0,0,2.8472821397756753,2.8472821397756753,0.10822510822510178,-4.09090909090909,-4.978354978354982,-11.601731601731602,3.203463203463186,-5.692640692640694,-5,-8,-0.08190827960875713,-0.10366840116496898,0.0007479153411154509,-0.02074271965773189,-0.009948433051231827,-0.05050395314221803,-0.03702805192331728,-0.02374532600717573,-0.09516466932195206,0.5176538817230046,0.5596834735556504,-0.04202959183264576,1.5116734061344852,0.6090081169487039,-0.267196770205903,-0.08998942187570678,0.5782868509639794,1.0,0.7717717717717718,1.979762428508569,-3.1746031746031855,22.641610540763978,0.4583333333333333,0.46938775510204084,0.7618938528673297,62,0.43636363636363634,0.659433962264151,0.0,0.0,0.0,1,0.33344795964849183,0.13909128111451174,0.8949988167798351,-0.5644175371610993
sh600798,2025-05-30,1.0,0.26697455710980367,0.9583333333333343,-2.518891687657432,75.90548955096982,325.0,38.0,0.0,0,0,0,0.2938144329896907,train,0.2,train,1,0,1,1,34.375,34.375,-0.2666666666666595,0.5333333333333412,0.8000000000000007,13.33333333333333,22.13333333333334,-2.6666666666666727,5,8,0.011603930342050928,0.1337088525260689,-0.2223710207564751,-0.01989326064942823,-0.008783817181571587,-0.004737633021270024,-0.0255485586971297,-0.10560080376216456,-0.13994423134539172,0.6204938507472118,0.6521725959224013,-0.03167874517518954,1.203991493541208,0.5281733416158618,0.3216916323371339,0.521754920811928,1.948511466681542,0.47846889952153115,0.502283105022831,-22.10953346855984,-29.02033271719039,13.568312271345043,0.5625,0.40425531914893614,0.4481381208714503,36,0.3684210526315789,0.2266835282959216,0.0,0.0,0.0,0,0.6158113548460964,0.3189202361715271,-1.0829168399006162,-1.4005150929822352
sh600829,2025-03-11,1.0,0.29642291857295083,0.6136363636363633,0.47505938242280443,71.11899494343687,416.0,38.3,0.0,1,0,0,0.2571428571428571,train,0.2,train,0,0,0,0,0.9269988412514474,0.9269988412514474,-1.0489510489510523,-1.8648018648018683,-2.6806526806526842,-6.876456876456871,1.5151515151515138,-4.545454545454552,-5,-8,0.1975539750177631,-0.04581272645662797,0.06738400526284166,0.013513716441125112,0.02756453335219232,-0.02533562080570847,-0.030702619909999986,0.05015490361364936,-0.05366679502757874,0.585605976001603,0.45269236598945906,0.13291361001214397,1.2256700113350518,0.28048085362693775,0.643713370953302,0.5072930688984119,4.6134579210882,1.0,1.0,2.4940617577197344,-3.0337078651685334,21.701223426188147,0.6875,0.3829787234042553,0.5479259241794269,49,0.2898550724637681,0.5920554854981085,0.0,0.0,0.0,1,3.0531262470748333,1.8078593038683977,1.446375969159841,0.6370502826314572
sh600831,2025-11-10,1.0,0.2617158275719063,0.5128205128205126,-3.992015968063878,74.1154015111789,28.0,81.6,0.0,1,0,0,0.8214285714285714,valid,0.5954268841317825,valid,1,0,0,0,13.200000000000012,13.200000000000012,10.663983903420537,9.05432595573441,6.639839034205242,-6.438631790744454,13.88329979879277,-0.4024144869215207,5,8,0.17543289137154977,-0.020934014174150233,-0.09879080321639869,0.1905411354870459,0.04343813779920289,-0.0026786457664003667,0.08846188541940796,0.08984203454257529,0.06614777390081182,0.5612998419413958,0.6050184701424246,-0.043718628201028786,1.9382357497975666,0.5541372116298233,-0.5540569043969998,-0.2549625148186054,0.286954161293105,0.5098039215686272,0.6874999999999999,-4.761904761904767,-5.482041587901698,26.00243581975389,0.4583333333333333,0.14583333333333334,0.47417299826894316,62,0.43636363636363634,0.659433962264151,0.0,0.0,0.0,1,0.33344795964849183,0.13909128111451174,0.8949988167798351,-0.5644175371610993
sh600839,2025-02-14,1.0,0.408580028181728,1.3855421686746991,0.1544401544401719,77.22388811982674,81.0,72.9,0.0,0,0,0,0.2571428571428571,train,0.1388888888888889,train,0,0,0,0,3.5573122529644285,3.5573122529644285,-2.014504431909747,-4.99597099113619,-1.8533440773569776,-9.186140209508464,5.560032232070911,-8.863819500402903,-5,-8,0.10585743238542042,-0.10615456172289459,-0.14061134758504257,-0.05260509104955876,0.003703690086983027,0.04098908571314674,-0.08211411533446249,-0.011917191909009769,0.04479999941758695,0.5894385799489407,0.47325093243179533,0.11618764751714533,1.0990093027196064,0.5230404429481584,-0.07639828538234496,0.10757325442374148,0.8580482960260241,0.9328859060402687,0.9328859060402687,-2.316602316602312,-8.333333333333337,17.76433453097199,0.5625,0.14285714285714285,0.5975754686234981,57,0.2962962962962963,0.3845425867507886,0.0,0.0,0.0,1,1.8711930257548248,1.950770110389155,1.1895513831674975,1.8832056960079502
sh600865,2024-12-06,1.0,0.6604895486935389,0.9090909090909108,-0.4098360655737654,75.74493120658246,48.0,78.9,0.0,0,0,0,0.2938144329896907,train,0.288135593220339,train,1,1,1,0,26.470588235294134,26.470588235294134,-2.07920792079207,7.6237623762376305,5.841584158415847,-6.831683168316827,14.95049504950494,-3.960396039603964,5,8,0.1952742056273882,-0.053797224849197856,0.18811306764104607,-0.031381892554508135,0.038589557937232094,-0.007231059608819877,-0.13963025706480506,0.05834190922968658,-0.017237812145476778,0.5789922099796049,0.525561067378288,0.05343114260131687,3.9394133982037447,0.2664566403092846,0.07694365995587929,0.008373496068504474,1.1667149806959811,1.0,0.7040358744394618,1.6949152542372836,-4.672897196261683,22.908610347601716,0.4375,0.42857142857142855,0.7710394278486772,112,0.36363636363636365,0.7515802781289507,0.0,0.0,1.0,1,2.5931522239095672,2.1746383698324934,1.4440469437748682,1.9362162616176848
sh600892,2025-04-02,1.0,4.9300758350358285,0.5333333333333327,0.0,80.58101031709509,92.0,63.4,0.0,0,0,0,0.0,train,0.0895522388059701,train,0,0,0,0,-0.6211180124223614,13.35403726708073,2.684563758389258,-6.375838926174493,-2.348993288590595,-1.0067114093959662,7.38255033557047,-15.436241610738255,-5,-8,0.02651788888229682,-0.05878922365186737,-0.1423635299631853,-0.0164884411687704,-0.03885945989947971,0.0,-0.027239726631822475,-0.003941342501763659,-0.08236006502953684,0.6496316459440636,0.5449909995161741,0.1046406464278895,5.8904125759365025,0.38042529497453104,-0.022717315152828852,0.05780151191673644,0.955574595606736,0.17721518987341786,0.2061855670103094,-16.795865633074936,-20.884520884520885,30.41441944206637,0.4583333333333333,0.30952380952380953,0.9361531890110618,37,0.3620689655172414,0.47728706624605677,0.0,0.0,0.0,0,-0.9101063934996101,-0.8306650689974049,-0.8922586936845667,-1.648515053215538
sh600981,2024-09-25,1.0,0.3882577340480077,1.0,2.0408163265306145,78.91845168783473,221.0,55.1,0.0,0,0,0,0.2938144329896907,train,0.2444444444444444,train,1,1,1,1,59.00000000000001,59.00000000000001,4.545454545454541,17.17171717171717,11.111111111111116,5.050505050505061,28.787878787878785,0.0,5,8,-0.09283746601348608,0.04904411686294146,0.18928483311210154,0.04100200773509449,-0.025328458136026348,-0.06409253557790967,-0.010776481787446194,-0.017643947244270895,-0.05951104523009296,0.5714343013285277,0.4552908640170199,0.11614343731150778,1.2960543090757237,0.3976093257949193,-0.20831357801386144,-0.05387704802651047,0.655199475029864,1.0,0.0,2.0408163265306145,-5.660377358490576,33.11673656209116,0.5625,0.37209302325581395,0.6406816780825297,50,0.5867768595041323,0.7751815598358067,0.0,0.0,0.0,1,6.5268585184008465,6.018669465642734,7.269695947367172,7.04733817871932
sh601008,2025-06-24,1.0,0.36162173014641386,0.8222222222222222,-5.124653739612195,75.13273068268289,275.0,54.7,0.0,0,0,0,0.3605442176870748,train,0.288135593220339,train,0,0,0,0,0.43290043290042934,0.43290043290042934,-1.6034985422740622,-4.081632653061229,-2.6239067055393694,-3.0612244897959218,1.4577259475218707,-5.976676384839652,-5,0,0.18050114785384913,-0.07074957402395432,-0.17928736653868757,-0.04203698773917337,-0.031345457446409146,-0.0023313475402507457,-0.10876225699485363,-0.06635627410991717,-0.026258131202428207,0.6397717523595536,0.44903429098495296,0.19073746137460068,1.3912831041625968,0.4574272329432133,0.35957328421225626,0.47670668567952984,2.122917815100735,0.4130434782608692,0.7093821510297483,-10.465116279069775,-16.806722689075638,19.69259988430901,0.7916666666666666,0.3673469387755102,0.45568786219286234,60,0.2857142857142857,0.8708661417322835,0.0,0.0,0.0,1,0.8662032682607457,0.25952578444861096,0.8695686773381839,0.6922776839730194
sh601727,2024-11-11,1.0,0.28757803980411956,1.0112359550561796,-9.918699186991875,77.07691312223334,219.0,61.2,0.0,0,0,0,0.472,train,0.0895522388059701,train,1,0,0,0,3.703703703703698,3.703703703703698,-1.3059701492537323,-9.794776119402993,-18.097014925373145,-15.391791044776127,7.089552238805963,-18.097014925373145,5,-8,-0.005518549213603352,0.21344296634306095,0.06441240660660204,-0.023628599343751642,-0.07280738223754708,-0.08619669950972274,-0.052377092882526295,-0.1659572192639462,-0.15495268012832628,0.5883537774878399,0.4278819801259348,0.1604717973619051,1.0857328501854926,0.36637508219902615,-1.0,0.41281388662348545,0.0,0.8445006321112516,0.8445006321112516,-9.999999999999998,-9.999999999999998,16.27539573775275,0.8333333333333334,0.0,0.4484830467959495,119,0.34615384615384615,0.6566550742965539,0.0,0.0,0.0,1,8.687991148222007,6.7753904449697755,4.724475259203853,9.444674851721246
sh601908,2024-11-15,1.0,0.3084171450885316,0.7777777777777776,1.2539184952978122,78.04682453326798,136.0,56.1,0.0,0,0,0,0.1929824561403508,train,0.0925925925925925,train,0,0,0,0,6.990881458966558,26.443768996960483,-4.012345679012352,-1.851851851851849,-6.481481481481499,-2.77777777777779,0.30864197530864335,-7.098765432098775,-5,0,0.21726299441973604,-0.1001810361846524,0.12397811549590093,-0.027706075058603754,-0.02358700002912236,-0.047288766054015045,-0.06497190459832757,0.012497265160152106,-0.2313698394268025,0.5774284474782905,0.5977329837918413,-0.02030453631355078,1.820179432883065,0.2889937301937098,0.062193269655526476,0.28496636403073633,1.132635579684274,0.7428571428571427,0.7831325301204818,-5.187319884726227,-6.5340909090909065,53.055611585621094,0.4583333333333333,0.8222222222222222,0.7583129698320769,55,0.35294117647058826,0.1636650868878357,0.0,0.0,0.0,0,-4.633402789176477,-4.788497126129676,-3.294703983653191,-3.3583367788935004
sh603001,2024-12-23,1.0,0.29934214513247,0.7073170731707316,-2.657342657342665,69.9768125275768,60.0,61.1,0.0,0,0,0,0.0,train,0.0,train,0,0,0,0,-10.028248587570621,-10.028248587570621,0.0,-18.995290423861853,-18.681318681318693,-22.919937205651486,0.0,-23.861852433281015,-5,-8,-4.422546143177211,0.004359389267278458,-0.11434542014813968,-0.762257281553398,-0.21269541887598598,0.020662031003941737,-0.9811893203883495,-0.21289366504111545,0.09396774901164737,0.5847594739782856,0.5090749800744078,0.07568449390387788,1.0584913405679928,0.34072282063597337,0.16618158699627048,0.2913434288103817,1.398603783280874,0.9313725490196076,0.971774193548387,-0.9790209790209836,-3.934871099050208,13.876377888367772,0.5208333333333334,0.7291666666666666,0.5026490051722448,28,0.46153846153846156,0.12262958280657396,0.0,0.0,0.0,0,-2.885454919256125,-1.5906771594648483,0.5554979526778414,-0.617188282125658
sh603007,2024-11-18,1.0,0.3207371397012569,1.0,-5.01152073732719,81.71672523685544,67.0,68.2,0.0,0,0,0,0.0,train,0.0,train,0,0,0,0,-4.97271073377804,-4.97271073377804,0.0,-9.700063816209315,-18.506700701978307,-13.911933631142304,0.0,-18.506700701978307,-5,-8,-13.456966425678464,-0.43534491458862723,-1.780099905748243,-0.4999104424144725,-0.01696384988191616,-1.0,-0.5831989969550421,-0.1125854732806785,-0.789286349884321,0.5172238176270331,0.9940248607027263,-0.47680104307569326,2.1103953674730995,1.3525512151050856,-1.0,-0.76949941671208,0.0,0.8997695852534561,0.9170638703527167,-5.01152073732719,-8.743774211400124,101.40456171431802,0.2916666666666667,0.022222222222222223,0.6524345289936005,80,0.36507936507936506,0.27111673521037644,0.0,0.0,0.0,0,-9.1875255186749,-7.859890141482628,-4.3753294497158475,-8.422059573992824
sh603030,2024-12-11,1.0,0.28892871212521454,0.9230769230769235,-5.837563451776651,77.38131848109504,64.0,78.4,0.0,0,0,0,0.472,train,0.4,train,0,0,0,0,-1.072386058981234,-1.072386058981234,-2.228412256267409,-4.73537604456824,-12.256267409470755,-23.11977715877438,2.785515320334264,-12.8133704735376,-5,-8,0.23389586599289233,-0.11367257664481147,-0.030661927135734228,-0.002016788751113791,0.014683950634372405,0.020137014523187946,-0.05118632196501018,-0.002940808164323482,-0.07373538013781174,0.6228775209507158,0.49686586239623276,0.12601165855448304,1.5195965590548322,0.48970922743925976,0.2667276824626131,0.16888486305960168,1.7274996644040461,0.8432835820895522,0.8900523560209425,-5.3299492385786795,-8.801955990220044,16.866966616075832,0.6458333333333334,0.3333333333333333,0.41570620233753974,132,0.21893491124260356,0.7883765003158559,0.0,0.0,0.0,1,3.907038786227379,2.854699890862289,1.4825889298941242,2.1765870656512254
sh603032,2025-07-23,1.0,0.30692801347379856,1.3823529411764712,0.053276505061283785,76.326598429251,538.0,25.4,0.0,0,0,0,0.2938144329896907,train,0.288135593220339,train,0,0,0,1,9.570418705818362,48.83088635127788,0.32948929159801743,0.5491488193300365,-1.5925315760571102,3.8989566172432877,3.8989566172432877,-2.8006589785832037,0,0,0.06463409456409025,-0.06383919363247614,0.09281763720079671,-0.021180805348283933,0.028399932106945865,-0.008762005944556983,-0.0629862895683942,0.07941441240377321,-0.11693243723514166,0.567479634545467,0.4762129765368134,0.09126665800865363,1.3809861330439213,0.40865165483812,0.4731999182017894,0.1666676639065281,2.7965066238658918,0.8248847926267284,0.938110749185668,-2.024507192328173,-7.1212121212121176,27.261815227805897,0.6041666666666666,0.22448979591836735,0.6788564429317319,45,0.5631067961165048,0.22043519394512773,0.0,0.0,1.0,1,2.246295029930856,2.984164697213476,2.8091072725833888,3.6085108642108343
sh603045,2025-04-17,1.0,8.31489458686528,0.6868686868686882,0.8528784648187626,78.00851019609976,108.0,65.7,0.0,0,0,0,0.0,train,0.0895522388059701,train,0,0,0,0,10.074374577417178,29.817444219066935,0.06779661016949046,4.677966101694908,2.1016949152542486,2.033898305084758,7.118644067796609,-2.3728813559321993,5,0,0.12645052574039842,-0.09863288509554224,0.12031448119083413,-0.06769227081716223,0.015993217330188613,0.0,-0.08567898150556028,0.08090225629667591,-0.04094205542010051,0.6798787568424246,0.4619380573384174,0.21794069950400718,12.669812813712346,0.32308673789415443,0.45795180473106983,0.1610195449902375,2.6897088071803763,0.2825112107623319,0.2825112107623319,-17.787659811006108,-25.07598784194529,18.066807832742594,0.6041666666666666,0.6,0.9573766117236112,78,0.25,0.5872715816005041,0.0,0.0,0.0,0,0.9504328685411512,0.23350918385764974,0.9934633607408871,0.43402684601896446
sh603086,2025-08-20,1.0,0.31955513692789217,0.6666666666666666,0.7804878048780495,75.67803459683051,209.0,59.8,0.0,1,0,0,0.2571428571428571,train,0.2,train,0,0,0,0,-0.5676442762535538,1.229895931882674,-2.392344497607657,-3.540669856459322,-7.559808612440189,-11.67464114832535,0.5741626794258492,-7.751196172248798,-5,-8,0.20182293114863695,-0.07267515033719786,0.25279102258884617,0.010079620952642088,-0.002489806173420108,-0.10857990073953565,-0.09046608544270837,-0.01740886858752322,-0.20628359813161382,0.5699372930596113,0.5380923074600904,0.03184498559952087,1.6480993107333548,0.43395298984263303,0.48328077191578234,0.13065704964109767,2.870573981570566,1.0,0.7265917602996254,3.121951219512198,-4.343891402714939,26.751493763160678,0.3541666666666667,0.4375,0.7432187345890521,80,0.22330097087378642,0.7423525701671397,0.0,0.0,0.0,1,3.413306950284456,3.379964572751204,2.270236760356159,4.452197775281053
sh603093,2025-06-30,1.0,0.2617385256556476,1.2690058479532167,-1.978494623655913,75.16145322223811,345.0,46.8,0.0,0,1,0,0.2938144329896907,train,0.2,train,1,1,1,0,28.481862964621605,28.481862964621605,-9.16334661354582,-12.881806108897742,-7.038512616201864,10.712704736609124,23.948649845064196,-14.741035856573703,-5,-8,0.05827033897490365,0.012118820424640223,-0.013787378425350678,-0.04091470670009877,0.02438752860889454,-0.04431043246746574,-0.08268192759757194,0.004603887730086743,-0.017158218808762785,0.5737560980372505,0.47518267191269964,0.09857342612455083,1.40863449681823,0.32565647562166955,0.8466864315006479,0.333657928193273,12.045159796201945,0.8970917225950781,0.9236514522821575,-3.9569892473118373,-8.857142857142863,13.698447449073724,0.75,0.30612244897959184,0.4888884594712563,64,0.2289156626506024,0.6827347195967234,0.0,0.0,1.0,1,4.573029443608401,4.251144801714091,2.0264254536714876,6.709845633022771
sh603095,2025-01-02,1.0,0.5681680458086045,1.0845070422535192,-1.5364354697102733,79.3640796433252,165.0,50.3,0.0,1,0,0,0.1929824561403508,train,0.5208333333333335,train,0,0,0,0,7.5430083811204085,26.687251874724293,-3.0436700485222845,1.1027790030877727,1.9408910454344896,-4.543449492721663,7.5430083811204085,-6.131451257168063,-5,-8,0.11631055147298293,-0.14782871883705945,-0.0273889995625865,0.026083546123928738,0.002826135473252993,-0.004036246868223445,0.06160956332428951,-0.008744590404768176,-0.12663725073266194,0.5776308530894977,0.6129822843979437,-0.03535143130844598,8.733267892163797,0.4568665636313357,0.4487133186663309,0.35726239494945333,2.6278765073039914,0.0,0.0,,-6.361007847996691,35.01908210205173,0.4583333333333333,0.717948717948718,0.7965665987302906,0,,0.0,0.0,0.0,0.0,0,-4.882902428485824,-5.042070778382213,-4.145742010966358,-6.398676052652618
sh603108,2025-04-28,1.0,0.3018875486567545,0.5523809523809537,-6.198347107438018,73.91972710790964,137.0,52.6,0.0,0,0,0,0.3605442176870748,train,0.5208333333333335,train,0,0,1,0,23.288508557457234,23.288508557457234,6.9385270846013425,15.581253804017026,15.094339622641506,11.929397443700562,22.76323797930615,-1.339013998782712,5,8,-0.09360028832719937,-0.25927769366699,-0.21787791371280638,0.1263732342290304,0.014396127306949018,0.026624019352023277,0.22318587174386878,0.01867183751012608,-0.02867460268656497,0.5897091985527582,0.517800980685328,0.07190821786743018,1.7002334569130875,0.3768994842136231,0.028648926244693066,0.13403743202213889,1.0589877893148034,0.0,0.026573426573426262,-18.80893300248139,-20.543953375424962,36.682362903836605,0.5208333333333334,0.4318181818181818,0.6996978505260787,38,0.3333333333333333,0.22018348623853212,0.0,0.0,0.0,0,-1.2697027371430303,-0.7813262505072083,-0.08617973312023963,-0.5071804358741994
sh603110,2024-11-20,1.0,0.2768613360909095,0.7720588235294126,1.1302795954788891,76.72328017503564,165.0,67.6,0.0,0,0,0,0.2938144329896907,train,0.2,train,0,0,1,0,20.739456961294046,20.739456961294046,0.6547619047619024,2.083333333333326,13.690476190476186,-0.7738095238095211,24.404761904761884,-5.7738095238095255,5,8,0.034223536226102684,0.10686151031595467,-0.1733573839853351,-0.03337266469466134,-0.0058218025240832335,-0.01002044254120463,-0.0690325858594922,-0.030816243678721458,-0.0765340104750051,0.5648442117738336,0.4949428929234199,0.06990131885041367,1.2101097461756412,0.4401352229507237,0.6182529816984907,-0.08828887818548924,4.23907169962588,1.0,1.0,2.974419988102328,-5.718954248366015,19.078883560513468,0.5208333333333334,0.0625,0.5221540120731982,134,0.20238095238095238,0.8258533501896334,0.0,0.0,0.0,1,-3.4534691053175304,-4.272485378702573,-3.043559836347842,-6.180463916839118
sh603122,2025-11-21,1.0,0.40205583577810866,1.0,-8.326967150496555,84.18341999328027,126.0,50.6,0.0,0,1,0,0.2571428571428571,valid,0.0,valid,1,0,1,1,32.512733446519526,32.512733446519526,-0.047147571900052476,-2.8288543140028377,12.305516265912297,25.082508250825075,25.082508250825075,-9.476661951909481,5,8,-3.1874391260366157,0.05715642878177594,0.06255358875431048,-0.08887517642485,0.001360820395701804,-0.023029010365842248,-0.08623541290074542,0.006962478978598127,-0.05103928794858428,0.4825030700823581,0.6247927190384231,-0.14228964895606505,1.2325405274115466,0.9120187751363071,-1.0,-0.3091980100625467,0.0,0.8663946965833758,0.8683417085427135,-10.007639419404125,-10.007639419404125,36.1087535842458,0.5,0.25,0.7099589971153629,25,0.4186046511627907,0.05880503144654088,0.0,0.0,1.0,0,-5.798584672217877,-5.7778123543933635,-3.771109074967871,-6.1522985485811255
sh603155,2025-06-25,1.0,0.30211816254996815,0.6467889908256872,-3.3314187248707716,77.76935587489542,200.0,58.6,0.0,1,1,1,0.3605442176870748,train,0.2,train,0,0,0,0,16.70454545454545,16.70454545454545,5.535924617196719,13.486454652532377,5.653710247349819,-3.769140164899887,20.965842167255587,-2.8268551236749095,5,8,0.017963861457611852,0.024535004158140233,0.034913451249485535,0.005676500608266447,0.01519563256459123,0.0019712553875322687,-0.02294858785348399,0.013922022060862307,0.008263582112543412,0.5941748217521374,0.4373017879848235,0.15687303376731393,1.413497207047167,0.4430744538608243,0.8957247777851245,0.1818079187373949,18.180011871647558,1.0,1.0,1.0913268236645735,-7.4171488690163105,33.83538027276227,0.5416666666666666,0.3877551020408163,0.6425856839131644,54,0.31645569620253167,0.7156801007556675,0.0,0.0,0.0,1,2.2945191156520384,2.0307015572955445,2.196026870705703,3.5850768807131006
sh603232,2025-10-31,1.0,0.29379463482263507,1.4473684210526334,-4.943557804593224,78.88166268615416,34.0,79.2,0.0,0,0,0,0.472,valid,0.2444444444444444,valid,1,0,1,0,29.871794871794876,29.871794871794876,2.2667829119441985,1.2205754141237923,16.695727986050567,1.525719267654746,21.665213600697463,-4.925893635571066,5,8,-0.015342664730298015,0.19269646013010855,-0.0022488259725013467,0.0007864297284353604,-0.027674921885392497,-0.07599508774239655,-0.009994071297351106,-0.05815867949590611,-0.03904583818347227,0.5799192842976798,0.43464059833711166,0.14527868596056814,1.401180145954697,0.4360322468059194,-0.47292613970367375,0.2973484939304318,0.35784133778925536,0.7935076645626689,0.7977031802120139,-8.913974309069683,-12.35955056179776,17.27849897889254,0.8541666666666666,0.22448979591836735,0.48980545331276,50,0.45054945054945056,0.6651982378854625,0.0,0.0,0.0,1,1.1785500478539879,0.99839440036813,-0.42946276012950646,0.503347129135201
sh603266,2025-09-17,1.0,0.2645866655709505,0.9396984924623111,0.0,76.9502288586941,18.0,81.8,0.0,0,0,0,0.2938144329896907,train,0.2444444444444444,train,0,0,0,0,7.0336391437308965,7.0336391437308965,-3.955453149001531,-4.608294930875578,3.1105990783410142,-4.646697388632881,7.526881720430101,-6.298003072196623,-5,0,0.11137804795385503,-0.016686699564414646,-0.07101568846414871,-0.0005900866204030626,-0.0019361193204344052,0.024291860823124303,-0.01701882374208255,0.012485552981747302,0.04951197311960879,0.574581776971869,0.44742803557789107,0.1271537413939779,1.1391970344276692,0.40442276460560084,0.015181779759455654,0.26816238312125457,1.0308316386667733,1.0,1.0,0.4608294930875667,-6.671423474848382,19.011520426191677,0.6875,0.40816326530612246,0.4805673172164092,61,0.27380952380952384,0.4330708661417323,0.0,0.0,0.0,1,4.490140602269288,4.730538578359389,2.3768150056703075,8.369635357775262
sh603353,2025-06-06,1.0,0.3948423211799471,0.7822580645161291,-0.6953223767383054,77.8195060454022,44.0,73.2,0.0,1,0,1,0.2938144329896907,train,0.288135593220339,train,1,0,0,0,19.6078431372549,19.6078431372549,-1.8170805572380377,-2.786190187764992,7.450030284675924,7.328891580860075,18.231374924288303,-4.542701393095106,5,8,0.16542183745802028,-0.1361349111887395,0.4526358794896207,0.0018070093250280915,-0.018001248077405448,0.27269270962545406,-0.01514201216066531,-0.05309973417485032,0.23752571318913906,0.6166337159045084,0.4952652951716278,0.12136842073288062,4.382382820252513,0.3166592869695383,0.11891029034040687,0.28875719448349096,1.2699164206249727,1.0,0.33941093969144454,1.7456359102244523,-5.610179294389816,33.85243371382927,0.5,0.7575757575757576,0.7495157218155967,45,0.3918918918918919,0.4988934555801454,0.0,0.0,0.0,1,1.0389357370555352,0.7372091390037694,0.39609974323475683,1.33597297197654
sh603386,2025-09-03,1.0,2.829066520667631,1.2941176470588236,0.4149377593360981,77.96891751912558,118.0,54.0,0.0,0,0,0,0.1929824561403508,train,0.2,train,0,0,0,0,7.734056987788329,7.734056987788329,-2.985074626865669,4.748982360922649,-0.47489823609226933,3.7991858887381325,7.734056987788329,-4.138398914518316,5,0,0.11159056484629558,-0.0029939886890749945,-0.04540194150636498,-0.05143553123117465,-0.023718642947978062,-0.10719879116807386,-0.06752723410238994,0.036485942572406255,-0.1692994917700781,0.6056982771222328,0.4400179288795248,0.165680348242708,5.750334370203645,0.2612751791519418,0.6521655217287935,0.4195352391095242,4.749861284425637,0.3015075376884423,0.7321772639691717,-8.617482951022936,-10.666666666666668,14.342004133058618,0.4583333333333333,0.6595744680851063,0.9235436686684788,28,0.5409836065573771,0.13889763779527559,0.0,0.0,0.0,0,-1.7668879764469847,0.08596060270433803,1.6803664536267693,6.469388845506496
sh603416,2025-04-07,1.0,0.2704158178472006,1.0337423312883434,-9.807208717518867,78.34813513100714,177.0,46.0,0.0,0,1,0,0.472,train,0.0,train,1,0,0,1,15.608120692866457,30.862357981002052,-4.259956409748367,0.39627501486032557,2.991876362195356,-4.814741430552805,5.666732712502465,-13.829998018624924,-5,-8,-0.43226605058634965,0.23943311307840662,-0.09020869462260721,-0.027457843730231787,0.09397727196342344,-0.04427464833141358,-0.15817274466613368,0.09890460471478948,-0.02877930483496792,0.330736038049503,1.1595414939193518,-0.8288054558698488,1.989380249008465,0.6802722004669393,-1.0,-0.9847524939127174,0.0,0.0,0.6722197208464655,-11.940298507462687,-16.695112490302566,133.4934387646252,0.125,0.10810810810810811,0.9354620428512813,20,0.4444444444444444,0.019880088355948247,0.0,0.0,0.0,0,-12.313961756970537,-10.632095360413397,-8.319585513381277,-15.083249334698845
sh603500,2025-01-03,1.0,0.34788214983176524,0.6355140186915889,-10.035419126328227,80.354473163298,311.0,37.3,0.0,1,1,0,0.8214285714285714,train,0.7241379310344828,train,1,1,1,0,20.97378277153559,20.97378277153559,11.518987341772146,13.924050632911378,-6.20253164556962,-12.151898734177212,22.658227848101255,-6.20253164556962,5,8,0.4832183772264343,0.183774701625784,0.14133760250118915,0.21410627647465008,0.02345949679130873,-0.04654555578023459,0.12104250504135147,-0.03273417564360587,-0.08303648683446553,0.6022614617270206,0.42821529711388756,0.174046164613133,2.0528979082626515,0.4190809506447252,0.6170685146046807,0.19504980903350164,4.222866429840055,0.0,0.0,,-7.82508630609896,28.281210051872627,0.7083333333333334,0.16666666666666666,0.5743602496041204,43,0.328125,0.106826801517067,0.0,0.0,0.0,0,-8.68836925239801,-7.801115684134707,-5.324548202760937,-8.773428777674319
sh603517,2025-09-25,1.0,0.6352274104293765,0.46715328467153294,-4.938271604938271,78.86164570330737,303.0,43.0,0.0,0,0,0,0.2571428571428571,train,0.2444444444444444,train,0,0,0,0,4.775687409551366,4.775687409551366,-0.22404779686333587,0.9708737864077666,3.286034353995526,0.821508588498876,8.14040328603436,-3.9581777445855226,5,8,0.0957088701120963,0.06535096502398634,-0.08725016932245779,-0.08007958267979302,-0.07322595701925881,-0.017714555040925752,-0.12172145916140936,-0.019420475969836377,-0.03041718608638439,0.5764137742493673,0.5050921739490156,0.07132160030035173,2.4399321363675064,0.356775420774065,-0.06879010898963132,-0.15825377882487163,0.871274802393781,0.01901140684410674,0.015772870662460782,-15.783059110298602,-16.495468277945623,37.91274115944809,0.4583333333333333,0.3469387755102041,0.8049602960775122,37,0.3148148148148148,0.25354330708661416,0.0,0.0,0.0,1,0.4027391785513812,1.9644903108700484,2.120413266997301,4.519390337623452
sh603580,2025-03-25,1.0,0.38783511239954366,0.714285714285715,0.0,77.84627751687557,172.0,59.2,0.0,0,1,0,0.3605442176870748,train,0.2,train,0,0,0,0,-0.9895833333333215,-0.9895833333333215,-1.1093502377179099,-6.3919704173269976,-5.81088219757,-17.168515583729526,0.4226096143687297,-9.086106708927622,-5,-8,-0.041317147130281597,0.21862896969118145,-0.26441485647318147,-0.05627077377981813,0.09658506989486662,0.09393230622376103,-0.0807638353721693,0.055141064006428764,0.021659092052232074,0.6334150777278316,0.5454597701238655,0.08795530760396608,6.809498539273397,0.44745388892896726,0.5308785486014481,-0.006545054401743307,3.2632883106018076,0.8097165991902826,0.8493589743589737,-2.389425521098132,-4.950495049504955,90.84101490641581,0.4583333333333333,0.42857142857142855,0.846193903966378,38,0.4722222222222222,0.48391167192429024,0.0,0.0,0.0,0,-4.554832984148661,-3.0383438819201802,-1.882061257279044,-3.7316678902805656
sh603588,2025-05-19,1.0,0.27182597478313103,0.37931034482758724,2.3550724637681375,75.4200038949433,30.0,77.9,0.0,0,0,0,0.1929824561403508,train,0.0895522388059701,train,0,0,0,0,3.595890410958913,5.13698630136985,-1.6778523489932806,-4.697986577181212,-5.033557046979864,-4.53020134228187,1.5100671140939603,-6.879194630872487,-5,0,-0.11856680465921363,0.09968971758165886,-0.13775466146722093,-0.025092171279301686,-0.14441318384722557,0.0360143390033898,-0.017725855460290683,-0.16452587325538434,0.012498874164146632,0.4792525836501506,0.6852486721800384,-0.20599608852988777,0.9574135066084044,0.35607038879259795,-0.19584714960142763,-0.10489177560012704,0.6724545446017864,1.0,0.5028248587570621,2.998236331569659,-1.8487394957983239,16.583740315329763,0.3541666666666667,0.5833333333333334,0.663352784376379,73,0.24742268041237114,0.6879746835443038,0.0,0.0,0.0,1,-1.1694229550489599,-1.2579133072772142,-0.3460717312782968,-1.5477981281375564
sh603683,2025-01-10,1.0,0.7166566298099967,0.9677419354838717,-9.056603773584893,77.85113530262329,523.0,23.8,0.0,0,0,0,0.472,train,0.5208333333333335,train,0,0,0,1,12.836438923395455,48.65424430641821,6.217070600632235,5.690200210748153,5.584826132771337,5.374077976817704,14.857744994731291,0.0,5,8,-0.0350735583621765,0.10863010199768287,0.01625157012634842,0.004279542025837195,-0.022759814427332506,-0.0353783560400924,0.0026692462846610835,-0.02387777011234031,-0.09684914598428346,0.5903909387071511,0.39732163186366226,0.19306930684348883,1.9173149713778077,0.4792689430383247,0.8637243429508372,0.15973836753073445,13.676135439790835,0.0,0.0,,-8.867924528301884,14.742843875971243,0.625,0.25,0.6100084927297291,37,0.5432098765432098,0.10369901991779956,0.0,0.0,0.0,0,-1.4273816315091614,-1.078207667811737,-1.1306579251851523,-2.0170120831833116
sh603719,2024-12-16,1.0,0.26310130638098006,0.9411764705882344,-3.304239401496256,70.5301495911539,86.0,66.9,0.0,0,1,0,0.1929824561403508,train,0.0925925925925925,train,1,0,0,0,10.92544987146531,11.632390745501286,-5.133203378817419,-6.757634827810277,-10.851202079272248,-5.263157894736848,4.483430799220267,-10.916179337231968,-5,-8,0.004781673895038511,0.1173308523741478,0.18368966091510153,-0.12765814849149465,0.017969140892037123,-0.04646612388443023,-0.16629639829403553,-0.01291485832018821,-0.14097173941505547,0.5654852467607724,0.5058352418282969,0.05965000493247552,1.1652402029885844,0.4210957681051616,0.30920055145500225,0.17612991473111853,1.8951962891871397,0.670689655172414,0.6879084967320264,-10.933028048082416,-10.933028048082416,13.261671356010956,0.5625,0.5918367346938775,0.39939200730912755,94,0.4502923976608187,0.3730259001895136,0.0,0.0,1.0,1,-0.40861158444992496,-0.580239921283443,-1.3797610772509072,-2.09438442733485
sh603759,2025-11-06,1.0,0.29826197334217613,0.9733333333333339,2.042253521126769,72.9377381481355,61.0,71.7,0.0,1,0,0,0.1929824561403508,valid,0.1764705882352941,valid,1,0,0,0,13.507925568573388,13.507925568573388,8.35030549898168,-12.28784792939579,-20.23082145281738,-26.20502376103192,11.81262729124235,-20.773930753564162,5,8,0.03611550426575255,-0.1422023320590141,0.13224806006188494,0.05864816717725149,-0.05142057068464192,-0.027166865087730637,-0.023746557186556938,-0.09072091319959727,0.01323474138752892,0.5564725006467857,0.4737937610476025,0.08267873959918315,1.1253127474683309,0.493005185293477,0.05667361345501948,-0.09563205120353545,1.120156955775597,1.0,1.0,2.183098591549304,-4.790026246719159,19.885731934832236,0.5416666666666666,0.425531914893617,0.5734877733083367,57,0.40625,0.5354107648725213,0.0,0.0,0.0,1,0.8917080004223976,-0.5414224919093491,-0.3504906992934709,-1.1767740961124984
sh603813,2025-11-19,1.0,0.39510639421835897,0.4440154440154441,-1.9909742500663685,77.9126905972394,272.0,42.3,0.0,1,0,0,0.1929824561403508,valid,0.0895522388059701,valid,0,0,0,0,7.377476538060468,23.25338894681961,3.9752194114610173,-4.026845637583898,4.130098089829648,-1.032524522457401,6.324212700051612,-5.627258647392875,5,0,0.18875064352053222,-0.2194579821574026,-0.1929266053622047,0.0036173540009012224,-0.03738718721984498,-0.0707299672478994,0.02709466384221985,-0.17061399130007435,-0.07272985832131541,0.5855054227168669,0.3804982200157809,0.20500720270108602,1.3483559836612216,0.34766619549293837,-0.4761773181542227,-0.08043317209648963,0.3548507861513228,0.8829431438127091,0.9426229508196722,-3.5211267605633756,-8.119760479041915,49.156374167679665,0.5416666666666666,0.2926829268292683,0.6276391506152398,49,0.3194444444444444,0.24206224457717698,0.0,0.0,0.0,0,-1.324648829448405,-1.6636430922849943,-1.2401386605188636,-1.4471944028671024
sh603825,2025-09-12,1.0,0.33259487052267217,1.0199999999999996,0.0970873786407811,75.65975188296493,132.0,59.3,0.0,0,0,0,0.3605442176870748,train,0.5208333333333335,train,0,0,0,0,4.660194174757271,4.660194174757271,1.6488845780795236,-0.4849660523763455,-2.9097963142580063,-5.62560620756547,4.55868089233753,-4.170708050436467,-5,-8,-0.10502483942895233,0.3376875568733053,-0.0363703928935525,0.015494713994837366,-0.00723111011039944,0.030058503587366264,0.002290285762676934,-0.220365916093481,-0.06686219520721813,0.5866148037798965,0.49303234548345876,0.09358245829643774,1.486772852054506,0.5167034154105954,-0.12022023412350143,-0.022532025716033757,0.785363216157998,0.23305084745762747,0.17133956386292853,-14.946325350949618,-16.055419722901377,31.784341012000016,0.5416666666666666,0.42857142857142855,0.5391869985938075,61,0.26506024096385544,0.366183879093199,0.0,0.0,0.0,1,2.4458396997819376,3.3815053882632506,1.3827042061442585,2.1040598935629706
sh603898,2025-05-09,1.0,0.3998566517623248,0.8382352941176452,0.0,77.2248454390679,89.0,59.2,0.0,1,0,0,0.2571428571428571,train,0.0895522388059701,train,0,0,0,0,10.925925925925917,10.925925925925917,-1.7592592592592715,-0.9259259259259411,-0.5555555555555647,6.018518518518512,8.98148148148148,-2.777777777777779,5,8,0.2648195575549185,0.08791386158870351,-0.4620501734660069,0.016523963774491533,0.0,0.0,0.14060310240696572,0.04912870482602083,0.012568896342564398,0.6070982321306412,0.5230126057256439,0.08408562640499728,5.459406774998393,0.2659852874664079,0.6081967004591882,0.09211338826529276,4.104602238786588,1.0,1.0,4.347826086956541,-5.0131926121371855,56.72861300773151,0.4166666666666667,0.5,0.8289701818788278,32,0.43859649122807015,0.26468730259001894,0.0,0.0,0.0,1,3.0270872563675777,2.0841884993711757,1.8828730022889317,4.1318795557795385
sh603998,2025-06-09,1.0,0.27592240514778715,0.5625000000000013,-1.1439466158246092,73.29552906366335,40.0,81.8,0.0,0,0,1,0.1929824561403508,train,0.2,train,0,0,0,0,2.8310502283105166,7.0319634703196465,-3.24032403240323,0.09000900090008201,-5.13051305130513,-11.881188118811881,1.3501350135013634,-5.670567056705666,-5,-8,0.08228243669247003,-0.11826980285682917,0.13462935890617928,-0.04362092971296342,0.07005253547833748,0.02585516015479022,-0.1119731363051102,0.12555912604627528,-0.08004100832717645,0.5226947004626812,0.5749762544436744,-0.05228155398099321,3.9324070920706613,0.19614648313332247,-0.3349219117774728,0.006486684901028334,0.49821497598834347,1.0,1.0,1.57699443413728,-3.1830238726790583,16.662841568545627,0.4375,0.717391304347826,0.6577055238974738,58,0.3176470588235294,0.7239089184060721,0.0,0.0,0.0,1,3.192590639141213,2.3731314446476137,1.1721582571970979,3.4167981269400682
sh605003,2025-08-21,1.0,0.7500293364035349,0.6739130434782609,-1.9761218608480902,81.73946528849311,23.0,76.4,0.0,0,0,1,0.1929824561403508,train,0.2,train,0,0,1,0,23.219431864965003,23.219431864965003,4.001667361400596,12.546894539391417,0.458524385160497,-5.335556481867432,24.760316798666125,-2.959566486035836,5,8,-0.18591342634237434,-1.0411091727979098,0.05937660183718233,0.05144870368962646,-0.05739790269172785,0.014322350516893527,0.1443655248890593,-0.016367408706546006,0.08682392019384079,0.6510507449560524,0.5272694107488514,0.12378133420720105,5.424384342287215,0.4016358132998239,-0.1344405230377518,0.36902500089256723,0.7629835671283087,1.0,1.0,0.0,-8.20105820105821,23.407148302582062,0.5833333333333334,0.7692307692307693,0.6451680551133913,39,0.4507042253521127,0.46990230066183425,0.0,0.0,0.0,1,3.9684067376312138,4.2663462152485065,2.7497960792828957,5.094232984893354
sh605005,2024-09-02,1.0,6.159513458129213,0.7569444444444446,0.0,89.23545492984005,400.0,41.8,0.0,0,0,0,0.0,train,0.1764705882352941,train,0,0,0,0,19.845360824742286,19.845360824742286,-1.3444302176696454,-2.688860435339313,-4.673495518565929,-5.633802816901401,0.1920614596671033,-5.761843790012799,-5,0,0.007955544719468874,-0.36350964156601656,-0.311873145293679,-0.049850592383523205,-0.054077166965509425,0.0,-0.18536080142447725,-0.06145113451881861,0.029657921874369473,0.5814657038158304,0.692975764027561,-0.1115100602117306,8.626981006480106,0.4650156843888199,-0.07911616002565175,-0.05911983449970048,0.8533685937503316,0.0,0.0,,-6.56231186032511,18.4838775601617,0.4375,0.5666666666666667,0.9389253327656747,0,,0.0,0.0,0.0,0.0,0,0.4347876184966015,0.055536980635806366,-1.7812312296367927,-0.540959629184945
sh605081,2025-04-11,1.0,0.38965107103816116,1.3235294117647034,-7.540983606557372,75.50246174450149,452.0,36.1,0.0,0,1,1,0.472,train,0.4,train,0,0,0,1,11.754068716094013,35.623869801084986,3.457943925233664,3.2710280373831946,1.0280373831775824,-1.121495327102795,10.280373831775712,-0.8411214953271018,5,8,-0.04971952975617636,0.3659083662492661,0.03826731560708098,0.01674033241527156,0.0007774691070411797,0.11476583565182587,0.025813123094654843,0.037411159487744296,0.09057368070915207,0.5370971747528721,0.4535860199845775,0.08351115476829463,2.298681339435773,0.4466871897262144,0.5845547078503723,0.2557236542925733,3.8141115997522865,0.5730337078651689,0.6893732970027251,-9.344262295081961,-14.791987673343609,14.82074250652496,0.5416666666666666,0.35714285714285715,0.4500149808394322,69,0.34285714285714286,0.5483769303498267,0.0,0.0,0.0,0,-5.498231009935573,-4.519474751922603,-2.8741836663927267,-6.731491477739004
sh605118,2024-09-02,1.0,0.5288140160325412,0.7966101694915252,0.0,79.6265972935687,294.0,50.7,0.0,0,0,0,0.2571428571428571,train,0.575,train,0,0,1,0,25.443383356070946,25.443383356070946,-4.780361757105944,-6.330749354005172,-8.46253229974161,-11.304909560723509,3.0361757105943132,-10.465116279069775,-5,-8,-0.05601441616407027,-0.13212239817964735,-0.17316976054650268,-0.01163948233442721,0.0,-0.035061065669032776,-0.02926111317687983,-0.018789645456071563,-0.05044722401235621,0.6554292312669284,0.4740508574864635,0.18137837378046495,5.544282387541979,0.24637011727440383,0.1519946345152495,0.337926233382446,1.3584756434373828,0.0,0.0,,-6.025641025641026,45.45553027591731,0.6041666666666666,0.46153846153846156,0.8026588456852358,0,,0.0,0.0,0.0,0.0,0,0.4347876184966015,0.055536980635806366,-1.7812312296367927,-0.540959629184945
sh605303,2025-11-25,1.0,0.255621928435564,0.7428571428571434,2.3054755043227626,70.19761784787181,98.0,68.9,0.0,0,1,0,0.1929824561403508,valid,0.5208333333333335,valid,1,0,0,0,11.868335651367644,11.868335651367644,-3.9963252181901776,6.384933394579706,-1.5617822691777694,-7.762976573265967,10.840606338998615,-4.45567294441892,5,8,0.07086247148300504,0.2646180629977846,0.08251556680700743,-0.02834664755226144,0.11661074549271179,-0.05514227673305805,-0.011368603143778544,0.10466328681302724,-0.10239599063037852,0.6163146885231034,0.4819188136958909,0.13439587482721255,1.6638748721519994,0.5580772429517956,0.6548431602998824,0.3528058666457636,4.794467239118481,0.4121863799283154,0.6518046709129511,-13.199195171026156,-16.3953488372093,19.42743067563914,0.6458333333333334,0.5714285714285714,0.37280899368461756,67,0.2872340425531915,0.7648725212464589,0.0,0.0,0.0,0,-2.6604581218940826,-2.7466608388713842,-1.702819986056625,-2.876499941548649
sh605369,2025-05-21,1.0,0.3441603765611678,1.2789968652037622,-1.1304909560723608,83.03660461175232,65.0,69.9,0.0,0,1,0,0.2938144329896907,train,0.0,train,0,0,0,0,-7.267833109017497,-7.267833109017497,0.0,-2.691588785046728,-2.8411214953271036,1.4579439252336401,3.028037383177562,-3.2523364485981365,0,0,-0.5090944760593346,0.28099435542937184,0.15935899495794578,0.059050038614215705,0.08641123897095268,-7.767467589350135e-06,-0.08610148233034563,0.1354422164090056,0.03604504795036013,0.6466435568433639,0.3658243259722049,0.28081923087115906,1.6142130010519358,0.21132852642307648,-0.32311846914926245,0.06676936880885294,0.5115804416863429,0.833109017496635,0.833109017496635,-4.005167958656342,-12.071005917159761,295.74130189478575,0.5208333333333334,0.5714285714285714,0.8908699670652285,45,0.375,0.34724857685009486,0.0,0.0,0.0,1,-0.4575829272064569,-0.7103941010626946,-0.6804125206798406,-0.8521790232169035
sz000004,2024-12-23,1.0,0.7627173360297689,1.0708661417322833,-9.571286141575264,80.70801544977057,,,,0,1,0,,,,,0,0,0,0,-8.144044321329657,-8.144044321329657,-0.06150061500616033,-4.489544895448971,-15.436654366543678,-19.372693726937285,1.9680196801967753,-19.003690036900377,-5,-8,-3.8878161322423246,0.33500217190113324,-0.17091577752987797,-0.002734811047601209,0.2413402484147922,-0.0005608503502656422,-0.1548405225954359,0.22054698590274682,-0.07115222344344038,1.3777229829291324,1.427665996343589,-0.049943013414456505,2.1792547622757352,0.00031646193539537864,-1.0,0.02067072536972488,0.0,0.1568627450980394,0.3553421368547419,-12.506059137178859,-13.387715930902111,18.128626290232624,0.3333333333333333,0.21951219512195122,0.7348812645845578,28,0.46153846153846156,0.12262958280657396,,,,0,-2.885454919256125,-1.5906771594648483,0.5554979526778414,-0.617188282125658
sz000004,2024-12-31,2.0,0.3265222350910434,0.8873239436619719,0.21818181818180626,75.91231431898986,,,,0,0,0,,,,,1,0,0,0,4.046242774566489,5.419075144508678,3.277494537509096,-8.812818645302267,-2.4034959941733436,-2.2578295702840534,4.879825200291332,-11.871813546977428,-5,-8,-0.11950776900394791,-0.22623448336446025,-0.0686502445334281,0.006878353384638271,-0.010547519059024296,0.0,0.01663087040947625,-0.08835809428778992,-0.011385293287334187,1.3929411441618709,1.5959813340506657,-0.2030401898887948,1.3920335127225774,0.0002033213290678747,-0.0111227228505765,0.12688400448268763,0.9779992624056175,0.013081395348837191,0.009307135470527387,-32.91323315559864,-33.589251439539346,16.50607608101685,0.3333333333333333,0.4358974358974359,0.6116647472801826,44,0.35294117647058826,0.1340499525766677,,,,0,-3.3522260743835464,-2.875651190587969,-1.224425646565419,-3.2505371466984068
sz000007,2024-09-27,1.0,0.2587428889934403,0.4999999999999989,2.0725388601036343,75.54377463915253,439.0,48.5,0.0,1,0,0,0.472,train,0.575,train,1,0,1,1,25.203252032520318,39.99999999999999,5.451713395638613,11.52647975077883,0.6230529595015577,2.492211838006231,19.937694704049846,-2.6479750778816147,5,8,2.2702793944709745,-0.07100560676949394,-0.07903542341324996,0.00772794344042053,-0.11249289513215524,-0.23461340818453033,0.03022224870286513,-0.06758066241914762,-0.29052642105471943,1.4340930480390834,1.4537522647108163,-0.01965921667173287,1.3852817181390766,0.0,-0.618014859730919,-0.09478028126525016,0.2360825909427101,1.0,0.0,6.217616580310881,-3.149606299212593,17.901234682473937,0.4791666666666667,0.5263157894736842,0.3300516301632464,123,0.3910891089108911,0.9636880328386486,0.0,0.0,0.0,1,15.080237492141846,15.633937572466227,15.70219918797262,22.705317216442488
sz000007,2024-11-11,2.0,0.42664135368015826,0.7272727272727273,0.536193029490617,76.55318006201959,366.0,45.5,0.0,0,0,0,0.2938144329896907,train,0.2444444444444444,train,0,0,0,0,2.887139107611536,2.887139107611536,1.049868766404205,-2.2309711286089273,-7.349081364829402,-7.349081364829402,2.887139107611536,-7.874015748031504,-5,-8,-0.07754775548972823,-0.4272926392878085,-0.11116813107244879,-0.0008206978346990271,0.02364952484140431,0.0008940195666507705,0.05432768554554098,0.07247390916447985,0.13943138876750147,1.4959246736312175,1.432042758451497,0.06388191517972053,1.6985894130779007,0.0002270606636782843,0.300337905525056,0.28241962621917266,1.858522729462548,0.6883116883116887,0.7073170731707319,-5.925925925925924,-11.498257839721248,17.236032765744035,0.5,0.23809523809523808,0.4750492071306263,119,0.34615384615384615,0.6566550742965539,0.0,0.0,0.0,1,8.687991148222007,6.7753904449697755,4.724475259203853,9.444674851721246
sz000008,2025-08-21,1.0,0.31878522349368876,0.6896551724137936,-0.34129692832765013,85.0532037872399,200.0,53.7,0.0,0,0,0,0.2938144329896907,train,0.0925925925925925,train,0,0,0,0,0.6666666666666599,1.0000000000000009,0.33670033670032407,0.0,-3.0303030303030387,-6.060606060606066,1.683501683501687,-5.723905723905731,-5,0,-0.0723579271510125,-0.30171978787772996,-0.1329212161256861,-0.10853958435415251,-0.03432694355218515,-0.05757118193913322,-0.06896306339863836,0.046228110645657836,-0.05731488474559895,1.3912915720148349,1.5938766269538962,-0.20258505493906132,1.3799967939111335,0.0006288949520626807,-0.12986601546669807,-0.1321200410052443,0.7701213883965594,1.0,1.0,2.3890784982935065,-6.25,25.000223754421604,0.3333333333333333,0.46938775510204084,0.7451119920509217,39,0.4507042253521127,0.46990230066183425,0.0,0.0,0.0,1,3.9684067376312138,4.2663462152485065,2.7497960792828957,5.094232984893354
sz000016,2024-09-03,1.0,0.6809367996183204,0.8888888888888888,-2.2727272727272707,82.92379492674365,13.0,89.8,0.0,0,0,0,0.472,train,0.575,train,1,0,1,1,35.315985130111535,187.73234200743497,-3.7174721189591087,-7.063197026022305,-5.576208178438657,-3.3457249070631967,0.3717472118959231,-10.03717472118959,-5,-8,-0.12572396424985155,-0.10536612171768327,-0.09176029150462217,-0.04766896634078406,-0.05337971504925117,-0.004173195202664908,-0.15847637834443812,-0.11836261739900104,0.09626761049025546,1.5661516985260138,1.7152289790110324,-0.14907728048501867,1.7371268315935553,0.0006836856336380669,0.09746875208437902,-0.11151080682761431,1.2159897561651882,0.0,0.0,,-5.614035087719305,16.68357677135481,0.375,0.5555555555555556,0.6746374224978687,37,0.3508771929824561,0.7169512966476913,1.0,0.0,0.0,0,2.527466039548454,2.251165087263862,-0.9652761848137681,1.6708539545666756
sz000016,2024-11-04,2.0,0.6223465392926134,1.0,-9.560723514211888,90.31787909191675,176.0,63.0,0.0,0,0,0,0.472,train,0.0,train,0,0,0,0,5.451936872309893,5.451936872309893,-0.14306151645206988,-8.72675250357654,-13.16165951359084,-29.184549356223176,5.150214592274671,-18.168812589413452,5,-8,-0.13933702883910332,-0.08837217045462428,-0.18860265263894382,-0.07806906524847135,-0.0031502998271172506,-0.046239795072869135,-0.13151864504924213,-0.010310190180212429,-0.11779516796993718,1.158832960367486,1.6404721675927494,-0.4816392072252633,1.291590557332853,0.0021658841966320005,-1.0,-0.6790236781118212,0.0,0.8354700854700855,0.8354700854700855,-9.948320413436695,-9.948320413436695,94.57758719575261,0.125,0.061224489795918366,0.9596358664301986,133,0.23563218390804597,0.7985452245414295,0.0,0.0,0.0,1,-0.4764170039836757,0.7680208727800952,-0.48925914107991186,-1.935016450452598
sz000016,2025-02-24,3.0,0.4469899381038647,0.965517241379311,1.486988847583648,80.19193607569034,111.0,65.5,0.0,0,0,1,0.2938144329896907,train,0.7241379310344828,train,1,0,0,0,11.700182815356497,11.700182815356497,-0.18621973929235924,6.331471135940414,7.2625698324022325,0.9310986964618184,13.780260707635005,-7.076350093109863,5,8,-0.03359661079579159,-0.17443363114505278,5.12006469540992,-0.03334522545091665,0.03988126195557455,0.3572055453239859,-0.03763476779167472,0.022748545780887034,0.33187969267468437,1.2710449659538088,1.4567190381417534,-0.18567407218794463,1.36080254414171,0.0017685088138759556,0.3878279160534828,-0.039911671160944,2.2670552160864808,0.6549295774647885,0.4096916299559471,-13.4493670886076,-13.312202852614895,14.941492533969463,0.20833333333333334,0.40816326530612246,0.7500995807683926,73,0.3482142857142857,0.5539432176656152,0.0,0.0,0.0,1,2.9046531678455167,1.618050687444561,0.5654002536303437,1.7797821554438098
sz000016,2025-06-25,4.0,0.7332541246177284,0.6874999999999987,0.0,82.47646925332984,32.0,80.8,0.0,0,0,0,0.2938144329896907,train,0.0925925925925925,train,0,0,0,0,4.651162790697683,9.883720930232553,-0.5905511811023723,1.5748031496062964,0.19685039370078705,2.5590551181102317,5.905511811023612,-1.1811023622047334,5,0,-0.16202902116486154,-0.17722751690260446,-0.44574563790905364,-0.032265561384408566,-0.004293373059702737,-0.07217567494398006,-0.011223319984430298,-0.0018561208982874374,-0.09790593585095111,1.3344875751117204,1.5154573237114874,-0.180969748599767,1.368937528780948,0.0027957940408617887,-0.10169573242141923,-0.044483762717512025,0.8153832688488282,1.0,0.7173913043478263,1.7751479289940697,-4.089219330855009,14.144920205635707,0.375,0.5510204081632653,0.7476175371305052,54,0.31645569620253167,0.7156801007556675,0.0,0.0,0.0,1,2.2945191156520384,2.0307015572955445,2.196026870705703,3.5850768807131006
sz000017,2025-11-26,1.0,0.2659964357601996,1.0,-1.2468827930174564,77.25459147685746,59.0,67.6,0.0,0,0,0,0.4677419354838709,valid,0.288135593220339,valid,1,0,0,0,15.13583441138422,15.13583441138422,-3.1872509960159445,3.1872509960159334,2.7888446215139417,10.756972111553775,13.280212483399723,-3.3200531208499307,5,8,-0.14784218757158715,-0.08194009365465578,-0.12231736925830473,-0.0027465520978917487,-0.024171165527697856,0.01287320462007853,-0.02448037636782796,-0.10356750272793963,-0.08702888217771883,1.291119530494825,1.3899556028478481,-0.09883607235302305,1.411949132329818,0.00046843537957297023,0.1829738587606006,0.34812892883293983,1.447902091561075,0.41634241245136194,0.4505494505494506,-16.25135427952329,-16.25135427952329,13.777576388205894,0.375,0.3673469387755102,0.6592219846778375,57,0.3048780487804878,0.3217884130982368,0.0,0.0,0.0,0,-1.8783753278166615,-2.2140504368644898,-1.5401525648257475,-1.0449241970314271
sz000020,2025-05-22,1.0,0.43592902066871003,0.7346938775510189,0.24793388429753538,83.22683839432759,65.0,63.0,0.0,0,0,0,0.2938144329896907,train,0.1388888888888889,train,1,1,1,1,34.733441033925686,34.733441033925686,-4.1302621127879195,-2.779984114376488,-0.6354249404289081,-0.1588562351072298,0.9531374106433788,-4.686258935663224,0,0,-0.07378373643832632,-0.1493018442962651,-0.0005090886020218063,0.0,0.0,-0.026380771056472897,-0.035831723812356116,-0.08568393661735853,-0.0003843082255473349,1.446831364350953,1.4722604880659262,-0.0254291237149733,1.4624370722881421,0.0001826039809336267,0.22269080776259834,0.12539590235788325,1.5729787065082985,1.0,0.7516129032258065,1.22649223221587,-5.496183206106863,34.409715931905836,0.3958333333333333,0.43478260869565216,0.7328710327898899,33,0.46774193548387094,0.17172675521821631,0.0,0.0,0.0,1,0.1497002898629196,-0.2102585542104629,0.17060558366208678,0.11348605139065437
sz000020,2025-06-26,2.0,0.45914768643610954,1.2318840579710142,0.9985734664764712,79.42377149097263,47.0,69.5,0.0,1,0,0,0.3605442176870748,train,0.288135593220339,train,0,0,0,0,5.3046594982078865,5.3046594982078865,-2.2972002871500363,1.7229002153625217,0.1435750179468842,-3.086862885857855,5.4558506819813335,-2.871500358937551,5,0,0.02361118953097695,-0.024512537004291367,-0.2610442661190682,0.0064442091314154066,0.0236330501897795,-0.04295931606617634,-0.05608680862114017,-0.02639651736609952,-0.08388774182250597,1.2957916514581065,1.4835146114751354,-0.18772296001702893,1.4420351665295914,2.7210092581247653e-05,0.23680868819486908,0.2182392779791987,1.620574905746135,0.6019736842105261,0.7632093933463795,-7.981530343007925,-16.36690647482014,16.142762437232438,0.2916666666666667,0.4,0.6945728954599635,52,0.35,0.28548945546112686,0.0,0.0,0.0,1,3.2995915842605195,2.84337652638178,2.678268473045864,4.322462264723459
sz000025,2024-09-27,1.0,0.42563027100531214,0.3603603603603603,1.8455228981544725,71.80010540989402,192.0,68.4,0.0,0,0,0,0.2938144329896907,train,0.1388888888888889,train,1,1,1,1,40.03856041131104,40.03856041131104,3.0562347188264116,-3.3007334963325086,-5.4400977995109905,-2.9951100244498763,13.325183374083128,-6.479217603911969,5,8,-0.07557445336171768,-0.39121756483433373,-0.266560201456746,-0.02738606845723996,-0.0005863267467716693,0.0010929736298030538,-0.08893200426042981,-0.0786167160920374,0.02413122377129531,1.4118376970210744,1.6049825369148045,-0.1931448398937301,1.6040174784988013,5.339998638172345e-05,-0.2835321225015795,-0.012238388487755108,0.5582001922180478,1.0,0.0,6.356801093643205,-2.506265664160401,15.323538059842281,0.375,0.3469387755102041,0.6011891747042397,123,0.3910891089108911,0.9636880328386486,0.0,0.0,0.0,1,15.080237492141846,15.633937572466227,15.70219918797262,22.705317216442488
sz000025,2025-04-01,2.0,0.438634988729474,1.1590909090909092,0.0,79.29430147118073,203.0,60.1,0.0,0,0,0,0.3605442176870748,train,0.1764705882352941,train,1,1,0,0,18.491620111731866,18.491620111731866,1.7797552836485098,-8.342602892102335,-15.127919911012244,-2.61401557285873,7.730812013348176,-22.91434927697442,5,-8,-0.03386923456840805,-0.48812543727878055,-0.07451689716120954,0.018930157676460568,-0.05780977443872696,-0.018454903698591995,0.026771605646317483,-0.11630440590366602,-0.0014446329410024896,1.4054170435791231,1.3891883397266365,0.016228703852486648,1.6603057959140295,0.0011871695375096883,0.8361874501457661,0.30889335362651654,11.209076787948602,0.9285714285714283,0.9487179487179485,-0.77605321507761,-5.391120507399593,32.67105701654365,0.3958333333333333,0.3125,0.8634194591345091,49,0.4235294117647059,0.7264121173871884,0.0,0.0,0.0,0,-0.8125846440687035,-0.9097233187224885,-1.134477420069513,-2.0322178930146317
sz000031,2025-04-16,1.0,0.7007374947894408,1.0666666666666653,3.3707865168539186,84.50178147571651,49.0,70.8,0.0,0,0,0,0.2938144329896907,train,0.2444444444444444,train,0,0,0,0,5.1470588235293935,5.1470588235293935,0.0,1.1070110701107083,0.0,-3.690036900369009,5.535055350553497,-2.9520295202952074,5,0,-0.18225772356141023,0.19042234347107115,0.12031496373398175,-0.02272886396968711,-0.012849795054458749,-0.10582469650464382,0.015521002721537171,-0.11765861363987475,-0.14153173415069428,1.5079930052767063,1.5871882291199695,-0.07919522384326316,1.8161719895429274,4.8046864366651795e-05,-0.07317453650683096,-0.07037934967268548,0.8636297563581538,0.7560975609756104,0.6595744680851069,-3.5460992907801248,-5.5555555555555465,23.920703644582122,0.4375,0.5106382978723404,0.6287754214473914,41,0.32786885245901637,0.22078740157480314,0.0,0.0,0.0,0,3.2379158733876645,2.152527874515897,2.33335773574348,2.623469204852613
sz000031,2025-10-29,2.0,0.8427852940124696,0.5517241379310349,-0.31347962382444194,86.4666349644025,197.0,54.8,0.0,0,1,1,0.2571428571428571,valid,0.5208333333333335,valid,0,0,0,0,4.268292682926833,4.268292682926833,-5.572755417956666,-8.359133126934982,-6.811145510835914,3.095975232198156,3.4055727554179516,-9.597523219814242,-5,-8,-0.24864508154383033,0.2714303358072388,0.12318184709887729,-0.08394282700311369,0.0287097016445581,0.03539411271924552,-0.07820491693271682,0.015618350488691504,-0.10556810538009771,1.6546918639964854,1.4282878139978388,0.2264040499986466,1.7165081480284305,4.936183771969161e-06,0.23033825777040862,0.2846110749512338,1.598544126938554,0.4615384615384606,0.604651162790697,-4.093567251461994,-5.202312138728327,24.56417984732627,0.6041666666666666,0.6666666666666666,0.5406420788150832,53,0.3764705882352941,0.47954688483322844,0.0,0.0,0.0,1,3.5133974543947843,4.944800556012119,3.3808477606220633,8.660492177475309
sz000032,2025-04-18,1.0,0.3122033526556026,0.5593220338983054,0.8344923504867818,74.46555239437768,22.0,72.6,0.0,0,0,0,0.2938144329896907,train,0.2,train,0,0,0,0,7.09474629546476,7.09474629546476,1.2053571428571663,-1.2053571428571441,-1.026785714285705,3.2589285714285765,5.625000000000013,-8.883928571428568,-5,-8,0.12638171752889374,-0.05643133280364731,-0.0464623636228427,-0.005172542123937236,-0.028183424194084435,0.0616157509439215,-0.0027100680750584685,-0.07122995189158722,0.10406703648015064,1.3959770650054033,1.5754137381314137,-0.17943667312601042,1.6830306606921956,2.3186047624002223e-05,0.019770213166598192,0.09163559761499189,1.0403379155217578,0.6674364896073901,0.37392900856793143,-10.165389269866875,-9.838056680161944,20.107383191642683,0.375,0.8571428571428571,0.6052485344901237,53,0.35365853658536583,0.4423076923076923,0.0,0.0,0.0,0,-0.5202955292662459,-0.36904721293091747,0.586753819813679,-0.6437184296144149
sz000037,2025-04-25,1.0,0.9192096827217024,0.47169811320754773,-0.23752969121139111,82.81037124090741,4.0,88.6,1.0,0,0,0,0.2938144329896907,train,0.0895522388059701,train,0,0,0,0,1.7064846416382284,16.15472127417521,-2.3702031602708673,-7.787810383747173,-3.386004514672669,-4.288939051918728,0.9029345372460584,-8.013544018058683,-5,-8,-0.22192973770281088,-0.10782876896188102,-0.11025592056732005,-0.0395225563654296,0.01085270775047771,-0.020163488505927668,0.006883518899797784,-0.040956021211766946,-0.06596204670941828,1.3644643937527279,1.4775444778819808,-0.11308008412925297,1.53766593803176,0.00016493258415701528,-0.5925432691261242,-0.25726619438744963,0.2558528479401752,1.0,1.0,4.2704626334519435,-2.765486725663713,18.63751908193383,0.3541666666666667,0.3181818181818182,0.8204316101293508,61,0.35789473684210527,0.560744714420953,1.0,0.0,0.0,1,1.8487823823326366,1.1951634254890875,0.3835814917496849,1.7354767039688968
sz000037,2025-05-30,2.0,0.39475842272731565,1.0952380952380951,3.594080338266381,86.20687861155174,302.0,40.1,0.0,1,0,0,0.2938144329896907,train,0.2,train,0,0,0,0,6.673842841765354,22.820236813778273,1.4380530973451489,-0.5530973451327359,-0.8849557522123686,3.31858407079646,9.623893805309747,-2.5442477876106095,5,8,0.022288061354750418,-0.23208972423823265,0.05843434834596639,0.0023845605417743363,-7.865674805027004e-05,-0.0372861886681723,-0.08202494628455101,-0.04414975428481589,-0.08604637194300688,1.309559135359177,1.5393815287120967,-0.22982239335291976,1.5475055962820434,0.0009115317832290993,0.6620792350797445,0.14186880856073894,4.918547208757567,0.8682170542635647,0.9137055837563444,-1.7970401691332127,-9.01077375122431,21.952460409395684,0.375,0.40425531914893614,0.697111533983954,36,0.3684210526315789,0.2266835282959216,0.0,0.0,0.0,0,0.6158113548460964,0.3189202361715271,-1.0829168399006162,-1.4005150929822352
sz000037,2025-07-08,3.0,0.32894720408680633,1.0476190476190488,0.09469696969697239,79.51286205775938,337.0,46.6,0.0,0,0,0,0.4677419354838709,train,0.1388888888888889,train,0,0,0,0,3.5137701804368593,3.5137701804368593,2.5691699604743157,-1.2845849802371467,-6.818181818181812,-4.644268774703542,7.707509881422947,-7.114624505928846,5,0,-0.10894778907692869,-0.12652311745515094,-0.12855648649214513,0.02694912530904875,-0.013080633935700456,-0.046471225152248066,0.014286652447302312,-0.02007579437403351,-0.09591059219481539,1.4799489990488595,1.497783330026394,-0.017834330977534618,1.7451915482662723,0.000386915507502615,0.11192344424800732,0.11603610918884155,1.2520580990976264,0.9857819905213265,0.9897610921501703,-0.28409090909091717,-7.712532865907107,39.15661075459704,0.3958333333333333,0.24489795918367346,0.7178143573201453,59,0.25316455696202533,0.7589905362776025,0.0,0.0,0.0,1,0.5323334726387019,0.7257977275905825,1.4124793735964758,1.543745652186268
sz000045,2025-11-26,1.0,0.4967224088696884,0.5757575757575768,-0.24019215372297342,78.46185879357672,59.0,67.6,0.0,0,0,0,0.1929824561403508,valid,0.1051362242404411,valid,0,0,0,0,0.07874015748032814,8.976377952755922,-1.5079365079365026,-0.07936507936507908,-2.777777777777779,-2.0634920634920673,0.8730158730158921,-3.1746031746031744,-5,0,-0.13326888092422812,-0.082150553049971,-0.17455240313295564,-0.00591716077319468,-0.07854123812721693,-0.038300851011743436,-0.026093626976979072,-0.16938877994040322,-0.10186319369443171,1.4090654075181217,1.4572698940115243,-0.04820448649340259,1.488589664778034,0.00013098912488035918,0.5322972481699455,0.2481054527350849,3.276220296276393,0.45454545454545364,0.3826086956521738,-8.89526542324247,-8.829863603732957,33.87963926695572,0.375,0.6052631578947368,0.722556463112837,57,0.3048780487804878,0.3217884130982368,0.0,0.0,0.0,0,-1.8783753278166615,-2.2140504368644898,-1.5401525648257475,-1.0449241970314271
sz000056,2024-12-10,1.0,0.6210859947704658,1.1489361702127656,-7.017543859649134,80.33848650558497,207.0,54.9,0.0,0,0,0,0.472,train,0.2444444444444444,train,1,0,0,0,6.868131868131866,6.868131868131866,2.346041055718473,4.398826979472137,-5.865102639296193,-4.985337243401755,14.07624633431086,-6.158357771260992,5,8,-0.09256629339474078,-0.32586095619025335,-0.12199793643327643,0.0070466352119988585,0.025105166167182044,-0.06491493315705997,-0.010683658674746185,0.010734511422029023,-0.12224841667074424,1.5925526169062512,1.542789123881869,0.04976349302438221,2.1600633616591365,0.000668932522108994,0.9161642045409469,0.5320511049134106,22.856158208421082,0.5683060109289619,0.6652542372881357,-17.83295711060947,-17.83295711060947,15.662501371164486,0.4375,0.24489795918367346,0.6941415933809428,95,0.4378698224852071,0.4913112164296998,0.0,0.0,0.0,1,0.9319677872892562,1.0109875208708985,1.1069560821917346,0.8262040332601472
sz000056,2025-03-14,2.0,0.6106166071393311,0.8333333333333326,-1.1363636363636354,84.5533802295372,164.0,63.8,0.0,0,0,0,0.3605442176870748,train,0.2444444444444444,train,0,0,0,0,13.33333333333333,13.33333333333333,-0.8333333333333415,4.166666666666674,0.0,0.8333333333333304,13.33333333333333,-1.9444444444444486,5,8,-0.22949630975152022,-0.18008535934314682,-0.21448943427266232,-0.0482407344335578,0.054917228637613794,-0.0005941803270638421,-0.09446038868418392,0.10237265164814867,-0.0776722752104311,1.3836372947942475,1.8111842373198632,-0.42754694252561576,1.416282519518265,1.8351807104410006e-05,-0.035708033440395984,-0.1467517490825254,0.9310461398628305,0.5972222222222223,0.7943262411347518,-7.455012853470433,-9.999999999999998,13.397447183654954,0.1875,0.3877551020408163,0.925973531392992,70,0.2553191489361702,0.8278688524590164,0.0,0.0,0.0,1,0.9743161418948043,1.433479042705077,1.5857548995195092,0.9708218816004033
sz000056,2025-04-11,3.0,0.6309359028207312,0.6800000000000015,-0.3154574132492094,86.50519254072107,12.0,82.9,0.0,0,0,1,0.472,train,0.575,train,0,0,0,0,7.621951219512191,7.621951219512191,3.6363636363636376,2.7272727272727337,1.21212121212122,-6.969696969696971,6.969696969696959,-0.3030303030302939,5,-8,-0.17497139996576305,-0.3722093117618017,0.0012546631025723344,0.0011038164133696333,0.052019452381425586,0.014878663456118341,0.03396874147986815,0.060724984950029544,-0.052769219015381695,1.5474582468256033,1.6680730131259822,-0.12061476630037893,1.438668640582417,0.00011192114862272764,-0.3109841535470807,-0.20000340363672284,0.5255714530100726,0.318181818181818,0.5611510791366905,-15.463917525773196,-19.60784313725491,21.186780191790874,0.3125,0.5106382978723404,0.7167940625794651,69,0.34285714285714286,0.5483769303498267,1.0,0.0,0.0,0,-5.498231009935573,-4.519474751922603,-2.8741836663927267,-6.731491477739004
sz000058,2024-11-04,1.0,1.1537949639953033,1.0,-9.999999999999998,83.07964033306735,437.0,42.7,0.0,0,0,0,0.7647058823529411,train,0.0925925925925925,train,1,0,0,0,15.937149270482598,24.691358024691358,1.3468013468013407,6.846240179573515,5.723905723905731,-3.8159371492704763,12.121212121212132,-1.122334455667784,5,8,-0.08342681457272182,-0.04574200891977328,-0.00974154418808262,-0.037296075955888394,-0.010616485599962193,-0.014775128627262026,-0.04063584009434939,-0.0032490050729818646,-0.044875942582558906,1.2880186632757245,1.6210310541815622,-0.3330123909058378,2.1626502607448925,0.00042235392174973756,-0.5645566799925309,-0.7439863873136012,0.27831738253774735,0.5116822429906542,0.5116822429906542,-18.999999999999993,-24.68300929839391,64.11841488672951,0.10416666666666667,0.4186046511627907,0.9732038813437599,133,0.23563218390804597,0.7985452245414295,0.0,0.0,0.0,1,-0.4764170039836757,0.7680208727800952,-0.48925914107991186,-1.935016450452598
sz000059,2024-10-24,1.0,0.3261140067878018,0.4499999999999999,1.2396694214876103,78.31147059331288,260.0,49.1,0.0,0,1,0,0.2938144329896907,train,0.1388888888888889,train,0,0,0,0,14.84375,14.84375,6.930693069306937,5.940594059405946,6.336633663366342,5.5445544554455495,12.871287128712883,0.0,5,8,-0.09112922339522718,0.06911285724654657,0.12286240399903442,0.05412854968984246,0.005443128673567531,-0.08654022103638179,0.03098588493867699,-0.035587935175663964,-0.16869275559840793,1.3922512888092173,1.438531602430465,-0.04628031362124774,1.4501110851920143,3.935884494799716e-05,0.0031893542593236413,-0.1428709087814642,1.0063991175715299,1.0,0.0,3.6437246963562764,-3.396226415094339,35.30169569923796,0.375,0.4489795918367347,0.5893285003206205,82,0.31092436974789917,0.41616671929270604,0.0,0.0,0.0,1,6.466434839094926,5.678473230879644,3.7118128540365003,6.963942926538169
sz000088,2024-11-26,1.0,2.448121279527541,0.6666666666666666,0.0,85.37377966248118,95.0,64.5,0.0,0,0,0,0.1929824561403508,train,0.1764705882352941,train,0,0,0,0,4.166666666666674,4.166666666666674,0.6036217303823088,3.2193158953722323,4.8289738430583595,1.6096579476861272,5.633802816901423,-3.621730382293753,5,0,0.21249664829921186,-0.25629222730909346,-0.3213383716382432,-0.11197531424802055,-0.01727603841382552,0.009815425517104485,-0.11557971822329613,-0.016895116020167834,-0.001693280342229672,2.140813352155385,1.6063124213303157,0.5345009308250692,3.6190566631564556,8.912245442014454e-05,-0.010104534410578224,-0.12675586403835923,0.9799930916724882,0.7307692307692304,0.5384615384615384,-1.3698630136986356,-4.9056603773584895,32.150452200590465,0.375,0.3684210526315789,0.929011228056842,86,0.4068965517241379,0.34080859128237523,0.0,0.0,0.0,0,-2.425905236898618,-4.14584505966924,-3.4375217506579014,-4.719947975002315
sz000096,2025-05-13,1.0,0.44599130630232825,0.6363636363636361,0.9994121105232123,78.85986605151578,167.0,53.1,0.0,0,0,0,0.3605442176870748,train,0.5,train,0,0,0,0,8.720271800679491,8.720271800679491,-4.081632653061218,-3.287981859410438,-3.6281179138322073,5.158730158730163,7.993197278911568,-6.462585034013612,-5,0,-0.04289308175300533,-0.0447630153812885,-0.21679796296501633,0.00838336585949112,0.05962823196076697,-0.08423337298808056,0.01312939755628908,0.13551262259536848,-0.1256186635781155,1.5448672493158346,1.5249869987680553,0.01988025054777931,1.8803598352855122,3.545674521158389e-05,-0.2233055686018195,-0.012032798015630938,0.6349144901595646,0.4504504504504507,0.5405940594059406,-6.461864406779661,-8.592132505175986,27.849964661689242,0.375,0.3333333333333333,0.683087472026825,44,0.38028169014084506,0.404739336492891,0.0,0.0,0.0,1,0.7879454990913359,0.720071365884678,2.3031357088213023,3.8185334622896416
sz000099,2024-11-22,1.0,0.6811880694400148,0.8660714285714297,-1.1912865895166713,79.5735069483698,44.0,68.1,0.0,0,0,0,0.3605442176870748,train,0.1764705882352941,train,0,0,0,0,0.8119079837618504,0.8119079837618504,-0.24492652204337606,-3.4639608117564724,-0.5248425472358265,-5.388383484954506,4.26871938418476,-8.292512246326089,-5,-8,-0.23358306965617945,-0.1924226601088087,-0.2267060852680825,-0.02424311536619875,-0.027302648586654696,-0.004141321240802403,-0.09202183193520606,0.02363692943675229,-0.02737195372940706,1.5377009696250175,1.6606781960501518,-0.12297722642513431,2.2314628379360255,0.00018186899644719487,-0.5539571358879698,0.29972288273644343,0.28703678744468725,0.6842105263157893,0.7828220858895704,-10.694864048338381,-12.388855957320699,16.291359296854175,0.2708333333333333,0.3877551020408163,0.8698860558038255,65,0.5255474452554745,0.08309636650868879,0.0,0.0,0.0,0,-1.5512889484546988,-2.9409770985264205,-2.5985461511737973,-3.0329868694342066
sz000151,2024-09-06,1.0,0.463347359710016,0.9285714285714277,-0.11001100110010764,86.8715242342837,97.0,65.2,0.0,1,0,0,0.9047619047619048,train,1.0,train,1,0,1,1,48.12433011789925,99.67845659163986,7.098121085594977,3.235908141962418,5.323590814196244,16.179540709812112,16.179540709812112,-2.087682672233815,5,8,3.2053995690107215,-0.19359287487341306,-0.26949995029998003,0.3831683820994558,0.02791812948109846,0.03369008934915927,0.3079177275054615,-0.0066383288324948055,0.015877648860313377,1.5489248543041123,1.8020716025925745,-0.2531467482884622,1.6850772910188017,2.625653018137489e-06,-0.6103445535886671,-0.005741325592571108,0.2419702327324809,0.0,0.0,,-6.513026052104209,29.04718282532918,0.3125,0.5227272727272727,0.7741925550679826,28,0.5087719298245614,0.12306232204998419,0.0,0.0,0.0,0,-2.615749463825068,-2.1913665246108383,-2.7122816864278754,-2.6819731856463247
sz000151,2024-10-11,2.0,0.4823847726937902,1.4186046511627894,0.8573655494933607,81.53212671345817,211.0,46.3,0.0,0,0,0,0.4677419354838709,train,0.4,train,1,0,1,1,48.09220985691574,50.23847376788553,5.4119547657512035,-1.7770597738287597,-1.7770597738287597,16.96284329563813,20.19386106623586,-4.604200323101781,5,8,-0.15389132790373908,-0.12842577223934498,-0.09880063080916304,-0.002293193934990141,-0.06505871547190349,0.009161664756150004,0.0557955119329891,-0.09570440978407552,0.017322019353712217,1.4186839442155847,1.5492593756632393,-0.1305754314476546,1.659914854823325,0.005535448705017867,0.3630279990125288,0.0030539158945293806,2.1398554361879065,0.0,0.0,,-8.972503617945005,40.20652517647603,0.3541666666666667,0.08163265306122448,0.7439171667390713,30,0.4117647058823529,0.1018020866266203,0.0,0.0,0.0,1,5.45741323447162,5.174259952427529,4.9540418516704765,11.423133354067128
sz000151,2024-11-26,3.0,0.2804781346732384,0.6140350877192976,-1.715265866209248,76.91109155565722,68.0,68.6,0.0,0,0,0,0.1929824561403508,train,0.0,train,0,0,0,0,-1.0644257703081306,-1.0644257703081306,-5.470588235294116,-0.47058823529411153,-5.705882352941172,-2.8235294117647136,1.17647058823529,-7.705882352941185,-5,-8,-0.6148698451851692,-0.2234805727863287,-0.050296958809182314,-0.13017741160839486,-0.0033348949554362693,-0.12115515785222121,-0.22332632136716535,0.020880213697780925,-0.2148355052126656,1.3591604267002744,1.5962009931030474,-0.23704056640277305,1.6696020820909605,4.4011792379061144e-05,-0.5073521082874984,-0.20029103928602462,0.32683000143357244,1.0,1.0,2.0583190394511286,-5.555555555555536,17.22709817851761,0.2916666666666667,0.5416666666666666,0.7245475867220672,86,0.4068965517241379,0.34080859128237523,0.0,0.0,0.0,0,-2.425905236898618,-4.14584505966924,-3.4375217506579014,-4.719947975002315
sz000151,2025-07-11,4.0,0.46695337475618914,0.5899280575539568,-0.4542013626040897,81.96140065906606,57.0,73.4,0.0,0,0,0,0.2571428571428571,train,0.0895522388059701,train,0,0,0,0,1.391941391941387,1.391941391941387,-1.7024426350851218,-4.293116210214654,-4.071058475203548,-3.478904515173953,2.4426350851221246,-5.255366395262762,-5,0,-0.21714912972606187,-0.7267351031694649,-0.674764563866502,-0.06908229754675817,-0.011369375719681675,7.976902627158453e-05,-0.07380937052544058,-0.04968096918442206,0.006391396369203067,1.4153563493343513,1.7160335865359837,-0.3006772372016324,1.5529509020460779,0.009537523878925858,-0.22241869425915078,0.06313117095426118,0.6361006334348509,1.0,0.5941558441558442,2.8636021100226117,-5.666897028334484,23.25072617205342,0.3958333333333333,0.3958333333333333,0.7450894658602558,51,0.32894736842105265,0.5072463768115942,0.0,0.0,0.0,1,2.3589743703483324,1.9562711268491961,0.8187326644339743,2.358871996267564
sz000153,2025-07-02,1.0,0.2764320468629774,1.5384615384615377,1.178203240058906,76.84665885504585,398.0,34.7,0.0,0,0,0,0.3605442176870748,train,0.2,train,1,0,0,0,17.956204379562045,17.956204379562045,-1.179941002949858,-2.6548672566371723,-3.244837758112107,-0.2949852507374673,1.0324483775811188,-3.687315634218291,0,0,0.12166691998084772,-0.1543227296249379,-0.23560570510691325,-0.007772504384051106,0.04897694435225348,0.002617260581505342,-0.04811324921463861,0.0032557637478373837,-0.07979082589872524,1.2565321398147193,1.244511318503299,0.012020821311420349,1.3399949901371004,0.003914465023831571,0.6660660651552623,0.3332831189922338,4.9892086167579786,1.0,1.0,0.8836524300441795,-8.053691275167797,15.885641887810968,0.4375,0.3673469387755102,0.5468293236927078,51,0.33766233766233766,0.44752600063031833,0.0,0.0,0.0,1,0.5309023662449563,0.5185044897419999,-0.4136622766558795,-0.2195694947575877
sz000155,2024-12-04,1.0,0.5961781729609006,1.5357142857142871,0.07587253414262918,80.93847756127045,323.0,38.5,0.0,0,0,0,0.2938144329896907,train,0.1388888888888889,train,0,0,0,0,-1.449275362318836,-1.449275362318836,-2.124311565696313,-2.4390243902439046,-4.012588512981918,-6.530291109362707,1.6522423288748866,-5.42879622344612,-5,0,-0.12192452105468905,-0.10377963980909513,-0.12571589235454386,-0.07636018065522877,0.02598266150501866,-0.010303879477410094,-0.11109403876901104,0.06182502120336876,-0.07450303514403224,1.4547532351275998,1.5715352096183854,-0.11678197449078564,1.9025102596525878,0.0020391014397435044,-0.4302848759333542,0.07723218220575974,0.39832283320123174,0.9709543568464729,0.9709543568464729,-0.531107738998482,-8.958333333333336,15.09933436870445,0.375,0.4489795918367347,0.7504902495343359,79,0.4148148148148148,0.1925387290546949,0.0,0.0,0.0,0,1.4101314541953291,1.2805083424853203,0.6017873304597687,0.20939608983328029
sz000158,2024-09-06,1.0,0.5979527289139696,0.509090909090908,0.0,83.58653851426239,125.0,61.9,0.0,0,0,0,0.2938144329896907,train,0.5208333333333335,train,1,0,1,1,189.32432432432432,438.91891891891896,-1.253481894150421,9.610027855153213,15.598885793871876,52.924791086351,80.77994428969362,-6.685236768802227,5,8,-0.1349225932676937,-0.13200083658980696,-0.049915057605216785,-0.056007362603975555,-0.0355074574920524,-0.12212363397869475,-0.1220295063537844,-0.07244539394785433,-0.16768549347623307,1.4438865070820746,1.600791914911811,-0.1569054078297365,1.5604030182589097,0.0003325961081044324,0.2018783773835827,-0.0778600725109979,1.5058837441887145,0.0,0.0,,-6.447534766118834,21.107416360756545,0.3541666666666667,0.4897959183673469,0.7983623409986689,28,0.5087719298245614,0.12306232204998419,0.0,0.0,0.0,0,-2.615749463825068,-2.1913665246108383,-2.7122816864278754,-2.6819731856463247
sz000301,2024-11-15,1.0,0.6285336690012445,0.8793103448275857,1.0266940451745254,77.07008079146314,90.0,61.5,0.0,0,1,0,0.2571428571428571,train,0.0895522388059701,train,0,0,0,0,0.0,0.0,-9.738955823293182,-8.032128514056236,-11.94779116465865,-4.216867469879537,0.0,-12.449799196787147,-5,-8,-0.21848453254973157,0.051792891301655014,-0.01789712293166794,-0.0213119818557516,0.017797681939348834,-0.011378885669826304,-0.03535912468570544,0.032229370960277975,-0.0686845265074804,1.3394018089637878,1.403787218905283,-0.06438540994149511,1.6824094579328837,0.002413504862758034,0.21708166964109882,0.07819336465383069,1.5545448643195912,1.0,1.0,2.2587268993840004,-4.871060171919773,13.410584982415392,0.375,0.24489795918367346,0.7488565954363547,55,0.35294117647058826,0.1636650868878357,0.0,0.0,0.0,0,-4.633402789176477,-4.788497126129676,-3.294703983653191,-3.3583367788935004
sz000402,2024-10-24,1.0,0.37501420163608634,0.9,-1.2307692307692353,78.03498195110754,374.0,39.5,0.0,0,0,1,0.3461538461538461,train,0.4444444444444444,train,1,0,1,1,45.820433436532504,45.820433436532504,1.8575851393188847,0.6191950464396356,10.526315789473673,36.8421052631579,36.8421052631579,0.0,5,8,-0.16377568385684854,-0.25286206787276666,0.0580134838085584,0.01990427956814006,-0.09896036802925118,0.01697797231270773,-0.040798333937057306,-0.12933751636320348,0.02240762413565486,1.4464414388545181,1.5027479003450952,-0.05630646149057705,1.7200380913035198,0.00037765210451818623,0.1698360221451274,0.2625969125862048,1.4091625911882621,0.11428571428571435,0.0,-16.10389610389611,-16.10389610389611,16.041901354278583,0.4791666666666667,0.5208333333333334,0.5578826051740937,82,0.31092436974789917,0.41616671929270604,0.0,0.0,1.0,1,6.466434839094926,5.678473230879644,3.7118128540365003,6.963942926538169
sz000402,2025-10-17,2.0,0.574005870279542,1.133333333333333,-0.33333333333332993,83.91195750403664,156.0,50.9,0.0,1,0,0,0.2938144329896907,valid,0.5208333333333335,valid,0,0,0,0,7.973421926910307,7.973421926910307,0.33003300330034513,6.270627062706291,1.650165016501659,-0.3300330033003229,7.26072607260726,-1.3201320132013028,5,0,0.06624463436726441,-0.11746026012668612,-0.13658660455227528,0.0521545917983495,0.010328922896534084,-0.020013885077670338,-0.09021146969073972,0.009098763622244174,0.029737526171575265,1.4879640201083726,1.5940410436342103,-0.1060770235258377,1.5333137124690548,5.527772523971468e-05,0.1848060520625619,0.18364555490860557,1.4534038863515821,0.08108108108108053,0.24444444444444408,-10.149253731343288,-12.753623188405804,30.465468962363037,0.375,0.6808510638297872,0.7292377641119009,33,0.35294117647058826,0.12720403022670027,0.0,0.0,0.0,0,-4.623710088325572,-5.165536956362271,-2.2222934109761616,-5.714016176151693
sz000417,2024-10-21,1.0,1.3064777200293212,0.4193548387096764,-0.2057613168724437,84.71050526123184,189.0,62.7,0.0,0,0,0,0.2571428571428571,train,0.288135593220339,train,0,0,0,1,13.017751479289942,47.53451676528599,2.4144869215291687,2.6156941649899457,11.87122736418511,5.633802816901423,13.480885311871216,-1.4084507042253391,5,8,-0.1982053506572202,-0.254885540570714,-0.07513907332949493,-0.047816151579266275,-0.02480277531383146,0.08696502007732315,0.042379535468795936,0.0126351806789816,0.08117072565476378,1.6849987486965852,1.4396547702301727,0.24534397846641243,2.1106776806291054,0.0,-0.8059316024715698,-0.23224166519747516,0.10746165428570566,0.6521739130434786,0.0,,-7.650273224043714,30.561098975484988,0.4791666666666667,0.6444444444444445,0.7380362579823474,99,0.32653061224489793,0.5778339122197663,0.0,0.0,0.0,1,4.35942706416943,1.713077371462579,-0.6600035381945313,2.548590681185847
sz000419,2025-06-25,1.0,0.3318395848218959,0.5714285714285721,1.610017889087656,80.11429211101826,88.0,73.0,0.0,0,0,0,0.1929824561403508,train,0.0925925925925925,train,0,0,0,0,3.958691910499157,15.3184165232358,-1.2089810017271163,-1.7271157167530138,-0.5181347150259086,0.3454231433505983,0.5181347150259086,-3.2815198618307506,0,0,0.004589196110281688,-0.2885468058820822,-0.23611608740108958,-0.11779292704275848,-0.031070099091472347,-0.03360066191274972,-0.08653779170023837,-0.16936212931056774,0.0033573631041952773,1.6389733694224726,1.6710030708464128,-0.03202970142394013,1.5534919604563935,8.146789541193482e-05,-0.11018683406809787,0.005531813296942547,0.8014985753986358,1.0,0.5728155339805823,1.043478260869568,-4.440789473684214,26.805572278373678,0.375,0.7272727272727273,0.8324887624360185,54,0.31645569620253167,0.7156801007556675,0.0,0.0,0.0,1,2.2945191156520384,2.0307015572955445,2.196026870705703,3.5850768807131006
sz000420,2025-02-19,1.0,0.5944614343858805,0.5882352941176479,-0.28901734104045396,79.30486119828393,16.0,87.3,0.0,0,1,0,0.4677419354838709,train,0.4,train,1,0,0,0,17.746478873239436,17.746478873239436,2.259887005649719,7.34463276836157,7.062146892655363,9.322033898305083,18.07909604519773,-1.6949152542372947,5,8,-0.0028868659449482427,0.030066902284544398,-0.09905633316137219,-0.021384512273501948,0.06899348842694926,-0.031979590764838854,0.034819925861621456,0.10346476756844036,-0.026612025578763104,1.4862828876591976,1.476094912706467,0.010187974952730494,1.4574202989014453,0.0,-0.10726393310419866,-0.16050032541656542,0.8062540828843116,0.7894736842105261,0.8709677419354838,-1.1142061281337101,-2.73972602739726,26.065045363050324,0.4791666666666667,0.3541666666666667,0.657963646866394,93,0.2184873949579832,0.7981072555205048,0.0,0.0,0.0,1,0.06234753729454923,0.0564326761489653,0.5178371471626031,1.6070513944185683
sz000420,2025-04-30,2.0,0.356957609961996,0.5789473684210521,0.0,78.56284505844161,159.0,61.3,0.0,0,0,1,0.3605442176870748,train,0.4,train,1,1,1,1,41.71270718232043,41.71270718232043,2.754820936639124,2.4793388429752206,4.958677685950419,38.84297520661158,38.84297520661158,-0.8264462809917328,5,8,-0.06991727091182502,-0.27532223591562205,0.07283111057223851,0.03746562397850236,-0.0202367164641491,0.09868137504722298,0.03709622864859702,-0.02318164742011187,0.1055472739687989,1.4243522717878205,1.5619374509198234,-0.13758517913200285,1.348504281055583,0.000115096985275622,-0.09122432008121001,0.0822277863630727,0.8328037262321628,0.5957446808510641,0.3888888888888894,-4.986876640419946,-5.483028720626626,29.23525323486601,0.375,0.5652173913043478,0.5673550004613878,63,0.3076923076923077,0.5486331849968213,0.0,0.0,0.0,1,-0.5759197971227259,-0.055436174600853594,-0.4307474665703914,-0.058127529131091205
sz000421,2024-09-02,1.0,0.45282147707820386,0.6410256410256401,0.0,83.58505868856433,51.0,69.3,0.0,0,0,0,0.2571428571428571,train,0.5208333333333335,train,0,0,1,1,30.801687763713083,30.801687763713083,-0.4264392324093924,0.0,-1.7057569296375252,-3.6247334754797578,4.690831556503183,-2.9850746268656803,-5,0,0.10032846928013953,-0.3585306158331934,0.23501160606658422,-0.10142279206584912,-0.011432931917715933,-0.025741205728103293,-0.14264325019242843,0.03169798657126909,-0.04214278046814797,1.4481727628868812,1.4907502065920366,-0.04257744370515537,1.3997151195197417,2.0254199486380102e-05,-0.18915780193511447,-0.07623705692829026,0.6818625726084488,0.0,0.0,,-5.010020040080166,35.51933156902282,0.4791666666666667,0.3953488372093023,0.714723765211444,0,,0.0,0.0,0.0,0.0,0,0.4347876184966015,0.055536980635806366,-1.7812312296367927,-0.540959629184945
sz000421,2024-11-05,2.0,0.8401986732904695,0.5806451612903224,0.8976660682226134,78.33405487390748,377.0,50.0,0.0,0,0,0,0.2938144329896907,train,0.1764705882352941,train,1,0,1,1,41.63822525597269,48.122866894197934,2.23752151462997,3.6144578313253017,6.712564543889865,3.4423407917383964,15.146299483648896,-1.03270223752151,5,8,-0.03776112223627057,-0.11166469173592734,-0.07327498559197877,0.00012055787424445507,-0.01956839864778199,-0.05407843194141477,-0.04898603990460932,-0.12749056305121242,0.01419520214974274,1.386822456133011,1.5578285314439222,-0.17100607531091128,1.4976462021800896,7.957667360862337e-05,-0.07323988736600336,-0.09447127429387975,0.8635162777154096,0.986301369863014,0.9350649350649354,-0.8460236886632777,-2.980132450331119,13.108658259435854,0.3125,0.4888888888888889,0.7292770860257959,151,0.2524752475247525,0.9310998735777497,0.0,0.0,0.0,1,4.724492467741936,5.151666694594859,3.0556490529471736,5.168529840870284
sz000421,2024-11-29,3.0,0.39835499036692873,0.9130434782608695,-4.392764857881137,77.49275488298495,280.0,53.0,0.0,0,0,0,0.472,train,0.1388888888888889,train,1,0,0,0,16.353887399463794,16.353887399463794,3.797468354430378,6.469760900140642,1.4064697609001309,-1.828410689170179,22.08157524613219,-1.2658227848101333,5,8,-0.04941961192834822,-0.10880960138475838,0.030672445646924316,-0.007415664049036787,-0.038884293952504444,-0.015622026671058624,-0.032725340083619076,-0.10880238344021478,-0.07894504825929122,1.4531989143932111,1.4577240192549676,-0.0045251048617565015,1.679934261546816,0.0031033456352004044,0.22274088207501097,0.14569493589120577,1.57314446865455,0.8709677419354838,0.8923076923076922,-3.6175710594315236,-10.120481927710856,13.558912470980264,0.4166666666666667,0.2653061224489796,0.6180133296381952,111,0.22377622377622378,0.7738471257106759,0.0,0.0,0.0,0,2.630622840784258,1.7684948662280542,1.316302726009,2.226141703560791
sz000421,2025-05-16,4.0,0.6128458299633284,0.7812499999999993,-0.16286644951140072,79.68842540952649,194.0,55.8,0.0,0,0,0,0.2938144329896907,train,0.0925925925925925,train,0,0,0,0,10.662358642972514,14.701130856219692,-3.081664098613257,1.0785824345146189,-3.3898305084745894,0.0,5.546995377503849,-4.314329738058554,5,0,-0.28808393638158575,-0.26630407865090133,0.014092428613310918,0.05223608957934476,-0.028438297466210988,-0.04103466594197732,0.03585520398925584,-0.07304457990183347,-0.17595028965420428,1.3070123799477746,1.5872933748086657,-0.2802809948608911,1.343973353171323,0.00013040626265105695,-0.19466911252474234,-0.13344544837934785,0.6741037154407713,1.0,0.8602150537634411,0.32414910858995505,-3.881987577639756,13.480598832931054,0.3541666666666667,0.6590909090909091,0.7487260917655828,53,0.39080459770114945,0.5245020550110654,0.0,0.0,0.0,1,-0.22961217373977938,-0.10265090626117024,1.1161480008380353,1.3758103510093322
sz000430,2024-09-27,1.0,0.7194482395898169,0.5769230769230771,0.0,78.60385556927687,85.0,79.7,0.0,0,0,0,0.3605442176870748,train,0.2,train,1,0,0,0,18.571428571428573,18.571428571428573,10.000000000000009,-5.285714285714283,-11.285714285714288,-13.142857142857146,18.571428571428573,-12.0,5,8,0.1943259926627688,-1.259661967471013,-0.1396715092534922,-0.03392429484968012,0.026783276967612093,-0.019542390864861203,-0.031810398990641774,-0.10110796785252471,-0.06087568661600399,1.5354085170322076,1.4098995255916218,0.1255089914405858,2.168276290820163,0.00025991095455311604,-0.035803594263304296,-0.2799579021800345,0.9308679860514117,1.0,0.0,3.2448377581120846,-4.109589041095885,28.768700719228356,0.5208333333333334,0.40425531914893614,0.6825119815836587,123,0.3910891089108911,0.9636880328386486,0.0,0.0,0.0,1,15.080237492141846,15.633937572466227,15.70219918797262,22.705317216442488
sz000501,2025-02-17,1.0,0.5991888435198711,0.5762711864406779,0.0,78.20611508184842,117.0,67.4,0.0,0,0,1,0.1929824561403508,train,0.2,train,0,0,0,0,2.8604118993134975,28.718535469107543,-3.4924330616996624,-1.3969732246798539,-2.0954598370197863,-0.2328288707799664,4.540162980209561,-3.725261932479629,0,0,-0.07663106349396755,-0.10421987228572299,0.008353191214033242,-0.06598236560194307,0.012672864372497879,0.03135795254189709,-0.12809375384630353,-0.0041330308324738245,-0.11976632405039428,1.366773510239002,1.3646159110324656,0.0021575992065363536,1.4924986826551578,0.00025380297049326205,-0.02483879045368969,0.2077968713838749,0.9515264436025227,0.7380952380952378,0.21453287197231863,-2.455357142857151,-4.061470911086706,18.509860162467415,0.4166666666666667,0.7021276595744681,0.67967549648621,91,0.38513513513513514,0.6534216335540839,0.0,0.0,0.0,1,1.1435176137702951,1.0217929847562202,1.187792000629151,1.957001510204326
sz000504,2024-09-26,1.0,0.6063451640143773,0.3888888888888901,-1.216216216216226,75.34609324809011,309.0,56.3,0.0,0,1,0,0.472,train,0.4444444444444444,train,0,0,1,1,44.44444444444444,50.66137566137567,3.289473684210531,20.52631578947368,8.421052631578952,10.526315789473696,22.894736842105257,-1.1842105263157876,5,8,0.16706345017230503,1.069996784173702,-0.3015149208534488,-0.010159859910627327,0.053056339427958586,-0.06941653287932861,-0.03832616915985396,0.0029419543891307082,-0.055200765744779653,1.4472683108956668,1.4337416615456438,0.013526649350023012,1.4628920594202677,0.0002877138449958746,-0.12699202810317875,0.028393362132788424,0.7746354456172739,0.637254901960784,0.0,-4.6658259773013855,-12.50000000000001,14.961729405443615,0.4791666666666667,0.5263157894736842,0.6081286712318702,134,0.18292682926829268,0.959583201768235,0.0,0.0,0.0,1,8.742380486907253,9.24233616012977,10.928685809110327,10.842065348924756
sz000504,2025-01-15,2.0,0.3541093061519222,0.3636363636363603,-0.9216589861751112,68.63466427480995,381.0,37.4,0.0,0,0,0,0.1929824561403508,train,0.0895522388059701,train,0,0,0,0,10.135135135135108,25.450450450450447,1.1261261261261257,3.490990990990972,1.6891891891891664,2.1396396396396344,8.783783783783772,-0.563063063063074,5,8,-0.12575254682949755,-0.13531019842844008,0.013850696504330181,-0.041401995569024484,0.0,-0.0038837749861492165,-0.14157650799308028,0.032507684660778365,0.013997995203914254,1.5207494907459989,1.3600660662750341,0.16068342447096473,1.661153877386317,0.0,0.5466678845623419,0.27300804696377495,3.4117765582726265,1.0,0.0,,-1.7699115044247593,21.087043800620034,0.5416666666666666,0.6086956521739131,0.4109006723080195,60,0.3684210526315789,0.3446969696969697,0.0,0.0,0.0,0,2.0098204816990872,1.1145645035239848,0.17973906101349524,1.4682708869019567
sz000504,2025-03-03,3.0,0.7181739583282908,0.7605633802816899,-0.10604453870625141,79.72380381594449,47.0,75.0,0.0,0,0,0,0.2938144329896907,train,0.1764705882352941,train,0,0,0,0,14.373716632443534,14.373716632443534,4.687500000000022,5.000000000000004,11.875000000000014,6.562500000000004,16.041666666666686,0.0,5,8,0.029466837406442608,-0.29555991258446407,0.09107430263952812,-0.012576073090274741,0.021379455267253687,-0.06505338717164266,0.012170702206400404,-0.11218363196458521,0.007327082206045367,1.5606613908258555,1.5512137907715642,0.00944760005429135,2.039072894986555,4.676123000962488e-05,-0.08724748703902821,-0.0732726542269331,0.8395075857537552,1.0,1.0,1.0373443983402453,-5.252918287937735,23.452472072727904,0.4791666666666667,0.6,0.7549987354340898,57,0.3870967741935484,0.5528891695610988,0.0,0.0,1.0,1,-2.9448160267362966,-2.633649480320266,-2.046571633357519,-3.0764249976425684
sz000505,2024-10-14,1.0,0.3943467626789791,0.3870967741935464,0.6230529595015577,71.62540464226946,119.0,70.3,0.0,1,0,0,0.3461538461538461,train,0.4,train,0,0,0,0,4.606240713224352,13.67013372956909,1.21765601217656,-4.109589041095896,-3.0441400304414,1.21765601217656,4.26179604261796,-6.849315068493156,-5,0,0.04893732336798936,-0.2023353302670212,-0.1502638186589286,0.0015196733273519082,-0.1354932639143252,0.03743346204560491,0.021921979809445744,-0.10094827173740417,0.017138920969500496,1.7613234923038583,1.7660916896362997,-0.004768197332441382,1.6655993928233543,0.00012803045937193386,-0.3307664760965422,-0.10646360594008392,0.5028932843773467,0.0,0.0,,-7.300275482093655,22.059910767870015,0.4166666666666667,0.4772727272727273,0.4536567956290778,79,0.2403846153846154,0.9187480240278217,0.0,0.0,0.0,1,-1.630273952307315,-2.3517133341818597,-1.4065243029582009,-0.9049525156815674
sz000516,2024-09-11,1.0,0.5545799051200144,1.1666666666666692,-1.9867549668874163,79.93856097172444,58.0,65.6,0.0,0,0,0,0.4677419354838709,train,0.5,train,1,0,1,1,38.7243735763098,49.43052391799545,0.0,-7.640449438202246,-7.191011235955058,11.460674157303362,13.483146067415719,-8.539325842696622,-5,-8,-0.16689468323665727,0.007373455743521508,-0.20007248242792894,-0.012732609182440624,-0.007194968080748601,-0.015271362728556262,0.02712214016457265,-0.03759565134869727,-0.09709855167871272,1.5437346056205385,1.4876908328180192,0.056043772802519376,2.1106247029862226,0.00014263257454001193,0.5239120331453955,0.5999463930928425,3.2009043270165076,0.0,0.0,,-12.024048096192397,20.67553907321094,0.5416666666666666,0.4666666666666667,0.6239145403841042,26,0.3333333333333333,0.2649383496680367,0.0,0.0,0.0,0,-1.4231240926122934,-1.4658875743002509,-2.030493595204852,0.23722541463793156
sz000518,2024-09-02,1.0,8.118991747524754,0.4444444444444444,0.0,82.22630549072574,20.0,75.9,0.0,0,0,0,0.0,train,0.4444444444444444,train,0,0,1,1,23.943661971831,43.1924882629108,2.9850746268656803,1.4925373134328401,3.4825870646766344,-2.487562189054715,6.9651741293532465,-1.990049751243772,5,0,0.11360217447428016,-0.6773752161444102,-0.5113458358571541,-0.08583097964737756,0.030613159572861905,0.0036574392665063293,-0.11914469667312724,0.04824374273167891,0.04124606261937072,3.9560299789007742,1.7726336375831624,2.1833963413176116,9.773811746328082,1.5932079349654607e-06,-0.6670852138172643,-0.46282745238927164,0.19969872171107136,0.0,0.0,,-3.6199095022624417,35.94960114976899,0.3958333333333333,0.4722222222222222,0.9632214878236195,0,,0.0,0.0,0.0,0.0,0,0.4347876184966015,0.055536980635806366,-1.7812312296367927,-0.540959629184945
sz000518,2024-12-05,2.0,1.7430731401829365,0.387755102040817,-1.6172506738544534,82.32339422774369,399.0,41.5,0.0,0,0,0,0.1929824561403508,train,0.0,train,1,0,0,0,0.7894736842105399,0.7894736842105399,-5.785123966942152,-2.203856749311295,-1.6528925619834767,-10.743801652892548,5.509641873278248,-11.019283746556475,-5,-8,-1.002060958732128,-0.09069775322668083,-0.4401914154328294,-0.3357682773462332,-0.1114948936659531,0.052430352530779066,-0.41923450397187817,-0.0999703380622079,0.02622325448395251,1.681186482179166,1.3423911609653612,0.33879532121380485,2.705155112049311,2.900749888052281e-06,0.02574987812160417,0.011344517816562307,1.0528609184507103,1.0,1.0,2.1505376344086002,-4.761904761904767,13.133721496667436,0.5208333333333334,0.5510204081632653,0.7521348915497138,116,0.2108843537414966,0.6707740916271722,0.0,0.0,0.0,1,3.2782239065598295,2.5078068600326464,1.2662869083308381,2.3805805016280823
sz000518,2024-12-25,3.0,1.2206971780033398,0.5000000000000007,-1.2820512820512886,83.34352667467536,107.0,56.1,0.0,0,0,0,0.1929824561403508,train,0.0925925925925925,train,1,0,0,0,7.395498392282951,7.395498392282951,-8.024691358024693,-19.444444444444454,-22.839506172839506,-19.444444444444454,3.0864197530864113,-23.148148148148152,-5,-8,-0.10355013887707606,-0.28614225726271053,-0.30964845389639284,-0.16979602279702063,0.019831300182057806,-0.010683575332075503,-0.24161555930768785,-0.021984732987030603,-0.10095222788489229,1.6488379389261623,1.701871536993242,-0.053033598067079746,2.6149528087417897,0.00034403424690883377,-0.26924103434851954,0.01718930941572667,0.5757448316556886,0.06756756756756735,0.56875,-18.157894736842106,-22.05513784461154,17.663210780973863,0.375,0.5652173913043478,0.7377104926915026,31,0.41509433962264153,0.1920278392913635,0.0,0.0,0.0,0,-1.6330416480648813,-0.8206902667557303,1.1095971729297327,-0.03820379410494068
sz000518,2025-04-03,4.0,0.6374805704976617,0.5882352941176463,-0.3906250000000111,78.93203285153425,22.0,82.0,0.0,0,0,0,0.1929824561403508,train,0.0,train,0,0,0,0,-9.615384615384615,-9.615384615384615,0.0,-10.256410256410241,-4.273504273504258,-8.547008547008538,0.42735042735044804,-17.948717948717952,-5,-8,-5.293422566693465,-0.03264419430390115,-0.15769998918410655,-0.07929450593342373,-0.1316015110666504,0.014680602393578332,-0.03909017332534502,-0.1277179917116418,0.028612959603809957,1.548740694748229,1.7686069343345023,-0.21986623958627338,1.802426853953542,0.00012241563104123892,-0.36253996575666925,-0.19594061621026979,0.46784685239623447,0.7457627118644069,0.7457627118644069,-5.454545454545457,-9.722222222222221,16.757041530660427,0.2916666666666667,0.5227272727272727,0.6354751587674655,47,0.29850746268656714,0.4509308930261912,0.0,0.0,0.0,0,-1.983158961544873,-1.881582650951641,-1.80317589839335,-3.7151033536928058
sz000520,2024-11-06,1.0,0.7020376147237508,1.702702702702702,-2.5751072961373467,82.5757263820093,548.0,29.4,0.0,0,0,0,0.472,train,0.288135593220339,train,0,0,0,0,4.9284578696343395,4.9284578696343395,0.654664484451728,-3.9279869067103124,-2.127659574468088,-12.765957446808518,8.01963993453354,-9.001636661211144,5,8,-0.3252341637243046,-0.2207692668532315,-0.202754356413959,0.05076859276492379,-0.029472843674895083,0.05268760604737843,0.05229468627116366,-0.03785613105498111,0.1057534576659968,1.4015794317318775,1.431955401685726,-0.030375969953848614,2.142242568308614,0.0003316895220449943,-0.7649335329920602,0.48344598730214877,0.13318714989194852,0.8333333333333333,0.8426966292134831,-10.014306151645213,-16.688741721854306,15.131031529635392,0.4375,0.16326530612244897,0.6894406938584775,117,0.4532710280373832,0.5178515007898894,0.0,0.0,0.0,1,4.549431871947829,4.930734226551192,3.466671253434961,5.313363897228474
sz000520,2025-06-24,2.0,0.38546780766439875,0.6285714285714284,-9.790209790209781,74.31188072388015,609.0,24.5,0.0,0,0,0,0.472,train,0.2,train,0,0,0,0,-0.5671077504725952,-0.5671077504725952,-3.4482758620689613,-2.1072796934865745,-0.7662835249042099,-3.6398467432950055,0.766283524904221,-5.938697318007657,-5,0,0.020863993773968404,-0.26075461015170986,-0.11107136305214596,-0.02142644551522477,-0.017544604998953387,0.05359634400216336,-0.05407876480031977,-0.04071090457646258,0.058276433193541255,1.5710862663120508,1.4282259056993758,0.14286036061267504,1.744765755080368,0.00033114315533792373,0.47896342472190956,0.568245113249505,2.8385021222983227,0.5825242718446602,0.773684210526316,-7.5174825174825095,-11.538461538461542,20.537729765422363,0.6666666666666666,0.5510204081632653,0.4718440906186157,60,0.2857142857142857,0.8708661417322835,0.0,0.0,1.0,1,0.8662032682607457,0.25952578444861096,0.8695686773381839,0.6922776839730194
sz000520,2025-09-23,3.0,0.6425290353955546,0.6923076923076917,-0.44150110375277274,80.66416916710611,4.0,83.7,1.0,0,0,0,0.2938144329896907,train,0.0,train,0,0,0,0,3.1914893617021267,13.617021276595743,1.2958963282937441,-3.0237580993520474,-4.967602591792641,-3.6717062634989195,4.751619870410373,-5.183585313174954,-5,0,-0.5082733754979276,-0.25415833844268326,-0.4880402662028953,-0.052960944115463544,-0.049970543072592105,0.050001417354393854,-0.041417543697938784,-0.040125601631294805,-0.24590217418725593,1.4850560156656978,1.952912643458196,-0.46785662779249826,1.689242375041288,3.004738837326831e-05,-0.582231257158768,-0.39682285457049526,0.26403772580717716,0.6071428571428583,0.28813559322033894,-4.858299595141702,-5.05050505050505,22.58027955536138,0.22916666666666666,0.4444444444444444,0.8135797898123119,42,0.34375,0.2190745986779981,1.0,0.0,0.0,1,-1.0096586572807098,-0.1429441008479304,-0.07867201218957343,0.8912551688679216
sz000523,2024-12-20,1.0,0.3082629276582628,0.9444444444444455,0.29761904761904656,77.49005046750553,116.0,65.7,0.0,0,0,1,0.2938144329896907,train,0.288135593220339,train,0,0,0,0,-0.28901734104045396,-0.28901734104045396,-6.122448979591832,-6.99708454810496,-5.539358600583089,-16.90962099125365,0.5830903790087438,-9.037900874635573,-5,-8,-0.09165918509358897,-0.25691336583164287,0.024877201057680966,-0.024117171534385078,0.0,0.019730725185083724,-0.04220728615547059,0.03427893697184217,-0.015644955055384775,1.3506162649636242,1.449034395994402,-0.0984181310307779,1.3719611424856024,0.0,-0.08545976173576202,-0.017401341720387868,0.8425372091193817,0.5925925925925922,0.747126436781609,-5.978260869565222,-6.486486486486487,15.699594175120255,0.5208333333333334,0.5128205128205128,0.5352714011811885,76,0.2830188679245283,0.5759873617693523,0.0,0.0,0.0,1,-1.309760082485123,-1.1875990683153037,-0.1382265468193089,-1.145147143153824
sz000526,2025-01-27,1.0,0.5400851995991517,0.7892976588628755,0.679117147707986,86.33110419181156,278.0,45.5,0.0,1,0,0,0.472,train,0.5208333333333335,train,0,0,1,0,28.310393925011866,28.310393925011866,6.534883720930229,4.04651162790699,9.372093023255811,16.279069767441868,23.883720930232567,-1.1627906976744207,5,8,0.0450272728300563,-0.04913106963573818,-0.23350506477811517,0.05253572097417089,-0.009323707976273911,-0.05724096261847105,0.07671639864866768,0.03199439248334058,-0.07116770772524234,1.5106578898460905,1.9162532772604997,-0.40559538741440915,1.7057886822237802,9.32559195199593e-05,-0.5422443345569274,-0.10556490236682516,0.2968113775399807,0.39108910891089077,0.0,-5.515695067264581,-6.604609929078009,29.883296099544975,0.2916666666666667,0.575,0.8060748185097082,38,0.3870967741935484,0.4358651118815002,0.0,0.0,0.0,1,-0.5626817280288687,-0.44507350127604983,-0.3289102964417534,-1.943614843858421
sz000531,2025-07-10,1.0,0.6717305647396477,0.8108108108108125,0.4484304932735439,81.08486521497579,22.0,84.2,0.0,0,1,0,0.3605442176870748,train,0.2,train,0,0,0,0,5.873715124816448,5.873715124816448,-2.0378457059679667,-3.493449781659397,-3.2023289665211063,-3.9301310043668214,4.949053857350805,-4.0756914119359555,0,0,0.023845299301852193,0.0073614728929013,0.32618145184867425,-0.10738783335849368,0.06310416415453739,-0.02413174065640416,-0.20992426551809779,0.039877145644638255,-0.09998653628756898,1.440698420448744,1.5848510275584609,-0.14415260710971678,1.5648702064325615,7.347839269063942e-05,-0.6035336582356079,-0.16623748802672614,0.24724541310883982,1.0,1.0,1.7937219730941534,-4.219409282700437,14.040002072222205,0.3125,0.3333333333333333,0.7246186974613579,59,0.2625,0.6145603529782541,0.0,0.0,0.0,1,1.0079354993931533,1.0196516430117653,1.057358498630423,1.1778123296626752
sz000531,2025-07-14,2.0,0.3672966181656763,0.6595744680851059,0.14858841010401136,77.14556970516814,3.0,93.5,1.0,1,0,0,0.472,train,0.2,train,0,0,0,0,-0.28985507246377384,-0.28985507246377384,-3.0701754385964897,-2.777777777777768,-2.631578947368418,-4.970760233918126,0.5847953216374213,-3.9473684210526216,-5,0,0.0073614728929013,0.32618145184867425,-0.04319279706783074,0.06310416415453739,-0.02413174065640416,-0.017588735382385427,0.039877145644638255,-0.09998653628756898,-0.08642672299756313,1.4185049787172805,1.52884282913899,-0.1103378504217094,1.8391111257907584,5.468664753983851e-06,0.08422407639883632,0.03553461626696021,1.1839403597064153,1.0,1.0,1.3215859030837107,-4.299583911234395,18.87600003632443,0.4166666666666667,0.4318181818181818,0.6314391856855764,58,0.275,0.5742199810904507,0.0,1.0,0.0,1,2.1362909839660382,2.0414342363175964,1.3238559532788408,3.1397402048215506
sz000532,2025-02-07,1.0,0.3155984281557694,0.5235294117647044,0.05652911249292014,76.57258057622722,48.0,82.8,0.0,0,0,0,0.4677419354838709,train,0.1764705882352941,train,0,0,0,0,8.58995137763372,8.58995137763372,13.110846245530382,9.594755661501786,0.0,0.0,19.785458879618602,-1.2514898688915421,5,8,0.08790317642792794,-0.030006555358040397,-0.13217859936550022,-0.00722474388772506,-0.017981918742199277,-0.01932863243187124,0.007464219397822743,-0.008388373124339257,-0.09765903123447513,1.478776874720763,1.4839085319968595,-0.005131657276096435,1.6063816358182572,0.012933496038943313,0.46770116053548133,0.04735900917597429,2.757287921221015,1.0,1.0,4.635387224420584,-4.587628865979365,28.874482613242087,0.5,0.40816326530612246,0.5238986081085169,72,0.4,0.7875827292782855,0.0,0.0,0.0,1,5.232799423726009,4.4721007358045295,2.3387194916040466,3.8712798263460746
sz000534,2025-04-11,1.0,0.6437738190884215,0.6666666666666674,-0.9200283085633476,80.29642488920425,151.0,58.5,0.0,0,0,0,0.1929824561403508,train,0.2444444444444444,train,0,0,0,0,13.935574229691872,13.935574229691872,-0.4861111111111094,-2.9861111111111116,-0.694444444444442,4.444444444444429,5.486111111111103,-4.1666666666666625,5,0,0.09421533973653519,-0.223062269390043,-0.03819064347637788,-0.1044962527874352,0.03871865524627025,0.0158153650043453,-0.12657763212818882,0.09954271106695897,-0.008305276622442936,1.5997195575555063,1.5430516982634155,0.05666785929209084,2.079102311666849,0.000936610270394286,-0.22267330846700198,0.13022689457714387,0.6357599255255001,0.23167155425219926,0.318627450980392,-15.502958579881653,-16.831683168316847,17.09841507133244,0.4583333333333333,0.2222222222222222,0.6533174276366168,69,0.34285714285714286,0.5483769303498267,0.0,0.0,0.0,0,-5.498231009935573,-4.519474751922603,-2.8741836663927267,-6.731491477739004
sz000536,2025-10-16,1.0,0.2625671304234757,0.4545454545454534,-0.42553191489362874,75.01226029693025,112.0,57.1,0.0,0,0,0,0.1929824561403508,valid,0.1764705882352941,valid,0,0,0,1,9.205020920502083,38.07531380753137,-2.9598308668076223,1.0570824524312794,0.6342494714587588,2.74841437632134,7.188160676532762,-3.1712473572938715,5,0,-0.48793866200263264,-0.255746808591959,-0.0670164485934777,-0.04321768557760596,0.04978858326705656,-0.049370853028411654,-0.10345372289239334,0.0672363634747281,-0.08305012519657144,1.4535434071355708,1.5633051886284162,-0.10976178149284532,1.4175443419404687,2.590936355125746e-05,-0.3746742004796262,0.12198071727238342,0.45489018365384076,0.2599999999999998,0.262820512820513,-7.18446601941748,-9.811320754716979,28.311951812926416,0.4166666666666667,0.5833333333333334,0.645234286019773,38,0.32142857142857145,0.23573904821935077,0.0,0.0,0.0,0,-3.219313759138398,-4.204427794769017,-1.9335502290910078,-6.878968257617979
sz000545,2024-09-06,1.0,0.3161593812361992,0.9230769230769247,-0.9852216748768461,84.88914305746242,385.0,43.4,0.0,0,0,0,0.472,train,0.55,train,1,0,1,1,27.86069651741294,50.74626865671643,-3.9408866995073843,-2.9556650246305383,-9.85221674876846,-6.4039408866995,0.49261083743843415,-9.85221674876846,-5,-8,-0.4558395311846324,-0.12520515657650225,-0.37247812061248253,0.0,0.0,-0.035212169835915776,-0.12537245880006276,-0.0025142130621028775,-0.16563250562457887,1.4408536810130814,1.5781681955097977,-0.13731451449671628,1.317874048017023,2.0792094464471005e-05,-0.13255978202259042,-0.003673135701131571,0.7659111966948755,0.0,0.0,,-5.633802816901412,34.26701028578587,0.4791666666666667,0.46875,0.6005476059368186,28,0.5087719298245614,0.12306232204998419,0.0,0.0,0.0,0,-2.615749463825068,-2.1913665246108383,-2.7122816864278754,-2.6819731856463247
sz000545,2024-10-23,2.0,0.6967228955557845,0.42857142857142855,0.44642857142855874,81.37914087847864,104.0,67.3,0.0,0,1,1,0.3605442176870748,train,0.575,train,1,0,1,1,31.168831168831158,32.03463203463202,-0.8771929824561431,5.701754385964919,10.087719298245613,22.807017543859654,32.89473684210527,-1.754385964912264,5,8,-0.16029388989784227,0.13788266842242425,2.0501815103734518,-0.03174685473720063,0.06563906336952306,0.11285500527644265,-0.08025647201850085,0.11438213854228148,0.22770700971802466,1.5750068293164594,1.4525897899442919,0.12241703937216752,1.535197149736635,6.32500253502484e-05,0.1640949028808721,-0.20973164784330287,1.3926161078486314,0.5750000000000001,0.0,-6.854838709677413,-10.116731517509725,27.80138513871025,0.3958333333333333,0.29411764705882354,0.6849661588540833,85,0.4178082191780822,0.5669614655716994,0.0,0.0,0.0,1,6.866513719335088,5.773489043217528,3.6961140665139336,8.105719072106577
sz000545,2024-11-14,3.0,0.45143906693482716,1.1428571428571432,-0.7352941176470562,81.57540761567877,30.0,64.9,0.0,0,1,0,0.4677419354838709,train,0.0925925925925925,train,0,0,0,0,13.80597014925371,13.80597014925371,-2.6515151515151603,-4.545454545454552,0.7575757575757569,2.651515151515138,7.196969696969702,-7.57575757575758,-5,0,-0.3635644834895528,0.05495718948174419,-0.15062499376590108,-0.07905367477334228,1.5705662704973098e-05,0.03668391314929945,-0.0782452063554031,-0.052471668347069886,-0.08665938494437334,1.3695236741413093,1.9836736111338569,-0.6141499369925476,1.8179506023474445,0.0,-0.2636138045397211,-0.2769023396025068,0.5827620692451299,0.6829268292682928,0.6976744186046514,-8.843537414965974,-11.551155115511536,14.3964448474197,0.2916666666666667,0.3783783783783784,0.6313936795430124,31,0.5373134328358209,0.09832437559279165,0.0,0.0,0.0,1,-2.05696591188127,-2.5843922515174977,-2.558704749929519,-0.6719359131487579
sz000546,2025-04-14,1.0,0.39303393437530654,0.5925925925925921,1.4563106796116498,77.97530679845386,116.0,67.8,0.0,0,0,1,0.1929824561403508,train,0.2,train,0,0,0,0,3.4965034965035002,18.181818181818187,-0.4672897196261738,-2.570093457943934,-0.23364485981309802,-3.5046728971962704,1.635514018691575,-3.738317757009346,0,0,-0.02768757122581483,-0.22556637990395484,0.06838162317442278,-0.10863687811093237,0.0,0.10578648983743143,-0.14373091439500726,-0.00933006314077693,0.2441674916308797,1.7198054622484942,1.6824920934042704,0.03731336884422376,1.5966700616175544,0.0002442984050294592,-0.12782809584421456,0.20897771404556112,0.7733198945562156,0.2831858407079646,0.2601626016260161,-15.882352941176459,-16.699029126213595,61.52959041536951,0.5625,0.75,0.5926293671209977,94,0.27692307692307694,0.8540353089533418,0.0,0.0,0.0,0,8.043083938635442,6.43279852237737,4.727800760931933,6.955853015325708
sz000551,2025-08-20,1.0,0.3201042240948596,0.5645161290322595,-0.577081615828523,74.19272204110553,169.0,64.4,0.0,0,0,0,0.2938144329896907,train,0.0895522388059701,train,0,0,0,0,0.5551149881046769,0.5551149881046769,-2.852614896988903,-4.83359746434231,-7.448494453248811,-11.410459587955623,0.47543581616482644,-7.448494453248811,-5,-8,-0.1686021054654276,0.21668760654526395,-0.09515947088611183,-0.08488157757676644,-0.15253973031614482,-0.11590202355966346,-0.04183025240066149,-0.26759434449527403,-0.1847406256196574,1.3781942731965815,1.3927308865629906,-0.014536613366409101,1.5775195056242837,0.00010280477288996061,-0.41972443564544554,0.041151427373432255,0.40872408038165897,1.0,0.8286852589641436,2.27088402270883,-2.7006172839506237,17.25037417758147,0.4583333333333333,0.5510204081632653,0.5478900928429006,80,0.22330097087378642,0.7423525701671397,0.0,0.0,1.0,1,3.413306950284456,3.379964572751204,2.270236760356159,4.452197775281053
sz000564,2024-11-01,1.0,0.4116793441934601,0.6999999999999993,0.0,79.49705671755311,19.0,80.2,0.0,0,1,1,0.4677419354838709,train,0.7241379310344828,train,1,1,1,1,68.0,119.0,-1.0101010101010055,20.2020202020202,45.45454545454546,36.86868686868687,69.6969696969697,-3.0303030303030276,5,8,-0.004867505830086107,0.47135392214943567,3.9150143469992256,-0.06487471299009358,0.04617862759665908,0.6419339337511866,-0.07855088535813647,-0.015126685528393207,0.32935927061679604,1.5807862280641063,1.657604401745809,-0.07681817368170263,1.362293134759198,0.00012262769538178307,-0.28346000932948123,-0.11792725895390808,0.5582877420893395,0.846153846153846,0.0,-1.9607843137254943,-14.893617021276595,17.83077173775964,0.3541666666666667,0.46938775510204084,0.5224822333090697,83,0.484472049689441,0.23213156230234028,0.0,0.0,0.0,1,-0.7477386348638038,0.38098087850813034,-1.678302182705016,-5.1435461300810115
sz000564,2025-04-22,2.0,0.49361354966022075,0.5238095238095233,-0.3597122302158251,83.75628335468774,7.0,94.7,1.0,0,0,0,0.2938144329896907,train,0.0925925925925925,train,0,0,0,0,-1.0452961672474004,-1.0452961672474004,-1.4234875444839923,-3.2028469750889577,-2.491103202846967,-5.693950177935947,1.0676156583629748,-5.3380782918149405,-5,-8,-0.10204538790511196,-0.6352051228558041,-0.5406651138897074,-0.14286799307730833,0.037466485626549396,0.16882830836739704,-0.1627809141518267,-0.01038992678685876,0.1936957783710879,1.4302629985691546,1.8098909200496471,-0.3796279214804925,1.384598170005535,1.799439938139411e-05,-0.43553391886471793,-0.42285232613377777,0.3932098529456456,0.6222222222222226,0.42424242424242453,-5.592105263157887,-9.748427672955973,30.516915217411825,0.16666666666666666,0.42857142857142855,0.9289364687119718,71,0.2828282828282828,0.5232080833596463,1.0,0.0,0.0,0,0.5966102362102266,0.3868785089032878,0.6039878180431613,-0.10194263425485905
sz000566,2024-09-20,1.0,0.4756888841143425,1.5454545454545465,-7.272727272727275,78.38020694042923,191.0,51.0,0.0,0,1,0,0.472,train,0.0925925925925925,train,1,0,1,1,37.62626262626263,79.54545454545456,-3.693931398416894,0.79155672823219,3.693931398416894,1.58311345646438,25.065963060686023,-5.54089709762533,-5,8,0.016235922927054933,0.06374777332587758,-0.08392284430867979,-0.10157048464255732,0.002165679373201296,-0.012873865058430798,-0.09961159866669897,-0.058219184191935835,-0.03342852132572879,1.4328714107865144,1.3340463457145013,0.09882506507201305,1.7925930444881684,0.0006920619338301005,0.30224672204631664,0.29805843332970366,1.8663426789845328,0.3975409836065574,0.0,-27.071823204419886,-30.404217926186295,19.859028752229907,0.4166666666666667,0.1875,0.532616271775715,47,0.25396825396825395,0.3309102402022756,0.0,0.0,0.0,0,-0.5049145491671791,-0.36602454468808165,0.46827343731339344,-1.39434104833549
sz000570,2025-03-11,1.0,0.6958606220067465,0.5999999999999989,-0.8389261744966459,82.18892242236197,17.0,84.9,0.0,0,0,0,0.4677419354838709,train,0.2,train,1,0,0,0,10.000000000000009,10.000000000000009,-0.9584664536741117,2.715654952076685,0.6389776357827559,-10.702875399361023,8.94568690095847,-3.194888178913746,5,8,-0.05566555273684543,-0.02936282635528865,-0.0649672691249861,-0.01587218715370617,-0.09969585740365784,-0.03253484622349094,-0.05459147811782502,-0.22316704901837517,-0.09278489745567875,1.4063754993620845,1.463391618370061,-0.05701611900797654,1.5121585187370818,0.00029605070975148915,-0.009739358716933218,0.05792845113179478,0.9807091629481316,1.0,1.0,2.4793388429752206,-4.173106646058722,14.227668472391963,0.3541666666666667,0.4897959183673469,0.6577033411099049,49,0.2898550724637681,0.5920554854981085,0.0,1.0,0.0,1,3.0531262470748333,1.8078593038683977,1.446375969159841,0.6370502826314572
sz000571,2024-10-24,1.0,0.28243044633748193,0.3928571428571436,-0.24154589371979673,73.06827741176967,210.0,53.6,0.0,0,0,0,0.2938144329896907,train,0.0895522388059701,train,0,0,0,0,3.488372093023262,3.488372093023262,0.9237875288683695,-4.157043879907619,-6.6974595842956175,-8.545034642032334,2.771362586605086,-8.314087759815237,-5,-8,-0.0422880344409592,-0.1660636985776618,0.05218017562339822,-0.03188133833840861,-0.07937794179674702,-0.10139956074540685,-0.027051185494442694,-0.11456820165281344,-0.12708998582473585,1.4053749363600834,1.4522075355196629,-0.04683259915957949,1.5321980282368843,3.058475488958115e-06,0.3286665697703509,0.14589517112991382,1.979145548160535,1.0,0.0,3.864734299516903,-2.4943310657596474,17.29076701812445,0.4583333333333333,0.3541666666666667,0.43620333960626567,82,0.31092436974789917,0.41616671929270604,0.0,0.0,0.0,1,6.466434839094926,5.678473230879644,3.7118128540365003,6.963942926538169
sz000573,2025-01-21,1.0,0.3246120701142757,0.7083333333333324,-1.3483146067415852,77.31727194606879,76.0,67.7,0.0,0,0,0,0.4677419354838709,train,0.2,train,1,0,1,0,27.668845315904143,27.668845315904143,-3.124999999999989,11.041666666666682,0.4166666666666874,-11.458333333333325,22.083333333333343,-4.374999999999996,5,8,-0.2612507101984262,-0.09747869667389085,-1.1001830378440594,0.038527414524583435,0.007347286265619251,-0.06538359126414207,0.032560707825171044,0.0198189857732849,-0.0477082995624013,1.4885350018178085,1.5039660348817254,-0.01543103306391691,1.3591553100470135,0.0001353301039127788,0.22253051390524553,0.11923375591334352,1.5724482256481112,0.6099585062240662,0.0,-16.998191681735996,-16.998191681735996,22.90835730056298,0.5,0.5102040816326531,0.526511144557007,41,0.4383561643835616,0.322183654149574,0.0,0.0,0.0,1,1.668697135778019,1.1064193884857243,0.31605483989893823,1.7648655973886873
sz000576,2025-03-25,1.0,0.5597502345172056,1.157894736842104,0.13192612137202797,82.6662046026386,128.0,64.3,0.0,0,0,0,0.2938144329896907,train,0.4444444444444444,train,0,0,0,1,1.1568123393316254,42.41645244215937,-1.2886597938144284,-5.670103092783496,-4.768041237113407,-13.530927835051543,1.4175257731958713,-9.40721649484535,-5,-8,0.004279314548609959,-0.03393647968396182,-0.11842893676460028,-0.03862461249717423,-0.024731246153220417,-0.019538350994044683,-0.11362982593259159,-0.04468330247700785,-0.07036372555108765,1.4955261268679334,1.3796443079971923,0.11588181887074112,1.4258144328056384,0.0,0.27691660455214834,0.33739344965645973,1.7659326885265736,0.37878787878787923,0.7530120481927715,-5.006105006104999,-6.490384615384615,19.24006046562069,0.375,0.5641025641025641,0.8080078131663506,38,0.4722222222222222,0.48391167192429024,0.0,0.0,1.0,0,-4.554832984148661,-3.0383438819201802,-1.882061257279044,-3.7316678902805656
sz000584,2025-03-31,1.0,1.0207540270564457,1.0,-5.172413793103436,92.15158820073592,,,,0,0,0,,,,,1,0,0,0,-2.7272727272727337,-2.7272727272727337,0.0,-9.569377990430617,-18.181818181818176,-18.66028708133971,2.392344497607679,-18.181818181818176,-5,-8,-1.3148139246443473,-5.813001517598808,-17.18214330557626,-0.07746218881517841,0.0,-0.5766103243490178,-0.1018138403863115,-0.6068607667915826,-0.8300593878483326,1.1850976227538903,1.316318137271964,-0.1312205145180736,1.338424736811119,0.0,-1.0,-0.8516518175756939,0.0,0.0,0.0,-25.170068027210878,-28.338762214983703,29.046733991405485,0.3125,0.14893617021276595,0.8061289500163805,29,0.3958333333333333,0.209214263174503,,,,0,-2.1019689949966835,-1.8647232155031501,-1.2082548741519483,-2.2696797312663053
sz000584,2025-04-10,2.0,2.0943433110233305,0.5714285714285707,-3.703703703703709,76.24075086184995,,,,0,0,0,,,,,1,1,1,0,21.604938271604922,21.604938271604922,0.0,10.389610389610393,22.077922077922075,0.0,27.922077922077925,-2.5974025974025983,5,8,-0.3879077923552213,4.420428066481087,4.494341944444148,-0.012520463695421848,0.0,0.0,-0.0911774567729549,0.37620522952477414,0.4165215212543741,1.6109999628914056,1.350302862836531,0.26069710005487456,2.8721649676012824,0.0,-0.08457736118526152,-0.08985235803854828,0.844036277702067,0.0,0.0,-44.897959183673464,-44.897959183673464,14.06180936984203,0.625,0.18421052631578946,0.550903629521202,132,0.3160621761658031,0.9026465028355387,,,,0,-7.848464550570244,-6.018252148023273,-3.8428391948091223,-9.697566074716402
sz000590,2025-07-14,1.0,0.41510244936651286,0.976377952755906,-3.286713286713294,79.63974237627014,150.0,59.7,0.0,1,0,0,0.472,train,0.288135593220339,train,1,0,0,0,10.02886002886003,10.02886002886003,1.9117647058823461,-4.264705882352937,-10.882352941176476,-8.382352941176464,12.132352941176471,-11.397058823529404,5,8,0.3675140618920587,0.017344101282706827,-0.007658561866567257,0.041155673696328124,-0.015280914314462398,-0.11638322391151386,-0.0028990454603880634,-0.007114938758697843,-0.19316237624239954,1.3598224155604648,1.4759517661918728,-0.11612935063140806,1.6518966973058207,0.0006498628734919811,0.45029371375834637,-0.027450768896497973,2.638306583091884,0.898617511520737,0.9221238938053095,-3.076923076923088,-8.211920529801331,18.05869991577058,0.375,0.40425531914893614,0.6373047566218294,58,0.275,0.5742199810904507,0.0,0.0,0.0,1,2.1362909839660382,2.0414342363175964,1.3238559532788408,3.1397402048215506
sz000592,2025-03-13,1.0,0.41088570727920426,1.0,0.9933774834437026,81.85707479052114,166.0,55.2,0.0,0,0,0,0.3605442176870748,train,0.2,train,0,0,0,0,16.938110749185675,16.938110749185675,6.5359477124183,8.496732026143782,7.189542483660127,-3.26797385620915,17.320261437908478,0.0,5,8,-0.09789078783122121,-0.03589581306898022,-0.08104800180579892,0.044716674062935544,-0.11727776327290704,0.01733876831187799,0.032605513228117285,-0.13444617349574065,0.016372875553855727,1.3635731790083774,1.5073951451772223,-0.1438219661688449,1.4113600955804981,1.4203116840255137e-05,0.12882472481189433,0.13457107094249243,1.2957492676409537,0.7755102040816321,0.7755102040816321,-3.4591194968553562,-5.538461538461547,14.600355228382796,0.4375,0.40816326530612246,0.6519236541850211,35,0.33962264150943394,0.319672131147541,0.0,0.0,0.0,1,-1.042394816405534,-0.8896894185883464,-1.1287898356137416,-3.0735954757015294
sz000595,2024-09-13,1.0,0.9726749982656627,0.7368421052631587,0.4089979550102374,85.29680125058174,258.0,43.1,0.0,1,1,1,0.8214285714285714,train,0.7241379310344828,train,1,0,1,1,127.76659959758554,150.90543259557347,13.485477178423233,26.34854771784232,52.90456431535269,73.02904564315351,88.17427385892115,-1.8672199170124415,5,8,1.4572479557669082,1.658801742974968,0.5730867931335909,0.20012270186450462,0.18223584045563357,0.14957280442777102,0.2152917707355929,0.16089327140528115,0.09254883842189317,1.4747508208867461,1.6288046275544505,-0.1540538066677044,1.7737141580347695,0.003169144919452046,-0.07656928363931197,-0.14250357698368002,0.8577531705521605,1.0,0.0,,-5.333333333333334,14.006839712810107,0.3125,0.41304347826086957,0.8170265133448908,37,0.28846153846153844,0.20866266202971862,0.0,0.0,0.0,0,-2.1081652900393433,-1.906260479444144,-2.231228308379385,-0.18878179955164054
sz000595,2025-04-16,2.0,0.29265560302344634,0.5277777777777783,-0.5514705882353033,71.5319880364861,103.0,59.7,0.0,0,0,0,0.2938144329896907,train,0.2,train,0,0,0,0,0.540540540540535,0.540540540540535,-1.104972375690605,-3.130755064456725,-7.366482504604043,-21.915285451197043,2.7624309392265234,-9.576427255985266,-5,-8,-0.28923647822494014,-0.12642083106977675,-0.5847768244968435,-0.017301727261356873,0.03882025544899671,-0.01309233716157374,-0.08995675911747986,-0.009038117537736567,-0.015927115669197994,1.5483670876417988,1.6801430763823981,-0.13177598874059937,1.7133471590299578,2.5853680945323956e-05,0.15876130183559167,0.056820726497672606,1.3774465016457529,0.2099644128113879,0.2099644128113879,-28.57142857142857,-31.90184049079755,14.978780458104978,0.3958333333333333,0.45454545454545453,0.4434179248922027,41,0.32786885245901637,0.22078740157480314,0.0,0.0,1.0,0,3.2379158733876645,2.152527874515897,2.33335773574348,2.623469204852613
sz000595,2025-05-06,3.0,1.2292162897613306,0.5675675675675673,-4.895104895104896,90.61641169332594,466.0,40.5,0.0,0,0,0,0.3605442176870748,train,0.2444444444444444,train,0,0,1,0,24.764150943396213,26.179245283018847,-0.49261083743841194,2.2167487684729315,4.679802955665036,13.793103448275868,16.50246305418721,-0.7389162561576179,5,8,-0.6682690619500081,0.16894294344827385,-0.1068416081285111,-0.0502264428401047,-0.034616725549307795,-0.06400346472092891,-0.17215735969570367,-0.11715461229612908,-0.09467322302299734,1.3169199497717086,1.1150117039361322,0.20190824583557632,1.3467865125810699,0.00010300825855966994,0.12192878054755323,-0.5229021217697952,1.2777195695437698,0.0,0.0,-25.352112676056326,-26.770293609671846,117.65058690368159,0.22916666666666666,0.7,0.9762936314759623,86,0.23893805309734514,0.9007585335018964,0.0,0.0,0.0,1,3.0815841613858863,2.398449656321544,0.6390781166704773,2.6113231359929046
sz000599,2024-10-15,1.0,0.49123274034243575,0.8461538461538459,-0.47058823529411153,82.49036541357853,17.0,71.2,0.0,0,0,0,0.3605442176870748,train,0.5208333333333335,train,1,0,1,1,45.871559633027516,45.871559633027516,3.971962616822422,4.205607476635498,4.90654205607477,47.19626168224298,47.19626168224298,-0.4672897196261738,5,8,-0.22097164165813254,-0.0827129781984651,-0.5769889300032471,-0.009793521509273496,-0.001939258615819583,-0.061546585149520106,0.11090006908723829,0.029486350739743605,-0.09122147943437321,1.486570219965965,1.6583013248455722,-0.1717311048796073,1.4319001308078572,0.00014943083775716332,0.2222588371158532,-0.310181646142246,1.5715496304493817,0.0,0.0,,-11.020408163265305,15.835290562053132,0.2708333333333333,0.5,0.6279655691962114,39,0.4090909090909091,0.1333754740834387,0.0,0.0,0.0,1,-11.203018955833077,-11.095973269268756,-9.400663922963016,-18.205481570546635
sz000599,2025-09-09,2.0,0.5835672809270145,0.3571428571428567,0.0,71.25101419760537,97.0,63.7,0.0,0,1,0,0.1929824561403508,train,0.0895522388059701,train,0,0,0,1,2.8673835125448077,51.075268817204304,-0.7259528130671544,-2.3593466424682408,-3.085299455535384,-1.4519056261342977,4.174228675136127,-4.718693284936471,-5,0,0.0681902949932278,0.015000134836301339,0.07505493138740968,-0.10851223776734366,0.0028701184991212023,-0.016308027276570675,-0.14094978074837242,-0.067938117166406,-0.01948503694644959,1.5312661793466116,1.577004809661354,-0.04573863031474246,1.7327232683307712,0.0001226750977937435,-0.4795434676676124,-0.2690938780622428,0.35176832834309874,0.8133333333333338,0.8205128205128208,-2.447552447552437,-4.940374787052814,14.578968098640848,0.4166666666666667,0.5510204081632653,0.5905539467936233,49,0.3466666666666667,0.3000629722921914,0.0,0.0,0.0,0,-1.2012047117410662,-0.47006262589077696,-1.2068805177063768,-0.14810830804745656
sz000605,2024-11-27,1.0,0.4479288257441053,1.0192307692307687,-10.036496350364976,74.23403551228911,481.0,37.6,0.0,0,0,0,0.4677419354838709,train,0.0,train,0,0,0,0,-1.6227180527383367,-1.6227180527383367,-4.687499999999989,-5.729166666666652,-7.604166666666668,-6.354166666666661,1.041666666666674,-8.854166666666663,-5,-8,-0.02418484808236802,-0.042617175788778675,0.024234288882025595,-0.1459905659371375,-0.04007582133890929,-0.08030307556870737,-0.17794331575906097,-0.10691439819368159,-0.14903526628159136,1.1554242921115925,1.7315678393436356,-0.5761435472320431,1.891968236166285,0.0007855531586368947,-1.0,-0.7826932441080133,0.0,0.5452292441140024,0.5599520383693044,-27.12490761271249,-27.12490761271249,18.494241652185746,0.16666666666666666,0.16666666666666666,0.8065086984996244,83,0.24545454545454545,0.7592417061611374,0.0,0.0,0.0,0,-2.1139572325980738,-3.128194050908295,-1.9752255315512612,-2.6048537146205364
sz000605,2024-12-27,2.0,0.27645299686245994,1.131578947368418,0.2564102564102555,80.19088122780997,55.0,73.9,0.0,0,0,0,0.472,train,0.55,train,0,0,0,0,2.0050125313283207,2.0050125313283207,-0.24906600249064992,-3.486924034869232,-11.332503113325021,-11.332503113325021,1.3698630136986356,-15.193026151930255,-5,-8,-0.04342689575607393,-0.21682217686527394,-0.10455392728408891,-0.026604734771599952,0.011104864223976506,-0.039567989324721234,0.038692561656671356,0.005899640703287273,-0.03107666860390729,1.5120529982422972,1.5205148582629133,-0.008461860020616108,1.4004533941105188,4.712120027948322e-06,-0.18228265234972377,0.057781704283456824,0.691642853783828,0.16296296296296348,0.33453237410071945,-12.403951701426996,-14.5610278372591,26.09620512501915,0.4375,0.4523809523809524,0.5798813591361286,62,0.3673469387755102,0.7333965844402277,0.0,0.0,0.0,0,-1.5974464683973788,-0.30434455116935544,1.3566718870508865,-0.21564840516756778
sz000605,2025-03-20,3.0,0.41414767865628715,0.6964285714285697,0.12755102040815647,78.96202868406694,82.0,66.6,0.0,0,0,0,0.2938144329896907,train,0.0925925925925925,train,0,0,0,0,0.8684863523573227,16.62531017369726,-2.098765432098759,-7.160493827160497,-7.283950617283952,-8.024691358024683,0.37037037037037646,-8.39506172839506,-5,-8,-0.04739042283105295,-0.07424475049924856,-0.14284771546389252,-0.017188843103157877,-0.04485935539792138,-0.023081977648524363,-0.02944662456709158,-0.14469581275920623,-0.08671413684744857,1.4655096649988297,1.429000862352874,0.036508802645955685,1.411410096206175,0.0003454965096804262,0.26267979236800526,0.056775062651033985,1.7125256832757576,1.0,1.0,2.6751592356688114,-4.615384615384599,15.026433963422816,0.3541666666666667,0.5217391304347826,0.7903030497947695,59,0.3655913978494624,0.4056782334384858,0.0,0.0,0.0,1,1.0547869597550052,1.093080759370224,1.6211482661236065,1.5710222470995738
sz000605,2025-09-17,4.0,0.5827271390547281,0.4615384615384612,0.0,84.23374419300788,53.0,72.7,0.0,0,0,0,0.3461538461538461,train,0.0,train,0,0,0,0,-3.3591731266149893,-0.6459948320413411,-2.9569892473118364,-7.258064516129037,-6.854838709677424,-8.1989247311828,0.5376344086021501,-10.483870967741938,-5,-8,-0.09816304308755038,-0.4269308452180149,0.13338440954321232,-0.007037553515388777,-0.022430689206740996,-0.0288717017123455,-0.038022582941058064,-0.033464994422046056,-0.0329439579551173,1.4318180099504687,1.2940197051214923,0.13779830482897637,1.5666682584285676,0.0002307977629381932,0.19489300842612334,0.09982725322671827,1.4841418854036617,1.0,1.0,3.337783711615483,-4.444444444444439,207.64645458730377,0.1875,0.25,0.9835005449105975,61,0.27380952380952384,0.4330708661417323,0.0,0.0,0.0,1,4.490140602269288,4.730538578359389,2.3768150056703075,8.369635357775262
sz000608,2024-10-09,1.0,0.5037046331663358,1.0666666666666682,-10.144927536231874,85.49976060366369,461.0,32.3,0.0,0,0,1,0.7647058823529411,train,0.2,train,1,0,0,1,2.0161290322580516,34.2741935483871,0.0,-3.58744394618834,1.7937219730941756,-1.3452914798206206,7.17488789237668,-8.968609865470857,5,-8,-0.6579025283100012,-0.1508675003829024,2.4567133097158433,-0.06065951244174226,0.04080067199116059,0.1958794727392174,-0.03559449740735745,0.07900907412954329,0.2628446056543985,1.1024904209931967,1.925869637890239,-0.8233792168970422,1.6778065476377757,0.0027491163505558116,-1.0,-0.8210849097189908,0.0,0.0,0.0,,-10.144927536231874,104.99866212307153,0.10416666666666667,0.17391304347826086,0.8494326042025983,34,0.4925373134328358,0.049667826637140144,0.0,0.0,1.0,1,22.21647871572767,21.22309414896051,16.300030015878143,38.89969648043034
sz000608,2024-11-13,2.0,0.591255405542504,1.0,-5.128205128205132,77.29327706863423,548.0,27.7,0.0,0,1,0,0.9047619047619048,train,0.7241379310344828,train,1,0,1,0,21.235521235521237,21.235521235521237,-6.666666666666677,-1.85185185185186,-3.703703703703709,-9.629629629629633,2.2222222222222143,-11.111111111111116,-5,-8,-0.26295924563358297,4.5288228129877846,-0.1060423100301305,-0.024166753450704733,0.5595691739799439,-0.01811010997566939,0.00032219123967499686,0.5034235530674993,-0.03170086939252552,1.6211414702128075,1.474286987305761,0.1468544829070466,1.9047295920955434,0.0007440254356153708,0.40037642472482343,0.19129111382228559,2.335425894624255,0.5056179775280898,0.5463917525773195,-14.52145214521452,-22.222222222222232,14.014048837705268,0.5625,0.5102040816326531,0.6304690963863648,53,0.4536082474226804,0.4492570344609548,0.0,0.0,0.0,1,2.8793140677881413,2.1883621545562004,2.1521100242674063,6.6827449373572545
sz000608,2024-12-20,3.0,0.34584361285621845,1.187500000000002,0.7490636704119868,80.78332062232387,171.0,58.3,0.0,0,0,0,0.2938144329896907,train,0.1764705882352941,train,0,0,0,0,-1.1070110701106972,-1.1070110701106972,-8.614232209737827,-13.857677902621724,-12.734082397003743,-22.47191011235955,0.3745318352059934,-16.104868913857672,-5,-8,-0.14840799282201397,-0.22277046359795374,-0.4795333539833432,0.00457034657210015,0.0,0.0625408379512103,-0.12063462535576813,0.01699355409959482,-0.018989884768787393,1.683784777139756,1.5507810831339306,0.13300369400582546,1.4781262310782048,0.0,0.5452920500267936,0.39775429307342836,3.398427606374266,0.5084745762711863,0.6701030927835052,-9.666666666666668,-13.694267515923574,22.782989750773922,0.625,0.6904761904761905,0.5371150749326667,76,0.2830188679245283,0.5759873617693523,0.0,0.0,0.0,1,-1.309760082485123,-1.1875990683153037,-0.1382265468193089,-1.145147143153824
sz000608,2025-11-19,4.0,0.495727843132327,0.5714285714285733,0.0,75.22021936529032,394.0,32.9,0.0,0,0,1,0.2938144329896907,valid,0.0895522388059701,valid,0,0,0,0,-0.3597122302158251,27.697841726618712,-2.941176470588236,-8.823529411764708,-3.308823529411775,-0.7352941176470562,1.8382352941176405,-12.50000000000001,-5,-8,-0.6954687377540767,-0.08257810718352629,0.1735908203405634,-0.035416637126161575,0.019031274434355695,0.027769899163349904,0.022944962359904595,0.09460419148156284,0.058804012442121564,1.5006226403316334,1.5526797541579669,-0.05205711382633349,1.5409939534716608,0.0,-0.6220179988504173,-0.2522602042038628,0.23303194010021602,1.0,1.0,1.831501831501825,-2.7972027972028024,15.480192207597966,0.4375,0.2127659574468085,0.5730345382292037,49,0.3194444444444444,0.24206224457717698,0.0,0.0,0.0,0,-1.324648829448405,-1.6636430922849943,-1.2401386605188636,-1.4471944028671024
sz000619,2024-12-16,1.0,0.3869269986352153,1.7115384615384581,-0.35756853396902155,81.00146123374668,293.0,46.0,0.0,0,0,0,0.472,train,0.2,train,0,0,0,0,8.3854818523154,8.3854818523154,1.6393442622950838,-10.844892812105922,-20.807061790668346,-22.698612862547286,9.20554854981086,-20.807061790668346,5,8,-0.17667175568217813,-0.13595609027651281,-0.08480764934122896,0.006426778571379753,-0.05276412811486118,0.0053230427444279525,-0.026316447686641237,-0.1673911158982145,-0.12112156898870596,1.3408804913599321,1.444135771084815,-0.10325527972488291,1.5351789549394521,0.0003263190276090996,0.5100545059524552,0.3093348263304224,3.082086730663795,0.8626198083067094,0.8877284595300262,-5.106888361045126,-10.022522522522525,19.786329520288817,0.4583333333333333,0.3404255319148936,0.6017238090367178,94,0.4502923976608187,0.3730259001895136,0.0,0.0,0.0,1,-0.40861158444992496,-0.580239921283443,-1.3797610772509072,-2.09438442733485
sz000619,2024-12-17,2.0,0.9242893231677297,0.923076923076922,-0.7509386733416834,81.5158336417225,184.0,46.2,0.0,0,0,0,0.2938144329896907,train,0.0925925925925925,train,0,0,0,0,1.4888337468982549,1.4888337468982549,-2.127659574468088,-14.142678347934911,-21.151439299123908,-23.028785982478094,2.377972465581979,-23.529411764705877,-5,-8,-0.17592228397235232,-0.08605372878942792,-0.08609728997552417,-0.021718292504289416,0.017876749472996275,0.01910502495440301,-0.014562203432650245,-0.02649287094822607,0.049181746546169976,1.516427107723655,1.6930988634058333,-0.1766717556821782,1.984369720434787,0.00040763641294570043,0.39282663912691546,0.05186307039961811,2.293952154165824,0.8846153846153848,0.9060052219321151,-4.275534441805218,-9.23423423423424,15.794710548345602,0.3958333333333333,0.32608695652173914,0.7177183849042883,26,0.59375,0.11887448624723364,0.0,0.0,0.0,0,-3.4277900685101614,-2.402013506564493,-1.8420968131513726,-2.7768809094848135
sz000619,2025-01-06,3.0,0.3192944716386738,0.7846153846153849,-7.010014306151646,79.68721911104782,202.0,54.3,0.0,0,0,0,0.472,train,0.2444444444444444,train,1,0,0,0,4.532163742690076,4.532163742690076,2.102102102102088,1.6516516516516422,-14.114114114114118,-5.1051051051051015,7.357357357357364,-14.114114114114118,5,-8,-0.30062333571244354,-0.2464579428207659,-0.29816498519851686,-0.027053405005895273,-0.011571382768831519,-0.06641010706832286,-0.02930467737382293,-0.039531201907340774,-0.08601847388193526,1.5232055321060602,1.6191370568524375,-0.09593152474637723,1.9039800269533251,3.8348882419281186e-05,0.21658571409143518,0.15333802471956884,1.5529276603381055,0.0,0.0,,-6.938775510204076,14.090584368823368,0.4166666666666667,0.6976744186046512,0.5180798580647353,56,0.3253012048192771,0.45098039215686275,0.0,0.0,0.0,0,-9.13108543143829,-8.002245740987313,-5.326786352087154,-8.64923138115552
sz000619,2025-01-09,4.0,0.7768931039749328,0.6346153846153852,0.14903129657226621,80.87646362438491,376.0,38.2,0.0,0,1,1,0.2938144329896907,train,0.7241379310344828,train,1,0,0,0,3.101920236336797,3.101920236336797,-6.480117820324017,-12.51840942562592,-7.805596465390286,-12.812960235640647,2.798232695139924,-17.673048600883657,-5,-8,-0.4790113114990246,0.04499416328506455,6.028671059305188,-0.0004988651009767154,0.0017648573534689595,0.661601079212271,-0.05825686504515206,-0.03134593699532066,0.6021035084533085,1.4744154032514571,1.7208733460722232,-0.24645794282076605,1.7178721450914742,8.429350540306041e-05,-0.16565945966064274,0.24680706136772648,0.7157669707259596,0.0,0.0,,-7.891156462585036,15.38408860880538,0.375,0.3333333333333333,0.7294908341405685,77,0.21428571428571427,0.4326801517067004,0.0,0.0,0.0,0,-2.144341754973922,-1.6089801297821338,-1.0605682888513712,-2.416088158163321
sz000620,2024-11-11,1.0,0.2972297975409579,0.9285714285714299,0.0,75.20389691405668,21.0,88.5,0.0,0,0,0,0.4677419354838709,train,0.2444444444444444,train,0,0,0,1,9.333333333333327,39.1111111111111,-2.2222222222222143,-9.333333333333327,-8.000000000000007,-12.0,0.8888888888888946,-12.0,-5,-8,-0.06737665173656834,-0.6213339664771035,-0.08108844635857751,-0.008599504998654545,0.015237619011782562,0.06559158007450633,-0.05373341160162375,-0.01931008438149988,0.103076103283954,1.51313063170538,1.6999146257385325,-0.18678399403315238,1.7993237911797602,0.00034938262123615537,0.22644464221131702,0.05129371850649684,1.5854646081403687,0.7976190476190477,0.7976190476190477,-7.024793388429751,-15.094339622641506,16.16569273357021,0.3541666666666667,0.3469387755102041,0.5702024239262085,119,0.34615384615384615,0.6566550742965539,0.0,0.0,0.0,1,8.687991148222007,6.7753904449697755,4.724475259203853,9.444674851721246
sz000620,2025-09-02,2.0,0.7708973936124224,0.7777777777777797,-0.6172839506172867,85.29587760367919,95.0,59.8,0.0,0,1,1,0.472,train,0.4444444444444444,train,0,0,1,1,20.12195121951219,109.75609756097562,0.0,1.2195121951219523,1.8292682926829285,16.463414634146332,19.512195121951216,-2.4390243902438935,5,8,-0.4552144344768301,0.1422135076896084,0.13834924414810143,0.04827829333781684,0.014629736999715861,0.14725473399903163,0.014220421913806498,0.04565535600652867,0.03687558019363647,1.7756327465687527,1.739053024568259,0.03657972200049375,1.5980233621069833,1.0574366272615362e-05,-0.40758303649674393,-0.31919550538866764,0.42087532184082727,0.4545454545454534,0.5333333333333327,-3.529411764705881,-4.651162790697683,59.23969986634301,0.4583333333333333,0.5897435897435898,0.7192186275231204,42,0.5,0.24291115311909262,0.0,0.0,0.0,1,-2.1746206550601777,-0.03411656694258802,0.8503431878588374,4.744332027242515
sz000626,2025-07-14,1.0,0.30462795196120135,0.6595744680851059,-0.28368794326240065,74.9896108468659,104.0,66.0,0.0,0,0,0,0.472,train,0.2,train,1,0,0,0,16.82892906815021,16.82892906815021,-1.810584958217265,0.0,5.988857938718661,1.253481894150421,16.991643454039007,-3.064066852367686,5,8,-0.12811194916582885,0.005598695558705246,-0.1268178187949321,0.09967094194824239,-0.039349424895065335,-0.025141657904282515,-0.021735044777049538,0.018794835663079934,-0.04448959439658635,1.4917607503846941,1.453828940797499,0.03793180958719522,1.6233381919875447,0.0004369568459308502,0.5485100405018127,0.4168482245735808,3.429777358112058,1.0,1.0,1.9858156028368823,-4.133333333333333,30.94719528875892,0.4166666666666667,0.8,0.595613132108111,58,0.275,0.5742199810904507,0.0,0.0,0.0,1,2.1362909839660382,2.0414342363175964,1.3238559532788408,3.1397402048215506
sz000627,2025-04-30,1.0,0.9930936788983136,1.0,-9.868421052631572,89.55324380821904,,,,0,0,0,,,,,0,0,0,0,-5.109489051094895,-5.109489051094895,0.0,-9.615384615384615,-18.461538461538463,-33.46153846153847,0.0,-18.461538461538463,-5,-8,-135.6160746592213,-127.94973200360268,-13.658938688365396,-0.5037762936146308,0.0,-0.6030411515960432,-0.7920229698520692,-0.8501382684535205,-0.39677173899484824,1.1131554420392975,1.0874427238832343,0.02571271815606324,1.0569404939309008,0.00026159698356832727,-1.0,-0.7248176817527039,0.0,0.0,0.0,-29.198966408268735,-30.102040816326525,145.66576103208135,0.14583333333333334,0.20833333333333334,0.9393564069767182,63,0.3076923076923077,0.5486331849968213,,,,1,-0.5759197971227259,-0.055436174600853594,-0.4307474665703914,-0.058127529131091205
sz000628,2024-10-17,1.0,0.635445469977706,0.6958637469586374,-9.849292129700105,75.92365708452124,372.0,35.1,0.0,0,0,0,0.472,train,0.288135593220339,train,1,0,1,1,30.262940300975693,30.262940300975693,1.6150081566068453,5.840130505709618,11.876019575856445,17.37357259380099,28.499184339314844,-2.1207177814029365,5,8,-0.13639460780075233,-0.1581506961686482,-0.06896061993738974,-0.027367568689135414,-0.02408391270922407,0.010756928214109247,-0.036422011078834776,-0.016713503892842128,-0.02317891079332499,1.581642350556716,1.4233922175713296,0.15825013298538648,1.9454942984605186,0.0004442266960335681,0.8377454328638417,0.13878623150020927,11.32630942413887,0.0,0.0,,-7.946414979448924,17.84741433344176,0.5416666666666666,0.24489795918367346,0.5861793042223595,44,0.45,0.21660877802336595,0.0,0.0,1.0,1,-2.633550538543461,-4.777710914487033,-5.242053986906104,-8.108070613125607
sz000632,2025-05-14,1.0,0.40188371643316184,0.6399999999999995,0.2624671916010346,76.37453320216146,110.0,64.3,0.0,0,0,0,0.2938144329896907,train,0.288135593220339,train,0,0,0,0,1.7902813299232712,9.462915601023013,-1.538461538461544,-1.025641025641022,-6.41025641025641,-8.205128205128197,1.538461538461533,-8.974358974358976,-5,-8,-0.1579230115865646,-0.22407310627779736,-0.02951200038658237,0.0076488243846316965,-0.007854336158614784,-0.06302927346355836,-0.04255802229482256,-0.13242922479401437,-0.1453237790565841,1.6326846917729525,1.487324549121877,0.14536014265107555,1.712541738873122,3.100092357200914e-05,-0.2648605666525228,0.23481804583397067,0.5812019543727556,0.5520000000000002,0.6521739130434785,-12.527964205816545,-18.541666666666657,15.732672353787807,0.5625,0.7555555555555555,0.4085358247610994,56,0.3,0.474565560821485,0.0,0.0,0.0,1,0.7997241787630838,0.8491396200793977,2.9121780382067364,4.339176863627037
sz000632,2025-10-27,2.0,0.33271866248429666,0.9696969696969704,0.2336448598130758,83.55292702386694,87.0,69.4,0.0,0,0,1,0.472,valid,0.7241379310344828,valid,1,0,1,1,99.7716894977169,99.7716894977169,1.3422818791946511,-9.172259507829983,2.9082774049216997,21.476510067114084,21.476510067114084,-10.5145413870246,-5,-8,-0.05630804377699168,-0.020364849426554796,4.315948109017214,0.025751954819287493,-0.03486559956603787,0.31711731634951346,-0.09932399854483606,-0.09925925210739923,0.23018183987225385,1.3552873658509625,1.463916925338777,-0.10862955948781439,1.3124731189786796,0.0006728105287118162,-0.4066989168195386,-0.08060014321726126,0.42176835148340014,1.0,1.0,2.3364485981308247,-6.808510638297882,19.334925419822977,0.375,0.5510204081632653,0.7135812443595958,48,0.42857142857142855,0.6107614852108244,0.0,0.0,0.0,1,3.539053328451569,4.38145149431346,3.9178024882486673,8.050887955586038
sz000632,2025-10-31,3.0,0.26256156280746257,0.7916666666666676,1.7241379310344973,75.39315220184808,91.0,70.9,0.0,1,0,1,0.8214285714285714,valid,1.0,valid,1,0,1,1,109.33014354066985,109.33014354066985,8.747044917257663,11.111111111111093,16.784869976359328,87.94326241134752,87.94326241134752,-0.9456264775413725,5,8,4.315948109017214,-0.13288491803180222,1.9102526103383928,0.31711731634951346,0.0159278402547976,0.19731028397109812,0.23018183987225385,-0.01163320926113255,0.22550207558466306,1.5614067531321467,1.471575528855159,0.08983122427698764,1.6743882334665852,0.0,0.08129589715273279,0.07208576472970281,1.1769795016714932,0.4999999999999994,0.5512820512820508,-7.726269315673296,-11.063829787234047,23.704387298126022,0.5416666666666666,0.36363636363636365,0.6290068486975856,50,0.45054945054945056,0.6651982378854625,0.0,0.0,0.0,1,1.1785500478539879,0.99839440036813,-0.42946276012950646,0.503347129135201
sz000635,2024-11-01,1.0,0.39457146576224716,0.9210526315789469,0.5720823798626817,81.313926735748,93.0,59.1,0.0,1,0,1,0.472,train,0.7241379310344828,train,1,0,1,0,20.22598870056498,20.22598870056498,7.624309392265194,2.5414364640883758,12.26519337016574,-1.1049723756906271,17.56906077348066,-0.9944751381215422,5,8,1.5714414732655844,-0.06289908364474057,5.290779329626123,0.10092372883602505,-0.028843186731178305,0.4740369931202293,0.11252631929062348,-0.15428722102971698,0.47750458157279374,1.2995384612545289,1.394379915206879,-0.09484145395235011,1.4382553677918182,0.0009391388465355055,-0.1222153674823126,0.10657022918480723,0.7821891037608896,0.9958847736625516,0.0,-0.11286681715575453,-7.329842931937181,20.15901778282632,0.4166666666666667,0.40476190476190477,0.6911691517673193,83,0.484472049689441,0.23213156230234028,0.0,0.0,0.0,1,-0.7477386348638038,0.38098087850813034,-1.678302182705016,-5.1435461300810115
sz000638,2024-10-15,1.0,0.3139695731217821,0.8965517241379302,-0.6928406466512715,76.28358996822342,,,,0,0,0,,,,,1,0,1,1,47.747747747747724,47.747747747747724,-0.22883295194507935,-1.1441647597253968,4.118993135011428,20.13729977116705,28.832951945080087,-3.661327231121281,5,8,-0.19749201293517016,-0.1100574793083495,-0.2584518730314665,0.0026110537516777087,-0.03209605982943839,0.0,-0.04597108814532037,0.06266461818091247,-0.010887785463178373,1.4230762517532287,1.4895971630016922,-0.06652091124846349,1.379419916030062,0.0015941663420517348,-0.04614198060354944,0.09146478932691465,0.9117863894976688,0.0,0.0,,-12.770137524557946,13.785213661418426,0.5416666666666666,0.5405405405405406,0.4482981575717242,39,0.4090909090909091,0.1333754740834387,,,,1,-11.203018955833077,-11.095973269268756,-9.400663922963016,-18.205481570546635
sz000639,2025-06-11,1.0,0.30372042268082483,1.1111111111111112,-0.8403361344537785,78.28281214982007,32.0,80.6,0.0,0,0,0,0.4677419354838709,train,0.1764705882352941,train,0,0,0,0,2.840909090909083,2.840909090909083,0.0,-5.113636363636365,-8.52272727272727,-8.238636363636365,2.840909090909083,-8.806818181818187,-5,-8,-0.00028133327366613536,-0.16137274176698205,-0.1846356891745072,-0.052238103450160826,0.02420819600519968,-0.08565223361381022,-0.07430224252059998,-0.02239842876050333,-0.13996626706263735,1.3419523287701511,1.4831389654112745,-0.1411866366411234,1.609477537206542,0.00013064374393763142,0.024546251420880294,0.09057238243672773,1.0503278632259812,0.9014084507042256,0.9351851851851853,-1.949860724233976,-5.376344086021511,21.370571904977837,0.3333333333333333,0.3469387755102041,0.6289555895843695,46,0.3611111111111111,0.6425639406378276,0.0,0.0,0.0,1,1.0344344401888472,0.9398945022846883,0.6690105977318783,1.8239561941169935
sz000656,2024-11-25,1.0,0.47874865874271705,1.1111111111111112,-0.5988023952095856,80.18986581917082,568.0,25.3,0.0,0,0,0,0.472,train,0.1764705882352941,train,0,0,0,0,9.696969696969715,9.696969696969715,-5.421686746987941,-4.216867469879504,-1.2048192771084376,-5.421686746987941,0.6024096385542244,-10.24096385542168,-5,-8,-0.6451028683296018,0.20390010249303625,0.05915018970119881,-0.05235797351023582,-0.02249588704295168,-0.06357868082512526,-0.18597780567318314,0.07496840106718447,-0.08018361247489585,1.58792287713515,1.8052792428180353,-0.2173563656828854,1.6107564173862066,4.5130908145858566e-05,-0.5810460192651458,-0.35840362867673586,0.2649853170811434,0.7166666666666665,0.7536231884057969,-9.340659340659352,-10.326086956521753,18.165904731749528,0.4583333333333333,0.24489795918367346,0.5679167759813295,139,0.2057142857142857,0.6777251184834123,0.0,0.0,0.0,0,1.2983572206250127,-1.6695680146519898,-2.5893631616153545,-0.7196238089015483
sz000665,2024-09-20,1.0,0.6280066638563107,1.0,1.7391304347825987,82.03304002173655,58.0,72.4,0.0,0,0,0,0.2938144329896907,train,0.1388888888888889,train,0,0,1,1,28.133704735376043,37.883008356545965,1.3850415512465464,3.878116343490312,8.310249307479234,2.7700831024930705,27.423822714681446,-1.939058171745145,5,8,-0.1911470264826185,-0.1929537610243677,-0.0739501697866216,-0.022154060316505773,-0.06367323312686962,-0.06534276824419934,-0.02438595860447996,-0.14132659577244644,-0.07948460037394288,1.5179196335963987,1.7672635690586087,-0.24934393546221,1.5024710626810043,2.4765984680569248e-05,0.03321785028959181,-0.0039956844066688394,1.0687183773501443,1.0,0.0,4.057971014492745,-5.026455026455023,13.24088387270272,0.5208333333333334,0.6071428571428571,0.4681699617916591,47,0.25396825396825395,0.3309102402022756,0.0,0.0,0.0,0,-0.5049145491671791,-0.36602454468808165,0.46827343731339344,-1.39434104833549
sz000665,2025-08-06,2.0,0.301662211542073,1.0,-2.893890675241151,79.06804683803722,182.0,59.4,0.0,0,0,0,0.472,train,0.1388888888888889,train,0,0,0,0,12.274959083469717,12.274959083469717,2.970297029702973,0.16501650165017256,0.990099009900991,-2.1452145214521434,7.095709570957109,-1.650165016501648,5,0,-0.1313787597530864,-0.1525148692111895,-0.1298804979033941,-0.024966093923851074,-0.025043059734336296,0.028365212593479513,-0.008836431475970694,-0.044682645629465785,-0.001614391168947093,1.3699551529438314,1.395380089871814,-0.025424936927982644,1.361632039958539,0.001653503127433567,0.5329348946806342,0.204967544398675,3.2820582767202366,0.9017857142857149,0.9225352112676061,-1.7684887459807008,-7.981927710843362,13.843187250483508,0.4583333333333333,0.16326530612244897,0.5624194784981831,46,0.30303030303030304,0.5658890290037831,0.0,0.0,0.0,1,2.125885015780127,0.6760366423844921,-0.9094323406519278,-0.36866413944264265
sz000668,2024-11-01,1.0,0.5819936527002728,1.0123456790123455,-0.9378663540445475,82.03480442735827,148.0,53.2,0.0,1,0,0,0.3605442176870748,train,0.288135593220339,train,1,0,1,0,25.710900473933652,25.710900473933652,6.272617611580245,23.401688781664664,13.630880579010874,10.494571773220752,27.98552472858866,-3.3775633293124163,5,8,0.10384851526280985,0.09503055747399616,-0.09813202739825103,0.02069502639253118,-0.011956797531737796,-0.028642283352465023,0.10928272387128014,0.044045767452204614,-0.11315950760883452,1.5714476885104987,1.5436905901776241,0.02775709833287454,2.248854559471454,8.087329661859667e-05,0.20887503455196266,0.19351605894222623,1.5280456152301314,0.6195652173913039,0.0,-7.658643326039394,-12.989690721649483,17.243240000492897,0.4166666666666667,0.5957446808510638,0.5979758265605991,83,0.484472049689441,0.23213156230234028,0.0,0.0,0.0,1,-0.7477386348638038,0.38098087850813034,-1.678302182705016,-5.1435461300810115
sz000670,2024-09-23,1.0,1.0249590240216537,0.4090909090909089,0.9111617312072884,76.00318792499255,91.0,65.7,0.0,0,1,0,0.9047619047619048,train,0.7241379310344828,train,1,0,1,1,47.161572052401745,96.2882096069869,2.212389380530988,13.495575221238942,28.097345132743378,26.106194690265493,49.11504424778763,-1.106194690265483,5,8,0.1109307703427232,5.541421490288362,0.1533491972077161,-0.010598550599712661,0.4055008513069154,-0.0012895010346106496,-0.033042319627458516,0.4706169271909559,-0.0073913910294906736,1.6501817694169674,1.5247938024162833,0.1253879670006841,1.9464673372305437,0.0011052669332890113,-0.12965017847909596,-0.02523420710917181,0.7704595972292052,1.0,0.0,4.328018223234631,-1.9271948608136968,17.495630061320107,0.3958333333333333,0.525,0.6839249464292996,53,0.29333333333333333,0.5134281200631912,0.0,0.0,0.0,0,0.008698193691514255,-0.04234540386021113,1.2699612702979035,-1.373070749407601
sz000670,2025-04-16,2.0,0.5987265173242636,0.6578947368421054,-7.868383404864088,74.00598154559049,413.0,31.9,0.0,0,0,0,0.4677419354838709,train,0.0895522388059701,train,1,0,0,0,11.111111111111093,15.068493150684926,3.779527559055129,0.15748031496063408,7.244094488188968,3.307086614173227,14.960629921259837,-3.307086614173227,5,8,-0.21428107041284208,-0.35644460621447366,-0.06740992253203743,-0.0011629159287708975,-0.03272363030032721,-0.004470780700015452,-0.016099794089766372,0.01705898284756665,-0.02301152232601848,1.4857765774053904,1.4913423071770384,-0.0055657297716480425,2.155567287143831,0.00019868946118027053,-0.19782634459095524,0.41237762141534345,0.6696911109289205,0.62962962962963,0.47222222222222227,-11.81208053691275,-12.632978723404243,16.587440862238804,0.375,0.4489795918367347,0.7483514335326538,41,0.32786885245901637,0.22078740157480314,0.0,0.0,0.0,0,3.2379158733876645,2.152527874515897,2.33335773574348,2.623469204852613
sz000677,2024-11-04,1.0,0.61805194120541,1.0,-9.967320261437917,88.85682447965912,386.0,46.1,0.0,0,0,0,0.8214285714285714,train,0.0,train,0,0,0,0,6.533575317604368,6.533575317604368,3.244274809160297,-0.7633587786259555,5.916030534351147,-12.977099236641232,12.022900763358768,-2.4809160305343525,5,8,-0.0036983524759517266,0.047771661340284315,-0.0012599255840813756,-0.00308996029148937,-0.031011258768058308,0.026001484471845637,-0.022977178474134864,-0.09193991334472677,0.059917056219300116,1.1528092583207183,2.555834261595175,-1.4030250032744565,1.4075547657247074,5.186029457661004e-05,-1.0,-0.948649304823047,0.0,0.6658031088082902,0.6658031088082902,-18.970588235294116,-24.313186813186817,203.7920873608876,0.041666666666666664,0.14285714285714285,1.0,133,0.23563218390804597,0.7985452245414295,0.0,0.0,0.0,1,-0.4764170039836757,0.7680208727800952,-0.48925914107991186,-1.935016450452598
sz000678,2024-09-20,1.0,0.3494822413174825,1.1333333333333302,-0.5882352941176339,77.33094415064208,226.0,47.0,0.0,0,0,0,0.3605442176870748,train,0.2,train,1,0,1,1,26.10441767068272,39.55823293172689,1.8181818181818077,-0.20202020202019222,5.656565656565671,8.28282828282829,26.868686868686865,-4.242424242424237,5,8,-0.0025781180884156397,-0.17784697426256016,-0.0067764531270065,-0.03318038102014374,0.016987117837043045,-0.00959536838968364,-0.04524950703917196,-0.017602109385752875,-0.05215887919762262,1.3869542894561289,1.409703246329969,-0.022748956873840154,1.5158751469448268,0.0006108961399642624,0.607084782485672,0.48828482268576096,4.09015663137829,0.8928571428571436,0.0,-2.3529411764705688,-6.3909774436090245,13.705778743619993,0.5416666666666666,0.23404255319148937,0.47527667741891233,47,0.25396825396825395,0.3309102402022756,0.0,0.0,0.0,0,-0.5049145491671791,-0.36602454468808165,0.46827343731339344,-1.39434104833549
sz000678,2025-04-15,2.0,0.43949684820609053,0.5762711864406779,-1.0118043844856595,70.74061959272926,294.0,43.5,0.0,0,0,0,0.2938144329896907,train,0.2,train,1,0,1,1,64.9579831932773,64.9579831932773,-2.832618025751077,-4.549356223175971,-7.639484978540779,-2.403433476394856,11.759656652360517,-7.639484978540779,-5,8,-0.16842954859424647,-0.2818223144905369,-0.12488355183553133,0.0072365234182663486,-0.009226221471379473,-0.04194583592015911,-0.05604724278411331,-0.024799833145824415,-0.13107809114072688,1.4430955222464126,1.452302429602835,-0.009206907356422489,1.5546774135621517,3.853305323514446e-05,0.0675233994440203,0.3599504452153759,1.1448259385892583,0.1916859122401848,0.4636015325670499,-37.03703703703704,-37.03703703703704,14.148602508140824,0.4375,0.3958333333333333,0.5924346990467351,52,0.35,0.4512771996215705,0.0,0.0,1.0,0,6.944093807708307,5.174102679337422,3.0261049825529573,4.895207188475559
sz000679,2025-01-17,1.0,1.1142216291907647,0.8730158730158729,-1.8045112781954864,85.6384838332187,630.0,6.5,0.0,0,0,0,0.4677419354838709,train,0.4444444444444444,train,0,0,0,1,5.175038051750369,35.00761035007609,-3.6474164133738607,-2.8875379939209744,-8.966565349544076,-3.6474164133738607,4.255319148936176,-10.334346504559267,-5,-8,-0.4138468376164919,-0.10309440379003786,-0.052437707757392704,0.010085552371073336,0.07823213457600309,0.030870738593512418,-0.004833808935866505,0.007726066721461632,-0.025131388903321752,1.497177527534373,1.7257933290115375,-0.22861580147716443,2.1711050016280216,0.0009351722424260173,-0.5056737224435713,0.23260833911202927,0.3283090288340704,0.7724867724867726,0.0,-6.142857142857139,-8.495821727019493,17.144546015734065,0.2708333333333333,0.574468085106383,0.8512656865127307,52,0.3246753246753247,0.5048911328494793,0.0,0.0,1.0,0,5.350054188379194,4.060372253559219,2.139657470691203,4.655985243391303
sz000680,2025-08-07,1.0,0.567311136390175,0.5471698113207553,0.20080321285140812,77.67586693596937,398.0,36.4,0.0,0,0,0,0.2938144329896907,train,0.2444444444444444,train,0,0,0,0,1.0880316518298905,3.857566765578646,-0.2970297029702862,0.1980198019801982,-2.8712871287128627,-2.07920792079207,1.1881188118811892,-2.970297029702962,0,0,-0.3255396836098117,-0.1337456107344098,-0.27562597231476005,-0.014615083054167703,-0.04336924056125952,-0.09185987619716147,0.007698085741380544,-0.06955679235123173,-0.1760791876272697,1.414859112566206,1.52254515695573,-0.107686044389524,1.6225440676843415,0.00019030255114202917,-0.02688147958079032,0.30297524321635805,0.9476444358666118,0.4831460674157302,0.6166666666666665,-8.340888485947417,-10.133333333333338,15.079705975946098,0.375,0.5714285714285714,0.6435623008023157,49,0.26865671641791045,0.3923052664774519,0.0,0.0,1.0,1,3.0169326298069787,1.7859487732703183,0.9587517020843483,0.6248257858801676
sz000685,2025-07-24,1.0,0.5229247741274875,0.37931034482758724,0.8510638297872353,79.71085866699289,182.0,61.9,0.0,0,1,0,0.2571428571428571,train,0.1388888888888889,train,0,0,0,0,6.707317073170738,7.418699186991873,-2.1472392638036686,-2.1472392638036686,-4.089979550102241,-1.4314928425357754,0.8179959100204526,-4.498977505112467,0,0,0.04091807579956181,0.09269108736808786,0.0,-0.014082848660996248,0.008680911265537586,-0.0237894553571079,-0.0002834459112571706,0.0372969473800365,-0.11902502605665072,1.4768754416848588,1.3076356596130145,0.1692397820718443,1.6181080668506247,0.0015793949010032761,-0.5294083823659196,-0.10346105572043672,0.30769519969944087,1.0,1.0,4.680851063829783,-2.1868787276342005,32.11950092272754,0.6458333333333334,0.4523809523809524,0.6015837654844489,63,0.25,0.8091482649842271,0.0,0.0,0.0,1,2.5314721687426323,3.471191709728716,2.8391636020504096,3.350804595513046
sz000695,2024-11-15,1.0,0.49579180695932173,0.8461538461538459,-9.95184590690209,78.10987746772732,198.0,48.6,0.0,1,1,1,0.9047619047619048,train,1.0,train,1,0,1,1,48.594024604569405,48.594024604569405,0.0,5.271565495207664,22.763578274760388,-3.753993610223638,35.063897763578275,-9.984025559105437,-5,-8,4.559391037455094,1.7405724871183652,2.6388511835286534,0.2621493039183799,0.037010436692351524,0.5001699890096178,0.3431003217898955,0.03854223007550298,0.4109987716277661,1.4951503062377483,1.489934889183438,0.0052154170543101674,1.8714246137462354,0.0002641290926486861,0.7889155889073766,-0.012305251868866864,8.474882534657679,0.6814159292035399,0.6832844574780058,-8.6677367576244,-15.703703703703697,17.996528065841794,0.3958333333333333,0.44680851063829785,0.6554138644412961,55,0.35294117647058826,0.1636650868878357,0.0,0.0,0.0,0,-4.633402789176477,-4.788497126129676,-3.294703983653191,-3.3583367788935004
sz000695,2025-02-18,2.0,0.4983657790023427,1.2641509433962235,1.9718309859154903,77.90884556776574,1.0,88.2,1.0,0,1,0,0.472,train,0.5208333333333335,train,1,0,0,0,12.021857923497258,12.021857923497258,2.539981185324547,9.97177798682971,6.8673565380997115,10.912511759172139,15.710253998118539,-2.1636876763875823,5,8,0.09751867076833817,1.3174248340082142,-0.22502620313210933,-0.010618276813984213,0.27465291959997434,0.014184287382937873,0.0036488958631082447,0.24269283794352184,0.013309430996002911,1.409425850245747,1.4644439856108036,-0.05501813536505651,1.5995839197882387,1.9956544775473064e-05,0.20401832278398116,0.07479507194523992,1.512620651011828,1.0,1.0,1.0119595216191435,-5.751072961373394,17.878654517518257,0.4583333333333333,0.4888888888888889,0.567341786347665,42,0.4473684210526316,0.1473186119873817,1.0,0.0,0.0,1,-0.7760024318541281,-0.2999054073972718,0.7634990406720776,1.3862196713349206
sz000695,2025-11-18,3.0,0.48691695777921284,0.8716216216216208,0.25062656641603454,81.37311245330146,455.0,31.7,0.0,0,0,1,0.3605442176870748,valid,0.2,valid,1,0,0,0,18.900555898702898,18.900555898702898,4.0024257125530704,-3.395997574287435,2.2437841115827917,1.8799272286234237,16.737416616130997,-4.97271073377804,5,8,-0.07217739025277246,-0.03173961427293205,0.05289541667340272,0.03978470111051897,-0.11052133861497716,0.03531714584330182,0.10057519942808152,-0.0967512317076271,0.07028515369855554,1.4046396889928447,1.3331951737145769,0.0714445152782679,1.6566182767208313,0.0004121217726277173,0.4074461233910495,-0.08297651931361126,2.375220514032479,1.0,1.0,1.441102756892243,-7.3798627002288235,23.64732469209057,0.5208333333333334,0.32653061224489793,0.6765539756955209,38,0.3968253968253968,0.19597357659641396,0.0,0.0,0.0,0,-1.22918537325859,-1.928117807313956,-1.8050239184311145,-2.0768902075250395
sz000701,2025-06-09,1.0,0.27685752755145376,0.7692307692307697,-3.003003003003002,83.67221206742776,57.0,78.8,0.0,0,0,1,0.472,train,0.5208333333333335,train,1,0,1,0,26.7071320182094,26.7071320182094,7.278481012658222,19.620253164556956,27.68987341772151,-3.639240506329122,32.12025316455696,-1.7405063291139333,5,8,-0.017411632036162694,-0.0005177351879223241,1.2274610395535335,-0.0155611679530753,0.12173682234817834,0.023554705143028345,-0.016941955938500397,0.07403631902631998,0.0013214788880426078,1.3375154672062812,1.3997957443173503,-0.06228027711106909,1.2927031801396576,0.00012718256300764614,0.023152639169522957,0.20730234307345308,1.0474027777478756,0.9533333333333331,0.9728682170542634,-1.0510510510510551,-8.344923504867873,23.46251012999838,0.375,0.24489795918367346,0.72778280194666,58,0.3176470588235294,0.7239089184060721,0.0,0.0,1.0,1,3.192590639141213,2.3731314446476137,1.1721582571970979,3.4167981269400682
sz000702,2025-04-03,1.0,0.8555666806190529,0.7936507936507938,-0.4457652303120341,83.90981484260364,12.0,84.8,0.0,0,0,0,0.3605442176870748,train,0.5208333333333335,train,0,0,0,0,2.9282576866764387,11.71303074670571,-5.238828967642528,4.776579352850541,3.5439137134052334,-0.924499229583986,8.320493066255775,-5.701078582434516,-5,8,-0.14308447286397927,-0.09862934138090405,-0.13732317782261264,-0.013283658411914485,-0.002968380322304379,0.03778608599343559,-0.09485030243297389,-0.024544937786668438,-0.040805763833989664,1.4939755425094405,1.92239596344511,-0.42842042093566945,1.8321626796896844,0.0,-0.10353929870617314,0.1355540275280754,0.8123505001995559,0.16666666666666646,0.2893617021276595,-8.689839572192515,-11.984536082474229,18.258098498033203,0.2708333333333333,0.5813953488372093,0.7447129018008333,47,0.29850746268656714,0.4509308930261912,1.0,0.0,0.0,0,-1.983158961544873,-1.881582650951641,-1.80317589839335,-3.7151033536928058
sz000702,2025-05-21,2.0,0.4639471355454631,0.6666666666666666,-0.6802721088435382,74.47780680294703,67.0,69.5,0.0,0,0,0,0.2938144329896907,train,0.0895522388059701,train,1,0,0,0,3.653585926928282,14.749661705006778,-3.518267929634644,-2.841677943166443,-7.713125845737478,-7.036535859269277,0.0,-8.38971583220568,-5,-8,-0.16887625278366336,-0.15635244248926636,-0.389554078067707,-0.041772152907181934,0.06465397711702285,-0.0025436748409296247,-0.09019935394313093,0.1686484386395295,-0.08318307732844636,1.319979476476168,1.4130345657390426,-0.09305508926287454,1.353181260765662,9.160287816697545e-05,-0.002449432154723226,0.09723688038177714,0.9951131058063283,1.0,0.832214765100671,0.5442176870748217,-3.1454783748361748,19.56648759749307,0.2916666666666667,0.5,0.6778766659586323,45,0.375,0.34724857685009486,0.0,0.0,0.0,1,-0.4575829272064569,-0.7103941010626946,-0.6804125206798406,-0.8521790232169035
sz000702,2025-07-02,3.0,0.39011086307269993,0.5681818181818177,0.0,81.00295469589798,64.0,69.9,0.0,0,0,0,0.2938144329896907,train,0.1388888888888889,train,1,0,0,0,14.439946018893401,14.439946018893401,2.5299600532623145,-1.464713715046595,0.13315579227695107,0.26631158455392434,12.91611185086552,-3.3288948069240987,5,8,0.044124969716971336,0.0017942682998698864,-0.0721730867107148,-0.0010207353583241974,-0.023057069300092572,0.005937710907053945,-0.007169767239252594,-0.0333193325450129,0.12148517334688234,1.292316442443426,1.438485486000658,-0.14616904355723204,1.4349720090836955,0.00021405398343088815,0.10744638442016752,-0.07497025248992216,1.2407617481900328,0.7200000000000001,0.8571428571428571,-2.7559055118110187,-3.2637075718015662,37.393672506215296,0.3125,0.7804878048780488,0.7443547505434945,51,0.33766233766233766,0.44752600063031833,0.0,0.0,0.0,1,0.5309023662449563,0.5185044897419999,-0.4136622766558795,-0.2195694947575877
sz000709,2024-12-09,1.0,0.43123254118867194,0.9473684210526303,1.2658227848101111,86.2399975830684,174.0,57.3,0.0,0,0,0,0.2938144329896907,train,0.0895522388059701,train,0,0,0,0,2.9045643153526868,2.9045643153526868,-3.6437246963562875,-2.429149797570851,-6.072874493927138,-9.311740890688258,0.4048582995951344,-7.287449392712553,-5,-8,-0.43195353475958814,-0.23521339741622707,-0.20578757623242097,-0.07111744735835993,-0.1301227815087932,-0.0422584940149422,-0.08894752631407031,-0.09579661988918883,-0.0828253479675028,1.3432678716424549,1.5181019062623518,-0.17483403461989688,1.515217927680616,3.91270057873544e-05,-0.15531934525242022,-0.046213363811814845,0.7311230944228927,1.0,0.9677419354838717,1.6877637130801704,-6.949806949806936,23.7435370159991,0.375,0.3125,0.6142860602111758,94,0.3472222222222222,0.39917825537294566,0.0,0.0,0.0,1,-0.16370355098241918,0.05862416106536816,0.4797508987666399,-0.30461566823004604
sz000710,2024-12-18,1.0,0.3543895007975441,0.7600000000000016,0.0,76.81201116298328,28.0,79.7,0.0,0,0,0,0.3461538461538461,train,0.1764705882352941,train,0,0,0,1,0.0,32.761904761904745,-1.4520813165537327,-10.164569215876096,-14.424007744433688,-19.361084220716364,1.645692158760892,-16.26331074540174,-5,-8,0.03496591178624139,-0.10752295804313629,-0.16385232414470613,-0.03101630273868297,-0.0700396476219327,-0.01945859177542657,-0.07033752976163178,-0.1522542789494966,-0.038692833393116834,1.4483972219428771,1.4730454392385535,-0.024648217295676345,1.4531447816321514,0.0,0.5034019319613607,-0.02433940861333152,3.027401894451962,0.6517412935323387,0.774193548387097,-6.249999999999989,-11.092294665537683,22.866379208038293,0.5,0.3409090909090909,0.5180577977138674,88,0.2786885245901639,0.5080619664875119,0.0,0.0,0.0,0,-3.900916627394868,-2.62090372169822,-1.176805995380914,-2.6284694569815192
sz000713,2024-11-01,1.0,0.28824026739939573,0.7894736842105261,0.536193029490617,75.52541255939389,28.0,73.9,0.0,0,1,0,0.2938144329896907,train,0.0925925925925925,train,1,0,0,0,10.273081924577365,10.273081924577365,-1.8421052631578894,9.60526315789474,6.578947368421062,-4.210526315789465,11.578947368421066,-4.6052631578947345,5,8,-0.04736885520384457,0.11345603201504738,-0.11281868526754261,-0.05048051156616577,0.01618001736725709,0.048321250248867686,-0.08098951255119753,0.05307093113577643,0.13589488309193154,1.3967446921845021,1.4859105587354073,-0.08916586655090519,1.3565378487770958,3.1830275783152014e-06,0.10837736400603207,0.1882853542652483,1.2431014189881229,1.0,0.0,3.0831099195710587,-3.7546933667083837,15.499087584654873,0.3958333333333333,0.6382978723404256,0.4620911448866215,83,0.484472049689441,0.23213156230234028,0.0,0.0,0.0,1,-0.7477386348638038,0.38098087850813034,-1.678302182705016,-5.1435461300810115
sz000716,2025-01-15,1.0,0.6550939547317987,0.5294117647058817,0.2732240437158362,80.22513677364974,7.0,85.2,1.0,0,0,0,0.3605442176870748,train,0.1764705882352941,train,0,0,0,0,9.066666666666666,9.066666666666666,6.864064602960984,0.40376850605652326,-2.1534320323014833,-7.267833109017497,10.094212651413192,-2.826379542395696,5,8,-0.18658950032235014,-0.3469429950942706,-0.06590904329833687,0.01137728455499237,0.008188530753510006,-0.05108421616535649,0.006199010877100946,-0.010250870039401005,-0.14055900602046037,1.4358795346137074,1.6217251400505366,-0.18584560543682915,1.731307426773959,0.00018235718557884408,0.2902458399677737,-0.03291003604369946,1.8178771081936176,0.8260869565217389,0.0,,-6.132665832290362,14.350980894013912,0.2916666666666667,0.22448979591836735,0.8261118416737502,60,0.3684210526315789,0.3446969696969697,0.0,1.0,0.0,0,2.0098204816990872,1.1145645035239848,0.17973906101349524,1.4682708869019567
sz000720,2025-04-30,1.0,0.533873307563897,0.6470588235294122,-4.687500000000011,74.48025403207895,144.0,63.2,0.0,1,0,0,0.472,train,0.1764705882352941,train,0,0,0,0,18.9710610932476,18.9710610932476,1.6181229773462924,2.912621359223322,3.2362459546925626,8.737864077669899,9.061488673139163,-1.6181229773462702,5,8,0.05501614029905669,-0.03718048534358701,0.15037873908560087,0.02290093040523657,-0.02842831037170499,-0.047935682982001716,0.0019654848801506732,-0.06980720414324941,0.002579622708082611,1.6258611519800061,1.3385583884939447,0.28730276348606143,1.794156920140501,0.0018476084465647875,0.3820971467863759,0.5083092415905522,2.2367547578042197,0.8767123287671229,0.8767123287671229,-2.8125000000000067,-10.374639769452454,30.154177843787934,0.6875,0.4666666666666667,0.5989711872818654,63,0.3076923076923077,0.5486331849968213,0.0,0.0,0.0,1,-0.5759197971227259,-0.055436174600853594,-0.4307474665703914,-0.058127529131091205
sz000720,2025-05-21,2.0,1.0569990910577503,1.040000000000001,0.2941176470588225,85.18831634345409,412.0,35.2,0.0,0,0,0,0.2938144329896907,train,0.1388888888888889,train,0,0,0,0,2.6162790697674465,28.779069767441847,-0.291545189504383,-1.4577259475218707,-1.1661807580174988,-1.1661807580174988,2.3323615160349753,-4.081632653061229,0,0,-0.46508639003044655,-0.1548913837989075,-0.47211293423695894,0.0,0.01243886302053236,-0.005948425693924607,-0.037113885815362464,0.011217322761615574,-0.1372263377821604,1.5402482385972052,1.6699699923218738,-0.12972175372466865,2.1426887611369887,0.0,0.058396828993520444,0.16705982443267706,1.124037027044206,1.0,1.0,1.17647058823529,-7.027027027027033,27.676334678083965,0.3541666666666667,0.53125,0.796584025552117,45,0.375,0.34724857685009486,0.0,0.0,0.0,1,-0.4575829272064569,-0.7103941010626946,-0.6804125206798406,-0.8521790232169035
sz000721,2024-11-28,1.0,0.7445969252749586,0.6578947368421054,-1.7821782178217838,84.65571217651923,19.0,83.4,0.0,0,0,0,0.472,train,0.288135593220339,train,1,1,1,1,38.40155945419104,38.40155945419104,3.9525691699604737,-1.383399209486158,-1.9762845849802257,16.501976284584984,30.13833992094863,-4.051383399209474,5,8,-0.29248109412966744,-0.18486258195944266,-0.11726510060273666,0.007829139110670897,-0.011978835955242262,-0.04585372051158934,0.01581648545233508,-0.06275115845697661,-0.13800283878561123,1.510177877123676,1.6507957933615602,-0.14061791623788422,1.8913230487496353,0.00028438868036752355,-0.23105943758623712,-0.06507301028915882,0.6246169266379534,0.783068783068783,0.8738461538461538,-3.842549203373946,-12.157534246575342,21.90310136456794,0.08333333333333333,0.3333333333333333,0.9796178615597797,82,0.44594594594594594,0.5090104331331015,0.0,0.0,0.0,0,-2.8117945929365784,-3.804584782937326,-2.926514963948923,-4.239575883090685
sz000721,2024-12-18,2.0,0.3072670636299213,0.3804347826086953,-9.957446808510639,72.06977947553386,377.0,40.6,0.0,0,0,0,0.472,train,0.1388888888888889,train,0,0,0,0,-0.8968609865470767,-0.8968609865470767,-1.377410468319562,-10.284664830119382,-12.672176308539951,-1.4692378328741929,1.469237832874204,-15.518824609733716,-5,-8,-0.04822816375098362,-0.13050272560352455,-0.08750303797361994,-0.005487970684331437,-0.028557256455488653,-0.0010746976230849394,-0.031556342286532216,-0.12100723267375121,-0.0278144750039508,1.4198949372188459,1.4359117059091693,-0.016016768690323424,1.6805871657627405,6.388064277961352e-05,0.5169038624272638,0.24357894364739097,3.1399627205648586,0.5537383177570094,0.6613475177304965,-14.624808575803982,-21.478873239436613,13.615964145061241,0.4583333333333333,0.4897959183673469,0.5617242364236809,88,0.2786885245901639,0.5080619664875119,0.0,0.0,0.0,0,-3.900916627394868,-2.62090372169822,-1.176805995380914,-2.6284694569815192
sz000722,2024-10-23,1.0,0.30071771344256976,0.5909090909090889,0.4930966469427922,78.04605684511681,285.0,49.2,0.0,0,0,0,0.3461538461538461,train,0.0895522388059701,train,0,0,0,0,12.715105162523876,12.715105162523876,0.38610038610038533,6.370656370656369,2.5096525096525157,1.0617760617760652,9.94208494208495,-0.9652509652509633,5,8,-0.2690703455046392,-0.14042991211978825,-0.0941582405174508,-0.045625396584901355,-0.08585207724568093,-0.005611176873873494,-0.007573042816638339,-0.1873601181762265,-0.019025986250655578,1.4203303386928754,1.7141608732164162,-0.2938305345235408,1.7023620289821118,1.7460635592564967e-05,-0.5637522218674273,-0.02798993797549666,0.2789750013027046,0.9754098360655743,0.0,-0.2859866539561384,-6.939501779359425,21.052549892506693,0.375,0.3829787234042553,0.7037800994615965,85,0.4178082191780822,0.5669614655716994,0.0,0.0,0.0,1,6.866513719335088,5.773489043217528,3.6961140665139336,8.105719072106577
sz000727,2025-11-24,1.0,0.5198914904848367,1.0,0.3937007874015741,81.24165973737406,47.0,82.0,0.0,0,0,1,0.3605442176870748,valid,0.7241379310344828,valid,1,0,0,0,12.741312741312738,12.741312741312738,2.316602316602312,0.7722007722007707,11.583011583011604,9.652509652509655,12.741312741312738,-0.7722007722007707,5,8,0.021664866957381977,-0.3345792356648309,2.5205398151632514,-0.05726991463038566,0.0008963342113602928,0.3510619654680347,0.00024246964634588148,-0.02259455095890527,0.3568590678961615,1.799918075486452,1.6783225659712573,0.12159550951519482,1.9243291606124289,0.0003714919875803068,0.20446895157486156,-0.039543759612382656,1.5140439257012923,0.1923076923076918,0.09433962264150914,-7.499999999999996,-8.15602836879432,19.942602028266414,0.5416666666666666,0.5416666666666666,0.5002068699029112,59,0.2804878048780488,0.7127123977344242,0.0,0.0,0.0,0,-4.873901443343165,-5.063815008731021,-3.262352920067779,-5.673074427266178
sz000737,2025-06-06,1.0,0.415062012510321,0.7234042553191476,1.0067114093959662,79.38031616912957,15.0,82.2,0.0,0,0,0,0.3605442176870748,train,0.288135593220339,train,1,0,1,1,41.48936170212767,41.48936170212767,1.193058568329719,2.819956616052055,0.9761388286334105,-3.7960954446854767,3.4707158351409806,-1.0845986984815759,0,0,0.11131826545314616,-0.16495567275860823,-0.10802827725979032,-0.02459381897014601,0.0391035457235221,-0.06701032106861023,-0.037624579609495015,0.010153890266103362,-0.1249448748911444,1.3067459450918648,1.4356837687345476,-0.1289378236426828,1.3135037459364511,0.00021905536266615043,-0.4055042218438578,0.01027660419799023,0.4229768711589019,0.8823529411764705,0.28780487804878047,-0.8438818565400852,-3.490759753593431,17.416530301899982,0.3333333333333333,0.46938775510204084,0.6917503418190908,45,0.3918918918918919,0.4988934555801454,1.0,0.0,0.0,1,1.0389357370555352,0.7372091390037694,0.39609974323475683,1.33597297197654
sz000750,2024-10-16,1.0,0.2659530729737143,0.5277777777777783,-2.132701421800942,76.89173760729531,286.0,48.8,0.0,0,0,0,0.2938144329896907,train,0.288135593220339,train,1,0,1,1,30.23255813953487,30.23255813953487,-3.0162412993039456,1.8561484918793614,8.120649651972167,10.440835266821358,24.361948955916503,-3.480278422273775,5,8,-0.15811225788715141,0.02231475936666921,-0.14186619480051396,-0.06345635107136734,-0.05704031005853452,-0.021722951761353207,-0.08890550445496026,-0.06078848472706566,-0.0033896528563657343,1.3679668418989586,1.466351960045437,-0.09838511814647855,1.589576937337467,0.0007720657517588801,-0.12565845440987652,-0.043170276631049,0.7767378658817916,0.0,0.0,,-26.369863013698634,19.302773922588827,0.3958333333333333,0.4489795918367347,0.5388889070625401,74,0.18681318681318682,0.5720151610865445,0.0,0.0,1.0,1,-3.5465675404809827,-4.7867936643872895,-3.1444743746303017,-10.53229637713109
sz000753,2024-12-31,1.0,0.551117835872651,0.5312500000000008,0.4773269689737347,82.50374227339589,261.0,42.0,0.0,0,0,0,0.2938144329896907,train,0.5208333333333335,train,0,0,0,0,4.883720930232549,4.883720930232549,4.523809523809508,-5.952380952380953,1.1904761904761862,0.952380952380949,7.380952380952377,-8.333333333333337,5,-8,-0.11677496520668713,-0.1905664876514037,-0.12952656569725798,0.028165551354260576,-0.011853984713232128,0.026865645091452832,0.03238396944114353,-0.08276685479748072,0.03892096454054573,1.3915546389925775,1.4731361680778639,-0.08158152908528638,1.4354474835305475,2.590095065616691e-06,-0.3836378891624621,-0.08678605155159998,0.44546489776355547,0.038732394366196986,0.31060606060606055,-38.83357041251778,-38.83357041251778,25.396477636801745,0.3541666666666667,0.5531914893617021,0.6424471878301458,44,0.35294117647058826,0.1340499525766677,0.0,0.0,0.0,0,-3.3522260743835464,-2.875651190587969,-1.224425646565419,-3.2505371466984068
sz000753,2025-03-24,2.0,0.25677528606290095,0.5128205128205126,0.3968253968253954,74.59985462663813,223.0,48.7,0.0,0,0,0,0.2571428571428571,train,0.0895522388059701,train,1,0,1,0,20.571428571428573,20.571428571428573,-2.564102564102566,5.128205128205132,-1.7751479289940808,1.380670611439827,14.201183431952646,-7.297830374753456,5,8,-0.18405397152001934,-0.03351480575042404,-0.06409915396482783,-0.04315062679412136,-0.030299067794770748,0.0007997506023092451,-0.0954113205976692,-0.018312893793986717,0.032216627636021955,1.3244451359787228,1.3550027222480605,-0.03055758626933769,1.4372217921547952,0.002097947267069476,-0.12357037602615162,0.05782544840482923,0.7800398111897613,1.0,1.0,4.166666666666674,-3.669724770642202,35.15603484873446,0.3958333333333333,0.20408163265306123,0.759789797925056,42,0.391304347826087,0.28319142226426997,0.0,0.0,0.0,0,-3.4785950606303184,-2.2746938384722304,-1.5497195797945396,-2.824750513130947
sz000759,2024-10-30,1.0,0.30785843905316734,0.5600000000000023,0.0,74.79166219945974,42.0,78.3,0.0,1,0,0,0.3605442176870748,train,0.1388888888888889,train,1,0,0,1,10.591133004926135,131.28078817733996,2.481389578163773,1.7369727047146233,0.2481389578163684,2.481389578163773,11.414392059553347,-2.2332506203474045,5,8,0.08192501892716175,-0.056765623421638885,-0.13812379341780415,0.0051103524559527715,-0.04555390333911748,-0.03274257043534701,0.0065338789204274,-0.09103378248216394,-0.11272784507288122,1.4500150330305641,1.4945474811565462,-0.044532448125982116,1.6890306190666218,0.0,-0.18678700857107,0.10742129085679053,0.6852223571338759,1.0,0.0,0.24691358024691024,-7.093821510297493,16.751076649769292,0.3958333333333333,0.38636363636363635,0.5505870503574471,134,0.24719101123595505,0.49414742170199305,0.0,0.0,0.0,1,1.9609954186599055,1.0655595378630478,-2.1081247452153895,-2.439021514691142
sz000767,2024-11-08,1.0,0.88015469260211,0.714285714285714,0.7168458781362075,87.31519994575527,210.0,53.3,0.0,0,0,0,0.3461538461538461,train,0.2,train,1,0,0,0,10.877192982456151,10.877192982456151,-0.692041522491349,2.422145328719716,-9.342560553633216,-8.996539792387548,9.342560553633227,-9.342560553633216,5,8,-0.08191520461122329,0.12804557704713188,-0.1998419218527741,0.0003236821195422644,-0.06339586153316354,0.08034252208365276,-0.013566880974374026,-0.08649692510807644,0.03342493749250973,1.3967978930562461,1.5404304849004424,-0.1436325918441963,1.4917157568919774,0.0,-0.0754613378948338,-0.14513178285821907,0.8596670373245664,1.0,1.0,2.1505376344086002,-4.999999999999993,25.730082196288095,0.2708333333333333,0.6041666666666666,0.8928504897341571,102,0.44565217391304346,0.3517524471108304,0.0,0.0,0.0,1,8.311475981234384,6.698135164180341,5.501943010425925,9.316044260255607
sz000785,2024-12-26,1.0,0.32637709886509664,0.6190476190476194,-1.5789473684210464,71.25195061971145,36.0,85.3,0.0,0,0,1,0.472,train,0.575,train,1,0,0,1,11.421319796954311,41.37055837563452,1.3020833333333481,-7.03125,8.59375,-5.46875,14.322916666666652,-10.9375,5,-8,-0.1220143432276119,-0.14339313588824107,1.517072882524268,0.01493416202790046,0.018711626525165934,0.2042852094080924,-0.0025376465315130404,-0.048220018841151374,0.14061348923288353,1.407925291667117,1.482613738965828,-0.07468844729871105,1.4779051576912812,9.247002835685167e-05,-0.4783068246173784,-0.1121857172667209,0.35289911856941364,0.4227272727272728,0.5225563909774437,-24.37619961612284,-29.64285714285714,13.348532070487641,0.4166666666666667,0.3673469387755102,0.5521031299973633,83,0.25892857142857145,0.6251580278128951,0.0,0.0,1.0,0,-0.7529079762421231,-0.251697944506335,1.0649344493999235,-0.16699473048388258
sz000788,2024-09-10,1.0,0.6593927371423738,0.7291666666666671,-0.5671077504725952,82.19485751078824,335.0,45.1,0.0,0,0,0,0.3461538461538461,train,0.575,train,0,0,1,0,25.974025974025984,26.90166975881263,-2.4299065420560706,-2.24299065420559,-2.24299065420559,3.738317757009346,4.299065420560755,-5.794392523364477,-5,0,-0.07467503770029575,0.08568142825092054,-0.008720245435253841,-0.01891441417413026,0.0,0.0,0.0003007508533845749,-0.06017091827700625,-0.09511612063624669,1.659235715269603,1.4706305671353792,0.1886051481342237,2.2014899831175523,0.0,0.210239897504137,0.40904947807702635,1.5324145821996327,0.0,0.0,,-6.0975609756097615,22.341971582124714,0.5833333333333334,0.7142857142857143,0.6411411265484669,37,0.3508771929824561,0.5558367605188231,0.0,0.0,0.0,0,-1.8550773259627285,-1.9313575454305454,-2.3728334716490718,-1.0499442691984995
sz000790,2025-11-07,1.0,0.8609458339203094,0.8695652173913035,-0.24570024570026439,80.44481353981207,75.0,70.9,0.0,0,0,0,0.3461538461538461,valid,0.2,valid,0,0,0,0,12.971698113207552,12.971698113207552,-1.3667425968109215,-1.5945330296127436,2.9612756264236983,-7.744874715261951,9.111617312072905,-4.328018223234609,5,8,-0.09378381931415668,-0.2582194714807917,-0.1713187831004921,-0.02021047829684603,-0.03148059371272774,-0.06261743521311665,-0.08605782875849786,-0.12272405168729428,-0.1479588094829368,1.8657174909625818,1.4302004928031575,0.43551699815942424,2.1215798137392032,7.288164666364042e-05,0.024746158737937146,-0.14764793016550062,1.050748138978696,1.0,0.9245283018867925,3.6674816625916984,-4.504504504504503,19.708180019165084,0.5625,0.5581395348837209,0.7280968730554561,49,0.379746835443038,0.44192634560906513,0.0,0.0,0.0,1,0.4689613161065864,-0.04218113071048357,0.8215800674885587,0.6485580524397294
sz000796,2024-12-24,1.0,0.6117988307005676,0.37037037037037174,-6.960556844547561,78.2271432743478,195.0,59.9,0.0,0,0,0,0.472,train,0.5208333333333335,train,0,0,0,0,6.459330143540676,6.459330143540676,-3.5971223021582843,1.918465227817756,-2.877697841726623,-9.35251798561152,6.714628297362113,-4.55635491606714,5,-8,-0.009132323603842267,-0.09447403807886538,-0.21494241886756038,0.046226366552683994,0.02587872567859238,-0.006730675560498082,-0.03111620845693718,0.05645693879216197,0.01241005819825346,1.4352647233025961,1.3702229708803502,0.06504175242224597,1.8259072507221539,0.0,0.23005658434542064,0.3027581321075367,1.5975934845805115,0.0,0.3140096618357488,-25.357142857142854,-30.10033444816055,14.133748347603762,0.5625,0.5555555555555556,0.6129083847753616,66,0.34,0.7414664981036663,0.0,0.0,0.0,0,0.3323093656002918,0.8053247081288406,1.5720110899616557,0.5618347605217178
sz000801,2025-02-14,1.0,0.5330922407982147,0.4635761589403975,-0.9293680297397744,83.86055961225414,56.0,79.8,0.0,0,0,0,0.3605442176870748,train,0.2,train,1,0,1,0,25.819916517590947,25.819916517590947,0.8064516129032251,-1.4267990074441683,2.977667493796532,11.662531017369716,15.322580645161278,-4.218362282878418,5,8,-0.024750994867124912,-0.21820646054432957,-0.14281135256177263,-0.048953437369597036,-0.00522254357223714,-0.03985834949274865,-0.05479675879751299,-0.0248573783523103,-0.0726569929060782,1.3147231872432563,1.339107674684931,-0.024384487441674763,1.5291773843995096,0.02576750187008509,-0.193847499163843,0.07003341050635849,0.6752558441515997,1.0,1.0,1.759708737864063,-4.00686891814539,25.90497599236645,0.3333333333333333,0.2857142857142857,0.7614408141850733,57,0.2962962962962963,0.3845425867507886,0.0,0.0,0.0,1,1.8711930257548248,1.950770110389155,1.1895513831674975,1.8832056960079502
sz000802,2025-07-07,1.0,0.6947365535818409,0.5199999999999996,-0.2123142250530785,78.92469650830323,212.0,54.6,0.0,0,0,0,0.2938144329896907,train,0.2,train,0,0,1,0,26.48870636550309,27.72073921971252,-1.0101010101010055,0.40404040404038444,0.20202020202020332,0.8080808080808133,2.2222222222222143,-1.6161616161616155,0,0,-0.4484305548466717,-0.26915244123959753,-0.08454458363073611,0.012501722768776976,0.0,-0.02343927242288737,-0.06195586655081885,0.02170341312138052,-0.04502431673511465,1.5610070059397987,1.68089899870607,-0.11989199276627138,1.4852165376553481,0.0,-0.40702461670531365,-0.27908504045348853,0.42143923869874894,0.8249999999999994,0.9124999999999998,-1.4170040485830038,-2.6000000000000023,18.289801035576296,0.3125,0.5,0.6646191343372196,57,0.19718309859154928,0.630201765447667,0.0,0.0,0.0,1,-0.45691427964774656,-0.2532716537459012,0.7392000836568435,-1.0602765788252921
sz000802,2025-10-13,2.0,0.48913507294254843,0.39130434782608947,-2.0224719101123556,73.3579232391273,552.0,21.5,0.0,0,0,0,0.2571428571428571,valid,0.2444444444444444,valid,0,0,0,0,4.646017699115057,10.176991150442504,-0.8869179600886956,-1.9955654101995512,-2.2172949002217224,-0.8869179600886956,3.10421286031044,-4.212860310421274,0,0,-0.1987842337324547,-0.29542776390865416,-0.03462704195882012,0.016807719225334954,-0.030677645286994886,-0.03301119625750006,-0.1693338638326592,-0.020908316275636177,-0.12429505042457625,1.6749034289236564,1.679309947606702,-0.004406518683045535,1.6199886140283264,0.0,-0.1416433266461498,-0.047191899883875614,0.7518606322304516,0.11940298507462566,0.04790419161676598,-11.545988258317042,-12.741312741312749,16.835808509194063,0.5208333333333334,0.7391304347826086,0.4890900899554065,50,0.2857142857142857,0.27539432176656153,0.0,0.0,1.0,1,1.6515407032458462,1.873413338547425,0.9654797760735967,-2.3089611175829305
sz000803,2025-09-09,1.0,0.3620085767857702,0.60377358490566,1.04302477183833,78.08616173850709,94.0,64.1,0.0,0,0,0,0.3605442176870748,train,0.2,train,0,0,0,0,1.7587939698492372,9.547738693467345,-1.401273885350307,-1.6560509554140124,-3.9490445859872603,-14.394904458598724,3.1847133757961776,-5.4777070063694255,-5,-8,-0.028521741931292525,0.13290061050551163,0.28080807386970086,-0.020318226857597637,-0.0185233116708551,-0.037883511373609145,-0.05608452599469983,0.0436937311660326,-0.06815322107621563,1.5727516891909026,1.3909635820790074,0.1817881071118952,1.6295683940820767,0.00014822061707152055,-0.08111377710632127,0.13548501044584943,0.849944050618931,1.0,1.0,3.780964797913944,-3.864734299516903,32.153272287486274,0.5625,0.325,0.49263044673666295,49,0.3466666666666667,0.3000629722921914,0.0,0.0,0.0,0,-1.2012047117410662,-0.47006262589077696,-1.2068805177063768,-0.14810830804745656
sz000809,2025-11-11,1.0,0.32965159723139875,0.8285714285714283,0.0,81.55362372469637,60.0,73.0,0.0,1,0,0,0.7647058823529411,valid,0.575,valid,0,0,0,0,9.973753280839915,9.973753280839915,2.564102564102577,-4.358974358974354,-8.205128205128197,-13.589743589743586,7.435897435897454,-10.000000000000009,5,-8,1.1337880090224524,-0.21108398902179487,-0.08423704021204192,0.19629266356313188,-0.010801403842694925,-0.039645772997523476,0.12871578204261946,-0.05415830884901546,-0.09431276501078663,1.288300289704007,1.5290697630224457,-0.24076947331843868,1.3830155053918454,0.004164634281742292,0.16770665181814406,0.21125271737748855,1.4029988998097824,0.9189189189189189,0.9381443298969072,-1.5503875968992276,-7.073170731707313,19.242599695853944,0.2916666666666667,0.5555555555555556,0.6032690356207676,55,0.3373493975903614,0.5347593582887701,0.0,0.0,0.0,1,1.41291021455483,1.1203031087162696,0.7245871618826172,0.007223788599519665
sz000810,2025-08-18,1.0,0.33646488909398165,0.5571428571428585,-0.0848896434634927,75.63411350059275,2.0,94.6,1.0,0,0,0,0.3605442176870748,train,0.1388888888888889,train,1,0,1,0,22.3127035830619,22.3127035830619,1.8790849673202548,2.12418300653594,1.9607843137254832,2.450980392156854,6.617647058823528,-0.5718954248365993,5,0,-0.08409710155281908,-0.3057902894708611,-0.1697112719549225,0.0006543718795550095,-0.010813851320006592,-0.009426121367827809,0.04681483551529882,-0.03720014267094135,-0.028687676337521572,1.3406633828772327,1.4796253950294431,-0.13896201215221038,1.4337640021794118,4.5556781562055656e-05,-0.3242340806874227,0.1031698284176543,0.5103069987156506,1.0,1.0,3.541315345699836,-3.0781373322809835,13.173042109645971,0.4166666666666667,0.4897959183673469,0.5011291065534658,79,0.3629032258064516,0.6782334384858044,1.0,0.0,0.0,1,4.229088151524896,4.3245228485208065,2.8356967717681814,9.512720833728139
sz000811,2024-11-06,1.0,2.3991311569879112,0.88235294117647,0.0,79.63893400747936,26.0,82.3,0.0,0,1,0,0.2938144329896907,train,0.2,train,0,0,0,0,10.875576036866352,27.46543778801844,3.821656050955413,3.0937215650591376,2.1838034576888044,0.0,9.463148316651493,-1.7288444040036377,5,8,-0.08574000017427374,0.06988552579550297,-0.006849292582043439,0.02056931354600665,0.0029491963597449667,-0.03411060741295189,0.05067760954407237,0.053620906082603635,-0.06948785230559902,1.7473368423237217,1.4850106947321922,0.2623261475915295,3.389428026473458,2.72504847146187e-05,0.0268529849924566,0.03160435704534313,1.055187930658655,1.0,1.0,1.4018691588784993,-3.9823008849557584,13.914172420169209,0.4375,0.6458333333333334,0.8057251406655752,117,0.4532710280373832,0.5178515007898894,0.0,0.0,0.0,1,4.549431871947829,4.930734226551192,3.466671253434961,5.313363897228474
sz000812,2024-10-31,1.0,0.3450384282387004,0.6799999999999997,-0.6726457399103158,79.61063748050337,21.0,85.3,0.0,0,0,0,0.3605442176870748,train,0.2,train,1,0,1,1,41.176470588235304,41.176470588235304,-3.7280701754385914,-2.412280701754377,1.7543859649122862,8.55263157894739,8.55263157894739,-5.701754385964907,-5,8,-0.2349395758438233,-0.16110264200580487,-0.08895881382710183,-0.03417048556946475,-0.01866070149552699,0.09374864693200653,-0.09203916955682478,-0.03454708045804521,0.024030941493094565,1.463560798611044,1.5194446359697753,-0.05588383735873137,1.238590165469244,4.158909990344059e-05,-0.1161194394126305,-0.26424038570413594,0.7919229155730151,1.0,0.0,0.21834061135370675,-3.57142857142857,18.698471562693467,0.4375,0.5625,0.5269292671134984,168,0.40213523131672596,0.6684593483074976,0.0,0.0,0.0,1,4.350858333495822,3.048634903277092,-0.9619598530189677,-0.4888659586026578
sz000813,2025-03-14,1.0,0.34708686058483623,0.6071428571428558,1.0638297872340496,76.84248305048722,40.0,78.5,0.0,0,0,0,0.4677419354838709,train,0.2,train,0,0,0,0,3.307888040712448,3.307888040712448,4.986876640419946,-3.149606299212604,-6.5616797900262425,-11.023622047244096,6.5616797900262425,-7.349081364829402,5,-8,-0.09196600265200135,-0.1811802706157763,-0.1806547440525042,0.06624977908250908,-0.05494101711713424,-0.06185183633486103,0.022332123294585945,-0.13672950028939612,-0.08959114201901429,1.400899220931307,1.5061344985657559,-0.10523527763444895,1.5229417644808034,0.0001798757304877731,-0.33237880578269713,-0.2117398564111733,0.5010746128051123,1.0,1.0,4.521276595744683,-4.146341463414627,18.422602279994422,0.4375,0.4489795918367347,0.7354059255136028,70,0.2553191489361702,0.8278688524590164,0.0,0.0,0.0,1,0.9743161418948043,1.433479042705077,1.5857548995195092,0.9708218816004033
sz000815,2024-10-17,1.0,0.6871531465456935,0.6363636363636356,0.7882882882882747,77.2138044153585,26.0,78.0,0.0,0,0,0,0.3461538461538461,train,0.5208333333333335,train,0,0,0,1,19.30585683297179,49.132321041214745,2.960526315789491,3.3991228070175517,4.495614035087714,12.390350877193,20.61403508771931,-0.3289473684210509,5,8,-0.01873314225252239,-0.06851487547857354,-0.2142728596837477,0.0022412589410450846,-0.02593104483942145,-0.09139667427023408,0.04752054300030957,-0.08745973136161773,-0.20510874218283223,1.3855674823664075,1.5591467813999653,-0.17357929903355784,1.5212635631519231,4.644102223976808e-05,-0.029382869741189623,-0.07200351472087661,0.9429116792111041,0.0,0.0,,-13.427230046948358,13.820668778738598,0.3333333333333333,0.5,0.7766620759993407,44,0.45,0.21660877802336595,0.0,0.0,0.0,1,-2.633550538543461,-4.777710914487033,-5.242053986906104,-8.108070613125607
sz000816,2025-01-09,1.0,0.46996051171632813,0.7058823529411774,-1.3559322033898313,78.98843848588353,6.0,85.4,1.0,0,1,0,0.3605442176870748,train,0.55,train,0,0,0,1,13.576158940397365,53.97350993377486,-3.6666666666666625,1.6666666666666607,4.0000000000000036,-8.000000000000007,6.333333333333324,-8.000000000000007,-5,-8,-0.2026779350339639,0.06473609435297711,-0.04759487043414687,-0.04190684148625848,0.09851128182061494,0.01893809483103305,-0.021899794265161015,0.08456352433478914,0.03830657988295886,1.4751575388987463,1.5106205003769106,-0.0354629614781643,1.2493104756200806,0.0005083287525704635,-0.05495334174861799,0.027840880132641438,0.8958184413018094,0.0,0.0,,-3.821656050955413,13.489965165941722,0.5,0.6666666666666666,0.5757167297642568,77,0.21428571428571427,0.4326801517067004,1.0,0.0,0.0,0,-2.144341754973922,-1.6089801297821338,-1.0605682888513712,-2.416088158163321
sz000818,2025-02-12,1.0,0.28037789318159234,0.7683615819209039,0.14787430683917968,73.00660898033564,80.0,75.6,0.0,1,1,1,0.9047619047619048,train,0.7241379310344828,train,1,0,1,1,71.85454545454544,71.85454545454544,9.324177809902423,30.7914709071196,41.12757499096493,14.34766895554751,70.79869895193349,-0.07228044813879508,5,8,2.5050690104822415,1.2880275776233758,0.3251529279555419,0.32796653450318786,0.0925530169982337,0.06538203154495387,0.259098258782749,0.058773570382666326,0.031210401227326906,1.3179677435985895,1.3390171538222615,-0.021049410223672016,1.4322002829262526,0.0005018047493879351,0.890990369048711,-0.0799341487214451,17.34700276064325,1.0,1.0,1.6635859519408491,-4.712404712404705,16.608133442237037,0.3541666666666667,0.16326530612244897,0.6522755296147236,71,0.29,0.6174708293913592,0.0,0.0,0.0,1,6.85502756248364,5.8090524999772075,3.2878553859982285,6.245327322186656
sz000818,2025-03-26,2.0,0.4738838501346387,0.6043165467625912,-0.6345651362448579,75.58131997815518,131.0,64.4,0.0,0,0,0,0.2938144329896907,train,0.2,train,0,0,0,0,1.0921004732435513,1.0921004732435513,-1.5797207935341673,-2.351212343864806,-4.592211609110953,-15.466568699485661,2.0205731080088274,-5.73108008817046,-5,-8,-0.29886493237043454,-0.18882871117385672,-0.3233711678120954,-0.043086033737253455,-0.00032126457643292047,-0.017307836091869016,-0.11548642880347938,-0.00811264210283589,-0.0529562182219639,1.3918445224489147,1.6755332684485114,-0.2836887459995967,1.5001421942747453,7.105155560872203e-05,0.09352558210445401,0.012408995697155078,1.2063501854174357,0.11486486486486479,0.44855820576717687,-16.01956588199328,-20.6986143187067,13.664582616993366,0.22916666666666666,0.3469387755102041,0.819557494774199,62,0.30337078651685395,0.652160201829076,0.0,0.0,0.0,0,-3.5000809712380843,-2.506594799005457,-2.264528568379176,-3.7098216943377893
sz000819,2025-09-01,1.0,0.27628427183885323,0.6829268292682952,0.42016806722688926,76.67141677937913,125.0,67.6,0.0,0,0,0,0.2938144329896907,train,0.0895522388059701,train,0,0,0,0,6.998264893001749,21.457489878542525,-0.9849362688296726,-3.360370799536516,0.6373117033603659,4.171494785631502,5.677867902665112,-4.750869061413676,5,0,-0.04384509095940206,-0.17428345397269743,-0.25866097973701774,-0.06836703244688822,0.009925529026504495,-0.03648643772213595,0.03622273867935984,0.0339059911851295,-0.019422096585986624,1.4559616476008157,1.6729524602516592,-0.21699081265084352,1.506504210129055,0.0,-0.8951408083455393,0.09690823794284731,0.0553305544330518,0.9708029197080298,0.6949152542372877,-0.2308136180034559,-3.1372549019607954,20.648217980942277,0.3958333333333333,0.3829787234042553,0.6088488309778674,85,0.2857142857142857,0.5780018909549323,0.0,0.0,0.0,1,0.31320074760674554,2.278410255159913,1.2192145222959194,6.999090043954537
sz000819,2025-10-13,2.0,0.27001084423097044,0.9459459459459447,-3.0303030303030276,80.58972599979677,292.0,43.1,0.0,0,0,0,0.4677419354838709,valid,0.1388888888888889,valid,0,0,0,0,6.2755102040816135,6.2755102040816135,3.688524590163933,-6.86475409836066,-8.504098360655743,-3.432377049180313,6.7110655737704805,-9.323770491803284,5,-8,-0.10093895659376168,-0.08898509740525372,0.012951391091701335,0.003093117333449424,-0.10808853189797359,-0.005039827160093476,0.04223944795759356,-0.1547462403151853,0.008966939465516662,1.3314036996129028,1.3659190986368206,-0.03451539902391776,1.4858781180461023,0.00029896325948124873,-0.42466645020413923,0.1482202689933963,0.403837368187776,0.8494318181818189,0.8732057416267949,-2.6328862394435992,-6.666666666666665,18.17231952312055,0.4375,0.2916666666666667,0.5214410021885107,50,0.2857142857142857,0.27539432176656153,0.0,0.0,0.0,1,1.6515407032458462,1.873413338547425,0.9654797760735967,-2.3089611175829305
sz000820,2025-11-25,1.0,1.2616471960634748,0.6333333333333335,-4.985337243401755,90.51222903672166,391.0,44.3,0.0,0,0,0,0.3605442176870748,valid,0.288135593220339,valid,0,0,0,0,7.164179104477597,20.597014925373138,1.5151515151515138,5.151515151515174,0.909090909090926,2.4242424242424176,8.787878787878789,-2.1212121212121127,5,8,-0.004030344490927286,-0.0970957713043807,-0.27979159499373046,-0.14928384560238547,-0.034828063176235366,-0.03433689153925918,-0.12136646629819335,0.007913255544621857,-0.265607032455637,1.660087529282639,1.1488534006446465,0.5112341286379924,1.7775257125753854,0.00021420406459899945,0.12129195918531668,-0.04672051333225367,1.276068850065062,0.5263157894736843,0.5743243243243243,-15.829145728643212,-17.28395061728395,59.46363531719096,0.4791666666666667,0.358974358974359,0.7832411700752957,67,0.2872340425531915,0.7648725212464589,0.0,0.0,0.0,0,-2.6604581218940826,-2.7466608388713842,-1.702819986056625,-2.876499941548649
sz000826,2025-05-19,1.0,0.2752621106486576,0.5555555555555545,1.1428571428571344,76.17807319800959,13.0,84.8,0.0,0,0,0,0.472,train,0.2444444444444444,train,1,1,1,1,37.158469945355165,37.158469945355165,2.1739130434782483,-0.5434782608695676,-0.5434782608695676,19.565217391304344,36.413043478260846,-3.8043478260869623,5,8,-0.018096827339258256,-0.4205689889455765,-0.4459364364800722,0.06514305663048277,-0.01217398737638733,0.0008565835696927017,0.07059641245933669,-0.02474933795438687,0.07940658123767956,1.5519318819974237,1.7191953378006817,-0.16726345580325797,1.3886403879229705,7.556427957690149e-07,-0.5668153401409025,-0.46689033794264206,0.2764746098414772,1.0,0.5600000000000003,3.3898305084745894,-2.659574468085102,24.935098663811264,0.3125,0.5121951219512195,0.577073165230544,73,0.24742268041237114,0.6879746835443038,1.0,0.0,0.0,1,-1.1694229550489599,-1.2579133072772142,-0.3460717312782968,-1.5477981281375564
sz000826,2025-11-03,2.0,0.3434936965326217,0.5769230769230771,-1.6064257028112428,78.3747009799084,154.0,65.2,0.0,0,1,0,0.3605442176870748,valid,0.0925925925925925,valid,0,0,0,0,4.296875,4.296875,-2.692307692307705,-3.4615384615384714,-3.4615384615384714,-2.3076923076923106,2.6923076923076827,-4.615384615384621,0,0,-0.15677397808358556,0.0967849109314263,-0.2208919963862355,-0.009011389111102924,0.0026695785144415936,-0.014975986791678627,-0.07820133847145942,-0.03545763938718986,-0.054016089044109136,1.4172010496484966,1.347860259403534,0.06934079024496254,1.494978344014496,0.0058164615591640295,-0.24844520167867176,-0.28921780497978417,0.6019926203495197,1.0,1.0,1.9920318725099806,-5.535055350553497,37.71514390177532,0.4375,0.3541666666666667,0.6637010064684379,60,0.3023255813953488,0.6924771797293043,0.0,0.0,0.0,1,0.5701469748757626,-0.6205495922761539,-1.3277258914967116,-1.1619795188963278
sz000837,2025-05-15,1.0,0.2908808782606382,0.6764705882352956,-0.07558578987150177,75.22336978979983,163.0,52.1,0.0,0,0,0,0.2571428571428571,train,0.0925925925925925,train,0,0,0,0,3.0478955007256836,3.0478955007256836,0.972326103216159,0.8975317875841604,-4.188481675392664,-8.077786088257287,6.207928197456991,-4.338070306656694,5,-8,-0.13479310312221857,-0.42489275964269313,-0.30757311646799873,-0.08436224835056588,0.012497095603625883,-0.027186827396204767,-0.11634570848776096,0.014336021410030384,-0.013688656686556843,1.3658101204202475,1.4835423092216526,-0.11773218880140512,1.3484018240035316,2.0822886114998426e-05,0.05397528457668413,0.06405645455431731,1.1141096711253087,1.0,0.753554502369668,2.9895366218235964,-3.2303370786516905,14.056375353737309,0.3541666666666667,0.6326530612244898,0.5723035407083719,43,0.3384615384615385,0.27560050568900124,0.0,0.0,0.0,1,-1.6407994482173893,-1.0133524412391015,1.40940466007351,0.6797352861496853
sz000838,2024-12-04,1.0,0.6537780693786484,1.1578947368421042,-0.30030030030030463,84.88415488072167,557.0,24.5,0.0,0,0,0,0.3461538461538461,train,0.1764705882352941,train,1,0,0,0,8.605341246290799,8.605341246290799,0.8982035928143839,-4.79041916167664,5.988023952095811,-6.287425149700598,9.580838323353301,-6.287425149700598,-5,8,-0.15714732513866936,-0.17406965779213315,-0.027979500613383425,-0.06025629107207791,-0.11812144846437587,-0.014001824143618351,-0.07418587237205494,-0.25194196893477566,0.033419600906157865,1.4161812338754907,1.5151381893367482,-0.09895695546125749,1.4582121081229822,4.361080924493902e-05,-0.059500165772993115,-0.1519395767066705,0.8876825739246906,1.0,1.0,1.2012012012011963,-6.128133704735372,15.8007067352643,0.375,0.5652173913043478,0.6457669447496778,79,0.4148148148148148,0.1925387290546949,0.0,0.0,0.0,0,1.4101314541953291,1.2805083424853203,0.6017873304597687,0.20939608983328029
sz000862,2024-11-05,1.0,0.3030069666672704,0.5,0.0,73.80891675961061,537.0,35.9,0.0,0,0,0,0.2938144329896907,train,0.1764705882352941,train,0,0,0,0,9.71731448763251,9.71731448763251,-0.7155635062611854,3.5778175313059046,1.610017889087656,-2.683363148479423,11.091234347048307,-2.146690518783545,5,8,-0.005666285657917466,-0.2111351775305002,-0.1767066801633554,-0.007348296256992412,-0.060323891807118626,0.010234214038358946,-0.1095029058679306,-0.03419503966347346,-0.04625611109350812,1.5428839112670978,1.4884366954411041,0.054447215825993656,1.7828332185842248,4.7486502247011457e-07,0.004659803165772666,0.17694836619294516,1.0093632371737695,1.0,1.0,0.8912655971479388,-2.9159519725557415,17.469180243686743,0.5416666666666666,0.5106382978723404,0.4221678299599899,151,0.2524752475247525,0.9310998735777497,0.0,0.0,0.0,1,4.724492467741936,5.151666694594859,3.0556490529471736,5.168529840870284
sz000862,2025-03-19,2.0,0.4591043560849975,0.5757575757575757,0.1953125,81.88603422973499,2.0,94.0,1.0,0,0,0,0.3605442176870748,train,0.1764705882352941,train,1,0,0,0,13.883677298311458,29.080675422138835,0.18761726078799779,-0.18761726078798668,-2.4390243902439046,-0.7504690431519689,2.62664165103188,-3.752345215759856,-5,-8,-0.04833608633139496,-0.15273323767332964,-0.055657397730697215,-0.033803692496127614,0.015379048220814342,-0.0695054545476648,-0.11067913861037071,-0.00409852555514514,-0.10223192826040729,1.4036791289574213,1.5050371281492543,-0.10135799919183297,1.3742194585863727,0.0,-0.16098524814210136,0.07876567653127098,0.7226747740339984,1.0,1.0,3.2945736434108586,-3.4420289855072395,23.6571812338661,0.4791666666666667,0.5869565217391305,0.6002788573957754,45,0.3382352941176471,0.30956137582833704,1.0,0.0,0.0,1,-0.03488977005657867,1.0088640892350398,2.1118311971168646,1.4183067902517443
sz000876,2025-02-17,1.0,0.7586839582106679,0.4516129032258065,-0.219780219780219,80.21756943568343,310.0,49.7,0.0,0,0,0,0.2571428571428571,train,0.0895522388059701,train,1,0,0,0,14.435146443514624,24.26778242677825,-4.81444332998997,0.7021063189568633,3.3099297893681046,-4.012036108324979,9.729187562688058,-6.720160481444337,-5,8,-0.2703438938347235,-0.07380676394560563,-0.273917130807716,-0.09393567389428804,-0.09738462988899248,-0.047469852718905095,-0.10521122979341326,-0.12053678943865666,-0.05491007663992204,1.530747819292834,1.4239666925864893,0.10678112670634476,1.956980560227983,0.00026314674620154773,-0.38391546851014036,0.144075079856051,0.4451749731167524,1.0,1.0,5.054945054945059,-4.208416833667339,19.08943067459684,0.5,0.6122448979591837,0.6924417001210285,91,0.38513513513513514,0.6534216335540839,0.0,0.0,0.0,1,1.1435176137702951,1.0217929847562202,1.187792000629151,1.957001510204326
sz000880,2024-11-12,1.0,0.27471412547266977,1.0166666666666664,1.1959521619135272,77.81159410818942,253.0,47.8,0.0,0,1,0,0.472,train,0.2444444444444444,train,1,1,1,1,35.122838944494994,85.35031847133759,0.09124087591241281,21.167883211678816,19.98175182481752,13.959854014598537,35.49270072992699,-2.3722627737226443,5,8,-0.0816373434734947,1.358946710784339,-0.08385136566840776,-0.010288780867176972,0.0392973527411119,-0.027488725155262225,0.009283908518628587,0.08463590375231743,-0.039563011984033426,1.3580278612225594,1.497704154268483,-0.13967629304592366,1.578490264704997,1.0283814742140444e-05,0.5061589772251335,0.11134715172524817,3.0498863151588864,0.8492063492063496,0.8397435897435898,-1.6994633273702986,-5.258620689655169,15.588912099504778,0.3541666666666667,0.4523809523809524,0.5596216244217497,69,0.48507462686567165,0.2971862156180841,0.0,0.0,0.0,1,3.5973586263033708,2.485488027617677,1.0179196936140888,4.409171730520112
sz000880,2025-02-20,2.0,0.692613744612898,0.6687500000000011,2.5099075297225992,78.71074107186712,77.0,70.5,0.0,1,0,0,0.8214285714285714,train,1.0,train,1,1,1,1,76.4804703905922,76.4804703905922,1.4722975590856446,22.781867493219686,19.721038357225872,17.31886865555987,27.353738860906617,-0.5036807438977053,5,8,6.1259234730426355,0.23628668394502017,-0.026160817171454454,0.2563219316080824,-0.01482512161019903,-0.014372833816549238,0.28879894208266293,-0.04837055295497272,-0.04227562016324745,1.449111721034965,1.5330231013218916,-0.08391138028692646,1.9925717512867387,3.292203365429581e-05,0.2612973614160598,-0.113333460404295,1.7074493788649656,0.8810572687224667,0.9016990291262134,-3.290008123476862,-5.963665086887837,23.244101270951056,0.3333333333333333,0.4791666666666667,0.7632968764214239,80,0.25925925925925924,0.5787314610287156,0.0,0.0,0.0,1,1.9624557392126318,1.0051335299483544,0.6083290539304231,2.2713400266956896
sz000880,2025-04-01,3.0,0.341636868637597,0.8499999999999979,2.3048555623847555,79.31470631293047,379.0,44.6,0.0,0,0,0,0.2938144329896907,train,0.288135593220339,train,1,0,1,0,21.19678475736826,21.19678475736826,5.109489051094895,8.613138686131405,3.649635036496357,0.6423357664233631,18.861313868613138,-4.204379562043792,5,8,-0.06034956979374578,-0.08988999053079375,-0.2891411633314831,0.02962723462454081,-0.014054763151936201,-0.0003457897938789263,0.06140713209635131,-0.050614554091896566,0.014094071194994883,1.3384584453161565,1.334967445094699,0.003491000221457652,1.5683249588823531,4.267841831087649e-05,0.8829173477501647,0.1708954343087898,16.081949900932607,0.4745497259201256,0.7194816053511708,-16.65012406947889,-20.061875297477393,31.088650723132332,0.5,0.5102040816326531,0.7282213052276225,49,0.4235294117647059,0.7264121173871884,0.0,0.0,0.0,0,-0.8125846440687035,-0.9097233187224885,-1.134477420069513,-2.0322178930146317
sz000881,2025-11-19,1.0,0.3843783206006731,0.727272727272727,0.0,81.1887390031536,37.0,75.1,0.0,0,0,0,0.3461538461538461,valid,0.1570802559955702,valid,0,0,0,0,9.090909090909083,12.937062937062937,-0.952380952380949,-4.52380952380953,0.11904761904761862,4.404761904761889,10.119047619047606,-6.666666666666677,-5,8,-0.18135810864482574,-0.016582902660100055,0.0057804850193520635,-0.02019550801154941,-0.003709002480922355,-0.06437977318618333,-0.09053661865032983,-0.02429568622765942,-0.061635308257071836,1.4119970634471453,1.4217908500022876,-0.009793786555142292,1.5826683972988715,4.373817373275768e-05,-0.1258863754668118,0.13151763617484152,0.7763781884035729,1.0,1.0,1.0600706713780994,-4.454342984409799,35.52862671281064,0.3958333333333333,0.5853658536585366,0.7828659387303355,49,0.3194444444444444,0.24206224457717698,0.0,0.0,0.0,0,-1.324648829448405,-1.6636430922849943,-1.2401386605188636,-1.4471944028671024
sz000890,2024-12-11,1.0,0.7901936460391376,0.6086956521739144,0.0,82.00532242332442,347.0,49.0,0.0,0,0,0,0.3605442176870748,train,0.2444444444444444,train,0,0,0,0,2.764976958525356,2.764976958525356,3.263403263403264,-2.564102564102566,-9.790209790209792,-24.708624708624704,3.9627039627039506,-12.354312354312357,-5,-8,-0.08185963173329922,-0.23766237969492976,-0.05174164358091008,0.0013259298212671402,-0.015469130316780842,-0.018917978939033932,-0.015426152782230904,-0.15148734699622854,-0.047263552984364646,1.3845184327028137,1.5721416564732793,-0.18762322377046559,1.45752078441891,0.000136381042403919,-0.04792999312238534,-0.273236588695607,0.9085244368670575,1.0,1.0,1.1655011655011593,-3.5555555555555562,19.23500125226346,0.22916666666666666,0.3958333333333333,0.8414494193444639,132,0.21893491124260356,0.7883765003158559,0.0,0.0,0.0,1,3.907038786227379,2.854699890862289,1.4825889298941242,2.1765870656512254
sz000890,2025-05-22,2.0,0.3803944626118021,1.2916666666666659,-0.27100271002709064,84.9899898905787,110.0,56.6,0.0,0,0,1,0.2938144329896907,train,0.0895522388059701,train,1,0,0,0,12.466124661246614,25.47425474254743,-5.013192612137207,-1.055408970976257,9.49868073878628,6.33245382585752,9.49868073878628,-5.54089709762533,-5,8,-0.509071915371568,-0.11217882754019486,2.5890003019232265e-05,-0.026120647464329468,-0.06684321707881974,0.22472699379750358,-0.04897931211048693,0.0561441731914402,0.22175926974852295,1.3839097161627785,1.5483240473834086,-0.1644143312206301,1.4338868543253107,2.1276545955942836e-05,-0.13031727467195153,0.06004639558128589,0.7694146987008172,1.0,0.6474820143884893,0.0,-7.750000000000002,25.79955022224853,0.3958333333333333,0.5853658536585366,0.6810509455190811,33,0.46774193548387094,0.17172675521821631,0.0,0.0,0.0,1,0.1497002898629196,-0.2102585542104629,0.17060558366208678,0.11348605139065437
sz000901,2025-11-12,1.0,0.419775930713076,0.42857142857142855,-0.773195876288657,71.48667429636295,262.0,45.7,0.0,0,0,0,0.2938144329896907,valid,0.1388888888888889,valid,1,1,1,1,30.538617886178866,69.10569105691057,2.0618556701031077,-2.3711340206185483,-6.752577319587627,-6.237113402061844,3.8144329896907303,-7.319587628865976,-5,-8,-0.1946835484057955,-0.253347742944451,-0.28544223178271966,0.0004453980440078452,-0.01592077088252552,-0.015745411667404105,0.01601950773549792,-0.049301672361541156,-0.07440024958986266,1.345532439057124,1.3173235691418945,0.028208869915229418,1.39249657399869,0.00023740763665277512,0.3023783853355377,0.3489848951780798,1.8668836486122173,0.6815415821501013,0.6303317535545024,-7.388235294117651,-9.807516040329977,17.513029598736836,0.5833333333333334,0.1836734693877551,0.6034770350079683,53,0.32051282051282054,0.3184533165671173,0.0,0.0,0.0,1,0.2881955023636529,0.19237299776009298,0.403066006491537,-1.3961140929948601
sz000903,2025-05-07,1.0,0.5668067876538984,0.653846153846153,1.7391304347825987,83.62349785330504,152.0,61.8,0.0,0,0,0,0.2938144329896907,train,0.2444444444444444,train,1,0,1,1,69.06077348066297,69.06077348066297,6.25,2.2727272727272707,1.9886363636363535,18.75,18.75,-1.4204545454545414,5,8,-0.15925272330135343,-0.22852520725980832,-0.2446193077305953,0.029587753368359847,-0.0014823608573382619,0.05534030090980488,0.03372970665921986,-0.06326652283397285,0.023642067486103396,1.3741923364617883,1.4639792646951362,-0.08978692823334788,1.431191378903294,0.0023560539132216384,-0.13624636357230566,0.06415440166731762,0.7601816508455905,1.0,0.4846625766871166,4.9275362318840665,-4.485488126649074,15.704947054103508,0.4166666666666667,0.5306122448979592,0.6483190288713088,56,0.4666666666666667,0.6578199052132702,0.0,0.0,0.0,1,2.895739358354632,2.187786622230914,1.1785945141656873,2.533075545981389
sz000903,2025-06-03,2.0,1.6231754557376377,1.0,-9.963099630996307,87.11653642720205,280.0,49.8,0.0,0,0,0,0.4677419354838709,train,0.0895522388059701,train,1,0,0,0,1.6393442622950838,1.6393442622950838,-3.3057851239669422,-9.090909090909083,-9.090909090909083,-11.157024793388427,2.4793388429751984,-10.743801652892548,-5,-8,-0.10481570805251313,-0.13161871467998326,-0.23154153095565852,-0.11796206599885073,-0.0437435988444371,-0.062175564206337595,-0.12258391152648357,-0.050139852518547676,-0.08215770149486509,1.599990979349415,1.2964834657061741,0.3035075136432408,2.6438894665561,0.0003980384324200773,-0.6042923842586219,0.4987152228944652,0.24665554709607573,0.679245283018868,0.750915750915751,-12.230215827338121,-20.261437908496738,21.88169805723419,0.375,0.20408163265306123,0.8606989018462678,60,0.3333333333333333,0.6031042128603105,0.0,0.0,0.0,0,0.6842289528235179,0.44761927893355313,-0.20968332300242976,-0.12757456182587168
sz000905,2025-05-13,1.0,0.4809659936257581,0.5510204081632641,1.8276762402088753,78.43745699775228,7.0,83.6,1.0,0,0,0,0.2938144329896907,train,0.0895522388059701,train,1,0,0,0,17.958179581795797,17.958179581795797,6.649937264742789,-0.5018820577164407,8.281053952321216,-1.129234629861986,20.326223337515682,-0.7528230865746499,5,8,-0.12892574228068715,-0.13970242213432116,-0.30912836866651305,-0.030095861951666567,-0.008261813567206665,-0.053496616432372975,-0.08515599947282443,-0.05156807104909109,-0.12649089646118253,1.3945408187013395,1.4425018798148843,-0.04796106111354481,1.6244137557312093,4.7089412636798085e-05,-0.5738692750385468,-0.09450572968032513,0.2707535700199856,0.9250000000000016,0.7120418848167545,-0.7326007326007189,-3.214285714285714,36.70524654356141,0.4583333333333333,0.5625,0.6352962466540941,44,0.38028169014084506,0.404739336492891,1.0,0.0,0.0,1,0.7879454990913359,0.720071365884678,2.3031357088213023,3.8185334622896416
sz000908,2024-10-08,1.0,0.6333109835296956,1.0,-4.985337243401755,82.58764109856249,170.0,67.3,0.0,1,1,0,0.9047619047619048,train,0.7241379310344828,train,0,0,1,1,69.1358024691358,96.2962962962963,3.9755351681957096,14.678899082568808,26.60550458715596,32.415902140672785,33.0275229357798,-0.6116207951070374,5,8,0.8226023802866502,9.14297204420463,-0.07940889700004405,0.06484849388468103,0.3835219307884315,0.007372117201896124,0.19267161376347372,0.5061848657899621,-0.024925865615313316,1.2358161834417687,2.0664404825085123,-0.8306242990667436,2.0411012264355333,8.35966899308272e-05,-1.0,-0.8846132198270791,0.0,0.0,0.0,,-5.263157894736836,62.54201700219001,0.125,0.11363636363636363,0.9597275540529873,0,,0.0,0.0,0.0,1.0,1,33.58983992810685,31.260372427785033,26.975290796975692,57.88042194696228
sz000908,2024-11-21,2.0,0.5732444374759851,1.3249999999999995,-2.931596091205202,80.15992019465511,245.0,51.2,0.0,0,0,0,0.3461538461538461,train,0.0,train,0,0,0,0,0.34305317324183626,0.34305317324183626,-3.484320557491294,-7.491289198606276,-16.55052264808362,-8.18815331010454,1.9163763066202044,-16.55052264808362,-5,-8,-2.0761124891759684,0.31709104257861076,-0.3100840203440495,-0.17081275676081437,-0.10252507922098711,-0.030584937954442025,-0.2736659303818499,-0.11274933025078276,-0.2030808547352547,1.4350575675278985,1.5746695969280111,-0.13961202940011264,2.038842188594976,0.0009069558027067191,-1.0,0.2666020384470496,0.0,0.828729281767956,0.8931034482758622,-5.048859934853411,-8.333333333333337,20.625061858531016,0.5833333333333334,0.2916666666666667,0.6176503987879886,97,0.31690140845070425,0.4946270543615676,0.0,0.0,0.0,1,-0.15985960631844653,-1.529905104631879,-1.245691703952978,-2.959295780239557
sz000908,2024-11-26,3.0,0.3932166826648542,0.5675675675675687,-2.091254752851701,78.57884256853157,85.0,66.3,0.0,0,0,0,0.1929824561403508,train,0.0,train,0,0,0,0,3.9548022598870025,3.9548022598870025,-1.5625,-11.1328125,-1.953125000000011,-1.3671875,7.8125,-15.625,-5,-8,-1.8587240478304627,-0.4702370061634773,0.21100584444087744,-0.19938794867458953,-0.02821619434383555,-0.018323675212914538,-0.2964803024688901,-0.10629182970231854,-0.07319922599391583,1.6950272669600608,1.37793622438145,0.31709104257861087,1.7740359628673281,3.123326987946827e-06,-0.679710971348494,0.49100619129008843,0.19068103627040894,0.4939024390243901,0.7137931034482757,-13.51791530944626,-16.509433962264165,89.98162532141187,0.7708333333333334,0.6041666666666666,0.5818994113149841,86,0.4068965517241379,0.34080859128237523,0.0,0.0,0.0,0,-2.425905236898618,-4.14584505966924,-3.4375217506579014,-4.719947975002315
sz000910,2025-08-14,1.0,0.4991318179843734,0.9500000000000011,0.12953367875647714,77.41523523008199,13.0,75.1,0.0,0,0,0,0.3605442176870748,train,0.5208333333333335,train,0,0,0,0,10.967741935483865,10.967741935483865,0.6443298969072142,1.9329896907216648,3.0927835051546504,4.510309278350522,6.056701030927836,-0.5154639175257714,5,0,-0.3131477511086897,0.4787312814442365,0.5174159074916468,0.017271703373714867,0.0,-0.08122875196996145,0.09472014120636828,0.1158974230269869,-0.13234582490634147,1.3828109845253849,1.4851005142690448,-0.1022895297436599,1.6782149610986474,0.0,-0.04579449343170776,0.05452636137311084,0.9124216206542911,0.1000000000000009,0.67032967032967,-3.366583541147128,-5.024509803921573,22.21589000075026,0.3125,0.6176470588235294,0.6060872695148557,42,0.46835443037974683,0.14380321665089876,1.0,0.0,0.0,1,1.6662096427304762,1.456458871873445,1.4253186042317845,5.411951686931138
sz000926,2025-05-07,1.0,0.33207139720162443,1.0,2.2935779816513735,84.66850977257945,49.0,73.5,0.0,0,0,0,0.3605442176870748,train,0.2,train,0,0,0,0,2.2421524663676973,2.2421524663676973,0.44642857142855874,-0.44642857142858094,-0.8928571428571397,-0.44642857142858094,1.7857142857142572,-2.67857142857143,0,0,-0.09242017263845319,-0.28694020567730144,0.049190723333155245,0.05352774819848841,-0.03662012937161433,-0.2998021086735463,0.035980150138713,-0.004037829475767815,-0.25926795937451663,1.4392053516326613,1.5170165755557943,-0.077811223923133,1.697383053855952,2.8935982358726727e-05,-0.2657714268069672,-0.1633617950905463,0.5800641076605723,0.7727272727272733,0.43589743589743557,-4.29184549356224,-6.302521008403361,36.57322359967737,0.3958333333333333,0.4772727272727273,0.7095507250114569,56,0.4666666666666667,0.6578199052132702,0.0,0.0,0.0,1,2.895739358354632,2.187786622230914,1.1785945141656873,2.533075545981389
sz000935,2024-10-15,1.0,0.4407664404250269,0.6704545454545441,2.2397891963109373,74.52492604497117,59.0,61.8,0.0,1,0,1,0.4677419354838709,train,1.0,train,1,0,1,1,30.676786843769754,30.676786843769754,12.121212121212132,14.764667956157318,21.08317214700195,22.308188265635074,33.204384268214056,0.0,5,8,2.194739557029389,0.04653544235501702,2.768992913867429,0.11066114167376914,-0.011857795392729988,0.28932514690241384,0.0977075316081762,-0.01929484876759717,0.2622689637813192,1.3461078259325567,1.2763739064417832,0.06973391949077357,1.4599189275542739,0.013389887986599439,-0.4990346610869766,-0.012821774345658522,0.3341919649474713,0.0,0.0,,-3.597560975609748,22.79173190511393,0.4791666666666667,0.4489795918367347,0.5862017799978745,39,0.4090909090909091,0.1333754740834387,0.0,0.0,0.0,1,-11.203018955833077,-11.095973269268756,-9.400663922963016,-18.205481570546635
sz000935,2025-11-11,2.0,0.25712875891432585,0.702479338842975,3.2940019665683495,75.30422465574456,100.0,68.2,0.0,0,0,0,0.2775561520277856,valid,0.1388888888888889,valid,0,0,0,0,16.003743565746365,29.94852597098736,-2.4528301886792447,-5.518867924528292,-3.5377358490566,11.273584905660371,14.811320754716984,-7.169811320754715,-5,8,-0.13621921974795392,-0.14309860005822075,-0.13621119390223768,-0.001113039944883333,0.03699191827844813,-0.05305290095592647,0.10401928379562535,0.10172634910050263,-0.011584036409158545,1.536406582667313,1.5029711722955545,0.033435410371758456,1.7462828222642808,4.338984046903355e-05,-0.27616949311019606,0.06089465156155935,0.5671899467881276,0.9506726457399106,0.7012658227848102,-0.5121042830540046,-3.8253825382538187,37.456474014433816,0.4166666666666667,0.5102040816326531,0.7371330172095786,55,0.3373493975903614,0.5347593582887701,0.0,0.0,0.0,1,1.41291021455483,1.1203031087162696,0.7245871618826172,0.007223788599519665
sz000936,2025-01-06,1.0,0.31202512793783005,0.666666666666668,-0.5847953216374324,75.57973142362863,106.0,64.0,0.0,1,0,0,0.3605442176870748,train,0.55,train,0,0,0,0,14.51378809869377,17.85195936139332,4.264705882352948,4.117647058823537,-4.117647058823537,5.588235294117649,6.617647058823528,-7.499999999999996,5,0,0.07254416311932495,-0.10390537657560438,0.07029738805772667,0.011351920894136017,0.02092807539553863,-0.06829493808374862,-0.0006145218250314802,-0.041120123376404395,-0.04690441013976331,1.426316362231511,1.504532209828225,-0.07821584759671407,1.5152204143506456,6.774218083326772e-05,0.22450001000535844,0.24530215820807133,1.5789813356591007,0.0,0.0,,-13.875000000000004,15.108613575699033,0.4791666666666667,0.43478260869565216,0.47965533304471825,56,0.3253012048192771,0.45098039215686275,0.0,0.0,0.0,0,-9.13108543143829,-8.002245740987313,-5.326786352087154,-8.64923138115552
sz000949,2024-12-19,1.0,0.39715918853404586,1.5,-1.467505241090139,83.96441478261151,522.0,28.2,0.0,0,1,0,0.4677419354838709,train,0.288135593220339,train,0,0,0,0,2.1739130434782705,2.1739130434782705,1.55210643015522,-3.5476718403547713,-7.538802660753873,-15.742793791574282,4.212860310421296,-8.64745011086474,-5,-8,-0.08241935753896541,0.06437343448973822,-0.36092111533497484,-0.06880386854322798,0.036128922697672324,-0.008037033724463103,-0.05442962379425982,0.042870448603472416,-0.06398874390736613,1.2927567487432632,1.4209059355317963,-0.12814918678853315,1.3373328137124774,0.0006707381385743024,0.3547220623685145,0.14098431669870545,2.099439611000909,0.5894736842105258,0.7636363636363633,-7.8156312625250575,-11.368015414258203,14.08919831500574,0.3333333333333333,0.42857142857142855,0.7325676504425662,58,0.3958333333333333,0.37401201391084415,0.0,0.0,0.0,0,-4.359829837405027,-3.253543684756788,-2.0613429578140385,-3.429198264978961
sz000949,2025-05-15,2.0,0.36526815455759026,0.6562499999999993,-0.7228915662650715,82.93747971486881,16.0,78.1,0.0,0,0,0,0.4677419354838709,train,0.1388888888888889,train,0,0,0,0,3.0732860520094496,3.0732860520094496,-0.959232613908878,0.23980815347721673,-3.5971223021582843,-3.5971223021582843,4.556354916067162,-3.83693045563549,-5,0,0.04618343693930856,0.035993891053345016,-0.23372818813808402,-0.014320400264819419,-0.027541653335048846,-0.10360087745918341,-0.06149932983189619,-0.05578477561988675,-0.18659546721027673,1.3953223092521447,1.5723500520005669,-0.17702774274842215,1.6059632689352168,4.40614302299479e-05,-0.05426879107773024,-0.14471836962408743,0.897049421291787,1.0,0.3703703703703707,1.9277108433734869,-4.729729729729726,28.296795231241173,0.3958333333333333,0.42857142857142855,0.6145148002687169,43,0.3384615384615385,0.27560050568900124,0.0,0.0,0.0,1,-1.6407994482173893,-1.0133524412391015,1.40940466007351,0.6797352861496853
sz000949,2025-09-09,3.0,0.38241945508657504,0.8499999999999989,-0.24630541871920597,81.67048151507022,233.0,47.7,0.0,0,0,0,0.2571428571428571,train,0.0895522388059701,train,0,0,0,1,16.262135922330103,34.70873786407766,0.4854368932038833,3.8834951456310662,6.553398058252413,1.213592233009697,8.980582524271853,-1.2135922330097082,5,8,-0.3825192275348895,-0.20580174284172634,-0.27523643868558834,-0.017935036396181058,0.03366860895567688,0.07072350627746456,-0.04733966086430925,-0.02728415026666408,0.08496883626302362,1.4023415893025806,1.5914064916626953,-0.18906490236011475,1.3578189164881387,2.8557948817327686e-05,-0.041149997332444885,-0.03532881847421387,0.920952797506841,0.9600000000000009,0.9722222222222228,-0.2421307506053183,-3.9627039627039617,33.54874109345026,0.4166666666666667,0.3333333333333333,0.6107584921303291,49,0.3466666666666667,0.3000629722921914,0.0,0.0,0.0,0,-1.2012047117410662,-0.47006262589077696,-1.2068805177063768,-0.14810830804745656
sz000951,2025-04-07,1.0,0.5301865147512156,0.4285714285714276,-8.897876643073822,72.44735898263947,136.0,49.3,0.0,0,1,1,0.4677419354838709,train,0.2,train,0,0,0,0,7.250268528463999,7.250268528463999,5.257452574525767,3.9024390243902474,2.1138211382113914,-1.5718157181571768,8.238482384823854,-0.7046070460704601,5,8,-0.05330978971941565,0.07144798500723679,0.013121493079164038,-0.0021435268407847844,0.01243478594076469,0.0018641151676788274,0.01406403747416962,0.014102903310621473,0.03133703734925726,1.3567414805692855,1.2491973366442781,0.10754414392500733,1.670554517216364,1.431777175153683e-06,0.0005647736966749011,0.16339372098376329,1.0011301856925012,0.07075471698113305,0.49226804123711354,-9.567751335599805,-10.823754789272023,17.777496214614235,0.5416666666666666,0.3695652173913043,0.5350162490079053,20,0.4444444444444444,0.019880088355948247,0.0,0.0,1.0,0,-12.313961756970537,-10.632095360413397,-8.319585513381277,-15.083249334698845
sz000953,2024-11-01,1.0,0.5615507505130755,1.4838709677419366,-2.0967741935483897,81.76886886990741,173.0,51.2,0.0,0,0,0,0.472,train,0.2,train,1,1,0,0,17.3310225303293,24.956672443674186,-1.9163763066202155,-2.0905923344947785,4.006968641114983,-6.445993031358888,6.097560975609739,-3.832752613240431,5,0,-0.1691027268124287,-0.18290174737151507,-0.051767243462382304,0.004697280859392886,-0.014605925575715028,-0.0020310055457191086,-0.0363210595581437,-0.0879844285795869,0.033459064450310064,1.4288317939957398,1.4922327496619348,-0.06340095566619497,1.836530554336042,0.002670367724282685,0.11794299367822947,0.21937561321297283,1.2674271454858879,0.8045454545454543,0.0,-6.935483870967751,-13.75186846038865,17.488835300566052,0.3958333333333333,0.5531914893617021,0.6352098134035512,83,0.484472049689441,0.23213156230234028,0.0,0.0,0.0,1,-0.7477386348638038,0.38098087850813034,-1.678302182705016,-5.1435461300810115
sz000953,2025-01-15,2.0,0.39989899745247226,0.7586206896551715,0.38022813688214363,78.36088025235478,290.0,42.8,0.0,0,0,0,0.2938144329896907,train,0.288135593220339,train,0,0,0,0,6.941838649155718,6.941838649155718,-0.747663551401867,1.3084112149532867,-1.869158878504662,1.1214953271028172,6.168224299065428,-2.8037383177569986,5,0,-0.11281690806748557,-0.21327662311708584,-0.17099883910400798,0.0,0.021199987091694572,-0.029539167055344772,-0.13146789702860107,-0.031517140957569224,-0.04386514605836409,1.7084640575249217,1.583867967264599,0.1245960902603227,1.407045292038981,4.175394674653928e-06,0.30702716350094866,0.21228240098874585,1.8861160130087407,0.38834951456310707,0.0,,-13.333333333333341,22.89221445285806,0.4375,0.6666666666666666,0.6007420309891335,60,0.3684210526315789,0.3446969696969697,0.0,0.0,0.0,0,2.0098204816990872,1.1145645035239848,0.17973906101349524,1.4682708869019567
sz000953,2025-05-15,3.0,0.25846201388844164,1.0,0.31695721077655836,81.44757759667402,31.0,72.4,0.0,0,0,0,0.3605442176870748,train,0.288135593220339,train,1,0,1,1,46.28751974723537,46.28751974723537,1.8867924528301883,3.9308176100628867,12.578616352201255,26.257861635220102,37.89308176100627,-4.088050314465419,5,8,-0.012744154740312553,-0.10426767062953063,0.5386886201620479,0.012035436625528518,0.02904712224992711,-0.061749332367530094,0.008651374128993408,0.009888636874495415,-0.1327637146116991,1.4093164083599687,1.54584088837075,-0.1365244800107812,1.6229136374702255,5.543147435587837e-06,0.36745240364256593,0.32663746007846683,2.1618174055472323,0.8623853211009171,0.6908212560386474,-2.314814814814825,-5.803571428571419,22.651466213461646,0.5416666666666666,0.5510204081632653,0.492181485391247,43,0.3384615384615385,0.27560050568900124,0.0,0.0,0.0,1,-1.6407994482173893,-1.0133524412391015,1.40940466007351,0.6797352861496853
sz000972,2024-11-15,1.0,0.37450447166327944,0.8749999999999991,-0.3236245954692518,82.82938521805686,195.0,49.0,0.0,0,0,0,0.3605442176870748,train,0.288135593220339,train,0,0,0,0,17.19745222929936,17.834394904458595,-6.709265175718848,-4.153354632587858,-5.750798722044714,5.111821086261981,7.028753993610226,-8.94568690095846,-5,-8,-0.14914476302974716,-0.04913283097208324,-0.3350924743568208,0.02589555387326665,0.0,-0.0631032297605129,-0.04265857556088464,0.1116729173638379,0.06280839063652073,1.452682966109276,1.6121124444443191,-0.15942947833504317,1.4282427769153019,0.00027249884833613537,0.27922292126683923,0.28671731744433926,1.7747830210072773,0.7017543859649124,0.746268656716418,-5.135951661631422,-6.824925816023741,14.645706126521105,0.4166666666666667,0.5714285714285714,0.5729455656878996,55,0.35294117647058826,0.1636650868878357,0.0,0.0,0.0,0,-4.633402789176477,-4.788497126129676,-3.294703983653191,-3.3583367788935004
sz000972,2024-12-10,2.0,0.46915799997819513,0.722222222222221,1.775147928994092,80.6401979101538,102.0,67.5,0.0,0,0,0,0.2938144329896907,train,0.0925925925925925,train,0,0,0,0,7.246376811594213,15.94202898550725,5.000000000000004,3.529411764705892,-1.4705882352941124,-12.352941176470589,8.823529411764719,-2.0588235294117574,5,8,-0.08825551474183357,-0.10598476161965763,-0.17800046503744546,0.03086958625734626,-0.09356590942038472,-0.060427057720579096,-0.01964455983054415,-0.2318531082401462,-0.1153347376936481,1.323232862447059,1.462345582345804,-0.13911271989874496,1.2743789948783077,6.605638351821315e-05,0.010442951687782384,-0.07079441566793249,1.0211063156097848,1.0,1.0,0.5830903790087438,-3.6312849162011163,20.604929206038573,0.4375,0.43902439024390244,0.6472299928628918,95,0.4378698224852071,0.4913112164296998,0.0,0.0,0.0,1,0.9319677872892562,1.0109875208708985,1.1069560821917346,0.8262040332601472
sz000980,2024-09-05,1.0,0.2804151062586254,0.8888888888888886,-0.6622516556291425,77.20842139113108,48.0,83.2,0.0,0,0,0,0.472,train,0.575,train,1,1,1,1,45.85987261146496,103.82165605095541,4.545454545454541,-1.9480519480519543,-3.8961038961038974,-3.2467532467532534,9.740259740259738,-4.545454545454552,5,8,-0.2486992549873165,-0.47552054640673797,-0.49994001393479337,0.001161466381671793,0.00933826270079906,-0.015243390730228965,-0.04446408914668312,-0.02067350123546182,-0.0182974153661511,1.7957641737988643,1.654237906647796,0.14152626715106842,1.6527989886702137,0.0003553510077754162,-0.3375583929020879,-0.14689717498379593,0.4952618222974316,0.0,0.0,,-4.848484848484835,20.35237519105208,0.4791666666666667,0.3111111111111111,0.592668091826653,41,0.31666666666666665,0.7424865548876938,0.0,0.0,0.0,1,0.9756291503220993,0.9475963560942935,-0.6078504523258754,1.5131378983838983
sz000980,2024-12-20,2.0,0.3329861230178501,0.7647058823529409,0.6779661016949268,81.20955572573183,262.0,51.2,0.0,0,0,0,0.3605442176870748,train,0.1764705882352941,train,0,0,0,0,-0.9933774834437026,-0.9933774834437026,-8.053691275167774,-14.093959731543626,-11.74496644295302,-28.18791946308724,0.3355704697986628,-15.771812080536918,-5,-8,-0.15323249517597554,-0.17983600929518156,-0.2673454618507916,-0.03312591751915822,-0.04211685145042689,0.050566802122766784,-0.10008760447284623,-0.11107427510729037,0.03699670035200765,1.578480477230601,1.9101882804702124,-0.33170780323961147,1.4564129150388012,4.2432212690491924e-05,0.029671839515945864,-0.08753475922038108,1.0611583600771597,0.6891891891891893,0.8424657534246576,-7.07692307692308,-14.929577464788723,20.355940320375684,0.3125,0.46938775510204084,0.6780075173867836,76,0.2830188679245283,0.5759873617693523,0.0,0.0,0.0,1,-1.309760082485123,-1.1875990683153037,-0.1382265468193089,-1.145147143153824
sz000985,2025-06-13,1.0,0.9364087426093651,0.8139534883720919,1.1179429849077716,84.22994599674591,9.0,90.5,1.0,0,0,0,0.3605442176870748,train,0.4,train,0,0,0,0,16.895227646736146,16.895227646736146,-1.1976047904191711,-0.7076755579749738,10.887316276537828,-1.8508437670114342,16.0043549265106,-3.21175830157866,5,8,-0.1806951477466434,-0.04300957116819073,0.9345165692249202,0.013621460071899832,-4.314227851656156e-05,-0.019984695413840323,-0.026260115972957424,-0.059649642557877906,-0.03375039286833516,1.555856043339155,1.5603017471367224,-0.0044457037975673686,1.7437839465011404,8.634832694538873e-07,-0.414926813369645,0.13507629478692842,0.4135006709195118,1.0,0.8858695652173918,0.05488474204171645,-5.44605809128631,14.063311042531186,0.4583333333333333,0.7619047619047619,0.6683220279529926,45,0.27419354838709675,0.1553030303030303,1.0,0.0,0.0,1,-0.7612137644431916,-0.3789969652960967,-0.25301859137728533,0.21520172765470136
sz000989,2025-09-22,1.0,0.2654481206139443,0.6296296296296303,-0.19685039370078705,73.83775577135454,151.0,59.7,0.0,0,0,0,0.2938144329896907,train,0.2444444444444444,train,0,0,0,0,-0.5802707930367523,4.835589941972929,-3.0185004868549026,-3.40798442064264,-4.186952288218104,-5.258033106134363,0.09737098344693162,-5.160662122687432,-5,0,-0.0017202300259417573,-0.007873859189511065,-0.05206335950853027,-0.05263803812964591,-0.018383172688597196,-0.11100381080510896,-0.1766840269167307,-0.037097543529745494,-0.23774707956138927,1.6145880869604192,1.7600665345171447,-0.14547844755672545,1.895491621531004,0.0003866922277694907,0.10390631905487645,0.27504578050130574,1.231909500679181,0.08612440191387546,0.3524590163934424,-18.646734854445324,-18.582677165354323,29.615003620866833,0.3958333333333333,0.5581395348837209,0.6055335012154697,56,0.30864197530864196,0.3323881537492123,0.0,0.0,0.0,1,0.9966501433719577,1.229661482665012,-0.2304780856762889,1.3602232927977687
sz000993,2025-08-11,1.0,0.2821730590277906,0.6271186440677985,-1.6559337626494863,71.90652083341851,296.0,52.4,0.0,0,0,0,0.3605442176870748,train,0.1764705882352941,train,0,0,0,0,1.0801080108010952,1.0801080108010952,0.18348623853210455,-2.2935779816513735,-1.6513761467889854,0.5504587155963359,2.0183486238531945,-2.9357798165137616,0,0,-0.3002492498971395,-0.16129736906917633,-0.016704567539961083,0.004740957932413043,-0.06310926826421406,-0.08441868608824728,0.01355240336263085,-0.13978460528708542,-0.09130544854404064,1.5021160425804652,1.476117232194294,0.025998810386171245,1.719916962088568,0.0002871178233363404,-0.33248157582426574,0.3331280834891543,0.5009588397219009,0.7031249999999992,0.8303571428571426,-3.30722367275893,-7.262103505843076,14.67322839853493,0.6458333333333334,0.6122448979591837,0.46506319677225677,69,0.31683168316831684,0.7315689981096408,0.0,0.0,0.0,1,3.0304493367472984,2.0765534924821694,1.272711590823028,1.9488948187547317
sz000993,2025-11-11,2.0,0.3087588703264456,1.3151515151515152,-1.8966644865925364,82.51105828182797,220.0,56.2,0.0,0,0,0,0.4677419354838709,valid,0.1388888888888889,valid,1,0,0,0,4.972375690607733,4.972375690607733,-4.713114754098369,-0.7513661202185884,-8.879781420765031,-19.33060109289617,3.82513661202184,-9.084699453551915,-5,-8,-0.10482414055233127,-0.11153602232696147,-0.4436384041128583,-0.03375208233007906,0.00593576394840054,-0.06374759308272203,-0.04734216659180288,0.021096489901357415,-0.15996792448467692,1.3113886317306263,1.3748185953897445,-0.06342996365911824,1.4640171225956233,0.0006626374513939581,0.3100686195399938,0.08131044452766065,1.8988390101440467,0.8430232558139537,0.8524590163934428,-5.297580117723999,-13.033033033033025,20.948544625426845,0.3333333333333333,0.22448979591836735,0.6564311436566023,55,0.3373493975903614,0.5347593582887701,0.0,0.0,0.0,1,1.41291021455483,1.1203031087162696,0.7245871618826172,0.007223788599519665
sz000995,2024-11-01,1.0,0.5443393982698911,0.4954954954954964,0.0,76.63684835541201,44.0,67.6,0.0,0,0,0,0.2938144329896907,train,0.1388888888888889,train,1,0,0,1,12.742382271468156,30.817174515235468,3.3957033957033866,2.564102564102577,6.444906444906451,-4.435204435204443,12.820512820512842,-6.237006237006238,5,8,0.005913002866569276,-0.019230254433723903,-0.19501110566637367,-0.028718480922567634,-0.0027025645741681164,-0.04107580022642747,-0.014657330426973647,-0.010463322345881298,-0.14059437628641652,1.507765002413689,1.5483719658861281,-0.040606963472439084,1.7958904159357834,0.0003962621763439789,0.646289991112833,0.04238210070833465,4.654349466367511,0.9126760563380281,0.0,-2.1016949152542375,-9.693558474046283,16.900832443031163,0.4166666666666667,0.574468085106383,0.6167685266336085,83,0.484472049689441,0.23213156230234028,0.0,0.0,0.0,1,-0.7477386348638038,0.38098087850813034,-1.678302182705016,-5.1435461300810115
sz000995,2025-07-09,2.0,0.36041627898557077,0.7927927927927939,-0.2106741573033699,80.06700884746306,91.0,63.8,0.0,0,0,0,0.3605442176870748,train,0.1764705882352941,train,0,0,0,0,11.4965986394558,11.4965986394558,1.3605442176870763,5.306122448979589,-0.340136054421758,0.612244897959191,11.4965986394558,-3.0612244897959107,5,8,-0.01760244737669191,0.12708511561452482,0.0015803728854178862,0.014407779808501945,-0.013041270295303638,-0.04567087154997468,0.013704196166089097,-0.10354485213858425,-0.04554008880902009,1.423987185278529,1.5867291568025061,-0.16274197152397707,1.514079072745432,0.0001182550032426653,-0.18644326648410428,0.12449842994327637,0.6857106079136702,0.9117647058823527,0.9409448818897637,-1.0101010101010166,-5.6482670089858855,22.845501904536633,0.375,0.6458333333333334,0.620239722259915,45,0.3918918918918919,0.36790668348045397,0.0,0.0,0.0,1,1.2834932912181074,1.0272714831051077,1.209926787000648,2.870229200295782
sz001201,2025-07-01,1.0,0.7420509498771247,0.7692307692307698,0.25706940874035134,79.01610798523623,331.0,44.6,0.0,1,0,0,0.3461538461538461,train,0.2,train,0,0,0,0,17.087011349306437,17.087011349306437,2.358783364369943,3.6002482929857305,1.5518311607697122,3.910614525139655,10.366232153941656,-1.4276846679081245,5,8,0.11522352681100345,-0.006187678241782997,0.07147617510015614,0.010119737952538685,-0.006465078300149745,-0.001093997873590133,0.16828977492188785,-0.03963429758492562,-0.0729365646739982,1.4292121943225697,1.4472453869326836,-0.018033192610113824,1.720851898362441,0.0,0.3784674735247965,0.1941094680145695,2.2178525094129427,1.0,1.0,1.601537475976933,-4.227053140096615,32.534980918232506,0.3541666666666667,0.38235294117647056,0.7851827073747745,56,0.3488372093023256,0.518751969744721,0.0,0.0,0.0,1,2.8912277110662465,2.9281558118193773,0.9919943836557588,4.059037622837192
sz001202,2025-10-28,1.0,0.3966246027622925,0.832258064516128,-0.298864315600722,82.76139430304342,49.0,71.6,0.0,0,0,0,0.3605442176870748,valid,0.2,valid,0,0,0,0,12.078152753108352,12.078152753108352,-1.243339253996456,-2.2498519834221353,-1.243339253996456,-2.131438721136769,0.7696862048549358,-3.1971580817051426,0,0,-0.22999003373704172,-0.17965966735666433,-0.041598383036318375,0.028252564284152848,-0.001491585154763172,0.0,-0.01484393397732749,-0.028029169186131183,0.02377939387909102,1.4515915070410979,1.5187791068894012,-0.06718759984830336,1.4209582775902525,9.315016888081951e-05,-0.3581872437402504,0.20261134410433568,0.4725510118121051,1.0,0.7137404580152672,-1.3434579439252414,-7.095709570957087,22.792095783966605,0.4791666666666667,0.5384615384615384,0.5401133016823707,50,0.32432432432432434,0.4154863078375826,0.0,0.0,0.0,1,1.8405955691894516,2.162740494075388,1.8251702548562676,4.7299982939412955
sz001203,2025-10-09,1.0,0.5544512166407304,0.38636363636363663,1.654846335697413,73.11580632550114,10.0,92.9,1.0,0,0,0,0.2938144329896907,valid,0.1388888888888889,valid,1,1,1,1,59.52380952380953,164.28571428571433,-2.3308270676691722,-3.233082706766932,-3.834586466165424,4.060150375939853,7.6691729323308255,-6.165413533834585,-5,0,-0.05698016462915357,-0.18111572902820897,-0.12273229003543797,-0.025909843827296438,-0.004210666925029506,-0.012465270365858351,-0.10516147633227996,0.007925626026517224,-0.008725427652792706,1.3996736040189162,1.3959928558649985,0.0036807481539176123,1.9617457622093901,1.2497025831547585e-05,-0.4383074699683997,-0.08222990944627437,0.3905232655462333,1.0,1.0,5.910165484633567,-2.467343976777936,13.243422749234716,0.5,0.3958333333333333,0.6282501566306162,78,0.3445378151260504,0.6029040404040404,1.0,0.0,0.0,1,1.510839413379128,3.0751261522627527,3.1408010581001067,2.393640022264143
sz001206,2025-05-07,1.0,0.2572536338085544,1.0210526315789468,2.4820739106453438,74.49970514391651,109.0,65.4,0.0,0,0,0,0.3461538461538461,train,0.2,train,1,0,1,1,35.93750000000002,35.93750000000002,0.1612903225806317,0.7526881720429923,2.204301075268811,30.91397849462365,35.64516129032258,-1.5591397849462507,5,8,-0.011467093443789734,-0.03158780395422546,-0.09053245291902055,-0.002128554253573507,0.009422399851926114,-0.0077294579730366264,0.03333835007054809,0.047993250390896684,-0.0003433269030501702,1.4180411816341554,1.478471194781504,-0.06043001314734853,1.6231265389744545,0.00040386090373999243,0.41416906373667417,0.009748748546130132,2.413954225013849,0.8541176470588233,0.5141643059490084,-3.232533889468203,-5.160960654062352,19.79891735472051,0.4583333333333333,0.55,0.5150462849458294,56,0.4666666666666667,0.6578199052132702,0.0,0.0,1.0,1,2.895739358354632,2.187786622230914,1.1785945141656873,2.533075545981389
sz001207,2025-07-10,1.0,0.5193336942250839,0.8819444444444434,-0.042211903756861346,80.48458001886428,350.0,43.9,0.0,0,0,1,0.2938144329896907,train,0.4444444444444444,train,0,0,0,0,13.116828342471521,18.55757064529733,-0.7142857142857229,-0.588235294117645,1.5966386554621792,1.9747899159663795,7.100840336134451,-1.2184873949579789,5,0,-0.18843203606021589,-0.15845906051907502,0.035333412742433706,-0.031007964866250782,0.03669479604644262,0.016444984087253586,-0.011127272698657433,0.05115417031802703,0.04882633456989247,1.405949911535516,1.5603568841423974,-0.1544069726068813,1.615018343056603,4.4123801626197665e-06,0.7580521400632568,0.5505809976473125,7.266243811881188,0.3955555555555558,0.7655172413793104,-5.424810530514557,-9.017651573292396,21.318260016675733,0.375,0.782608695652174,0.7173780239139218,59,0.2625,0.6145603529782541,0.0,0.0,0.0,1,1.0079354993931533,1.0196516430117653,1.057358498630423,1.1778123296626752
sz001208,2025-10-29,1.0,0.26159082250224264,0.758064516129032,0.49792531120331773,75.56195354877114,27.0,78.8,0.0,0,0,0,0.2938144329896907,valid,0.5208333333333335,valid,0,0,0,1,3.1150159744409045,84.74440894568689,-3.1200000000000006,-1.1200000000000099,1.6000000000000014,0.0,3.279999999999994,-3.599999999999992,0,0,-0.09937104421147097,-0.34019925792509825,-0.17846741283173267,-0.05145738938106961,0.02348481999362644,0.009739387736158208,-0.1343525051459754,0.014462033239396125,0.012310050547909185,1.5906587334210815,1.5843452467480932,0.0063134866729883665,1.343770009415678,6.096065144488139e-06,-0.06302580520507221,0.24568381941380835,0.881421871611266,0.18076923076923035,0.27796610169491526,-14.539249146757683,-14.655760054533062,18.73260977534447,0.4375,0.7954545454545454,0.53455269162718,53,0.3764705882352941,0.47954688483322844,0.0,0.0,0.0,1,3.5133974543947843,4.944800556012119,3.3808477606220633,8.660492177475309
sz001209,2025-03-17,1.0,0.36727204746131387,0.9326424870466309,0.05133470225870962,83.91659933615954,165.0,59.2,0.0,0,0,0,0.2938144329896907,train,0.0925925925925925,train,1,0,0,0,-0.5096839959225385,-0.5096839959225385,-4.051282051282046,-7.333333333333336,-14.66666666666666,-17.28205128205129,0.10256410256410664,-16.153846153846153,-5,-8,-0.13304267133347694,-0.06282242634684725,-0.2634911977665794,-0.09049540791973679,-0.011546608018769439,0.0,-0.16799662547768984,-0.053997151660897164,-0.028564582933405507,1.3621183576959914,1.3790935704721534,-0.016975212776161985,1.5542270285061996,0.0002465367859007448,0.8301397626140713,0.14128463149679796,10.774385993915267,1.0,1.0,0.7186858316221789,-8.403361344537819,42.4932234452964,0.3125,0.7142857142857143,0.783924284583541,58,0.3176470588235294,0.5872514988955506,0.0,0.0,0.0,1,1.0518829821778874,1.5697452470842421,1.730446163000643,0.6931978154597784
sz001216,2025-03-03,1.0,0.6835373427031693,1.0112359550561796,1.067887109077037,86.70178451876717,82.0,68.4,0.0,0,0,0,0.2938144329896907,train,0.4,train,0,0,0,0,5.4114158636026755,5.4114158636026755,0.8283132530120474,-0.07530120481927804,1.6566265060240948,5.19578313253013,6.024096385542177,-1.882530120481929,5,0,0.02240043599263104,-0.2518339198178286,-0.16525132146734442,-0.016996719193328964,0.025993445714334994,0.0,0.008170057513127488,-0.015096508676982624,-0.1013358363083304,1.418788608773739,1.4097734578607264,0.009015150913012526,1.5595294827301112,0.00022033291478831384,0.01053760834302543,0.1613886206347151,1.021299664205284,1.0,1.0,1.6578749058025588,-6.254343293954134,18.690537562763495,0.3125,0.7567567567567568,0.7798153099137858,57,0.3870967741935484,0.5528891695610988,0.0,0.0,0.0,1,-2.9448160267362966,-2.633649480320266,-2.046571633357519,-3.0764249976425684
sz001217,2025-04-16,1.0,0.4174261674486508,0.6666666666666683,-1.2601260126012481,75.46663249990343,468.0,27.8,0.0,0,0,0,0.4677419354838709,train,0.55,train,0,0,0,0,3.866906474820153,13.219424460431672,3.0000000000000027,-2.090909090909099,-2.7272727272727337,-5.818181818181822,5.000000000000004,-5.545454545454542,5,0,-0.017018551682841006,-0.11573132340814567,-0.1741934884543402,0.014888081031548737,0.01763644604152783,0.030318605951848036,0.02928808542846009,-0.0489736030068972,-0.07758391108743877,1.4454466814091698,1.5055458645419861,-0.06009918313281637,1.4928554298911558,5.2246706724938215e-06,0.15727007478229993,0.25423247349539574,1.3732395636518373,0.1904761904761903,0.1904761904761903,-25.168236877523555,-25.21856086079355,16.84625338466356,0.4791666666666667,0.25,0.5366543718127446,41,0.32786885245901637,0.22078740157480314,0.0,0.0,1.0,0,3.2379158733876645,2.152527874515897,2.33335773574348,2.623469204852613
sz001222,2025-01-06,1.0,0.39136322876399776,0.727272727272726,0.11876484560569,76.28534328328378,159.0,58.1,0.0,0,0,0,0.2938144329896907,train,0.5208333333333335,train,1,0,0,0,7.773851590106018,7.773851590106018,0.4753416518122444,-3.3273915626856776,-11.289364230540698,2.614379084967333,8.734402852049916,-13.190730837789655,-5,-8,-0.10004300747403602,-0.08758408360226053,0.021119116212957777,-0.01297514665099491,-0.044395304734862445,-0.004437062105619424,-0.08983846426695685,-0.07573273697473153,-0.016310600370921347,1.4585551144986602,1.5728131653740418,-0.11425805087538166,1.4829372731668735,0.0002613184121905751,0.5938588131803687,0.051490524249354686,3.9243959118290728,0.0,0.0,,-4.927211646136609,14.385443077309434,0.4791666666666667,0.4857142857142857,0.5094229245448978,56,0.3253012048192771,0.45098039215686275,0.0,0.0,0.0,0,-9.13108543143829,-8.002245740987313,-5.326786352087154,-8.64923138115552
sz001223,2025-08-11,1.0,0.8284903542365569,0.3629343629343616,0.6382042253521014,78.55454116902384,74.0,76.8,0.0,0,0,0,0.3605442176870748,train,0.2444444444444444,train,1,0,1,0,21.950189953566902,21.950189953566902,-2.2607225860976077,0.6127192055778607,0.5704627086414504,12.571307838580182,22.079019649271082,-3.465032748785124,5,8,-0.04660224228341082,0.025601895128060718,0.17606666024424145,0.03054323618232307,-0.02676689315980303,-0.013862949746927568,-0.004636629576311491,0.04797848561054636,-0.05138863050294786,1.9135272207825498,1.6430326380612392,0.27049458272131055,1.9561725254032682,0.0001922701466406793,-0.4739207221757084,0.019237347101840746,0.35692508417123453,1.0,0.6624500665778962,2.2442813983599486,-1.9453642384105962,20.766670469588398,0.5416666666666666,0.4117647058823529,0.465156187407529,69,0.31683168316831684,0.7315689981096408,0.0,0.0,0.0,1,3.0304493367472984,2.0765534924821694,1.272711590823028,1.9488948187547317
sz001225,2025-07-22,1.0,0.39364477730501624,0.962825278810411,0.0,83.41092659101042,21.0,85.4,0.0,0,1,0,0.472,train,0.4,train,1,0,1,0,29.61774926490246,29.61774926490246,-1.3031914893617103,10.425531914893615,18.882978723404253,9.122340425531906,28.962765957446802,-2.92553191489362,5,8,-0.09122445232765607,0.30454337078748767,-0.22922576155413638,0.0,0.023063538825517836,0.0181809582202031,0.003960891370323966,0.07962202879470422,0.1257533833306845,1.5243201194039109,1.578195200632755,-0.05387508122884421,1.582718131245057,0.0010374857349711927,-0.5444097659390501,0.0317005482430142,0.2949931061747312,1.0,1.0,2.35294117647058,-6.4750000000000085,18.728508785388346,0.5833333333333334,0.5714285714285714,0.48821007314678455,87,0.19444444444444445,0.5056818181818182,0.0,0.0,0.0,1,3.0152802322704675,3.2340374924176407,2.4854988638649322,3.3917284684382043
sz001226,2025-11-21,1.0,0.5962196457481588,0.6029411764705886,-0.7727975270479082,80.0466757757312,15.0,76.2,0.0,0,0,0,0.4677419354838709,valid,0.2,valid,0,0,0,0,15.221723966118583,26.50722471350273,-2.834107011971654,-3.689225506963101,-2.247740043977531,-1.0505741509894917,2.565355484974341,-5.25287075494747,-5,0,-0.1009581989528857,-0.22076087284306825,-0.11180929100425918,0.05379083283283794,0.015218952984295646,0.0066309167146300346,0.013732227796724856,0.10119910265076817,-0.03082825702984285,1.6061716859186426,1.64498564727324,-0.03881396135459747,2.024482137096097,0.0,0.544818278441286,0.029014510604868194,3.393849544641743,1.0,0.6385390428211589,0.19970044932600128,-5.7746478873239475,16.78949200068064,0.4166666666666667,0.625,0.5653092403032943,25,0.4186046511627907,0.05880503144654088,1.0,0.0,0.0,0,-5.798584672217877,-5.7778123543933635,-3.771109074967871,-6.1522985485811255
sz001228,2025-10-21,1.0,0.37352119367970843,0.4936708860759499,-0.1909854851031345,76.96207776299507,217.0,58.6,0.0,0,0,0,0.2938144329896907,valid,0.1764705882352941,valid,0,0,0,0,9.732894255397007,9.732894255397007,-0.5543237250554278,-2.8824833702882358,-3.47376201034737,0.18477457501848704,3.7694013303769314,-4.6563192904656265,0,0,-0.006039336951727413,-0.20354433790111492,-0.18182036420039152,-0.02114691682247574,0.0,0.06786777271011148,-0.10966658383556131,-0.043918957609496344,-0.01008280285013086,1.3779898914915305,1.438859186877337,-0.06086929538580654,1.489756882255787,0.0009003880717108709,0.4019572148155653,0.07950804492444198,2.344242334406234,1.0,1.0,4.392666157372038,-4.105263157894745,20.897754674094884,0.4375,0.425531914893617,0.6606114915466001,68,0.23595505617977527,0.834593572778828,0.0,0.0,0.0,0,-0.3947483954013675,-0.128243102299741,1.5158872828506142,4.321154610119393
sz001228,2025-11-12,2.0,0.3713516746584343,0.5666666666666662,-0.9200283085633476,76.53449424702455,212.0,51.5,0.0,0,0,0,0.3461538461538461,valid,0.1764705882352941,valid,0,0,0,0,4.204308547602498,4.204308547602498,-1.7482517482517501,1.5034965034965042,-3.286713286713294,-7.202797202797207,4.860139860139845,-3.286713286713294,-5,0,-0.08283855851138439,-0.11454431449671973,-0.22871540698481194,0.028163692745745636,0.05195066309471447,-0.0019272583169020591,-0.007804063256682444,0.04441865566403799,-0.10736746617036846,1.5697580397662951,1.5318138877594711,0.037944152006823995,1.72527771741171,0.0006199950688290216,0.4367383075259173,0.16169316430288583,2.550747417626001,1.0,1.0,1.840056617126673,-3.4228187919463027,22.779069413608795,0.4166666666666667,0.7619047619047619,0.5912620581025475,53,0.32051282051282054,0.3184533165671173,0.0,0.0,0.0,1,0.2881955023636529,0.19237299776009298,0.403066006491537,-1.3961140929948601
sz001230,2025-08-18,1.0,0.5146033846297938,0.9015544041450789,0.0,77.6223275200451,438.0,38.6,0.0,0,0,0,0.3605442176870748,train,0.1764705882352941,train,0,0,0,0,3.580753450205143,3.580753450205143,1.7897091722595126,-4.548844146159581,-6.785980611483966,-10.17897091722595,3.5421327367636035,-7.3079791200596596,-5,-8,-0.026363854199734433,-0.27358045082735244,-0.09372486958287489,-0.025098578705296887,-0.08200257506946809,-0.02861518821076471,-0.05138343444566221,-0.11499912910903141,-0.0986047773469003,1.5561371438889409,1.5176486531676168,0.0384884907213241,1.9953078642135913,0.0,-0.4345878139878088,0.06173236739180507,0.3941286692241456,1.0,1.0,0.7137490608564834,-6.094570928196152,16.75707460347644,0.4375,0.5,0.6653743017707825,79,0.3629032258064516,0.6782334384858044,0.0,0.0,0.0,1,4.229088151524896,4.3245228485208065,2.8356967717681814,9.512720833728139
sz001234,2025-06-06,1.0,0.8720356184445959,0.41711229946524103,0.13489208633095107,83.22703801023528,255.0,49.8,0.0,0,1,0,0.8214285714285714,train,0.575,train,1,0,0,0,14.470284237726094,14.470284237726094,-2.782534246575341,3.424657534246589,-7.8767123287671215,-14.982876712328764,13.78424657534245,-7.919520547945192,-5,8,-0.19738305192169986,3.271222262491126,-0.14879681419964788,-0.01772089815196145,0.3185775912278975,-0.04278987975813936,-0.054027855385593855,0.3053202561885986,-0.09777355092332288,1.6900541119749597,1.3938997560035538,0.29615435597140594,2.0180518414084103,0.00013401451918758502,0.6045512204594007,0.2282124442319441,4.057545005761403,1.0,0.6034063260340632,3.475935828876997,-3.2500000000000084,48.3426080546199,0.6458333333333334,0.5217391304347826,0.7499188208792607,45,0.3918918918918919,0.4988934555801454,0.0,0.0,0.0,1,1.0389357370555352,0.7372091390037694,0.39609974323475683,1.33597297197654
sz001236,2025-04-01,1.0,0.6103902093461876,0.599999999999999,0.4052684903748771,82.31416751402725,499.0,29.7,0.0,0,0,0,0.2938144329896907,train,0.2444444444444444,train,0,0,0,0,2.4679170779861703,2.4679170779861703,0.7928642220019766,-10.90188305252725,-17.641228939544096,-17.542120911793845,2.87413280475719,-26.957383548067394,-5,-8,-0.2597295211078941,-0.8145252377620065,-0.003777736999211365,0.04666920353288638,-0.04222756582479126,0.006879094913098394,0.04123700417263944,-0.16073653149228898,-0.02370936579159098,1.380104590744288,1.4041445569121087,-0.02403996616782078,1.5254409189546427,8.997830184839538e-05,0.21755491233195726,0.36767944354201315,1.5560899180295098,1.0,0.8265895953757232,0.9970089730807707,-3.9810426540284327,18.529567323808056,0.4375,0.43478260869565216,0.7895626517959576,49,0.4235294117647059,0.7264121173871884,0.0,0.0,1.0,0,-0.8125846440687035,-0.9097233187224885,-1.134477420069513,-2.0322178930146317
sz001236,2025-04-17,2.0,0.35585784986009306,0.8139534883720927,-0.24038461538461453,78.32307704951972,473.0,32.3,0.0,0,0,0,0.2938144329896907,train,0.5208333333333335,train,1,0,1,1,21.233689205219463,39.85765124555161,-0.82938388625593,3.08056872037914,-0.11848341232226778,2.8436018957346043,5.924170616113744,-2.132701421800942,5,0,-0.16267000255667935,-0.2831695585582207,-0.34072209777343737,-0.027434284401613825,0.019156469333243525,-0.0009547647700541965,-0.03698882888022989,-0.020741123912367355,0.0005290365222762944,1.508874897263414,1.5206570430601627,-0.011782145796748633,1.5120586150548656,0.0,-0.16608140913509578,0.30643201501276823,0.7151461161561928,0.12562814070351758,0.1111111111111111,-17.10914454277286,-20.094786729857827,27.83442027159623,0.4583333333333333,0.6578947368421053,0.5049382083191495,78,0.25,0.5872715816005041,0.0,0.0,1.0,0,0.9504328685411512,0.23350918385764974,0.9934633607408871,0.43402684601896446
sz001255,2025-01-14,1.0,0.4970003138809091,0.6646525679758298,-0.6603773584905714,85.26425304310814,91.0,79.3,0.0,0,1,0,0.7647058823529411,train,0.575,train,1,0,0,0,-0.06134969325154449,-0.06134969325154449,-6.411483253588523,2.90271132376394,-2.6475279106858096,-6.730462519936209,3.923444976076551,-11.259968102073369,-5,-8,-0.4283968712644983,1.3952438227760962,-0.09030196246987918,-0.010720756614669777,0.13465080982688632,0.012228814299891273,-0.18304279059810885,0.19564089095959458,-0.0561874012921128,1.6553285311642876,1.6924842802354219,-0.03715574907113428,1.9698174161992394,6.855099583071929e-05,0.6416624867385491,-0.04461430798557784,4.581330243090558,0.0,0.0,,-6.321839080459757,53.794443103726465,0.375,0.5,0.7387793852309903,120,0.23076923076923078,0.9880012630249447,0.0,0.0,0.0,0,2.0908756630530156,1.5969468582214041,0.6436596664660676,2.3367470301843163
sz001256,2025-04-29,1.0,0.31938728194408145,1.086666666666666,-3.802107191937698,78.32768103634425,,,,1,0,0,,,,,1,0,0,0,18.926689027311916,18.926689027311916,9.073634204275539,12.304038004750595,11.116389548693583,8.883610451306412,17.909738717339675,-1.7577197149643786,5,8,3.1862166481254772,-0.06409449216824888,-0.008664749452402313,0.12000076814203407,-0.0252869765675943,-0.03480743345858694,0.15232661641552994,-0.05191450748762843,-0.07828071020331033,1.5934971892052117,1.5712697911278664,0.022227398077345306,2.1704780427419808,0.00013411064252756162,0.05156847588899247,-0.001837744047594541,1.1087447529484622,0.0,0.29679144385026746,-29.158180583842498,-30.848243870112658,14.198535281997108,0.4375,0.4883720930232558,0.5200641457368663,53,0.345679012345679,0.614308426073132,,,,1,-0.7720404928146074,-0.34321804186152605,-0.23455634561134753,0.18201839163072275
sz001259,2024-11-26,1.0,0.6040726054935676,1.1772727272727277,-2.664636467453363,83.77052936449346,163.0,56.4,0.0,0,1,0,0.7647058823529411,train,0.288135593220339,train,0,0,0,0,4.761904761904767,4.761904761904767,1.7310789049919562,-6.843800322061188,-4.911433172302737,-2.093397745571657,6.2801932367149815,-11.191626409017719,-5,-8,0.0495196127619238,1.1138019833138186,0.6141126213359803,-0.027770493297137155,0.026178191916816626,-0.03881409819500593,0.11139712123208484,0.0077173870919530745,0.005556137552488942,1.8148672634299825,1.6934074143573692,0.12145984907261331,1.8758885488122157,0.0001678249755035171,-0.4301489716111531,-0.010908646788669422,0.39845571314635403,0.8109540636042403,0.817094017094017,-4.073087171678724,-9.319899244332497,49.79949864421929,0.4375,0.25,0.7854047554045447,86,0.4068965517241379,0.34080859128237523,0.0,0.0,0.0,0,-2.425905236898618,-4.14584505966924,-3.4375217506579014,-4.719947975002315
sz001260,2024-12-25,1.0,0.42038031492868744,2.2772277227722744,1.971014492753631,83.74299468620652,96.0,57.3,0.0,0,0,0,0.4677419354838709,train,0.5208333333333335,train,0,0,0,0,8.466257668711652,16.257668711656436,4.522924411400253,0.5576208178438735,-3.0359355638166052,-4.894671623296166,9.541511771995047,-3.9653035935563796,5,8,0.3914716211757288,-0.16637205670326338,-0.13354729360042444,0.0,0.0,0.0,-0.05881820041670704,-0.06396722498952281,-0.010435704967704294,1.4387926454749138,1.3278777763583145,0.11091486911659931,1.5927270660470265,0.0002432311454713309,0.5817863463493618,0.26454708205531535,3.7822446315220817,0.0,0.5525525525525528,-8.375491849353555,-12.365591397849462,69.3994029692071,0.625,0.5333333333333333,0.7424963427869955,31,0.41509433962264153,0.1920278392913635,0.0,0.0,0.0,0,-1.6330416480648813,-0.8206902667557303,1.1095971729297327,-0.03820379410494068
sz001267,2024-10-21,1.0,0.8070536683243963,0.5106382978723393,0.7181328545780907,78.81631160551328,13.0,93.4,0.0,0,0,0,0.2938144329896907,train,0.5,train,1,1,1,1,42.662116040955624,75.59726962457336,-1.3628620102214661,0.6814310051107331,6.984667802385003,21.294718909710397,42.419080068143074,-3.7478705281090208,5,8,-0.23349551735130444,-0.17175390030386825,-0.2155976488230094,-0.10347841431579138,0.08780895961921603,-0.023642735009762387,-0.02987000923922081,0.08493598520250861,-0.06929773194884087,1.4718907542986135,1.5261718198139302,-0.05428106551531675,1.6627511495120262,0.00010504333653296774,0.05659004284121529,-0.1255326343256585,1.119969144721865,0.5274725274725278,0.0,,-15.195369030390736,13.562890668930415,0.4375,0.5227272727272727,0.660018718536846,99,0.32653061224489793,0.5778339122197663,1.0,0.0,0.0,1,4.35942706416943,1.713077371462579,-0.6600035381945313,2.548590681185847
sz001268,2025-06-25,1.0,0.3358187132472409,0.4961240310077527,-0.31885213232363263,72.59692916212211,111.0,69.1,0.0,0,0,0,0.3605442176870748,train,0.1764705882352941,train,1,0,0,1,11.964146531566634,41.816056118472325,1.4173228346456845,-0.35433070866142113,-3.22834645669291,11.377952755905518,13.110236220472448,-3.897637795275588,5,8,0.051461762728250024,0.07184361624269504,-0.017990223533792506,-0.02801384296309782,-0.019632583573643222,0.0,-0.03916123764023546,-0.01746517378455567,-0.050521120890023766,1.5007009497645982,1.4947441651120321,0.005956784652566105,1.7541882907024886,0.0009998955184171777,0.534213018117452,0.0995162560342074,3.2938082810230114,0.9951338199513383,0.9975932611311673,-0.07788161993769194,-4.146432573776615,14.143846675411416,0.4375,0.5319148936170213,0.5040946733901274,54,0.31645569620253167,0.7156801007556675,0.0,0.0,0.0,1,2.2945191156520384,2.0307015572955445,2.196026870705703,3.5850768807131006
sz001269,2025-03-25,1.0,0.35369072063714485,0.8445945945945944,-0.17021276595744483,79.48314790277044,157.0,61.2,0.0,0,1,0,0.9047619047619048,train,0.7241379310344828,train,1,0,0,0,11.83505154639175,11.83505154639175,1.7768595041322222,9.008264462809912,8.84297520661157,-19.50413223140496,12.066115702479351,-1.6528925619834656,5,8,-0.09880982467768835,5.024002930254816,-0.018832041240489775,0.013587256293992177,0.526734001801337,0.019197279757666445,-0.045897028542924295,0.5579028671715557,0.004502000910124995,1.6361696615505088,1.7096015457350464,-0.07343188418453761,1.9332659468110431,0.0,0.2633582783805593,0.04263063711401228,1.715024062991137,0.3989361702127662,0.33705357142857173,-4.452324665090623,-4.90196078431373,21.552377429708116,0.4375,0.3448275862068966,0.5153975841082795,38,0.4722222222222222,0.48391167192429024,0.0,0.0,0.0,0,-4.554832984148661,-3.0383438819201802,-1.882061257279044,-3.7316678902805656
sz001269,2025-04-08,2.0,0.4258039770928464,1.0079999999999985,-9.941520467836263,77.47953367432976,369.0,36.9,0.0,0,1,0,0.9047619047619048,train,0.7241379310344828,train,1,1,1,0,24.937531234382803,24.937531234382803,0.4123711340206171,21.494845360824755,20.30927835051548,14.072164948453603,28.865979381443307,-7.164948453608233,-5,8,-0.05635624450809151,3.0202856298926473,-0.14284748281182238,0.012377550227355965,0.25065295513256064,-0.007767050557118781,-0.06792140941246996,0.2544317287133861,-0.0031803465665325523,1.373594711137374,1.5352329521252388,-0.16163824098786472,2.03609252205847,0.00019781583472402677,-1.0,-0.017441109790856984,0.0,0.0,0.0,-24.147081122062165,-26.216814159292035,20.69736898391289,0.3541666666666667,0.3870967741935484,0.5772850036825029,106,0.20300751879699247,0.41028066855881423,0.0,0.0,0.0,0,-11.187878462006717,-9.062457380340906,-6.0851042943472216,-12.520157948474264
sz001269,2025-06-20,3.0,0.2598766593479932,1.0701754385964928,0.44822949350067365,76.68062289171934,11.0,82.9,0.0,0,0,0,0.3605442176870748,train,0.4444444444444444,train,1,0,1,1,40.97626511419617,40.97626511419617,4.138244656662127,7.321509777171453,5.820827648931348,19.918144611186904,37.88085493406095,-0.18190086402910532,5,8,-0.010940040765960973,-0.1795144525042852,-0.48430657019740325,0.0,0.0,0.0,-0.013539096867695471,-0.006811269682898934,0.00017468855271148562,1.5054948679027775,1.717387291102058,-0.21189242319928048,1.870955089005263,0.0,0.3189218127605343,0.39088310696814893,1.9365204134731802,0.010101010101009883,0.41304347826086935,-8.069164265129691,-9.95967741935485,24.994165978993507,0.375,0.75,0.6572526213087684,36,0.3333333333333333,0.3026771653543307,1.0,0.0,0.0,0,-1.7428227210238179,-1.7547472799785746,-0.4538579987248048,-1.6601623564296841
sz001277,2024-09-18,1.0,0.7961314892282289,0.8930232558139519,1.3270142180094924,86.63891818288408,96.0,58.9,0.0,0,0,0,0.3605442176870748,train,0.55,train,1,0,1,1,35.377942998760844,35.377942998760844,1.1278195488721776,-3.2268170426065224,-0.4072681704260783,27.600250626566392,36.904761904761905,-4.573934837092731,5,8,-0.22889188550352282,-0.07157122943439481,-0.038407622400486646,0.0321864190429496,-0.013227247374983538,-0.04243981050728426,-0.0008684480756284943,-0.09932950753972958,-0.001245470461109325,1.5846676287107793,1.7479562803828304,-0.1632886516720511,1.826524675095732,1.1050747755418383e-05,-0.44870612796710463,0.00834306102972427,0.38054223792543623,0.0528523489932888,0.0,,-36.74309229864785,19.300797586310342,0.3333333333333333,0.3333333333333333,0.7055547689775516,25,0.34210526315789475,0.33839822728711616,0.0,0.0,0.0,0,-1.7070218364008793,-0.9832408536180837,-0.6871823550347544,-0.3616219767398787
sz001277,2025-01-16,2.0,0.32825935690017255,0.880952380952381,1.0405257393208966,79.00290530606819,168.0,58.9,0.0,0,1,0,0.3461538461538461,train,0.288135593220339,train,0,0,0,0,3.257065948855997,12.624495289367443,-1.8766756032171483,1.7426273458445163,-1.5549597855227804,0.5898123324396876,2.8418230563002744,-2.922252010723847,0,0,-0.08743210755123457,0.03594532074866259,-0.28426811351123965,-0.03705078784593261,0.0018096124610169283,0.0,-0.05650455115819544,0.07125919696282253,-0.02212982775360163,1.547832829929607,1.6269603875197423,-0.07912755759013534,1.7161593730546036,0.0005660972524483241,-0.30685869067948235,0.04097438757554124,0.5303873435314791,0.2525667351129358,0.0,-8.92375582250552,-14.754474529600737,27.448618035951185,0.5625,0.3235294117647059,0.5024566111266402,64,0.36633663366336633,0.6633007257810035,0.0,0.0,0.0,0,2.2656529790087365,1.6319232410930695,0.5425123191168169,2.023743346774509
sz001282,2024-09-02,1.0,7.9379236914233715,0.5970149253731323,0.0,80.90444368548194,302.0,50.3,0.0,0,0,0,0.0,train,0.5208333333333335,train,0,0,1,0,25.45757071547421,25.45757071547421,1.5151515151515138,2.076318742985417,-0.729517396184054,-5.162738496071839,2.8619528619528545,-2.805836139169471,-5,0,0.063895728121874,-0.40016745727125613,-0.31404076253913654,0.0,0.0,0.0,0.004329236733693204,-0.03390375864366799,-0.012226013277433,3.8489609265363858,1.7185092263580077,2.1304517001783783,9.790624524596977,0.0,0.6348058533174279,0.1091708714009612,4.47653903592931,0.0,0.0,,-4.248539564524679,33.19212891296925,0.2916666666666667,0.5833333333333334,0.9734541682448536,0,,0.0,0.0,0.0,0.0,0,0.4347876184966015,0.055536980635806366,-1.7812312296367927,-0.540959629184945
sz001282,2025-05-12,2.0,0.4173630136819619,0.8599033816425108,1.8908312522297521,78.62650586639445,18.0,86.6,0.0,0,0,0,0.2938144329896907,train,0.0925925925925925,train,0,0,0,0,1.0745233968804113,1.0745233968804113,-3.1207133058984926,-4.320987654320996,-5.006858710562412,-5.418381344307277,0.0,-6.961591220850483,-5,-8,0.17557174166370063,-0.16883713268325165,0.12487125485455844,-0.1430735385220621,0.02500086556020757,-0.08548088163586932,-0.11961909384859983,0.004370857793250865,-0.11145388479529639,1.6525810264206358,1.7616564033424462,-0.10907537692181046,2.126223763794194,0.0,0.18577117736940188,0.06722638372604352,1.4563119658899206,1.0,0.6485765124555164,2.6690391459074814,-5.811296114920006,24.47812365708161,0.3125,0.5121951219512195,0.7013713110883946,41,0.3880597014925373,0.704358812381554,0.0,1.0,0.0,1,3.6527635280577453,2.8738357969900763,3.1835792488165815,5.989857956463163
sz001282,2025-07-08,3.0,0.6819767200186413,0.7719298245614054,0.5115089514066362,80.891628882568,182.0,60.7,0.0,0,0,0,0.1929824561403508,train,0.1388888888888889,train,0,0,0,0,6.775469831849668,8.753709198813064,1.3725490196078383,1.71568627450982,0.04901960784313708,0.7843137254901933,5.833333333333335,-0.9803921568627416,5,0,-0.08332441705914292,-0.4463358066074938,-0.02798776998652593,-0.07833606639378635,-0.027732269778493954,-0.07390447112716955,-0.048917206164542384,0.010778645494655527,-0.15065877503827066,1.4744541636233366,1.6111796413211854,-0.13672547769784882,1.8812617510612522,0.0,-0.195135660554294,0.007164082131151259,0.6734501914807032,0.10132158590308352,0.09633507853403121,-28.75264270613108,-29.93762993762994,35.28024986021547,0.375,0.4166666666666667,0.8238012792765952,59,0.25316455696202533,0.7589905362776025,0.0,0.0,0.0,1,0.5323334726387019,0.7257977275905825,1.4124793735964758,1.543745652186268
sz001287,2025-07-17,1.0,0.43317610652747646,1.801652892561982,3.1404217137729784,79.22857126559197,55.0,73.3,0.0,0,0,0,0.3605442176870748,train,0.1388888888888889,train,0,0,0,0,8.99182561307903,8.99182561307903,4.995458673932784,-6.539509536784749,-6.857402361489551,-7.992733878292457,8.99182561307903,-8.038147138964579,5,8,-0.09108730767243049,-0.06129614136726978,-0.09949350881266342,-0.0025340038004007244,-0.07715123686285437,-0.018132025656986545,0.02236903235030065,-0.11115860520419654,0.0014764010021766805,1.3208592200185194,1.393957826158201,-0.07309860613968167,1.6348176457848156,0.00043371338214868554,0.07712005799844152,0.04413889018338047,1.1671291237106793,0.949056603773585,0.949056603773585,-1.2113055181695809,-9.008264462809912,32.41694779610373,0.2916666666666667,0.12244897959183673,0.8598576395316827,52,0.36585365853658536,0.591167192429022,0.0,0.0,0.0,1,2.0151757703270823,1.6615921928120114,0.6101384472906979,3.6422235469832476
sz001288,2024-12-06,1.0,0.7302027385747073,0.4855769230769225,0.16920473773265332,74.28669816105523,217.0,59.1,0.0,0,0,0,0.1929824561403508,train,0.2,train,0,0,0,0,10.857515487447,10.857515487447,0.7499184871209597,2.5758069775024373,-0.6847081838930569,8.053472448646893,9.87936093902837,-1.1737854581023943,5,8,0.06621598885895398,-0.009319884066096292,-0.2523579178075728,-0.023949235365953985,0.07682001510401217,-0.008445594909368975,0.0016190018763520802,-0.025028459743491147,-0.13358728885760407,1.472698032524816,1.5150209635729945,-0.042322931048178525,2.046653404069619,0.0,0.39124019780384645,0.18566375189506168,2.2853680430028844,0.3816513761467894,0.5530503978779844,-9.900117508813155,-11.71560161197467,16.138601210936894,0.2916666666666667,0.9714285714285714,0.7228943297922062,112,0.36363636363636365,0.7515802781289507,0.0,0.0,0.0,1,2.5931522239095672,2.1746383698324934,1.4440469437748682,1.9362162616176848
sz001288,2024-12-19,2.0,0.8163517261996094,0.5249999999999984,-0.19243104554200752,77.18112700939143,192.0,53.2,0.0,0,1,0,0.2938144329896907,train,0.1388888888888889,train,0,0,0,0,5.919003115264787,5.919003115264787,3.175591531755928,-1.7745952677459376,-4.607721046077195,-8.21917808219177,5.853051058530512,-7.347447073474456,5,-8,-0.011396795011347407,0.1203919867905121,-0.3309564642662043,-0.017822445411025373,0.07406409299165437,-0.05675639417464997,-0.013270258179899687,0.06437188208973078,-0.061920039841544344,1.6586560385293971,1.6227264305710913,0.0359296079583058,2.007372360944211,1.0924273045866955e-06,0.4241050606182566,0.322972081373972,2.4728556603520704,1.0,0.7427055702917774,0.6585136406396908,-2.5500910746812266,18.423938497709525,0.5833333333333334,0.6206896551724138,0.5100928199852669,58,0.3958333333333333,0.37401201391084415,0.0,0.0,0.0,0,-4.359829837405027,-3.253543684756788,-2.0613429578140385,-3.429198264978961
sz001288,2025-03-03,3.0,0.7257813535689199,0.7525252525252529,0.09983361064891394,84.23328092822528,157.0,60.0,0.0,0,0,1,0.2938144329896907,train,0.0925925925925925,train,1,0,1,0,22.59832366215346,22.59832366215346,1.620745542949753,4.797406807131277,20.486223662884928,6.547811993516994,23.273905996758515,-1.0372771474878473,5,8,-0.15928441137738805,0.09062125085592074,0.042764249210980904,-0.08445030145301995,-0.05262455549281024,0.03286916176117508,-0.12097185640964796,-0.001424688857711068,0.04134159275049492,1.6582644190238458,1.7414654614597949,-0.08320104243594906,1.7656321998922548,0.0006789641051653005,0.042521497604267135,0.13037982741987095,1.0888197437287062,0.9473684210526309,0.9346938775510203,-0.32133676092545027,-4.583205167640725,23.665889852604565,0.4166666666666667,0.5116279069767442,0.6874345533297197,57,0.3870967741935484,0.5528891695610988,0.0,0.0,0.0,1,-2.9448160267362966,-2.633649480320266,-2.046571633357519,-3.0764249976425684
sz001296,2025-06-06,1.0,0.6836836628837168,0.7090909090909082,0.22662889518414442,80.82630473964029,21.0,80.5,0.0,0,0,0,0.3605442176870748,train,0.2,train,1,0,1,0,20.883977900552473,24.033149171270708,0.6648199445983494,0.3878116343490223,2.3268698060941784,12.742382271468156,19.11357340720221,-1.5512465373961226,5,8,0.012123673078504241,-0.07497317361152825,-0.24480516221468301,0.0,-0.02325832161948001,0.04131302747078342,-0.02440973769661362,-0.009706237260295037,0.0822477199136052,1.4680828803601498,1.5022186925856416,-0.03413581222549178,1.749316839174202,0.00048695050365126137,0.16047966601839203,0.13767624277464355,1.3823127553260854,1.0,0.8683473389355746,1.857062464828374,-4.131355932203373,18.90460085528317,0.4375,0.6764705882352942,0.6714769959374863,45,0.3918918918918919,0.4988934555801454,0.0,0.0,0.0,1,1.0389357370555352,0.7372091390037694,0.39609974323475683,1.33597297197654
sz001300,2025-03-13,1.0,0.30111239021653396,1.244680851063828,0.23237800154918276,80.17831162394148,299.0,42.8,0.0,1,0,0,0.4677419354838709,train,0.2,train,0,0,0,0,2.124311565696302,7.002360346184089,-1.2345679012345734,-2.314814814814825,-2.314814814814825,-5.7870370370370345,0.15432098765431057,-3.6265432098765427,-5,-8,0.4517440916227875,-0.04157041116965529,-0.3437743436251603,0.011436759524694948,-0.025856250787685612,0.015260722890586912,-0.02404550011444223,-0.11425907085516135,0.09187026790906658,1.357191558157789,1.5247075551047236,-0.16751599694693464,1.7572449206324308,0.00019664403776479828,0.28171238121757974,0.3921839760437988,1.7843999363238767,0.8230088495575228,0.9137931034482761,-1.549186676994574,-8.429394812680114,26.74942304911161,0.3125,0.6590909090909091,0.6167981083388216,35,0.33962264150943394,0.319672131147541,0.0,0.0,0.0,1,-1.042394816405534,-0.8896894185883464,-1.1287898356137416,-3.0735954757015294
sz001311,2025-09-17,1.0,0.4501257709357083,0.6749999999999989,0.07886435331230235,80.02546977776244,115.0,63.2,0.0,0,1,1,0.2938144329896907,train,0.1764705882352941,train,0,0,0,0,4.456396465616597,5.954667691125604,-2.6871401151631447,-4.414587332053754,2.3416506717850227,0.7677543186180413,4.376199616122833,-5.5278310940499065,-5,0,-0.1360468725805972,0.01149351702546259,0.005715674960728444,-0.042335806927933484,0.009653665204701378,0.03320117758184522,-0.08394018247156891,0.0539282701792332,0.09139192125216246,1.542179682129582,1.4727034365158256,0.06947624561375632,1.717263060431521,0.00022302506614141536,0.5879857659565271,-0.015596375784833605,3.854201225943503,1.0,1.0,1.4419329696024885,-4.930606281957628,23.03330995535712,0.4791666666666667,0.3191489361702128,0.6425842999562971,61,0.27380952380952384,0.4330708661417323,0.0,0.0,1.0,1,4.490140602269288,4.730538578359389,2.3768150056703075,8.369635357775262
sz001314,2025-05-22,1.0,0.6207274364847117,0.6926605504587148,-0.1995565410199629,78.65217420716318,80.0,60.4,0.0,0,0,1,0.1929824561403508,train,0.0895522388059701,train,0,0,0,0,14.668117519042422,14.668117519042422,-4.185022026431717,-3.237885462555068,-2.114537444933917,0.5726872246696102,2.2026431718061623,-5.462555066079289,-5,0,-0.23119508782745335,-0.18125692024696657,3.0242197495711787e-05,-0.0280986257717717,-0.01030519032817172,0.033054125995564475,-0.07504798937142529,-0.06610017979862297,0.04178166976789207,1.5067698342144455,1.5364158107229011,-0.029645976508455574,1.5853634519982087,1.1306423984230406e-05,0.5214226672977323,0.11069886254083933,3.17905292067863,1.0,0.3668610301263365,0.7675438596491224,-3.18162663295406,22.578272085326574,0.3541666666666667,0.6666666666666666,0.8244461030747803,33,0.46774193548387094,0.17172675521821631,0.0,0.0,0.0,1,0.1497002898629196,-0.2102585542104629,0.17060558366208678,0.11348605139065437
sz001316,2025-10-13,1.0,0.4053975267710659,0.62962962962963,0.0,77.9395545284402,151.0,57.8,0.0,0,0,0,0.2938144329896907,valid,0.1388888888888889,valid,0,0,0,0,7.177177177177185,15.615615615615619,-1.056125528062768,-3.5003017501508804,-6.095353047676522,3.1382015691007847,3.6511768255884203,-7.00060350030175,-5,0,-0.1776488734002378,-0.26915346196038403,-0.12259458989766449,-0.0634286987994971,0.0,0.0,-0.0261395083079163,-0.06424547363605188,-0.08507600350172864,1.543682457732707,1.7202828387232159,-0.1766003809905088,1.9939804526481097,3.8777868313794e-06,-0.11116195513700237,-0.0013922442869454112,0.7999176364469813,0.549668874172185,0.27392739273927325,-3.9238315060588613,-4.857142857142859,29.915467229908447,0.3333333333333333,0.5,0.7879164617910056,50,0.2857142857142857,0.27539432176656153,0.0,0.0,0.0,1,1.6515407032458462,1.873413338547425,0.9654797760735967,-2.3089611175829305
sz001318,2024-12-11,1.0,0.3137017562149408,1.136363636363636,1.4126394052044633,75.91288140221585,39.0,82.3,0.0,1,0,0,0.472,train,0.4444444444444444,train,0,0,0,0,10.036900369003687,10.036900369003687,7.756024096385561,-0.3765060240963791,-7.605421686746983,-13.027108433734934,12.274096385542176,-7.906626506024084,5,8,1.4189639876615745,-0.287006033885029,-0.17499203758587106,0.059398918325699025,-0.014241645964849064,0.0,0.03396271095470934,-0.08739613861155492,-0.14378354895221393,1.2914645330067787,1.3255295100307556,-0.03406497702397693,1.489424289921662,0.0012439352154453801,0.5783957077268158,0.1470247669860412,3.7437847210153,1.0,1.0,0.743494423791824,-5.24475524475524,24.94033890505961,0.4375,0.6170212765957447,0.6064086559418183,132,0.21893491124260356,0.7883765003158559,0.0,0.0,0.0,1,3.907038786227379,2.854699890862289,1.4825889298941242,2.1765870656512254
sz001318,2025-02-21,2.0,1.2569477638939714,0.7634408602150549,0.17108639863132602,84.29428000855481,308.0,45.2,0.0,0,0,0,0.2938144329896907,train,0.1764705882352941,train,1,1,1,1,53.56244761106454,53.56244761106454,-4.02347024308466,-2.7661357921207053,-0.3352891869237151,-4.191114836546516,2.514668901927908,-4.77787091366304,-5,0,-0.11392184388113981,-0.14769045126821534,-0.08150236936874924,-0.016883457711539037,0.0,0.03751498941168406,-0.04240074142543438,-0.1283024329959555,0.0014523616375048,1.7143816092394215,1.3792288721818478,0.33515273705757376,2.5312117025043057,0.00021214297131289648,0.5414850701900068,0.22800955810749857,3.361908129859135,1.0,1.0,2.0530367835757124,-5.617088607594944,39.473742950750356,0.375,0.5348837209302325,0.8646038053137791,84,0.25,0.4210028382213813,0.0,0.0,0.0,1,3.2068924212987238,1.8371309305161176,1.0011529551154918,2.988915624188593
sz001322,2025-11-18,1.0,0.3220009817401369,0.8292682926829262,0.0,72.19028676015668,200.0,48.1,0.0,0,0,0,0.2938144329896907,valid,0.0895522388059701,valid,0,0,0,0,4.041570438799069,11.085450346420323,-1.1402508551881407,0.3420752565564511,-1.2542759407069504,-0.7981755986317007,2.736602052451542,-2.1664766248574607,0,0,-0.40122955276604444,-0.21256741389946388,0.0385926648100132,0.0,-0.014831373859915902,-0.15943346510481657,-0.03229296660200446,-0.09509868390491488,-0.20402491237837586,1.747819253024726,1.568728894312376,0.17909035871235002,1.8109019140132265,0.0017296834614991881,-0.23433906185956307,-0.0025205948767142976,0.6203003386986305,1.0,0.5680000000000004,0.8149010477299212,-3.77777777777778,25.767789248965023,0.4791666666666667,0.4583333333333333,0.6357055336556693,38,0.3968253968253968,0.19597357659641396,0.0,0.0,0.0,0,-1.22918537325859,-1.928117807313956,-1.8050239184311145,-2.0768902075250395
sz001324,2025-07-23,1.0,0.36992794584779765,0.9900990099009885,-0.14471780028944004,76.14867329820106,160.0,53.1,0.0,1,1,0,0.8214285714285714,train,0.7241379310344828,train,1,0,0,0,16.17999042604117,16.17999042604117,10.746987951807242,10.698795180722875,5.92771084337349,2.9397590361445847,16.963855421686745,-0.24096385542169418,5,8,2.706239142867591,0.13095962855375035,-0.06788020752623963,0.3899999073266364,0.04720470445923325,-0.01646569151884669,0.37444238244261374,0.08503551277986746,-0.08106922585302488,1.3970831256759044,1.4393489239176533,-0.04226579824174892,1.390922456067054,0.0001215542095577959,-0.1980947769087037,0.3627118159395584,0.669317017774131,0.601286173633441,0.771217712177122,-5.603253502033434,-7.238010657193605,23.155758359744095,0.3958333333333333,0.5952380952380952,0.6248699797531277,45,0.5631067961165048,0.22043519394512773,0.0,0.0,0.0,1,2.246295029930856,2.984164697213476,2.8091072725833888,3.6085108642108343
sz001330,2025-11-25,1.0,0.327534657369221,0.7777777777777778,1.81818181818183,77.0049007406543,7.0,87.3,1.0,0,0,1,0.3605442176870748,valid,0.4444444444444444,valid,1,1,1,1,92.08633093525178,92.08633093525178,-0.5722460658083017,1.859799713876975,6.151645207439205,52.36051502145922,52.36051502145922,-3.2904148783977183,5,8,-0.12947518167983516,-0.007978200318680106,0.568849364226767,0.010969590033786381,0.04667611696030667,0.09612391131360305,-0.02090371702668931,0.14278297374430265,0.1293520241205215,1.4129302076111117,1.4939002725350974,-0.08097006492398573,1.4340473944386964,9.861032976836247e-05,0.43163694711674827,0.00565489861761955,2.518877572801733,0.7115384615384617,0.8564593301435407,-4.137931034482756,-8.311345646437996,17.92714464844033,0.3958333333333333,0.5625,0.5913894392709568,67,0.2872340425531915,0.7648725212464589,0.0,1.0,0.0,0,-2.6604581218940826,-2.7466608388713842,-1.702819986056625,-2.876499941548649
sz001332,2025-04-03,1.0,0.870176908909607,0.6974789915966372,-3.1796116504854477,79.3232657947529,291.0,45.2,0.0,0,0,0,0.3605442176870748,train,0.0895522388059701,train,0,0,0,0,-3.207412687099076,3.516274649560458,-5.252626313156561,-6.7783891945972785,-10.405202601300644,-14.18209104552275,1.9009504752376394,-16.008004002000998,-5,-8,-0.7430186335774212,1.1154813597074977,-0.13101364283125744,-0.02700540770199088,-0.041778804907764935,0.010546446699954987,-0.07458262102396578,0.05282186114886728,-0.016234979101309964,1.7687463988581122,1.4698493911287318,0.29889700772938044,1.8808219660364462,0.0014725507131213608,0.025274115861692655,-0.030101702048271294,1.0518589200778963,0.988684582743989,0.9915164369034997,-0.1897083234526864,-7.47417014728512,15.012007939895994,0.4375,0.4666666666666667,0.7699760958004923,47,0.29850746268656714,0.4509308930261912,0.0,0.0,1.0,0,-1.983158961544873,-1.881582650951641,-1.80317589839335,-3.7151033536928058
sz001358,2025-08-06,1.0,0.5923826290554577,0.7565217391304335,0.08382229673091768,77.0232930209374,160.0,61.3,0.0,0,0,0,0.3605442176870748,train,0.0925925925925925,train,1,0,0,1,16.797683078196112,35.99503516756308,2.9375258585022657,3.1857674803475344,3.7649979313198134,3.020273065784007,6.909391808026477,0.0,5,0,0.08850196317982795,-0.012530703469930146,-0.004448610732826034,-0.00704938720753334,-0.022035760889808468,-0.21766672207517218,0.07099113370578555,0.01292271661251525,-0.20839936129783426,1.435942569352763,1.585360422635894,-0.14941785328313095,1.644936330631382,0.0005227135346851784,-0.6200890756599857,0.07381190071146558,0.23450002228133515,1.0,0.6755555555555569,1.299245599329435,-3.4744408945686756,19.001708626758976,0.2708333333333333,0.4,0.7844147651138835,46,0.30303030303030304,0.5658890290037831,0.0,0.0,0.0,1,2.125885015780127,0.6760366423844921,-0.9094323406519278,-0.36866413944264265
sz001359,2025-04-23,1.0,0.5965884335563946,0.8030303030303042,0.4878048780487809,77.81311311601574,165.0,60.3,0.0,0,0,0,0.2938144329896907,train,0.2,train,0,0,0,0,4.536862003780717,4.536862003780717,-1.0149064383127238,-3.7424674912781453,-2.315255312400888,4.027909927053597,4.027909927053597,-4.59879479860451,0,0,-0.16439917681799,-0.14382849146870982,0.136506988416698,-0.017720955561440755,-0.06246789416729747,-0.033420205621101054,-0.1041802252843653,-0.11414501439350426,0.05796270352037172,1.6821935907620247,1.656505691308059,0.025687899453965768,1.8372040906216978,0.0,0.6888724020843668,0.06422861906908073,5.428230775407875,0.6388140161725063,0.6801909307875892,-7.786170830912265,-13.278688524590176,18.682719418137445,0.4583333333333333,0.5,0.6063276217935507,57,0.39361702127659576,0.5167192429022082,0.0,0.0,0.0,1,2.557436163190263,1.4051899990645822,0.37271851053393146,2.205064785215516
sz001360,2024-10-24,1.0,1.53121319751983,0.8888888888888892,-0.20366598778004397,84.01499006816807,170.0,58.0,0.0,0,0,0,0.2938144329896907,train,0.2,train,0,0,0,0,3.337696335078544,3.337696335078544,-2.917771883289122,-5.702917771883287,-2.851458885941638,-1.9230769230769273,4.708222811671092,-6.366047745358094,-5,0,0.12264252643979184,-0.39605018984049684,-0.07740964880991319,-0.007667464533866869,0.033511388575185166,0.05830286966037899,-0.12859714620429133,-0.08708295130289453,0.14420187500219073,1.6718459046885856,1.510459921618433,0.16138598307015273,2.6091980765773855,0.00017112636598612282,0.40300090816221346,-0.007511516601575637,2.350088848281581,1.0,0.0,3.382949932341006,-4.5000000000000036,25.130666284207084,0.3125,0.4883720930232558,0.8535931331383428,82,0.31092436974789917,0.41616671929270604,0.0,0.0,0.0,1,6.466434839094926,5.678473230879644,3.7118128540365003,6.963942926538169
sz001360,2024-11-05,2.0,0.5319569145307084,0.8686868686868695,0.4752206381534396,78.58518886976576,367.0,51.0,0.0,0,0,0,0.4677419354838709,train,0.2,train,0,0,0,0,4.554588077695909,4.554588077695909,-0.27137042062416183,0.0,0.13568521031206426,-2.7137042062415184,2.7815468113975506,-1.8995929443690551,-5,0,-0.09801824186886782,-0.36702518412645235,-0.2492941075001224,0.0,-0.029132469996094337,0.0,-0.05623303507214809,-0.04494217878958461,-0.046152860982603044,1.5447018678985451,1.5007128637901648,0.04398900410838036,2.0738389074670813,0.00010208003547361901,0.3942502958969463,0.22150199907841528,2.301693730022439,0.8325358851674642,0.8325358851674642,-2.290575916230364,-6.687500000000002,29.188163359566058,0.5,0.2619047619047619,0.6542408300485094,151,0.2524752475247525,0.9310998735777497,0.0,0.0,0.0,1,4.724492467741936,5.151666694594859,3.0556490529471736,5.168529840870284
sz001360,2025-11-06,3.0,0.4417281999979879,0.8333333333333348,-0.12578616352201255,80.19095028709968,277.0,49.7,0.0,0,0,0,0.2938144329896907,valid,0.1764705882352941,valid,0,0,0,1,7.902735562310026,54.16413373860183,0.6097560975609762,1.0365853658536706,1.3414634146341697,0.7926829268292801,3.658536585365857,-1.6463414634146356,0,0,-0.21001879073893304,-0.35553284232019655,-0.2174328339257292,-0.0385972491250862,0.030466660210296547,0.02673838417341429,-0.14816908911848073,0.07307660141107195,0.04079862816235183,1.5338701363100904,1.6290010286647343,-0.09513089235464389,1.5460134711995361,4.4474742407677775e-05,-0.10864302255363874,-0.043428455841722696,0.8040072045853113,0.757575757575756,0.8471337579617824,-1.4379868184541733,-3.801169590643283,28.699581763243195,0.5,0.5789473684210527,0.6031525499464344,57,0.40625,0.5354107648725213,0.0,0.0,0.0,1,0.8917080004223976,-0.5414224919093491,-0.3504906992934709,-1.1767740961124984
sz001376,2025-05-09,1.0,0.6445903326459624,0.5352112676056343,-0.24077046548957037,78.21553554125154,47.0,66.5,0.0,0,0,0,0.2938144329896907,train,0.0925925925925925,train,0,0,0,0,0.7770007770007803,0.7770007770007803,0.3112840466926059,-0.7003891050583633,-2.5680933852140098,-6.225680933852129,0.9338521400778177,-2.5680933852140098,-5,0,-0.12057783289596237,0.09074869203581916,-0.35983962154366145,0.02389953196944623,0.0,0.0,-0.026407293462029906,-0.09007078704205224,-0.11277041537990787,1.4827143455549245,1.5243690467850441,-0.041654701230119606,1.8030550143424469,4.160960284700536e-06,-0.5004533739658288,0.1416110846314846,0.3329304560219863,1.0,0.3802816901408447,2.468152866242024,-2.8679245283018906,28.502759175090404,0.375,0.5897435897435898,0.7610442399416526,32,0.43859649122807015,0.26468730259001894,0.0,0.0,0.0,1,3.0270872563675777,2.0841884993711757,1.8828730022889317,4.1318795557795385
sz001382,2025-04-22,1.0,0.32847630859603355,0.674796747967478,-1.5618221258134501,72.8808347020076,410.0,35.7,0.0,0,0,0,0.2571428571428571,train,0.1388888888888889,train,0,0,0,0,5.6538627535606345,5.6538627535606345,-2.195436934997852,-4.4339216530348775,-9.169177787343951,-5.294877313818336,1.162290142057687,-10.417563495479987,-5,-8,-0.16013847513406512,-0.36187333962044277,-0.22167706490286546,-0.12421061639174506,0.0017670685619300282,-0.024012807206123785,-0.0848908963977462,0.007322536650681353,-0.07336431147079887,1.4955208821258132,1.651657432850209,-0.1561365507243957,1.480712992311832,0.00018140618862272928,0.32680048224622327,0.11010612013958271,1.9708874520190933,0.39541984732824476,0.27759914255091134,-20.786324786324784,-21.96025597844392,13.718231587271351,0.2708333333333333,0.5,0.7781450773689897,71,0.2828282828282828,0.5232080833596463,0.0,0.0,0.0,0,0.5966102362102266,0.3868785089032878,0.6039878180431613,-0.10194263425485905
sz001389,2025-02-27,1.0,0.4060172769471121,1.5041551246537397,-1.0049474335188657,77.09454536781477,343.0,41.7,0.0,0,0,0,0.4677419354838709,train,0.2,train,0,0,0,0,-0.4018646519852065,-0.4018646519852065,-7.698648203099234,-6.165512693702602,-3.0992416749093255,-0.6099571381470437,2.1430926475436873,-11.02868447082097,-5,-8,-0.2154977082519338,0.18459885514944388,-0.034154677121429805,-0.008558710625390443,-0.03732751719469762,0.053337995466614746,-0.021691646239677783,-0.09041823625784474,0.10647941090034553,1.3679170181703737,1.3589881538040278,0.008928864366345879,1.5808036980202427,7.077417534380811e-05,0.421457960381803,0.21855921000919376,2.4569657225253327,0.7450980392156857,0.8566453859547298,-3.8188002473716898,-8.02779420461266,18.061574370320688,0.5208333333333334,0.6875,0.5647603996956193,68,0.24444444444444444,0.4128787878787879,0.0,0.0,0.0,1,2.60664667923598,1.1991362551681206,0.9982448249646891,1.3895050817677612
sz001389,2025-03-12,2.0,0.6409297381268,0.6737588652482289,-0.4613807245386292,77.14583752227064,252.0,52.5,0.0,0,0,0,0.3605442176870748,train,0.288135593220339,train,1,0,0,0,5.0525601898948835,5.0525601898948835,2.9015190305512917,1.9798600443761583,-2.491892814473462,-11.31592421915003,5.751834784092846,-3.2428742106161534,5,-8,-0.1359055263317915,-0.07576071748579438,-0.12262247454087852,0.043235761247226986,-0.03618992367233757,-0.03186051179253594,0.1274711497801156,-0.056707451214396486,-0.10171386419510134,1.476119353187318,1.4993621601014757,-0.0232428069141577,1.6338308257105083,4.6480067479446166e-05,0.25823902260448084,0.12145536138725703,1.6962863522727039,0.38043478260869523,0.6691816598955306,-8.812615955473113,-12.80307510348907,15.009609022217681,0.4583333333333333,0.40816326530612246,0.5901078152442676,76,0.3559322033898305,0.5143487858719646,0.0,0.0,0.0,1,2.6371467640226465,1.5089493453832592,0.6319142567209335,0.04133562555677095
sz001896,2024-11-12,1.0,0.405148621973355,0.7692307692307705,0.0,82.48381968966572,131.0,60.4,0.0,0,0,0,0.2938144329896907,train,0.1388888888888889,train,1,0,0,0,6.950672645739897,16.143497757847534,0.6787330316742057,-5.429864253393668,-4.072398190045245,-7.01357466063347,4.2986425339366585,-6.7873303167420795,-5,-8,-0.25047281868958904,-0.7124820420287555,-0.1368657683547097,0.00024307127038435998,-0.02978380520418005,-0.05903462395242642,0.027435541703231148,-0.05049519840386902,-0.05669893851390443,1.3475198950701885,1.491111526557292,-0.14359163148710352,1.3859922162145493,0.0,0.30000867092781963,0.16537567728283498,1.8571782491233801,0.9838709677419358,0.9838709677419358,-0.22371364653243075,-4.29184549356224,29.464129050516487,0.3541666666666667,0.5227272727272727,0.6957219265556749,69,0.48507462686567165,0.2971862156180841,0.0,0.0,0.0,1,3.5973586263033708,2.485488027617677,1.0179196936140888,4.409171730520112
sz002006,2024-10-29,1.0,0.6739437281609609,0.7142857142857151,0.9916094584286883,80.76221104961677,222.0,49.7,0.0,0,0,0,0.2938144329896907,train,0.4444444444444444,train,1,1,1,1,33.26023391812867,67.10526315789474,-0.37202380952380265,-5.58035714285714,-0.7440476190476164,4.389880952380953,7.738095238095255,-5.877976190476186,-5,0,0.04757280611441861,0.00671267640752146,-0.1992081451955289,-0.00039692205855601693,-0.05353034093416792,-0.0022502491822866495,-0.04116830082168988,-0.019173517544604106,-0.03190167767582907,1.4065532046606555,1.394908526920437,0.011644677740218379,1.5439829463123482,4.4382230891603786e-05,-0.3353465464559677,0.2245240421258188,0.4977385498229159,0.4416666666666668,0.0,-8.921438082556588,-9.403973509933772,15.708448240088043,0.4583333333333333,0.6530612244897959,0.6385353859657107,105,0.49029126213592233,0.18020866266202973,0.0,0.0,0.0,1,1.6135946404699286,1.0198198260201297,-0.8369979550381323,-1.7899947036292052
sz002020,2025-08-12,1.0,0.46830116909156966,0.5249999999999995,0.570835495589006,75.00840512647822,546.0,25.7,0.0,1,0,0,0.3605442176870748,train,0.1388888888888889,train,0,0,0,0,9.523809523809534,13.283208020050141,0.8072653884964698,0.20181634712410634,-3.9354187689202846,3.027245206861773,4.64177598385469,-4.439959636730572,-5,0,0.0111609664216936,-0.0695369792597668,-0.02921983479118029,0.05727887001820093,-0.07093110309413372,-0.1858014185092891,0.056082167080272055,-0.07343982515623833,-0.16586339948139958,1.4589386207328747,1.4496597559058224,0.009278864827052313,1.8692553798265696,0.00023342940504716148,-0.7430565931008191,0.004531014952885731,0.14740967557575982,1.0,1.0,3.5288012454592677,-3.0612244897959107,19.39002596740305,0.4375,0.3469387755102041,0.6112129207390302,45,0.3181818181818182,0.3981102362204724,0.0,0.0,0.0,1,2.594930437075571,1.823247643325554,0.9839330319609152,2.8174142114727907
sz002021,2024-12-13,1.0,0.3543534199704536,0.5000000000000012,-0.917431192660545,77.50987014215205,124.0,59.5,0.0,0,0,0,0.2938144329896907,train,0.0895522388059701,train,0,0,0,0,-0.9146341463414531,-0.9146341463414531,-4.61538461538461,-10.153846153846157,-8.615384615384613,-19.07692307692308,0.0,-12.615384615384617,-5,-8,-0.34284683149874234,-0.2792774960730474,-0.17771477891664517,-0.06264236714836262,-0.06389608974723782,0.0026460320482797335,-0.07137325047495038,-0.1730931296967339,-0.00972943273342145,1.4888005313006072,1.512398503153034,-0.023597971852426847,1.356630188482109,5.524793981875992e-05,-0.49769841595019176,-0.0066961654071190195,0.3353823297804122,0.8725490196078428,0.9182389937106916,-3.8123167155425297,-8.123249299719893,17.291920397443324,0.5,0.4897959183673469,0.47126841266544267,87,0.4,0.16055625790139064,0.0,0.0,0.0,1,0.08452787836426001,0.1521107265741506,-1.0057459583923567,-1.4029378348852095
sz002023,2025-07-23,1.0,0.8132069291130521,0.5106382978723412,-0.36832412523019054,82.16889505562025,148.0,54.4,0.0,0,0,0,0.1929824561403508,train,0.0895522388059701,train,0,0,0,0,11.985688729874777,18.33631484794276,-0.3568242640499597,-0.8920606601249048,-0.9812667261373864,1.9625334522747506,2.140945584299714,-2.4977698483496957,0,0,-0.15996384658359059,-0.1773091510247574,-0.21138455169338588,-0.10024541693751948,-0.041691165748484936,-0.014312617924499647,-0.0609724537990866,-0.03527791360871561,-0.031371062476958034,1.418711153669858,1.4217290417379698,-0.0030178880681117626,1.8656023375721589,0.0001436901355040681,-0.20561160034481019,0.16633958931973675,0.6589090544815521,1.0,1.0,2.946593001841613,-4.116638078902235,22.240404081779968,0.3541666666666667,0.3333333333333333,0.8325538145258456,45,0.5631067961165048,0.22043519394512773,0.0,0.0,0.0,1,2.246295029930856,2.984164697213476,2.8091072725833888,3.6085108642108343
sz002026,2025-04-02,1.0,0.5790902902740139,0.45161290322580755,-0.17857142857142794,78.11000203976417,190.0,54.3,0.0,0,0,0,0.2938144329896907,train,0.4444444444444444,train,0,0,0,0,0.7692307692307665,8.717948717948731,-2.260869565217394,-19.130434782608685,-15.826086956521745,-14.43478260869565,2.521739130434786,-26.956521739130434,-5,-8,0.014222029537233833,-0.021726400688789383,-0.0682009161758651,-0.0026942732602367814,-0.05229384313805126,-0.008115704994237624,-0.08001657374179455,-0.08405152761202751,-0.0702378943208213,1.3813135151297917,1.4151216949246062,-0.03380817979481443,1.3301759238311595,0.00012698686702824035,-0.5642080996906124,-0.17513468272772229,0.2786022527281273,0.28901734104046234,0.6846153846153845,-9.512761020881676,-13.011152416356875,15.768213421690383,0.4583333333333333,0.32608695652173914,0.6670447096001091,37,0.3620689655172414,0.47728706624605677,0.0,0.0,1.0,0,-0.9101063934996101,-0.8306650689974049,-0.8922586936845667,-1.648515053215538
sz002029,2024-10-25,1.0,0.513252327721946,0.513513513513512,2.5210084033613356,77.49451958752022,104.0,76.8,0.0,0,1,0,0.2938144329896907,train,0.288135593220339,train,0,0,0,1,3.1847133757961776,37.898089171974526,0.16366612111291534,-2.127659574468088,-3.764320785597386,1.8003273322422242,4.909983633387882,-4.418985270049102,0,0,0.3820948587785707,0.25660653999068767,-0.23841220999625873,-0.08503143512840027,0.07054167258226893,0.0,-0.038834608225452524,0.1194171723382166,0.01917494590058784,1.4908160326392157,1.5123961839041467,-0.021580151264930958,1.8448676418759156,1.532015994925057e-05,-0.5290080535655757,-0.2509565089424874,0.30803758380218665,0.8636363636363639,0.0,-1.4128728414442682,-6.128550074738415,33.746848304151726,0.4166666666666667,0.5,0.5846350962461611,141,0.2617801047120419,0.8279128512788128,0.0,0.0,0.0,1,3.9216816138478716,3.008289084375204,0.7945258804952671,1.9951840933766674
sz002029,2024-11-26,2.0,0.36563977719021007,0.5714285714285711,0.31948881789138905,72.92301366602312,9.0,87.0,1.0,1,1,0,0.8214285714285714,train,0.5,train,1,1,1,1,33.436055469953764,33.436055469953764,0.9374999999999911,11.71875,27.031249999999996,11.562499999999986,35.31249999999999,-1.7187500000000022,5,8,0.03429569918699487,3.2785454990557947,0.16787191571646717,0.019985289046082592,0.21714718503802533,-0.052782420156985324,-0.06391829046266966,0.24696592281076024,-0.16786394500453478,1.4528713109025269,1.4969698079367213,-0.04409849703419444,1.4947082796628892,0.0,-0.5221866726938247,-0.1844572671788033,0.3138992975550007,1.0,1.0,1.5649452269170583,-2.9895366218236186,13.916763553141722,0.4583333333333333,0.5116279069767442,0.5891698207003697,86,0.4068965517241379,0.34080859128237523,1.0,0.0,0.0,0,-2.425905236898618,-4.14584505966924,-3.4375217506579014,-4.719947975002315
sz002029,2025-09-23,3.0,0.4610970162844141,0.5529411764705872,-0.9345794392523366,83.03150838997747,130.0,55.3,0.0,1,0,0,0.8214285714285714,train,0.7241379310344828,train,1,1,1,1,32.47089262613194,51.22897800776196,8.695652173913038,7.672634271099743,2.6854219948849067,14.32225063938617,27.877237851662407,-0.12787723785167016,5,8,3.4770038682412565,-0.23628107477610952,-0.06577797825893962,0.28796042308723124,-0.08681948822554571,-0.030304240985427514,0.23490343191208338,-0.17964603463966022,-0.011211169493309619,1.4240350419423051,1.5427820731505817,-0.11874703120827657,1.5110837759397722,6.0850524892989115e-05,-0.38275507370533507,0.08894071740592129,0.44638775010287884,1.0,0.738805970149254,2.6560424966799445,-5.731707317073154,18.078398149588143,0.3333333333333333,0.3829787234042553,0.7999833894781212,42,0.34375,0.2190745986779981,0.0,0.0,0.0,1,-1.0096586572807098,-0.1429441008479304,-0.07867201218957343,0.8912551688679216
sz002029,2025-10-22,4.0,0.26215739823185114,0.9230769230769247,-2.263374485596714,74.54431054640204,173.0,55.0,0.0,0,0,0,0.2938144329896907,valid,0.0895522388059701,valid,1,0,1,1,21.517671517671523,31.600831600831604,0.6458557588805203,-3.7674919268030127,-3.7674919268030127,-0.8611410118406715,6.889128094725527,-6.99677072120558,5,0,-0.10306559786710603,-0.19764671382287935,-0.06535926639216248,-0.02001923184132051,-0.0151646241616908,-0.023778844703291918,0.00601537235732547,-0.10760025664335153,-0.046551848180064116,1.3647822558681622,1.440883156875185,-0.07610090100702283,1.4478137734994256,0.00040714138615132573,-0.1413040356613561,0.3347002127566934,0.7523814316848988,0.9619771863117865,0.9664429530201337,-1.0288065843621519,-6.054687500000011,19.28071267788028,0.6041666666666666,0.46938775510204084,0.5494695362530414,55,0.27631578947368424,0.4388783868935098,0.0,0.0,0.0,0,-2.2882363466364186,-2.2693140695037473,-0.297808133095645,1.105530966278656
sz002031,2024-09-12,1.0,0.5269930290067875,0.6499999999999989,0.43859649122808264,87.68834563698482,125.0,60.3,0.0,0,0,0,0.3605442176870748,train,0.4444444444444444,train,1,0,1,1,45.1476793248945,100.0,0.0,10.63829787234043,16.595744680851077,33.19148936170211,34.04255319148935,-1.276595744680864,5,8,-0.41474380889421725,0.01480757716269203,-0.0545413737609957,-0.013376299901705161,-0.11577678059368322,0.017754089245825992,-0.07986968383095205,-0.16932037113406867,0.011074274514903105,1.5268734767950625,1.8418913087854398,-0.31501783199037736,1.3741483545302813,0.0002102992069133977,-0.40501937118059433,-0.31079555628046873,0.4234679186803395,0.0,0.0,,-5.199999999999994,37.43402969360206,0.2708333333333333,0.575,0.8392427626065665,32,0.3469387755102041,0.4072083465064812,0.0,0.0,0.0,0,-2.573425508645888,-2.271183024391743,-2.6178465446387578,-0.8250214255174915
sz002031,2024-12-09,2.0,0.3343497170037308,1.0697674418604635,-9.589041095890416,77.00030402791933,205.0,54.0,0.0,1,1,0,0.9047619047619048,train,0.575,train,1,0,1,1,29.375951293759517,39.26940639269407,10.889570552147255,27.760736196319023,3.527607361963203,-16.41104294478527,30.368098159509206,-7.668711656441718,5,8,1.513266224494546,0.1888980845257597,-0.4203764165490353,0.42042085888499026,0.05333443159917247,-0.07912732194648783,0.3729253486457279,0.02999046780816347,-0.10931652447152579,1.2358207013282956,1.7114839309860401,-0.47566322965774455,1.6809491426692134,0.0004099780514570459,-1.0,-0.17710777422660465,0.0,0.7902298850574714,0.8377777777777778,-9.999999999999998,-12.980132450331116,20.271711287675586,0.1875,0.2857142857142857,0.8525712695092698,94,0.3472222222222222,0.39917825537294566,0.0,0.0,1.0,1,-0.16370355098241918,0.05862416106536816,0.4797508987666399,-0.30461566823004604
sz002033,2025-02-10,1.0,0.26453032167623497,0.45714285714285685,0.1179245283018826,74.82710709876962,63.0,79.9,0.0,1,0,0,0.3605442176870748,train,0.2,train,0,0,0,0,4.719101123595504,17.640449438202243,-0.454545454545463,-0.7954545454545436,-1.7045454545454586,-1.7045454545454586,0.5681818181818121,-2.272727272727282,0,0,0.01095704631062005,-0.0666818521351683,-0.12035152169958192,0.010571152594653703,0.0933998346413432,-0.10812825971696202,-0.06403728176681558,0.047693731812074855,-0.018793044803325852,1.36531412393228,1.4307980704154721,-0.06548394648319222,1.4316976402618837,4.7346531461658756e-05,-0.006071828222723444,-0.007134740063974375,0.9879296327510738,1.0,0.8604651162790706,2.771362586605086,-3.470715835141003,19.60112788271732,0.5208333333333334,0.42857142857142855,0.41377914030863694,98,0.20967741935483872,0.7263556116015133,0.0,0.0,0.0,1,4.587588944876764,4.223054772303847,1.7792988568834378,2.9237655202036583
sz002038,2025-04-18,1.0,0.3341640220735394,0.7249999999999989,0.31496062992126816,81.39689374239306,55.0,68.1,0.0,0,0,0,0.3605442176870748,train,0.2444444444444444,train,0,0,0,0,5.864197530864201,21.91358024691359,0.9316770186335255,2.4844720496894235,2.1739130434782483,1.8633540372670732,4.813664596273282,-1.0869565217391353,0,0,-0.08217346293575968,-0.06492993417335761,-0.12529231075836247,0.03621300200161957,-0.03785137491601807,-0.11231224149481644,-0.006235781093997888,-0.021840696595050304,-0.11201869749914906,1.4943951949429635,1.6617220659115504,-0.1673268709685869,1.6027335824350013,3.826764493700693e-05,-0.06218651869099582,0.1488641457558939,0.8829084768132203,0.4109589041095898,0.24193548387096828,-6.6282420749279485,-7.428571428571418,34.626066109724185,0.375,0.65625,0.555850702497907,53,0.35365853658536583,0.4423076923076923,0.0,0.0,0.0,0,-0.5202955292662459,-0.36904721293091747,0.586753819813679,-0.6437184296144149
sz002038,2025-07-18,2.0,0.8012981887478411,0.8749999999999996,-0.1280409731113874,83.5832284296785,45.0,71.1,0.0,0,0,0,0.3461538461538461,train,0.1764705882352941,train,0,0,0,0,8.436724565756816,8.436724565756816,2.130325814536338,-0.7518796992481258,-0.12531328320802837,4.5112781954887105,9.523809523809511,-1.0025062656641603,5,8,-0.048456523335752205,-0.14883684966963207,-0.27190040798167214,0.028563762664144253,-0.028777496136659933,-0.06419680435571015,0.012322144573792895,-0.10012757649796948,-0.14656576179663233,1.4736326063667233,1.3966222651513227,0.07701034121540062,1.977906523058551,1.724590316671402e-05,0.12751926430476038,0.2305945381309313,1.2923142233120968,1.0,1.0,3.201024327784907,-5.730994152046787,18.62732874937584,0.4375,0.5625,0.7710753515944399,40,0.3442622950819672,0.4968454258675079,0.0,0.0,0.0,1,1.4080327533097847,1.203427086378439,1.089506917767169,3.174088241168227
sz002042,2025-01-15,1.0,0.7734267604693472,0.5555555555555545,-0.21097046413501852,79.93604813618845,37.0,73.9,0.0,0,0,0,0.2938144329896907,train,0.0925925925925925,train,0,0,0,1,15.020576131687235,55.9670781893004,2.69151138716357,1.6563146997929712,0.41407867494822614,5.3830227743271175,6.00414078674949,-1.242236024844734,5,0,-0.2050964871658713,-0.042498214720038674,-0.20398053156751964,0.031202649327622234,-0.14455435873105413,-0.15401038262366543,0.0596365041140667,-0.1798407213153784,0.0053721631203672415,1.4722519538360972,1.4666914183329762,0.005560535503120967,1.5219784103616911,1.050538942235451e-06,0.3287459489226384,0.005365263337908888,1.9794978470372038,1.0,0.0,,-2.9940119760478945,13.071359262752036,0.4375,0.6458333333333334,0.5403333398141196,60,0.3684210526315789,0.3446969696969697,0.0,0.0,0.0,0,2.0098204816990872,1.1145645035239848,0.17973906101349524,1.4682708869019567
sz002046,2024-12-03,1.0,0.3044071711592907,0.6022727272727281,-1.4326647564469996,73.52028956978972,5.0,87.5,1.0,0,0,0,0.3605442176870748,train,0.0925925925925925,train,1,0,0,0,19.06400550584997,19.06400550584997,-1.8531228551818768,13.726835964310236,4.598490048043935,-4.11805078929307,18.737131091283455,-3.157172271791353,5,8,-0.10787746990148883,-0.04594196515676016,-0.039234984281103336,-0.014207446498736155,0.00424618330078832,-0.07123514729334737,-0.049077183406660826,0.021390603755337377,-0.10726044882901009,1.293619397806323,1.3644999258676436,-0.0708805280613205,1.415864687732077,5.244601134505074e-05,-0.3129361739841624,-0.018429133877932328,0.5233032950344512,1.0,1.0,4.083094555873923,-3.5192563081009376,16.50151254274433,0.2708333333333333,0.6122448979591837,0.7834774690285574,103,0.3905325443786982,0.47376738305941846,1.0,0.0,0.0,1,5.378285389593129,4.246417419467963,2.9088835232326193,4.437093250871316
sz002051,2024-11-15,1.0,0.3000241804415593,0.7763157894736843,-1.5435501653803807,79.62564232225819,266.0,42.6,0.0,0,0,0,0.3605442176870748,train,0.1764705882352941,train,0,0,0,0,10.000000000000009,10.000000000000009,-6.293706293706281,-12.187812187812197,-10.78921078921079,-10.589410589410598,0.0,-14.785214785214794,-5,-8,-0.1420442325634719,0.1015175177549203,-0.07352383763208302,0.004450709638968137,-0.00408811217466941,0.010389342071952913,0.0003031169440320767,-0.007811853020670427,0.033960549293854676,1.4682329936451632,1.4587798344713097,0.009453159173853587,1.597315214765097,6.0012802423669625e-05,0.8996894818329855,0.3070370313411496,18.938088612702096,1.0,1.0,0.330760749724357,-6.0887512899896805,16.06607097347219,0.3958333333333333,0.3469387755102041,0.6688899497132453,55,0.35294117647058826,0.1636650868878357,0.0,0.0,0.0,0,-4.633402789176477,-4.788497126129676,-3.294703983653191,-3.3583367788935004
sz002052,2024-09-06,1.0,0.8636434151925718,0.9545454545454536,-4.867256637168138,93.34436684818641,179.0,56.5,0.0,0,0,0,0.0,train,0.0,train,0,0,0,1,19.907407407407398,91.66666666666663,0.0,-9.756097560975597,-10.731707317073159,-8.780487804878035,0.4878048780487809,-14.146341463414625,-5,-8,-5.835463402805043,-6.554546614569662,-0.1674832192693006,-0.16185088204685155,0.0,0.0,-0.1547723356642981,-0.42752773845191455,-0.14883269206045974,1.3324352089053952,1.3340015334411814,-0.001566324535786201,1.2431648268767923,7.46783221131172e-05,-0.9133410986028879,-0.37589054171450315,0.04529192492671066,0.0,0.0,,-17.24137931034482,75.52032478624373,0.3125,0.4772727272727273,0.8729989828744592,28,0.5087719298245614,0.12306232204998419,0.0,0.0,0.0,0,-2.615749463825068,-2.1913665246108383,-2.7122816864278754,-2.6819731856463247
sz002052,2024-11-13,2.0,0.9276505821912944,0.9523809523809512,-3.0612244897959218,77.24535798750365,81.0,68.3,0.0,0,0,1,0.472,train,0.4,train,0,0,1,1,78.74015748031495,86.61417322834646,2.894736842105261,2.1052631578947434,12.368421052631561,39.47368421052633,39.47368421052633,-2.1052631578947323,5,8,0.03357409466614579,-0.040631855501570315,1.6124342993609593,-0.00012330126702978677,0.00901061743577575,0.18537791375226553,0.0594258477785489,0.1293942802514782,-0.0027571390733469228,1.6517529641582096,1.5841863116502317,0.06756665250797789,2.448768483951038,0.0,0.6232918070717095,0.6022385560379169,4.309149197030383,0.8558558558558558,0.9175257731958762,-4.030226700251893,-7.971014492753614,23.493301899057375,0.5208333333333334,0.42105263157894735,0.5152677056600115,53,0.4536082474226804,0.4492570344609548,0.0,0.0,0.0,1,2.8793140677881413,2.1883621545562004,2.1521100242674063,6.6827449373572545
sz002052,2024-12-12,3.0,0.5316933278818928,1.0,-4.992657856093974,76.25758008596006,221.0,58.1,0.0,0,0,0,0.2938144329896907,train,0.0895522388059701,train,0,0,0,0,9.891808346213304,9.891808346213304,-0.8064516129032251,-10.483870967741938,-1.2903225806451646,13.548387096774196,14.677419354838705,-15.000000000000014,-5,-8,-0.5254831493575728,-1.518625859916395,1.2857291591889801,0.012369991650815993,-0.161347714687468,-0.033654708583690914,-0.03391883205721204,-0.17046935633365143,0.09729214793016265,1.4546404322294344,1.6358175288452192,-0.18117709661578485,2.421633062987029,2.0037713828919326e-05,-1.0,0.5396785712883195,0.0,0.8866666666666667,0.9288702928870293,-4.992657856093974,-7.173601147776187,13.11988628843153,0.5,0.3409090909090909,0.48170936991948754,133,0.2569832402234637,0.7203791469194313,0.0,0.0,0.0,1,3.2541806227048387,3.361726092907147,2.726362312247943,3.1820788216164297
sz002052,2024-12-31,4.0,0.9385905450119472,0.6086956521739136,-5.031446540880502,89.05293999261508,179.0,47.5,0.0,0,0,0,0.1929824561403508,train,0.0,train,0,0,0,0,13.665594855305475,13.665594855305475,-0.8389261744966459,9.060402684563762,7.718120805369133,11.073825503355717,18.62416107382552,-0.8389261744966459,5,8,-0.26229413246142824,-0.008124159691911895,-0.2911641710570664,-0.19415124382276996,0.006012467499113448,0.0,-0.12629990339262995,0.060316923460954484,-0.07379752549206485,1.5146983519741464,1.1915625344801404,0.323135817494006,1.372912722819032,0.0016711493414122067,-0.21771494618607407,-0.01723200891515175,0.6424205075777958,0.44966442953020125,0.8329938900203665,-11.647727272727282,-12.517580872011258,50.52771172400756,0.5833333333333334,0.1794871794871795,0.692801933626178,44,0.35294117647058826,0.1340499525766677,0.0,0.0,0.0,0,-3.3522260743835464,-2.875651190587969,-1.224425646565419,-3.2505371466984068
sz002052,2025-05-09,5.0,0.7688121344803812,0.5106382978723402,-0.10787486515642097,73.3850168692454,54.0,65.0,0.0,1,0,1,0.1929824561403508,train,0.0,train,0,0,0,1,12.539515279241309,33.82507903055847,-0.10405827263266776,-6.139438085327786,-5.306971904266389,3.017689906347565,11.134235171696162,-6.347554630593121,-5,8,0.010865422342653312,-0.5047204479336572,0.10464375122745588,0.03904772349321332,-0.08522663064773964,0.036547860232232034,0.008539174180136609,-0.1389847467629681,-0.14479902255390975,1.5783653803461062,1.5506527210645895,0.02771265928151667,2.0146651653250145,3.562799469205513e-05,-0.4599165031908229,-0.11548433672047215,0.36994136009063516,1.0,1.0,2.373247033441217,-2.466598150051391,15.273536371545525,0.4375,0.2391304347826087,0.5862239159482608,32,0.43859649122807015,0.26468730259001894,0.0,0.0,0.0,1,3.0270872563675777,2.0841884993711757,1.8828730022889317,4.1318795557795385
sz002054,2024-11-27,1.0,0.40430253534250293,1.4558823529411773,-4.862023653088043,83.60151215464494,423.0,42.0,0.0,0,1,0,0.472,train,0.1764705882352941,train,0,0,0,0,8.866279069767447,8.866279069767447,-3.3033033033032955,-5.405405405405405,-7.657657657657657,5.705705705705699,12.462462462462454,-10.06006006006006,5,-8,-0.13724755712365025,0.01834940205551076,-0.029872751858837043,-0.06398486266874163,0.002834763890519628,-0.03367401500789712,-0.04529809973710186,-0.05816494051930413,-0.09909861453466849,1.2888407860565934,1.5123253017995189,-0.2234845157429255,1.5846620882157616,0.00018317726671216255,0.18337744054750008,-0.17923141231668904,1.4491118655121271,0.6769911504424778,0.7103174603174602,-9.592641261498036,-12.579415501905977,21.41242989516988,0.2708333333333333,0.1875,0.8681593640436275,83,0.24545454545454545,0.7592417061611374,0.0,0.0,0.0,0,-2.1139572325980738,-3.128194050908295,-1.9752255315512612,-2.6048537146205364
sz002054,2024-12-12,2.0,0.40571631600723057,0.693548387096775,-3.125,82.90792414891298,227.0,57.8,0.0,0,0,0,0.3461538461538461,train,0.1388888888888889,train,0,0,0,0,-0.5665722379603388,-0.5665722379603388,-3.453237410071941,-8.345323741007194,-8.345323741007194,-15.971223021582738,1.0071942446043147,-10.07194244604317,-5,-8,-0.0879841739405017,-0.25171844548397354,0.07864763519107851,-0.04194319830682336,-0.02789936010284323,-0.018978214471258168,-0.18709069018421662,-0.07356663729633013,-0.05465336154326849,1.3782672298457028,1.466748013893204,-0.08848078404750126,1.462634694973772,0.000733192188046365,0.06441698994905613,0.032045498605027395,1.1377044885531826,0.752252252252252,0.7817460317460315,-7.227332457293045,-10.292249047013978,22.11702360815949,0.4583333333333333,0.3695652173913043,0.665916593522792,133,0.2569832402234637,0.7203791469194313,0.0,0.0,0.0,1,3.2541806227048387,3.361726092907147,2.726362312247943,3.1820788216164297
sz002054,2025-05-30,3.0,0.2861601833231465,0.767441860465117,-0.455927051671734,82.5684204569812,244.0,45.0,0.0,0,0,0,0.2938144329896907,train,0.0925925925925925,train,0,0,0,0,5.2710843373493965,14.307228915662652,3.549382716049365,3.549382716049365,5.709876543209869,2.777777777777768,7.870370370370372,-0.462962962962965,5,0,0.07562162616742628,-0.22343463693038307,-0.07820703971755343,-0.007164167507774046,0.0001767279490737445,0.0,-0.04739089182025336,-0.019934335696803956,-0.052677569947465565,1.452797237028708,1.5744245732239486,-0.12162733619524047,1.5211984839347357,5.776073107453464e-05,-0.34633989863347664,0.3563431296145019,0.485508972904972,0.8461538461538451,0.6702702702702701,-0.8955223880597107,-4.734576757532283,38.3934054803505,0.4375,0.8529411764705882,0.6275028503363035,36,0.3684210526315789,0.2266835282959216,0.0,0.0,0.0,0,0.6158113548460964,0.3189202361715271,-1.0829168399006162,-1.4005150929822352
sz002055,2024-12-30,1.0,0.5589122227285374,0.5974025974025982,-9.953161592505843,89.13033786071226,106.0,59.1,0.0,0,0,1,0.4677419354838709,train,0.575,train,1,0,0,0,-5.249999999999999,-5.249999999999999,-2.7027027027027084,-20.270270270270274,-18.108108108108112,-19.189189189189182,2.43243243243243,-25.945945945945947,-5,-8,-1.066076784857582,-0.11503721773767693,4.823302695994001,-0.2681087053487376,-0.005427797468190349,0.28736626971732426,-0.2904304206116983,-0.0472237884080923,0.23799948760132597,1.4171249238509853,1.1973579249963988,0.2197669988545865,1.332719465093361,0.00027830159804483604,0.223909504047529,0.052900417163075135,1.5770190595433902,0.14367816091954022,0.4914675767918089,-15.700737618545835,-15.700737618545835,70.57318470121578,0.5416666666666666,0.12244897959183673,0.7604760659221644,38,0.36666666666666664,0.2629746835443038,0.0,0.0,0.0,0,0.8127231149403391,1.380635831841981,1.6647236488730233,0.8382478387937153
sz002058,2025-04-08,1.0,0.37666206645360023,1.0,-9.972041006523769,78.236280799035,324.0,42.9,0.0,0,0,0,0.7647058823529411,train,0.2,train,1,0,0,0,14.28571428571428,24.12008281573499,2.857142857142847,4.505494505494512,12.307692307692308,2.0879120879120805,21.31868131868131,-4.505494505494512,5,8,-0.2675168516741761,-0.1421384223328873,-0.30691907740107255,0.0,0.0,-0.01137548363199776,0.05902284876004809,-0.03658246343954423,0.0023139300046281894,1.252547546063764,1.7797016109502397,-0.5271540648864756,1.5750630076965266,8.943378842945059e-05,-1.0,-0.42570994084195485,0.0,0.0,0.16875000000000007,-18.95973154362416,-24.531250000000004,24.797208264767214,0.14583333333333334,0.42105263157894735,0.875593011696343,106,0.20300751879699247,0.41028066855881423,0.0,0.0,0.0,0,-11.187878462006717,-9.062457380340906,-6.0851042943472216,-12.520157948474264
sz002060,2025-09-17,1.0,0.8189837114820336,0.6756756756756751,-0.5194805194805197,86.54178290999063,43.0,74.1,0.0,0,1,0,0.4677419354838709,train,0.2,train,1,0,0,0,16.53944020356233,16.53944020356233,-2.3017902813299296,-3.3248081841432353,9.718670076726333,-1.0230179028132946,17.13554987212276,-6.1381074168798015,-5,8,-0.21629749771948154,0.12881221848950294,-0.24698178555365705,-0.05847046004748503,0.053433103563785965,-0.06826456215514239,-0.06371923723485644,0.04346470583043501,-0.08861174618796888,1.504076053292418,1.7089077309021532,-0.2048316776097352,1.5191085684883818,4.093732422276617e-06,-0.36071925782329634,-0.15827242774697622,0.46981090221310073,1.0,0.7031250000000001,2.0779220779220786,-5.980861244019131,15.851762805175102,0.2916666666666667,0.45454545454545453,0.7060190683092656,61,0.27380952380952384,0.4330708661417323,0.0,0.0,0.0,1,4.490140602269288,4.730538578359389,2.3768150056703075,8.369635357775262
sz002064,2025-06-10,1.0,0.8666849946155236,0.513513513513512,1.0432190760059745,79.26882963099348,238.0,45.6,0.0,0,0,0,0.1929824561403508,train,0.2444444444444444,train,0,0,0,0,-0.14326647564470996,15.616045845272208,-0.29112081513829047,-2.4745269286754024,-2.4745269286754024,-3.784570596797665,1.455604075691408,-3.493449781659397,-5,0,0.11192959527121377,-0.022995302354050347,0.0009496017671188877,-0.08236610741094784,0.08822490762946747,-0.027869263028260163,-0.15419634817181077,0.015826541939253237,-0.00950594847447003,1.519974094072181,1.4223138739361143,0.09766022013606679,1.6688809054803184,4.543788267389336e-05,-0.08284535056019196,-0.03471769166566143,0.8469858128543779,0.5522388059701495,0.2126436781609197,-4.120879120879117,-5.034013605442167,27.993821225587425,0.3958333333333333,0.6458333333333334,0.7987089373760554,38,0.42424242424242425,0.23949447077409164,0.0,0.0,0.0,1,1.5099595442320979,1.1089620890917473,0.3492330126533494,1.7261792264994247
sz002067,2024-12-03,1.0,0.26915367036718607,0.724137931034483,-0.2645502645502562,83.31742564427634,36.0,75.7,0.0,0,0,0,0.4677419354838709,train,0.2,train,1,1,1,0,24.111675126903553,24.111675126903553,-0.5167958656330796,3.3591731266149782,-1.033591731266148,-2.3255813953488413,7.235142118863047,-2.067183462532296,5,0,0.07652756139617557,-0.14711584193110927,-0.4017825531750948,-0.016136944988589308,0.008395912767375207,-0.12607161183423585,0.010438142884706316,0.051968213386777935,-0.13307070629569523,1.4224514691887578,1.5209565266448053,-0.09850505745604754,1.2911358671060136,6.595873673249095e-05,0.06881068780070393,-0.038958233768167566,1.1477909741858738,1.0,1.0,2.3376623376623273,-5.060240963855433,24.550163273845143,0.4791666666666667,0.5208333333333334,0.5870686764709849,103,0.3905325443786982,0.47376738305941846,0.0,0.0,0.0,1,5.378285389593129,4.246417419467963,2.9088835232326193,4.437093250871316
sz002067,2025-04-01,2.0,0.2664672992793402,0.5500000000000002,-0.2631578947368318,77.06121246645232,79.0,72.1,0.0,0,0,0,0.1929824561403508,train,0.288135593220339,train,0,0,0,0,-2.010050251256279,-2.010050251256279,-1.285347043701801,-12.082262210796923,-12.339331619537274,-11.568123393316199,0.25706940874035134,-20.565552699228796,-5,-8,-0.31489774485000915,-0.5368092459108985,0.12520978522730586,-0.14353692224726727,0.050218208312659024,-0.05483163497213036,-0.1746647197730121,-0.09917956993771632,-0.06587579771008088,1.6415549640655296,1.6082754248157591,0.03327953924977045,1.3946895199468015,0.0,-0.06483336062832863,-0.08764059409571752,0.8782281565820359,0.3,0.4516129032258065,-9.545454545454557,-11.358574610244998,20.65146604541889,0.5,0.6122448979591837,0.46956460552067414,49,0.4235294117647059,0.7264121173871884,0.0,0.0,0.0,0,-0.8125846440687035,-0.9097233187224885,-1.134477420069513,-2.0322178930146317
sz002067,2025-07-04,3.0,0.6271095887214256,1.0,2.6315789473684292,83.3727166906187,38.0,69.8,0.0,0,1,0,0.2938144329896907,train,0.1388888888888889,train,1,0,1,0,28.535353535353526,28.535353535353526,1.0178117048346147,4.071246819338414,1.2722646310432628,3.8167938931297662,11.19592875318065,-0.5089058524173073,5,8,-0.06876240469112463,0.487876863364386,-0.10743938099203691,-0.0730644464040821,0.034342778826396345,-0.013174931091851244,-0.07452702884291318,-0.02480568420543396,-0.005040429610010113,1.3398147768853277,1.5693146057963712,-0.22949982891104348,1.3811585373239217,6.954586311673069e-05,-0.21417655478705785,-0.0998862128123998,0.6472069009360503,1.0,1.0,0.25316455696202667,-4.578313253012056,22.133119774923742,0.2916666666666667,0.4489795918367347,0.8092070513913487,33,0.45901639344262296,0.24267254963756696,0.0,0.0,0.0,1,0.5617277712810731,0.8135950094003475,1.541288449786471,1.5011406341513434
sz002067,2025-11-27,4.0,0.8251865100277529,0.5806451612903207,-0.1814882032667886,81.82700637561967,8.0,85.5,1.0,0,0,0,0.2592122942564074,valid,0.2444444444444444,valid,0,0,0,0,2.8119507908611396,8.611599297012296,-0.17921146953404632,1.2544802867383575,-0.5376344086021501,-5.55555555555557,2.508960573476693,-3.046594982078854,-5,0,-0.12062625397117333,-0.23983314665536892,-0.3889751625095568,-0.04460957689176046,0.09416354408205907,0.06193284666890011,-0.06362649757881059,0.07410969954897206,0.07623651670240626,1.426748063485189,1.5374037665276532,-0.11065570304246419,1.5383470982602876,3.4283004409400894e-05,-0.2717687650674238,-0.21368303367335983,0.5726129269214819,0.3157894736842109,0.5033783783783785,-12.055641421947438,-13.787878787878782,18.259437364967592,0.3125,0.5714285714285714,0.8305592924314946,44,0.4358974358974359,0.4925984251968504,1.0,0.0,0.0,0,-1.1301518533333499,-1.567064404324492,-1.085348546006537,-0.363042849311479
sz002072,2025-09-08,1.0,1.1275161180652729,0.5192307692307688,0.6510416666666741,78.96429727723867,200.0,59.1,0.0,0,0,1,0.3461538461538461,train,0.2,train,0,0,0,0,8.897243107769404,8.897243107769404,-0.8883248730964466,1.2690355329949332,8.502538071066002,-1.9035532994923776,10.279187817258872,-3.934010152284262,5,8,-0.23524918847301243,-0.018664949248948702,0.3395937113186434,0.003499056847255893,-0.018279223197029217,0.0133236802791208,-0.037476940860929675,-0.08415478631394886,0.041598181037656924,1.7736241290014056,1.5836652264842148,0.18995890251719083,2.6146204257479075,0.000628114722273444,-0.7277320749088785,0.15900943714952046,0.15758689037794307,1.0,1.0,3.90625,-3.2727272727272716,18.123195713483415,0.375,0.4375,0.6857424582633734,59,0.313953488372093,0.743073047858942,0.0,0.0,0.0,1,-2.5344652898010245,-1.661976233255913,-1.2409678416466563,-0.7823229991001157
sz002076,2025-01-20,1.0,0.5433103682222168,0.4117647058823522,1.3289036544850585,75.92064193220833,4.0,85.0,1.0,0,0,0,0.2938144329896907,train,0.0925925925925925,train,1,0,1,1,30.503144654088054,34.905660377358494,0.31347962382446415,10.03134796238243,-1.2539184952978122,5.642633228840133,14.420062695924774,-3.4482758620689613,5,8,-0.17177845202767644,-0.09941568451243826,-0.2639507596855729,-0.03047868934074628,0.02501783318893942,0.009790010000641822,-0.04252094745679536,0.038650221692855084,-0.032971915015851616,1.470339816965963,1.5585392435371546,-0.08819942657119162,1.6231444488789692,0.0006644391329411745,-0.25458015418092866,-0.06490154220092513,0.5941588055055197,1.0,0.0,3.2467532467532534,-3.6363636363636265,14.855115070329449,0.3541666666666667,0.75,0.65401107157546,67,0.37383177570093457,0.6644570707070707,1.0,0.0,0.0,1,5.750131869525399,4.322682653989429,2.8787918269190804,6.167500521448233
sz002077,2025-09-01,1.0,0.656037655924579,0.8350515463917523,2.131661442006272,77.35300440497377,46.0,76.6,0.0,0,0,0,0.3461538461538461,train,0.1764705882352941,train,1,0,0,0,10.84481725584181,10.84481725584181,1.7283950617283939,-3.765432098765431,3.1481481481481666,7.716049382716039,14.197530864197528,-6.666666666666665,5,8,-0.13229072327297098,-0.10589000686348686,-0.03790522617436391,0.001001125366810891,-0.04477177369425622,-0.0887384383636895,0.0013154917333845786,-0.08271131752857874,-0.104712435045596,1.4512216927948804,1.5944794338314285,-0.1432577410365481,2.0513453684686356,0.00024058436996661365,0.05825476564341945,0.015286511073537014,1.1237166136194368,1.0,1.0,3.152039555006181,-4.628571428571426,13.52830806874169,0.3541666666666667,0.4489795918367347,0.7428214519706589,85,0.2857142857142857,0.5780018909549323,0.0,0.0,0.0,1,0.31320074760674554,2.278410255159913,1.2192145222959194,6.999090043954537
sz002077,2025-10-16,2.0,0.49323408326259005,0.6941176470588222,0.12674271229404788,79.47777127324305,40.0,68.6,0.0,0,0,0,0.2571428571428571,valid,0.2,valid,1,0,0,0,15.03894547633311,16.83642899940083,2.261613691931541,5.134474327628369,2.1393643031784926,2.750611246943757,6.662591687041575,0.0,5,0,-0.3819536927305632,-0.31620178006598804,-0.10601830072284162,-0.006940405206908808,0.024546169630116854,-0.0365371703634741,0.013723166107538643,-0.01806473370405887,-0.11503907944279615,1.33659552922884,1.5504399120604546,-0.21384438283161455,1.327620774654449,0.0010380688953629893,-0.2902551616491998,-0.2387279123485072,0.5500809913006717,0.4761904761904771,0.7120418848167543,-6.183249016301284,-9.783783783783772,16.394946142228353,0.2708333333333333,0.4897959183673469,0.8459171416088043,38,0.32142857142857145,0.23573904821935077,0.0,0.0,1.0,0,-3.219313759138398,-4.204427794769017,-1.9335502290910078,-6.878968257617979
sz002079,2025-03-18,1.0,0.3948186427216607,0.6533333333333337,0.3798670465337217,83.68145615677763,31.0,76.1,0.0,0,0,0,0.2938144329896907,train,0.1764705882352941,train,0,0,0,0,-0.18416206261510082,-0.18416206261510082,-0.8379888268156388,-4.3761638733705865,-5.865921787709505,-6.797020484171323,0.9310986964618184,-8.100558659217882,-5,-8,-0.022120885385603296,-0.17375452436997324,-0.09027155005892437,-0.06893705801334236,-0.03733561789664869,0.008675860796901887,-0.11589271432133243,-0.10093946621278661,0.0005119811093794479,1.3207808684006828,1.6811159029707026,-0.3603350345700198,1.3384639223081343,9.524935120851593e-06,-0.26754196687089576,-0.030684448954416493,0.5778570274381362,0.6666666666666652,0.8363636363636355,-2.42587601078168,-4.317180616740091,25.042339121892354,0.1875,0.5510204081632653,0.8837158219874783,59,0.2804878048780488,0.5121336274818783,0.0,0.0,0.0,1,0.9187216556911348,1.4611741436381998,1.6823193757512067,1.1167723563860532
sz002083,2025-06-11,1.0,0.2586515777519699,0.7407407407407393,0.8298755186721962,78.19706301568588,27.0,81.4,0.0,0,0,0,0.3461538461538461,train,0.1764705882352941,train,0,0,0,0,2.2267206477732726,4.048582995951411,-1.6260162601625994,-3.455284552845528,-5.081300813008127,-2.0325203252032464,0.40650406504065817,-5.487804878048774,-5,0,-0.003929044098343401,-0.21374496661851294,-0.08011392811863349,-0.04282555169725284,0.0,-0.01979557102309825,-0.058085092169536306,-0.020872135566854185,-0.05934590907284785,1.369410924991049,1.6465052338092425,-0.2770943088181934,1.43907284572174,0.0023960995391613684,-0.35409421554441345,-0.24280504225594632,0.47700210003179155,1.0,0.675675675675676,1.6460905349794164,-3.8910505836575737,27.227737728308554,0.2916666666666667,0.6382978723404256,0.6175343450601927,46,0.3611111111111111,0.6425639406378276,0.0,0.0,0.0,1,1.0344344401888472,0.9398945022846883,0.6690105977318783,1.8239561941169935
sz002084,2025-01-09,1.0,0.6164923551353296,0.7222222222222228,-0.6849315068493178,82.42156957319568,95.0,67.6,0.0,0,0,0,0.2938144329896907,train,0.5208333333333335,train,0,0,0,0,1.0000000000000009,3.3333333333333437,-5.723905723905731,-1.3468013468013518,-1.0101010101010166,-6.060606060606066,1.3468013468013407,-10.437710437710434,-5,-8,0.026966658712609396,0.01350148373207274,-0.23473346156509634,-0.10394082747861133,0.0,0.0,-0.09588564120299362,0.04138943584052098,-0.022848077774422458,1.4612423933458596,1.503618315877054,-0.04237592253119438,1.6405258874402027,0.0001452909510615092,0.018671450925036085,0.09538778633491325,1.0380534143078513,0.0,0.0,,-4.153354632587858,16.84309676798287,0.5208333333333334,0.5641025641025641,0.6054164183936821,77,0.21428571428571427,0.4326801517067004,0.0,0.0,0.0,0,-2.144341754973922,-1.6089801297821338,-1.0605682888513712,-2.416088158163321
sz002085,2024-11-22,1.0,0.3112983936068266,1.1388888888888873,-0.5908419497784201,74.70236746760033,354.0,36.4,0.0,0,0,0,0.3605442176870748,train,0.288135593220339,train,0,0,0,0,3.2795156407668946,10.393541876892032,-1.6580310880829008,-0.5699481865284906,2.3316062176165664,-1.1398963730570033,6.06217616580309,-6.891191709844568,-5,0,-0.21726369250477914,-0.11754395566438572,-0.2364899467767178,-0.018068165310998845,0.06321665565299023,0.0039208566806207485,-0.044154105472195414,0.061362636537020204,-0.017250744162338905,1.3647583514987396,1.4720051041277493,-0.10724675262900973,1.5476589145146618,0.0005141038077531616,-0.4745273187990234,0.3273508249042354,0.35636686719983246,0.3902439024390243,0.603544776119403,-17.656834233485664,-21.31798332671695,18.0206476265882,0.3333333333333333,0.10204081632653061,0.7966713767018332,65,0.5255474452554745,0.08309636650868879,0.0,0.0,0.0,0,-1.5512889484546988,-2.9409770985264205,-2.5985461511737973,-3.0329868694342066
sz002086,2025-08-15,1.0,0.9351086769488801,0.4117647058823537,-1.0526315789473717,84.06186116223418,109.0,72.2,0.0,0,0,0,0.3605442176870748,train,0.2,train,0,0,0,0,2.3972602739726234,2.3972602739726234,1.3745704467353903,1.0309278350515427,-1.3745704467354014,-4.123711340206193,2.749140893470803,-2.0618556701030966,-5,0,-0.22895258708582464,-0.45145963217237733,-0.4765401446431061,0.0022463685944532773,-0.06907560523230463,-0.05561407665572103,-0.01721088725996644,-0.04102150146506908,-0.12707605885694212,1.6547023962029501,1.7904409124406029,-0.13573851623765276,1.5713583535885431,0.0003753415607723948,-0.47940722769511274,-0.3889974283520557,0.35189281393194255,0.5263157894736848,0.6666666666666666,-2.9900332225913595,-3.9473684210526327,31.716392896231085,0.22916666666666666,0.4897959183673469,0.8908935752976697,69,0.31,0.8009463722397476,0.0,0.0,0.0,1,4.0854883438233625,3.875545249870238,2.372404025961794,8.580257836577253
sz002093,2025-06-03,1.0,0.34418858882349235,0.6274509803921555,0.375586854460086,76.27003734327815,64.0,74.6,0.0,0,0,0,0.3605442176870748,train,0.5208333333333335,train,0,0,0,1,14.29872495446267,32.05828779599271,0.273972602739736,5.388127853881275,5.388127853881275,5.662100456621011,14.611872146118742,-0.8219178082191747,5,8,-0.19630642460143957,-0.20033970682357996,-0.05811680587951558,0.028082886923896447,0.03669424994650769,-0.061683888931232486,-0.019820041700521148,0.07852824162822926,-0.09938134659316719,1.4605228463904836,1.5387629903387858,-0.07824014394830225,1.388832407628955,7.105429655033696e-06,0.17580414382081194,0.019174229514678204,1.4266076867598092,0.20121951219512213,0.35947712418300654,-10.659072416598846,-11.948676824378513,20.833508858422366,0.4166666666666667,0.5625,0.6144429802062139,60,0.3333333333333333,0.6031042128603105,0.0,0.0,0.0,0,0.6842289528235179,0.44761927893355313,-0.20968332300242976,-0.12757456182587168
sz002093,2025-11-28,2.0,0.6356185288433991,0.45901639344262235,-1.5019762845849716,73.20708659987893,35.0,78.0,0.0,0,0,1,0.2938144329896907,valid,0.2,valid,1,0,0,0,11.796874999999996,11.796874999999996,0.7131537242472286,-2.1394611727416746,3.803486529318545,-1.9809825673534065,13.391442155309052,-6.101426307448488,-5,8,-0.15373104130950954,-0.32900053515773836,1.4014282965456584,-0.0157673198650109,-0.05050977956626814,0.43296966264276443,0.01720543116628267,-0.10015988667736453,0.3889366890916763,1.3786010055792677,1.4514571156120741,-0.07285611003280645,1.4947896866786974,0.0030951066939070553,-0.10480114519139243,0.27981162100805995,0.8102805275908055,1.0,0.9796954314720817,1.1857707509881354,-2.1406727828746086,13.91534935498533,0.4583333333333333,0.4489795918367347,0.7134557707462834,65,0.2696629213483146,0.7681889763779528,0.0,0.0,0.0,0,3.770768239695421,3.1410783651968366,1.6403331088262085,4.53786881979652
sz002095,2025-06-10,1.0,0.5799379289069745,0.7950310559006221,0.15189873417722488,84.49143437712033,189.0,49.4,0.0,0,0,0,0.2938144329896907,train,0.288135593220339,train,1,0,0,0,7.171117705242347,15.677546983184975,1.74563591022443,-3.6408977556109723,-0.6483790523690747,-1.5461346633416584,4.688279301745624,-4.788029925187032,-5,-8,-0.18086923103019273,-0.09534680942885837,-0.2164373522332137,0.01297644063797837,-0.048680533970260405,0.0010223496127104586,0.00793527204639588,-0.15858922527254818,-0.010938468673932734,1.4021294384061445,1.6486815899745135,-0.24655215156836907,1.6230822747140006,0.00022996098931286972,0.2721980156642704,-0.023983215919028338,1.748000202040415,0.4632152588555854,0.7534418022528158,-8.877872915727814,-10.76787290379524,15.45090874247031,0.3541666666666667,0.5510204081632653,0.71886438405245,38,0.42424242424242425,0.23949447077409164,0.0,0.0,0.0,1,1.5099595442320979,1.1089620890917473,0.3492330126533494,1.7261792264994247
sz002098,2025-07-15,1.0,0.37682176877679924,0.4210526315789469,-0.5197505197505059,74.77265485677212,55.0,68.4,0.0,0,0,0,0.3605442176870748,train,0.2,train,0,0,0,0,12.844036697247695,12.844036697247695,4.356846473029052,6.846473029045641,3.6307053941908585,-0.10373443983402453,14.834024896265552,0.0,5,8,-0.03921511582912501,-0.09136406659596188,-0.11424364883380934,0.027995812227332162,-0.010574389229908606,0.015623223491038,0.05217156739520624,0.005341216557796899,0.10332367241351487,1.3582425716625792,1.3916310606113254,-0.03338848894874613,1.460599652416313,0.000597469470356362,-0.18896073703119548,0.16044417317577633,0.6821413337785643,0.9112426035502957,0.5167785234899331,-1.5060240963855498,-7.190160832544934,15.633389505084814,0.4375,0.4166666666666667,0.6208479378451117,40,0.3442622950819672,0.21469104665825978,0.0,0.0,0.0,1,0.5483467259753239,0.6861217552703192,0.515491905156229,2.4745664641825815
sz002099,2025-05-28,1.0,0.35849847497945986,1.1249999999999996,-2.998500749625188,77.75933237903565,142.0,57.6,0.0,0,0,0,0.3605442176870748,train,0.0925925925925925,train,0,0,0,0,3.1152647975077885,3.1152647975077885,-1.0937500000000044,-0.6249999999999978,-7.656249999999998,-7.03125,3.4375000000000044,-9.218750000000009,-5,-8,-7.79650598908381e-05,-0.0048716203088088085,-0.14092927279161868,-0.03704157560023492,-0.03362717132909907,-0.05299388733720516,-0.14338137946326854,-0.12100428003667463,-0.13840822941876268,1.3905444898216823,1.4599457107943614,-0.06940122097267909,1.8820359526741102,0.0004422831053466788,0.2599505978693059,0.3947981070857975,1.7025222832985902,0.8626373626373627,0.8826291079812206,-3.748125937031488,-7.890961262553797,16.403652176264913,0.3958333333333333,0.4375,0.7160587561884215,52,0.3246753246753247,0.3503164556962025,0.0,0.0,0.0,0,-2.409015689670857,-2.095976456786275,-2.046381752417481,-3.873699398176611
sz002102,2025-07-03,1.0,0.2996156286489435,0.8571428571428581,3.170028818443793,78.82501863076283,37.0,78.9,0.0,0,1,0,0.3605442176870748,train,0.288135593220339,train,0,0,0,0,18.559556786703602,22.71468144044322,1.1111111111111072,4.166666666666674,6.388888888888888,14.166666666666682,15.833333333333321,-0.2777777777777879,5,8,-0.02700900695812407,0.05157954363454987,-0.07930949579082855,-0.002049268917348422,0.07147942969510097,0.010987272679631892,-0.07614735334943235,0.1231319773026727,0.005687500105278698,1.3442596736520724,1.5382438775700358,-0.19398420391796334,1.5696644399047717,0.00024223605470259746,-0.13353230894925236,-0.04033431671403137,0.7643961131147069,1.0,1.0,3.735632183908044,-4.74934036939314,25.691121037492593,0.3125,0.42857142857142855,0.7803484597856137,56,0.2631578947368421,0.5753467843631778,0.0,0.0,0.0,1,1.5180885532182442,1.4458898901372086,0.5587428039826037,2.348770498122099
sz002105,2025-04-30,1.0,0.4678751955211985,0.9166666666666683,0.557103064066844,77.0533210399164,71.0,72.6,0.0,0,0,0,0.3605442176870748,train,0.5,train,1,1,1,1,35.15312916111852,35.15312916111852,0.12836970474967568,2.310654685494229,0.25673940949935137,18.48523748395379,18.48523748395379,-2.9525032092426295,5,8,-0.10757109912580662,-0.06337013441981458,-0.006800720311011487,-0.02649862987666982,0.01866482252649808,0.007087022855295978,-0.0872263570514328,0.028393591939395536,-0.013359919155436538,1.5357625825806696,1.565728780583391,-0.02996619800272149,1.5828647210908842,3.16651691178747e-05,0.24257218730997848,-0.18795427406414533,1.6405156590394483,0.3772455089820357,0.3333333333333333,-12.163742690058488,-13.279445727482686,21.55540803115792,0.375,0.4444444444444444,0.7832584404908153,63,0.3076923076923077,0.5486331849968213,0.0,0.0,0.0,1,-0.5759197971227259,-0.055436174600853594,-0.4307474665703914,-0.058127529131091205
sz002114,2025-08-25,1.0,0.6429229278084567,0.7346938775510208,0.5263157894736858,79.9961862547111,18.0,81.7,0.0,0,0,0,0.2938144329896907,train,0.2,train,0,0,0,0,9.487179487179475,9.487179487179475,2.08604954367666,-1.9556714471968717,0.7822685788787531,1.4341590612777066,5.084745762711873,-5.475880052151238,-5,0,-0.03992975227089768,-0.056757657063803604,-0.15314560164561491,-0.029454662671638217,-0.04853452283636608,0.014035535250972859,-0.08364495964874304,-0.01650034318399329,-0.04472905692924243,1.3633658567989206,1.4970562195551451,-0.13369036275622448,1.6587111944825583,3.9085651391317536e-05,-0.19833744715178805,0.1001126386307654,0.6689789714521613,0.7666666666666666,0.8653846153846154,-2.621722846441943,-4.4117647058823595,14.467867830669372,0.4583333333333333,0.5,0.7274546077128539,65,0.39814814814814814,0.6373660995589162,0.0,0.0,0.0,1,3.3177592058186933,4.254882364622659,5.420779412241661,6.0159884779452
sz002115,2025-11-14,1.0,0.8688072740520493,0.7727272727272723,0.5813953488372103,82.31331700788611,82.0,68.1,0.0,0,0,0,0.2938144329896907,valid,0.0895522388059701,valid,0,0,0,1,-0.1607717041800627,43.16720257234725,1.4096185737976885,-9.03814262023217,-17.081260364842453,-10.696517412935336,2.985074626865658,-17.24709784411277,-5,-8,-0.15631972252974027,-0.25533556657232787,-0.21503780500082575,-0.03825055524155092,-0.12117955845310302,-0.03192363900516226,-0.046166792393114504,-0.20838241301107469,-0.1287637850329932,1.3249689812204288,1.5205443473650342,-0.19557536614460536,1.4750124689054989,0.0005862947143283877,-0.21769491951755213,0.009126221112026876,0.6424475194430435,1.0,0.6970740103270223,0.40355125100886013,-4.160246533127898,15.025299782458312,0.2916666666666667,0.3469387755102041,0.8790716307006017,62,0.3333333333333333,0.38345391632588866,0.0,0.0,0.0,1,-0.5187209339636567,-1.261602420160457,-1.0826421438821954,-3.0141053611369095
sz002116,2025-03-25,1.0,0.32258595998926237,0.6122448979591849,-0.4882812500000111,76.66151828775848,52.0,75.9,0.0,0,0,0,0.3461538461538461,train,0.0925925925925925,train,0,0,0,0,0.3831417624521105,3.6398467432950277,0.9699321047526688,-2.3278370514064006,-1.5518913676042745,-5.52861299709021,1.6488845780795236,-4.3646944713870095,-5,-8,-0.1329539027038628,-0.23684801555554805,-0.1423210870856034,-0.003950501638731511,0.04675918190281272,-0.01215067667636697,-0.11862793940417904,0.011066102311639866,-0.04234112515794083,1.3729151002382654,1.4747812752555036,-0.10186617501723827,1.3750891168205224,0.0,-0.7087604462640534,-0.23820233821985473,0.1704390772695481,0.7499999999999983,0.9057971014492748,-1.2298959318826963,-3.153988868274582,64.07340037710394,0.3125,0.3125,0.8214355556833898,38,0.4722222222222222,0.48391167192429024,0.0,0.0,0.0,0,-4.554832984148661,-3.0383438819201802,-1.882061257279044,-3.7316678902805656
sz002117,2025-06-24,1.0,0.27286893145346,0.6875000000000006,-0.2622377622377603,77.24998092339848,13.0,85.0,0.0,0,0,0,0.3605442176870748,train,0.1388888888888889,train,1,0,0,0,6.841216216216228,10.135135135135132,1.0265183917878673,0.2566295979469668,-0.6843455945252375,-0.7698887938408894,3.4217279726261873,-1.197604790419149,0,0,0.010883551260740063,-0.19532230963382283,-0.33413249986660704,-0.043992029150427256,-0.0756458404839859,-0.06738650120605633,-0.10732233898074016,-0.12127452097648313,-0.20351741654189914,1.4031252905386464,1.4893206870552986,-0.0861953965166522,1.3677339585213555,0.00037848850763381705,-0.08243978420352034,0.13220518347588148,0.8476778377761104,1.0,0.31555555555555553,0.5093378607809784,-3.583061889250816,14.028928585832615,0.375,0.3673469387755102,0.5736537832261582,60,0.2857142857142857,0.8708661417322835,1.0,0.0,0.0,1,0.8662032682607457,0.25952578444861096,0.8695686773381839,0.6922776839730194
sz002126,2025-05-21,1.0,0.5028006274207271,0.39719626168224187,-0.5255255255255276,78.76816267403687,17.0,81.2,0.0,0,0,0,0.3461538461538461,train,0.1388888888888889,train,0,0,0,0,-0.5782435851102274,0.18070112034693775,-2.0825721592985014,-5.407380343441726,-8.293752283522105,-5.772743880160769,0.5115089514066584,-8.659115820241148,-5,-8,-0.02225985207194728,0.10543696871766917,-0.3462880588613839,-0.023796768738294064,-0.039665782835014686,-0.03610237213368953,-0.04493606557515016,-0.0479218909277069,-0.1170274033173851,1.3508151297829392,1.4225199649815612,-0.07170483519862203,1.5256445880447234,0.0001533444541626224,-0.7803177957074475,0.10174418490114435,0.12339493815218366,1.0,0.4036231884057972,1.3553113553113505,-2.9803646563814845,16.916193872104603,0.375,0.5306122448979592,0.7708150184831385,45,0.375,0.34724857685009486,0.0,0.0,0.0,1,-0.4575829272064569,-0.7103941010626946,-0.6804125206798406,-0.8521790232169035
sz002129,2024-10-29,1.0,0.37173405018916256,1.7108433734939756,-0.07886435331230235,81.09598156727316,35.0,73.9,0.0,1,0,0,0.472,train,0.2,train,0,0,0,0,7.615894039735105,7.615894039735105,5.090595340811044,1.725625539257969,0.9490940465918918,4.227782571182059,12.165660051768779,-1.5530629853321765,5,8,0.002118246940461526,-0.06652330511327491,-0.04194443563925607,0.01234644810255428,-0.018515332140927047,0.003751948939136932,0.027522393177735593,-0.043379723727790614,-0.051354459890895425,1.2783313402754608,1.323282085996843,-0.044950745721382246,1.5916287870230779,0.0004065031372137126,0.4904150651774123,0.2751557765303677,2.9247628085714523,0.8421052631578948,0.0,-4.731861198738163,-10.518518518518515,31.457184697402234,0.375,0.3469387755102041,0.7514927697579094,105,0.49029126213592233,0.18020866266202973,0.0,0.0,0.0,1,1.6135946404699286,1.0198198260201297,-0.8369979550381323,-1.7899947036292052
sz002131,2025-05-28,1.0,0.3617645749084364,0.3999999999999987,-0.27932960893854997,75.49856804811145,52.0,71.3,0.0,0,0,0,0.2938144329896907,train,0.1764705882352941,train,0,0,0,0,1.6129032258064502,8.870967741935477,1.9073569482289,-1.6348773841961872,0.0,-2.4523160762942697,2.9972752043596618,-2.997275204359673,0,0,-0.0002901299139848548,-0.7548378360400387,-0.42550145687061497,0.004925553471529502,0.00871780320675373,0.07395325969930157,0.013352461673162924,-0.02033333888501203,0.0763944470668772,1.4786600103568452,1.6631409570854456,-0.18448094672860038,1.4904655628307248,9.532032960929456e-05,-0.5124724372948317,-0.29556709395138786,0.32233814691998436,0.5370370370370371,0.463087248322148,-6.297229219143574,-10.144927536231874,39.738883964241786,0.25,0.2857142857142857,0.8268344792753529,52,0.3246753246753247,0.3503164556962025,0.0,0.0,0.0,0,-2.409015689670857,-2.095976456786275,-2.046381752417481,-3.873699398176611
sz002131,2025-08-11,2.0,0.564200580020312,0.6842105263157922,0.7853403141361293,80.73233290858781,28.0,83.9,0.0,0,0,1,0.2938144329896907,train,0.288135593220339,train,1,1,1,1,54.22885572139307,70.39800995024876,-0.9975062344139585,-0.4987531172069737,10.723192019950133,20.448877805486298,33.915211970074836,-1.995012468827917,5,8,-0.25851216544364863,-0.20101845903538024,2.129200340775126,-0.11268600961702363,-0.1093392009364737,0.3372265317908269,-0.1040661414334659,-0.14441962224609547,0.3113108280020716,1.3840911395024424,1.6853227478357586,-0.3012316083333162,1.2923207820093738,0.00020489508377063281,-0.2346520605158857,-0.46162917592542857,0.6198895737187059,1.0,1.0,1.0050251256281229,-3.1325301204819467,20.929825752126636,0.1875,0.5102040816326531,0.8366422332877618,69,0.31683168316831684,0.7315689981096408,0.0,0.0,0.0,1,3.0304493367472984,2.0765534924821694,1.272711590823028,1.9488948187547317
sz002134,2025-03-05,1.0,0.48373693795116324,0.6808510638297852,-0.3544528134692193,78.90572508729863,27.0,77.2,0.0,1,0,0,0.472,train,0.1764705882352941,train,0,0,0,0,5.884917175239757,5.884917175239757,4.05582206716093,-1.003052769297863,-1.2647187091146983,-4.579153946794601,5.931094635848222,-2.703881378107287,5,0,0.18744688693933553,0.1496098249744053,-0.0831721024490309,0.046506792753244486,-0.19288255573554455,-0.050929460615747546,0.0704063293631312,-0.17609237785431958,-0.014036710030185258,1.43036088258159,1.3399935470633786,0.09036733551821152,1.7628439663011224,1.1559852486890018e-05,0.36255315835636764,-0.2089545706609388,2.137516525837788,1.0,1.0,1.6393442622950838,-4.016736401673626,20.266677835953352,0.5208333333333334,0.30612244897959184,0.6365899669996896,55,0.26666666666666666,0.40138845061533607,0.0,0.0,0.0,1,-1.93379605440539,-1.6695479040813366,-1.4487765260560836,-3.432345975607076
sz002136,2024-11-21,1.0,0.45578653379405115,0.7230769230769236,0.561272217025266,82.77303394654444,108.0,65.4,0.0,0,0,0,0.3605442176870748,train,0.1388888888888889,train,0,0,0,0,4.574565416285448,4.574565416285448,-4.292237442922364,-1.4611872146118698,-0.09132420091324533,0.09132420091324533,4.383561643835621,-5.936073059360714,-5,0,-0.29602452210116514,-0.1863244777550279,-0.24908087715526492,-0.02484724583453946,0.01981282599719278,0.037881606389053565,-0.21996807035586394,0.06111228151728464,0.05774260501684319,1.462715714702139,1.66329906658685,-0.20058335188471088,1.871528863217092,0.00010661900267279671,-0.5017424652285739,-0.33503768340335727,0.3317862724855346,1.0,1.0,2.2450888681010417,-4.122807017543861,30.474744701474943,0.2916666666666667,0.4166666666666667,0.7600275123024406,97,0.31690140845070425,0.4946270543615676,0.0,0.0,0.0,1,-0.15985960631844653,-1.529905104631879,-1.245691703952978,-2.959295780239557
sz002137,2025-02-21,1.0,0.4833109819698724,0.6086956521739134,-0.7028112449799173,76.12710318879073,62.0,78.3,0.0,0,0,0,0.2938144329896907,train,0.1388888888888889,train,0,0,0,0,1.4880952380952328,1.4880952380952328,-1.921132457027308,1.5166835187057526,-11.223458038422663,-9.100101112234583,3.4378159757330717,-11.526794742163805,-5,-8,-0.09955250240671135,-0.2452864348111636,-0.19721760568014374,-0.07435114241659609,0.045566990840172905,-0.06190206701491645,-0.11890589417970601,0.07238884823753172,-0.1735493748430967,1.4335089014989768,1.5082127290898288,-0.07470382759085203,1.5806648133295558,2.7029246881375933e-05,-0.16199733492612134,0.1747456176366137,0.7211743434223609,0.9318996415770611,0.9408099688473521,-1.850048685491723,-4.995287464655984,13.29027135120688,0.4375,0.40816326530612246,0.5344290299977927,84,0.25,0.4210028382213813,0.0,0.0,0.0,1,3.2068924212987238,1.8371309305161176,1.0011529551154918,2.988915624188593
sz002139,2025-08-27,1.0,0.2990478328242162,1.1095890410958906,1.0624169986719778,74.8514838852284,88.0,58.7,0.0,0,0,0,0.2938144329896907,train,0.0895522388059701,train,0,0,0,0,11.955085865257598,11.955085865257598,1.320132013201314,-1.5181518151815232,-5.478547854785476,-4.488448844884485,2.310231023102305,-6.204620462046206,-5,-8,-0.0953468069013926,-0.01833801963147712,-0.15109097382397726,-0.020454185419516546,-0.0921154171195078,-0.03478041451109618,-0.03955438742236442,-0.13140586082539216,-0.076312162076401,1.2848150060358503,1.4311316017173559,-0.14631659568150557,1.582151239109984,0.00017338731777157544,0.1065926587228567,-0.09447270252980661,1.2386205122749057,0.6432160804020105,0.7625418060200673,-4.4794952681388,-5.256570713391739,19.124481927760055,0.25,0.22448979591836735,0.8000857487981916,40,0.48717948717948717,0.09861373660995588,0.0,0.0,0.0,1,0.4249190944314529,1.9989865740382085,2.686025959008509,4.430999150423887
sz002141,2024-09-10,1.0,0.9962109724854978,1.7499999999999973,-0.694444444444442,86.41973504134418,295.0,47.5,0.0,0,0,0,0.4677419354838709,train,0.575,train,0,0,0,0,-3.649635036496357,22.627737226277354,0.0,-3.076923076923077,-2.3076923076923106,-7.692307692307699,1.538461538461533,-6.923076923076932,-5,-8,-1.057433786140189,-0.357358012249121,0.7615047247633773,0.0,0.0,0.0,-0.14836073892754545,-0.05823519780255456,0.04712529142729516,1.598056520604837,1.4153474421600412,0.18270907844479578,1.861457958765177,1.242887669056273e-05,-1.0,0.1868616877441521,0.0,0.0,0.0,,-9.27152317880794,31.637943521075393,0.4583333333333333,0.38461538461538464,0.7655865101684057,37,0.3508771929824561,0.5558367605188231,0.0,0.0,0.0,0,-1.8550773259627285,-1.9313575454305454,-2.3728334716490718,-1.0499442691984995
sz002144,2025-02-07,1.0,0.2730735053129002,0.8023255813953492,0.6876227897838927,79.97146570501744,91.0,73.2,0.0,0,0,0,0.3605442176870748,train,0.2444444444444444,train,1,0,0,0,11.291866028708153,19.138755980861255,-0.5719733079122991,-0.19065776930409228,-2.192564346997139,-1.62059103908484,0.5719733079122991,-3.24118207816968,0,0,0.07795721279989482,-0.02452570420459351,0.5645719723392856,-0.044050247401476256,0.0,0.0,-0.03714006603049545,-0.022371337340269377,-0.03511090517762423,1.361247183941166,1.5342451750546855,-0.17299799111351954,1.4759126759107526,0.0003547261124863975,0.008442202650874439,0.1697791698953548,1.0170281604833207,1.0,1.0,1.2596899224806002,-6.1938958707361,20.916790572491966,0.375,0.5454545454545454,0.6263025431499377,72,0.4,0.7875827292782855,0.0,0.0,0.0,1,5.232799423726009,4.4721007358045295,2.3387194916040466,3.8712798263460746
sz002146,2024-11-01,1.0,0.273605211140857,0.733333333333333,-0.5586592178770999,78.01495964223597,148.0,53.2,0.0,0,1,0,0.472,train,0.1764705882352941,train,1,1,1,1,46.703296703296694,46.703296703296694,-4.7872340425531785,15.42553191489362,29.255319148936177,5.85106382978724,42.02127659574468,-9.57446808510638,-5,-8,-0.03334622221215889,1.8748620923472568,-0.08099190047605685,-0.018252617532307402,0.06677148060068541,-0.2026972914529754,-0.04607682205773288,0.05029314380422352,-0.25676486745130683,1.4757663225187938,1.6126392558876355,-0.13687293336884165,1.6140131702483589,0.0049665472652565676,-0.33816302366064144,-0.23346345414224345,0.494586208583806,0.9642857142857143,0.0,-0.5464480874316946,-7.14285714285714,18.874602929901044,0.4166666666666667,0.673469387755102,0.48310274599022285,83,0.484472049689441,0.23213156230234028,0.0,0.0,0.0,1,-0.7477386348638038,0.38098087850813034,-1.678302182705016,-5.1435461300810115
sz002149,2025-01-13,1.0,0.39431092407700796,0.8351648351648367,-4.006497022198152,73.6309504494689,21.0,80.0,0.0,0,0,0,0.472,train,0.575,train,0,0,0,1,8.389261744966436,42.61744966442953,4.359977641140311,1.1179429849077716,2.235885969815521,-4.974846282839573,8.328675237562866,-1.732811626607056,5,8,-0.007212822743487036,0.13224463077725876,0.1250329999878444,0.015564819261591202,-0.015789378160796785,-0.02670144409986084,0.05020897010370763,0.011475064339466427,-0.007349207947562478,1.435098370370868,1.2648237646056613,0.1702746057652067,1.5461181191126703,0.004562920563416595,0.7764848939670064,0.19280764065122344,7.947941083251775,0.0,0.0,,-5.2464228934817285,18.35583394470884,0.5208333333333334,0.23255813953488372,0.6180130475393171,42,0.34375,0.5249841872232764,0.0,0.0,0.0,0,-0.8659344172353811,-0.836603234577904,-1.232610068475748,-1.5753430200399765
sz002153,2025-11-19,1.0,0.5043131826231741,0.8809523809523814,3.4451495920217567,82.31141578265772,24.0,77.8,0.0,0,1,1,0.7647058823529411,valid,0.7241379310344828,valid,1,0,1,1,20.266666666666655,43.466666666666676,-4.367201426024958,1.9607843137254832,20.58823529411764,-1.782531194295911,20.58823529411764,-9.35828877005348,-5,-8,-0.15189184410607842,3.30004138255696,3.107560603672257,-0.06131662069705067,0.34070405807483456,0.15473477811805114,-0.09288972583341476,0.2953085756079281,0.1163188996118912,1.2724701923830637,1.5087542956050182,-0.23628410322195448,1.668120134854492,0.0004228747295766549,-0.21094206305540747,-0.15347344516675862,0.6516066796405342,1.0,0.94954128440367,1.9945602901178638,-6.171809841534614,16.46848650685119,0.2916666666666667,0.3469387755102041,0.8171034922023775,49,0.3194444444444444,0.24206224457717698,0.0,0.0,0.0,0,-1.324648829448405,-1.6636430922849943,-1.2401386605188636,-1.4471944028671024
sz002154,2025-11-14,1.0,0.28991306751966883,1.0,0.0,81.31709271638266,56.0,71.9,0.0,0,0,0,0.4677419354838709,valid,0.1764705882352941,valid,0,0,0,0,6.132075471698117,6.132075471698117,0.0,0.23255813953488857,-6.744186046511624,-4.418604651162783,4.651162790697683,-6.976744186046513,-5,-8,-0.2869045525027201,-0.4041662856369969,-0.14780254073588375,-0.0042333023747523155,-0.040463924379511296,-0.029882104520374694,-0.013139483130742955,-0.0587384102312235,-0.09979825679035118,1.3916393018594,1.6495682271833114,-0.25792892532391143,1.4951088426186612,0.0002477647231780271,-0.4313843013260656,-0.16896372015577055,0.39724880183969913,0.8780487804878053,0.505154639175258,-1.1655011655011593,-5.35714285714286,22.003664536583255,0.3333333333333333,0.3877551020408163,0.7143081004199231,62,0.3333333333333333,0.38345391632588866,0.0,0.0,0.0,1,-0.5187209339636567,-1.261602420160457,-1.0826421438821954,-3.0141053611369095
sz002156,2025-04-07,1.0,0.622681491087618,1.1025641025641035,-9.532780708364719,75.80139181027137,332.0,34.4,0.0,0,0,0,0.472,train,0.1388888888888889,train,0,0,0,0,11.259941398074492,11.259941398074492,-3.269639065817409,2.123142250530785,10.828025477707005,8.87473460721868,12.35668789808917,-8.704883227176218,-5,-8,-0.15722459115588786,-0.06883545695262265,0.013726339828486454,-0.03284874620251853,0.00698733515595297,-0.1257327221555355,-0.13663788893020815,-0.0019494463363612163,-0.10788209307164064,1.3806710240035378,1.8456899736188637,-0.46501894961532586,2.2276547982072907,0.0010658208721413395,-1.0,-0.41837102333957815,0.0,0.0,0.0,-17.077403679278024,-17.506906077348074,22.89147041987576,0.1875,0.23404255319148937,0.7041105597661875,20,0.4444444444444444,0.019880088355948247,0.0,0.0,0.0,0,-12.313961756970537,-10.632095360413397,-8.319585513381277,-15.083249334698845
sz002156,2025-09-02,2.0,0.32473267507025866,0.9344978165938871,-2.551605504587162,75.95561976288286,364.0,36.0,0.0,0,0,0,0.4677419354838709,train,0.1764705882352941,train,1,0,1,1,20.269478617457537,40.56824838898654,4.276024771453857,-5.0132704217044965,-7.962253022707156,-1.327042170451187,9.495723975228554,-10.763786493659676,5,8,-0.08561506376888472,-0.04958756930569377,-0.08152665421940554,0.03024532825108744,-0.031790324243201475,-0.05391952276126402,0.0440333307179845,-0.04158732749119553,-0.1272853510051291,1.304918351845729,1.3601228513193788,-0.055204499473649804,1.4691107276227287,0.0008652285987758233,-0.4982076490414356,0.27145332165833896,0.33492844017958046,0.9084158415841582,0.9371816638370117,-2.1215596330275255,-5.898566703417862,17.811137196282836,0.3958333333333333,0.22448979591836735,0.6079866365427359,42,0.5,0.24291115311909262,0.0,0.0,0.0,1,-2.1746206550601777,-0.03411656694258802,0.8503431878588374,4.744332027242515
sz002160,2025-03-28,1.0,0.6530735101369929,0.5000000000000012,-0.24875621890546595,83.28221186825826,79.0,58.2,0.0,0,0,0,0.2571428571428571,train,0.0895522388059701,train,0,0,0,0,1.2077294685990614,2.1739130434782705,-2.2332506203474045,-1.985111662531014,-11.910669975186117,-10.173697270471472,3.970223325062028,-11.910669975186117,-5,-8,-0.08806775058144559,-0.012034363093790253,-0.7318967061936661,-0.02385372565108235,-0.01077241134602895,-0.04713257294183326,-0.06363630271795635,0.02939343918834092,-0.11042157970054432,1.3521337567675957,1.4794210463468982,-0.12728728957930247,1.487881720497483,3.910999122669945e-06,-0.43086282994983144,-0.20320488780254167,0.3977580227380171,1.0,1.0,0.4854368932038833,-4.387990762124716,17.21151030789993,0.3958333333333333,0.46511627906976744,0.6383744602590997,30,0.4827586206896552,0.18118686868686867,0.0,0.0,1.0,0,-2.1432709541681527,-0.9360256755847507,0.012021368915626773,-1.1183493293992819
sz002161,2025-06-13,1.0,0.4052586354568654,0.5595238095238093,-2.588555858310615,83.61727947998443,128.0,53.5,0.0,0,0,0,0.2938144329896907,train,0.1388888888888889,train,0,0,0,0,0.9776536312849249,18.29608938547487,1.724137931034475,-1.867816091954022,-10.344827586206895,-5.747126436781613,3.8793103448276023,-10.488505747126432,-5,-8,-0.15160721513082298,-0.09408787582652692,-0.09889927612838205,-0.006307243217338321,0.04262057983104869,-0.06566987440585241,0.011686785941883224,0.020805432668738293,-0.1173087530459421,1.3046979476453706,1.4227592387060286,-0.11806129106065799,1.3378783905899823,0.0001280012937630095,0.47103630519847217,0.20846162051030603,2.7809778244807877,0.9086294416243657,0.9196428571428573,-2.4523160762942697,-9.367088607594942,20.92338710029263,0.2916666666666667,0.5510204081632653,0.8149761548686482,45,0.27419354838709675,0.1553030303030303,0.0,0.0,0.0,1,-0.7612137644431916,-0.3789969652960967,-0.25301859137728533,0.21520172765470136
sz002162,2024-09-19,1.0,0.39139998536235,0.6250000000000018,0.6756756756756799,78.32599719463596,35.0,80.0,0.0,0,0,0,0.3605442176870748,train,0.1764705882352941,train,0,0,1,1,26.885245901639365,34.0983606557377,-2.950819672131144,-2.2950819672131084,2.2950819672131306,9.836065573770503,26.885245901639365,-5.573770491803276,-5,8,-0.24319268072083458,-0.02962514952161955,-0.08680178087438448,0.0,0.0,-0.06607309319125589,-0.10074664707383169,0.03317855461126487,-0.061970317743265814,1.474271499695561,1.6828592436942165,-0.20858774399865543,1.406055999527417,5.239513040379584e-06,-0.5418862258388795,-0.22911312834085476,0.2971125667277291,0.9393939393939392,0.0,-0.6514657980456029,-3.1746031746031744,20.139825181211563,0.4166666666666667,0.5,0.7055357282745366,53,0.32051282051282054,0.9029709228824273,0.0,0.0,0.0,0,-0.1181239179151472,0.2814401839835501,0.008777268046067377,0.4216677591049489
sz002162,2025-02-27,2.0,0.4240256941766842,0.7916666666666672,0.8064516129032251,80.90858173228676,108.0,62.5,0.0,1,0,0,0.472,train,0.55,train,1,1,1,1,51.978891820580465,51.978891820580465,1.7857142857143016,1.7857142857143016,0.7653061224489832,17.85714285714286,23.72448979591837,-5.612244897959173,5,8,2.2201419961956774,-0.0580558957127018,-0.3060624818106793,0.09205662746961646,-0.01952061200682668,0.03639509082597615,0.08262948825022658,-0.05589839637115242,0.04952815307896481,1.3733377866495233,1.4490851544318153,-0.07574736778229196,1.5471012460327789,3.917209017873728e-05,-0.13042863441580152,0.021983060637552246,0.7692403917506809,1.0,1.0,0.0,-4.773869346733672,18.630664944066456,0.4791666666666667,0.3958333333333333,0.575623626083278,68,0.24444444444444444,0.4128787878787879,0.0,0.0,0.0,1,2.60664667923598,1.1991362551681206,0.9982448249646891,1.3895050817677612
sz002162,2025-04-25,3.0,0.8139067787780822,0.8888888888888911,0.995024875621886,87.08144015813417,172.0,58.7,0.0,0,0,0,0.1929824561403508,train,0.1388888888888889,train,0,0,0,0,7.246376811594213,19.806763285024154,-5.5555555555555465,-4.589371980676315,0.9661835748792313,2.1739130434782705,6.038647342995174,-6.763285024154586,-5,0,-0.28172190482958626,-0.8938068026636462,-0.3117866722530527,-0.06386899453009309,0.052305756612250946,0.024561155247269022,-0.1616991034915237,0.02228049091241935,-0.008751216053474991,1.444252692822442,1.7539568698446064,-0.30970417702216446,1.341247556679628,3.0867920120872975e-05,0.006228279368409107,-0.11072489568890302,1.0125346279011658,0.7999999999999995,0.3695652173913042,-3.4965034965035002,-9.80392156862746,18.225831569029744,0.20833333333333334,0.5909090909090909,0.8706119133480276,61,0.35789473684210527,0.560744714420953,0.0,0.0,0.0,1,1.8487823823326366,1.1951634254890875,0.3835814917496849,1.7354767039688968
sz002162,2025-11-26,4.0,0.521871196263931,0.7708333333333329,0.0,88.75709136935662,195.0,52.5,0.0,1,0,1,0.472,valid,0.5208333333333335,valid,0,0,0,0,15.527950310559003,19.66873706004142,5.590062111801242,3.31262939958592,7.660455486542439,6.62525879917184,13.871635610766052,-1.242236024844734,5,8,1.0749303145052418,-0.05196283276671162,0.035247062726131345,0.14214011761639148,-0.019907020776394523,0.03049528650286465,0.15312696305725743,-0.08446368263706458,0.10329240345673402,1.3008371732502175,1.3569657539953992,-0.05612858074518168,1.333139520193492,1.5003357092748592e-05,-0.32648898998142767,-0.19999121794377292,0.5077396157113994,0.9230769230769231,0.9459459459459459,-0.8213552361396315,-7.115384615384612,46.1952418955536,0.3125,0.34285714285714286,0.7718560670381168,57,0.3048780487804878,0.3217884130982368,0.0,0.0,0.0,0,-1.8783753278166615,-2.2140504368644898,-1.5401525648257475,-1.0449241970314271
sz002163,2025-05-09,1.0,0.8035779595504314,0.4500000000000012,-2.111111111111108,80.32608847101262,26.0,72.2,0.0,0,0,0,0.2938144329896907,train,0.0895522388059701,train,0,0,0,0,2.436323366555926,9.302325581395344,-1.3452914798206206,-3.363228699551579,-2.6905829596412634,-7.623318385650224,0.5605381165919354,-5.044843049327341,-5,0,-0.26046603903618165,0.1977731118564025,-0.23474513571549524,-0.07865661981165194,-0.032020790086936375,0.08849559964993295,-0.08364504995718954,-0.09938216765516396,0.1219006418905375,1.5177173358621943,1.6172535558309387,-0.0995362199687444,1.6300919139526782,6.08633645480944e-05,-0.3443441215584951,0.23769810467373062,0.48771431951619987,0.8497409326424866,0.6675900277008308,-3.111587982832631,-4.444444444444439,16.42745963378281,0.4375,0.6122448979591837,0.6881840490357155,32,0.43859649122807015,0.26468730259001894,0.0,0.0,0.0,1,3.0270872563675777,2.0841884993711757,1.8828730022889317,4.1318795557795385
sz002163,2025-10-20,2.0,0.35500845561236444,0.8307692307692317,-0.6427915518824601,77.22282608619011,165.0,60.1,0.0,0,0,0,0.3605442176870748,valid,0.1764705882352941,valid,1,0,1,1,65.32479414455628,73.10155535224156,2.4861878453038777,-0.09208103130754486,-3.3149171270718147,32.32044198895028,32.32044198895028,-3.4990791896869156,5,8,-0.15315733821236083,0.022264003568294437,-0.1759727974342427,0.022786734894965202,-0.01364406140987455,-0.015224052127857527,0.0005668061718773728,0.02563736874608509,-0.06855037036118304,1.3012122284830698,1.364895591142535,-0.06368336265946506,1.5350413560350409,0.0002111505370156333,0.005880034884555255,0.2240674880851463,1.0118296283967547,1.0,0.7241379310344827,0.36730945821854544,-4.707933740191816,15.771505197487263,0.4375,0.30612244897959184,0.5293270453271598,65,0.2857142857142857,0.7149606299212599,0.0,0.0,0.0,0,-3.731222348532337,-4.160777519765446,-1.2137279266762002,-2.7708342407596565
sz002164,2025-05-08,1.0,0.40707247354919707,1.3469387755102051,-4.222451081359424,76.13260483596495,72.0,74.8,0.0,1,0,0,0.8214285714285714,train,0.55,train,0,0,0,0,14.418125643666313,14.418125643666313,8.307045215562582,4.416403785488954,4.206098843322814,-3.5751840168243953,16.824395373291278,-0.1051524710830698,5,8,1.2703218064407247,-0.06843655533619197,-0.026043171472539102,0.19738199972840653,-0.04075315401511819,-0.11662904838479032,0.17024600820219954,-0.09874624736842319,-0.131290904669441,1.3799869319522653,1.4181138448723782,-0.03812691292011294,1.46782574904605,0.00042479652800398723,-0.10906435410270515,0.21531940070283961,0.8033218654999613,1.0,0.7008849557522125,0.0,-6.3645130183220715,14.406372906052189,0.375,0.46938775510204084,0.6147435958234825,55,0.27631578947368424,0.675300063171194,0.0,0.0,1.0,1,4.781658900477503,3.1350705324554973,1.884840957528544,4.9106862924354955
sz002164,2025-09-10,2.0,0.38201609476273224,0.6279069767441855,-3.7535410764872434,72.1241089421307,236.0,51.9,0.0,0,0,1,0.3461538461538461,train,0.0895522388059701,train,0,0,0,0,16.319194823867722,16.319194823867722,0.5039596832253412,-2.1598272138228958,5.327573794096474,14.326853851691856,16.48668106551474,-2.4478041756659463,5,8,-0.04539180465210098,-0.1250988687329677,0.008994785138708909,-0.039326496459099934,-0.03515106020234118,0.04353415301450053,-0.06907968089676823,-0.05382774337982231,0.08303657753135939,1.3686578948671195,1.3566077077127885,0.012050187154331038,1.7358701031318289,0.00013519097453158644,0.005105563512312517,0.07354944006375298,1.0102635281192984,0.9465648854961835,0.9630281690140847,-1.487252124645888,-3.9364640883977953,15.551377841834997,0.4166666666666667,0.1836734693877551,0.5862440455497706,43,0.38571428571428573,0.449480642115203,0.0,0.0,0.0,0,0.32319136122758163,0.9266660372195368,-0.3243330193602123,0.1688606584155039
sz002165,2025-08-21,1.0,0.44702759474738435,0.7924528301886801,-0.42105263157893313,79.86698334693267,5.0,84.8,1.0,0,0,1,0.2938144329896907,train,0.4444444444444444,train,1,0,0,0,11.597151576805697,11.597151576805697,-1.5544041450777257,-1.761658031088087,3.937823834196874,8.704663212435237,13.678756476683951,-6.3212435233160775,-5,8,-0.006718143848634205,-0.25712203550711354,1.494910779763254,-0.09220513356453162,0.01825147369064843,0.6030058690015323,-0.13993912290862875,-0.01949189574945319,0.523251406501984,1.3841195587707171,1.564880519674607,-0.18076096090388982,1.4272346589550946,0.0003885200297660183,-0.016997350234649166,-0.19403721638011015,0.9665734621024776,1.0,0.5245098039215685,3.4736842105263177,-4.09756097560976,13.588935137294207,0.2916666666666667,0.42857142857142855,0.7977755154920526,39,0.4507042253521127,0.46990230066183425,1.0,0.0,0.0,1,3.9684067376312138,4.2663462152485065,2.7497960792828957,5.094232984893354
sz002165,2025-11-17,2.0,0.4819381645408595,0.5454545454545443,0.2293577981651307,80.38484463871143,118.0,65.0,0.0,0,0,0,0.1929824561403508,valid,0.0895522388059701,valid,0,0,0,0,-0.551876379690952,-0.551876379690952,-2.6726057906458767,-5.902004454343002,-12.249443207126953,-9.576837416481077,0.33407572383072903,-14.253897550111361,-5,-8,-0.17902391710762816,-0.627397333522425,-0.1355559647398998,-0.0792389865648401,-0.04633792717405295,-0.018816366325737886,-0.18244849372462052,-0.08173256488142476,-0.08386020400389144,1.4097495726315235,1.7043485018532876,-0.2945989292217641,1.2598407528038118,1.5783415722865408e-05,-0.23906311461952195,-0.005658983709563767,0.6141227806737982,1.0,0.3348837209302328,1.5695067264574147,-2.580645161290329,26.42076614850344,0.25,0.5833333333333334,0.8865927228267971,73,0.24742268041237114,0.45468848332284456,0.0,0.0,0.0,1,-0.5312224428283385,-1.4767623695503662,-2.065967040568917,-2.3160680140147383
sz002172,2024-10-30,1.0,0.5511760680485543,0.4117647058823548,-1.0033444816053616,78.2148120252714,168.0,62.6,0.0,0,0,0,0.3605442176870748,train,0.2,train,0,0,0,1,17.04918032786886,43.27868852459018,-0.6493506493506551,-3.57142857142857,3.8961038961039085,6.493506493506485,15.909090909090896,-4.545454545454552,5,8,-0.3078261084071564,-0.19823305504019936,-0.03449999566412883,-0.003148619488379255,0.03475798216550676,-0.028532555789872384,-0.03709581278666451,-0.04435244032338985,0.040104868052300485,1.465652416542214,1.6522803227553622,-0.18662790621314818,1.312353413872198,0.0,-0.2752175515288949,-0.21542266979679572,0.5683598438573424,0.8604651162790695,0.0,-1.9292604501607746,-7.57575757575758,14.129309605873523,0.4166666666666667,0.35,0.6180146750259233,134,0.24719101123595505,0.49414742170199305,0.0,0.0,0.0,1,1.9609954186599055,1.0655595378630478,-2.1081247452153895,-2.439021514691142
sz002172,2024-11-08,2.0,0.33094337563857,0.7391304347826084,1.1904761904761862,81.09298153809445,84.0,69.7,0.0,0,0,0,0.2938144329896907,train,0.1764705882352941,train,0,0,0,0,9.411764705882364,28.52941176470589,-0.29940119760478723,-1.7964071856287456,-7.18562874251496,-5.688622754491012,5.688622754491024,-7.18562874251496,5,-8,0.06434878135226912,-0.0669203478189375,-0.413006289271268,-0.055381711232922494,-0.017483901174437055,0.040764011919769666,-0.18032557555105042,-0.11566367892327231,-0.0007161465289647195,1.400768661347795,1.4383475716533212,-0.03757891030552618,1.376166002130845,0.0,-0.2566020311458765,0.09801273399583917,0.5915937985363832,1.0,1.0,1.1904761904761862,-4.761904761904756,18.221595150635558,0.4166666666666667,0.42857142857142855,0.5500693811851864,102,0.44565217391304346,0.3517524471108304,0.0,0.0,0.0,1,8.311475981234384,6.698135164180341,5.501943010425925,9.316044260255607
sz002172,2025-02-28,3.0,0.4007908717339282,0.7352941176470582,-0.28901734104045396,85.39748771459116,132.0,53.6,0.0,0,0,0,0.2571428571428571,train,0.1388888888888889,train,0,0,0,0,18.911174785100293,18.911174785100293,2.2922636103151817,-0.5730659025787954,-1.7191977077363862,16.045845272206293,18.911174785100293,-2.5787965616045905,5,8,-0.1742365410909539,-0.19352688301167378,-8.902222811184791e-06,-0.04640224580249737,-0.01910967341846628,-0.07023243444228361,-0.0006118151369934464,-0.0915610215030005,-0.07795420386530674,1.413136262268575,1.549848837705393,-0.13671257543681792,1.5534934542164227,2.2441094484527296e-05,-0.2022367781266805,-0.1742049192331663,0.6635658103193202,0.8000000000000007,0.8387096774193553,-2.785515320334253,-6.68449197860963,31.066460295031156,0.3958333333333333,0.6,0.6900135943638734,39,0.417910447761194,0.12026515151515152,0.0,0.0,0.0,1,-2.7725691008686493,-3.2556032750384434,-2.2218560824282085,-4.870450374177338
sz002172,2025-03-11,4.0,0.3391470207163559,0.580645161290323,-0.8426966292134908,84.1704855728812,75.0,71.3,0.0,0,1,0,0.3461538461538461,train,0.1388888888888889,train,0,0,0,0,11.260053619302957,11.260053619302957,-1.5957446808510523,7.71276595744681,1.0638297872340496,-8.776595744680836,10.372340425531924,-4.255319148936165,5,8,-0.10092051478776098,0.06151475192415931,-0.19547999627319967,-0.026217364987765484,0.025791629966559867,-0.0657017403548788,-0.0843356726101505,0.021484960881695596,-0.13915766763968235,1.4108825923102684,1.5690490335190317,-0.15816644120876333,1.293778233873827,0.00031459417439982554,-0.09243657253042765,0.08331955465112272,0.8307699048992558,1.0,1.0,3.8997214484679743,-4.6035805626598485,22.688309244260545,0.375,0.6875,0.6396711551658505,49,0.2898550724637681,0.5920554854981085,0.0,0.0,0.0,1,3.0531262470748333,1.8078593038683977,1.446375969159841,0.6370502826314572
sz002172,2025-06-11,5.0,0.287597367717473,1.1282051282051275,0.6564551422319376,81.00096748608856,44.0,77.1,0.0,0,0,0,0.4677419354838709,train,0.0925925925925925,train,1,0,0,0,11.86813186813187,11.86813186813187,6.436781609195408,9.425287356321842,-3.9080459770114984,-11.494252873563205,17.01149425287356,-4.597701149425271,5,8,-0.0015212611998862203,0.025856591383242786,-0.12208354739788999,0.029067397664782165,-0.043100298314057435,-0.022893460392860436,0.034631507346703116,-0.07216944759286853,-0.037069337258429653,1.3485335731383419,1.3803337437442675,-0.03180017060592566,1.5949220732486147,0.0004470513244979859,0.326659063062421,0.20392730741838638,1.9702634880573238,0.9799999999999995,0.9870967741935481,-0.4376367614879806,-8.817635270541091,39.64642246791108,0.4791666666666667,0.375,0.7730103884141002,46,0.3611111111111111,0.6425639406378276,0.0,0.0,1.0,1,1.0344344401888472,0.9398945022846883,0.6690105977318783,1.8239561941169935
sz002173,2024-10-14,1.0,0.5153356610550945,0.5227272727272723,0.2954209748892156,79.303202891209,32.0,84.8,0.0,0,0,0,0.4677419354838709,train,0.575,train,1,0,1,1,54.03111739745403,58.4158415841584,1.1379800853485111,3.271692745376953,5.263157894736836,8.819345661450928,10.526315789473673,-0.9957325746799417,5,8,-0.35330138014425677,-0.09085109960028574,-0.0548828862502036,0.009945592643767225,-0.012701032800212089,0.016602837939954564,0.006577637735207114,-0.09027570610203951,-0.010147358916028477,1.6797703536724669,1.5815481220932748,0.09822223157919208,1.6924808736563397,0.001079267095697864,0.07496104157426497,0.11645620088068136,1.1620711017443772,0.0,0.0,,-14.716525934861268,19.847660737894973,0.4791666666666667,0.5,0.5125289395877091,79,0.2403846153846154,0.9187480240278217,0.0,0.0,0.0,1,-1.630273952307315,-2.3517133341818597,-1.4065243029582009,-0.9049525156815674
sz002173,2024-11-11,2.0,0.32439977214225457,0.6842105263157902,1.4084507042253502,77.59294138288027,131.0,72.5,0.0,0,0,0,0.2938144329896907,train,0.1388888888888889,train,0,0,0,0,6.666666666666665,18.1904761904762,-2.822201317027284,-10.442144873000947,-22.483537158984014,-21.16650987770461,5.362182502351831,-23.047977422389476,5,-8,-0.252078720707106,-0.3002360083092262,-0.1192516856358914,-0.042568131385434575,-0.03555002638294597,-0.07288526222684283,-0.0366487534545561,-0.13687050349223692,-0.1462320993093701,1.3631866399556378,1.4062503101075174,-0.04306367015187962,1.519474401755767,0.00010799635852834003,-0.35877055164963173,0.14994173067886707,0.47191885898018315,1.0,1.0,5.633802816901423,-3.581267217630857,16.19655892724131,0.3958333333333333,0.4489795918367347,0.627585316122099,119,0.34615384615384615,0.6566550742965539,0.0,0.0,0.0,1,8.687991148222007,6.7753904449697755,4.724475259203853,9.444674851721246
sz002173,2024-11-12,3.0,0.2603107577271816,1.011627906976744,1.2380952380952381,82.53907681523205,4.0,94.7,1.0,0,0,0,0.3605442176870748,train,0.0925925925925925,train,0,0,0,0,4.065827686350443,20.13552758954502,3.7623762376237657,-10.792079207920791,-18.019801980198025,-11.584158415841584,6.435643564356441,-20.891089108910887,5,-8,-0.16278103377571748,-0.21273414854239037,-0.024495081637736622,-0.017640071849793926,-0.0374921964376783,-0.0037127317483815854,0.008469506237290406,-0.10539321336908077,-0.06416484146354622,1.285655882050604,1.5377346027577103,-0.25207872070710624,1.4222718777183427,1.3341597697561295e-05,0.4245969349707868,0.24755776909440538,2.4758243769495043,0.9475308641975309,0.9544235924932976,-1.61904761904762,-7.767857142857137,15.85529817437663,0.2708333333333333,0.40816326530612246,0.6924992344733052,69,0.48507462686567165,0.2971862156180841,1.0,0.0,0.0,1,3.5973586263033708,2.485488027617677,1.0179196936140888,4.409171730520112
sz002173,2024-12-27,4.0,0.39710352368311147,0.4130434782608693,-0.22522522522524513,73.97903683752996,456.0,37.2,0.0,0,0,0,0.2571428571428571,train,0.2444444444444444,train,1,0,0,0,1.2114537444933848,24.22907488986783,-5.119453924914663,-8.646188850967008,-4.664391353811126,-4.664391353811126,4.095563139931757,-11.49032992036404,-5,-8,-0.07614394459328633,-0.12916176969449492,-0.18494398343477392,-0.04720001578309128,0.007115770286218246,0.0005024118040546215,-0.14192483044214732,0.021692587057384676,-0.04799567084775078,1.472892784344192,1.5441766381978583,-0.07128385385366642,1.3683679437306615,0.00028811625937593825,0.012087105456324933,-0.077657968766683,1.0244699821676244,0.08333333333333309,0.5121951219512196,-19.50354609929077,-26.833199033037868,18.957245441215765,0.4166666666666667,0.3673469387755102,0.5892862037754372,62,0.3673469387755102,0.7333965844402277,0.0,0.0,0.0,0,-1.5974464683973788,-0.30434455116935544,1.3566718870508865,-0.21564840516756778
sz002173,2025-04-16,5.0,0.3004237252562051,0.5194805194805202,-0.2259887005649719,80.1029576030731,275.0,41.7,0.0,0,0,0,0.1929824561403508,train,0.1764705882352941,train,0,0,0,1,18.33150384193194,40.175631174533486,0.33821871476888976,4.284103720405863,2.367531003382206,3.269447576099216,6.764374295377684,-1.2401352874858995,5,0,-0.08936585024305028,-0.013350955908850454,-0.47724679466522896,-0.051155972716181775,-0.034347291401649965,-0.0029503167383418878,-0.08391714720287738,-0.0380387730028309,-0.018816878213183577,1.388769473962356,1.5559439075926664,-0.16717443363031048,1.5488664193465123,3.956417899983647e-05,-0.2288137801802786,0.059484308169980266,0.6275859143657887,0.17777777777777753,0.207142857142857,-26.76848874598071,-31.45221971407073,21.332215397946822,0.3958333333333333,0.46808510638297873,0.6618522037508381,41,0.32786885245901637,0.22078740157480314,0.0,0.0,0.0,0,3.2379158733876645,2.152527874515897,2.33335773574348,2.623469204852613
sz002173,2025-04-18,6.0,0.5076398222382843,0.4999999999999983,0.786516853932584,79.15545281859215,88.0,63.4,0.0,0,0,0,0.1929824561403508,train,0.1388888888888889,train,0,0,1,1,27.3615635179153,50.9229098805646,0.7625272331154731,-1.0893246187363759,-2.941176470588236,10.130718954248351,15.35947712418302,-4.357298474945537,-5,8,-0.013350955908850454,-0.47724679466522896,-0.6823770686910562,-0.034347291401649965,-0.0029503167383418878,0.004015678990000233,-0.0380387730028309,-0.018816878213183577,0.012938692903070457,1.503028342153304,1.7092394241843851,-0.20621108203108118,1.550394866389869,0.00011633318992584939,-0.1894406633352259,0.1405660795987255,0.6814626081404871,0.23837209302325593,0.23095238095238113,-25.964630225080377,-28.326848249027226,16.553418428044555,0.3958333333333333,0.6170212765957447,0.6750023954089043,53,0.35365853658536583,0.4423076923076923,0.0,0.0,0.0,0,-0.5202955292662459,-0.36904721293091747,0.586753819813679,-0.6437184296144149
sz002173,2025-05-21,7.0,0.38183958937173873,1.4216867469879513,1.869158878504673,83.29711923815955,197.0,51.7,0.0,0,0,0,0.2938144329896907,train,0.0895522388059701,train,1,0,1,1,31.753554502369653,59.71563981042654,0.0,0.871248789932233,0.38722168441431837,10.26137463697967,23.620522749273952,-3.0977734753146247,5,8,-0.175835970858508,-0.16356463857694303,-0.31052038988952435,-0.03488820672523847,0.026979874870236585,-0.010528873051889823,0.01192104723090278,0.0613221019738951,0.03114803045563397,1.37393491639893,1.640402003271708,-0.26646708687277787,1.6119967511327886,4.863747470523069e-05,-0.6194588173084848,0.11871349133758675,0.23498046299440245,0.9242424242424249,0.5333333333333335,-1.4018691588784882,-10.059676044330768,44.63580639292545,0.3333333333333333,0.3958333333333333,0.8784750829902449,45,0.375,0.34724857685009486,0.0,0.0,0.0,1,-0.4575829272064569,-0.7103941010626946,-0.6804125206798406,-0.8521790232169035
sz002175,2024-10-10,1.0,0.6205527580060795,0.7058823529411747,0.0,84.54205876021808,519.0,27.9,0.0,0,0,0,0.3461538461538461,train,0.55,train,1,0,1,1,48.13084112149531,161.21495327102798,-5.188679245283034,-4.245283018867941,-3.301886792452846,3.7735849056603765,4.716981132075482,-6.132075471698117,-5,0,-0.27565111532975306,-0.45855152344382155,-0.5080743991659356,0.0049613992070818,-0.05747022769803484,-0.04572283504724755,0.0085743507873724,-0.08591482133290897,-0.06329856585300733,1.4627330127878824,1.7083071622903725,-0.24557414950249012,1.5136723505382224,6.582915401232471e-05,-0.23411217678060967,-0.4032008901742261,0.6205982224544111,0.0,0.0,,-10.460251046025103,14.069458109978864,0.2708333333333333,0.5217391304347826,0.6963077321026171,56,0.4954954954954955,0.5991147644641164,0.0,0.0,0.0,1,16.011008400859716,15.242411284035008,12.76238672250891,29.09705050948186
sz002175,2025-02-27,2.0,0.33880404263712205,0.7105263157894751,-0.8695652173912993,80.120157554158,56.0,72.0,0.0,0,0,0,0.2938144329896907,train,0.0895522388059701,train,1,0,0,0,3.7099494097807773,3.7099494097807773,-7.388316151202757,-10.137457044673537,-5.498281786941583,-2.0618556701030966,5.670103092783507,-13.230240549828187,-5,-8,-0.10423462154988977,-0.17244640757749688,-0.31761248792050656,-0.0808491084290646,-0.008058172608374147,0.03135095893978427,-0.19862174528771281,-0.037069121365480705,0.03130042947678765,1.4303255408613547,1.722596117192313,-0.2922705763309583,1.3781875929063454,0.0004248885103028596,-0.17542943790704868,-0.23025370657936414,0.7015057948192694,0.904191616766467,0.9310344827586207,-2.6272577996716007,-7.343750000000004,18.410148878329842,0.375,0.5102040816326531,0.6712336582549487,68,0.24444444444444444,0.4128787878787879,0.0,0.0,0.0,1,2.60664667923598,1.1991362551681206,0.9982448249646891,1.3895050817677612
sz002179,2025-08-14,1.0,0.3181370333706677,0.72794117647059,2.254098360655754,75.40121158626775,111.0,56.6,0.0,0,0,0,0.2938144329896907,train,0.1388888888888889,train,0,0,0,0,5.730447614363032,5.730447614363032,3.3225886436895724,2.0580213240763756,2.628316389784291,4.041656335234323,5.331019092486988,-0.7686585668236878,5,0,-0.12109137105822165,-0.186484885121134,-0.15358574459961044,0.0009588522408187418,-0.0051618096531657704,0.038285182689826565,0.03996665997271599,-0.05202754320615547,-0.004558082287455462,1.302542218620544,1.4209116850538377,-0.11836946643329371,1.6657074330033175,0.00014278174711436555,-0.4668881478604294,-0.13495042877905733,0.3634304721305136,1.0,1.0,3.4342406512337664,-4.643527204502829,18.446444085903458,0.3125,0.22448979591836735,0.7575219693803181,42,0.46835443037974683,0.14380321665089876,0.0,0.0,1.0,1,1.6662096427304762,1.456458871873445,1.4253186042317845,5.411951686931138
sz002181,2025-10-30,1.0,0.41507711115926055,1.2941176470588243,0.4106776180698102,78.2411074165354,101.0,60.2,0.0,1,1,0,0.9047619047619048,valid,0.7241379310344828,valid,1,1,1,1,46.03340292275575,46.03340292275575,7.88126919140224,30.50153531218014,21.187308085977484,0.8188331627430934,43.193449334698066,-1.7400204708290734,5,8,1.5812687517298003,1.9548833153235732,-1.585207247101759,0.269248325014712,0.20392926737259617,-0.09121953762515157,0.28126002206088385,0.08938851036009572,-0.18279716772337043,1.3696671979037163,1.4919263059856636,-0.12225910808194729,1.42187491480719,3.415477487889234e-05,0.37714569679172927,0.5201460310334128,2.2110238135919853,0.8045454545454547,0.8634920634920635,-4.295704295704295,-7.707129094412335,13.61960836463366,0.3958333333333333,0.5102040816326531,0.6845729847059001,44,0.26666666666666666,0.2452770780856423,0.0,0.0,0.0,1,2.421773366185276,3.3985563058956503,2.248340207800781,6.559403475177961
sz002186,2024-11-28,1.0,0.41892264408920926,0.6774193548387104,0.09033423667570428,75.73814495424746,19.0,83.4,0.0,0,0,0,0.472,train,0.1764705882352941,train,1,0,1,1,34.308510638297875,34.308510638297875,2.63388937664617,10.35996488147497,7.550482879719045,23.353819139596133,27.216856892010522,-1.3169446883230962,5,8,-0.020340130229162343,-0.1526169101202247,-0.05674917076448169,0.05968669874206666,-0.08551050562234946,-0.032622454727878995,0.03751751016099056,-0.10333058073934964,-0.036602956317799015,1.4346384000142207,1.672559242450317,-0.23792084243609635,1.736358355608106,2.0451984045041197e-05,0.14976451365325968,0.022453381723348178,1.3522894916954413,1.0,1.0,1.8970189701897011,-3.589743589743588,18.92098231888156,0.1875,0.43478260869565216,0.9522498413497424,82,0.44594594594594594,0.5090104331331015,0.0,0.0,0.0,0,-2.8117945929365784,-3.804584782937326,-2.926514963948923,-4.239575883090685
sz002186,2025-08-19,2.0,0.2692222836652054,0.6610169491525435,1.0517090271691343,71.85312592209812,26.0,79.6,0.0,1,0,0,0.472,train,0.55,train,1,0,1,0,28.812131423757382,28.812131423757382,6.922435362802326,4.170141784820691,17.431192660550465,14.76230191826522,27.522935779816503,-1.5846538782318564,5,8,3.840525313910549,-0.059480414931399585,-0.054810277794709934,0.020314846372861576,-0.010696770267616687,-0.0631057564484601,0.005185079664120586,-0.02314084433245556,-0.12615390293205922,1.3751036395663732,1.3897273760626006,-0.01462373649622739,1.285487831687655,9.571612014292168e-06,0.04306474189707368,0.019912606820882233,1.0900055495550394,1.0,1.0,2.859618717504331,-3.1810766721044104,19.080292654563674,0.4375,0.5238095238095238,0.521675468304743,74,0.3508771929824561,0.5672864796722344,0.0,0.0,0.0,1,4.009965519326109,3.695000100885615,1.919697288389477,7.983105159491499
sz002191,2025-04-11,1.0,0.3976061252219354,0.6315789473684218,-0.5540166204986208,78.26849028931349,49.0,72.6,0.0,0,0,0,0.2938144329896907,train,0.1764705882352941,train,0,0,0,0,2.156334231805923,14.555256064690036,-1.5915119363395291,-4.50928381962864,-4.774535809018577,-3.7135278514588865,0.5305039787798504,-5.835543766578255,-5,0,-0.09754993245325103,-0.12323565978464576,-0.17844355588032207,-0.016358558640595572,-0.03902209576538277,0.0,-0.0011638636839437367,-0.15622780514320583,-0.04633161501113953,1.6408775992787545,1.5664941231409377,0.07438347613781682,1.3900640221293443,0.0,-0.42668516063860606,-0.21544587460108555,0.40185098659382523,0.6153846153846153,0.25263157894736826,-3.886010362694303,-4.871794871794865,33.178871005349414,0.4583333333333333,0.5789473684210527,0.6181934558909064,69,0.34285714285714286,0.5483769303498267,0.0,0.0,0.0,0,-5.498231009935573,-4.519474751922603,-2.8741836663927267,-6.731491477739004
sz002193,2024-09-05,1.0,0.7805293912556596,1.0,-0.26109660574412663,84.9826868190317,128.0,74.2,0.0,0,0,0,0.472,train,0.575,train,0,0,1,1,34.87179487179486,36.410256410256416,-4.2713567839196,-2.010050251256279,-3.2663316582914548,-0.7537688442211032,2.7638190954773822,-6.783919597989952,-5,-8,-0.4858825164320101,-0.159458223319007,-0.3062698805748875,0.0,0.0,0.0,-0.04240089323190021,0.060101259167581814,0.10794089690602433,1.4841690457119472,1.5198080707638477,-0.03563902505190053,1.6361506779190622,0.0006290447889790276,0.10434619809819473,0.11367412021918627,1.2330056498987199,0.0,0.0,,-5.797101449275354,15.021981837606837,0.4166666666666667,0.25,0.6274677991757193,41,0.31666666666666665,0.7424865548876938,0.0,0.0,0.0,1,0.9756291503220993,0.9475963560942935,-0.6078504523258754,1.5131378983838983
sz002193,2025-01-10,2.0,0.27908652683643226,0.5490196078431362,-1.3235294117647012,72.92105096397242,331.0,37.2,0.0,0,0,0,0.2938144329896907,train,0.288135593220339,train,0,0,0,0,11.587982832618016,11.587982832618016,7.52212389380531,5.162241887905594,-1.6224188790560534,-9.43952802359883,15.04424778761062,-1.6224188790560534,5,8,-0.101984246866897,-0.26035061793931064,-0.3784768656220621,-0.016194808450153423,-0.022205674295647296,-0.03181668539019645,-0.036972832974722904,-0.05845086767338027,-0.10986933751836346,1.4832568498704213,1.5598107046355048,-0.07655385476508347,1.5881027758329287,0.00019462464843154618,-0.02323811065413483,0.3049384464593436,0.9545792706268941,0.0,0.0,,-3.8514442916093405,14.669655287492992,0.4791666666666667,0.5510204081632653,0.6136028362242631,37,0.5432098765432098,0.10369901991779956,0.0,0.0,0.0,0,-1.4273816315091614,-1.078207667811737,-1.1306579251851523,-2.0170120831833116
sz002193,2025-04-15,3.0,0.6605336039064942,0.8928571428571449,0.36832412523020164,78.57827813845934,28.0,76.9,0.0,0,0,0,0.2938144329896907,train,0.2,train,0,0,0,0,6.964285714285734,6.964285714285734,-2.6881720430107614,-10.035842293906816,-10.035842293906816,-12.365591397849474,0.35842293906809264,-12.365591397849474,-5,-8,-0.07587664883261118,-0.029730650786328503,-0.07032076433098042,0.0,-0.07231753049515462,0.0,-0.03435840542819087,-0.1362566664452655,0.01610821468821593,1.54568553182932,1.554733525450445,-0.009047993621125183,1.9372971171910591,1.7850549969501137e-05,-0.16731710055261378,-0.08049672486177127,0.7133305072402263,0.582781456953642,0.3076923076923076,-10.40000000000001,-10.9697933227345,20.949725517415448,0.375,0.4473684210526316,0.6480029779622664,52,0.35,0.4512771996215705,0.0,0.0,0.0,0,6.944093807708307,5.174102679337422,3.0261049825529573,4.895207188475559
sz002193,2025-05-14,4.0,0.6978878764412972,0.5555555555555545,0.0,75.90408677083826,177.0,56.7,0.0,0,0,0,0.2938144329896907,train,0.0895522388059701,train,0,0,0,0,5.653710247349819,10.600706713780905,0.35149384885764245,1.2302284710017375,1.4059753954305698,-1.2302284710017597,4.042179261862899,-2.2847100175747093,0,0,-0.4877140964642632,-0.34129929519242097,-0.23989411854749618,0.0624898888176945,0.018760485251578526,0.0,0.05571955777837552,-0.02304204184320886,-0.0799137756567629,1.5256692280987414,1.7681095165255318,-0.24244028842679044,1.912204756736577,0.00029387245989850007,-0.5162508906598069,-0.21713270112221816,0.31904291850386735,1.0,0.4750000000000001,1.0714285714285898,-5.509181969949917,18.219698990977005,0.375,0.5517241379310345,0.7576559944516951,56,0.3,0.474565560821485,0.0,0.0,0.0,1,0.7997241787630838,0.8491396200793977,2.9121780382067364,4.339176863627037
sz002194,2025-04-17,1.0,0.6893633511127215,0.8750000000000003,-0.583657587548625,85.53225830893885,159.0,59.6,0.0,1,0,0,0.9047619047619048,train,1.0,train,1,1,1,1,57.320574162679435,61.3397129186603,10.047846889952151,25.933014354066984,37.51196172248803,21.244019138756,51.29186602870814,0.0,5,8,7.663145276100568,-0.09037562399367613,-0.11267593098324719,0.28703445030515246,-0.09925831517437382,0.003082409214451928,0.31731086328811814,-0.1548758609228675,0.007392052974046172,1.4034656791925957,1.4878909520671793,-0.08442527287458357,1.6121071867617374,6.314212243484037e-05,0.2524420035890988,0.2762199256295236,1.675377709291045,0.23607427055702887,0.19603524229074867,-21.8399401645475,-23.44322344322345,20.356353684086006,0.3125,0.6382978723404256,0.8031827796192358,78,0.25,0.5872715816005041,0.0,0.0,0.0,0,0.9504328685411512,0.23350918385764974,0.9934633607408871,0.43402684601896446
sz002195,2024-11-15,1.0,0.5670637286664542,0.8823529411764705,-0.3095975232198067,81.83092501670279,9.0,85.4,1.0,0,0,0,0.4677419354838709,train,0.2444444444444444,train,1,0,1,1,84.1614906832298,84.1614906832298,-5.29595015576324,-1.869158878504673,0.31152647975078995,14.641744548286617,20.249221183800614,-8.099688473520239,-5,-8,-0.07770457248186675,0.08930475650394877,-0.1670835774338083,-0.04500142135738588,-0.005157657429187383,0.02989190994391709,-0.1036058990207282,0.0008799236198439997,0.029881013247428895,1.3087103122440478,1.4873332558151169,-0.17862294357106911,1.3184634930020886,1.1707567240717086e-05,0.06750296359408084,-0.21169099670467575,1.144778934320809,0.558823529411765,0.6202531645569622,-8.52272727272727,-12.5,15.427631988653472,0.22916666666666666,0.42857142857142855,0.8544200388155925,55,0.35294117647058826,0.1636650868878357,0.0,1.0,0.0,0,-4.633402789176477,-4.788497126129676,-3.294703983653191,-3.3583367788935004
sz002196,2025-02-07,1.0,0.30281044127910867,0.511627906976744,0.0,74.70244662212437,129.0,66.2,0.0,0,0,0,0.2571428571428571,train,0.1388888888888889,train,1,0,1,1,27.344992050874396,106.5182829888712,-1.118210862619795,-1.4376996805111841,-5.111821086261969,5.4313099041533475,8.306709265175716,-5.750798722044714,-5,8,-0.006073661399739498,-0.33639216769664854,-0.06176705429260362,-0.04310935842490624,-0.027586913213694504,-0.05422823889091454,-0.047222346559727686,-0.09046508272067147,-0.14184243696048757,1.3710582580756068,1.3381185251552095,0.03293973292039731,1.3956917876427877,0.00011404246617009897,0.0034015368173825823,-0.04783084032504368,1.0068262935235117,1.0,1.0,0.8012820512820484,-3.3794162826420893,19.20389152461949,0.4791666666666667,0.5208333333333334,0.5421555271333607,72,0.4,0.7875827292782855,0.0,0.0,1.0,1,5.232799423726009,4.4721007358045295,2.3387194916040466,3.8712798263460746
sz002196,2025-04-25,2.0,0.79944148812725,0.9444444444444432,0.0,81.79723006947833,370.0,41.7,0.0,0,0,0,0.3461538461538461,train,0.1764705882352941,train,1,0,0,0,14.026236125126147,14.026236125126147,-2.8925619834710647,8.574380165289263,13.533057851239683,8.987603305785141,16.73553719008265,-5.681818181818166,5,8,-0.20497353711991037,-0.09095849994059839,-0.11419348003441929,0.0070662626179313764,-0.04658325444227341,0.02550529450135578,-0.0007392374720303598,-0.055874054121666905,0.0005240487908982842,1.3519185631547184,1.369870253160863,-0.017951690006144716,1.696219551981902,0.00033225157487017315,-0.2764738928610796,0.1769882774903524,0.5668162202026821,1.0,0.6249999999999999,2.164948453608262,-6.421152030217181,14.437260288176732,0.375,0.40816326530612246,0.8135907905830025,61,0.35789473684210527,0.560744714420953,0.0,0.0,0.0,1,1.8487823823326366,1.1951634254890875,0.3835814917496849,1.7354767039688968
sz002204,2025-03-28,1.0,0.4756463574195596,1.0,-9.987029831387806,79.27272714148921,216.0,44.1,0.0,0,0,0,0.4677419354838709,train,0.0,train,0,0,0,0,-3.458213256484155,-3.458213256484155,-2.49609984399376,-4.680187207488295,-16.224648985959433,-9.048361934477377,2.1840873634945357,-16.224648985959433,-5,-8,-0.7185467766738595,-0.16507297644988336,-0.5206042792372161,-0.09019978625305373,-0.046179180690085496,0.012769139668891238,-0.10358330280278194,-0.06329535867033768,-0.07244779823962072,1.303728582933651,1.413689871227605,-0.10996128829395402,1.4798546610959058,0.00036796300811282434,-1.0,-0.28679989535058303,0.0,0.5521978021978023,0.578811369509044,-19.0198366394399,-19.0198366394399,74.32400523110275,0.2708333333333333,0.12244897959183673,0.8459199306955164,30,0.4827586206896552,0.18118686868686867,0.0,0.0,0.0,0,-2.1432709541681527,-0.9360256755847507,0.012021368915626773,-1.1183493293992819
sz002205,2024-12-17,1.0,0.6230104188366594,0.7200000000000006,-0.583657587548625,82.17855065432556,147.0,49.8,0.0,1,0,0,0.9047619047619048,train,1.0,train,1,0,1,0,21.032132424537497,21.032132424537497,1.8935978358882055,-5.320108205590623,-13.52569882777277,-19.657348963029754,12.082957619476996,-18.034265103697024,5,8,4.38962964650734,0.15029871715546958,-0.09637045296257907,0.4671902088681201,-0.05489030703001957,0.022131689926088424,0.4034512541748584,-0.0560623667797797,0.03753995408764786,1.4539633175919058,1.4511208433967235,0.002842474195182243,1.7038438779172025,0.00012464375675132335,-0.792428836034907,0.11172096866457848,0.115804410078711,0.8594594594594596,0.907473309608541,-2.4691358024691357,-8.953900709219853,24.267895764330913,0.4375,0.43243243243243246,0.7806682587427618,26,0.59375,0.11887448624723364,0.0,0.0,0.0,0,-3.4277900685101614,-2.402013506564493,-1.8420968131513726,-2.7768809094848135
sz002205,2025-06-30,2.0,0.4869906444254939,1.6249999999999996,2.127659574468077,81.70061162368378,388.0,43.2,0.0,1,0,1,0.472,train,0.575,train,1,1,1,1,29.47826086956522,48.43478260869565,-1.55844155844157,2.7705627705627567,3.8961038961038863,-0.34632034632035014,12.554112554112539,-4.5021645021645185,5,8,0.027309737453641562,-0.021079991869814695,1.8107567883946234,0.018365614944065037,0.01113087642081371,0.012345212561101613,0.049929790806444586,0.04319682563182538,0.027596374115875448,1.3420924491034554,1.2983929698237533,0.04369947927970208,1.6236475555196441,0.000352920082806858,0.674568983627397,0.502703666347088,5.145695706244839,0.8427672955974843,0.9264705882352942,-2.127659574468088,-10.15625,27.023771976960017,0.625,0.5,0.6078164341507444,64,0.2289156626506024,0.6827347195967234,0.0,0.0,0.0,1,4.573029443608401,4.251144801714091,2.0264254536714876,6.709845633022771
sz002205,2025-09-02,3.0,0.295045121707536,0.5604395604395621,0.73260073260073,75.38202317687684,116.0,56.5,0.0,0,0,0,0.1929824561403508,train,0.0925925925925925,train,0,0,0,0,0.6997900629811094,17.56473058082577,-9.436619718309858,-9.788732394366184,-9.436619718309858,-6.197183098591541,0.21126760563381364,-11.478873239436616,-5,-8,-0.13862823592666426,-0.09942382684503309,-0.3394213045178797,-0.08039787618286302,-0.06016248679259374,0.0,-0.1117805471060218,-0.06345768433089587,0.01666275803636308,1.6277487452226003,1.6048249440091937,0.022923801213406536,1.4559114854347033,7.546982244604675e-06,-0.1541605509168829,0.11565452301790748,0.7328611677215697,0.4628975265017663,0.7280858676207511,-9.614168247944344,-16.285881663737555,13.140979962910091,0.3541666666666667,0.6326530612244898,0.46902248112464046,42,0.5,0.24291115311909262,0.0,0.0,0.0,1,-2.1746206550601777,-0.03411656694258802,0.8503431878588374,4.744332027242515
sz002208,2024-11-25,1.0,0.275975470034509,0.8735632183908051,0.5081300813008172,77.77114911739623,477.0,35.3,0.0,0,0,0,0.2571428571428571,train,0.0895522388059701,train,0,0,0,0,-2.200000000000002,-2.200000000000002,-6.542056074766367,-10.799584631360338,-10.695742471443415,-7.061266874351002,1.5576323987538832,-14.849428868120473,-5,-8,-0.28931813220567104,-0.16832912227244673,-0.22428955228848757,-0.21211924395060583,0.012798121713978343,-0.030902175876749174,-0.18406257355095787,-0.00033637084900724494,0.0323705963949697,1.3813328786974952,1.4697356304732867,-0.08840275177579149,1.550837100543716,1.2658021148289574e-05,-0.7614703009232304,0.11542747594988816,0.13541511256349326,1.0,1.0,1.6260162601626105,-7.063197026022305,22.78172820088919,0.4166666666666667,0.20408163265306123,0.582899502369494,139,0.2057142857142857,0.6777251184834123,0.0,0.0,0.0,0,1.2983572206250127,-1.6695680146519898,-2.5893631616153545,-0.7196238089015483
sz002210,2025-04-25,1.0,0.39068766997611615,0.6470588235294114,-1.5686274509803977,78.94238011260062,44.0,74.2,0.0,0,0,0,0.3605442176870748,train,0.1388888888888889,train,0,0,0,0,3.396226415094361,7.169811320754715,-5.30303030303031,-5.681818181818176,-5.30303030303031,-3.0303030303030276,0.37878787878786735,-6.818181818181824,-5,0,0.06277301764451007,-0.03645307598733593,-0.10787685949596806,-0.05051212376474851,-0.002752526537090025,-0.05474334711767513,0.015109780323278012,0.0038304282698524016,-0.08192998645552936,1.525401423983626,1.605626775958596,-0.08022535197497005,1.4705130664863308,3.886402203998437e-05,-0.3671487405345892,-0.2014724912115348,0.4628986157116674,1.0,1.0,3.9215686274509887,-3.985507246376807,13.355592319535994,0.375,0.46938775510204084,0.5181202932915221,61,0.35789473684210527,0.560744714420953,0.0,0.0,0.0,1,1.8487823823326366,1.1951634254890875,0.3835814917496849,1.7354767039688968
sz002210,2025-10-31,2.0,0.8549160635185888,0.6818181818181802,-0.4987531172069737,82.02268366391763,129.0,66.8,0.0,1,0,0,0.472,valid,0.288135593220339,valid,0,0,0,0,13.571428571428545,13.571428571428545,3.7296037296037365,2.564102564102577,-2.7972027972028024,-1.1655011655011593,11.188811188811187,-2.7972027972028024,5,8,0.3564369889151653,-0.056726573348250056,-0.28900344233880426,0.06281394032207718,-0.05502469099450331,-0.036275666511691194,0.04590921617568009,-0.07363918280752839,-0.06580316738774009,1.6178876945515381,1.633894587295318,-0.016006892743779755,1.5676485231129378,0.0002047756618024238,-0.15080743013594033,-0.4099562685990474,0.7379102251397073,0.8461538461538461,0.8551724137931035,-4.761904761904756,-6.458797327394206,15.771178694789173,0.25,0.4897959183673469,0.7428942197818853,50,0.45054945054945056,0.6651982378854625,0.0,0.0,0.0,1,1.1785500478539879,0.99839440036813,-0.42946276012950646,0.503347129135201
sz002211,2025-02-20,1.0,0.3755454325341849,0.4827586206896571,0.0,78.7782702537343,20.0,82.7,0.0,0,0,0,0.4677419354838709,train,0.2444444444444444,train,0,0,0,0,10.6280193236715,10.6280193236715,2.8639618138424527,0.23866348448686736,3.341288782816232,-3.341288782816243,9.30787589498805,-4.295942720763735,5,8,-0.25092904023870516,-0.026102142621299385,-0.015097983166153208,0.010823896313837577,0.07083094119357602,-0.0751282052510053,0.04090814248921052,0.12178156916753362,-0.1000523487420915,1.4670076891793657,1.5965062416931088,-0.1294985525137431,1.540453867542435,5.8288703168616644e-05,-0.35593324636165824,-0.07389796306070123,0.47499886544308134,1.0,1.0,0.0,-3.2710280373831946,17.98921162393338,0.3958333333333333,0.5227272727272727,0.6044888760785636,80,0.25925925925925924,0.5787314610287156,0.0,0.0,0.0,1,1.9624557392126318,1.0051335299483544,0.6083290539304231,2.2713400266956896
sz002211,2025-02-21,2.0,0.5250263560824281,0.7692307692307705,1.2077294685990614,81.77646628141903,280.0,49.4,0.0,0,0,0,0.2938144329896907,train,0.1764705882352941,train,0,0,0,0,6.264501160092828,6.264501160092828,-1.6746411483253398,5.741626794258381,-3.349282296650713,-1.4354066985645786,9.569377990430628,-4.066985645933007,5,8,0.04151961525550387,-0.12098285856587924,-0.31099142917081474,-0.023873980842006058,0.0466791147135218,0.009736889341170327,-0.12370724774016535,0.097779404076826,-0.0421482644021878,1.4169985600756814,1.6679276003143866,-0.2509290402387052,1.621129342035411,4.753446978405025e-05,-0.2993332127452653,-0.20106927080771822,0.5392510407506228,1.0,1.0,4.106280193236711,-4.434589800443467,22.50004465601659,0.22916666666666666,0.5416666666666666,0.8694407225261354,84,0.25,0.4210028382213813,0.0,0.0,0.0,1,3.2068924212987238,1.8371309305161176,1.0011529551154918,2.988915624188593
sz002213,2025-10-23,1.0,0.25736403784998035,0.5490196078431367,0.0474608448030267,74.9516742497056,16.0,82.4,0.0,1,1,0,0.9047619047619048,valid,0.7241379310344828,valid,1,1,1,1,73.32071901608326,73.32071901608326,7.7386468952734155,30.3985171455051,24.976830398517148,30.07414272474516,36.70064874884154,-2.4559777571825703,5,8,1.568705899042916,1.3049154561467966,-0.15883485634358904,0.3401534942568766,0.07310703780352827,-0.012139498700456514,0.25246450032831297,0.008009733022084225,-0.04175846886092082,1.3222672486275504,1.4295619472931491,-0.10729469866559871,1.4235655267584104,0.0007589140508282995,-0.07996413743290165,0.2378501634158521,0.8519133466357908,0.8520084566596197,0.8698884758364314,-3.205128205128205,-9.075268817204297,13.837748167981063,0.2916666666666667,0.40816326530612246,0.7391801395328749,49,0.3,0.6051637279596978,0.0,0.0,0.0,0,-1.2664193181760597,-1.2249130668493313,-0.2614984192219172,0.8138524968852812
sz002218,2024-09-03,1.0,0.44463967198468873,0.6999999999999993,-0.7017543859649145,83.58944484389271,301.0,60.3,0.0,0,0,0,0.2938144329896907,train,0.4444444444444444,train,1,1,1,1,40.2061855670103,40.2061855670103,0.6920415224913601,-1.384083044982698,-1.384083044982698,0.6920415224913601,2.422145328719716,-3.460207612456745,0,0,-0.46914511550571697,-0.5557459765236799,-0.4697019347043525,-0.023894384059827713,0.0,0.05828124932352121,-0.1409143478833755,-0.022577750637531722,0.09888987541467109,1.7018086621045987,1.8049970545371221,-0.10318839243252342,1.6935575042082383,0.0028140691311327715,-0.22609886735562326,-0.07913637203402599,0.6311898275491278,0.0,0.0,,-4.590163934426217,42.959717211375214,0.375,0.53125,0.7681889374104424,37,0.3508771929824561,0.7169512966476913,0.0,0.0,0.0,0,2.527466039548454,2.251165087263862,-0.9652761848137681,1.6708539545666756
sz002225,2024-12-10,1.0,0.3305648128852327,0.7499999999999992,2.9288702928870203,78.63118680098789,108.0,66.4,0.0,0,0,0,0.3461538461538461,train,0.2,train,1,0,0,0,13.827655310621223,20.240480961923836,-1.002004008016033,10.821643286573156,3.8076152304609145,0.4008016032064132,13.426853707414832,-1.2024048096192508,5,8,-0.23598218263704274,-0.10579676740194431,-0.10130329661389234,0.03162417171326328,-0.013899839987518413,-0.0006153453916177625,-0.08845678966226553,-0.002382632405806534,-0.08488652011365222,1.3799614232856263,1.4662563818918548,-0.08629495860622849,1.726664157796965,3.8986472585998874e-05,0.0645524763173309,-0.027131224717387072,1.1380141048707912,1.0,1.0,4.175365344467652,-4.038461538461535,18.09963466823862,0.3333333333333333,0.3617021276595745,0.6601718436341335,95,0.4378698224852071,0.4913112164296998,0.0,0.0,0.0,1,0.9319677872892562,1.0109875208708985,1.1069560821917346,0.8262040332601472
sz002226,2024-09-18,1.0,0.5170261081423665,0.9047619047619044,2.1621621621621623,80.71653399699521,41.0,69.4,0.0,1,1,0,0.2938144329896907,train,0.4,train,0,0,1,1,30.23255813953487,52.97157622739017,0.0,-1.813471502590669,2.0725388601036343,14.248704663212441,30.569948186528496,-3.3678756476683946,5,8,0.055874371737405976,0.0031270273893809933,-0.1486832116118278,0.008087340927523641,0.023126134362129593,-0.028609633914031072,-0.0076920429268992965,0.04983398121885041,-0.09927395332348413,1.405165156265864,1.411634741396093,-0.006469585130228994,1.5106568988813263,0.0,0.22507293714060608,0.19517667657955376,1.58088805496123,0.6764705882352944,0.0,-2.7638190954773822,-4.679802955665013,20.042326637558574,0.5208333333333334,0.8292682926829268,0.5759355418634527,25,0.34210526315789475,0.33839822728711616,0.0,0.0,0.0,0,-1.7070218364008793,-0.9832408536180837,-0.6871823550347544,-0.3616219767398787
sz002227,2025-02-14,1.0,0.26014269817164715,0.6705882352941168,0.27649769585254,79.75614836231844,164.0,59.9,0.0,0,0,0,0.3605442176870748,train,0.1764705882352941,train,1,1,1,1,43.62657091561939,52.60323159784559,1.821493624772308,-0.2732240437158584,1.0928961748633892,14.025500910746814,14.025500910746814,-1.6393442622950838,5,8,-0.1134763405407317,-0.07366203961842682,-0.2609869872678693,0.0,0.017196212425570113,0.0,-0.06162964949118747,-0.012384311886325237,0.011842245673533744,1.3690488492873893,1.5214075593017837,-0.15235871001439438,1.4237070885669152,0.0001755073748136023,0.09236519759090606,0.1030341898689598,1.2035294313213758,1.0,0.7136150234741788,0.27002700270029045,-4.867634500426988,30.526284790957252,0.3125,0.5555555555555556,0.648254077716883,57,0.2962962962962963,0.3845425867507886,0.0,0.0,0.0,1,1.8711930257548248,1.950770110389155,1.1895513831674975,1.8832056960079502
sz002231,2024-11-13,1.0,0.282785726231589,0.43749999999999983,0.48154093097911854,72.65024433844249,,,,0,0,0,,,,,1,0,0,0,14.525993883792054,27.37003058103975,-5.376344086021501,-13.824884792626724,-8.448540706605224,-7.066052227342546,0.0,-14.900153609831024,-5,-8,-0.21657782693193756,-0.2494169604178726,-0.1599455208749984,-0.11513117649174505,-0.0029659956585447885,-0.01432622661813847,-0.1647574335329014,-0.12252452469265818,-0.04486121799985848,1.452635981913126,1.757450920428286,-0.30481493851515995,1.6175495557330144,1.7724704093233822e-05,-0.19354581607126017,-0.20218760204784705,0.6756792852605423,0.8018867924528301,0.8679245283018868,-3.111111111111109,-9.166666666666668,19.0602181947941,0.3125,0.6739130434782609,0.7119290995890646,53,0.4536082474226804,0.4492570344609548,,,,1,2.8793140677881413,2.1883621545562004,2.1521100242674063,6.6827449373572545
sz002231,2024-12-05,2.0,0.6959736684435999,0.6562499999999993,-0.4950495049504844,80.76692788065515,,,,1,1,1,,,,,1,0,1,1,31.595576619273302,31.595576619273302,0.0,7.183908045977017,12.643678160919535,-2.5862068965517238,19.683908045977017,-4.1666666666666625,5,8,1.1860055399953724,1.213388898565458,2.7410369955184546,0.8030460826030938,0.17228961583312327,0.5984739676375148,0.680185895552567,0.14965418377540735,0.5264410287537606,1.3695304228701086,1.6617205958813008,-0.2921901730111922,1.3276951405145112,1.2485176783464885e-06,-0.4162141937651,-0.5302205707150918,0.41221575719620945,0.7741935483870968,0.7358490566037736,-3.2110091743119296,-5.239520958083832,15.922776551454058,0.2708333333333333,0.325,0.7231916367280316,116,0.2108843537414966,0.6707740916271722,,,,1,3.2782239065598295,2.5078068600326464,1.2662869083308381,2.3805805016280823
sz002231,2025-08-21,3.0,0.4587126308754151,1.9199999999999982,-0.20790020790020236,76.65506891812521,,,,1,0,0,,,,,0,0,0,0,10.065645514223199,10.065645514223199,9.839816933638446,4.576659038901609,-5.720823798627006,-1.1441647597253968,15.102974828375281,-5.720823798627006,5,8,0.22077774826794458,-0.2906254015404638,-0.4595214167782746,0.04372712504355812,-0.027090657033458296,-0.06682089495670214,0.10421955040294621,-0.006957299773686456,-0.17926361072277122,1.428003578708179,1.4992964066938494,-0.07129282798567038,1.6459745782961581,3.8265289710233106e-05,0.533341961805796,0.04362253934745099,3.285793528253084,0.8695652173913047,0.8723404255319153,-4.989604989604979,-9.504950495049492,21.175042111656378,0.375,0.2916666666666667,0.6716451367618154,39,0.4507042253521127,0.46990230066183425,,,,1,3.9684067376312138,4.2663462152485065,2.7497960792828957,5.094232984893354
sz002235,2025-06-05,1.0,0.5839177925553516,0.5789473684210521,-0.17482517482516613,84.90217169952277,51.0,77.4,0.0,0,0,0,0.1929824561403508,train,0.1388888888888889,train,1,1,1,1,98.29931972789116,98.29931972789116,-3.3955857385398858,-3.056027164685904,6.451612903225801,39.38879456706283,48.556876061120555,-4.753820033955847,5,8,-0.09311960995434174,-0.25459249262395023,-1.1456197267223698e-05,-0.14771325716187828,-0.09208989822499672,0.382032421453601,-0.15060138522230718,-0.18165597911160816,0.34352194978616246,1.3668714149969121,1.4612587593612398,-0.09438734436432772,1.3169572058942969,6.933729420019248e-06,-0.491379159029997,0.03472598095053786,0.3410405984892624,1.0,1.0,2.7972027972027913,-3.60655737704918,25.495494944116498,0.3541666666666667,0.6326530612244898,0.6826585130007201,58,0.2926829268292683,0.4209361163820367,0.0,0.0,0.0,1,3.0505564607989255,2.354516603858725,1.0770738176055117,3.1848766711511045
sz002235,2025-11-13,2.0,0.4001337412200683,0.5106382978723412,0.5354752342704217,82.31411895516142,143.0,66.3,0.0,0,0,1,0.4677419354838709,valid,0.7241379310344828,valid,1,0,1,1,84.55598455598457,84.55598455598457,5.997392438070426,4.432855280312897,10.951760104302476,22.816166883963483,23.859191655801837,-0.26075619295957697,5,8,-0.204226783411408,-0.19441465703433206,4.404986586469784,0.07930107139045095,-0.026101295697823237,0.575406338593467,0.08835571553741611,-0.09911012576571819,0.5078096459672973,1.3799314237245188,1.610263402833265,-0.23033197910874614,1.3952161611329728,0.00017297342148929056,-0.5300601591871049,-0.0031362469505701158,0.3071381461645052,1.0,0.3246073298429315,0.9090909090909038,-2.9962546816479474,41.74369909189907,0.1875,0.5238095238095238,0.8492283718947252,77,0.35294117647058826,0.7210691823899371,0.0,0.0,0.0,1,0.5130729970493686,0.1302540267309249,0.18474014761826751,-0.7092362216020276
sz002239,2024-12-05,1.0,0.8394859187343442,0.7647058823529409,0.0,80.23546181100414,73.0,77.7,0.0,0,0,0,0.3605442176870748,train,0.1764705882352941,train,1,1,1,0,24.03560830860534,24.03560830860534,2.402402402402415,0.6006006006006093,0.9009009009008917,10.510510510510507,25.525525525525516,-1.501501501501512,5,8,-0.2922585334230424,-0.5330088245934571,-0.33735679943099506,0.004979184757265454,-0.059775571036024246,-0.02213440421908954,0.0232911812108095,-0.15108209657526978,-0.11060936710833522,1.3789533337581232,1.656269680957959,-0.27731634719983567,1.397282859573816,7.278036043082632e-05,-0.12660930306349671,-0.24298068511630685,0.7752383142599331,0.9772727272727277,0.988505747126437,-0.2958579881656709,-7.162534435261703,13.517133778434244,0.3958333333333333,0.6595744680851063,0.6764568032180882,116,0.2108843537414966,0.6707740916271722,0.0,0.0,0.0,1,3.2782239065598295,2.5078068600326464,1.2662869083308381,2.3805805016280823
sz002245,2025-01-15,1.0,0.48136256713548053,0.6627906976744193,-0.34632034632035014,78.55451242521015,353.0,38.6,0.0,0,0,0,0.2938144329896907,train,0.5208333333333335,train,0,0,1,1,22.52173913043478,44.95652173913045,0.08695652173913437,2.1739130434782705,4.782608695652191,6.869565217391305,16.34782608695653,-3.4782608695652195,5,8,-0.1182259143525953,-0.12102112015653368,-0.0655191440451865,-0.05635497965145431,0.029280704360298778,0.003749519838375517,-0.034903745049274223,0.0164825571747953,0.018766002941788228,1.3244424638946635,1.306153788430305,0.018288675464358528,1.4280045575213711,4.531295055567446e-05,0.14869318777526586,0.5419650942628848,1.349329256244722,0.1764705882352939,0.0,,-15.627292736610421,14.574129866191576,0.4375,0.40816326530612246,0.6434020246459621,60,0.3684210526315789,0.3446969696969697,0.0,0.0,0.0,0,2.0098204816990872,1.1145645035239848,0.17973906101349524,1.4682708869019567
sz002247,2024-11-26,1.0,0.4054146352538876,0.894736842105263,0.0,84.75951783211828,132.0,59.7,0.0,0,0,0,0.3461538461538461,train,0.5,train,0,0,0,0,19.01408450704225,19.01408450704225,1.0676156583629748,3.2028469750889688,11.032028469750887,12.099644128113884,18.861209964412808,-4.62633451957295,5,8,-0.051480668310964754,-0.2048371638921027,-0.07863605810153229,-0.03470880353347868,0.024654217064823084,-0.03413651743128949,-0.06780880962894442,-0.01879972441913566,-0.09052619590638467,1.486015588727618,1.74373101325323,-0.2577154245256119,1.3270374123473934,8.988729649550469e-05,0.4574189548184356,0.16171042537255603,2.686085272902849,0.28125000000000006,0.6011560693641618,-19.54674220963173,-25.263157894736842,17.924779741913287,0.3333333333333333,0.5,0.6173899210128229,86,0.4068965517241379,0.34080859128237523,0.0,0.0,0.0,0,-2.425905236898618,-4.14584505966924,-3.4375217506579014,-4.719947975002315
sz002247,2025-01-16,2.0,0.5310957148469916,0.7272727272727267,0.0,84.65176691871986,61.0,72.1,0.0,0,0,0,0.2938144329896907,train,0.1388888888888889,train,0,0,0,0,4.014598540145986,4.014598540145986,-4.814814814814827,-4.074074074074085,-5.55555555555557,0.7407407407407307,1.8518518518518379,-7.037037037037052,-5,0,-0.2353970361843154,-0.28169562360740585,-0.4390099384857345,-0.02330202591193569,-0.10159612567252,0.04731307016959868,-0.07036187593066406,-0.04135313673848665,-0.010387044252583128,1.5171777638702355,1.4902756904128778,0.026902073457357734,1.544318819008628,2.980879511698836e-06,0.17089843436474447,0.10743850040366072,1.4122496964139792,1.0,0.0,3.396226415094361,-5.517241379310334,20.54341999429775,0.5208333333333334,0.7391304347826086,0.6575676023871518,64,0.36633663366336633,0.6633007257810035,0.0,0.0,0.0,0,2.2656529790087365,1.6319232410930695,0.5425123191168169,2.023743346774509
sz002248,2025-05-14,1.0,0.4165069388000141,1.0,0.0,82.6408889933008,62.0,71.1,0.0,0,0,0,0.3605442176870748,train,0.1764705882352941,train,0,0,0,0,11.421911421911425,11.421911421911425,2.219626168224287,3.971962616822422,9.696261682243001,4.322429906542036,11.682242990654213,-1.869158878504673,5,8,-0.0721327797958107,-0.1362763526247158,-0.2194718005143023,-0.0145129149618173,-0.06442490797693871,0.021276454177635063,0.0011012473671269583,-0.09071976069187958,0.07030809996198631,1.3863585985614957,1.5382459034520157,-0.15188730489052005,1.5217405070869836,0.0,0.5229421992153978,0.3441733964672304,3.1923641049588998,0.9760000000000005,0.6346153846153848,-0.34843205574912606,-6.84039087947883,19.702172393888965,0.3958333333333333,0.6739130434782609,0.612784585777574,56,0.3,0.474565560821485,0.0,0.0,0.0,1,0.7997241787630838,0.8491396200793977,2.9121780382067364,4.339176863627037
sz002253,2024-10-24,1.0,0.5001773630490326,1.088888888888889,2.1122112211221067,82.03682944224289,11.0,83.3,0.0,0,0,0,0.9047619047619048,train,0.7241379310344828,train,1,1,1,1,64.467668190725,64.467668190725,9.99333777481679,33.111259160559634,61.09260493004665,40.43970686209193,67.75483011325782,-2.731512325116592,5,8,-0.036434409502426136,8.038097238119194,0.6533267268615155,0.022332159019498216,-0.008951586343177088,-0.08967741886278706,0.07308089596883642,0.03944638740335306,-0.10527202086754821,1.4338796407305092,1.7163424064468558,-0.28246276571634654,1.8706459913480156,0.00044616767105583576,-0.19111273401214884,0.057882810953737485,0.6791021898180805,0.8884210526315791,0.0,-3.345959595959591,-6.015960712093305,20.626081929918552,0.3125,0.4583333333333333,0.8050331947347136,82,0.31092436974789917,0.41616671929270604,0.0,1.0,0.0,1,6.466434839094926,5.678473230879644,3.7118128540365003,6.963942926538169
sz002263,2024-11-28,1.0,0.379435516038532,0.7142857142857143,-0.3558718861210064,73.41454064704345,131.0,63.4,0.0,0,0,0,0.2938144329896907,train,0.0,train,0,0,0,0,9.507042253521124,9.507042253521124,-1.4184397163120588,3.546099290780136,4.964539007092195,8.865248226950362,10.283687943262422,-2.4822695035460973,5,8,-0.25283888128411713,-0.290609729719103,-0.31184425592397486,-0.009537695393782231,-0.16751218772820436,-0.03776937814428307,-0.022773118699148397,-0.1885298075708407,0.015995126815421062,1.5856154000987412,1.762754205097035,-0.17713880499829382,1.842639646711708,8.099124146837742e-05,-0.4375304596379734,-0.15086601659021895,0.39127486766692826,1.0,1.0,1.0676156583629748,-3.401360544217691,15.299249768154159,0.2916666666666667,0.5,0.5824207093693184,82,0.44594594594594594,0.5090104331331015,0.0,0.0,0.0,0,-2.8117945929365784,-3.804584782937326,-2.926514963948923,-4.239575883090685
sz002269,2025-03-14,1.0,1.2265053714049412,0.6,0.9803921568627416,82.82996985673762,46.0,77.9,0.0,0,0,0,0.3461538461538461,train,0.2444444444444444,train,1,0,0,0,2.3364485981308247,2.3364485981308247,-0.9345794392523366,-3.2710280373831946,-4.672897196261683,-14.018691588785048,2.3364485981308247,-5.140186915887868,-5,-8,-0.5408649315091951,-0.03004979337358855,-0.2846542508738645,-0.07285285831202253,-0.012941045039736792,-0.09676096291597042,-0.1384979254299683,-0.0903615144251597,-0.12599101690253064,1.8975381861022778,2.0726908281604066,-0.17515264205812886,1.7957055089899625,2.0866995343551835e-05,-0.28120397970170824,-0.22416241290324182,0.5610316793315323,0.4347826086956526,0.16129032258064527,-5.726872246696035,-8.547008547008538,28.447185150385135,0.22916666666666666,0.6595744680851063,0.8210301337269652,70,0.2553191489361702,0.8278688524590164,0.0,0.0,0.0,1,0.9743161418948043,1.433479042705077,1.5857548995195092,0.9708218816004033
sz002269,2025-04-17,2.0,0.9208171824111919,0.6666666666666683,-1.6304347826086918,83.65056533597753,55.0,74.4,0.0,0,0,0,0.2938144329896907,train,0.0925925925925925,train,0,0,0,0,5.85106382978724,6.382978723404253,-2.6881720430107503,-2.6881720430107503,-6.989247311827961,-3.7634408602150615,1.6129032258064502,-7.5268817204301115,-5,-8,-0.22473785107760788,-0.7895682966025377,-0.8320291075002034,-0.13926765862718218,-0.058527027862920154,0.07449225869684019,-0.18605627790105436,-0.12375565677435439,0.03715281301637462,1.7571029882180762,1.7323087842896236,0.02479420392845255,1.5495606258665977,6.365995181549672e-05,-0.13034601387626618,-0.059322111282680064,0.769369711086477,0.5714285714285712,0.2666666666666666,-9.178743961352653,-10.047846889952151,33.30212279576008,0.22916666666666666,0.4583333333333333,0.8897396500350876,78,0.25,0.5872715816005041,0.0,0.0,0.0,0,0.9504328685411512,0.23350918385764974,0.9934633607408871,0.43402684601896446
sz002269,2025-04-21,3.0,0.8711955382823544,0.6666666666666659,-0.5524861878453025,84.13632047324285,76.0,73.4,0.0,0,0,0,0.4677419354838709,train,0.1764705882352941,train,0,0,0,0,8.743169398907092,9.289617486338786,0.0,-4.41988950276243,-8.287292817679571,0.5524861878453136,2.20994475138121,-8.839779005524873,-5,-8,-0.7895682966025377,-0.8320291075002034,-0.6548927347195833,-0.058527027862920154,0.07449225869684019,-0.04463717811960657,-0.12375565677435439,0.03715281301637462,-0.14102132489277663,2.013379199921686,2.3521561847416295,-0.33877698481994356,1.6678948205976238,3.0417002836916212e-05,-0.1668699266322359,-0.11640697151473932,0.7139870986068724,0.5757575757575761,0.2602739726027399,-10.29411764705882,-10.731707317073159,44.3880319305042,0.125,0.3333333333333333,0.9835609547829767,89,0.2457627118644068,0.7667822250236369,0.0,0.0,0.0,0,0.23762124683393004,0.27088373084895867,0.6846881184755516,0.5900525150463354
sz002269,2025-05-09,4.0,0.5294473785471785,0.9333333333333332,0.0,89.1043274137467,11.0,76.5,0.0,0,0,0,0.3461538461538461,train,0.0895522388059701,train,0,0,0,0,4.86486486486486,8.108108108108091,-2.127659574468077,-2.659574468085102,-3.7234042553191404,-7.4468085106382915,3.1914893617021267,-4.7872340425531785,-5,0,-0.3870950836780683,-0.08072887236524111,-0.07553218366830734,-0.10930093491732593,0.026382214467297615,-0.0854639094052574,-0.14030182300995347,-0.014998785646161328,-0.08449922787603119,1.5167921883336777,1.9780514933855404,-0.46125930505186274,1.4289756584449107,5.8294525879247844e-05,-0.12008223274678889,-0.1487706015965372,0.7855831844554663,0.8695652173913052,0.2957746478873241,-1.5957446808510523,-7.0351758793969825,34.07679300772448,0.3125,0.3111111111111111,0.876448409360381,32,0.43859649122807015,0.26468730259001894,1.0,0.0,0.0,1,3.0270872563675777,2.0841884993711757,1.8828730022889317,4.1318795557795385
sz002269,2025-06-05,5.0,0.7301910001256199,0.6153846153846148,0.0,87.67851583239212,213.0,53.9,0.0,0,0,0,0.1929824561403508,train,0.0,train,1,0,0,0,8.695652173913038,13.586956521739113,-1.104972375690605,-0.5524861878453025,1.104972375690605,-0.5524861878453025,10.497237569060779,-2.209944751381221,5,8,-0.659017137302445,-0.7213916016585659,-0.0003569882729744623,-0.17217398546754242,-0.06028809255397124,0.10483563649053201,-0.1846511786797769,-0.06853774317160356,0.13042661264296443,1.5951762351427279,1.6398735944010603,-0.0446973592583324,1.476256566799681,0.0,-0.020118493139965093,-0.10852089160316468,0.9605565563701535,0.7142857142857154,0.4000000000000002,-2.127659574468077,-7.537688442211055,65.13439963688539,0.4791666666666667,0.6595744680851063,0.754423564834755,58,0.2926829268292683,0.4209361163820367,0.0,0.0,0.0,1,3.0505564607989255,2.354516603858725,1.0770738176055117,3.1848766711511045
sz002272,2025-07-17,1.0,0.7156804670615842,0.6400000000000006,0.46511627906977715,83.89941655091641,38.0,76.2,0.0,0,0,0,0.3461538461538461,train,0.288135593220339,train,1,0,1,1,30.85201793721972,91.6591928251121,-0.4524886877828149,2.714932126696823,3.3484162895927483,9.683257918552023,11.131221719456995,-1.9004524886877872,5,8,-0.18631345046533015,-0.25203391879313164,-0.01817698764320154,-0.0149436236723415,0.025285691733147857,-0.057323516629642045,-0.05460779937437477,0.03746999918090203,-0.05220249923141143,1.3694887162168177,1.5813595032274905,-0.21187078701067286,1.406919511048914,7.266133658854195e-05,0.013844803990634194,-0.024045829148083817,1.028078347194558,0.8484848484848491,0.9579831932773111,-0.8888888888888835,-4.29184549356223,16.446962264909207,0.2916666666666667,0.673469387755102,0.7718020749535881,52,0.36585365853658536,0.591167192429022,0.0,0.0,0.0,1,2.0151757703270823,1.6615921928120114,0.6101384472906979,3.6422235469832476
sz002278,2025-03-28,1.0,0.7906300550696069,1.0,-10.000000000000009,87.59704302768976,64.0,61.8,0.0,0,0,0,0.3605442176870748,train,0.0,train,1,0,0,0,-6.94444444444443,1.8162393162393098,-0.23696682464454666,-5.805687203791465,-18.72037914691942,-12.32227488151658,3.199052132701441,-18.72037914691942,-5,-8,-6.126445018609481,-0.06557958597883026,-0.5686234708440105,-0.09664582307372141,-0.0026712806107382085,0.10194247335340827,-0.13244741028842086,0.017326577638625707,-0.011962126751542347,1.3001266594378247,1.7019785401028653,-0.40185188066504063,1.5036415719710574,0.00036802238035993227,-1.0,-0.564454072542428,0.0,0.630252100840336,0.6676737160120845,-19.031141868512115,-22.000000000000007,173.64680370563687,0.14583333333333334,0.2916666666666667,0.9586269765051699,30,0.4827586206896552,0.18118686868686867,0.0,0.0,1.0,0,-2.1432709541681527,-0.9360256755847507,0.012021368915626773,-1.1183493293992819
sz002279,2025-07-01,1.0,0.3122014184303398,0.6097560975609754,1.3740458015267132,79.75345414460307,352.0,43.1,0.0,0,0,0,0.2938144329896907,train,0.1388888888888889,train,1,0,0,0,11.940298507462677,19.402985074626855,-1.6566265060240837,-3.1626506024096335,-0.7530120481927693,7.37951807228916,12.95180722891567,-3.765060240963858,5,8,-0.14443990013802538,-0.1479224192584107,-0.5490211363513359,-0.013516140078463535,-0.0148132143468505,0.04020000692676433,-0.0971590691078475,-0.09612468287901801,0.08299700576536494,1.3918719978797933,1.5843762256430887,-0.19250422776329534,1.4313568463753923,0.0001719723406620857,0.20665200735045347,0.21535119520486914,1.520961820701902,1.0,0.7328767123287674,1.3615733736762392,-3.597122302158273,23.941258569375016,0.3125,0.5714285714285714,0.6928030549939329,56,0.3488372093023256,0.518751969744721,0.0,0.0,0.0,1,2.8912277110662465,2.9281558118193773,0.9919943836557588,4.059037622837192
sz002285,2025-04-08,1.0,0.47824802808078953,0.8461538461538464,-0.9345794392523366,81.6917290446753,150.0,63.7,0.0,1,0,0,0.8214285714285714,train,0.7241379310344828,train,0,0,1,0,23.696682464454977,23.696682464454977,9.268292682926859,10.73170731707318,10.2439024390244,16.09756097560977,18.048780487804894,-4.8780487804877986,5,8,1.181029255213857,-0.15033281252905525,-0.2985542658132785,0.24577836649843024,-0.05714241153899206,-0.08771742727548107,0.17560077346532216,-0.10707719484254659,-0.15144391426153458,1.64378974591383,1.6829858201994972,-0.03919607428566718,1.4329559528194233,2.1816340259124573e-05,0.03865912027925778,-0.07757172212583069,1.0804274968323158,0.0,0.0,-18.217054263565903,-20.377358490566046,14.776848411504593,0.5416666666666666,0.43902439024390244,0.42087583878652385,106,0.20300751879699247,0.41028066855881423,0.0,0.0,0.0,0,-11.187878462006717,-9.062457380340906,-6.0851042943472216,-12.520157948474264
sz002289,2025-05-30,1.0,1.2431723978435463,0.8354430379746847,-4.949238578680204,87.01150977430541,548.0,23.6,0.0,0,0,0,0.472,train,0.0925925925925925,train,0,0,1,1,25.695364238410612,33.642384105960275,6.471816283924858,-2.713987473903956,-0.9742519137091121,25.817675713291564,25.817675713291564,-7.933194154488509,5,8,-0.9745181569095955,-0.7111777849243395,-0.2385247258582742,0.001393132381304401,-0.03471202349542328,0.04308743841326664,0.0602639393170432,-0.06020145847299029,0.053432857318321404,1.2672716166806413,2.1148429470079373,-0.847571330327296,1.448975002734836,5.792943261648986e-06,-0.8706551798511611,-0.7547145017385581,0.06914412743835036,0.8308740068104428,0.8809904153354632,-8.981314044605181,-12.968299711815568,33.24362522349914,0.25,0.20930232558139536,0.863122080056996,36,0.3684210526315789,0.2266835282959216,0.0,0.0,0.0,0,0.6158113548460964,0.3189202361715271,-1.0829168399006162,-1.4005150929822352
sz002290,2024-12-25,1.0,0.26409717100508967,0.8502994011976046,-0.055803571428580945,78.23669848698934,285.0,41.2,0.0,0,0,0,0.3461538461538461,train,0.0925925925925925,train,0,0,0,1,7.378854625550657,46.03524229074889,4.254143646408837,-5.745856353591172,-6.906077348066297,-12.099447513812155,7.734806629834257,-8.839779005524873,5,-8,-0.00025401556729056783,-0.01492650228474049,-0.03732618087763988,-0.007050086871932559,-0.14391936471458017,0.04293208404906238,0.034135112006618624,-0.1940393831349584,0.08869523231853564,1.514804824418321,1.5634025703538885,-0.04859774593556754,1.707937165894517,1.8619698908147877e-05,0.45149931362777085,-0.07028932770853841,2.6463035501887036,1.0,0.8169582772543742,0.6094182825484795,-7.2522982635342075,15.584968215612827,0.4166666666666667,0.6190476190476191,0.48026779943545467,31,0.41509433962264153,0.1920278392913635,0.0,0.0,0.0,0,-1.6330416480648813,-0.8206902667557303,1.1095971729297327,-0.03820379410494068
sz002290,2025-04-11,2.0,0.4162874486791657,0.37288135593220156,0.2600780234070177,71.2331399637362,57.0,70.4,0.0,0,0,0,0.2571428571428571,train,0.2,train,1,1,1,1,43.21926489226868,56.991972961554694,0.16659725114536172,-1.9575177009579448,1.5826738858808698,6.455643481882545,7.955018742190756,-3.998334027488548,5,0,0.0013995767078308567,-0.1466088934238126,0.04407858224937485,-0.010009333882448538,-0.01935897026001011,-0.033069058090757344,0.032622782064791536,0.0020831162443620092,0.03577258549497871,1.5834814132911539,1.5645112765013052,0.018970136789848713,1.493379074157738,0.0,-0.49605985588015483,0.20863591584993565,0.33684490773490444,0.3419753086419756,0.6168224299065422,-18.37931034482758,-20.7566119852695,16.205500469649774,0.4375,0.525,0.5193596287218947,69,0.34285714285714286,0.5483769303498267,0.0,0.0,0.0,0,-5.498231009935573,-4.519474751922603,-2.8741836663927267,-6.731491477739004
sz002290,2025-05-13,3.0,0.38732911574385304,0.5584415584415584,1.7930166719094087,69.82797704927849,321.0,41.2,0.0,0,0,0,0.1929824561403508,train,0.0895522388059701,train,1,0,0,0,12.46973365617432,12.46973365617432,-1.6016923541855577,-2.901178603807797,-7.041402236325178,-7.464490782713817,0.3324267150196514,-7.676035055908137,-5,-8,-0.06197523513115717,0.0034510154151001925,-0.0030022572132579464,-0.0493875626710877,-0.001853715736504674,-0.061799590136880266,-0.07495720109001631,-0.013914965970627356,-0.11811395367246613,1.3873892841368356,1.4300425260859932,-0.04265324194915765,1.680743649276235,0.0014612247628729385,-0.0915523792969154,0.05950196351311383,0.8322528885771188,1.0,1.0,3.9320541050644753,-2.5368731563421787,17.693913295874093,0.3958333333333333,0.5777777777777777,0.5892928440482877,44,0.38028169014084506,0.404739336492891,0.0,0.0,0.0,1,0.7879454990913359,0.720071365884678,2.3031357088213023,3.8185334622896416
sz002290,2025-05-21,4.0,0.8363676785098528,1.071823204419891,0.6176853055916753,79.93303495165752,485.0,30.6,0.0,0,0,0,0.2938144329896907,train,0.2,train,1,0,0,0,19.639407598197025,19.639407598197025,-0.22508038585209444,-2.4758842443730056,-2.2186495176848897,10.12861736334405,13.601286173633431,-3.762057877813507,5,8,-0.21805692807292168,-0.06090045270782989,-0.17047477543896278,0.004163119432768057,0.0,0.014562403033583039,0.06836848890959955,0.0063685328305832425,-0.03765340185767404,1.5807699831492499,1.562303624838252,0.018466358310997855,1.9990288224205481,0.0007797002756213316,0.1364758562125445,0.43514687641198235,1.3160904236306707,0.7579462102689486,0.8369028006589786,-5.992736077481842,-8.377581120943955,18.7710802876491,0.375,0.7,0.7890984688819357,45,0.375,0.34724857685009486,0.0,0.0,0.0,1,-0.4575829272064569,-0.7103941010626946,-0.6804125206798406,-0.8521790232169035
sz002291,2024-09-23,1.0,0.46325828539818964,0.4166666666666685,0.6564551422319376,72.11084339489085,19.0,81.8,0.0,0,0,0,0.2938144329896907,train,0.2,train,1,0,1,1,31.30252100840336,59.243697478991606,4.2735042735042805,6.196581196581197,21.36752136752136,12.17948717948718,33.54700854700856,-1.4957264957264793,5,8,0.028659645767461724,-0.005053279526237455,0.3109436190672871,-0.035199784800231566,0.010556667700623716,-0.02318287802700026,-0.05466080366716591,-0.009946656630952474,-0.024802691162199225,1.4437061690220903,1.4316401109015024,0.012066058120587808,1.5364749037028,0.00018018439900877265,-0.31465098205935993,0.13417167581756806,0.521316324479568,1.0,0.0,2.145922746781115,-2.0576131687242927,16.771035970119215,0.4375,0.5306122448979592,0.5516889988581557,53,0.29333333333333333,0.5134281200631912,0.0,1.0,0.0,0,0.008698193691514255,-0.04234540386021113,1.2699612702979035,-1.373070749407601
sz002291,2025-01-09,2.0,0.3474370739441862,0.5121951219512193,-1.1437908496732097,77.60933314815055,68.0,70.8,0.0,0,1,1,0.9047619047619048,train,1.0,train,1,1,1,1,32.131661442006276,32.131661442006276,-4.662379421221862,1.768488745980723,23.151125401929274,-1.125401929260439,35.53054662379422,-9.485530546623789,-5,-8,-0.16787925122656852,6.241862359463137,9.403999345223118,-0.015771992738404055,0.922019335850702,0.8926762486742833,-0.051589487754870114,0.771616963698153,0.6784687734032855,1.470759444561667,1.4447159841184916,0.026043460443175404,1.426262778121859,2.7052802164579123e-05,-0.0970580518502453,-0.08896951138599478,0.8230575826200777,0.0,0.0,,-4.7761194029850795,21.95975973796523,0.4166666666666667,0.4897959183673469,0.583909712767538,77,0.21428571428571427,0.4326801517067004,0.0,0.0,0.0,0,-2.144341754973922,-1.6089801297821338,-1.0605682888513712,-2.416088158163321
sz002291,2025-09-16,3.0,0.601457267417224,0.6363636363636361,2.2292993630573132,79.52416826592345,34.0,80.4,0.0,0,1,0,0.2938144329896907,train,0.288135593220339,train,1,0,0,0,11.836115326251907,11.836115326251907,-1.834862385321101,-4.434250764525993,-8.25688073394496,1.2232415902140747,11.773700305810397,-9.633027522935777,-5,-8,-0.007969092134929325,0.138388587476596,-0.15887834270595902,-0.07673327087970144,0.030065004846094156,-0.026836682904601717,-0.14527493611834205,0.08970677541884489,-0.06288283159619865,1.4162917354736781,1.4760771547777345,-0.05978541930405634,1.4486539995079033,0.00011970274692653278,0.21791836976420548,-0.19142778403309224,1.5572778117765123,0.589041095890411,0.589041095890411,-4.354136429608124,-5.316091954022994,16.490121061705366,0.375,0.6122448979591837,0.764510822112357,61,0.32222222222222224,0.6423173803526449,0.0,0.0,1.0,1,3.5648977653379488,3.7816282261257106,1.9628770948058483,7.638549992391819
sz002298,2025-10-16,1.0,0.33140036077003654,0.9456521739130427,-3.4858387799564294,77.04308497627879,43.0,68.1,0.0,0,0,0,0.3605442176870748,valid,0.0909819438365004,valid,0,0,0,0,0.821508588498876,3.808812546676621,-9.398496240601506,-9.849624060150376,-14.135338345864668,-11.654135338345872,0.6766917293232977,-15.714285714285714,-5,-8,-0.1749014129845525,-0.2527972739501459,-0.005241189481510763,-0.06179856998872215,0.0029729390710974885,-0.003506367180866764,-0.20282092685495778,-0.023807411439799326,-0.07504352533325417,1.4135607769527636,1.5412321239729592,-0.12767134702019556,1.4254095600167356,0.00027691691668308284,-0.27473320138253887,0.36786122899783574,0.5689557609630452,0.8520286396181386,0.913888888888889,-4.425410421127762,-10.673782521681119,13.889560430203783,0.2916666666666667,0.2857142857142857,0.6066315094844157,38,0.32142857142857145,0.23573904821935077,0.0,0.0,0.0,0,-3.219313759138398,-4.204427794769017,-1.9335502290910078,-6.878968257617979
sz002300,2024-11-05,1.0,0.8405784166034056,0.5714285714285714,0.37523452157597337,79.63041080777136,203.0,65.9,0.0,0,0,0,0.2938144329896907,train,0.1764705882352941,train,0,0,0,0,9.041591320072339,10.126582278481,1.2658227848101111,1.6274864376130127,1.8083182640144635,-1.446654611211573,4.339963833634708,-1.446654611211573,0,0,-0.027069825970871046,-0.31471194566199717,-0.19076839003136106,0.005814210402296737,-0.019053693173527956,-0.016338617218103816,0.05505063317752411,-0.01242076176767183,-0.01846553487868389,1.4247274561434407,1.4209824913537457,0.0037449647896949934,1.5602796503906442,0.00019290229702095403,-0.32270391104747054,-0.0004609901120057371,0.5120541969337399,1.0,0.7105263157894739,-3.826086956521735,-2.811950790861162,22.34058872355122,0.4583333333333333,0.5116279069767442,0.6460772522239843,151,0.2524752475247525,0.9310998735777497,0.0,0.0,0.0,1,4.724492467741936,5.151666694594859,3.0556490529471736,5.168529840870284
sz002302,2024-09-19,1.0,0.29338112634511704,0.7812499999999993,0.3717472118959231,79.19748133049117,115.0,67.3,0.0,0,0,1,0.3461538461538461,train,0.55,train,1,0,1,1,58.40707964601768,58.40707964601768,-1.2612612612612484,1.0810810810810922,8.46846846846847,25.225225225225234,33.51351351351353,-2.8828828828828867,5,8,-0.11491050587255826,-0.019439657071247066,0.022941573824273385,-0.048186880523817255,0.049493390906828104,0.006228611123402925,-0.11072996756530436,0.03952227459217685,0.03292823258499006,1.4578697943284902,1.4273671157857295,0.030502678542760675,1.3785075653455514,0.002094265739871837,-0.17347052145710043,0.15217392623620077,0.7043461794989075,0.19148936170212796,0.0,-16.789396170839467,-24.364123159303873,20.692837295836938,0.5625,0.5319148936170213,0.47797101600684827,53,0.32051282051282054,0.9029709228824273,0.0,0.0,0.0,0,-0.1181239179151472,0.2814401839835501,0.008777268046067377,0.4216677591049489
sz002302,2024-12-23,2.0,0.27172853036109784,0.7249999999999994,2.4285714285714244,79.53727482505295,170.0,47.6,0.0,0,0,0,0.1929824561403508,train,0.1764705882352941,train,0,0,0,0,2.758620689655178,2.758620689655178,2.367688022284131,-1.810584958217265,-2.646239554317542,-13.231197771587732,3.7604456824512633,-3.203342618384397,-5,-8,-0.4658339697688649,-0.21202914782531987,-0.39624421680631067,0.014477867722998727,-0.048348896502505186,-0.045874990382114046,0.029293763523274258,-0.04892750900075935,-0.20270309995330757,1.4709633611046786,1.7123760874763716,-0.24141272637169298,1.5316519339337165,5.3677751954336635e-06,-0.16796421139033355,0.01706887415082866,0.7123812360818992,0.39189189189189183,0.41704035874439443,-5.844155844155852,-8.343868520859676,17.161675605766234,0.3541666666666667,0.6122448979591837,0.5005875536727922,28,0.46153846153846156,0.12262958280657396,0.0,0.0,0.0,0,-2.885454919256125,-1.5906771594648483,0.5554979526778414,-0.617188282125658
sz002306,2024-12-24,1.0,0.30770230198614773,0.7619047619047606,-8.069164265129691,76.55123122593096,351.0,45.8,0.0,0,0,0,0.7647058823529411,train,0.55,train,0,0,0,0,2.777777777777768,2.777777777777768,-6.172839506172845,-3.703703703703709,-11.111111111111116,-13.271604938271608,2.777777777777768,-11.728395061728403,-5,-8,-0.06132242949556257,-0.10511950270793267,-0.18086976191934576,-0.004152030588864893,0.03807242468684436,0.030691687741858594,-0.14653328081621114,0.11526212696322678,0.004776997778097265,1.4667392834547297,1.3683244938112038,0.0984147896435259,1.575339511647826,1.4246425483667668e-05,0.16593552054902852,0.27366148776314897,1.3978961450516552,0.0,0.27868852459016413,-28.947368421052623,-31.932773109243694,24.62285732395369,0.5416666666666666,0.2857142857142857,0.5405115077908266,66,0.34,0.7414664981036663,0.0,0.0,0.0,0,0.3323093656002918,0.8053247081288406,1.5720110899616557,0.5618347605217178
sz002306,2025-02-18,2.0,0.3507663137772113,1.1176470588235297,-0.3717472118959009,81.74587767565507,372.0,35.9,0.0,0,0,0,0.3605442176870748,train,0.1764705882352941,train,1,0,1,1,30.181818181818176,35.63636363636364,2.2222222222222143,-2.592592592592602,-2.592592592592602,-0.7407407407407418,12.2222222222222,-6.666666666666677,-5,8,0.1205633644767946,0.14121033804749325,-0.23554070041279063,-0.030280943138742675,-0.101149372791396,0.08996426502838031,-0.02467554135164291,-0.10181459625353875,0.10774737662075248,1.5368977670352302,1.7351716783498154,-0.19827391131458527,1.5221486194950358,0.00011188064219332678,0.02793236780030277,-0.14861614958379513,1.0574700090303273,0.8160919540229884,0.6283185840707964,-5.498281786941583,-10.71428571428572,13.947031624925788,0.4375,0.3958333333333333,0.5564436600713868,42,0.4473684210526316,0.1473186119873817,0.0,0.0,1.0,1,-0.7760024318541281,-0.2999054073972718,0.7634990406720776,1.3862196713349206
sz002306,2025-04-10,3.0,0.48271203871286017,0.7894736842105261,-1.6877637130801704,86.78561740706844,54.0,79.5,0.0,0,0,0,0.0,train,0.0,train,0,0,0,0,0.40816326530610514,0.40816326530610514,1.7094017094017033,-5.12820512820511,-14.529914529914523,-26.49572649572649,5.128205128205132,-14.529914529914523,5,-8,0.02191940770399325,-115.36330986989627,-4.999379459385291,-0.056999894986025874,-0.4736880680152448,0.495487254543237,-0.13000043652075105,-0.3817062445030782,0.4644392608854738,1.5906904486256908,1.7619381402847722,-0.1712476916590815,1.454101587571276,7.466530889851807e-05,0.03580998293978472,-0.17773289316347915,1.0742799288649933,0.20000000000000018,0.26797385620915043,-31.37254901960783,-34.31635388739945,21.98001395638718,0.3541666666666667,0.4,0.710081266080991,132,0.3160621761658031,0.9026465028355387,0.0,0.0,1.0,0,-7.848464550570244,-6.018252148023273,-3.8428391948091223,-9.697566074716402
sz002307,2024-11-15,1.0,0.5059722829882465,0.714285714285715,-0.7389162561576179,85.11524597737382,131.0,56.8,0.0,0,0,0,0.472,train,0.4444444444444444,train,0,0,0,0,10.169491525423723,17.9176755447942,-1.4705882352941346,-0.4901960784313819,-3.4313725490196068,1.71568627450982,4.656862745098023,-4.90196078431373,-5,0,-0.27047144493287917,-0.17061743801638382,-0.34567012218595483,0.1052031250949198,-0.0123093550447559,0.0457732710067657,0.027728183126347478,-0.03786917639685361,-0.12134982405839691,1.5152970911435535,1.7112229697656975,-0.19592587862214406,1.7088897144581117,0.0,0.013425389527814625,-0.00589530776933446,1.027216166694963,0.6442307692307692,0.6754385964912281,-8.22222222222222,-15.020576131687246,30.21663352606975,0.2916666666666667,0.5217391304347826,0.8140596458902766,55,0.35294117647058826,0.1636650868878357,0.0,0.0,0.0,0,-4.633402789176477,-4.788497126129676,-3.294703983653191,-3.3583367788935004
sz002307,2025-08-13,2.0,0.32910105153197133,0.7777777777777778,0.5376344086021501,75.24191375019004,440.0,33.8,0.0,0,0,0,0.2938144329896907,train,0.1388888888888889,train,0,0,0,0,-1.4084507042253502,-1.4084507042253502,-5.37037037037037,-9.629629629629633,-11.111111111111116,-13.703703703703706,3.703703703703698,-12.592592592592599,-5,-8,-0.2694242214515932,-0.08149611304581134,0.16710641718233976,-0.02578506833433914,0.028645031095813584,-0.013093603839328798,-0.07446197604879792,0.0305368818164955,-0.052598144869218225,1.3106160148580546,1.3853817404858708,-0.07476572562781625,1.5169549204197048,0.0005360303379961798,-0.12323415615276989,-0.17428125005714223,0.7805726339824571,1.0,1.0,1.7921146953404854,-4.697986577181212,17.001537861052523,0.375,0.061224489795918366,0.5424785580791875,84,0.26956521739130435,0.4766708701134931,0.0,0.0,1.0,1,2.958980524576549,2.370803278943545,1.5337942628309342,5.830947071599146
sz002309,2025-07-09,1.0,0.297321016931313,0.9032258064516121,0.27173913043476716,79.52552269067127,49.0,68.1,0.0,0,0,0,0.472,train,0.1764705882352941,train,0,0,0,0,1.6129032258064502,1.6129032258064502,-4.120879120879117,-8.51648351648352,-10.164835164835162,-10.989010989010984,3.8461538461538325,-12.08791208791209,-5,-8,-0.21193460677553072,-0.19758745245803597,-0.27247004819635906,-0.014704021934926651,-0.05152736305541698,0.0288406654166983,-0.1562143998472223,-0.18942791073504447,-0.006941238962533408,1.439543636600445,1.6188580203468945,-0.17931438374644948,1.613625403344717,5.737804547398252e-06,-0.8362549504553736,-0.3183968008400238,0.08917337404809673,0.7411764705882357,0.8616352201257863,-5.58375634517766,-6.999999999999995,21.25507390287684,0.375,0.08163265306122448,0.6468594384085932,45,0.3918918918918919,0.36790668348045397,0.0,0.0,1.0,1,1.2834932912181074,1.0272714831051077,1.209926787000648,2.870229200295782
sz002309,2025-07-11,2.0,0.40927558018359733,0.7575757575757585,-1.1461318051575908,87.3190864366718,98.0,65.9,0.0,0,0,0,0.472,train,0.288135593220339,train,0,0,0,0,-1.6997167138810054,-1.6997167138810054,-2.9154518950437303,-4.664723032069973,-4.373177842565612,-6.413994169096215,1.1661807580174877,-6.705539358600587,-5,0,-0.19758745245803597,-0.27247004819635906,-0.029310622065213114,-0.05152736305541698,0.0288406654166983,-0.022290920750849826,-0.18942791073504447,-0.006941238962533408,-0.10817078094389931,1.5354309136816293,1.9680289266238955,-0.4325980129422662,1.5869342526284231,0.0,0.0692402922266163,-0.11264980023275871,1.148782315453377,0.5176470588235293,0.7172413793103447,-10.406091370558379,-11.750000000000005,37.344153638094376,0.2708333333333333,0.20454545454545456,0.8192571273294992,51,0.32894736842105265,0.5072463768115942,0.0,0.0,1.0,1,2.3589743703483324,1.9562711268491961,0.8187326644339743,2.358871996267564
sz002310,2024-12-06,1.0,1.0275641604400605,0.590909090909091,-4.977375565610853,90.60742956742006,144.0,65.9,0.0,0,0,0,0.472,train,0.4,train,0,0,0,0,-0.45662100456620447,-0.45662100456620447,-0.4739336492890933,-0.9478672985781977,-0.4739336492890933,-0.4739336492890933,3.31753554502372,-4.739336492891,0,0,-0.26779753729823924,-0.1305642453499411,-0.3776527595750444,-0.09930912080312532,0.00798125440061514,-0.033731611198069424,-0.17453945388331463,0.025530520513617174,-0.14842357084150953,1.5348419052632136,1.2308443220606424,0.3039975832025712,1.3352172985554,1.4873987922077992e-06,0.2896756589126091,0.02779597681529319,1.815615183534786,0.20833333333333354,0.7054263565891473,-14.785992217898825,-17.97752808988764,52.97191467589167,0.4375,0.19148936170212766,0.8183864917639009,112,0.36363636363636365,0.7515802781289507,0.0,0.0,0.0,1,2.5931522239095672,2.1746383698324934,1.4440469437748682,1.9362162616176848
sz002312,2025-05-27,1.0,0.9680655613675576,0.5087719298245597,0.7207207207207134,81.71604427623143,8.0,92.8,1.0,0,0,0,0.2938144329896907,train,0.1388888888888889,train,0,0,0,0,3.009458297506451,3.009458297506451,-1.5748031496062964,-1.924759405074361,-0.6999125109361293,-0.8748906386701671,1.049868766404205,-2.887139107611547,0,0,-0.1733338942297982,-0.11250331479901512,-0.5001349760784094,-0.07290998115766581,0.0966845097933084,-0.0665564355108584,-0.11303937281442582,0.04016571009647217,-0.033969944753038064,1.3697148844999705,1.5584108165110047,-0.18869593201103418,1.275803805359158,8.088253779967861e-05,-0.3775650754504119,0.1685220360777978,0.4518370388753325,1.0,0.36253776435045343,0.17226528854437095,-3.7251655629139013,21.768774907374024,0.3333333333333333,0.5918367346938775,0.8775308606953809,56,0.2631578947368421,0.5376344086021505,1.0,0.0,0.0,0,-2.2381439711698814,-1.656786490231088,-1.5077226611816985,-2.7735780076991623
sz002313,2025-06-04,1.0,0.5803814742459462,0.5441176470588238,-0.7928642220019877,79.52448706080455,21.0,81.7,0.0,0,0,0,0.4677419354838709,train,0.2,train,1,0,0,0,8.468125594671738,8.468125594671738,2.023121387283222,-3.4682080924855585,-2.6974951830443294,-9.055876685934505,3.8535645472061564,-7.996146435452789,-5,-8,-0.04672002355520291,-0.21780308997153439,-0.24648606757870395,0.01930548306122636,0.0019730625072491956,0.0759635981489919,0.006063976614281024,-0.033841221075804645,0.08426651270468512,1.5087714738335325,1.6389697954763902,-0.13019832164285772,1.7173267017163962,9.666543612560899e-05,0.029555455458236093,-0.07368229670175919,1.0609111682361858,1.0,0.6927083333333334,4.162537165510405,-3.4007352941176516,15.503597707333114,0.4583333333333333,0.574468085106383,0.6144486885289918,64,0.35353535353535354,0.7507118000632711,0.0,0.0,0.0,1,1.9091764263917232,1.536768675483824,0.7643387949810565,1.671504297130344
sz002316,2025-06-13,1.0,0.25690202772634974,0.6785714285714294,-1.0482180293501009,76.8152550598984,139.0,52.4,0.0,1,0,0,0.472,train,0.0925925925925925,train,0,0,0,0,16.008316008316026,16.008316008316026,3.3826638477801207,8.033826638477803,0.0,5.496828752642702,9.302325581395344,-0.634249471458781,5,8,0.06784145693176731,0.37912531912263686,0.05734234880706114,0.045604809037398275,-0.046537940485847626,-0.06083927822977626,-0.025346372499773673,-0.09117770914288602,-0.15304323576405643,1.3135029477703188,1.4749085390106025,-0.16140559124028364,1.3675212388872238,6.576677375968193e-05,-0.5659076028542759,0.2696717306116647,0.2772145663987308,1.0,1.0,0.8385744234800763,-3.8000000000000034,21.42450671167388,0.5416666666666666,0.3181818181818182,0.45640712909526165,45,0.27419354838709675,0.1553030303030303,0.0,0.0,0.0,1,-0.7612137644431916,-0.3789969652960967,-0.25301859137728533,0.21520172765470136
sz002319,2024-12-16,1.0,0.5181976911720919,0.7876106194690278,0.46801872074884177,81.0236401023496,125.0,62.1,0.0,0,0,0,0.3605442176870748,train,0.2,train,0,0,0,0,4.115853658536595,4.115853658536595,0.07692307692308553,-1.538461538461533,-12.538461538461544,-17.307692307692314,5.076923076923068,-13.461538461538458,5,-8,0.0071698012508231886,-0.18155192276273743,-0.04361123522580363,0.0,0.0,-0.018977374044631595,-0.05404200724687968,0.029610745149297697,0.005388168922601977,1.4842976244543558,1.4400417545434043,0.04425586991095143,1.6801929927319845,0.00021612369821947787,0.058546362043837064,-0.09074133713695764,1.1243743922875216,1.0,1.0,2.340093603744142,-6.35260528194147,20.4400350759967,0.4166666666666667,0.38636363636363635,0.5813866647529761,94,0.4502923976608187,0.3730259001895136,0.0,0.0,0.0,1,-0.40861158444992496,-0.580239921283443,-1.3797610772509072,-2.09438442733485
sz002320,2024-10-15,1.0,0.6872237279451017,1.0540540540540528,-0.5576208178438735,83.06663036640181,114.0,54.3,0.0,1,0,1,0.3605442176870748,train,0.575,train,0,0,1,1,23.320895522388053,38.24626865671641,2.1072796934865856,2.490421455938696,3.831417624521083,6.896551724137945,10.344827586206895,-0.7662835249042099,5,8,0.3648474902802572,0.08152702714410798,0.04740055138669676,0.027928170730617406,-0.0667880544301832,0.13061899376958833,-0.03542122501110509,-0.025578948142533538,0.12548000074287236,1.4335163559436175,1.4170490073882007,0.01646734855541676,1.585302618636704,2.1540315751008656e-05,0.6165503313340649,0.40885758234535147,4.215808392684826,0.0,0.0,,-15.590551181102352,13.943559875171758,0.5,0.5238095238095238,0.5771314382907178,39,0.4090909090909091,0.1333754740834387,0.0,0.0,0.0,1,-11.203018955833077,-11.095973269268756,-9.400663922963016,-18.205481570546635
sz002321,2024-12-13,1.0,0.33251230031241147,1.2631578947368407,-0.6849315068493178,83.96780274956218,238.0,44.6,0.0,1,0,1,0.6666666666666666,train,0.55,train,1,0,0,0,19.594594594594604,19.594594594594604,9.395973154362402,5.033557046979853,2.348993288590595,-13.758389261744973,18.791946308724828,-5.033557046979864,5,8,1.3868116003189332,-0.19610962368867071,0.01818238642345029,0.11952388256501731,-0.019982843642515093,0.05257896822935647,0.10995492479370537,-0.09085305123914532,0.05371010770591914,1.368053429422224,1.5401530358363926,-0.17209960641416866,1.2693434833172221,0.000646319607730069,0.04073981682448216,0.035081407928973525,1.0849400768196544,1.0,1.0,0.6802721088435382,-7.500000000000007,18.15002481254244,0.375,0.3125,0.5380874975832409,87,0.4,0.16055625790139064,0.0,0.0,0.0,1,0.08452787836426001,0.1521107265741506,-1.0057459583923567,-1.4029378348852095
sz002321,2024-12-20,2.0,0.5242266554088084,0.4571428571428574,-1.7006802721088343,83.25008279125335,163.0,58.9,0.0,0,0,0,0.2571428571428571,train,0.1388888888888889,train,0,0,0,0,-2.6229508196721207,-2.6229508196721207,-6.779661016949157,-16.61016949152543,-12.881355932203398,-23.05084745762712,0.6779661016949268,-16.94915254237288,-5,-8,-0.5682357141077153,-0.2793102656699196,-0.15995076161044455,-0.0802077376390308,-0.05609568902908346,-0.003535676377494408,-0.09947777865213449,-0.17950813458557247,0.042215176669838074,1.4547245570972616,1.4365421706738113,0.01818238642345027,1.6178951358258493,0.0012293024128935102,-0.38800537850332584,0.19884955202085539,0.44091660664642573,0.640776699029126,0.778443113772455,-10.818713450292405,-13.841807909604531,18.862082328938417,0.3958333333333333,0.5833333333333334,0.6398659134387173,76,0.2830188679245283,0.5759873617693523,0.0,0.0,0.0,1,-1.309760082485123,-1.1875990683153037,-0.1382265468193089,-1.145147143153824
sz002321,2025-09-12,3.0,0.4892068443203199,0.7222222222222228,1.7857142857143016,78.66759613746783,136.0,59.0,0.0,0,0,0,0.2938144329896907,train,0.0895522388059701,train,0,0,0,0,6.896551724137945,18.965517241379317,-1.3745704467354014,-2.0618556701030966,-4.467353951890041,1.0309278350515427,6.529209621993126,-5.154639175257747,-5,0,-0.15665581461448394,-0.06968967066234379,-0.33445946831340617,0.023290128342467385,-0.07496440340389234,-0.0001820195246189817,0.04848471781267645,-0.05721283709356761,0.10444546311054234,1.6099980026029144,1.6628006235501869,-0.052802620947272505,1.9752667423912824,0.0002624776680142725,-0.306125084699125,-0.24586488546660915,0.5312469099854352,1.0,1.0,3.571428571428581,-4.290429042904287,26.983581216168144,0.375,0.2978723404255319,0.7394088308077499,61,0.26506024096385544,0.366183879093199,0.0,0.0,0.0,1,2.4458396997819376,3.3815053882632506,1.3827042061442585,2.1040598935629706
sz002321,2025-11-14,4.0,0.5411267155927136,0.5294117647058817,0.0,73.75013323382679,50.0,73.6,0.0,0,1,0,0.472,valid,0.0925925925925925,valid,1,0,0,0,16.616314199395752,16.616314199395752,-3.8461538461538436,3.8461538461538325,-4.142011834319515,-17.751479289940832,14.201183431952668,-7.692307692307687,-5,8,-0.27950077422626995,3.625259867375636,-0.6640312091226414,-0.08171323244520587,0.18524650311785712,-0.16302051005114507,-0.02029634008616718,0.13032832361910096,-0.15151017296533387,1.6633870022212238,1.615866451928039,0.047520550293184805,2.1582700881471877,0.0,-0.38323909036691955,-0.17875035293436722,0.44588163675267284,1.0,1.0,2.4767801857585203,-4.057971014492756,20.267978961336706,0.4791666666666667,0.6458333333333334,0.6851401235593942,62,0.3333333333333333,0.38345391632588866,0.0,0.0,0.0,1,-0.5187209339636567,-1.261602420160457,-1.0826421438821954,-3.0141053611369095
sz002323,2025-07-08,1.0,0.7435156572599315,0.875,0.6211180124223503,83.91806790488265,5.0,96.8,1.0,0,0,0,0.3605442176870748,train,0.2,train,0,0,0,0,4.166666666666674,18.452380952380953,0.5952380952380931,0.5952380952380931,-4.166666666666652,-1.1904761904761862,2.3809523809523725,-5.952380952380942,-5,0,0.0003773009683129512,-0.24806525209207703,-0.2702692144053188,-0.037214135357007905,-0.010048907389573241,-0.005144293728585408,-0.10470937184259757,-0.10333411103026652,-0.07558147714069854,1.6496230815867197,1.4327936299368285,0.2168294516498912,1.4637301862080094,0.0,-0.3757692661037136,-0.046678564811439144,0.4537321404657896,1.0,1.0,4.347826086956519,-4.0000000000000036,28.364239544437783,0.3541666666666667,0.45454545454545453,0.5628070555385635,59,0.25316455696202533,0.7589905362776025,1.0,0.0,0.0,1,0.5323334726387019,0.7257977275905825,1.4124793735964758,1.543745652186268
sz002326,2025-11-06,1.0,0.26308242069279575,0.4336283185840729,0.5431830526887671,73.76718863377516,26.0,79.1,0.0,1,1,1,0.7647058823529411,valid,0.7241379310344828,valid,1,0,1,1,72.32375979112274,72.32375979112274,8.608247422680426,29.072164948453615,54.38144329896908,44.22680412371136,70.10309278350518,-1.494845360824737,5,8,1.2023130416807581,0.7069537213357895,0.27523776067689487,0.17395796806586183,0.08227875665984362,0.0013086112793905648,0.16786946410235432,0.07752839901683288,-0.03876115026003419,1.441760725871391,1.4792950830010072,-0.03753435712961628,1.6324239746914917,0.00028822778584350914,-0.7190791911290141,-0.02521084963610928,0.1634135357583438,0.9048991354466853,0.947784810126582,-1.6940451745379947,-5.151064883605761,14.774787409552562,0.4791666666666667,0.5714285714285714,0.39720410720334165,57,0.40625,0.5354107648725213,0.0,0.0,0.0,1,0.8917080004223976,-0.5414224919093491,-0.3504906992934709,-1.1767740961124984
sz002328,2024-12-09,1.0,0.3999450313805462,0.9090909090909111,0.0,78.49150229454439,71.0,67.8,0.0,0,0,0,0.2938144329896907,train,0.1764705882352941,train,0,0,0,0,3.9087947882736174,3.9087947882736174,-0.48701298701299134,0.6493506493506551,-1.461038961038963,-8.766233766233766,2.110389610389607,-3.0844155844155896,-5,-8,-0.2191338086386478,-0.4762047790695425,-0.5030016432765176,-0.024883444172743678,0.0740815954176374,0.14403267724248164,-0.05939016748129461,0.15217456737498294,0.09830433914852839,1.4503237574823173,1.5726189309583147,-0.12229517347599739,1.814341248306822,7.77546606834561e-07,-0.3359636476071448,-0.1249938784614691,0.4970467224779776,0.859154929577464,0.9305555555555552,-1.602564102564108,-4.806201550387601,29.40468348816484,0.25,0.5531914893617021,0.7835854864406635,94,0.3472222222222222,0.39917825537294566,0.0,0.0,0.0,1,-0.16370355098241918,0.05862416106536816,0.4797508987666399,-0.30461566823004604
sz002339,2024-09-24,1.0,0.4812113092802329,1.0303030303030296,-1.8333333333333424,77.09108716327124,183.0,64.4,0.0,0,0,0,0.472,train,0.2,train,0,0,1,0,23.481116584564866,27.58620689655171,2.006688963210679,6.020066889632103,21.23745819397993,5.685618729096986,25.752508361203997,-1.3377926421404673,5,8,0.0003528352092335001,-0.04624666391421813,-0.10825888000948665,-0.008395639603103805,0.034931737290875,0.005298844483377803,-0.00712499448832672,0.026912388341746415,-0.07624724086633794,1.4113476867035164,1.4481644433632677,-0.03681675665975126,1.5414184990677549,0.005209865657834847,0.21961948538660142,0.18289705757161212,1.562852304161903,1.0,0.0,1.4999999999999902,-5.28771384136858,23.861711346646413,0.5,0.4444444444444444,0.6304512810246141,86,0.31746031746031744,0.9633607075173721,0.0,0.0,0.0,1,5.197388862181063,5.361489874080383,6.098351917403111,5.22112753232804
sz002339,2024-12-20,2.0,0.2836588158072051,1.280373831775702,-6.779661016949145,80.35227995628863,377.0,41.7,0.0,0,0,0,0.472,train,0.1764705882352941,train,0,0,0,0,-2.117647058823524,-2.117647058823524,-7.2727272727272645,-13.575757575757574,-10.424242424242426,-22.3030303030303,0.848484848484854,-14.909090909090917,-5,-8,-0.3341377313884932,-0.06522175815554553,-0.2034564580382737,-0.05617640847800527,-0.01813378898644101,-0.008875945657775526,-0.10206083269124266,-0.07420943489285554,-0.033441227361215346,1.4008627688155462,1.4934559850996127,-0.09259321628406658,1.9462606763200019,0.0005453698164248642,-1.0,0.37272066210889904,0.0,0.4891774891774892,0.6519174041297936,-12.190082644628097,-20.187793427230048,18.89773809437686,0.3541666666666667,0.22448979591836735,0.5551468541320612,76,0.2830188679245283,0.5759873617693523,0.0,0.0,0.0,1,-1.309760082485123,-1.1875990683153037,-0.1382265468193089,-1.145147143153824
sz002342,2025-04-01,1.0,0.3609203338219072,1.2894736842105272,-8.180300500834726,76.85458853463297,331.0,47.7,0.0,0,0,0,0.2571428571428571,train,0.0895522388059701,train,1,0,0,0,-3.153988868274582,16.69758812615956,0.0,-17.131474103585642,-13.346613545816732,-16.135458167330675,3.984063745019917,-23.50597609561753,-5,-8,-0.08695207506423118,-3.3331754006466063,-0.14640029995890688,-0.04583899546299699,-0.06233376228899304,0.009728257984080748,-0.049601843825662,-0.1543837491325307,0.025403621746731934,1.3629901545333527,1.3776460983664187,-0.01465594383306601,1.6794388720384095,0.00012559573569613253,-1.0,0.36146634370657366,0.0,0.6399999999999999,0.6450704225352111,-18.947368421052644,-21.198830409356727,15.408742572455893,0.5416666666666666,0.2857142857142857,0.531927235728504,49,0.4235294117647059,0.7264121173871884,0.0,0.0,1.0,0,-0.8125846440687035,-0.9097233187224885,-1.134477420069513,-2.0322178930146317
sz002342,2025-10-20,2.0,0.8060561435098161,0.5090909090909089,1.4778325123152802,84.6421712770309,26.0,81.7,0.0,0,0,0,0.2938144329896907,valid,0.1071893800017598,valid,0,0,0,0,2.447552447552437,2.447552447552437,0.0,-7.176470588235295,-3.764705882352948,-5.999999999999995,3.4117647058823364,-7.647058823529418,-5,0,-0.23383108537288944,-0.23102142782354285,-0.053577393952804926,-0.046963736909595544,-0.011389504124279531,-0.1270380322552454,-0.07673446122166572,-0.1447284415241118,-0.1431987753292338,1.4887058529442243,1.6578910224964118,-0.16918516955218754,1.7642357116127303,0.0003040748074181824,-0.16814291489510885,-0.0778423661994934,0.7121192745320774,1.0,0.6653225806451614,2.754491017964078,-3.160270880361171,34.655381364739696,0.25,0.40816326530612246,0.9147878341779228,65,0.2857142857142857,0.7149606299212599,0.0,0.0,0.0,0,-3.731222348532337,-4.160777519765446,-1.2137279266762002,-2.7708342407596565
sz002342,2025-11-19,3.0,0.5558727981750825,0.379999999999999,-0.6666666666666599,77.8125455067334,18.0,81.9,0.0,0,0,0,0.3461538461538461,valid,0.1764705882352941,valid,0,0,0,1,-1.81818181818183,89.87012987012986,-1.192052980132452,-3.0463576158940353,-4.635761589403964,-2.6490066225165587,0.13245033112583293,-5.827814569536416,-5,0,-0.36146984025248907,-0.18195167554063685,-0.4553095932629118,-0.04517363614618686,0.0933626960877704,-0.0594641141797341,-0.13203126763558382,0.09945579094361769,-0.15280586648092498,1.4934086484258902,2.173393588250349,-0.6799849398244586,1.6909515460937188,3.7947412803686024e-05,-0.7059029463564407,-0.21878025198908724,0.17239963989259038,0.25531914893617036,0.2514619883040938,-8.333333333333337,-11.290322580645151,13.503414691126014,0.20833333333333334,0.6326530612244898,0.760069278327801,49,0.3194444444444444,0.24206224457717698,0.0,0.0,0.0,0,-1.324648829448405,-1.6636430922849943,-1.2401386605188636,-1.4471944028671024
sz002345,2025-02-17,1.0,0.42507770010983337,0.7179487179487175,0.698080279232105,78.69524013215742,187.0,60.7,0.0,0,0,0,0.472,train,0.288135593220339,train,1,0,1,1,62.75510204081633,62.75510204081633,-2.2108843537414935,12.244897959183664,12.244897959183664,12.074829931972797,19.727891156462583,-2.2108843537414935,5,8,-0.22656453017976677,0.03792919584232902,0.09790922981762237,0.0023412765575562535,-0.003041458450359683,-0.04338916594467004,-0.00974868144167821,-0.024699800417714773,-0.03640671799474691,1.2966191635232587,1.4442036364981423,-0.14758447297488364,1.6538948644745248,2.8610395228548106e-05,-0.32785035789584677,-0.27956610824399347,0.5061938177802373,1.0,0.8188405797101449,2.617801047120416,-4.545454545454552,20.088903569533926,0.3125,0.14583333333333334,0.7177782451368304,91,0.38513513513513514,0.6534216335540839,0.0,0.0,0.0,1,1.1435176137702951,1.0217929847562202,1.187792000629151,1.957001510204326
sz002348,2024-11-29,1.0,0.5945169356286004,1.176470588235293,-9.999999999999998,82.97445528515539,140.0,64.8,0.0,0,0,0,0.7647058823529411,train,0.0925925925925925,train,1,0,0,0,19.621749408983426,19.621749408983426,0.7159904534606021,-4.534606205250602,5.9665871121718395,16.945107398568027,20.763723150357972,-6.205250596658718,5,8,-0.11240711742354338,-0.1450758614127311,-0.11502711025595069,-0.02122353213859226,-0.0013394330879519171,-0.04564897114587413,-0.12678113236031707,-0.1049108012510541,-0.1057339340361267,1.341271016998963,1.4276038398061353,-0.08633282280717225,2.1242436649640277,0.00025869570039515743,-1.0,-0.45634541886203134,0.0,0.6830601092896179,0.7339449541284407,-12.058212058212037,-20.03780718336483,41.67916376988892,0.25,0.1956521739130435,0.8953462520707567,111,0.22377622377622378,0.7738471257106759,0.0,0.0,1.0,0,2.630622840784258,1.7684948662280542,1.316302726009,2.226141703560791
sz002348,2025-01-15,2.0,0.33850252814684,0.7,0.32467532467532756,80.24187023026577,3.0,88.3,1.0,1,0,0,0.8214285714285714,train,0.7241379310344828,train,1,0,1,1,27.795527156549515,35.78274760383386,9.904153354632594,5.111821086261981,1.2779552715654896,7.028753993610226,11.501597444089473,-0.9584664536741117,5,8,2.6283149138727127,-0.28140264801830106,-0.15966016431091676,0.2544460263263409,0.016322243872596506,0.01664326532386059,0.20804774108642532,0.017419841473290582,-0.02405422042960534,1.4719559155321378,1.5697577169406824,-0.09780180140854466,1.4124822563357127,0.00011148470359820583,0.41507528797764,0.031547610403098364,2.41924346653958,0.8292682926829262,0.0,,-6.287425149700598,18.841585582329543,0.4166666666666667,0.45652173913043476,0.5398050305848039,60,0.3684210526315789,0.3446969696969697,1.0,0.0,0.0,0,2.0098204816990872,1.1145645035239848,0.17973906101349524,1.4682708869019567
sz002348,2025-02-19,3.0,0.34360779016305143,0.5517241379310334,0.28901734104047616,81.45543905061692,112.0,73.7,0.0,1,1,0,0.8214285714285714,train,0.7241379310344828,train,1,0,0,0,16.758241758241766,16.758241758241766,10.497237569060779,6.906077348066297,7.458563535911611,5.524861878453025,17.403314917127076,0.0,5,8,2.494736876054423,0.04678490752859391,-0.3238355803146933,0.24973748043435798,0.021901548821133935,0.011742762602002315,0.2449111418864211,-0.01417272423295942,-0.05206404075040245,1.456802704381413,1.887797258450778,-0.43099455406936515,1.5430988015775728,9.790509414863109e-05,-0.18434128918144713,-0.17189027807427446,0.6887024190318419,0.7727272727272729,0.8500000000000001,-3.95778364116095,-6.426735218508995,16.864769134829416,0.1875,0.6666666666666666,0.8416256548511053,93,0.2184873949579832,0.7981072555205048,0.0,0.0,0.0,1,0.06234753729454923,0.0564326761489653,0.5178371471626031,1.6070513944185683
sz002348,2025-04-15,4.0,0.2752139936352745,0.8947368421052633,1.5822784810126445,80.7740084311542,66.0,68.5,0.0,0,0,0,0.2938144329896907,train,0.2,train,0,0,0,1,9.756097560975618,31.09756097560976,0.943396226415083,0.943396226415083,0.6289308176100628,-0.9433962264151052,6.91823899371069,-1.2578616352201255,5,0,-0.1331344941055801,-0.2428284749144553,-0.3428839504707452,-0.017920939311144374,0.057137600050960136,-0.0305121982610093,0.03318142640052726,0.028213863251190942,-0.059516914908411093,1.5332188290169075,1.7556442433385422,-0.22242541432163465,1.6159569610808497,8.176257621262848e-05,-0.061328163888915155,-0.03330311985949113,0.8844312890667168,0.3831775700934577,0.32799999999999974,-18.811881188118818,-18.811881188118818,36.05743868268732,0.4583333333333333,0.4642857142857143,0.545356455353084,52,0.35,0.4512771996215705,0.0,0.0,0.0,0,6.944093807708307,5.174102679337422,3.0261049825529573,4.895207188475559
sz002348,2025-09-12,5.0,0.8238003016386275,0.6190476190476178,0.25706940874035134,83.96410841275554,92.0,64.9,0.0,0,0,0,0.1929824561403508,train,0.0895522388059701,train,0,0,0,0,8.396946564885477,25.190839694656475,-1.4814814814814725,-0.987654320987652,-4.691358024691361,-4.691358024691361,2.716049382716057,-5.432098765432092,-5,-8,-0.5603376650088846,-0.32203058290445663,-0.39994456041212434,0.006373422447444802,-0.007289297807977154,0.05912555126648115,-0.06618000711181578,-0.10082450197436903,-0.009442829948196813,1.420280824603062,1.67611213735941,-0.25583131275634785,1.5498438043777032,5.220223341330705e-05,-0.47129043646973856,-0.3337947942995292,0.35935091428913524,0.8571428571428577,0.6122448979591839,-1.2562814070351758,-3.2019704433497442,27.109200987751237,0.22916666666666666,0.5217391304347826,0.8257386085848528,61,0.26506024096385544,0.366183879093199,0.0,0.0,0.0,1,2.4458396997819376,3.3815053882632506,1.3827042061442585,2.1040598935629706
sz002354,2025-05-12,1.0,0.4376531782958961,0.3846153846153836,0.5698005698005604,74.03024024462307,14.0,88.3,0.0,0,0,0,0.2938144329896907,train,0.0925925925925925,train,0,0,0,0,1.1111111111111072,1.1111111111111072,-3.8834951456310662,-8.876560332871009,-7.7669902912621325,-10.124826629680994,0.9708737864077666,-9.708737864077676,-5,-8,-0.264335566711346,-0.2005979239651652,-0.1598682221677838,-0.0631591078334188,-0.03587666138893202,-0.02072676054926026,-0.11921425398144657,-0.10909627633993406,-0.010908108795193782,1.3980986183592212,1.525715760577267,-0.12761714221804588,1.4397994309163056,0.00010037146208733971,-0.021234507517000775,0.3369148120746139,0.9584140422974352,0.9270833333333335,0.6296296296296297,-1.9073569482288777,-4.635761589403964,15.609478058549522,0.3958333333333333,0.5102040816326531,0.627229154580603,41,0.3880597014925373,0.704358812381554,1.0,0.0,0.0,1,3.6527635280577453,2.8738357969900763,3.1835792488165815,5.989857956463163
sz002355,2025-02-10,1.0,0.5720411166008599,0.47222222222222276,0.41782729805013297,76.51454977398704,19.0,93.4,0.0,0,0,0,0.3605442176870748,train,0.2,train,0,0,0,0,2.981029810298108,5.284552845528445,-1.3531799729363914,-2.706359945872794,-2.1650879566982306,-2.841677943166443,0.4059539918809252,-3.518267929634644,-5,0,-0.13941158595532557,-0.15847446257567685,-0.19748565500436527,-0.01160646754114373,0.015511007334498863,-0.04272012829451756,-0.036642979301101414,-0.029066611221126176,-0.178313593137057,1.4014158544043267,1.4619161524037798,-0.06050029799945311,1.4223405612520064,0.0003502388275602669,0.17405211428846337,0.08888620876991943,1.4214602816944586,1.0,1.0,2.785515320334264,-2.251655629139071,14.777678859943482,0.4166666666666667,0.48936170212765956,0.6438231736059968,98,0.20967741935483872,0.7263556116015133,0.0,0.0,0.0,1,4.587588944876764,4.223054772303847,1.7792988568834378,2.9237655202036583
sz002356,2024-10-18,1.0,0.4609177887564836,0.47368421052631515,-0.33222591362125353,76.528768748282,248.0,58.4,0.0,0,0,0,0.3605442176870748,train,0.5208333333333335,train,1,0,0,1,14.873417721518978,53.79746835443038,5.448717948717952,2.564102564102577,6.08974358974359,3.205128205128216,13.141025641025639,-2.243589743589758,5,8,-0.007927342704712697,-0.12743686745529834,-0.19829736214072494,-0.024123644499218236,-0.08746041140790105,0.005705358204317747,-0.07736785009223406,-0.08951866611977485,-0.07005927950161028,1.4692478129987367,1.5361811621944335,-0.06693334919569671,1.6160263264238166,0.0,-0.6938813340690544,0.21010688621333887,0.1807202545857124,0.0,0.0,,-14.82479784366576,16.146130758511507,0.4791666666666667,0.325,0.5047983223558095,86,0.37681159420289856,0.9286165508528111,0.0,0.0,0.0,1,6.141616896425273,3.0928947986581745,0.9792993200446576,4.485283173305232
sz002360,2025-05-26,1.0,0.49964184976216075,0.7666666666666656,0.20080321285140812,83.43267606355327,,,,0,0,0,,,,,0,0,0,0,8.52713178294573,24.418604651162788,0.5928853754940677,0.5928853754940677,1.1857707509881577,4.347826086956541,10.671936758893285,-0.9881422924901129,5,8,-0.04251457626620268,-0.0023636859614443516,0.04870989912855017,-0.02024641317889613,0.07999055714258815,0.0,-0.03621093919099468,0.09262643644053764,-0.10614653012655495,1.5534903959249693,1.4123921798773138,0.1410982160476555,1.755293565044092,0.002116150525788831,-0.5947428230688209,-0.006087885481955834,0.2541207090377922,1.0,0.7727272727272728,0.78125,-4.2671614100185495,93.1286420711974,0.4791666666666667,0.6,0.7519097629348866,53,0.32051282051282054,0.6601327853303826,,,,0,-1.09183136374299,-0.8973228528084465,-0.43946250866585546,-1.3527151634177836
sz002361,2024-12-03,1.0,0.43145707628596525,0.6315789473684218,2.7459954233409745,82.36512059716613,85.0,66.9,0.0,0,0,0,0.1929824561403508,train,0.1764705882352941,train,1,1,0,1,19.517543859649145,40.570175438596515,-1.5555555555555656,1.3333333333333197,7.1111111111111125,-5.111111111111121,7.777777777777772,-2.6666666666666727,5,0,-0.06249273834009429,-0.05609581418528271,-0.05850926197682638,-0.05711407673756151,-0.017189420482948643,0.08908562290824192,-0.08989637974565896,0.05031929902664164,0.13003579301467527,1.419279073766523,1.5144183882828954,-0.09513931451637236,1.411453061511078,4.180575927899788e-06,-0.440610354815393,-0.0026358755405946634,0.38830044731719976,1.0,1.0,4.347826086956519,-5.000000000000004,17.32907278633621,0.375,0.7142857142857143,0.6343937136875724,103,0.3905325443786982,0.47376738305941846,0.0,0.0,0.0,1,5.378285389593129,4.246417419467963,2.9088835232326193,4.437093250871316
sz002363,2025-09-26,1.0,0.2991290180205926,0.7719298245614038,-0.25974025974027093,80.68468618426041,191.0,53.0,0.0,0,0,0,0.3605442176870748,train,0.5208333333333335,train,0,0,0,0,11.704834605597947,19.59287531806615,0.5089058524172962,-3.9440203562341014,-4.325699745547085,-0.7633587786259555,1.2722646310432628,-8.905852417302807,-5,-8,-0.06890123815067109,-0.049028743687781415,0.22334280973680587,0.0,-0.01114942670763335,0.0,0.02107753524408936,-0.09717248130378522,-0.01848507822223411,1.4561784058818859,1.6178408228359964,-0.16166241695411054,1.5133336703394116,0.0,0.262275636988435,0.06954516788403901,1.7110396514973802,0.26666666666666666,0.23636363636363705,-5.301204819277117,-6.205250596658718,23.272944205454973,0.4583333333333333,0.30303030303030304,0.5769911253857795,42,0.34375,0.3946456692913386,0.0,0.0,1.0,1,-0.5458223989396771,0.9840888075068221,1.0690817550158327,1.958147248943587
sz002364,2025-01-27,1.0,0.3871116778611946,1.0568181818181825,-5.857740585774063,75.88879253499493,220.0,51.1,0.0,0,0,1,0.3461538461538461,train,0.288135593220339,train,1,1,1,1,52.04460966542752,52.26765799256508,-4.645669291338583,-0.393700787401563,13.93700787401575,24.409448818897662,40.07874015748032,-8.976377952755898,-5,-8,-0.5008355681598524,-0.10565816893797765,2.453033604900917,-0.13746892379610332,0.024672372220427435,0.19043886168113697,-0.20716772292110758,0.07811001629697674,0.15549817425499138,1.3751760284817525,1.3539547964749796,0.02122123200677284,1.7236598779517907,0.0001312026633500735,0.7586170292239177,0.3669838007059993,7.285588637714174,0.5,0.0,-12.434895833333337,-12.434895833333337,15.632682256623275,0.5625,0.2653061224489796,0.5892617324294683,38,0.3870967741935484,0.4358651118815002,0.0,0.0,0.0,1,-0.5626817280288687,-0.44507350127604983,-0.3289102964417534,-1.943614843858421
sz002369,2025-04-14,1.0,0.7982272954500605,0.6060606060606065,-0.11655011655011815,78.62484212524416,133.0,65.8,0.0,0,0,0,0.2938144329896907,train,0.5208333333333335,train,1,0,0,0,12.684031710079257,12.684031710079257,-4.017857142857151,-9.04017857142858,-6.361607142857151,-7.25446428571429,0.44642857142855874,-9.263392857142861,-5,-8,-0.15450222025701646,-0.25947556152974693,-0.012994137948576233,-0.03688515455074198,0.006515866631027915,-0.009061921007213262,-0.10182736516796347,-0.039057280062103246,-0.07137373175225384,1.6185520305114633,1.4144181736757158,0.20413385683574758,2.2262418083852613,0.00010303083759574613,0.2543145480430284,0.3850147953191338,1.6820960429779261,0.24565217391304342,0.3053191489361703,-31.015625000000004,-32.024634334103155,20.064860856773812,0.6041666666666666,0.6666666666666666,0.6294299251465152,94,0.27692307692307694,0.8540353089533418,0.0,0.0,0.0,0,8.043083938635442,6.43279852237737,4.727800760931933,6.955853015325708
sz002369,2025-08-22,2.0,0.2582555737509062,0.8793103448275857,3.409090909090895,74.46395732211548,22.0,86.5,0.0,0,0,0,0.3605442176870748,train,0.1764705882352941,train,0,0,0,0,12.55686988171063,12.55686988171063,4.20091324200913,6.849315068493156,1.735159817351617,-8.493150684931505,12.968036529680372,-2.739726027397249,5,8,-0.054513018886702604,-0.08075272363577565,-0.13432564002926478,0.03313879692806442,-0.002912497640435255,-0.023347336203172097,-0.012866866155463503,-0.0003027274872006379,-0.03469567836804789,1.388178744699883,1.4765132158840248,-0.08833447118414184,1.8058747594587334,0.0031500060773178742,0.22032955660510645,0.10420789821363295,1.5651863770690926,1.0,1.0,4.071969696969702,-4.434782608695653,31.54043687385798,0.3541666666666667,0.2653061224489796,0.7223323808445171,57,0.20833333333333334,0.46471329552615,0.0,0.0,0.0,1,3.448383125599608,3.8711150219910895,4.179667616237781,5.8532517339565215
sz002370,2024-12-10,1.0,0.5580780238258192,1.3749999999999987,-1.9323671497584516,82.04574344976643,249.0,50.8,0.0,0,0,0,0.472,train,0.2444444444444444,train,1,0,0,0,7.868020304568524,7.868020304568524,1.0152284263959421,0.2538071065989911,-3.0456852791878153,-19.035532994923855,7.868020304568524,-5.837563451776651,5,-8,-0.03855162994573141,-0.0776533345520248,-0.20361207350798677,0.045654921219799374,-0.04263720973217716,0.012682882941952736,-0.005392456077874896,-0.12260588175798265,0.0004449785277914992,1.276564053725761,1.2881371069157876,-0.011573053190026661,1.65033864739023,0.0015117207887471477,0.20626724294305282,0.14548340858369174,1.5197397766670577,0.7826086956521741,0.8230088495575223,-4.8309178743961345,-10.045662100456621,22.891733628645586,0.3541666666666667,0.24489795918367346,0.8031683441300047,95,0.4378698224852071,0.4913112164296998,0.0,0.0,0.0,1,0.9319677872892562,1.0109875208708985,1.1069560821917346,0.8262040332601472
sz002370,2025-01-09,2.0,0.33032068919869106,0.8148148148148154,-1.19760479041916,81.46213284164713,461.0,32.6,0.0,0,1,0,0.3605442176870748,train,0.5208333333333335,train,1,0,0,0,9.480122324159023,9.480122324159023,-6.153846153846154,-6.153846153846154,-6.769230769230772,1.538461538461533,7.3846153846153895,-12.0,-5,-8,-0.3591884045799023,0.1505803243742543,-0.3750000863039498,-0.05262420095567192,0.02366790833815867,-0.03490262299291324,-0.1261747981649852,0.03849056740433027,-0.07662375223131343,1.499988562319706,1.6629257023449162,-0.1629371400252102,1.2958251845284257,0.00019664783663300378,-0.01253575708694402,0.17811505201890068,0.9752388851471098,0.0,0.0,,-7.102272727272729,13.71615934551746,0.3541666666666667,0.4090909090909091,0.5377924865655971,77,0.21428571428571427,0.4326801517067004,0.0,0.0,0.0,0,-2.144341754973922,-1.6089801297821338,-1.0605682888513712,-2.416088158163321
sz002370,2025-04-16,3.0,0.3723003801759581,1.235294117647059,-0.6289308176100628,78.6290109144036,208.0,47.0,0.0,0,0,0,0.4677419354838709,train,0.2444444444444444,train,0,0,0,0,9.26517571884984,28.43450479233225,1.6077170418006492,4.5016077170418,5.466237942122176,0.6430868167202508,9.324758842443725,-0.6430868167202619,5,8,-0.2681187527632378,-0.08397146002160515,-1.1289244785015171,0.05584343526526592,-0.015057719253835743,0.014242896808147791,0.07613546557230332,0.007658049528089684,-0.012915375762538034,1.5456197044032693,1.5715018100599543,-0.025882105656684917,1.5121251719816713,6.164499438550601e-06,0.3156528087021188,0.3405175675923289,1.9224931809933363,0.32835820895522355,0.32835820895522355,-12.569832402234638,-15.860215053763449,16.83735331135099,0.5,0.5384615384615384,0.47155063706167427,41,0.32786885245901637,0.22078740157480314,0.0,0.0,0.0,0,3.2379158733876645,2.152527874515897,2.33335773574348,2.623469204852613
sz002374,2024-10-22,1.0,0.7034637962403287,0.42857142857142855,-0.4237288135593098,81.94826394909957,77.0,73.8,0.0,0,1,0,0.7647058823529411,train,0.5208333333333335,train,1,1,1,1,59.34959349593496,65.85365853658539,5.737704918032782,10.655737704918034,8.606557377049185,16.393442622950815,18.032786885245898,-0.4098360655737654,5,8,-0.08271537413422984,1.602925787888626,-0.25211747734861906,0.04168661873413312,0.10816114944326499,-0.10524280124773813,0.04017048337876775,0.08571516809773523,-0.12139932465199328,1.7082129906827077,1.7116361820920325,-0.0034231914093247884,1.830187844949616,0.003237936215741528,-0.26952751414723053,-0.3721580960151612,0.5753892512864867,1.0,0.0,1.2345679012345512,-3.90625,25.07507830264336,0.3541666666666667,0.5853658536585366,0.6429719226814082,100,0.29577464788732394,0.7941269340069467,0.0,0.0,0.0,1,6.929849597319926,5.140002119666098,2.639541872838058,6.280170679932073
sz002374,2025-02-21,2.0,0.6655133992363148,0.4444444444444444,-0.7380073800738018,80.95477867212513,309.0,44.8,0.0,1,0,0,0.3605442176870748,train,0.288135593220339,train,0,0,0,0,8.791208791208804,8.791208791208804,1.858736059479571,2.973977695167296,3.3457249070631967,-0.743494423791824,10.408921933085512,-0.3717472118959009,5,8,0.11712716918792389,-0.07977546735882805,-0.28481314939141705,0.035824388845103264,0.08036248608326224,-0.01249135272524713,0.10887653939543697,0.0014990743323120368,0.026562359056496853,1.5282240309068864,1.6782304321828057,-0.15000640127591924,1.5773476612467918,0.0002877715837302775,-0.47545132970050313,-0.1258916335556692,0.35551743371024863,0.8787878787878787,0.8787878787878787,-1.4440433212996373,-3.5335689045936425,14.607877696609325,0.3125,0.4418604651162791,0.7160527486868088,84,0.25,0.4210028382213813,0.0,0.0,0.0,1,3.2068924212987238,1.8371309305161176,1.0011529551154918,2.988915624188593
sz002374,2025-07-11,3.0,0.36576402692444393,0.5555555555555556,-0.33670033670034627,81.36620964202183,12.0,84.7,0.0,0,0,0,0.2938144329896907,train,0.0925925925925925,train,0,0,0,0,0.0,7.000000000000006,-2.0134228187919434,-3.0201342281879096,-4.36241610738255,-3.0201342281879096,0.6711409395973256,-5.7046979865771785,-5,0,-0.2636865451568181,-0.10277324765419647,-0.36046403966749696,-0.06412373964150324,0.029965755471268663,0.0026078476103381055,-0.1238786968770579,0.1814012092225072,-0.06270085852014902,1.5208367468272173,1.770191347330523,-0.24935460050330582,1.3664769953832625,1.1303523158823666e-05,-0.30201937057277867,-0.19478295202805282,0.5360754572492794,0.7500000000000002,0.8607594936708862,-3.5369774919614128,-6.25,30.479613485413687,0.3125,0.4634146341463415,0.8283691532860896,51,0.32894736842105265,0.5072463768115942,1.0,0.0,0.0,1,2.3589743703483324,1.9562711268491961,0.8187326644339743,2.358871996267564
sz002374,2025-11-05,4.0,0.32259719360627875,1.0434782608695643,-3.293413173652693,84.0569524507614,78.0,72.2,0.0,0,1,1,0.8214285714285714,valid,0.575,valid,1,1,1,1,39.87915407854985,39.87915407854985,-3.0674846625766805,6.748466257668717,29.141104294478538,8.282208588957051,42.02453987730061,-4.907975460122693,5,8,-0.13085253003319422,2.100438766635815,1.6169217573251509,-0.07829132641433668,0.3616978712499602,0.049442618319318524,-0.1553802503679544,0.35272278978924154,-0.0032267321977848635,1.3671278361601709,1.5330541726576568,-0.1659263364974859,1.3579807718469508,0.00038038860067037916,0.07188507224220703,0.21857678966098015,1.1549055404504098,0.9531250000000003,0.9538461538461541,-0.8982035928143617,-7.02247191011236,19.85640715725408,0.3541666666666667,0.4,0.6526661476565497,57,0.3522727272727273,0.6704438149197356,0.0,0.0,0.0,1,-1.3773574909728636,-3.3635439570068315,-2.5396992289837828,-4.754127618885972
sz002376,2025-06-09,1.0,0.5691221076801017,0.8536585365853668,0.28288543140027045,82.24490423669074,5.0,92.1,1.0,0,0,0,0.472,train,0.7241379310344828,train,1,1,1,0,28.63013698630139,28.63013698630139,-1.7906336088154284,18.732782369145994,15.151515151515138,1.2396694214876103,29.338842975206614,-3.3057851239669422,5,8,-0.13812285051854253,-0.0008285523584443922,-0.10787422550696787,-0.019441205866347785,0.6755177128264859,-0.015510246817657825,-0.06932369034077299,0.5263328460534342,-0.018612309368152263,1.444074091446273,1.4978788805765608,-0.053804789130287745,1.759211947625561,4.276316413633815e-05,-0.4063078158248584,0.04125487081200521,0.4221637521277063,0.6547619047619047,0.8489583333333333,-3.820816864295129,-4.9479166666666625,24.499008723358088,0.3333333333333333,0.30612244897959184,0.7526081241936438,58,0.3176470588235294,0.7239089184060721,0.0,1.0,0.0,1,3.192590639141213,2.3731314446476137,1.1721582571970979,3.4167981269400682
sz002379,2025-09-12,1.0,0.2649812129160485,0.47368421052631565,1.5661252900232236,75.44809206101488,10.0,88.0,1.0,0,0,0,0.1929824561403508,train,0.0,train,0,0,0,0,5.8758923668314145,28.940142778693012,-3.252480705622929,-6.28445424476296,-4.4652701212789525,-5.733186328555673,0.38588754134509795,-9.59206174200663,-5,-8,-0.01890013191138383,0.25302108782982985,-0.1434785627362711,-0.15872342704287468,-0.18196655889199756,0.06769208150696013,-0.10032260148296686,-0.15093849525857686,0.036227095603891826,1.5274177207347337,1.468177198523888,0.059240522210845636,1.6035083213942396,0.0,-0.32558464888839495,0.07241539430118572,0.5087682266667424,0.9318885448916412,0.9688385269121814,-1.1937059142702044,-3.343949044585981,24.026455016872386,0.5416666666666666,0.3958333333333333,0.5109112401556669,61,0.26506024096385544,0.366183879093199,1.0,0.0,0.0,1,2.4458396997819376,3.3815053882632506,1.3827042061442585,2.1040598935629706
sz002383,2025-04-24,1.0,0.3885867634792858,0.8571428571428575,-1.965317919075149,79.25099789175133,167.0,54.5,0.0,0,0,0,0.3605442176870748,train,0.1764705882352941,train,1,0,0,0,18.37209302325582,25.930232558139533,5.575326215895626,4.507710557532629,4.033214709371302,3.7959667852906387,18.50533807829182,-0.7117437722420017,5,8,-0.04579179147476815,-0.39318384276468676,-0.10776156564741254,0.025908888109934143,0.03209652684866683,-0.059136752844654285,0.0031642677898814694,0.0730353429194668,-0.07173449966431751,1.355529987111153,1.5067745221382491,-0.15124453502709612,1.4940307477162478,0.0006256416692298043,-0.5333062869953586,-0.09083724413465333,0.30437083377461827,0.9752475247524749,0.7817460317460315,-0.5780346820809301,-5.908096280087538,13.55393400288041,0.3333333333333333,0.40816326530612246,0.7909020927303656,46,0.4025974025974026,0.3273415326395459,0.0,0.0,0.0,0,1.385612031747785,0.8794134904009931,0.32170163045277533,1.4187780192588262
sz002389,2025-06-04,1.0,0.3660458767393553,0.8260869565217396,-1.9172113289760206,75.20604859889406,41.0,78.0,0.0,0,0,0,0.3605442176870748,train,0.1388888888888889,train,0,0,0,0,12.323491655969177,13.008130081300816,-1.5564202334630295,-3.11284046692607,-2.6372676178123666,2.766969303934297,6.6147859922178975,-6.1392131431041825,-5,0,0.0018013444954008292,-0.18480746180090732,-0.10181089598551105,-0.07220015452544051,-0.00517990407867268,0.01952144898958436,-0.07387292028763856,0.002922359154588659,0.03711813451628407,1.3297548867005926,1.364185166121481,-0.03443027942088839,1.3444976490452847,0.0010033885729736863,0.4710383783704038,0.04772346612198209,2.7809926433575822,1.0,1.0,1.8300653594771399,-3.90625,17.344917488846008,0.3541666666666667,0.3877551020408163,0.717481628879605,64,0.35353535353535354,0.7507118000632711,0.0,0.0,0.0,1,1.9091764263917232,1.536768675483824,0.7643387949810565,1.671504297130344
sz002398,2025-02-05,1.0,0.8942774176333578,0.41000000000000014,-1.9748653500897717,87.27154222471687,6.0,96.2,1.0,0,0,0,0.4677419354838709,train,0.1388888888888889,train,1,0,1,0,20.357142857142875,20.357142857142875,1.1834319526627057,9.270216962524657,12.426035502958577,25.44378698224852,32.93885601577908,-3.747534516765294,5,8,-0.213424174459121,-0.10063433959382913,-0.10550437034336091,-0.09485186316265704,0.04436099138022544,-0.000860449659689643,-0.08002869122397119,0.03243610185372518,0.00958496571504483,1.312608334912725,1.3915328172277892,-0.0789244823150641,1.4900356374998385,0.0005056519856690409,0.5880723942992996,-0.3483675592154439,3.8552220640759045,1.0,0.0,0.538599640933568,-6.821963394342767,28.882244357413224,0.3541666666666667,0.12244897959183673,0.8144905080212832,59,0.3655913978494624,0.5541902961562697,0.0,0.0,0.0,1,-0.4500117585857888,-0.3467866602197667,-0.979219277075738,-2.341754962778897
sz002400,2025-07-10,1.0,0.8091844614090893,0.5161290322580642,-0.5181347150259086,87.4857301551883,105.0,68.0,0.0,0,0,0,0.2938144329896907,train,0.0895522388059701,train,0,0,0,0,-0.12391573729862992,8.674101610904582,-0.5050505050505083,-1.8939393939394034,-1.6414141414141437,-1.5151515151515138,0.7575757575757569,-3.409090909090906,0,0,-0.2592522217930124,-0.34293795411432065,-0.5184986312251854,-0.08366324249635239,-0.03197650957617171,-0.018564530444632625,-0.12418594491119853,-0.04695129845058169,-0.03753561750466874,1.4110092691773959,1.645167978581931,-0.2341587094045352,1.61738727358798,0.0005781041222165935,-0.3795868350006039,-0.05630161602736531,0.44970939795835646,1.0,1.0,0.49813200498132204,-3.8140643623361226,47.49975979663335,0.20833333333333334,0.4489795918367347,0.9499713221693477,59,0.2625,0.6145603529782541,0.0,0.0,0.0,1,1.0079354993931533,1.0196516430117653,1.057358498630423,1.1778123296626752
sz002402,2025-10-23,1.0,1.033242876552857,1.286290322580646,1.3654618473895486,75.82593149280035,356.0,42.9,0.0,0,0,0,0.4677419354838709,valid,0.2,valid,0,0,0,0,15.498154981549806,15.498154981549806,6.376479572355853,5.021000381825114,7.502863688430694,-7.4074074074074066,13.5357006491027,-1.0500190912562157,5,8,-0.12724338167481067,-0.07311408751496905,-0.15441749281271086,0.017420743652467895,-0.011922643045560326,0.012227513229238186,0.04307972745222192,-0.07810150001871541,0.01668362120743561,1.6417511337739372,1.9344949447707616,-0.29274381099682434,2.6101194124214704,0.0003995925511183179,-0.2629430072446962,-0.0657919473188545,0.5836027346659978,0.6257261410788383,0.8609741060419237,-8.053571428571427,-15.186954373249872,14.216001441649116,0.3125,0.3877551020408163,0.8054541427501047,49,0.3,0.6051637279596978,0.0,0.0,0.0,0,-1.2664193181760597,-1.2249130668493313,-0.2614984192219172,0.8138524968852812
sz002403,2025-09-05,1.0,0.28220891040221624,0.5234375000000009,1.2232415902140525,80.76185665878168,73.0,79.4,0.0,0,0,0,0.3605442176870748,train,0.1764705882352941,train,0,0,0,0,10.402886349969931,10.402886349969931,7.464528069093168,7.217766810610726,2.899444787168415,-5.0586057988895705,13.263417643429975,-1.2338062924120874,5,8,-0.017577188816986593,0.025652522345661295,-0.23780116771638643,-0.02067127006661088,-0.04133773626858014,-0.020324888852183524,-0.017812924264265197,-0.07571581107344802,-0.04974881257819771,1.3141779280607682,1.659544952205752,-0.34536702414498377,1.323849293113852,0.00014587089203480877,-0.27455243463188295,-0.18833182262141482,0.5691782822396328,1.0,1.0,1.7125382262996869,-3.872832369942203,16.670760819762556,0.3958333333333333,0.3958333333333333,0.716996259451761,72,0.22580645161290322,0.853182104599874,0.0,0.0,0.0,0,-2.594677894792763,-1.8453929260287993,-0.8102324182765464,2.3547699594467453
sz002404,2025-03-13,1.0,0.8405951384928093,0.767441860465117,-0.31645569620254443,85.58619999865651,128.0,59.8,0.0,0,0,0,0.2938144329896907,train,0.1388888888888889,train,1,0,0,0,3.554868624420404,4.173106646058744,3.081664098613257,2.003081664098616,0.6163328197226425,0.6163328197226425,3.2357473035439233,-1.3867488443759624,0,0,0.08095235173607104,-0.0038955860530496197,-0.4103795027339035,-0.00015323904908959372,-0.016923360090863596,-0.022329443063339706,0.017769839434419718,-0.019803573868824743,-0.08546016434196534,1.5722122149623907,1.5217772015887248,0.05043501337366596,2.0737582342468186,2.0631361719929786e-05,0.08405886911996366,0.22016119578156831,1.1835464448227144,1.0,1.0,2.373417721518978,-4.852941176470593,30.249305051913197,0.3958333333333333,0.4634146341463415,0.8383380862636586,35,0.33962264150943394,0.319672131147541,0.0,0.0,0.0,1,-1.042394816405534,-0.8896894185883464,-1.1287898356137416,-3.0735954757015294
sz002406,2025-05-08,1.0,0.2559466046243685,0.6486486486486482,-1.2886597938144284,72.43600408468703,41.0,79.1,0.0,0,0,0,0.3605442176870748,train,0.0925925925925925,train,0,0,0,0,8.087291399229791,8.087291399229791,-2.179487179487183,-0.38461538461538325,-1.538461538461544,-1.1538461538461497,7.948717948717943,-2.9487179487179382,5,0,-0.11714213717478782,-0.22134287826829088,-0.15239702829318907,-0.023385136895987924,-0.056424502549745015,-0.030191488523483734,-0.1140394848245586,-0.1411294116324117,0.017244115668571695,1.3666634664238313,1.3623245809038826,0.004338885519948654,1.543335120767573,0.00010677650964120014,0.18573637936047924,0.16453906667684437,1.4562069940312508,1.0,0.33974358974358965,0.3865979381443285,-2.98879202988791,21.0741143714408,0.5,0.4489795918367347,0.46303534663267715,55,0.27631578947368424,0.675300063171194,0.0,0.0,1.0,1,4.781658900477503,3.1350705324554973,1.884840957528544,4.9106862924354955
sz002408,2025-05-15,1.0,0.6476526329516602,0.517241379310343,-0.42735042735041473,82.0951940481383,71.0,65.2,0.0,0,0,0,0.4677419354838709,train,0.2444444444444444,train,0,0,0,0,0.0,1.2552301255229992,-0.8421052631578996,-0.6315789473684275,-2.1052631578947323,-3.157894736842115,0.6315789473684275,-3.157894736842115,0,0,-0.07779841062983155,0.7460551861344703,0.05126635221899867,0.04077944389169223,-0.06857339990546986,-0.06770497186229545,0.02701769039923612,0.053355087832972964,-0.012764578504401283,1.3625265889691793,1.5522066412696798,-0.18968005230050045,1.4031751933320333,0.0007864817035668785,-0.37735993453290023,-0.17295976213131906,0.45205327224670117,0.785714285714286,0.575342465753425,-1.848049281314168,-4.590818363273441,20.174419185972795,0.1875,0.6666666666666666,0.8266921963586231,43,0.3384615384615385,0.27560050568900124,0.0,0.0,0.0,1,-1.6407994482173893,-1.0133524412391015,1.40940466007351,0.6797352861496853
sz002426,2024-12-02,1.0,0.37808821772380136,0.7692307692307693,-2.2292993630573354,82.36328561875825,119.0,72.9,0.0,0,0,0,0.4677419354838709,train,0.1388888888888889,train,1,0,1,1,41.853035143769986,41.853035143769986,-3.883495145631055,-2.588996763754048,8.090614886731395,19.741100323624615,43.68932038834954,-5.825242718446589,-5,8,-0.19675979537845872,-0.3365737394137946,-0.026990854871734738,-0.06885369222722422,0.03132487330965017,-0.1431874699707997,-0.10152741788552971,-0.03641336994411667,-0.19334002698588293,1.3896149209081128,1.5513188935073436,-0.16170397259923086,1.3663677860742696,0.00059614305620909,0.12776957409798512,-0.004966383060720629,1.2929720640411106,0.9878048780487803,0.9911504424778759,-0.31847133757962887,-6.0060060060060145,14.475152582410836,0.22916666666666666,0.24489795918367346,0.7252239884635309,143,0.319047619047619,0.8654028436018958,0.0,0.0,0.0,1,4.320446787590604,3.626009700418753,2.586765816784631,3.6922950461609094
sz002426,2025-02-26,2.0,0.6457093282966633,0.4545454545454534,-0.2808988764045006,79.32306494612244,40.0,81.8,0.0,0,0,0,0.2938144329896907,train,0.1764705882352941,train,0,0,0,0,6.149732620320858,6.149732620320858,-0.8219178082191747,-3.013698630136985,0.5479452054794498,2.7397260273972712,8.767123287671241,-8.493150684931505,-5,-8,0.0047996918077020615,-0.24674006531944692,-0.287568862868984,-0.09407500191010508,0.06612709870916657,0.07048302211662145,-0.10184213050687854,0.09705665866329041,0.08580332547419785,1.3929362566251924,1.576392859591615,-0.18345660296642263,1.3955579069845552,8.738203958520662e-05,-0.27081622387768967,-0.17857222516006377,0.5737916800411347,1.0,1.0,0.2680965147453085,-4.5918367346938656,13.366656213646662,0.3333333333333333,0.46938775510204084,0.6779844813573499,90,0.35251798561151076,0.8102904040404041,0.0,0.0,1.0,1,3.7509042257736214,1.8146018806597164,0.5020379628219107,1.8515326189644687
sz002426,2025-03-03,3.0,0.2906773013771554,0.5500000000000002,-0.2949852507374673,77.72112135318308,49.0,74.2,0.0,0,0,0,0.2938144329896907,train,0.0925925925925925,train,0,0,0,0,12.146892655367235,12.146892655367235,1.7291066282420609,5.187319884726227,4.0345821325648235,7.204610951008639,14.4092219020173,-1.4409221902017322,5,8,-0.08232436081954224,-0.24605557254475005,-0.18981994797815122,-0.018584381277551836,-0.06488035918791013,-0.052904507522472194,-0.06096743822840705,-0.07104841698167629,-0.039535694589760924,1.475505941612983,1.72224600693243,-0.24674006531944692,1.243705496835142,6.545657057475912e-05,-0.313107858009408,-0.2015020508311921,0.5231041287285257,0.7849462365591396,0.8165137614678898,-5.3475935828877,-9.693877551020403,14.08930307833068,0.2916666666666667,0.6530612244897959,0.596642764111322,57,0.3870967741935484,0.5528891695610988,0.0,0.0,0.0,1,-2.9448160267362966,-2.633649480320266,-2.046571633357519,-3.0764249976425684
sz002428,2025-04-07,1.0,0.782625413142171,1.388888888888891,-8.309178743961343,76.0175839081798,250.0,40.8,0.0,0,0,0,0.472,train,0.2,train,0,0,0,0,7.890499194847034,8.427267847557696,3.143631436314376,4.336043360433606,7.262872628726291,3.9024390243902474,8.943089430894325,-4.715447154471553,5,8,-0.10897547823199262,-0.17296642690055367,-0.06307156196750038,-0.038549211230732974,-0.011623742130683895,0.04292898494515055,-0.09169762313235183,-0.015449412237151103,0.08241962472049019,1.3244170422072634,1.514751577621496,-0.1903345354142325,2.1056604272755295,0.00035008910845505493,-1.0,-0.21532718483271504,0.0,0.0,0.1690647482014385,-19.870967741935488,-21.392405063291143,16.954981571812528,0.2708333333333333,0.1276595744680851,0.7188896053807358,20,0.4444444444444444,0.019880088355948247,0.0,0.0,0.0,0,-12.313961756970537,-10.632095360413397,-8.319585513381277,-15.083249334698845
sz002431,2024-11-08,1.0,0.46954158370833515,1.0476190476190488,1.2048192771084265,86.05475392293258,97.0,67.8,0.0,0,0,0,0.2938144329896907,train,0.2,train,1,0,0,0,8.064516129032274,17.741935483870975,-4.263565891472865,-10.465116279069765,-4.651162790697683,-13.1782945736434,3.875968992248069,-12.40310077519381,-5,-8,-0.2312002693735257,-0.2350402193319371,-0.17618264701157946,-0.08873635573231496,0.004950978619632276,0.01839146217222402,-0.15608127654846402,-0.08048431544490375,-0.04534034669235075,1.4431597835175562,1.608328308628228,-0.16516852511067182,1.5623844749626559,8.88922097887602e-05,-0.07966259529024883,-0.08145434146524934,0.8524305729627821,0.9843749999999997,0.9852941176470585,-0.40160642570281624,-8.14814814814816,16.452536506105936,0.3333333333333333,0.5416666666666666,0.5824524569078875,102,0.44565217391304346,0.3517524471108304,0.0,0.0,1.0,1,8.311475981234384,6.698135164180341,5.501943010425925,9.316044260255607
sz002436,2025-03-13,1.0,0.405785886320119,0.6482758620689655,-0.5730659025787954,82.34389973238741,339.0,39.1,0.0,0,0,0,0.2938144329896907,train,0.1388888888888889,train,0,0,0,0,4.119318181818188,4.119318181818188,-0.28797696184306165,2.9517638588912876,-5.183585313174954,-8.279337652987762,5.543556515478754,-5.399568034557234,5,-8,-0.19526415612205159,-0.2653477208015573,-0.06696462733176775,-0.031842945300379566,-0.03552778207325471,-0.14550929872889892,-0.056779131361779006,0.006003531584932284,-0.21663605645033623,1.2587744355303334,1.3881764945857258,-0.12940205905539237,1.3624458490136166,5.626880533173824e-05,0.24398050920096764,0.3004569264538438,1.6454344422869474,0.9340101522842635,0.9698375870069604,-0.9148486980999349,-6.25832223701731,17.004359531221755,0.2916666666666667,0.4489795918367347,0.8446973258077523,35,0.33962264150943394,0.319672131147541,0.0,0.0,0.0,1,-1.042394816405534,-0.8896894185883464,-1.1287898356137416,-3.0735954757015294
sz002437,2025-05-30,1.0,0.3936259460451166,1.2000000000000017,-3.9087947882736063,76.85865280893556,10.0,81.7,1.0,0,0,1,0.3605442176870748,train,0.2,train,1,0,0,0,11.301369863013711,23.28767123287672,0.34602076124565784,-3.460207612456745,5.190311418685112,4.498269896193774,12.456747404844283,-5.5363321799308025,-5,8,-0.07440988894550578,-0.2402337212870446,2.316263174883594,-0.08777514081880144,-0.05141628900999229,0.29916582004557657,-0.11976275956189793,-0.09210755845813841,0.2758374516023375,1.3329498107189555,1.39046261959216,-0.057512808873204646,1.5873907559800624,0.00015139637281321347,0.32290414269910556,0.380568004379574,1.9537915177514085,0.761904761904762,0.7945205479452055,-4.885993485342022,-6.109324758842439,19.959425625093758,0.4583333333333333,0.24489795918367346,0.6255087112873547,36,0.3684210526315789,0.2266835282959216,1.0,0.0,0.0,0,0.6158113548460964,0.3189202361715271,-1.0829168399006162,-1.4005150929822352
sz002438,2024-10-17,1.0,0.26078896562322906,0.457142857142858,1.746323529411753,74.63862638754945,151.0,55.4,0.0,0,1,0,0.3605442176870748,train,0.575,train,0,0,1,0,28.12227074235809,28.12227074235809,3.615520282186946,16.402116402116395,13.668430335097014,19.576719576719583,20.98765432098766,-1.7636684303350858,5,8,-0.0009804970138664892,0.09905716458676787,0.1263958750895529,0.06856578361684845,0.03592573723807513,-0.047541150176430666,0.04814622161113476,-0.061128024711896184,-0.00036721529727823594,1.4548801662025757,1.4397667993287704,0.015113366873805267,1.7070586963884555,0.0,-0.13956592774096857,-0.027447031400604154,0.7550542283803822,0.0,0.0,,-9.98427672955976,19.55889829441752,0.375,0.30434782608695654,0.49683468072796055,44,0.45,0.21660877802336595,0.0,0.0,0.0,1,-2.633550538543461,-4.777710914487033,-5.242053986906104,-8.108070613125607
sz002441,2025-10-09,1.0,0.4222271383535155,0.7592592592592607,0.3293084522502765,75.59762347243161,45.0,82.7,0.0,0,0,0,0.2938144329896907,valid,0.2,valid,0,0,0,0,12.729234088457385,13.16073354908307,1.1917659804983716,-0.8667388949079147,2.9252437703141787,3.250270855904658,4.658721560130008,-4.333694474539551,0,0,-0.03222877469170048,-0.023530748563409327,-0.3753886694528275,-0.05296209303345008,-0.027859321319184272,0.0,-0.06363912624897669,-0.0051988268549525785,-0.09030747912388641,1.4672170609554653,1.511120072775575,-0.04390301182010958,1.6305737243835452,7.55677756200483e-05,0.4323496700896219,0.2961056933017786,2.523295759056045,0.26229508196721285,0.23188405797101427,-4.629629629629639,-5.117707267144322,20.466296520572158,0.3333333333333333,0.6470588235294118,0.6484358874529429,78,0.3445378151260504,0.6029040404040404,0.0,0.0,0.0,1,1.510839413379128,3.0751261522627527,3.1408010581001067,2.393640022264143
sz002442,2025-11-21,1.0,0.47159701139654603,0.8857142857142855,-1.2519561815336422,76.59061259229944,76.0,56.1,0.0,0,0,0,0.1929824561403508,valid,0.288135593220339,valid,0,0,0,0,13.057324840764316,13.057324840764316,1.2638230647709303,2.211690363349117,4.581358609794628,8.214849921011048,12.164296998420209,-0.4739336492891044,5,8,-0.1654939393960435,-0.18485988790816738,0.06464747264852293,-0.004049152180642893,-0.02628032321039759,-0.013250278604273337,0.044486225193241934,0.05161962539065537,0.03731493766744303,1.5787103425546662,1.5466464287556005,0.0320639137990657,1.5331305639198196,0.0007031194269151899,0.6640704458705446,0.4276604092281547,4.953629192236151,0.23529411764705913,0.34848484848484906,-3.9755351681957207,-5.705705705705699,14.334613876255993,0.4791666666666667,0.9047619047619048,0.3977789960975656,25,0.4186046511627907,0.05880503144654088,0.0,0.0,0.0,0,-5.798584672217877,-5.7778123543933635,-3.771109074967871,-6.1522985485811255
sz002443,2025-06-23,1.0,0.42253094858437296,0.5624999999999997,1.757188498402562,78.27963913012553,21.0,87.1,0.0,1,0,0,0.472,train,0.288135593220339,train,0,0,0,0,4.5592705167173175,9.422492401215798,0.0,-1.6949152542372947,-2.003081664098616,3.2357473035439233,4.160246533127876,-3.081664098613257,0,0,0.05879771972102114,-0.13318749374832856,-0.031261918927144104,0.07162983983812918,-0.057202589206562626,-0.01546197123787548,0.0941024061248692,-0.09990994858703144,-0.0897763764662873,1.552370059033209,1.4923789444230136,0.05999111461019546,1.7767813284068392,5.979122385612065e-06,-0.2186081065562672,-0.05488835126133452,0.6412167203219351,1.0,1.0,1.5432098765431945,-3.9416058394160514,32.363388946645955,0.4583333333333333,0.3333333333333333,0.5842821269375293,63,0.2222222222222222,0.7856917743460448,0.0,0.0,0.0,0,-1.1262797968591975,-1.6234572151088922,-0.4102824127171778,-1.9291625956394776
sz002446,2025-04-23,1.0,0.38257537852250445,0.7499999999999994,0.6535947712418277,79.46741635557237,12.0,80.6,0.0,0,0,0,0.472,train,0.5,train,0,0,0,0,9.733124018838302,11.302982731554145,7.568438003220601,2.5764895330112836,3.0595813204508993,11.594202898550732,12.560386473429963,0.0,5,8,-0.09774874178399472,0.02298238795894566,-0.1055618034006707,0.060663142140267655,-0.018266125909892593,0.1096666952966353,0.11129708879950119,-0.1260686683052529,0.08179461718819309,1.3387962201079886,1.4735211301225521,-0.13472491001456355,1.3962836112534407,7.717134320738486e-05,-0.04127404787083198,0.1666112982814231,0.920723947830587,0.796116504854369,0.5815602836879434,-3.1914893617021267,-4.925373134328359,18.646304590674426,0.4583333333333333,0.6122448979591837,0.6437602772721751,57,0.39361702127659576,0.5167192429022082,1.0,0.0,0.0,1,2.557436163190263,1.4051899990645822,0.37271851053393146,2.205064785215516
sz002448,2025-08-05,1.0,0.43799107089321515,0.5970149253731323,0.45351473922901064,80.25282430561477,80.0,69.4,0.0,0,0,0,0.2938144329896907,train,0.1764705882352941,train,0,0,1,0,21.17263843648207,28.121606948968502,0.864864864864856,-0.324324324324321,0.432432432432428,6.81081081081083,9.189189189189184,-1.297297297297284,5,8,-0.16431097832110853,-0.024014545119887116,-0.08822269186859494,0.03673991698339674,-0.05934470460823061,-0.040670108863416904,0.03484839314286612,-0.20203761012270666,-0.05632344647096353,1.3639754884626163,1.4918617037460313,-0.12788621528341504,1.425330540694066,4.783644943052407e-05,-0.24197113924344502,0.04397658091401858,0.6103433782030663,1.0,1.0,2.905027932960902,-4.162330905306955,17.574471339695247,0.3958333333333333,0.6818181818181818,0.5279993567981184,43,0.328125,0.7726986128625473,0.0,0.0,0.0,1,0.20071644861132665,-0.8322167345562237,-1.169903926631266,-2.6268987151761625
sz002453,2025-10-17,1.0,0.7798356052582841,0.742857142857143,0.14858841010401136,81.92529661193653,278.0,41.2,0.0,0,0,0,0.2938144329896907,valid,0.2,valid,1,0,0,0,14.432989690721643,24.742268041237114,1.185185185185178,0.7407407407407307,-0.7407407407407418,-2.2222222222222254,4.444444444444451,-1.9259259259259198,0,0,-0.2167188985688622,-0.07145171543574261,-0.3051363203855112,-0.012650360417961946,-0.08861717754691237,-0.09522520842096725,0.0013752390286478641,-0.1647561070569928,-0.15672857396874218,1.4842939301168487,1.659774501366659,-0.1754805712498102,1.6347804551813778,0.0004060413487666995,-0.07646285624806294,-0.021795349954167376,0.8579368423085791,0.2365038560411311,0.27737226277372257,-30.43032786885246,-30.43032786885246,22.863263857671978,0.2708333333333333,0.24489795918367346,0.9075105810659724,33,0.35294117647058826,0.12720403022670027,0.0,0.0,0.0,0,-4.623710088325572,-5.165536956362271,-2.2222934109761616,-5.714016176151693
sz002455,2024-10-24,1.0,0.6744151563845726,0.9189189189189183,-0.7712082262210873,76.9472542395357,89.0,67.2,0.0,0,0,0,0.3461538461538461,train,0.2444444444444444,train,0,0,1,0,24.51612903225806,24.51612903225806,2.445302445302455,3.346203346203347,3.217503217503226,15.315315315315337,17.117117117117118,-0.3861003861003742,5,8,-0.25337001820662364,-0.12197347031488624,-0.023608036769862797,0.0030740738064226883,-0.021181579342390015,-0.0481533650360578,0.006939746688778163,-0.04605568739197324,-0.05695020072829742,1.46640144641858,1.452852970269837,0.013548476148742994,1.7418293002796585,9.888283654513852e-07,0.19050468648959454,0.3645311124818897,1.4706752054275993,0.423076923076923,0.0,-10.404624277456653,-15.300546448087438,18.293546490081752,0.4583333333333333,0.3404255319148936,0.6931464469721041,82,0.31092436974789917,0.41616671929270604,0.0,0.0,0.0,1,6.466434839094926,5.678473230879644,3.7118128540365003,6.963942926538169
sz002456,2024-11-01,1.0,0.29961792803237397,2.495726495726492,-0.05668934240363743,81.35368881785246,349.0,39.6,0.0,1,0,1,0.8214285714285714,train,0.4444444444444444,train,1,0,0,0,18.639798488664972,18.639798488664972,17.960837272113416,12.086428089128965,17.08305199189737,7.765023632680634,27.211343686698175,0.0,5,8,0.04772954918713647,-0.1421610848182911,0.6461011362776877,0.08281476335373168,-0.04813728282109761,0.1642425373263312,0.09407446581515898,-0.11396875337861043,0.14886618220324793,1.456355845069693,1.7207061565538473,-0.26435031148415433,1.6326477953028402,0.0004907525775909133,-1.0,0.13025666636703648,0.0,0.7894736842105263,0.0,-9.977324263038545,-15.531914893617015,33.20111633289007,0.20833333333333334,0.10204081632653061,0.842164219276197,83,0.484472049689441,0.23213156230234028,0.0,0.0,0.0,1,-0.7477386348638038,0.38098087850813034,-1.678302182705016,-5.1435461300810115
sz002470,2024-11-01,1.0,0.3121880961966372,1.6000000000000014,0.0,79.83185366263918,165.0,51.6,0.0,0,1,0,0.472,train,0.2,train,0,0,1,1,22.598870056497166,40.112994350282484,1.1299435028248705,14.689265536723163,15.254237288135597,2.259887005649719,22.598870056497166,-1.6949152542372947,5,8,-0.07906908641419193,1.0876032888527631,-0.14638590742474908,0.002252629980509332,0.08071109312230004,-0.04123261912296271,-0.0158787582916646,0.010629201863150724,-0.16196050713190224,1.413286398455916,1.594078571849847,-0.18079217339393083,1.5198686481607677,7.174859154570763e-05,-0.059111266721132365,-0.184539289187845,0.8883757191930683,0.9354838709677419,0.0,-1.1173184357541888,-8.290155440414503,13.230059250319213,0.4166666666666667,0.42857142857142855,0.44794479498909595,83,0.484472049689441,0.23213156230234028,0.0,0.0,0.0,1,-0.7477386348638038,0.38098087850813034,-1.678302182705016,-5.1435461300810115
sz002470,2025-02-24,2.0,0.29372235764167115,0.5384615384615377,2.564102564102577,77.61652771091364,7.0,85.1,1.0,0,0,0,0.1929824561403508,train,0.0,train,0,0,0,0,0.9708737864077666,0.9708737864077666,-1.9607843137254943,-2.450980392156865,-5.392156862745101,-8.333333333333325,1.9607843137254832,-6.372549019607854,-5,-8,-0.33469761294966216,-0.4704303135727138,-0.4853191783672009,-0.07117389619825965,0.008039894098022643,-0.000431437332977241,-0.010847740569362739,-0.005384920698092762,-0.02069154145345609,1.5222978043022486,1.6444922243377025,-0.12219442003545389,1.7227280091985349,0.0,-0.5748391852824556,-0.47959930535326395,0.2699709396939407,1.0,1.0,2.4875621890547484,-3.2863849765258135,33.35815275182667,0.3958333333333333,0.5714285714285714,0.6601943683956286,73,0.3482142857142857,0.5539432176656152,1.0,0.0,0.0,1,2.9046531678455167,1.618050687444561,0.5654002536303437,1.7797821554438098
sz002474,2024-11-05,1.0,0.7659072012143661,0.5609756097560984,0.0,82.25201195125705,57.0,81.4,0.0,0,0,0,0.3605442176870748,train,0.1764705882352941,train,1,0,0,1,19.685039370078748,43.937007874015755,0.9508716323296529,8.082408874801917,13.629160063391454,-0.47543581616480424,20.443740095087158,-0.9508716323296307,5,8,-0.37619484536276754,-0.06716724562725752,-0.06613778499808502,-0.014163696876013942,-0.10556468706008285,-0.053097122202463064,-0.04917446930246404,-0.17661898840803214,-0.12075796498272022,1.4851104527622518,1.6387360821510264,-0.15362562938877455,1.5925435495250966,0.00019289905899765532,-0.2360123162575077,0.01779297221042584,0.6181068535431365,0.771929824561403,0.771929824561403,-3.9334341906202774,-9.285714285714286,16.944863059858964,0.3125,0.4791666666666667,0.7903082978887749,151,0.2524752475247525,0.9310998735777497,0.0,0.0,0.0,1,4.724492467741936,5.151666694594859,3.0556490529471736,5.168529840870284
sz002476,2025-08-21,1.0,0.3065330647886107,0.909090909090909,0.3527336860670305,79.41502515977047,115.0,60.9,0.0,0,0,0,0.3461538461538461,train,0.0925925925925925,train,1,0,0,0,5.410122164048858,12.390924956369975,-1.9163763066202155,-2.0905923344947785,-8.013937282229966,-3.658536585365857,1.0452961672473782,-10.801393728222997,-5,-8,-0.16640726297662486,-0.09578776800253835,-0.20209805519263147,-0.01613288517200207,0.0028954884202784937,-0.053867458585468236,-0.069094707590493,0.07763366566403287,-0.08108458559351568,1.3121363472252263,1.3198169002647064,-0.00768055303948012,1.5013783167083303,0.0017664863666757606,0.19523860407112315,-0.03779918936088417,1.4852086719338062,1.0,1.0,1.0582010582010692,-6.525285481239795,27.985362010305103,0.3125,0.24489795918367346,0.652987505565767,39,0.4507042253521127,0.46990230066183425,0.0,0.0,0.0,1,3.9684067376312138,4.2663462152485065,2.7497960792828957,5.094232984893354
sz002476,2025-09-19,2.0,0.378632882279043,0.7878787878787871,-3.145695364238421,75.14966050185964,224.0,50.2,0.0,0,0,0,0.3461538461538461,train,0.1388888888888889,train,0,0,0,0,8.783783783783793,8.783783783783793,-2.500000000000002,-3.500000000000003,-4.666666666666675,1.6666666666666607,5.666666666666664,-7.333333333333336,-5,-8,-0.1273786131716461,-0.1487862030798502,-0.14466863386876289,0.015529385671283867,0.055245100561706235,0.0006967733389152703,-0.04530757851593562,0.1003329556675342,0.005721990468280089,1.390771958653599,1.189731579424611,0.20104037922898788,1.5517211889857794,0.025654031841849948,0.34388995140026596,0.3869968836790087,2.048269119286296,0.8481012658227847,0.9090909090909091,-1.9867549668874163,-4.207119741100318,16.50415672770326,0.6666666666666666,0.2857142857142857,0.4691575974112645,46,0.3783783783783784,0.4027078085642317,0.0,0.0,0.0,1,0.20617726446070517,0.3161820639782098,-0.44401832995060175,2.3367787338653745
sz002478,2024-12-20,1.0,0.4477996270486894,0.46153846153846234,0.0,78.35518033477831,490.0,32.8,0.0,0,0,0,0.3461538461538461,train,0.288135593220339,train,0,0,0,0,2.398523985239853,2.398523985239853,-2.957486136783738,-0.3696857670979714,0.9242144177449063,-4.251386321626627,2.5878003696857554,-3.3271719038816983,-5,0,-0.08830916640865813,-0.1000548065367236,-0.09318224065205434,0.018706607527705706,-0.03268576724098576,-0.02115896489486716,0.053963802563462046,-0.02950760631245067,-0.046692141865600306,1.6425901062828767,1.4641556604366193,0.17843444584625745,1.5128289725712545,6.199385525263507e-06,-0.2350208679201252,-0.09055423106407574,0.6194058351160993,0.7586206896551715,0.6229508196721306,-1.2750455373406244,-2.3423423423423406,33.152764745231465,0.5,0.7209302325581395,0.5431999124392198,76,0.2830188679245283,0.5759873617693523,0.0,0.0,0.0,1,-1.309760082485123,-1.1875990683153037,-0.1382265468193089,-1.145147143153824
sz002479,2025-04-22,1.0,0.4017306926492394,1.185185185185185,2.851711026615966,77.7874238489304,147.0,61.5,0.0,0,1,0,0.472,train,0.288135593220339,train,0,0,0,0,10.634328358208943,10.634328358208943,-0.7532956685499026,7.53295668549907,0.18832391713747842,-0.941619585687381,11.67608286252355,-1.506591337099794,5,8,-0.07156178280806284,0.8821796256692042,-0.05743049344841653,0.02669786079534563,0.0335896429065554,0.007907615584568995,-0.008883117832757094,0.04034841765972248,-0.009138664011830864,1.3551119555244466,1.3487615460643771,0.006350409460069484,1.6629061277150565,0.00041802794493839377,-0.06769171201705255,0.18689002670592061,0.873199892337515,1.0,1.0,1.9011406844106515,-5.633802816901401,34.66325789250098,0.3333333333333333,0.4489795918367347,0.675925571802018,71,0.2828282828282828,0.5232080833596463,0.0,0.0,0.0,0,0.5966102362102266,0.3868785089032878,0.6039878180431613,-0.10194263425485905
sz002482,2025-09-02,1.0,0.3063844473931105,0.7857142857142854,-0.5524861878453025,82.46069905242594,34.0,70.7,0.0,0,1,0,0.3605442176870748,train,0.1388888888888889,train,0,0,0,0,14.438502673796783,17.647058823529417,-3.1746031746031633,-1.5873015873015817,-1.5873015873015817,6.349206349206349,6.8783068783068835,-4.761904761904756,5,0,-0.6281207072185424,0.040151675797573484,-0.36664880802547,-0.015548061406937791,0.0857700405647925,-0.019454086315344708,-0.13064027357512956,0.0071172586385303774,-0.015766735327233532,1.5479007877161655,1.556560232100961,-0.0086594443847956,1.5255032427548076,2.2987613931718446e-05,-0.3897017869804386,-0.22656443927913805,0.43915768025716145,1.0,1.0,0.5376344086021501,-5.5555555555555465,25.825717601222703,0.4166666666666667,0.46511627906976744,0.5180847113921876,42,0.5,0.24291115311909262,0.0,0.0,0.0,1,-2.1746206550601777,-0.03411656694258802,0.8503431878588374,4.744332027242515
sz002482,2025-09-18,2.0,0.501295627375727,1.076923076923075,-0.5025125628140725,85.75246452045432,48.0,69.6,0.0,0,0,0,0.472,train,0.2,train,1,0,0,0,10.000000000000009,10.000000000000009,-4.5000000000000036,-9.499999999999996,-11.5,-10.499999999999998,1.0000000000000009,-12.0,-5,-8,-0.2847950498060923,-0.0994896429330472,-0.2594600128898974,0.07537947395745728,9.39449870092916e-05,-0.06661633119568484,-0.05154307518403698,-0.09279950059083,-0.1349802715055375,1.5022704462676268,1.50370515374403,-0.0014347074764031742,1.592811338132236,0.0004692418215280577,-0.21455839954863448,-0.006758173058235975,0.64668903590248,0.9583333333333341,0.9600000000000009,-0.4975124378109319,-6.542056074766355,22.404326757440472,0.5416666666666666,0.391304347826087,0.578420002897297,45,0.5833333333333334,0.17133858267716534,0.0,0.0,0.0,1,1.034024121508681,1.083544789745683,-1.0977379349255023,1.3787119621627042
sz002487,2025-01-17,1.0,0.3191673305727461,0.8861788617886175,0.8167432363450855,79.51381019980158,55.0,71.4,0.0,0,0,0,0.2938144329896907,train,0.0925925925925925,train,0,0,0,0,3.066867772750115,26.194067370537955,-0.20273694880891258,2.736948808920414,1.7739483020780433,1.976685250886967,3.9026862645717086,-0.9123162696401454,0,0,-0.05170148121390795,-0.06158628952500576,-0.3093144827801068,-0.03747203322734029,-0.004218274734276981,-0.002612357885560866,-0.07168423991294615,-0.031854273190491084,-0.009809394478568987,1.4692140817363066,1.4982014317552341,-0.028987350018927494,1.6801613029117315,0.0,0.3815188761759199,0.43590012966168334,2.2337284404638953,0.912087912087914,0.0,-0.40060090135202175,-5.195424213536704,43.41995603794667,0.5,0.5476190476190477,0.6648102291388382,52,0.3246753246753247,0.5048911328494793,0.0,0.0,0.0,0,5.350054188379194,4.060372253559219,2.139657470691203,4.655985243391303
sz002489,2024-12-16,1.0,0.5081931615095224,0.7999999999999996,-0.2702702702702786,78.25417692300017,11.0,86.3,0.0,0,0,0,0.2938144329896907,train,0.1388888888888889,train,0,0,0,0,-0.7692307692307665,-0.7692307692307665,-5.958549222797926,-9.067357512953366,-13.212435233160614,-14.24870466321243,0.2590673575129543,-13.471502590673579,-5,-8,-0.14969067098051062,0.10300281770828257,-0.12126234204826056,-0.08947967491915845,-0.04351754392357043,-0.02227380016522385,-0.22118296086193318,-0.07374884568614627,-0.08268935797557347,1.3935627052655077,1.3544428513639382,0.03911985390156958,1.4376520215925008,4.032906780190299e-05,-0.4900992626080662,-0.13089134025964752,0.34219246340641307,1.0,1.0,4.557640750670244,-3.9408866995073843,15.588623246700164,0.4583333333333333,0.7872340425531915,0.5548557511206601,94,0.4502923976608187,0.3730259001895136,1.0,0.0,0.0,1,-0.40861158444992496,-0.580239921283443,-1.3797610772509072,-2.09438442733485
sz002489,2025-04-29,2.0,0.2609347430155684,0.5263157894736836,0.31055900621117516,77.67412320112865,29.0,76.6,0.0,0,0,0,0.3605442176870748,train,0.5208333333333335,train,1,0,1,1,32.23880597014923,32.23880597014923,0.5763688760807018,5.187319884726227,4.322766570605174,20.172910662824208,27.665706051873173,-1.1527377521613813,5,8,-0.214617651329866,-0.16184164478909152,-0.3930684501691628,0.021654682185940195,0.015343581277569091,-0.007799321419772615,0.01611494508986286,-0.025665545306702443,-0.14013883627911997,1.8842527839297425,1.5728378049398308,0.31141497898991166,1.3579144071376885,0.0023886758684223707,0.39094562913633746,-0.07376471594288572,2.2837790773324933,0.4347826086956521,0.4347826086956521,-13.436692506459947,-14.102564102564097,26.33402370449484,0.4583333333333333,0.4594594594594595,0.42401567544925506,53,0.345679012345679,0.614308426073132,0.0,0.0,0.0,1,-0.7720404928146074,-0.34321804186152605,-0.23455634561134753,0.18201839163072275
sz002491,2024-11-21,1.0,0.334606342322924,0.7272727272727258,-0.9049773755656076,75.92404165616354,117.0,64.6,0.0,0,0,0,0.2938144329896907,train,0.0925925925925925,train,0,0,0,0,7.3593073593073655,29.87012987012987,-1.7391304347826098,-1.9565217391304346,-0.43478260869563856,3.4782608695652195,4.565217391304355,-4.999999999999993,0,0,-0.10660783687453285,-0.19867339878109555,-0.12249059236144699,0.005188308351481406,-0.02525553015648317,-0.06090519171397974,0.009285525944242007,0.022351424740954137,-0.07052274023815717,1.417216716850985,1.538716825044312,-0.1215001081933269,1.3643342994895549,2.1293419793561215e-05,-0.4774823817726022,-0.20774020946250926,0.35365404330609335,1.0,1.0,0.2169197396963085,-3.347280334728031,15.185774457182363,0.375,0.7894736842105263,0.6117800056794115,97,0.31690140845070425,0.4946270543615676,0.0,0.0,0.0,1,-0.15985960631844653,-1.529905104631879,-1.245691703952978,-2.959295780239557
sz002491,2025-01-08,2.0,0.28914557349048436,0.5238095238095254,-1.13378684807256,69.5527541570177,213.0,50.0,0.0,0,0,0,0.2938144329896907,train,0.4,train,0,0,0,0,12.780269058295968,22.64573991031389,1.3605442176870763,-4.761904761904756,2.26757369614512,3.4013605442176686,6.122448979591821,-9.977324263038545,-5,-8,-0.11949529318314989,0.10091032586955746,0.05674984591681896,-0.004282610223838151,-0.011321491523508136,-0.027619768084011433,-0.05953575524453484,0.058823378468193036,-0.008599999993109366,1.4518764049677553,1.405792216592811,0.046084188374944324,1.6769257147412033,2.6766556143231884e-05,-0.32855226201278576,0.13346132607823497,0.5053980616238283,0.0,0.0,,-10.97804391217565,16.798391338456025,0.5,0.2765957446808511,0.45552821413036093,58,0.3176470588235294,0.3686373695858362,0.0,0.0,1.0,0,-4.967303583996907,-4.613318987803194,-3.702640382530642,-6.217405730810643
sz002492,2025-06-20,1.0,0.34030007741047624,0.9591836734693886,-1.0067114093959662,84.76042288170633,2.0,92.0,1.0,1,1,0,0.7647058823529411,train,0.575,train,0,0,0,1,8.97009966777409,31.06312292358804,1.6181229773462924,-4.53074433656957,-5.501618122977348,-5.016181229773453,6.148867313915862,-6.6343042071197456,5,0,0.08880887701220762,0.03585582081925715,-0.11423037639177326,0.05479351063568626,0.027340359086970627,-0.04688907059597624,-0.029092077481039917,0.053268336395504684,-0.11769625318282274,1.711787093754514,1.7368442952132819,-0.025057201458767775,1.73608647036899,0.0001424438171290729,0.05251797845087617,0.0866010422671563,1.1108579946773234,0.3695652173913042,0.6116071428571427,-12.62699564586357,-12.753623188405804,22.085861755764906,0.3541666666666667,0.4523809523809524,0.5596701296486181,36,0.3333333333333333,0.3026771653543307,0.0,1.0,0.0,0,-1.7428227210238179,-1.7547472799785746,-0.4538579987248048,-1.6601623564296841
sz002492,2025-06-23,2.0,0.3289643418989884,0.7368421052631564,2.657807308970095,77.863335892552,72.0,76.7,0.0,0,0,0,0.3605442176870748,train,0.288135593220339,train,0,0,0,0,3.6624203821655987,25.636942675159236,-1.3333333333333308,-3.3333333333333326,-2.3333333333333317,-0.8333333333333304,1.6666666666666607,-3.833333333333344,0,0,0.06054079284692546,-0.20683504243579243,-0.12008433068921251,-0.029725676461211784,-0.13065868986821455,-0.023313860947940322,-0.06502601258347418,-0.13527977075626418,-0.08596142324465009,1.582612690301717,1.4938038132895093,0.08880887701220774,1.5399044975770833,6.294726003718478e-05,-0.14448135068072313,-0.001329985723001621,0.7475164613302131,0.541353383458647,0.7276785714285716,-8.853410740203183,-8.985507246376812,28.547723439536213,0.5,0.35555555555555557,0.45517818972233176,63,0.2222222222222222,0.7856917743460448,0.0,0.0,0.0,0,-1.1262797968591975,-1.6234572151088922,-0.4102824127171778,-1.9291625956394776
sz002495,2025-05-14,1.0,0.6024272515472457,0.6666666666666666,0.3937007874015741,85.01580986492185,104.0,64.4,0.0,0,0,0,0.3605442176870748,train,0.2444444444444444,train,0,0,0,0,9.923664122137389,9.923664122137389,0.37878787878786735,3.7878787878787845,3.409090909090895,3.0303030303030276,7.954545454545459,-2.6515151515151603,5,0,-0.157949740035336,-0.006470440768239258,-0.016717944044340776,0.03038300876153609,0.012772073519940716,-0.07668222653774222,0.08789285903536172,0.05664143344392014,-0.14306872478704435,1.5653658126773964,1.7000962562158404,-0.134730443538444,1.4485588128162086,0.0,-0.16870797069207125,0.05371108610674136,0.7112914861149312,0.9259259259259258,0.9555555555555555,-0.7575757575757569,-4.727272727272725,22.250544323576104,0.4791666666666667,0.5217391304347826,0.5862878212926114,56,0.3,0.474565560821485,0.0,0.0,0.0,1,0.7997241787630838,0.8491396200793977,2.9121780382067364,4.339176863627037
sz002495,2025-06-04,2.0,0.32650911844988684,0.6,0.0,79.62641855271274,104.0,67.5,0.0,0,0,0,0.3605442176870748,train,0.1388888888888889,train,0,0,0,0,4.727272727272713,4.727272727272713,-4.946996466431097,-2.1201413427561877,-4.240282685512375,-10.600706713780927,1.7667844522968101,-6.360424028268552,-5,-8,-0.31108070072258465,0.10258787783736133,-0.29073921251684703,-0.045449527082413614,-0.06334453582117831,0.08591886565843865,-0.12204623420625432,0.0007581229545604326,0.0735464745481269,1.578673525238537,1.5558428105857587,0.022830714652778417,1.7861414957026727,1.8624186891885824e-05,-0.15757448388355358,0.06233790821092183,0.7277505921607637,0.8750000000000007,0.9491525423728817,-1.0791366906474753,-4.181184668989546,31.30474335123235,0.5,0.42857142857142855,0.5143745248078341,64,0.35353535353535354,0.7507118000632711,0.0,0.0,0.0,1,1.9091764263917232,1.536768675483824,0.7643387949810565,1.671504297130344
sz002496,2024-09-27,1.0,0.4288666485486171,0.47058823529411825,1.8348623853211121,79.34249536115227,335.0,56.4,0.0,0,0,0,0.1929824561403508,train,0.0895522388059701,train,1,0,0,0,16.883116883116877,16.883116883116877,2.9288702928870203,-8.786610878661083,-15.899581589958167,-15.481171548117157,12.970711297071125,-17.154811715481177,5,8,0.05010441629340425,-0.5341867449766292,-0.38009444454825053,-0.07472167022700679,-0.1889144485627478,0.0035450793772562063,2.076754052964412e-05,-0.25872938580518473,0.044130129332172315,1.484794873417217,1.568171499681114,-0.08337662626389708,1.649501463941122,0.0,-0.5379479645607668,-0.37318874189149437,0.3004341148636936,1.0,0.0,5.000000000000004,-3.347280334728031,20.94773914913472,0.4791666666666667,0.55,0.5396122332218004,123,0.3910891089108911,0.9636880328386486,0.0,0.0,0.0,1,15.080237492141846,15.633937572466227,15.70219918797262,22.705317216442488
sz002496,2024-12-10,2.0,1.0459522723813937,1.0,2.8000000000000025,87.11320938972268,448.0,35.7,0.0,0,0,0,0.3605442176870748,train,0.5,train,0,0,0,0,6.374501992031889,6.374501992031889,7.258064516129048,0.8064516129032251,-3.629032258064513,-19.758064516129036,7.6612903225806495,-4.032258064516137,5,-8,-0.02405880422741027,-0.10500545213035693,-0.12008626999683204,0.04531202822788579,-0.0893110170618876,-0.016329266163995472,0.05789251871807897,-0.16104746641798576,-0.14571950287899627,1.4176038063987708,1.5237582844009707,-0.1061544780021999,1.5145265689233538,0.0,-0.07668082305666085,0.04269777692614949,0.85756071546075,0.9285714285714279,0.9473684210526312,-1.1811023622047334,-6.691449814126404,15.305537991956992,0.375,0.4375,0.714813742633673,95,0.4378698224852071,0.4913112164296998,0.0,0.0,0.0,1,0.9319677872892562,1.0109875208708985,1.1069560821917346,0.8262040332601472
sz002501,2024-09-23,1.0,1.674572384403226,0.5,0.0,86.3124650846265,83.0,66.5,0.0,0,1,1,0.472,train,0.4,train,1,0,1,1,40.74074074074075,107.40740740740739,1.869158878504673,11.214953271028016,28.971962616822424,13.08411214953269,42.05607476635513,-0.9345794392523366,5,8,0.2799830783018713,0.46566005980345737,0.750059848782497,-0.08153657141906369,0.05152996832806385,0.08044230509736382,-0.1505519995095185,0.10597989594504348,-0.009268872974181108,2.1164908301302554,1.2315926920867855,0.88489813804347,2.0077541308185105,0.0,0.16040042901657034,0.03854071132681105,1.382087925149109,1.0,0.0,2.857142857142869,-2.7027027027027084,121.40014485833825,0.4791666666666667,0.3469387755102041,0.6955092871176024,53,0.29333333333333333,0.5134281200631912,0.0,0.0,0.0,0,0.008698193691514255,-0.04234540386021113,1.2699612702979035,-1.373070749407601
sz002510,2024-12-10,1.0,0.5452582238999721,0.9259259259259258,1.4836795252225476,84.98132672439017,57.0,74.3,0.0,0,0,0,0.3605442176870748,train,0.2,train,1,0,0,0,12.42690058479532,12.42690058479532,3.5555555555555562,7.259259259259254,-3.8518518518518507,-10.518518518518515,13.925925925925942,-4.592592592592581,5,8,-0.13887468495229313,-0.028674131858304305,-0.2551544204761004,-0.055648669943581364,-0.09373425122737795,-0.05514439103581751,-0.05367499307282728,-0.14492040650035526,-0.11305532269461116,1.400850113355441,1.6506794846661799,-0.2498293713107389,1.7170287533601036,0.00017627941590563808,0.2128623305792954,0.12645828677806747,1.5408515914019254,0.526315789473684,0.6789215686274509,-16.07361963190185,-20.741599073001172,16.89638285316841,0.25,0.14285714285714285,0.8582302307861736,95,0.4378698224852071,0.4913112164296998,0.0,0.0,0.0,1,0.9319677872892562,1.0109875208708985,1.1069560821917346,0.8262040332601472
sz002510,2024-12-25,2.0,0.2886818490545613,0.514285714285714,0.3311258278145601,75.46966045502408,46.0,65.9,0.0,0,0,0,0.1929824561403508,train,0.2,train,0,0,0,0,2.0569620253164445,5.854430379746844,1.9292604501607746,-2.0900321543408373,-10.12861736334405,-11.414790996784562,3.6977491961414755,-11.414790996784562,-5,-8,-0.13162680694701476,-0.3163234233366557,-0.09755166812574072,-0.04259050764769703,-0.04184900482870257,-0.033997542109614885,-0.06361566587349435,-0.11775513259820694,-0.09686966023286818,1.5209104125310322,1.483584366672965,0.037326045858067314,1.3354449984735015,1.563848802556765e-05,0.01915874247524173,-0.08030700232708123,1.0390659392195443,0.24309392265193386,0.5514705882352942,-17.81534460338101,-17.81534460338101,15.435581463405976,0.375,0.5,0.520618096974741,31,0.41509433962264153,0.1920278392913635,0.0,0.0,0.0,0,-1.6330416480648813,-0.8206902667557303,1.1095971729297327,-0.03820379410494068
sz002512,2025-10-29,1.0,0.2843461638530288,1.1509433962264135,1.8518518518518379,83.6609896189497,135.0,62.2,0.0,0,0,0,0.3461538461538461,valid,0.1764705882352941,valid,1,0,1,1,24.66281310211944,61.271676300578015,3.0303030303030276,-5.4545454545454675,6.8686868686868685,6.8686868686868685,20.606060606060606,-9.898989898989907,5,8,-0.12472715928864493,-0.21702832034405456,-0.08465150314289752,0.01007902708502887,0.021817581428328132,-0.05592175508971978,0.016409383343801463,-0.02229010883961645,-0.0588904343197706,1.2877109441573695,1.4782665337349958,-0.1905555895776263,1.441420450685361,0.0012870089229343547,0.25093059254610905,0.2603488775966733,1.6699795507575983,0.888888888888889,0.888888888888889,-3.888888888888886,-10.517241379310338,22.751935082040458,0.22916666666666666,0.22448979591836735,0.7521572146777457,53,0.3764705882352941,0.47954688483322844,0.0,0.0,0.0,1,3.5133974543947843,4.944800556012119,3.3808477606220633,8.660492177475309
sz002512,2025-11-19,2.0,0.31196728163128296,0.4599999999999991,-0.8849557522124019,76.76289620276005,230.0,46.4,0.0,0,0,1,0.2938144329896907,valid,0.4,valid,1,1,1,1,43.8144329896907,43.986254295532646,0.7142857142857117,-10.892857142857137,7.857142857142874,2.6785714285714413,14.46428571428573,-15.892857142857142,-5,-8,-0.060284454283951704,-0.15304027138481577,1.998662938231847,-0.021864089762896097,-0.03399453694941572,0.4363675646157914,-0.003752681031660063,-0.03517653762715389,0.42521782305468037,1.3254507792346062,1.4643836274522883,-0.13893284821768215,1.405908806426184,0.0005927326125615926,0.0053618869938117045,0.21740135071353706,1.0107815836206115,0.9567567567567568,0.9665271966527197,-1.3559322033898313,-10.046367851622861,16.39846812413329,0.4166666666666667,0.5714285714285714,0.6695490649345199,49,0.3194444444444444,0.24206224457717698,0.0,0.0,1.0,0,-1.324648829448405,-1.6636430922849943,-1.2401386605188636,-1.4471944028671024
sz002514,2025-04-08,1.0,0.6034947772376826,0.48648648648648796,-8.672566371681423,77.08328944732538,255.0,50.9,0.0,0,0,0,0.472,train,0.4,train,1,1,0,0,12.897196261682243,27.10280373831777,6.857142857142873,11.428571428571432,12.190476190476174,10.476190476190483,15.047619047619044,-8.190476190476181,5,-8,0.07491998130958043,-0.0838939073842226,-0.1790633512245877,-0.026906723684274242,-0.000584240534319301,0.02606641059617987,-0.021681958513191785,-0.027357051998654233,-0.05522610836402648,1.5906699286862318,1.6980139625084865,-0.10734403382225466,2.059302963423457,5.133028340492647e-06,0.33913860729923834,0.23799136281424138,2.0263532142898244,0.0,0.0,-31.41025641025641,-32.10659898477157,14.956615022358452,0.3958333333333333,0.5,0.4631770639081893,106,0.20300751879699247,0.41028066855881423,0.0,0.0,0.0,0,-11.187878462006717,-9.062457380340906,-6.0851042943472216,-12.520157948474264
sz002515,2024-09-27,1.0,0.5604798022371481,0.5925925925925921,0.23255813953488857,75.63852094976735,294.0,59.1,0.0,0,0,0,0.2938144329896907,train,0.1388888888888889,train,0,0,0,0,16.888888888888886,16.888888888888886,4.329004329004338,-3.2467532467532534,-5.411255411255411,-4.112554112554124,13.85281385281385,-5.844155844155852,5,8,0.06658507654266954,-0.2088778024294058,-0.25179801791341777,-0.05664166134135557,-0.03942510951924795,-0.06274534789300433,-0.021118080042255884,-0.09695743324077494,-0.13482103007482243,1.480228026525702,1.3202815958102945,0.15994643071540748,1.511391131387304,3.3270362834773417e-06,0.25940260319447184,0.10417122368437763,1.7005225897724505,1.0,0.0,2.7397260273972712,-3.433476394849788,13.615287439928274,0.5208333333333334,0.375,0.46111885002205644,123,0.3910891089108911,0.9636880328386486,0.0,0.0,0.0,1,15.080237492141846,15.633937572466227,15.70219918797262,22.705317216442488
sz002515,2025-09-24,2.0,0.5454098442339659,1.2708333333333328,1.7834394904458595,82.25449334802502,440.0,40.3,0.0,0,0,0,0.3605442176870748,train,0.2,train,1,0,0,0,7.506361323155208,7.506361323155208,2.57452574525745,7.317073170731714,8.943089430894302,-5.420054200542001,14.498644986449861,-2.4390243902438935,5,8,-0.06992393229228484,-0.04325233819344372,-0.05391651660615485,-0.016795564305559396,0.011352078526630421,0.001511946572304242,0.012848701642787659,0.01666399735535173,0.005764318117431562,1.317219799826963,1.251522327016209,0.065697472810754,1.6888396099352414,0.000998469404521505,-0.31293528198808535,-0.04940898899000922,0.5233043299526089,0.8863636363636368,0.9497487437185932,-1.2562814070351758,-7.20188902007084,29.650403404993543,0.4166666666666667,0.08163265306122448,0.7961353225629431,66,0.3125,0.7977952755905512,0.0,0.0,0.0,1,-0.2725441564565556,0.8770480771629341,0.33064653815197964,1.2145314587969969
sz002519,2025-06-18,1.0,0.5008774329476546,0.6363636363636361,0.0,79.92836616762501,3.0,92.1,1.0,0,0,0,0.3605442176870748,train,0.1388888888888889,train,0,0,0,0,10.516252390057357,10.516252390057357,-2.9013539651837617,0.9671179883945724,4.255319148936176,5.029013539651839,9.864603481624744,-6.769825918762084,-5,8,-0.04910661416401511,-0.16469130853205396,-0.1424829279491546,-0.055934695566609016,0.051375350780733305,-0.027071551402552328,-0.14641275574713333,0.05737124333633748,-0.036285555218940134,1.4166987632915164,1.6993087372879996,-0.28260997399648313,1.5248790579737652,7.11112201102642e-05,-0.37661743349067933,-0.3766692373199212,0.4528364608376445,0.8970588235294126,0.8409090909090909,-1.3207547169811207,-6.272401433691755,13.511783843439018,0.3125,0.4489795918367347,0.6865885133831038,33,0.4,0.26866141732283466,0.0,1.0,0.0,1,-0.8264171854377,-0.812626196575883,-0.5046544658520613,-0.3462298302985056
sz002520,2024-12-09,1.0,0.44039407512599427,1.4056603773584901,-8.571428571428562,83.98853891926869,39.0,74.0,0.0,0,0,0,0.472,train,0.0,train,0,0,0,0,0.0,0.0,-9.570552147239264,-12.88343558282209,-16.564417177914116,-24.662576687116566,0.4907975460122671,-17.91411042944785,-5,-8,-0.2183771428172035,-0.06732445952202333,-0.1707212655234677,-0.06696826392096765,-0.056448771284551766,-0.08144635440762381,-0.08642630366379607,-0.04203797957623829,-0.14171577080072928,1.2444005254166648,1.8639334608921672,-0.6195329354755024,1.5662694951419287,0.0082243016900046,-1.0,-0.4134114857318861,0.0,0.7878787878787878,0.8055555555555555,-9.999999999999998,-15.392561983471076,17.369861799259102,0.16666666666666666,0.08163265306122448,0.8023228225515436,94,0.3472222222222222,0.39917825537294566,0.0,0.0,1.0,1,-0.16370355098241918,0.05862416106536816,0.4797508987666399,-0.30461566823004604
sz002520,2025-04-08,2.0,0.7205488944482592,0.846153846153847,-9.090909090909083,78.49990817501042,382.0,35.8,0.0,0,0,1,0.472,train,0.4,train,0,0,1,1,29.467680608365022,46.38783269961979,7.632093933463779,12.328767123287676,17.025440313111552,10.176125244618394,18.59099804305282,-7.436399217221135,5,8,-0.0555222738148548,-0.12404724622592153,0.04907324597786267,0.002399876306358609,0.01120201316600988,0.022728232816041714,-0.018756561260773817,0.051938399565517046,0.06482273588949135,1.4214092795900937,1.4631179525238436,-0.04170867293374991,2.1325632823758975,1.862090041081325e-05,-0.11624399764319493,0.022323097290628997,0.7917229604125458,0.0,0.0,-37.306317044100126,-39.95433789954338,14.810251898855661,0.3958333333333333,0.20408163265306123,0.6366426987175539,106,0.20300751879699247,0.41028066855881423,0.0,0.0,0.0,0,-11.187878462006717,-9.062457380340906,-6.0851042943472216,-12.520157948474264
sz002522,2025-02-27,1.0,0.6631265121420264,0.9438202247191003,-5.530642750373693,90.91110571832456,342.0,41.8,0.0,0,0,0,0.3605442176870748,train,0.0925925925925925,train,0,0,0,0,1.6474464579901094,1.6474464579901094,-10.049423393739708,-16.30971993410214,-13.34431630971994,-16.144975288303133,1.6474464579901094,-19.604612850082383,-5,-8,-0.37110893886481955,-0.0654374416032261,-0.08704096045257871,-0.1446571188365666,0.020205203083686406,-0.04589316403759168,-0.14454433522216953,0.008644296963114948,-0.07796509999084994,1.2735315388950097,1.3673921256959722,-0.09386058680096254,1.366291084596101,0.0007260934984371501,0.33991176865138456,0.31979524910855733,2.02989798184075,0.7847222222222222,0.7973856209150326,-9.267563527653211,-12.156295224312586,27.226227241881084,0.4166666666666667,0.3673469387755102,0.7829770319043415,68,0.24444444444444444,0.4128787878787879,0.0,0.0,0.0,1,2.60664667923598,1.1991362551681206,0.9982448249646891,1.3895050817677612
sz002523,2025-03-21,1.0,0.3876410449038794,0.4210526315789455,-0.7425742574257432,80.11440684099036,10.0,87.0,1.0,0,0,0,0.2938144329896907,train,0.0925925925925925,train,0,0,0,0,5.437352245862881,5.437352245862881,4.3269230769230616,0.48076923076922906,-7.692307692307699,-23.076923076923073,7.211538461538458,-7.932692307692313,5,-8,-0.07550514272346251,-0.4852350753002832,-0.24773191801369251,-0.034518574533355766,0.02537019118059344,-0.05225892286695042,-0.07865936495149692,0.0088672236929502,-0.07042246090254342,1.4057226654696018,1.5116103083120094,-0.10588764284240759,1.3416368482696985,0.00017471176899534424,-0.04694718718890745,-0.16444938666619677,0.9103160354917952,1.0,1.0,4.187192118226624,-3.6446469248291424,19.79482856695416,0.3541666666666667,0.42857142857142855,0.6475083305038082,44,0.35294117647058826,0.20908230842005676,0.0,1.0,0.0,0,-2.519485607031935,-2.099198376178524,-2.292769249964688,-3.3429090180909005
sz002523,2025-09-30,2.0,0.26476452944991397,0.7083333333333337,0.26385224274405594,82.02413483019187,306.0,44.4,0.0,0,1,0,0.472,train,0.5208333333333335,train,1,0,1,0,21.134020618556715,21.134020618556715,3.341902313624656,4.884318766066831,4.6272493573264795,12.85347043701799,17.994858611825194,-1.5424164524421635,5,8,-0.10215318404407644,0.09048361776251376,-0.3131261990342006,0.14007565004568326,0.020728241114610066,0.08483878839350707,0.15237923778940962,0.058229345279783074,0.10462652682864351,1.512193439433975,1.7863664519777231,-0.27417301254374804,1.3776407362927834,0.0,-0.305647510237034,-0.006355409812504245,0.5318070032829225,0.7647058823529409,0.45238095238095183,-1.0204081632653073,-4.19753086419753,34.753515124061266,0.25,0.717391304347826,0.6237548332757049,44,0.36231884057971014,0.4579262527576426,0.0,0.0,0.0,1,2.25286775470277,3.2260679046429708,2.6752508049012302,3.9687011266143157
sz002526,2024-11-06,1.0,0.2596151438718775,1.0,3.1034482758620863,73.51808959581858,5.0,90.4,1.0,0,0,0,0.3605442176870748,train,0.1764705882352941,train,1,1,1,1,60.535117056856166,94.314381270903,4.421768707482987,2.7210884353741527,-1.0204081632652962,-3.741496598639449,6.4625850340136015,-3.741496598639449,5,-8,-0.013831406031848119,-0.21850481448848638,-0.13684352579872633,0.007285051736813526,0.02681979186154848,-0.09766536773953957,0.022967386047596853,-0.031211365558884187,-0.15190111688283275,1.3499566817682134,1.4521877497590443,-0.10223106799083093,1.6690260897259186,6.966680198465999e-06,-0.35994568289296947,-0.030483161053642613,0.4706469715359978,1.0,1.0,3.1034482758620863,-4.777070063694266,18.474055334557224,0.4791666666666667,0.4897959183673469,0.4854540643415608,117,0.4532710280373832,0.5178515007898894,1.0,0.0,0.0,1,4.549431871947829,4.930734226551192,3.466671253434961,5.313363897228474
sz002528,2025-02-06,1.0,0.6431466270059865,0.3888888888888901,-5.138339920948609,74.68945790277236,90.0,78.8,0.0,0,0,0,0.4677419354838709,train,0.575,train,0,0,0,0,10.671936758893285,10.671936758893285,3.734439834024883,9.12863070539418,7.883817427385886,9.543568464730278,13.278008298755184,-0.4149377593361092,5,8,0.3583068706545233,-0.005185473886930967,-0.23116545953602646,-0.014119998540459233,-0.014168946009107853,0.0,-0.11835124249451728,-0.1004181045251884,-0.14408020731496382,1.4972022705972894,0.965321360901416,0.5318809096958734,2.1384107579652842,4.098857772049909e-05,-0.16889753973304886,0.051226638410346796,0.7110139529053651,0.0,0.0,-19.68253968253969,-23.564954682779458,16.356704650018646,0.5833333333333334,0.3181818181818182,0.7963674910858661,75,0.2647058823529412,0.8537200504413619,0.0,0.0,0.0,1,3.17798300890888,2.5118656670553685,1.206599939542019,0.9381330512120201
sz002528,2025-11-17,2.0,0.565434485390209,1.0,-0.9090909090909038,82.2421371645085,22.0,79.4,0.0,1,0,0,0.472,valid,0.2,valid,0,0,0,0,4.892966360856277,4.892966360856277,4.0000000000000036,-2.7692307692307683,-5.230769230769228,-4.9230769230769305,5.5384615384615365,-7.692307692307687,5,0,0.26405797044647805,0.09146874451921339,0.09170415017211031,0.03405090642226376,-0.08233925494857454,-0.08003579656017258,0.15481927367454715,-0.23694541934880384,-0.005334426515924693,1.5002511657558046,1.5977977250626059,-0.09754655930680123,1.8280887922229798,0.000874388178350174,0.14760549722603214,0.12709229203834702,1.3463314151972496,0.9000000000000006,0.9538461538461541,-0.9090909090909038,-5.491329479768781,20.394139639479576,0.5,0.175,0.47837982351379293,73,0.24742268041237114,0.45468848332284456,0.0,0.0,0.0,1,-0.5312224428283385,-1.4767623695503662,-2.065967040568917,-2.3160680140147383
sz002538,2024-11-15,1.0,0.3269395813246353,1.249999999999999,-2.3076923076923106,75.01549569886342,190.0,49.6,0.0,0,1,0,0.8214285714285714,train,0.4444444444444444,train,1,0,0,0,18.879999999999985,18.879999999999985,-5.3208137715179955,9.702660406885766,5.477308294209715,1.0954616588419341,16.275430359937392,-5.633802816901401,-5,8,-0.21025660340420435,2.150139020519846,-0.14931620870964826,-0.010045897843680762,0.20570712507699693,-0.06808117239232227,-0.038188203623953844,0.22297214789113584,-0.13612590014822587,1.415534150611844,1.5840773753611201,-0.1685432247492762,1.7049766718003039,0.0001211259181614878,-0.5364188673586067,0.30060767460617704,0.30172835187736047,0.7395833333333334,0.7881355932203389,-3.8461538461538436,-9.156976744186041,14.222515430848501,0.3333333333333333,0.5102040816326531,0.7102575900853181,55,0.35294117647058826,0.1636650868878357,0.0,0.0,0.0,0,-4.633402789176477,-4.788497126129676,-3.294703983653191,-3.3583367788935004
sz002540,2025-11-20,1.0,0.3145901700378489,0.6999999999999993,0.0,77.05455851058582,286.0,41.7,0.0,0,0,0,0.2938144329896907,valid,0.1764705882352941,valid,1,0,0,0,6.573426573426566,6.573426573426566,-4.707560627674756,-2.5677603423680417,-7.132667617689014,4.422253922967201,8.701854493580608,-7.41797432239657,-5,-8,-0.02427148604522705,-0.10928583665604477,-0.013451881163463558,-0.03693838310520223,0.0315438484143024,0.0,-0.13053519446137082,-0.03994339940617962,-0.019755931661075837,1.386182829213859,1.515963199949948,-0.12978037073608917,1.5062919373570829,0.000235610824066936,-0.43811315660555655,-0.23784547243748386,0.3907111487114758,0.875000000000001,0.9263157894736849,-0.9695290858725669,-4.026845637583887,14.678985359716261,0.375,0.26666666666666666,0.5542376793031208,38,0.5421686746987951,0.28908461780434097,0.0,0.0,0.0,0,-3.2957247264611467,-3.988168462836228,-2.9162770690668416,-4.978927797566934
sz002542,2024-11-08,1.0,0.5692386359034484,0.9743589743589741,-9.677419354838712,79.23333397158349,15.0,83.3,0.0,0,1,0,0.1929824561403508,train,0.0,train,1,0,0,0,-4.684975767366717,-4.684975767366717,0.0,-8.078994614003598,-25.31418312387792,-14.362657091561948,0.0,-25.493716337522443,-5,-8,-20.781475952866412,0.22946449570402103,-0.27264536786720195,-0.0584602625383463,0.03352578202721307,0.0049291501111495325,-0.21598772918598844,0.049860579532888354,0.023331338849861025,1.6834993036364578,1.8095665508928422,-0.1260672472563844,2.631453858588394,0.0008967254913301379,0.7664454817637507,0.20377381138162098,7.563311106561099,0.875,0.8762278978389,-9.237536656891498,-15.5525238744884,14.646008560747806,0.2916666666666667,0.12244897959183673,0.719357983315622,102,0.44565217391304346,0.3517524471108304,0.0,1.0,0.0,1,8.311475981234384,6.698135164180341,5.501943010425925,9.316044260255607
sz002542,2025-03-03,2.0,0.5682755273264046,0.42105263157894784,-1.253132832080206,75.78417538975805,214.0,53.9,0.0,0,0,0,0.1929824561403508,train,0.0895522388059701,train,0,0,0,0,3.70370370370372,3.70370370370372,0.0,3.2828282828282873,1.0101010101010166,-1.0101010101010055,6.060606060606055,-1.0101010101010055,5,0,-0.1200720418380455,-0.556580464955355,-0.041701747032190026,-0.10990244752609797,-0.0021735912676437855,0.034041413619642004,-0.1457039071509389,0.06818146843421667,-0.03903765391554057,1.4874338990921527,1.7598311064834473,-0.2723972073912946,1.4009874615725322,1.8830794758369878e-05,-0.2040019602329269,-0.16174843640825806,0.6611268636249387,0.6693548387096773,0.6693548387096773,-9.192825112107627,-12.526997840172793,14.00747686505512,0.2916666666666667,0.5,0.6308007477437928,57,0.3870967741935484,0.5528891695610988,0.0,0.0,0.0,1,-2.9448160267362966,-2.633649480320266,-2.046571633357519,-3.0764249976425684
sz002544,2025-04-07,1.0,0.8705611961772973,1.160714285714289,-9.191176470588236,76.45941684898452,226.0,42.5,0.0,0,0,1,0.4677419354838709,train,0.1764705882352941,train,1,0,1,1,21.654749744637392,31.716036772216547,0.40858018386109585,3.6772216547497516,5.362614913176711,5.209397344228828,7.201225740551576,-3.524004085801824,5,0,0.04779237539214391,0.05475657340317765,0.10424599289169133,-0.1030734766625626,-0.008874353392725774,0.02583600700009119,-0.03246490189769364,0.04638086873770788,0.05843084499772561,1.354506419220669,1.5536182086432224,-0.19911178942255336,2.2899855262904456,0.00013902275317909983,-1.0,-0.15822568457404348,0.0,0.0,0.2251655629139071,-19.29101401483926,-23.215686274509807,14.365010623322311,0.3333333333333333,0.5476190476190477,0.7590225684840198,20,0.4444444444444444,0.019880088355948247,0.0,0.0,0.0,0,-12.313961756970537,-10.632095360413397,-8.319585513381277,-15.083249334698845
sz002547,2024-09-20,1.0,1.0950131989636067,0.5555555555555545,0.0,84.14024529686827,75.0,67.3,0.0,1,0,0,0.9047619047619048,train,1.0,train,1,0,1,1,47.76119402985073,116.41791044776117,9.259259259259256,15.555555555555545,21.851851851851855,18.518518518518512,46.66666666666666,-0.37037037037037646,5,8,5.7433139639624455,-0.13881754585565045,0.03138575308553517,0.5534750894253861,0.03499952194947879,-0.02274615673470523,0.5413434080114635,0.012875481047223117,0.004493114044832852,1.672537580934892,1.6711504851492536,0.001387095785638337,1.9552350835441334,0.00013985796272374546,0.13528614278682405,-0.02479202299252813,1.3129038390175174,0.1904761904761907,0.0,-15.987460815047017,-18.541033434650455,21.90096224395095,0.4583333333333333,0.42857142857142855,0.684224772428896,47,0.25396825396825395,0.3309102402022756,0.0,0.0,0.0,0,-0.5049145491671791,-0.36602454468808165,0.46827343731339344,-1.39434104833549
sz002547,2025-02-19,2.0,0.4339703830202799,0.5714285714285714,3.076923076923088,71.83370815687012,8.0,90.3,1.0,0,0,0,0.2938144329896907,train,0.0895522388059701,train,0,0,0,0,6.227106227106227,6.227106227106227,-2.788104089219323,2.973977695167296,2.4163568773234223,-5.947955390334581,7.806691449814118,-4.089219330855009,5,-8,-0.1051483227095109,-0.12138882328623529,-0.14171658343710783,0.0032446134217136895,-0.005164109271939376,-0.04356658659724603,-0.02317805510394885,0.0021797903207316296,-0.09992634095281812,1.3624582360318893,1.3777206931733084,-0.01526245714141905,1.4756953910272905,0.0002938541732516215,0.3771543532147576,0.1184617151232107,2.211068440989845,1.0,1.0,5.000000000000004,-2.8469750889679735,16.281807652965174,0.5416666666666666,0.42857142857142855,0.47639544698143843,93,0.2184873949579832,0.7981072555205048,1.0,1.0,0.0,1,0.06234753729454923,0.0564326761489653,0.5178371471626031,1.6070513944185683
sz002549,2025-06-17,1.0,0.28776143911023544,0.47887323943661897,-0.6237006237006071,78.70057600611969,164.0,55.8,0.0,0,0,0,0.2938144329896907,train,0.2444444444444444,train,1,1,1,1,39.65341488277267,39.65341488277267,-1.2474012474012364,-5.405405405405405,-1.2474012474012364,17.77546777546779,17.77546777546779,-8.731808731808732,-5,-8,-0.21235018322468122,-0.4696871121795466,-0.21227483046575205,-0.042527814001574266,0.026764783753699464,-0.04452948239121532,-0.1238335905431528,-0.0015288545183571288,-0.11640115651250027,1.4160852928072118,1.5700371864708913,-0.15395189366367945,1.402321861617058,0.0002884723259305423,-0.20769986328198636,0.3028186696776775,0.6560405948584753,0.2448979591836738,0.6065040650406505,-13.108945969884845,-15.57659208261617,20.84543366457843,0.3541666666666667,0.4375,0.648218279988341,39,0.35,0.43496062992125983,0.0,0.0,1.0,1,-0.3282134246277435,-0.12295779287367914,0.12711018585809253,0.62203810225121
sz002552,2025-07-07,1.0,0.5579751900547496,0.786259541984732,-0.5471956224350261,83.60999132335746,312.0,47.0,0.0,1,0,1,0.9047619047619048,train,1.0,train,1,0,1,0,23.684210526315773,23.684210526315773,10.135135135135132,8.37837837837836,14.93243243243243,11.689189189189197,18.44594594594595,-1.3513513513513598,5,8,2.2400860844110406,-0.1709179303431889,2.271369693509654,0.4227866619226272,0.015336642003664058,0.26164095421034744,0.32427130473855637,0.01484194630397774,0.2995691092458282,1.4651361585490406,1.7172406624347556,-0.25210450388571504,1.7286730658051757,2.1908938874158554e-05,0.24764192459360893,0.20226579975266568,1.6583086769151605,1.0,0.9275362318840582,1.1604095563140016,-6.498422712933749,18.684789663307534,0.375,0.43243243243243246,0.6742752613588214,57,0.19718309859154928,0.630201765447667,0.0,0.0,0.0,1,-0.45691427964774656,-0.2532716537459012,0.7392000836568435,-1.0602765788252921
sz002553,2024-12-11,1.0,0.3470488844040132,1.0178571428571426,-0.990099009900991,76.86704371217505,414.0,43.7,0.0,0,0,0,0.4677419354838709,train,0.2,train,0,0,0,0,0.7471980074719831,0.7471980074719831,-0.6369426751592355,-6.5605095541401255,-10.254777070063692,-15.859872611464954,3.0573248407643305,-12.420382165605092,-5,-8,-0.2952507598072046,-0.25409587371546344,-0.13952454894439872,-0.03694397300654084,-0.017823147645220742,-0.016297983564697385,-0.05077680666512017,-0.06967082966562428,-0.042421443259233436,1.5513736637878814,1.6400702609565916,-0.08869659716871015,2.1506576578856693,0.0002872433501675348,0.21715418602683573,0.2910057613870123,1.554781496306959,0.7713097713097711,0.857142857142857,-6.410256410256421,-12.859468258274553,13.142134632244037,0.4375,0.40816326530612246,0.5611600990499244,132,0.21893491124260356,0.7883765003158559,0.0,0.0,1.0,1,3.907038786227379,2.854699890862289,1.4825889298941242,2.1765870656512254
sz002553,2025-03-31,2.0,0.8324946967316484,1.0,-9.849823321554773,86.72718479715076,407.0,35.0,0.0,0,0,0,0.8214285714285714,train,0.0,train,1,0,0,1,8.439646712463222,34.396467124632004,1.400966183574881,-8.212560386473422,-23.043478260869566,-4.7826086956521685,4.782608695652191,-25.60386473429951,-5,-8,-0.1174792229406015,-0.11917583917587454,-0.0249785941708817,-0.04842092924445637,0.001103658132545478,-0.009609045009271556,-0.05851968840832285,-0.0870119821152361,-0.04364267344576203,1.3052912053973946,1.8422468153497618,-0.5369556099523671,1.4442864324854638,0.0007310575733061083,-1.0,-0.8379000001515916,0.0,0.3788003286770747,0.5307262569832402,-27.057981388690056,-28.940027894002796,400.1096001892952,0.08333333333333333,0.14583333333333334,0.9853271732408283,29,0.3958333333333333,0.209214263174503,0.0,0.0,1.0,0,-2.1019689949966835,-1.8647232155031501,-1.2082548741519483,-2.2696797312663053
sz002559,2024-11-14,1.0,0.36005777928438965,1.2352941176470609,-0.9307135470527417,81.27906027601406,392.0,34.9,0.0,0,1,0,0.472,train,0.5,train,1,1,1,0,27.02702702702704,27.02702702702704,-2.6205450733752578,-2.410901467505222,-1.5723270440251458,-6.184486373165621,2.2012578616352307,-8.490566037735835,-5,-8,-0.1664454520150557,0.10463649209161098,-0.19990942146922758,0.028607793793291956,0.0750265881784529,-0.03090923818385226,-0.048690972388022606,0.0595153180385204,-0.09836586189697359,1.3637432448648252,1.6517953732298818,-0.28805212836505656,1.433372364650922,3.484091749802675e-05,0.22562984082631765,0.3390501219638325,1.5827441518848906,0.6432432432432431,0.7167381974248925,-6.420233463035019,-6.420233463035019,15.920567197929088,0.3125,0.5714285714285714,0.6926074317264264,31,0.5373134328358209,0.09832437559279165,0.0,0.0,0.0,1,-2.05696591188127,-2.5843922515174977,-2.558704749929519,-0.6719359131487579
sz002560,2025-06-17,1.0,0.4212067958126557,0.4848484848484845,-1.170351105331613,81.06946367467842,302.0,44.0,0.0,0,0,0,0.3461538461538461,train,0.4444444444444444,train,0,0,0,0,2.8277634961439535,15.295629820051415,0.7843137254901933,-6.405228758169934,-3.26797385620915,2.4836601307189454,4.313725490196085,-7.058823529411762,-5,0,-0.17773752466243703,-0.2643032820772361,-0.2537782400195354,0.019480130703344277,0.02351817639161862,-0.006439734206664596,0.014052836167636014,-0.08815552933127235,-0.05923079739733011,1.329985598076117,1.484662684000657,-0.15467708592453988,1.423021198819775,6.510329697688382e-05,-0.29869401363531206,0.24919980771178044,0.5400086386797056,0.35789473684210504,0.5968586387434556,-16.523605150214593,-14.879649890590807,16.594252326844096,0.3958333333333333,0.42857142857142855,0.6470877499770922,39,0.35,0.43496062992125983,0.0,0.0,0.0,1,-0.3282134246277435,-0.12295779287367914,0.12711018585809253,0.62203810225121
sz002562,2025-04-23,1.0,0.27317379915996637,0.6129032258064536,-0.23474178403755097,78.74791035865883,2.0,84.4,1.0,1,1,0,0.9047619047619048,train,0.7241379310344828,train,1,0,0,0,18.39080459770117,18.39080459770117,2.2172949002217335,7.982261640798227,0.22172949002217113,3.3259423503326113,14.190687361419085,-4.212860310421274,5,8,1.2678427602134672,3.895081876361774,-0.09396995761951307,0.28294445695930603,0.23831730301571305,-0.051316981169694714,0.2623311621886185,0.16066112534936808,-0.09619383491560929,1.4202935963930736,1.5685363433519752,-0.1482427469589016,1.439552887682151,0.00023857475145252867,-0.06605960396680288,0.06169440925550462,0.8760677100586207,0.9124999999999996,0.776595744680851,-1.5837104072398245,-4.395604395604402,23.34434663385538,0.3125,0.5531914893617021,0.6221776453532807,57,0.39361702127659576,0.5167192429022082,1.0,0.0,0.0,1,2.557436163190263,1.4051899990645822,0.37271851053393146,2.205064785215516
sz002563,2025-09-16,1.0,0.5871228565082147,0.6,0.0,83.30165728417533,41.0,78.8,0.0,0,0,0,0.2938144329896907,train,0.2,train,0,0,0,0,6.794425087108014,7.491289198606266,-1.7421602787456525,0.522648083623678,4.181184668989557,-1.7421602787456525,6.794425087108014,-3.310104529616731,5,0,-0.06014865961513994,-0.05763832521833668,-0.03067650906711464,-0.08281439158976948,0.019697030719710497,-0.009987384504727852,-0.03148746119716908,0.07850771494362381,-0.024099837924366645,1.5602542957203263,1.3984873902172998,0.16176690550302641,1.525728500725432,7.466629071573373e-05,-0.24260083734464521,0.05326607560690374,0.6095273235722793,1.0,1.0,0.5253940455341555,-4.013377926421413,32.684478392656715,0.6458333333333334,0.5416666666666666,0.5688700097239561,61,0.32222222222222224,0.6423173803526449,0.0,0.0,0.0,1,3.5648977653379488,3.7816282261257106,1.9628770948058483,7.638549992391819
sz002565,2025-01-17,1.0,0.5527488789420147,0.6666666666666683,0.3389830508474523,78.72528116846789,73.0,68.2,0.0,0,0,0,0.2938144329896907,train,0.1388888888888889,train,0,0,0,0,4.950495049504955,9.24092409240924,0.0,-1.6447368421052544,-2.960526315789469,4.2763157894736725,4.6052631578947345,-3.6184210526315708,0,0,0.04503665501378729,-0.2896655998002883,0.005261021791021974,-0.017399186055385936,-0.1369890920882047,-0.1663875927235879,-0.06393868243443707,-0.05641616085447149,-0.11652778818993936,1.6668278142440975,1.5402412426041994,0.12658657163989817,1.6873182543843082,0.0,-0.0900882890855406,0.12844653037276538,0.834713775044562,1.0,0.0,0.3311258278145601,-3.809523809523818,14.859720523530266,0.5416666666666666,0.7804878048780488,0.44625906850667274,52,0.3246753246753247,0.5048911328494793,0.0,0.0,0.0,0,5.350054188379194,4.060372253559219,2.139657470691203,4.655985243391303
sz002566,2025-05-30,1.0,0.4614302989394251,0.7191011235955065,-1.5018773466833557,82.80441179299619,19.0,77.1,0.0,0,0,0,0.472,train,0.2,train,0,0,0,0,6.773399014778336,6.773399014778336,3.7735849056603765,0.6289308176100628,1.1320754716980908,-0.7547169811320864,9.056603773584904,-1.0062893081761004,5,8,0.02827287662019526,-0.060527305459338494,-0.088991227533814,-0.001313976363149842,-0.06518454758409625,-0.01226276847281783,-0.048324248959982746,-0.11464707001476124,-0.12602083594038058,1.363283154199887,1.4234835144194433,-0.060200360219556215,1.6394170512176107,2.4352820132864104e-05,0.02833280559633359,0.12306538496198051,1.058317921526047,0.8661417322834646,0.9005847953216374,-2.0506634499396825,-7.305936073059371,27.942958843998408,0.4166666666666667,0.32608695652173914,0.723776318131576,36,0.3684210526315789,0.2266835282959216,0.0,0.0,0.0,0,0.6158113548460964,0.3189202361715271,-1.0829168399006162,-1.4005150929822352
sz002570,2025-03-05,1.0,0.30114801690829557,0.6000000000000014,-0.8658008658008698,76.82751610687302,113.0,61.7,0.0,0,0,0,0.2938144329896907,train,0.0895522388059701,train,1,1,1,1,20.905172413793128,70.04310344827587,-0.21834061135370675,-3.7117903930131035,-5.2401746724890845,11.353711790392996,22.052401746724893,-6.33187772925764,-5,-8,0.044974360850989624,-0.20676416526823274,-0.565875074352734,-0.0020415220227604403,-0.18096225308959207,-0.005604336947607482,-0.03819625918765357,-0.221997572719396,-0.03947706867797127,1.4632995129796664,1.5717625280510328,-0.10846301507136635,1.4697202831408467,0.0013510038845358449,-0.15989319826711337,0.07515624150518899,0.7242966878226467,0.9148936170212765,0.9518072289156626,-0.8547008547008517,-3.131524008350739,18.782115377080174,0.3958333333333333,0.5102040816326531,0.5411712795146975,55,0.26666666666666666,0.40138845061533607,0.0,0.0,0.0,1,-1.93379605440539,-1.6695479040813366,-1.4487765260560836,-3.432345975607076
sz002570,2025-05-21,2.0,0.46614656209476396,0.5853658536585369,2.286585365853666,75.28506090317481,196.0,51.7,0.0,0,0,0,0.1929824561403508,train,0.0895522388059701,train,0,0,0,0,0.8720930232558155,0.8720930232558155,-5.676855895196498,-6.6957787481804925,-3.2023289665211063,-9.898107714701599,1.0189228529839944,-8.879184861717615,-5,-8,-0.16711112544833845,-0.06530754717634862,-0.1817810463227442,-0.04135782473088715,0.015778527652427148,-0.01412289511123632,-0.10105073642353252,0.006753494098564539,-0.04529200702449089,1.345867101034133,1.325380341391576,0.020486759642557084,1.6165352981608325,0.0022809747989380458,0.2990780901710516,-0.11611443888327368,1.8533849091521137,0.7173913043478263,0.864516129032258,-5.364511691884455,-7.402422611036341,33.9980906651242,0.3333333333333333,0.14285714285714285,0.86864502646513,45,0.375,0.34724857685009486,0.0,0.0,0.0,1,-0.4575829272064569,-0.7103941010626946,-0.6804125206798406,-0.8521790232169035
sz002570,2025-06-10,3.0,0.6301893581587371,0.48148148148148107,0.16286644951140072,83.96746366799222,23.0,76.3,0.0,0,0,1,0.2571428571428571,train,0.288135593220339,train,0,0,0,0,7.031249999999978,29.6875,-0.48000000000000265,-2.72,4.479999999999995,-2.5600000000000067,8.800000000000008,-4.3199999999999905,5,8,-0.17312219374847693,-0.06542986744250033,0.8402250118908439,-0.0766934684621443,-0.05839658228492446,0.1782827312657424,-0.11501355356591997,-0.11830551935200828,0.14331174932188703,1.3776713865676258,1.5368339343238262,-0.15916254775620042,1.4556415252279937,6.207387740408565e-05,-0.00890138039487435,-0.07332702892629168,0.9823543102074249,0.5000000000000004,0.7096774193548389,-6.976744186046502,-10.11235955056179,22.091157046521413,0.3541666666666667,0.5102040816326531,0.8389059223838076,38,0.42424242424242425,0.23949447077409164,0.0,0.0,0.0,1,1.5099595442320979,1.1089620890917473,0.3492330126533494,1.7261792264994247
sz002577,2025-01-23,1.0,0.4775955948603943,2.036363636363639,1.1063011063010997,78.0645196966087,323.0,43.1,0.0,1,0,1,0.472,train,0.5208333333333335,train,1,1,1,1,50.300601202404806,50.300601202404806,2.7876330461226617,-2.07805372529144,18.49974657881399,19.665484034465287,33.248859604662954,-4.713634059807403,5,8,0.011949741341053616,-0.11885802711865132,1.0675421662222218,0.0262320712513384,-0.020087585966100767,0.11766425933421164,0.02816448965497654,-0.04038713725790965,0.06372010245344972,1.346859647513802,1.587865449113464,-0.24100580159966212,1.5726227941623998,9.469430471208163e-05,0.44710430611184876,0.07145097306905798,2.617318821811249,0.6034985422740526,0.0,-6.378986866791747,-10.090090090090087,13.415533138642976,0.375,0.40816326530612246,0.6438825598584861,39,0.48,0.4259142496847415,0.0,0.0,0.0,1,0.47795796845782057,0.6964253823043665,0.08842002159992202,2.0455887918140903
sz002577,2025-04-08,2.0,0.6953783603661462,1.0,-9.979423868312765,87.08949195298823,390.0,35.6,0.0,0,0,0,0.7647058823529411,train,0.5208333333333335,train,0,0,1,0,25.71428571428571,25.71428571428571,7.201405152224827,11.70960187353629,15.690866510538658,13.992974238875888,17.447306791569094,-7.318501170960179,5,8,0.0898108791103869,-0.10826538999921224,0.010984133157702835,-0.007980086197488027,0.0009250956325313355,-0.014764024607401213,0.01991014497825082,-0.06240772943756723,0.0419839341459841,1.392842887509051,1.6486971078031627,-0.25585422029411165,2.1408156695373584,4.393110704003019e-06,-1.0,-0.26614589892649887,0.0,0.0,0.0,-33.460076045627375,-34.82309124767225,17.12160113425478,0.2916666666666667,0.2857142857142857,0.7744638363692694,106,0.20300751879699247,0.41028066855881423,0.0,0.0,0.0,0,-11.187878462006717,-9.062457380340906,-6.0851042943472216,-12.520157948474264
sz002577,2025-06-18,3.0,0.3142576761004992,0.7767857142857145,0.14836795252226587,80.3075098177187,16.0,80.4,0.0,0,0,0,0.3605442176870748,train,0.1388888888888889,train,0,0,0,0,2.1812893843916603,6.495395055744058,-0.09760858955587537,-1.7081503172279078,2.391410444119102,-0.14641288433381305,2.879453391898479,-5.075646656905808,-5,0,-0.17304734205047087,-0.04859489284826777,-0.11218564239849925,0.007669429732764963,-0.025833148633181997,0.006264066327311918,-0.009551156117773348,-0.044999440882151596,0.010030961946505842,1.3885468816384365,1.6024953751615547,-0.21394849352311818,1.5615319109395696,1.7248680011162243e-05,-0.5148671491246007,0.4025031854821186,0.3202477861875505,1.0,0.3992346938775509,-2.320075757575768,-4.046511627906979,23.993727335288863,0.3958333333333333,0.7045454545454546,0.6655380449612113,33,0.4,0.26866141732283466,0.0,0.0,0.0,1,-0.8264171854377,-0.812626196575883,-0.5046544658520613,-0.3462298302985056
sz002578,2025-03-05,1.0,0.5300854829645636,0.6842105263157892,0.31249999999998224,85.04526658906929,8.0,85.4,1.0,0,0,0,0.3605442176870748,train,0.0925925925925925,train,0,0,0,0,13.003095975232192,13.003095975232192,0.92592592592593,4.320987654320985,4.938271604938271,3.703703703703698,8.333333333333325,-0.92592592592593,5,8,-0.18405136388110485,-0.06532806819931239,-0.2910631467621689,0.0013703834101292548,-0.06438048156350246,0.027365124798246855,0.07232804183557448,-0.08337956588531219,-0.019287473390663015,1.4906371235017113,1.417414919223751,0.07322220427796022,1.4216667687308193,0.0,-0.30332395400499423,-0.04354171552116772,0.5345378973924207,1.0,0.4605263157894737,0.9374999999999911,-3.8690476190476164,42.39101132656835,0.5208333333333334,0.5,0.6114257384614427,55,0.26666666666666666,0.40138845061533607,1.0,0.0,0.0,1,-1.93379605440539,-1.6695479040813366,-1.4487765260560836,-3.432345975607076
sz002580,2025-05-14,1.0,0.27803483116473066,0.6057692307692303,-0.7159904534606243,80.14408897358052,88.0,67.3,0.0,0,0,1,0.2938144329896907,train,0.5208333333333335,train,1,0,1,0,28.16358024691357,28.16358024691357,-3.7955073586367183,-4.802478698683199,5.499612703330747,9.682416731216104,16.111541440743604,-6.196746707978318,-5,8,-0.09327410468269764,0.05632260094880699,3.2657155244147718,-0.08567710706817867,-0.11038246455468682,0.3077091802320792,-0.14727471266443418,-0.11029560055065432,0.29002427633154126,1.418735836590582,1.5220828823818633,-0.10334704579128129,1.5835905691065784,7.054335014278252e-05,0.5174934274868509,0.10971686598365644,3.145021257602655,1.0,0.4318181818181819,0.3095975232198178,-4.635761589403964,21.960991487464877,0.375,0.3877551020408163,0.6773957036035136,56,0.3,0.474565560821485,0.0,0.0,0.0,1,0.7997241787630838,0.8491396200793977,2.9121780382067364,4.339176863627037
sz002582,2025-02-26,1.0,0.4449820267878475,0.8243243243243233,1.7989417989418,81.85244831498476,151.0,64.7,0.0,1,0,0,0.8214285714285714,train,0.7241379310344828,train,1,1,1,0,29.43589743589743,29.43589743589743,7.947686116700203,6.941649899396385,2.213279678068414,7.344064386317917,26.961770623742453,-2.6156941649899346,5,8,1.5829494301385396,-0.3035468118477465,-0.0859134565153033,0.2809015777138504,-0.08065567504208247,0.004948839304907171,0.3233577690596436,-0.15599292990029695,-0.019313072589746547,1.5364886275306033,1.7922898319046798,-0.2558012043740765,1.9896042762776263,0.00012965738612804432,0.5332899131515384,0.010386405628486627,3.2853155660408726,0.5439999999999998,0.6705202312138727,-10.468319559228656,-10.79597438243367,30.962399747981355,0.1875,0.3877551020408163,0.8429444688262185,90,0.35251798561151076,0.8102904040404041,0.0,0.0,0.0,1,3.7509042257736214,1.8146018806597164,0.5020379628219107,1.8515326189644687
sz002582,2025-05-26,2.0,0.40450134886353767,0.4098360655737709,-9.536082474226815,77.14094844760602,15.0,87.1,0.0,0,0,0,0.8214285714285714,train,0.5208333333333335,train,0,0,0,0,4.832713754646845,4.832713754646845,2.259887005649719,-0.37664783427494575,-0.941619585687381,-2.5423728813559254,6.214689265536721,-4.143126177024481,5,0,-0.3342464699163026,-0.0007410953803323248,-0.3966538837845888,0.014263706157336367,0.017198500290990418,0.10231880674729753,-0.0005540947012198787,-0.03398579900943751,0.12238066138555956,1.5570898268954518,1.6102073772862864,-0.053117550390834545,1.4684418279968037,0.0005541207458468492,-0.01284390851465632,0.018931907411722123,0.9746379310638458,0.0,0.5878594249201275,-10.705394190871376,-15.74001566170713,16.608121969772135,0.4583333333333333,0.3958333333333333,0.5461932173218463,53,0.32051282051282054,0.6601327853303826,1.0,0.0,0.0,0,-1.09183136374299,-0.8973228528084465,-0.43946250866585546,-1.3527151634177836
sz002583,2024-11-04,1.0,1.5098581699429843,1.0,-10.00788022064617,91.23022685058164,201.0,61.1,0.0,0,0,0,0.472,train,0.0895522388059701,train,1,1,0,0,15.411558669001746,15.411558669001746,-2.998696219035213,-9.126466753585404,-8.952629291612347,-13.95045632333768,5.953933072577122,-13.689700130378101,-5,-8,-0.2821183734165329,-0.6227920533680239,-0.16466739707700906,-0.0249091561264798,-0.12094096858558183,-0.009614747459766268,-0.05022020435806752,-0.15160928801471338,-0.006833904543583425,1.5637184820660728,1.7766591464736945,-0.21294066440762172,2.276199292776134,0.0007130508745681409,0.6780080869739328,-0.36561333633023807,5.21133612084875,0.7430488974113135,0.7430488974113135,-19.007092198581553,-26.370083816892333,27.42783394761157,0.16666666666666666,0.061224489795918366,0.9472686487939136,133,0.23563218390804597,0.7985452245414295,0.0,0.0,0.0,1,-0.4764170039836757,0.7680208727800952,-0.48925914107991186,-1.935016450452598
sz002585,2025-05-16,1.0,0.6968721976350223,0.6333333333333321,-0.3937007874015852,83.91095937875413,41.0,76.2,0.0,1,0,0,0.3461538461538461,train,0.1764705882352941,train,0,0,0,0,1.7307692307692246,10.576923076923084,0.3898635477582957,-0.7797270955165692,-2.3391812865497075,-2.1442495126705707,1.1695906432748648,-2.923976608187129,0,0,0.060203204594072114,-0.23689465276205313,-0.15368786972870774,0.016200923212251396,-0.051414161909635166,-0.017815647748455937,-0.012256462628714377,-0.098325131342459,-0.15065690191953246,1.4572917752125063,1.5584556825660791,-0.10116390735357284,1.5645260267759664,0.0,-0.18130625698849256,-0.01973278901559272,0.6930410621023931,1.0,0.7264150943396227,1.5625,-3.525046382189234,27.495623206014436,0.375,0.631578947368421,0.790434152093895,53,0.39080459770114945,0.5245020550110654,0.0,0.0,0.0,1,-0.22961217373977938,-0.10265090626117024,1.1161480008380353,1.3758103510093322
sz002587,2024-09-04,1.0,0.710788729630761,0.5937500000000007,0.0,82.2492478587463,57.0,72.5,0.0,0,0,0,0.2938144329896907,train,0.55,train,1,0,1,0,25.880281690140848,25.880281690140848,0.7181328545780907,-1.9748653500897717,-4.847396768402168,-5.206463195691202,3.2315978456014305,-5.0269299820466795,-5,0,0.06575218242915072,-0.27955273112875967,-0.0672398893191302,-0.03646241879151451,0.0,-0.04244635071228519,-0.14154049542429925,-0.08394606799031376,-0.11266093701314249,1.4909102818597098,1.5881670159142611,-0.09725673405455137,1.7110465218733457,0.0002636803126102707,-0.015704890195448715,0.17911135117052923,0.9690758795255447,0.0,0.0,,-3.236797274275982,22.02533335047282,0.4166666666666667,0.5675675675675675,0.7127748494669252,33,0.3125,0.22461246440999683,0.0,0.0,0.0,0,1.7944010961872259,1.8238897666155829,-1.0445989947468703,1.5142052937797024
sz002591,2025-01-09,1.0,0.47557914217400776,1.1000000000000003,-0.39920159680637557,82.38238689444654,97.0,67.3,0.0,0,1,0,0.472,train,0.575,train,0,0,0,0,8.888888888888879,19.797979797979792,-4.968944099378891,4.140786749482395,6.00414078674949,3.31262939958592,8.28157349896481,-9.730848861283636,-5,-8,-0.15140553028821835,0.07961697345591819,-0.20672496799313228,0.013320509795380684,0.020499810045156205,0.0016713463129782054,-0.04733140772986196,0.02910609237923794,-0.05239060130321732,1.444109343718595,1.539652779361573,-0.09554343564297807,1.9727392459849664,0.00022280344833129937,-0.5553015021195135,0.1758398934854923,0.28592430295635035,0.0,0.0,,-8.163265306122437,23.85286737694524,0.3541666666666667,0.5333333333333333,0.7628144739641366,77,0.21428571428571427,0.4326801517067004,0.0,0.0,0.0,0,-2.144341754973922,-1.6089801297821338,-1.0605682888513712,-2.416088158163321
sz002593,2024-12-25,1.0,0.28329321028371496,0.457142857142858,0.5484460694698434,76.80386299018897,78.0,59.6,0.0,0,0,0,0.2571428571428571,train,0.2,train,1,0,0,0,1.7889087656529634,13.595706618962433,2.02578268876612,-4.41988950276242,-6.077348066298349,-4.41988950276242,4.7882136279926435,-7.550644567219155,-5,-8,-0.08255460767293767,-0.22607689976505047,-0.07564801825559014,-0.04100457802096444,-0.01672943860863949,0.012512371856196098,-0.069111598650613,-0.10598526431396926,0.013719515785579197,1.420113251663266,1.6055595116773351,-0.18544626001406916,1.4842919279262818,2.5647961987664393e-05,-0.2551070322119319,0.06869888490143868,0.5934895978355803,0.3033932135728542,0.4315960912052117,-38.436123348017624,-44.04404404404405,16.51065725489364,0.4166666666666667,0.3469387755102041,0.5569164481109715,31,0.41509433962264153,0.1920278392913635,0.0,0.0,0.0,0,-1.6330416480648813,-0.8206902667557303,1.1095971729297327,-0.03820379410494068
sz002593,2025-03-04,2.0,0.3993640071197466,0.5185185185185165,-1.098901098901095,73.05970360102401,217.0,55.4,0.0,0,0,0,0.2938144329896907,train,0.1764705882352941,train,0,0,0,0,8.963093145869937,8.963093145869937,-0.3539823008849585,2.4778761061946764,4.424778761061954,-0.707964601769917,9.734513274336276,-2.831858407079646,5,8,-0.06795041538587437,-0.00029881999187933553,0.018468755128939682,-0.04184066567773877,0.00925398994113518,-0.07253338071468322,-0.07915239954386427,-0.023143217281651217,-0.1160755384786944,1.611409546428504,1.749360503043691,-0.13795095661518686,1.490475081766119,0.00010706986060797699,0.03654637969671257,0.1222989659939638,1.0758653637841085,0.6240601503759399,0.6551724137931035,-8.077544426494343,-10.39370078740156,16.44832660018692,0.375,0.5510204081632653,0.5444432186637563,67,0.22093023255813954,0.702745345534869,0.0,0.0,0.0,1,-1.2089436035058632,-0.7079489240514492,-1.0298853654954754,-2.2543361037212994
sz002595,2025-03-18,1.0,0.41832745050753395,0.8066914498141255,1.8286814244465655,74.17165705778655,26.0,77.6,0.0,0,1,1,0.3461538461538461,train,0.1764705882352941,train,0,0,0,0,14.18944215649569,15.33133657806065,4.495005549389575,6.06733259341472,7.584165741768389,10.432852386237524,11.542730299667037,-0.6289308176100739,5,8,0.23345315340620187,0.005790616086172048,0.09110862530335805,-0.028551224027122905,0.029395056445089232,0.008925972000174413,-0.053901363472414573,0.011402593007604291,-0.03239795330710318,1.4261027272365552,1.474551231001119,-0.04844850376456389,1.7935864560939225,2.2919271457283723e-05,0.26900062493645066,-0.1144207792464872,1.7359804511818224,1.0,1.0,0.5836942195443395,-3.9035797805360706,22.87854283549212,0.2916666666666667,0.37209302325581395,0.7873114829355399,59,0.2804878048780488,0.5121336274818783,0.0,0.0,0.0,1,0.9187216556911348,1.4611741436381998,1.6823193757512067,1.1167723563860532
sz002596,2025-02-18,1.0,0.2588799999924319,1.1,-0.5813953488372103,81.92764404179019,16.0,70.3,0.0,0,0,0,0.2938144329896907,train,0.1764705882352941,train,1,0,1,0,20.71005917159765,21.00591715976332,0.2915451895043608,0.8746355685131046,-0.5830903790087438,3.498542274052463,12.244897959183664,-1.7492711370262426,5,8,-0.10117480951586168,-0.08941215858375345,-0.28244286287901005,-0.03731861946393669,6.645654092802427e-05,0.03670957974252915,-0.02139273444753477,-0.004426050535861871,-0.017856116285592017,1.4475753978104362,1.5808088548075385,-0.13323345699710232,1.3580994351497873,4.24108621159689e-06,0.4972619822303359,0.35622921156091086,2.978215152442133,0.7254901960784312,0.7999999999999998,-3.9772727272727293,-6.111111111111112,19.643007993280552,0.3541666666666667,0.5454545454545454,0.48198915361635425,42,0.4473684210526316,0.1473186119873817,0.0,0.0,0.0,1,-0.7760024318541281,-0.2999054073972718,0.7634990406720776,1.3862196713349206
sz002596,2025-03-05,2.0,0.4208060439721224,0.6666666666666666,0.5633802816901401,77.69971388667336,89.0,64.7,0.0,0,0,0,0.1929824561403508,train,0.1388888888888889,train,0,0,0,0,12.05479452054794,12.05479452054794,1.9283746556473913,2.203856749311295,2.754820936639124,8.264462809917372,12.396694214876035,-0.8264462809917328,5,8,-0.13330225653849284,-0.22106497117338464,-0.025860944121168843,-0.048163983459088525,0.07241671726619466,0.024190194505408897,-0.10335778133423422,0.08619406763709168,0.054130089121144816,1.406195356526626,1.4664164679968137,-0.060221111470187605,1.21912238925423,0.00011161636993625316,-0.3712052329332667,-0.10606368402866755,0.4585708630367627,0.7368421052631577,0.8058252427184465,-5.1948051948051965,-5.1948051948051965,26.347852008441706,0.375,0.5681818181818182,0.6265905852900995,55,0.26666666666666666,0.40138845061533607,0.0,0.0,0.0,1,-1.93379605440539,-1.6695479040813366,-1.4487765260560836,-3.432345975607076
sz002596,2025-03-10,3.0,0.7625925416207863,0.7916666666666672,0.27700831024930483,85.97080062293514,84.0,71.9,0.0,0,0,0,0.2938144329896907,train,0.1764705882352941,train,0,0,0,0,10.242587601078167,10.242587601078167,1.9178082191780854,-0.2739726027397249,6.57534246575342,-3.561643835616435,12.05479452054794,-0.8219178082191747,5,8,0.012167268058259885,-0.2837144316535611,-0.2857250458987245,-0.07523833964570965,-0.06625936713373295,-0.015430266490820643,-0.09550653256535835,-0.06345911460253639,-0.0013071198933036772,1.3149394192599384,1.536004390433323,-0.22106497117338453,1.2346873471547106,7.248120517157869e-07,-0.15660406191792822,-0.22286403142248776,0.7292002214513392,0.702127659574468,0.8640776699029126,-3.6363636363636376,-4.871794871794865,17.558470087481727,0.2708333333333333,0.5652173913043478,0.8251193896743823,68,0.25274725274725274,0.6070640176600441,0.0,0.0,0.0,1,3.94191285072234,2.172179828445886,1.0371164131284694,0.15261835422937242
sz002596,2025-04-14,4.0,0.5111863305172841,0.5357142857142849,0.911854103343468,78.37235232443021,6.0,91.2,1.0,0,1,1,0.3461538461538461,train,0.4,train,0,0,0,0,12.753623188405804,12.753623188405804,-1.7543859649122862,-1.7543859649122862,-0.29239766081871066,0.5847953216374213,4.678362573099415,-5.263157894736836,-5,0,0.11429825339003287,0.06122448392020775,0.12350005872062199,-0.01952689264423706,0.04533854135326483,0.021295514171091972,0.013393261717205373,0.07519184151094152,0.03623461724010732,1.558740805249711,1.5961006675563087,-0.037359862306597824,1.9598721390009315,2.88942928215305e-06,0.25296080305433916,0.1253563867892236,1.6772356901447552,0.366666666666667,0.5250000000000004,-14.179104477611926,-15.647921760391192,16.854887111467175,0.4166666666666667,0.5681818181818182,0.6293174144045905,94,0.27692307692307694,0.8540353089533418,0.0,0.0,0.0,0,8.043083938635442,6.43279852237737,4.727800760931933,6.955853015325708
sz002597,2025-03-14,1.0,0.45541934308940374,0.5839999999999975,-0.5193767479025224,76.39686804371217,3.0,92.5,1.0,1,0,0,0.4677419354838709,train,0.0895522388059701,train,0,0,0,0,5.350118017309202,5.350118017309202,4.222573007103403,0.6708760852407236,-1.933701657458553,-1.6574585635359074,5.682715074980282,-2.72296764009472,5,0,0.04803433884660274,-0.22721611612068443,-0.06948775090758091,0.044249456926535875,-0.13487211528183746,-0.12212182023280688,0.04533427203613768,-0.2383105409843032,-0.06957546162626363,1.380300765287107,1.5884024167078643,-0.2081016514207572,1.6371379124311334,3.0246475976603664e-06,-0.26623942288272273,0.13441724668185864,0.5794801234720656,1.0,1.0,0.9130607383882605,-2.791586998087947,18.110363641282564,0.25,0.5,0.7311347437747338,70,0.2553191489361702,0.8278688524590164,1.0,0.0,0.0,1,0.9743161418948043,1.433479042705077,1.5857548995195092,0.9708218816004033
sz002598,2024-10-23,1.0,0.7351775046738431,0.8372093023255848,-0.7194244604316613,81.43465407281852,53.0,75.7,0.0,0,0,0,0.3605442176870748,train,0.2,train,0,0,0,1,9.613130128956637,45.134818288393916,-0.8264462809917439,2.007083825265643,0.23612750885477762,5.312868949232574,7.438016528925617,-1.5348288075560879,5,0,-0.1129280471847311,-0.0357273091795727,-0.3504347430211317,-0.015719235116653504,0.01507395241352435,0.0,-0.06536203701550461,-0.023824230444671506,-0.032348813935659956,1.6411240021912652,1.6482492902589765,-0.007125288067711288,1.7712359725195075,4.7163166124445006e-05,-0.15260323980121812,-0.06369514508988179,0.7352024798619574,0.7522935779816503,0.0,-3.0681818181818366,-7.28260869565217,19.672373693213988,0.2916666666666667,0.6888888888888889,0.8512925542796145,85,0.4178082191780822,0.5669614655716994,0.0,0.0,0.0,1,6.866513719335088,5.773489043217528,3.6961140665139336,8.105719072106577
sz002607,2025-04-16,1.0,0.7519662151270216,0.6666666666666666,-0.6644518272425071,86.01320306152505,24.0,77.9,0.0,0,0,0,0.3605442176870748,train,0.4444444444444444,train,0,0,0,0,2.922077922077926,2.922077922077926,0.3311258278145601,2.3178807947019875,1.655629139072845,-0.33112582781458233,4.966887417218535,-1.3245033112582738,0,0,-0.3291717597889238,-0.3322296522123815,-0.32285019163872003,-0.05095619125352156,0.021524379646060438,-0.11179853535400482,-0.008231210942962815,0.004822113170075241,-0.10337596245269043,1.5287688862981546,1.70752291209067,-0.17875402579251554,1.4750438207804828,1.4994394690789374e-05,0.07888501499273631,-0.09786193440673945,1.1712815799910459,0.3214285714285717,0.17475728155339817,-12.0,-12.994350282485879,18.384442484249846,0.4166666666666667,0.5306122448979592,0.6218021549047598,41,0.32786885245901637,0.22078740157480314,0.0,0.0,0.0,0,3.2379158733876645,2.152527874515897,2.33335773574348,2.623469204852613
sz002609,2025-03-25,1.0,0.60249681371827,1.1428571428571435,-0.31282586027110426,79.81270300626989,441.0,32.9,0.0,0,0,0,0.3461538461538461,train,0.1764705882352941,train,1,0,0,0,10.537407797681775,14.120126448893577,0.10604453870626251,-2.545068928950156,-3.4994697773064742,-16.01272534464475,3.923647932131513,-6.574761399787898,-5,-8,-0.24892412155476412,-0.2952688941791297,-0.14922643274220265,-0.021547534393961437,-0.02240616011611082,0.0,-0.05811637102484677,-0.10633140766948251,0.01389476830644229,1.6174971976234054,1.7094500634949452,-0.09195286587153984,2.099640523210762,0.00011465008456583835,0.11359150533777648,0.24626340367767766,1.2562960667046899,0.8600000000000007,0.9128630705394194,-2.1649484536082397,-6.7779960707269105,23.65910504128296,0.3333333333333333,0.6571428571428571,0.7318354608270998,38,0.4722222222222222,0.48391167192429024,0.0,0.0,0.0,0,-4.554832984148661,-3.0383438819201802,-1.882061257279044,-3.7316678902805656
sz002611,2025-07-18,1.0,0.6105117426314971,0.7213114754098359,1.7557861133280284,78.49734813005752,134.0,60.7,0.0,0,0,0,0.3461538461538461,train,0.2,train,1,1,1,1,57.88667687595712,60.336906584992356,4.058192955589579,1.4548238897396537,2.52679938744258,4.287901990811638,13.32312404287903,-1.3782542113323082,5,8,-0.0009459995771681221,-0.20940135983908967,0.0024277090133704754,0.05478861439458471,-0.03667062378780673,-0.04142144577314344,0.05541423600556462,-0.061832431325298705,-0.07539401975833214,1.3239576665673285,1.5326057440755936,-0.20864807750826508,1.4053078424462895,0.0003909177825867913,-0.11022824368118958,-0.06429477871801917,0.8014313825854309,1.0,0.8675799086757995,4.229848363926592,-3.2592592592592506,13.807594740630655,0.2916666666666667,0.46938775510204084,0.7549348063564272,40,0.3442622950819672,0.4968454258675079,0.0,0.0,0.0,1,1.4080327533097847,1.203427086378439,1.089506917767169,3.174088241168227
sz002612,2024-12-20,1.0,0.653277093515874,0.7191011235955058,0.39525691699604515,80.93045549372673,45.0,78.5,0.0,0,0,0,0.4677419354838709,train,0.5,train,0,0,0,0,3.050471436494706,3.050471436494706,-1.3333333333333197,-5.166666666666664,-4.833333333333334,-13.111111111111107,3.222222222222215,-7.055555555555548,-5,-8,-0.0654697672571655,-0.18681322446081502,-0.05910286342510902,0.07473197316962085,-0.028648361565040806,-0.004367767781902422,0.06959774176066981,-0.12075527450817804,-0.06379791610428708,1.5850646952217209,1.6095669175778022,-0.02450222235608135,1.9315728707400839,4.072774138903148e-05,-0.6739874354602639,0.3040090330080902,0.19475209767634777,0.45578231292517035,0.6812749003984068,-8.150789607743237,-12.220058422590064,23.202301125628395,0.4583333333333333,0.4878048780487805,0.6884533377354137,76,0.2830188679245283,0.5759873617693523,0.0,0.0,0.0,1,-1.309760082485123,-1.1875990683153037,-0.1382265468193089,-1.145147143153824
sz002613,2024-12-06,1.0,0.2918989185975396,0.5416666666666657,-0.22831050228310223,76.73817512306658,4.0,93.6,1.0,0,0,0,0.3605442176870748,train,0.0895522388059701,train,0,0,0,0,4.444444444444451,4.444444444444451,0.0,0.4444444444444251,0.22222222222221255,-3.9999999999999925,4.444444444444451,-2.0000000000000018,-5,0,-0.25576384892783455,-0.33205864307077,-0.21924893827509295,-2.95888207327366e-05,-0.04432743567826147,-0.038223787518237635,-0.042922748034582056,-0.030308328691581753,-0.03622376243907072,1.39424186648643,1.6109551819387848,-0.21671331545235484,1.2788786349408756,3.177126398128942e-05,-0.6831738150097184,-0.3247456752345978,0.18823141268298083,1.0,1.0,1.8099547511312153,-2.8077753779697567,21.027794324742995,0.2708333333333333,0.7111111111111111,0.6121986672237639,112,0.36363636363636365,0.7515802781289507,1.0,0.0,0.0,1,2.5931522239095672,2.1746383698324934,1.4440469437748682,1.9362162616176848
sz002614,2025-11-17,1.0,0.3608223561754214,0.6981132075471697,0.0,79.65729334417354,119.0,65.0,0.0,0,0,1,0.2938144329896907,valid,0.2,valid,0,0,0,0,9.740259740259738,9.740259740259738,-1.5686274509803977,-4.705882352941182,-7.189542483660139,-3.6601307189542465,1.3071895424836555,-8.62745098039216,-5,-8,-0.08571132919546222,-0.29213987306700173,0.06689310381730659,-0.011846286152602796,-0.01352128687701388,0.028320054423634212,-0.03450259789446521,-0.10925299491756511,0.011494349174049534,1.4361184227107717,1.4272675505558396,0.008850872154932077,1.4865415470064895,5.4615016574993126e-05,0.10072633310950721,0.3256385433115809,1.2240170858283854,1.0,1.0,3.6339165545087537,-4.5848822800495626,17.756080631570153,0.5,0.574468085106383,0.49724308269141265,73,0.24742268041237114,0.45468848332284456,0.0,0.0,0.0,1,-0.5312224428283385,-1.4767623695503662,-2.065967040568917,-2.3160680140147383
sz002622,2024-12-10,1.0,0.5236345973008736,1.2000000000000004,0.8000000000000007,84.39376119149593,342.0,43.3,0.0,0,0,0,0.4677419354838709,train,0.2444444444444444,train,0,0,0,0,4.972375690607733,4.972375690607733,1.9444444444444375,0.2777777777777768,-8.05555555555556,-15.555555555555555,5.555555555555558,-8.333333333333337,5,-8,-0.14867072384166224,-0.3217110052772157,-0.22772134542222058,-0.015791255482354567,-0.010329099438507714,-0.0020493869724067765,-0.015927105808369275,-0.024593468317535144,-0.08277371592518334,1.3076436635970339,1.6176962783475712,-0.31005261475053736,1.4725431500972233,0.0038916137749121643,-0.01040252919826758,0.15585470027245787,0.9794091386399799,0.8555555555555556,0.9319371727748692,-3.4666666666666623,-11.70731707317072,15.41043698795425,0.2708333333333333,0.22916666666666666,0.754069656485746,95,0.4378698224852071,0.4913112164296998,0.0,0.0,0.0,1,0.9319677872892562,1.0109875208708985,1.1069560821917346,0.8262040332601472
sz002629,2025-04-16,1.0,0.716466104643822,0.5777777777777782,-9.9609375,80.82236817399543,195.0,48.2,0.0,0,1,0,0.7647058823529411,train,0.55,train,1,1,1,1,21.04166666666667,43.75000000000002,0.21052631578946102,21.26315789473683,18.73684210526314,8.210526315789469,22.315789473684198,-5.894736842105264,-5,8,0.022601365614617,0.5384840787821514,-0.13626074867259722,-0.010170920408382078,0.08633277147135057,0.04138317083557509,-0.010584573047135984,-0.01292600982227572,0.005060973718507146,1.4930009361951007,1.3229279897688468,0.1700729464262538,1.8070459605846807,8.36509754154308e-06,-0.00755362737539309,0.33797962577982327,0.9850060043055578,0.0,0.41062801932367143,-20.26578073089701,-21.311475409836067,29.25212814415716,0.5416666666666666,0.35555555555555557,0.6742468663007779,41,0.32786885245901637,0.22078740157480314,0.0,0.0,0.0,0,3.2379158733876645,2.152527874515897,2.33335773574348,2.623469204852613
sz002629,2025-10-24,2.0,0.5852452668212054,0.6086956521739144,1.0089686098654793,74.19576870632338,327.0,43.5,0.0,0,0,0,0.2571428571428571,valid,0.0925925925925925,valid,1,0,0,0,12.404787812840045,12.404787812840045,-2.4691358024691468,8.080808080808088,-3.367003367003374,-4.601571268237937,15.937149270482598,-4.7138047138047146,5,8,-0.005439818332235689,0.16023611780177688,0.4376308656904728,-0.058094432244280306,-0.0003738502005448959,-0.061690743897167284,-0.0760700059020063,0.028351744680959426,-0.08007734688081455,1.533632164049363,1.5137010889558407,0.019931075093522432,1.9211793275669087,0.00013760745376383734,0.1809005447170962,0.02775858747369475,1.4417059333890438,1.0,1.0,3.0269058295964157,-2.9567053854276826,19.82001247941775,0.3958333333333333,0.5833333333333334,0.6658676892708083,50,0.2857142857142857,0.4491658797607806,0.0,0.0,0.0,0,3.25318784285209,3.4558995959288463,3.2441602225139254,8.04664884131463
sz002633,2025-05-26,1.0,0.3842254785187854,0.8571428571428563,-0.07352941176470562,80.12657758530521,151.0,62.5,0.0,0,0,1,0.4677419354838709,train,0.7241379310344828,train,1,1,1,0,23.760932944606417,23.83381924198249,-0.28530670470755526,0.14265335235377208,21.11269614835949,-3.2097004279600494,21.11269614835949,-3.708987161198285,5,8,0.01846785510420793,-0.00016277980364886395,2.9009715244726255,-0.019183293626766462,-0.041402127114927266,0.44584258916709013,-0.030670351190310936,-0.06541227481770324,0.2595787185979698,1.6074046152623498,1.5443333860897464,0.06307122917260344,1.9306584376397906,0.0004587973218025003,0.3301380294488421,0.2164064063567833,1.9856897210546427,0.955390334572491,0.6852146263910972,-0.8670520231213841,-5.379310344827582,14.291599613775347,0.4375,0.5588235294117647,0.5172569461909337,53,0.32051282051282054,0.6601327853303826,0.0,0.0,0.0,0,-1.09183136374299,-0.8973228528084465,-0.43946250866585546,-1.3527151634177836
sz002634,2025-02-18,1.0,0.49799380954303096,1.1290322580645165,1.6260162601626105,86.20377838638363,225.0,44.4,0.0,0,0,0,0.2938144329896907,train,0.2,train,0,0,0,0,10.270270270270277,13.783783783783775,-1.0810810810810811,-1.6216216216216273,2.43243243243243,0.2702702702702675,5.675675675675684,-3.2432432432432434,5,0,-0.026163441311972964,0.029815346032427435,-0.11121966593382827,-0.035613601735853796,0.0,0.0,-0.07273681311874547,-0.05177586770384544,0.005326978901122346,1.3179928072312108,1.513436363668113,-0.19544355643690214,1.358891284649831,0.0,0.3377209116098333,0.28758162813759286,2.0198749063049766,0.9574468085106382,0.967741935483871,-0.5376344086021501,-8.64197530864197,16.633813573145677,0.4166666666666667,0.7575757575757576,0.5331957681662446,42,0.4473684210526316,0.1473186119873817,0.0,0.0,0.0,1,-0.7760024318541281,-0.2999054073972718,0.7634990406720776,1.3862196713349206
sz002636,2025-11-07,1.0,0.5336206206492291,1.1609195402298855,-2.8268551236749095,74.04533436216305,572.0,21.2,0.0,1,0,0,0.9047619047619048,valid,1.0,valid,1,0,0,0,18.826405867970664,18.826405867970664,9.48905109489051,7.785888077858871,1.338199513381988,-14.051094890510951,18.24817518248174,-0.48661800486619056,5,8,3.167314637363637,-0.013614114104465965,-0.06000848414007227,0.47006148329328945,0.03632443739903171,-0.022001823103956333,0.38234689725721765,0.062345614469288296,-0.06044511905268021,1.5177877810727098,1.317497111902001,0.20029066917070892,1.8508640898862652,0.0001227330632120434,0.46571886427945636,0.3140714625987346,2.7433475866647523,0.8683651804670911,0.8769841269841268,-3.6513545347467646,-6.084959816303115,14.64629776565674,0.5416666666666666,0.08163265306122448,0.560307780272629,49,0.379746835443038,0.44192634560906513,0.0,0.0,1.0,1,0.4689613161065864,-0.04218113071048357,0.8215800674885587,0.6485580524397294
sz002638,2025-06-30,1.0,0.2803106632945053,0.5454545454545454,0.3968253968253954,79.61914172483154,125.0,66.9,0.0,0,0,1,0.3605442176870748,train,0.1764705882352941,train,0,0,0,0,0.7604562737642651,0.7604562737642651,-3.0303030303030276,-5.681818181818176,-7.57575757575758,-6.439393939393934,0.37878787878786735,-8.712121212121215,-5,-8,-0.2431198658454093,-0.047344170585111534,0.05122660886033227,-0.054099901901932416,-0.07583847858490139,0.02538237080276776,0.0053148795559353895,-0.14790222447883988,-0.153901334320588,1.5550889490221267,1.5583738645835992,-0.003284915561472479,1.7400248981016206,1.6678329254327795e-06,-0.3361371585969462,-0.04946112944904744,0.49685231574591066,1.0,1.0,4.36507936507935,-4.3636363636363695,24.49659034062486,0.3958333333333333,0.475,0.4752725250937292,64,0.2289156626506024,0.6827347195967234,0.0,0.0,0.0,1,4.573029443608401,4.251144801714091,2.0264254536714876,6.709845633022771
sz002639,2024-11-06,1.0,1.2630598283263565,0.6,0.29940119760478723,84.55543790487093,26.0,82.3,0.0,1,0,0,0.4677419354838709,train,0.55,train,0,0,0,1,11.432706222865407,47.322720694645426,4.874651810584973,0.0,-3.760445682451252,-3.899721448467963,7.2423398328690824,-5.571030640668518,5,-8,1.6600439096009185,-0.10902526425304782,-0.1944748870541107,0.03374479683968946,-0.015893658114467343,0.008735580198106871,0.01963556248659136,-0.08066074163218566,-0.08350582469146142,1.561426986014184,1.4040528498633016,0.15737413615088247,2.405653774733113,1.8878321272805788e-05,-0.6227287857624646,0.16805231269278365,0.2324918480202276,1.0,1.0,3.4431137724550975,-5.342465753424652,16.252630105868814,0.375,0.4489795918367347,0.8552084689518825,117,0.4532710280373832,0.5178515007898894,0.0,0.0,0.0,1,4.549431871947829,4.930734226551192,3.466671253434961,5.313363897228474
sz002639,2025-04-08,2.0,0.6142346004303485,1.0731707317073176,-9.60099750623441,74.79488011139945,114.0,67.2,0.0,0,0,1,0.472,train,0.288135593220339,train,1,0,1,1,21.468144044321335,90.02770083102493,1.5804597701149392,3.4482758620689724,17.816091954022983,7.471264367816088,23.85057471264367,-6.609195402298851,5,8,-0.1569056839919637,-0.11363261294011996,0.024410822343964054,0.00024153451325353595,-0.01946733377257564,5.0365031550623025e-05,-0.047602961754795864,-0.039536623788931566,-0.008345246694167868,1.3011743050853342,1.4871925060113527,-0.1860182009260185,1.9969138884603883,0.000596692227011088,-1.0,-0.2859152482263883,0.0,0.0,0.3252279635258358,-23.516949152542377,-24.713242961418146,13.901224076046299,0.25,0.3829787234042553,0.7449340606886867,106,0.20300751879699247,0.41028066855881423,0.0,0.0,0.0,0,-11.187878462006717,-9.062457380340906,-6.0851042943472216,-12.520157948474264
sz002639,2025-11-06,3.0,0.6351973156001803,1.6249999999999996,0.8759124087591275,77.80231293304983,28.0,78.6,0.0,0,0,0,0.3605442176870748,valid,0.0895522388059701,valid,1,0,1,1,27.82348541510846,62.15407629020196,5.597579425113475,6.656580937972767,4.08472012102874,8.925869894099847,29.27382753403933,-1.2102874432677768,5,8,-0.11276216321995361,-0.0036691300835125194,-0.2382164028203253,0.043067257344103854,-0.1068855014208616,-0.00940140428833139,0.033256619379223154,-0.15395038976925182,-0.013893208994431437,1.3691901666091824,1.4195740721932895,-0.0503839055841071,1.8345909065104153,0.0014884533132064235,-0.46851047938240525,0.03347421282285234,0.36192422735799423,0.8955696202531646,0.9020771513353115,-2.4087591240875894,-8.861622358554877,14.347071487973574,0.2916666666666667,0.14285714285714285,0.686913402982953,57,0.40625,0.5354107648725213,0.0,0.0,0.0,1,0.8917080004223976,-0.5414224919093491,-0.3504906992934709,-1.1767740961124984
sz002640,2024-11-06,1.0,0.7465319250211931,0.6896551724137936,-0.31746031746030523,88.21710632501092,111.0,66.7,0.0,0,0,0,0.472,train,0.288135593220339,train,1,1,1,1,90.18404907975462,130.06134969325154,11.003236245954696,5.501618122977336,4.530744336569592,0.9708737864077666,14.886731391585762,-1.6181229773462702,5,8,-0.15678766955073034,-0.29060141796864836,-0.47394114879461663,0.049588616240285925,-0.02408647334448371,0.031490987643893326,0.05375986685225328,-0.06126790304405913,0.06051775955916905,1.4586701998126137,1.710857930603936,-0.2521877307913223,1.4973187223556654,0.00014953375027617884,-0.2516831480215729,-0.30518316726660133,0.5978484676103747,1.0,1.0,0.0,-6.321839080459779,21.186613643645526,0.22916666666666666,0.3469387755102041,0.9042411489901949,117,0.4532710280373832,0.5178515007898894,0.0,0.0,0.0,1,4.549431871947829,4.930734226551192,3.466671253434961,5.313363897228474
sz002640,2024-12-10,2.0,0.4130314319384553,0.9354838709677423,-9.771986970684033,77.99295350388111,29.0,83.1,0.0,0,0,0,0.8214285714285714,train,0.1388888888888889,train,1,0,0,0,4.8214285714285765,4.8214285714285765,-2.6415094339622636,3.018867924528301,-2.8301886792452713,-12.075471698113205,10.754716981132084,-4.716981132075471,5,8,-0.06618306052530125,-0.13064277538963312,-0.1963602597141104,-0.020991488863438938,-0.04461811381616911,-0.05591627512585093,-0.047317449666310095,-0.059502130882607286,-0.11217897193289558,1.6406630441956598,1.7232374561802555,-0.0825744119845957,2.5103190259858943,0.0005871004582961995,0.8361648093417817,0.2111105308001214,11.207389584404137,0.6911392405063289,0.7220956719817766,-17.888563049853378,-25.333333333333343,15.182483132996397,0.16666666666666666,0.2857142857142857,0.848842053864455,95,0.4378698224852071,0.4913112164296998,0.0,1.0,0.0,1,0.9319677872892562,1.0109875208708985,1.1069560821917346,0.8262040332601472
sz002640,2025-01-13,3.0,0.9171117066416505,0.4166666666666673,-2.4498886414254017,80.65155505981674,517.0,31.1,0.0,0,1,0,0.4677419354838709,train,0.55,train,1,0,1,0,28.026905829596416,28.026905829596416,6.5462753950338515,26.86230248306998,12.189616252821667,-4.063205417607218,28.893905191873603,-0.22573363431150906,5,8,-0.33750770592320994,0.22707419622567462,-0.2135503944698767,0.021593808892695528,0.05096556596659559,0.001488863380176833,0.010016739377918346,-0.007388563137427165,-0.03644665309849007,1.5661972481521602,1.7489370223639849,-0.18273977421182463,1.9086853355065982,0.00013421622250306644,-0.2624397167446605,0.28518239427641595,0.5842340616130327,0.0,0.0,,-8.606557377049185,14.444200828137518,0.2708333333333333,0.3877551020408163,0.8091070497680489,42,0.34375,0.5249841872232764,0.0,0.0,1.0,0,-0.8659344172353811,-0.836603234577904,-1.232610068475748,-1.5753430200399765
sz002640,2025-01-27,4.0,0.5973450228945848,1.0714285714285698,-9.341825902335465,78.33801425004978,203.0,52.9,0.0,0,0,0,0.472,train,0.2444444444444444,train,0,0,0,0,19.999999999999996,19.999999999999996,4.0380047505938155,5.938242280285033,11.876484560570066,4.750593824228022,21.14014251781471,-1.4251781472684022,5,8,-0.16164211174778179,-0.13518402680701994,-0.17751503935910243,0.02917722035913141,-0.007137763953231206,-0.01455640166446676,0.03201791038771616,-0.016970765405614048,-0.05000752497608036,1.5440330309105905,1.5948143237343104,-0.050781292823719903,2.1527682920071873,5.804919795576148e-05,0.3990949622155379,0.5915361105223275,2.3283129184171987,0.021428571428571602,0.0,-24.37722419928826,-25.569176882661992,18.401115036732644,0.4791666666666667,0.32653061224489793,0.5994911704420333,38,0.3870967741935484,0.4358651118815002,0.0,0.0,1.0,1,-0.5626817280288687,-0.44507350127604983,-0.3289102964417534,-1.943614843858421
sz002642,2024-11-28,1.0,1.1431340910022054,0.8688524590163949,0.12706480304955914,87.02191672581083,46.0,74.8,0.0,0,0,0,0.3605442176870748,train,0.2,train,0,0,0,0,13.840399002493786,13.840399002493786,1.2484394506866447,4.619225967540586,2.7465667915106184,9.612983770287142,13.9825218476904,-2.4968789013732895,5,8,-0.29248862854198643,-0.25140760235279147,-0.37076396711599047,-0.009169917920474824,0.024572881315248974,-0.054569745540235484,-0.0269688354999275,0.0604571917725204,-0.041482269754015595,1.3973578150857897,1.8111911451580156,-0.4138333300722259,1.7651967309444179,0.00022060996075016427,0.2162996266991557,-0.0811685479066115,1.5519957220082203,0.6,0.5466666666666666,-11.283185840707965,-8.967082860385933,14.312444933974882,0.20833333333333334,0.30612244897959184,0.8829145749234663,82,0.44594594594594594,0.5090104331331015,0.0,0.0,0.0,0,-2.8117945929365784,-3.804584782937326,-2.926514963948923,-4.239575883090685
sz002642,2025-05-12,2.0,0.5442212434062795,0.704545454545455,0.7894736842105399,80.64638720210132,37.0,82.5,0.0,0,0,0,0.3461538461538461,train,0.1388888888888889,train,0,0,0,0,1.5306122448979664,1.5306122448979664,-2.3989898989898895,-4.040404040404044,-3.0303030303030276,-5.5555555555555465,0.5050505050504972,-5.05050505050505,-5,-8,-0.3465331078000537,-0.10708537721979194,-0.4547687871642905,-0.03587734622868306,-0.0016177237910280674,0.020734505859061742,-0.09786657452409607,-0.08257696843515826,0.004907437866823467,1.408584376324075,1.6863607219676384,-0.27777634564356335,1.4213408671157703,2.5607799566904257e-05,0.21656408069930796,0.09191019412769753,1.5528571651210903,1.0,0.3779264214046823,0.7712082262210762,-3.8036809815951034,13.813308531132643,0.2708333333333333,0.673469387755102,0.7002106259908326,41,0.3880597014925373,0.704358812381554,0.0,0.0,0.0,1,3.6527635280577453,2.8738357969900763,3.1835792488165815,5.989857956463163
sz002642,2025-08-26,3.0,0.5936727224729236,0.6399999999999982,-0.23529411764705577,81.54425763286226,128.0,66.7,0.0,0,0,0,0.2571428571428571,train,0.0895522388059701,train,1,0,1,1,36.2088535754824,36.2088535754824,-2.7057497181510515,-2.367531003382173,7.215332581736189,1.5783540022547893,18.151071025930122,-4.058624577226599,5,8,-0.26940505463774855,-0.20356231270640443,-0.07450146682345733,-0.04350357397367743,-0.050546721355140926,-0.07684380587700715,-0.050478423685596074,-0.048377097578832795,-0.13738224240411048,1.405835011781487,1.5170729116977144,-0.11123789991622735,1.5086731551350825,7.342590411208725e-05,-0.059546387498677,0.009424736752523455,0.8876002255281129,1.0,1.0,3.282532239155933,-5.166846071044118,13.930599614250916,0.5,0.4897959183673469,0.6091339464830776,63,0.3076923076923077,0.5721487082545683,0.0,0.0,0.0,1,3.225495755855423,4.639224571115053,5.427328826967992,5.3957556378260385
sz002645,2025-03-18,1.0,0.5772093182519297,0.7368421052631564,0.2624671916010346,79.52226510524933,30.0,76.2,0.0,1,0,0,0.8214285714285714,train,0.7241379310344828,train,1,0,1,1,32.558139534883715,32.558139534883715,10.23316062176165,6.217616580310881,8.678756476683947,25.0,32.90155440414508,-0.2590673575129432,5,8,2.4181380830825305,-0.08652847287866186,-0.05284982581944362,0.37287672823627677,-0.14469706102042337,0.03509510261172536,0.35464975348709044,-0.19672816721180889,0.07279033681958558,1.5463663758845532,1.7640993192898824,-0.21773294340532923,1.837603079197904,0.0,-0.19311560192798455,0.19553562990394377,0.6762835024268825,0.8219178082191784,0.9090909090909092,-1.6518424396442133,-5.953827460510331,32.6153325967658,0.3541666666666667,0.825,0.7930558136333578,59,0.2804878048780488,0.5121336274818783,0.0,0.0,0.0,1,0.9187216556911348,1.4611741436381998,1.6823193757512067,1.1167723563860532
sz002646,2025-07-21,1.0,0.47055426209662654,0.673076923076924,1.2552301255229992,76.55155132609431,182.0,62.1,0.0,0,0,0,0.2938144329896907,train,0.1764705882352941,train,0,0,0,0,12.45059288537551,12.45059288537551,2.3738872403560762,3.956478733926816,0.3956478733926794,-1.6815034619188873,12.561819980217614,-2.3738872403560873,5,8,-0.041109948122789376,-0.17971993947165918,0.03518000029572177,0.015777031771117788,-0.1176842307284771,-0.05523475857752037,-0.042032006245476095,-0.1175413686804124,-0.12249697213478412,1.4435840310201302,1.4080017204081658,0.035582310611964374,1.469955123386087,0.0,0.3846899437732491,0.14745823923660822,2.2503938132663484,1.0,1.0,5.747126436781591,-3.3428844317096584,13.297699285118687,0.4375,0.717391304347826,0.5768208087712345,102,0.25547445255474455,0.7726269315673289,0.0,0.0,0.0,1,2.3204382597163287,2.332725474282449,1.6910158674642073,4.543109064302553
sz002654,2025-04-07,1.0,0.6352934749645367,1.0277777777777772,-9.820732657833197,80.86904397890817,305.0,36.1,0.0,0,0,0,0.472,train,0.0,train,0,0,0,0,6.320346320346304,11.255411255411252,-4.933920704845818,-0.35242290748898064,4.933920704845818,1.585903083700435,8.193832599118945,-14.361233480176205,-5,-8,-0.06499923437627426,-0.1741277948172469,-0.10895546979853124,-0.027090113429573542,-0.007092271328655175,0.01344028077412541,-0.07033036326547248,0.008419475149685853,-0.035563660379300054,1.214036826952874,1.8724352019144295,-0.6583983749615554,2.0781267183596173,6.364809975734333e-05,-1.0,-0.7492562697718937,0.0,0.0,0.12500000000000014,-23.15369261477045,-25.579896907216494,97.47285137571815,0.125,0.15384615384615385,0.9479243972205991,20,0.4444444444444444,0.019880088355948247,0.0,0.0,0.0,0,-12.313961756970537,-10.632095360413397,-8.319585513381277,-15.083249334698845
sz002654,2025-06-11,2.0,0.4199748896225863,0.8032786885245913,-0.08474576271187972,81.13131704765063,11.0,84.3,0.0,0,0,0,0.3461538461538461,train,0.2,train,0,0,0,0,7.41049125728559,7.41049125728559,-0.0838926174496657,-2.348993288590595,0.3355704697986628,4.026845637583887,7.38255033557047,-4.949664429530198,5,0,-9.503925893921251e-07,-0.4482068472689294,-0.2789933840932459,-0.03880808229437352,0.013027916483960008,0.034714692333009084,-0.09781749114503573,0.07153765243470653,0.05747710757748071,1.306866054030663,1.7089605248503026,-0.40209447081963967,1.280989476902067,3.829021682609749e-05,-0.17543351742671662,0.13564327603104462,0.7014998894862564,0.4569536423841057,0.32446808510638303,-6.39127045985971,-6.536964980544746,23.20699831041303,0.22916666666666666,0.4489795918367347,0.8718576442716598,46,0.3611111111111111,0.6425639406378276,1.0,0.0,0.0,1,1.0344344401888472,0.9398945022846883,0.6690105977318783,1.8239561941169935
sz002657,2024-12-24,1.0,0.5722616376234632,0.3732394366197171,-0.7843137254901933,76.23559426663036,226.0,57.0,0.0,0,0,0,0.2938144329896907,train,0.4,train,0,0,0,0,-0.8624820316243342,9.1998083373263,-6.078431372549009,-6.127450980392157,-10.196078431372547,-14.901960784313717,1.4215686274509975,-10.294117647058808,-5,-8,-0.2122761896474894,-0.061587757159030136,-0.21047565025740783,-0.02156615359027954,0.009679092465171823,-0.0402017872770168,-0.13359075170015486,0.034397234982576165,-0.06746529533146123,1.5255657378507455,1.690883164735678,-0.16531742688493245,1.7906497320605923,6.261535268001354e-05,-0.505128397752554,-0.048628982969160454,0.3287902899090765,0.14056224899598388,0.4687270051508463,-17.01789264413518,-21.245283018867923,13.98508263421031,0.3541666666666667,0.5306122448979592,0.5523897355460599,66,0.34,0.7414664981036663,0.0,0.0,0.0,0,0.3323093656002918,0.8053247081288406,1.5720110899616557,0.5618347605217178
sz002657,2025-06-06,2.0,0.3312273183679469,1.1262135922330088,-5.934389974198306,76.51744714567428,247.0,50.1,0.0,0,0,0,0.472,train,0.0925925925925925,train,1,0,1,1,21.931908155186065,38.44022169437844,-3.122529644268768,-5.059288537549412,-8.853754940711466,-4.70355731225297,7.786561264822134,-9.486166007905151,-5,-8,-0.0896723219652956,-0.08863917045442528,-0.12417863058188885,-0.041722939975327646,-0.02585107371355915,-0.0552205923961839,-0.07950828441863465,-0.013679109340097355,-0.08642188415899373,1.3108408341782842,1.361867198016697,-0.05102636383841275,1.6300524327897505,0.005267725484544899,0.6389419849054233,0.39493778325938855,4.539276006588896,0.7671232876712332,0.8234183191690276,-6.89273866568374,-12.139130434782608,13.745020504978148,0.4375,0.3469387755102041,0.6772335395977636,45,0.3918918918918919,0.4988934555801454,0.0,0.0,0.0,1,1.0389357370555352,0.7372091390037694,0.39609974323475683,1.33597297197654
sz002659,2025-03-05,1.0,0.33734382173531957,0.549019607843137,0.6224066390041472,81.95673757805226,97.0,64.1,0.0,0,0,0,0.2938144329896907,train,0.1388888888888889,train,0,0,0,0,4.600000000000004,4.600000000000004,2.020202020202011,0.20202020202020332,0.0,-2.626262626262621,5.656565656565671,-3.0303030303030387,5,0,-0.2164356268414896,-0.4577513257721625,-0.39706230828259337,-0.03640066398966718,-0.0734634893267133,-0.027772127492033588,-0.03572955711242395,-0.16515793257203173,0.11203824546919712,1.4898883987972045,1.8552117558943204,-0.36532335709711594,1.4448456854179041,0.0,0.04660903826434399,0.18432747383696954,1.0977752887010632,0.5535714285714283,0.7747747747747749,-4.761904761904767,-7.749077490774903,21.25691297483807,0.375,0.5675675675675675,0.6798944706453874,55,0.26666666666666666,0.40138845061533607,0.0,0.0,0.0,1,-1.93379605440539,-1.6695479040813366,-1.4487765260560836,-3.432345975607076
sz002662,2024-11-15,1.0,0.40679679540392816,1.3809523809523814,1.7412935323383172,80.61476723170715,306.0,39.7,0.0,0,1,0,0.2938144329896907,train,0.1388888888888889,train,0,0,0,0,8.557457212713949,8.557457212713949,-6.796116504854377,-3.6407766990291246,-8.980582524271853,-3.8834951456310662,0.4854368932038833,-9.223300970873783,-5,-8,-0.1535558738705901,0.17401262378427654,-0.2346611315366136,-0.07841873283477555,0.02208790141085158,-0.020499911612208068,-0.15145972072841032,-0.07434340917230704,-0.11617030675660667,1.3750378358285154,1.5722523310779448,-0.19721449524942947,1.3189346371755934,0.0005855702560268566,0.026679381903632428,0.11306737985384785,1.054821363911539,0.8512396694214878,0.8560000000000002,-4.215456674473062,-12.231759656652363,16.466522988296767,0.3125,0.4791666666666667,0.5753926266898378,55,0.35294117647058826,0.1636650868878357,0.0,0.0,0.0,0,-4.633402789176477,-4.788497126129676,-3.294703983653191,-3.3583367788935004
sz002663,2025-07-04,1.0,0.44558573064168605,1.3,-0.520833333333337,85.07063299794171,134.0,56.7,0.0,0,0,0,0.2938144329896907,train,0.0895522388059701,train,0,0,0,0,6.28272251308899,6.28272251308899,0.0,1.5789473684210575,3.684210526315801,-3.6842105263157787,6.842105263157894,-2.1052631578947323,5,0,-0.0015443197737905973,-0.016861516323596344,-0.0713203036871009,-0.1254697262550432,-0.11839730533964023,0.050377229089749447,-0.12769001059476218,-0.10645910949900907,0.03522492617091445,1.5280614614774501,1.5124989029342046,0.015562558543245508,1.3737923234433422,5.517788478453158e-06,-0.20757591831322106,-0.2572913076559478,0.6562105700100919,0.9523809523809523,0.975609756097561,-0.520833333333337,-6.372549019607854,32.9300483058468,0.375,0.4482758620689655,0.7352878063999384,33,0.45901639344262296,0.24267254963756696,0.0,0.0,0.0,1,0.5617277712810731,0.8135950094003475,1.541288449786471,1.5011406341513434
sz002663,2025-09-02,2.0,0.26175296872076637,0.6666666666666666,1.0309278350515427,80.34860962405635,162.0,52.2,0.0,0,1,0,0.3461538461538461,train,0.2,train,0,0,0,0,13.99999999999999,25.0,-2.487562189054715,3.4825870646766344,1.4925373134328401,11.442786069651767,11.442786069651767,-3.980099502487555,5,8,-0.29284063302689767,0.16585886845509165,0.10605512212881671,-0.011134159272882036,0.03872887245135649,-0.06041304477807476,-0.1781173415075738,0.11595913794242556,-0.06794579216278993,1.561719921865071,1.5155543686523976,0.04616555321267346,1.4194513931290564,6.488712642061108e-05,-0.43507506277674485,-0.30865433317140195,0.39365532290009614,1.0,1.0,2.564102564102577,-3.8461538461538547,20.857679322525115,0.5625,0.4523809523809524,0.3926883321934301,42,0.5,0.24291115311909262,0.0,0.0,0.0,1,-2.1746206550601777,-0.03411656694258802,0.8503431878588374,4.744332027242515
sz002664,2024-10-24,1.0,0.4329917070015824,0.739130434782607,-0.7581501137225111,81.6595370593754,471.0,32.9,0.0,0,0,0,0.3605442176870748,train,0.4,train,1,1,1,1,32.838038632986624,32.838038632986624,4.885496183206106,4.580152671755733,4.809160305343507,17.938931297709914,36.4885496183206,-0.22900763358778553,5,8,-0.015876908175621245,-0.034734807273337776,-0.06298498191656955,0.006285785397914035,-0.01744236527825185,-0.06273135807833037,0.005154362732493226,-0.0598633352019358,-0.09537607571408185,1.4832345671817257,1.4844591372941236,-0.0012245701123978492,1.5088657975466997,8.886017627196877e-06,0.006717781640023062,-0.0137466234961335,1.013526430889128,0.48780487804878075,0.0,-7.236388697450025,-11.33069828722002,26.357695588823507,0.4583333333333333,0.43478260869565216,0.6170871913595054,82,0.31092436974789917,0.41616671929270604,0.0,0.0,0.0,1,6.466434839094926,5.678473230879644,3.7118128540365003,6.963942926538169
sz002667,2024-09-10,1.0,0.5934585509349213,1.4210526315789478,0.15384615384614886,79.14841055900143,357.0,43.1,0.0,1,0,0,0.9047619047619048,train,1.0,train,1,0,1,1,46.7716535433071,100.31496062992127,9.048361934477377,4.212168486739465,3.43213728549141,10.140405616224646,19.96879875195008,-2.9641185647425905,5,8,6.426771361968381,0.1480743598113351,0.06455999056390235,0.3874015030472691,-0.008143256596271669,-0.024893283918886767,0.45844694577163797,-0.052741362204103026,-0.026933940125035836,1.3591406932665362,1.455930419535807,-0.09678972626927074,1.8303317946809463,8.057266497978798e-05,0.7265278226962905,0.37633205541283127,6.313358235265241,0.0,0.0,,-7.837445573294632,18.660037809384768,0.3958333333333333,0.39473684210526316,0.7624743548665964,37,0.3508771929824561,0.5558367605188231,0.0,0.0,0.0,0,-1.8550773259627285,-1.9313575454305454,-2.3728334716490718,-1.0499442691984995
sz002667,2025-02-05,2.0,0.6040870409125213,0.7384615384615387,-1.5756302521008458,78.00159604266663,206.0,56.5,0.0,1,0,1,0.3605442176870748,train,0.2444444444444444,train,0,0,0,1,16.35220125786163,37.31656184486374,0.940438871473348,6.478578892371978,7.732497387669812,5.0156739811912265,9.717868338557988,-2.1943573667711713,5,8,0.06604874015108221,0.12673430316280032,0.04408639596708245,0.002287083913861371,-0.010412743991574878,0.002011365436272781,-0.07752872389920341,-0.047781988060448456,0.03946428442251247,1.4360973877593177,1.352502115633299,0.0835952721260187,1.896477712717037,0.001921401671345025,0.654388313032097,0.4947920695091365,4.786841346559385,0.5499999999999995,0.0,-7.826086956521749,-10.422535211267615,25.840363032106307,0.4375,0.5897435897435898,0.6789495280927639,59,0.3655913978494624,0.5541902961562697,0.0,0.0,0.0,1,-0.4500117585857888,-0.3467866602197667,-0.979219277075738,-2.341754962778897
sz002671,2025-05-23,1.0,0.9924926846429621,1.0769230769230789,0.23474178403755097,86.0703946516675,213.0,46.6,0.0,0,0,0,0.1929824561403508,train,0.1388888888888889,train,0,0,0,0,11.267605633802823,23.474178403755875,1.8867924528301883,5.89622641509433,5.89622641509433,6.367924528301883,11.792452830188683,-0.7075471698113289,5,8,0.07509962424422918,-0.13298126951057193,-0.49816772808159504,-0.08557213507651576,0.025078220610239566,-0.003975377803127504,-0.032370638969640084,0.007463957243023492,-0.041415391669750244,1.4068631820580806,1.6202548511375636,-0.21339166907948304,1.881467773804693,5.207597024638886e-06,0.01172212432503287,0.20626535579631863,1.0237223246893532,0.7083333333333324,0.48648648648648646,-1.616628175519641,-6.167400881057272,16.066541931697323,0.3333333333333333,0.6764705882352942,0.6893218728041928,34,0.46875,0.18937717356939615,0.0,0.0,0.0,0,-1.2926795324381235,-1.0987956277572208,-0.17513886426869796,-0.8799500962320628
sz002676,2024-11-28,1.0,0.415828111652406,0.7941176470588226,0.0,76.06923421394556,452.0,34.0,0.0,0,0,0,0.3605442176870748,train,0.2444444444444444,train,0,0,0,0,18.788819875776387,18.788819875776387,5.287713841368591,9.331259720062214,7.46500777604977,10.419906687402802,18.97356143079316,-1.3996889580093264,5,8,-0.023256445370282416,-0.09410845727440029,-0.10236436568684391,0.025215947845328913,-0.03580016640744463,0.013280759921051983,0.05872811034299454,-0.0532414189017021,-0.09430666274933683,1.394655798966676,1.6158454596542742,-0.22118966068759827,1.3351571209589823,0.0,0.04647868329311356,0.010114262255116161,1.097488503882921,0.7619047619047628,0.7857142857142857,-7.73638968481375,-7.471264367816088,13.473116501470054,0.2708333333333333,0.5106382978723404,0.7464650663644246,82,0.44594594594594594,0.5090104331331015,0.0,0.0,0.0,0,-2.8117945929365784,-3.804584782937326,-2.926514963948923,-4.239575883090685
sz002682,2024-12-05,1.0,0.6724349805622509,0.5937500000000001,-4.340567612687806,81.89950798487338,36.0,86.5,0.0,0,0,0,0.472,train,0.2,train,0,0,0,0,6.788079470198682,6.788079470198682,-4.194630872483218,-7.382550335570482,-1.5100671140939603,-17.114093959731534,8.221476510067127,-8.892617449664431,-5,-8,-0.22841957468331114,-0.45033305961744774,-0.1963616846207849,-0.019809701170120313,0.013201509961977066,0.03597999346344519,-0.0908944788592077,-0.02343895168845926,0.0582933431526758,1.4418826025461953,1.6018144905938523,-0.159931888047657,1.7696189493675472,0.0003872216463784551,0.09767400469693109,0.10206840547344877,1.2164938286281441,1.0,1.0,0.8347245409014992,-7.07692307692308,14.386938244915253,0.3125,0.3469387755102041,0.875889717993762,116,0.2108843537414966,0.6707740916271722,0.0,0.0,0.0,1,3.2782239065598295,2.5078068600326464,1.2662869083308381,2.3805805016280823
sz002682,2025-05-27,2.0,0.36427971494116573,1.2142857142857126,0.6072874493926905,79.67187249198,78.0,71.0,0.0,0,0,0,0.472,train,0.1764705882352941,train,1,0,0,0,16.17357001972386,16.17357001972386,2.3809523809523725,-1.5873015873015928,3.9682539682539764,-3.373015873015872,16.86507936507935,-2.182539682539686,5,8,-0.16204846189020355,-0.13453163371960378,-0.37818618463271075,0.06926633712782512,-0.06513452802715251,-0.06993653506881144,0.044514664341665455,-0.10357716212377244,-0.1354319607352776,1.3667291428851542,1.449635356119544,-0.08290621323438985,1.4756730782216003,0.004257467846511067,0.2883943160218098,0.26033011850765664,1.8105452851628676,1.0,0.6703296703296705,2.6315789473684292,-6.284658040665436,17.291539527654734,0.4583333333333333,0.40425531914893614,0.6485050784812484,56,0.2631578947368421,0.5376344086021505,0.0,0.0,0.0,0,-2.2381439711698814,-1.656786490231088,-1.5077226611816985,-2.7735780076991623
sz002682,2025-06-18,3.0,0.458995094041142,0.4166666666666685,-0.41928721174003813,77.10495727071715,43.0,73.6,0.0,0,0,0,0.1929824561403508,train,0.2,train,0,0,0,0,5.316973415132931,5.316973415132931,-3.7422037422037313,-0.4158004158004047,-0.6237006237006071,3.1185031185031242,7.06860706860708,-4.365904365904361,5,0,-0.2200792100146497,-0.291018213110813,-0.1598731721360205,-0.04005237203594111,0.08745864490683461,-0.0400369779656364,-0.1567398812375092,0.09681924821277373,0.01689099823449472,1.4322421791173157,1.5787509605208232,-0.14650878140350754,1.312639063920378,0.00013469268544193238,-0.11110530764566806,-0.11452600124318897,0.8000094016631237,0.4123711340206181,0.5714285714285713,-10.439560439560447,-16.977928692699496,18.68974492139828,0.3541666666666667,0.6086956521739131,0.6333456207010566,33,0.4,0.26866141732283466,0.0,0.0,0.0,1,-0.8264171854377,-0.812626196575883,-0.5046544658520613,-0.3462298302985056
sz002685,2025-01-09,1.0,0.27484472302571067,0.7083333333333337,-1.0954616588419341,82.41241927488225,85.0,68.2,0.0,0,0,0,0.472,train,0.575,train,0,0,0,0,9.104704097116855,12.89833080424887,-2.304147465437778,2.611367127496167,3.2258064516129004,-0.6144393241167445,8.141321044546856,-5.990783410138246,5,8,-0.34805599103116774,-0.1070707087376535,-0.42608628540122,-0.008220185317558183,0.05717163434147783,0.022429313958173516,-0.018919682290025684,0.026454148210083992,-0.01829563618598753,1.4951451300809655,1.8197068019146239,-0.32456167183365836,1.3741545826624701,0.00033445814204685235,-0.007666397765407666,-0.08444004417923352,0.9847838574702726,0.0,0.0,,-4.906204906204903,22.02001294588315,0.2708333333333333,0.5625,0.7220550957035723,77,0.21428571428571427,0.4326801517067004,0.0,0.0,0.0,0,-2.144341754973922,-1.6089801297821338,-1.0605682888513712,-2.416088158163321
sz002689,2024-10-22,1.0,0.601709081622886,0.5999999999999994,0.0,76.5561600395391,355.0,49.0,0.0,0,0,0,0.3605442176870748,train,0.1764705882352941,train,1,0,1,1,33.22784810126582,74.68354430379745,1.273885350318471,-0.31847133757962887,0.0,10.828025477707005,16.242038216560495,-1.9108280254777066,5,8,-0.3813914208427236,-0.32396245010153835,-0.360919636236439,0.0019171284554029184,-0.03858032354098976,-0.02910614061250389,0.076033052410648,-0.26786743185576506,-0.08057536748353145,1.595333864710247,1.9166427858502588,-0.32130892114001175,1.6738840697826616,0.0013697298482647261,-0.34288417638076607,-0.27029373916362504,0.48933171987344426,0.5185185185185189,0.0,-7.602339181286544,-10.481586402266284,13.372483421144716,0.3958333333333333,0.425,0.548548419944457,100,0.29577464788732394,0.7941269340069467,0.0,0.0,0.0,1,6.929849597319926,5.140002119666098,2.639541872838058,6.280170679932073
sz002691,2024-12-11,1.0,0.3209644749511202,0.4772727272727268,-0.7751937984496138,79.23200408140984,455.0,39.8,0.0,0,0,0,0.4677419354838709,train,0.288135593220339,train,0,0,0,1,2.102102102102088,106.30630630630628,-0.14903129657227732,-4.470938897168397,-11.922503725782407,-24.14307004470939,1.3412816691505292,-14.903129657228021,-5,-8,-0.09256244965908934,-0.34612413874564985,0.24350310445115594,7.80608165029147e-05,0.0,0.0,-0.20228756475815984,-0.10061869212288144,-0.01293050886578889,1.4632419825492797,1.5811072545597893,-0.11786527201050956,1.3920938853133904,0.00011813947986352857,0.30611130340145803,0.3200710167676937,1.882306643419968,1.0,0.8321678321678321,0.7564296520423675,-4.72103004291845,23.70162197400459,0.3541666666666667,0.4,0.571802068904988,132,0.21893491124260356,0.7883765003158559,0.0,0.0,0.0,1,3.907038786227379,2.854699890862289,1.4825889298941242,2.1765870656512254
sz002691,2025-02-14,2.0,0.37043561189670166,1.0,-9.970887918486182,78.67242204435837,433.0,30.7,0.0,0,0,0,0.472,train,0.0,train,0,0,0,0,14.793856103476145,14.793856103476145,16.166077738515906,14.840989399293282,7.155477031802127,-14.487632508833926,25.441696113074187,0.0,5,8,-0.02991860198579171,-0.40195209424122386,-0.0587369307112323,-0.005005954352168489,-0.008085665554033825,-0.01784812496337232,-0.0030041059030022003,-0.030783384045115145,-0.06185157575757328,1.289937820714824,1.9503158708714659,-0.6603780501566419,1.7003023944776159,0.0003761404240648742,-1.0,-0.27331805125403713,0.0,0.848952590959206,0.8491189427312774,-9.970887918486182,-9.970887918486182,19.591124590311537,0.20833333333333334,0.2553191489361702,0.8835084838251795,57,0.2962962962962963,0.3845425867507886,0.0,0.0,0.0,1,1.8711930257548248,1.950770110389155,1.1895513831674975,1.8832056960079502
sz002691,2025-08-29,3.0,0.32431524307141646,0.5714285714285714,-0.11337868480725266,78.75962585443811,92.0,64.1,0.0,0,0,0,0.2938144329896907,train,0.1388888888888889,train,0,0,0,0,10.738255033557053,10.738255033557053,-1.2359550561797938,7.640449438202235,9.325842696629216,0.22471910112358273,11.23595505617978,-1.7977528089887618,5,8,-0.25754424579639784,-0.11165828189982428,-0.09232366455041277,-0.01454206260376825,0.01797877369030496,-0.02760919103402279,-0.05937162738268018,0.01219085015366977,-0.003136626557401017,1.4026334266272669,1.5537876712311716,-0.1511542446039047,1.5475686833331974,0.002067652525967668,0.5740478710355226,0.2573671284882356,3.695363314328666,0.5714285714285707,0.6853146853146848,-4.792332268370614,-4.792332268370614,28.198175356363038,0.2916666666666667,0.6363636363636364,0.7529599832086942,56,0.28205128205128205,0.37870195337114054,0.0,0.0,0.0,1,1.0286258493822364,3.2405050742088326,2.7126875831844366,7.737864181541387
sz002692,2025-01-15,1.0,0.7078683293309679,0.5769230769230771,-3.9583333333333193,79.78593613207158,327.0,40.3,0.0,1,1,0,0.9047619047619048,train,0.7241379310344828,train,1,1,1,1,39.665970772442606,39.665970772442606,-0.6521739130434634,20.21739130434783,19.56521739130437,1.7391304347826209,45.43478260869567,-3.6956521739130443,5,8,0.07978598194142107,3.4520320455056224,-0.335221628322955,0.010609997186418018,0.770770048910663,-0.18726410582236705,-0.0016745816979843067,0.46842428377918005,-0.29500132473103274,1.3574900429928587,1.3719380191688642,-0.014447976176005461,1.556295587491916,0.00033377079552821107,-0.005504666314070903,0.320039216177997,0.9890509383029527,0.9908256880733947,0.0,,-5.893909626719052,14.369672300026131,0.4375,0.4222222222222222,0.6760375710030008,60,0.3684210526315789,0.3446969696969697,0.0,0.0,0.0,0,2.0098204816990872,1.1145645035239848,0.17973906101349524,1.4682708869019567
sz002692,2025-05-26,2.0,0.2995504357991344,0.5588235294117635,0.8196721311475308,77.94187579822919,22.0,82.8,0.0,1,0,0,0.3605442176870748,train,0.288135593220339,train,0,0,0,0,7.495069033530566,7.495069033530566,1.5625,4.296875,-0.3906250000000111,-0.5859375,6.4453125,-2.148437500000011,5,0,0.007559104264368215,-0.0005373058112437312,0.1966176035566883,0.05111235967909197,-0.016972246383931307,-0.12410417983707542,0.08140769719269196,-0.04486641970283874,-0.09798129608752246,1.559779244204448,1.5144263626267578,0.04535288157769024,1.7071358900754905,0.0,-0.13842677459554048,-0.16519790190765535,0.7568104024174578,0.9782608695652178,0.45398773006134985,-0.19685039370078705,-3.61216730038022,17.367985700197238,0.4583333333333333,0.6904761904761905,0.36965571347497456,53,0.32051282051282054,0.6601327853303826,0.0,0.0,0.0,0,-1.09183136374299,-0.8973228528084465,-0.43946250866585546,-1.3527151634177836
sz002693,2024-11-04,1.0,0.8849906434159562,1.0,-9.98810939357907,87.96122937038588,266.0,55.8,0.0,0,0,0,0.9047619047619048,train,0.0,train,1,0,0,0,5.019815059445176,5.019815059445176,4.379562043795615,-2.7459158846020126,-3.7191518943343826,-21.68925964546402,10.531803962460895,-9.697601668404587,5,8,-0.15006219092364648,-0.20110733921293528,-4.76443584605002,0.02984100845736568,0.01002872629014009,-0.5111160777302028,0.040986081296343735,0.008167777404782552,-0.5841763515738955,1.2457615056950204,3.0831817819658016,-1.8374202762707812,1.344808808300468,0.00012899810087163728,-1.0,-0.9325965582305044,0.0,0.6377071204657413,0.6377071204657413,-21.08418034923116,-26.11029770619814,228.1473705771225,0.041666666666666664,0.1875,1.0,133,0.23563218390804597,0.7985452245414295,0.0,0.0,0.0,1,-0.4764170039836757,0.7680208727800952,-0.48925914107991186,-1.935016450452598
sz002693,2024-11-13,2.0,0.5159311937635118,1.8409090909090904,0.64179703168874,78.19937329192244,407.0,38.1,0.0,0,0,1,0.4677419354838709,train,1.0,train,1,1,1,1,30.108423686405338,30.108423686405338,1.7476555839727181,-3.9641943734015306,16.19778346121057,2.3017902813299296,32.992327365728904,-6.180733162830343,5,8,-0.15179800511897493,-0.20196932873147305,5.681180642493675,-0.0035850866020934965,-0.0006595424663135921,0.9761944352067399,-0.010684757393295708,0.028455217875842712,0.7571499833721317,1.494705020935993,1.4514188392960203,0.043286181639972554,2.0146816971646406,0.0004168768944019633,0.6495505117232448,0.39221508904860997,4.7069565426803255,0.03422818791946319,0.355575459023735,-37.50325775345321,-41.483650561249384,18.858203644540662,0.5,0.4897959183673469,0.7058897058194504,53,0.4536082474226804,0.4492570344609548,0.0,0.0,0.0,1,2.8793140677881413,2.1883621545562004,2.1521100242674063,6.6827449373572545
sz002696,2025-03-27,1.0,0.45618568729384557,0.7000000000000003,-0.18348623853210455,77.07724614193054,152.0,55.8,0.0,0,0,0,0.2938144329896907,train,0.2444444444444444,train,1,0,0,0,6.581352833638032,10.786106032906773,-2.9684601113172393,-3.8961038961038974,-2.4118738404452666,5.380333951762517,5.380333951762517,-7.05009276437848,-5,-8,-0.21265131683316535,-0.15238282220990662,-0.1927882779546661,-0.016686868869469105,0.0,-0.030191427933171526,-0.05723735079468482,-0.06717822627538367,0.026982119895624233,1.4812659481032033,1.5330289999921425,-0.05176305188893915,1.4708497130309572,0.00011070061187758573,-0.556221782648002,-0.00930295232593136,0.2851638643669949,0.3378378378378377,0.6818181818181817,-8.221476510067117,-9.58677685950413,15.61317019028509,0.3541666666666667,0.4482758620689655,0.5840244402067545,45,0.36619718309859156,0.3227129337539432,0.0,0.0,0.0,0,-3.1567548612848717,-1.681400067289529,-1.0711996940471646,-2.4970999286783035
sz002700,2024-11-14,1.0,0.4923259015974256,0.7377049180327864,-0.8662175168431152,81.39606479273199,36.0,64.2,0.0,0,0,0,0.2571428571428571,train,0.0895522388059701,train,0,0,0,0,9.94263862332696,9.94263862332696,0.5825242718446422,-1.1650485436893288,-0.5825242718446644,-0.0970873786407922,4.660194174757271,-2.6213592233009786,0,0,0.1568458832903867,-0.6319584849963955,-0.1405187669288986,-0.057024279795314235,-0.08733790800325894,-0.11840886811084382,-0.03417075987393464,-0.1118687915341618,-0.20472152275847466,1.5650570705743025,1.4541797808215704,0.11087728975273214,1.8791468621309237,0.0,0.19543918769575538,0.06632602292066887,1.4858282548860957,0.7014084507042257,0.7433414043583538,-9.201388888888873,-9.201388888888873,24.606456330207468,0.5416666666666666,0.3404255319148936,0.43164616692886726,31,0.5373134328358209,0.09832437559279165,0.0,0.0,0.0,1,-2.05696591188127,-2.5843922515174977,-2.558704749929519,-0.6719359131487579
sz002702,2024-11-28,1.0,0.6912974519507021,0.7741935483870984,-0.9174311926605561,83.8398861678665,19.0,83.4,0.0,0,0,0,0.4677419354838709,train,0.288135593220339,train,1,1,1,1,58.09312638580933,58.09312638580933,2.444444444444449,2.2222222222222143,1.1111111111111072,44.22222222222223,44.22222222222223,-0.8888888888888946,5,8,-0.21558951550164995,-0.2621311868741968,-0.1438797443313927,-0.013177314741787448,-0.04091375712576127,0.011515169476250978,0.010974538873099076,-0.14123451935204018,-0.06619554373394676,1.3815420073444573,1.5450395149141947,-0.16349750756973735,1.4379399415193537,0.0010598257599067915,0.495824915853789,-0.21856413991510748,2.9668759184854903,0.7708333333333328,0.8320610687022897,-4.651162790697683,-12.596899224806213,13.75883237202951,0.4583333333333333,0.3541666666666667,0.6816942953838693,82,0.44594594594594594,0.5090104331331015,0.0,0.0,0.0,0,-2.8117945929365784,-3.804584782937326,-2.926514963948923,-4.239575883090685
sz002702,2025-04-29,2.0,0.25636296654912555,0.909090909090911,0.5037783375314797,81.64360664710266,136.0,63.5,0.0,0,0,0,0.3605442176870748,train,0.2,train,0,0,0,0,8.888888888888902,9.135802469135811,-1.2468827930174564,1.9950124688279391,4.239401496259343,4.987531172069826,6.982543640897765,-1.4962593516209433,5,0,-0.25468841127396874,-0.1541849978418123,-0.16674651774237972,-0.07274497517778182,0.022152562147748106,-0.008312856981407163,-0.15137112988310217,-0.10529210236794202,-0.08361399141585324,1.5390024767332362,1.708680997109897,-0.16967852037666087,1.5906802172983787,0.00014311142743758426,0.10646434686223535,0.16670842618615436,1.2382990460165124,0.462264150943396,0.462264150943396,-12.337662337662348,-14.73684210526316,53.602133959200096,0.3958333333333333,0.4878048780487805,0.6460592538993007,53,0.345679012345679,0.614308426073132,0.0,0.0,0.0,1,-0.7720404928146074,-0.34321804186152605,-0.23455634561134753,0.18201839163072275
sz002703,2025-09-16,1.0,0.46964606281270505,1.0246913580246908,-0.07401924500369805,74.9591417521139,3.0,90.4,1.0,0,0,1,0.472,train,0.288135593220339,train,1,0,0,0,11.045655375552288,11.045655375552288,3.6350148367952473,-3.115727002967361,6.231454005934722,4.228486646884266,11.869436201780402,-5.415430267062316,5,8,-0.11605697908258553,0.3562195384175118,1.2096748299911462,0.02118967864303267,-0.026978391048104438,0.24581951955335327,0.022908605898164215,-0.09535996676886137,0.24623790597742223,1.3536385131228323,1.5319659647491912,-0.17832745162635888,1.739155761388087,0.003944794613379909,0.6455045143684125,-0.014999628812708223,4.641820787750503,1.0,0.8000000000000002,0.5181347150259086,-5.759888965995841,14.406260709630493,0.2708333333333333,0.3673469387755102,0.6965128731511657,61,0.32222222222222224,0.6423173803526449,1.0,0.0,0.0,1,3.5648977653379488,3.7816282261257106,1.9628770948058483,7.638549992391819
sz002708,2024-09-02,1.0,8.022230964490722,0.9565217391304338,0.0,82.1444048160788,38.0,71.7,0.0,0,0,0,0.1929824561403508,train,0.5208333333333335,train,0,0,0,1,18.965517241379317,53.18302387267906,1.46276595744681,-1.7287234042553168,-2.127659574468077,-5.851063829787229,3.7234042553191626,-2.7925531914893664,-5,0,-0.3075580694065599,-0.3777258395292679,-0.3918649759047708,-0.020932328463305755,0.002730423979296766,-0.011767934957777141,0.00845572376500308,-0.05687571034563022,-0.003040865033752525,3.607135279498852,1.5295564687328407,2.0775788107660116,9.308612068943235,0.0001369679067356391,0.4201947081830069,-0.03746767461594908,2.4494338499954056,0.0,0.0,,-5.513784461152882,25.305587863429622,0.2708333333333333,0.42857142857142855,0.9743943758420228,0,,0.0,0.0,0.0,0.0,0,0.4347876184966015,0.055536980635806366,-1.7812312296367927,-0.540959629184945
sz002708,2025-04-08,2.0,0.8079916426150147,0.9803921568627455,-9.99107939339876,79.9688481606068,99.0,69.7,0.0,0,0,0,0.7647058823529411,train,0.2,train,1,0,1,0,24.752475247524753,24.752475247524753,4.222451081359413,8.135942327497414,9.371781668383083,5.252317198764156,12.770339855818724,-6.385169927909384,5,8,-0.04481730676713875,-0.0006944449924131685,-0.006048487952570845,-0.014885170610461422,-0.004048917602574293,-0.02637796466928069,-0.023527527583333138,0.0055946781752483675,-0.034918193058495355,1.2366798549231235,1.4958735282066462,-0.2591936732835227,2.097059349943638,6.505093430495604e-05,-0.8252211991865126,-0.7003826017283888,0.09575759962210885,0.0,0.18571428571428572,-28.317955997161103,-31.47896879240163,47.335223784442825,0.20833333333333334,0.29545454545454547,0.7449116660345747,106,0.20300751879699247,0.41028066855881423,0.0,0.0,0.0,0,-11.187878462006717,-9.062457380340906,-6.0851042943472216,-12.520157948474264
sz002713,2024-09-05,1.0,0.6482116724944973,0.7500000000000019,-1.5873015873015928,79.3510060285733,68.0,80.7,0.0,0,0,0,0.472,train,0.5208333333333335,train,0,0,1,1,37.64705882352941,117.64705882352943,-3.529411764705881,-3.137254901960773,-7.05882352941175,-5.098039215686267,1.5686274509803866,-7.4509803921568585,-5,-8,-0.8314386470828875,-0.02299831167557041,-0.48680176026693656,-0.0022553878096417046,-0.031732921254477346,-0.04263297918329806,-0.0344974735637822,-0.04471228142090692,-0.09254525525804479,1.5883318203726848,1.7395875049243736,-0.1512556845516888,1.6245015874893283,0.00023881337845911514,-0.30650029321957256,-0.10902658019579092,0.5308071573956217,0.0,0.0,,-8.92857142857143,18.586560864806337,0.3541666666666667,0.5862068965517241,0.688544754330126,41,0.31666666666666665,0.7424865548876938,0.0,0.0,0.0,1,0.9756291503220993,0.9475963560942935,-0.6078504523258754,1.5131378983838983
sz002713,2025-04-28,2.0,1.0217847264671582,0.5357142857142865,-1.2820512820512775,75.76981970232957,72.0,61.5,0.0,1,1,1,0.8214285714285714,train,1.0,train,0,0,1,1,33.827160493827165,33.827160493827165,2.409638554216853,12.771084337349393,24.33734939759036,14.457831325301186,30.602409638554207,-0.9638554216867434,5,8,0.5805737185461107,2.428160683331642,0.20977715211122455,0.12318081080711903,1.0,0.08111998589581038,0.3801939576662758,0.7582186902575252,0.020193811277524985,1.753514964247591,1.4365113435732262,0.3170036206743647,1.9657652590097414,0.0001458981036506331,-0.1864845219633427,0.1948711425830305,0.6856519937491368,0.11278195488721793,0.07692307692307693,-23.295454545454554,-25.688073394495415,14.937952003263895,0.4583333333333333,0.5,0.7222570619363751,38,0.3333333333333333,0.22018348623853212,0.0,0.0,0.0,0,-1.2697027371430303,-0.7813262505072083,-0.08617973312023963,-0.5071804358741994
sz002715,2025-06-23,1.0,0.9428393028296841,0.4454545454545467,-0.17441860465114978,78.09549529135036,224.0,57.9,0.0,0,1,0,0.2938144329896907,train,0.4,train,0,0,0,0,9.182530795072786,9.742441209406504,-1.2749445676275006,1.4412416851441234,2.2727272727272707,-0.5543237250554167,6.984478935698446,-3.9356984478935764,5,0,0.12941775496054786,0.2457487617152601,0.15107164183413013,-0.0416260429333588,0.01826971883768871,-0.015324898034668216,0.03311530642105287,0.011972410753530822,0.005597441624029212,1.663105021316551,1.4969576327407002,0.16614738857585087,2.0262177212011236,0.0,0.5518350196960587,-0.0800572605687049,3.462642303384836,0.4504950495049507,0.8212560386473431,-5.851344227727983,-8.410256410256412,26.443589685079647,0.4375,0.6818181818181818,0.7815177332576551,63,0.2222222222222222,0.7856917743460448,0.0,0.0,0.0,0,-1.1262797968591975,-1.6234572151088922,-0.4102824127171778,-1.9291625956394776
sz002717,2024-11-04,1.0,0.9580103539507269,1.0,-9.999999999999998,93.08159921075938,86.0,72.5,0.0,0,1,0,0.9047619047619048,train,0.0895522388059701,train,1,0,0,1,19.999999999999996,80.0,8.247422680412363,13.745704467353947,7.560137457044669,20.618556701030922,23.71134020618557,-5.498281786941583,5,8,-0.050553612297314844,0.4576914101828002,0.004448060813548512,0.0017495346379739986,0.10192450423929376,-0.03114991570348283,-0.02684211683118322,0.14396587990446472,-0.09052429385003816,1.2686360223251367,2.678053494046427,-1.4094174717212904,1.6623480342977661,0.0026133605776854176,-1.0,-0.7966618073171056,0.0,0.7074468085106381,0.7074468085106381,-14.864864864864868,-22.604422604422613,74.7317448440192,0.0625,0.1702127659574468,1.0,133,0.23563218390804597,0.7985452245414295,0.0,0.0,0.0,1,-0.4764170039836757,0.7680208727800952,-0.48925914107991186,-1.935016450452598
sz002717,2024-12-10,2.0,0.5465629483815595,0.6444444444444443,-4.400977995110022,76.73206669157994,59.0,73.4,0.0,0,1,0,0.7647058823529411,train,0.575,train,1,0,1,1,39.3120393120393,39.3120393120393,7.788944723618085,13.819095477386934,19.34673366834172,15.32663316582914,42.462311557788944,-4.522613065326642,5,8,-0.15198654527706434,0.9418404108374583,-0.17355606815518165,0.025383897385460864,0.3850938864797755,-0.012851151665044408,0.023069215504011583,0.3723762623522754,-0.0162278523456505,1.5987834799833778,1.6678258916144852,-0.06904241163110747,2.3524215894147575,0.00036080194130626785,0.22951750680478755,0.12541332861741553,1.5957760463913255,0.6358695652173914,0.7705479452054794,-14.135021097046408,-21.73076923076923,15.245737837476241,0.2916666666666667,0.3469387755102041,0.8127683797861216,95,0.4378698224852071,0.4913112164296998,0.0,0.0,1.0,1,0.9319677872892562,1.0109875208708985,1.1069560821917346,0.8262040332601472
sz002717,2024-12-23,3.0,0.41842611956067943,1.0,-10.052910052910057,81.97823339994568,153.0,49.0,0.0,0,0,0,0.2571428571428571,train,0.0,train,1,1,0,0,-7.4509803921568585,-7.4509803921568585,0.0,-16.993464052287578,-23.31154684095861,-29.629629629629626,2.8322440087146017,-23.747276688453155,-5,-8,-6.13218874970386,-0.08150784891877629,-0.04476698890111201,-0.23541975365006848,-0.0760407140726326,-0.04440899996986361,-0.27487267966839163,-0.12429728380772553,-0.09659746397645483,1.3367276964834098,2.7900906525086593,-1.4533629560252495,1.6838384863783091,0.0006400379644099682,-1.0,-0.9810798274188132,0.0,0.7896678966789666,0.8519480519480519,-10.052910052910057,-10.052910052910057,451.13965040573396,0.020833333333333332,0.0,1.0,28,0.46153846153846156,0.12262958280657396,0.0,0.0,0.0,0,-2.885454919256125,-1.5906771594648483,0.5554979526778414,-0.617188282125658
sz002717,2024-12-25,4.0,0.4109619550795026,1.0,-10.02178649237473,80.2766566505653,338.0,38.4,0.0,0,0,0,0.472,train,0.0,train,1,1,0,0,-1.4527845036319542,10.411622276029053,1.6000000000000014,-6.133333333333335,-10.133333333333328,-8.533333333333326,8.53333333333335,-17.066666666666674,5,8,-0.08150784891877629,-0.04476698890111201,-0.1263089295954603,-0.0760407140726326,-0.04440899996986361,0.054576817500271435,-0.12429728380772553,-0.09659746397645483,0.037671734522228606,1.3050220681823061,1.7427719166408169,-0.4377498484585107,1.656849177310456,0.00017522946160500154,-1.0,-0.421551855294721,0.0,0.384,0.6,-27.160493827160494,-27.160493827160494,63.42514741915862,0.2708333333333333,0.0,0.693746912969242,31,0.41509433962264153,0.1920278392913635,0.0,0.0,1.0,0,-1.6330416480648813,-0.8206902667557303,1.1095971729297327,-0.03820379410494068
sz002723,2024-12-19,1.0,0.6819512790183271,0.40476190476190466,-1.7789072426937724,72.58253875576311,15.0,86.4,0.0,0,0,0,0.3605442176870748,train,0.2,train,0,0,0,0,0.6265664160400863,12.656641604010034,-2.8750000000000053,-8.875,-12.624999999999996,-17.500000000000004,0.374999999999992,-16.75,-5,-8,-0.011037148827624297,0.12632568722756166,-0.12200847023237621,-0.009812760238704457,-0.001095095007295403,-0.004752317642037314,0.0248679403552563,-0.01726320900884885,-0.06681447025500423,1.5873236676355924,1.5492334387302722,0.03809022890532021,2.0129948302793337,0.0,0.1358638010666802,0.1740246730829389,1.3144499703504817,0.7582938388625594,0.837579617834395,-6.0070671378091856,-8.170310701956263,13.350014056971546,0.4166666666666667,0.6923076923076923,0.5566405558135618,58,0.3958333333333333,0.37401201391084415,1.0,0.0,0.0,0,-4.359829837405027,-3.253543684756788,-2.0613429578140385,-3.429198264978961
sz002724,2025-08-15,1.0,0.4925961000516301,0.45161290322580755,-1.2269938650306678,78.2469594251266,28.0,86.1,0.0,1,0,0,0.472,train,0.2,train,0,0,0,0,3.113772455089814,3.113772455089814,3.86940749697704,0.846432889963733,-0.12091898428052694,0.0,4.111245465538094,-1.2091898428053138,-5,0,0.018389307487106567,0.0605236949994307,-0.1934971817503341,0.027810235624600547,-0.03722517234015392,-0.017112885599800818,0.06466461095697165,-0.09027667075255105,-0.16191994847505795,1.4413562316622959,1.4145547205620435,0.026801511100252418,1.514163747935769,2.731941087339729e-05,0.3924284183692682,0.22808474599294082,2.291793198477072,1.0,0.849593495934959,2.4539877300613355,-3.244495944380077,21.13815529424128,0.3958333333333333,0.6808510638297872,0.6922869559009424,69,0.31,0.8009463722397476,0.0,0.0,0.0,1,4.0854883438233625,3.875545249870238,2.372404025961794,8.580257836577253
sz002725,2024-10-16,1.0,0.3231055849772588,0.7741935483870955,-1.0893246187363759,83.35097835438123,285.0,48.9,0.0,0,0,0,0.4677419354838709,train,0.5208333333333335,train,1,1,1,1,103.59028511087645,103.59028511087645,-3.3226152197213366,16.934619506966776,16.934619506966776,88.31725616291533,88.31725616291533,-4.5016077170418,5,8,-0.19181198614685924,0.3002780142945852,-0.1992972867557286,0.007465547773882142,-0.07694801906353313,0.019502056585666845,-0.05551939128353051,-0.1692504990515447,0.06974568520904297,1.4652720951900198,1.6740653599253867,-0.20879326473536697,1.403017830315619,8.928883710698657e-07,-0.00706662335515778,0.38798234957977645,0.9859659267991336,0.0,0.0,,-6.422924901185755,20.80032547809218,0.4375,0.5853658536585366,0.5038715105362741,74,0.18681318681318682,0.5720151610865445,0.0,0.0,0.0,1,-3.5465675404809827,-4.7867936643872895,-3.1444743746303017,-10.53229637713109
sz002725,2025-04-25,2.0,0.3050419782203998,0.8400000000000011,1.4828544949026856,82.11415971012718,91.0,67.9,0.0,0,0,0,0.2938144329896907,train,0.2,train,0,0,0,0,14.50313339301701,14.50313339301701,-0.8968609865470767,3.0493273542600896,7.264573991031398,5.739910313901331,9.417040358744377,-2.152466367713002,5,8,-0.13480708485598775,-0.22714118074765566,0.017138507470099918,0.0,0.009620400892282367,-0.05356676488482375,0.011374421394677878,-0.029844334892647224,-0.0933122794713254,1.381370181049201,1.528927450340877,-0.147557269291676,1.4857291230950482,4.8885179335368e-06,0.05571998401411998,-0.04663130628275151,1.1180158069022466,0.721461187214612,0.27241379310344827,-5.579036348267119,-7.3029045643153605,23.812531717443992,0.375,0.575,0.8228594125930494,61,0.35789473684210527,0.560744714420953,0.0,0.0,0.0,1,1.8487823823326366,1.1951634254890875,0.3835814917496849,1.7354767039688968
sz002725,2025-08-21,3.0,0.5157569025155662,1.5402298850574756,1.9326683291770674,76.34996742345173,261.0,48.6,0.0,0,0,0,0.3461538461538461,train,0.0925925925925925,train,0,0,0,0,-0.7430340557275428,6.439628482972148,-1.7164653528289886,-4.068658614113163,-5.721551176096629,-8.900190718372535,1.9071837253655577,-8.645899554990466,-5,-8,-0.03376188619922075,-0.10574778635672226,-0.09856522583673911,-0.03703985116929171,-0.0363575786217495,0.0,-0.08950873775045537,-0.09196689662048396,-0.03378254358941961,1.3574146635742712,1.4523223452621898,-0.09490768168791863,1.625518013180396,0.004445790482079908,-0.9605805391162877,0.1485776407028577,0.020106014569276603,1.0,1.0,0.6857855361595888,-7.661520869068039,14.496331476942617,0.3958333333333333,0.4489795918367347,0.6775127146109856,39,0.4507042253521127,0.46990230066183425,0.0,0.0,0.0,1,3.9684067376312138,4.2663462152485065,2.7497960792828957,5.094232984893354
sz002730,2025-01-13,1.0,0.3086244014988524,1.3676470588235297,-8.397932816537468,71.52918637550721,414.0,37.8,0.0,0,0,1,0.7647058823529411,train,0.5208333333333335,train,1,0,1,1,97.70279971284997,97.70279971284997,7.5526506899056045,24.183006535947737,50.254175744371835,67.3928830791576,100.0,-6.172839506172833,5,8,-0.09603305151966637,-0.12546646973489353,2.1862810080039394,0.014201291670362408,-0.06527049944127408,0.05039962567405331,-0.02105608237732568,-0.110741493772925,0.015704725526589795,1.2605028674254182,1.7653794962494873,-0.5048766288240691,1.8221791515868138,0.00041032166214702694,-1.0,-0.18090521812714422,0.0,0.0,0.0,,-25.107526881720432,15.527646418267556,0.25,0.24489795918367346,0.7422032651714587,42,0.34375,0.5249841872232764,0.0,0.0,0.0,0,-0.8659344172353811,-0.836603234577904,-1.232610068475748,-1.5753430200399765
sz002733,2025-06-11,1.0,3.5801011364213,1.2795698924731163,3.409090909090895,82.83005917274596,12.0,84.2,0.0,0,0,0,0.2571428571428571,train,0.288135593220339,train,0,0,0,0,5.893300248138944,11.166253101736977,0.5674653215636871,-0.6305170239596425,-1.1979823455233296,5.863808322824715,6.179066834804536,-2.522068095838581,5,0,-0.0007453134967519235,-0.11866355459879516,-0.020972528560182602,0.005002981534528351,-0.005208474751234832,-0.08287032390004156,0.00872194337504235,-0.01640357248070353,-0.12412401185511353,2.563835736129638,1.5121941168227797,1.0516416193068585,5.019761492265163,1.2220918450290196e-06,0.32213901883021484,0.010211356665769469,1.9504574766179912,1.0,0.36793692509855463,0.37359900373601374,-6.874638937030609,37.57264496329082,0.3333333333333333,0.40816326530612246,0.9724638492018908,46,0.3611111111111111,0.6425639406378276,0.0,0.0,0.0,1,1.0344344401888472,0.9398945022846883,0.6690105977318783,1.8239561941169935
sz002735,2025-03-28,1.0,0.29961914513498,1.028985507246376,-3.891402714932135,74.46469240029367,16.0,76.7,0.0,0,0,0,0.472,train,0.0,train,1,0,0,1,8.867924528301874,106.13207547169812,-2.8037383177569986,2.336448598130847,-13.364485981308405,-16.07476635514018,7.8504672897196315,-13.364485981308405,-5,-8,-0.25456083155748527,0.0036314038329845456,-3.8436189803267364,0.0015053935642635376,-0.16054088135012978,-0.058697030978691125,0.07495212604419263,-0.19597285395356065,-0.14647395007299432,1.3752445868518355,1.417467975691626,-0.04222338883979049,1.663183993776834,6.380409349451911e-05,0.6954688561368847,0.2715048201372745,5.567472786622397,0.6240000000000002,0.6887417218543047,-8.145580589254763,-8.145580589254763,15.468932360073678,0.3125,0.40816326530612246,0.618794747448655,30,0.4827586206896552,0.18118686868686867,0.0,1.0,0.0,0,-2.1432709541681527,-0.9360256755847507,0.012021368915626773,-1.1183493293992819
sz002738,2025-07-17,1.0,0.43709759475359633,0.4938271604938251,0.4766444232602529,73.9608371404042,9.0,86.1,1.0,0,0,1,0.2938144329896907,train,0.2,train,0,0,1,1,32.92383292383292,38.45208845208843,3.352636391344088,9.234989332520582,17.647058823529417,10.210301737275195,22.676013410545547,0.0,5,8,-0.016932432284586033,-0.04280524264306344,0.060657162058954175,-0.041398047424923236,0.06087713282592962,0.0005193579350790419,-0.04194797057277008,-0.047974556419062134,0.06790868526973988,1.3866592908184334,1.5106467805778445,-0.1239874897594111,1.5568204323922348,2.6893747680804546e-05,-0.2018350460608338,-0.036038103556859914,0.6641218830780918,0.6134615384615388,0.6644407345575964,-5.8142898466878705,-6.571018651362981,28.10568234955876,0.2708333333333333,0.5,0.8386226192423226,52,0.36585365853658536,0.591167192429022,0.0,1.0,0.0,1,2.0151757703270823,1.6615921928120114,0.6101384472906979,3.6422235469832476
sz002757,2024-10-23,1.0,0.6343330580684418,0.7469879518072279,0.07621951219514145,80.24029292955942,61.0,74.8,0.0,0,0,0,0.3461538461538461,train,0.5208333333333335,train,1,1,1,1,51.818856718633995,51.818856718633995,0.6797583081570968,6.495468277945604,4.607250755287007,-0.151057401812682,8.610271903323262,-0.981873111782483,5,8,0.043243300187959896,-0.03272823242273077,-0.07186545017239171,-0.01553840257170351,0.045218420960034145,0.02982710183826546,-0.06956858446207632,0.07875758407021828,0.005587386667088153,1.434158091439328,1.5514583960456134,-0.11730030460628549,1.479386112735911,5.122930797168116e-06,0.017399843766797134,0.05740080501718128,1.0354159189908934,0.4500000000000001,0.0,-6.846473029045641,-10.259826782145232,14.443281606982712,0.4166666666666667,0.4666666666666667,0.6010077744105832,85,0.4178082191780822,0.5669614655716994,0.0,0.0,0.0,1,6.866513719335088,5.773489043217528,3.6961140665139336,8.105719072106577
sz002760,2025-04-18,1.0,0.28489011769509476,0.731958762886597,0.0,78.01822205049835,286.0,45.4,0.0,1,0,0,0.3605442176870748,train,0.288135593220339,train,0,0,0,0,15.443175638934203,15.443175638934203,-0.2718868950516651,0.6525285481239873,-0.4893964110929794,7.014681892332786,7.558455682436116,-3.4801522566612286,5,0,0.05383722756915346,-0.12035943210619225,-0.38987264784630593,0.02417838861045893,0.044646036861453506,-0.017763078838928994,-0.01936207209996882,0.057590365507845735,-0.0443170253813753,1.504189096981336,1.7187233703224865,-0.21453427334115038,1.7658917597333177,2.0583657904946023e-05,0.07523129282427637,0.17503815879745932,1.1627029380222766,0.6298701298701298,0.26457399103139023,-11.713874219875176,-11.501443695861402,20.493420553013976,0.3125,0.59375,0.6116579572072369,53,0.35365853658536583,0.4423076923076923,0.0,0.0,0.0,0,-0.5202955292662459,-0.36904721293091747,0.586753819813679,-0.6437184296144149
sz002761,2024-12-06,1.0,0.4738440916307604,0.5151515151515148,2.9880478087649376,77.85390797608322,31.0,81.5,0.0,0,0,0,0.2938144329896907,train,0.2444444444444444,train,0,0,0,0,4.971857410881797,4.971857410881797,3.547459252157248,2.4928092042185934,-2.4928092042185934,-7.38255033557047,7.286673058485138,-2.4928092042185934,5,-8,-0.04914608449870289,-0.09658158418081195,-0.2503486884100505,-0.001088099862916862,-0.04107365796880499,-0.04776476070459166,0.00223107343670821,-0.09420850554105006,-0.1727550138621379,1.4766756074212013,1.5075872767898808,-0.030911669368679506,1.6622450068996826,0.00011142536088704927,-0.1557163276147791,0.0773730412781979,0.7305284629210809,0.4948453608247424,0.5062972292191437,-15.530903328050705,-23.198847262247845,36.89567082959191,0.4166666666666667,0.3469387755102041,0.7961768486517711,112,0.36363636363636365,0.7515802781289507,0.0,0.0,0.0,1,2.5931522239095672,2.1746383698324934,1.4440469437748682,1.9362162616176848
sz002762,2024-09-19,1.0,0.6003540948932865,0.6000000000000005,0.3745318352059934,83.01845563844695,187.0,61.0,0.0,0,0,0,0.3605442176870748,train,0.2444444444444444,train,1,0,1,1,38.47517730496455,57.44680851063833,-1.773049645390068,-0.7092198581560294,7.624113475177308,14.539007092198597,38.47517730496455,-4.07801418439716,5,8,-0.12060193587070865,-0.1920123289237221,-0.001467755885808118,0.01996049721894692,0.06437726716256037,0.046917132058179524,-0.06767393463699728,0.11962304706080515,0.1186084902202868,1.5787223737011937,2.0059247118484955,-0.4272023381473018,1.3629248434717787,0.0,-0.37818975014521444,-0.15491831620135785,0.45117898300235354,1.0,0.0,4.251386321626605,-3.589743589743588,17.729516079443695,0.25,0.5833333333333334,0.8329330801529032,53,0.32051282051282054,0.9029709228824273,0.0,0.0,0.0,0,-0.1181239179151472,0.2814401839835501,0.008777268046067377,0.4216677591049489
sz002766,2025-01-10,1.0,0.4023759934031967,1.2439024390243894,0.17825311942958333,83.22349381795595,71.0,58.5,0.0,0,1,0,0.3605442176870748,train,0.575,train,1,0,1,0,25.270758122743686,25.270758122743686,2.7881040892193454,11.152416356877337,16.542750929368033,15.241635687732359,23.60594795539035,-1.3011152416356975,5,8,-0.02052169732252143,0.017178275315448036,-0.029544816784484854,0.0049286157846899995,0.009386136547278332,-0.11768004118617789,0.00434567863019605,-0.004799604935514013,-0.16330576889681414,1.3820248485657796,1.4158376422588925,-0.033812793693112964,1.5258556300287556,0.0,0.5101508843880537,0.34368610150994683,3.0828898864122483,0.0,0.0,,-8.429752066115704,19.51352198669436,0.3958333333333333,0.55,0.5884316688660102,37,0.5432098765432098,0.10369901991779956,0.0,0.0,0.0,0,-1.4273816315091614,-1.078207667811737,-1.1306579251851523,-2.0170120831833116
sz002768,2025-08-01,1.0,0.5188768879570033,1.0925110132158595,-0.2773155851358844,80.04897248413056,86.0,66.7,0.0,1,0,0,0.472,train,0.5208333333333335,train,0,0,1,1,45.73426573426573,49.650349650349646,-2.2222222222222143,8.472222222222214,9.916666666666663,26.722222222222225,27.222222222222214,-9.500000000000009,-5,-8,0.00048459833208581543,-0.008945945864576593,-0.04458778712000375,0.05280943792416651,0.018851888631258095,0.09547034588714239,-0.08901469596847927,0.07005081724621184,0.09920872946260344,1.5703903834068107,1.4563074897407644,0.11408289366604629,1.8827180348756316,0.00255702225055567,0.44531521745365643,0.07325634085057826,2.6056514671608126,0.770542635658915,0.8782894736842107,-3.9752887456352304,-6.48705205336123,19.26123449238281,0.4583333333333333,0.2708333333333333,0.5732569093507554,31,0.46551724137931033,0.6050393700787402,0.0,0.0,0.0,1,-0.5388385649035432,-1.3713493898683038,-1.7502287406406136,-0.7448070573704668
sz002771,2025-11-24,1.0,0.6015179483704152,0.4252873563218397,-0.11976047904190823,75.2107298521183,12.0,91.3,0.0,0,0,0,0.472,valid,0.4444444444444444,valid,0,0,0,0,3.988439306358371,3.988439306358371,3.9342337052260534,-0.23487962419261876,0.29359953024072905,-6.106870229007644,5.637110980622406,-2.2900763358778664,5,-8,-0.10605416694584616,-0.41059913860389174,-0.14338996293521053,0.05474112363785414,0.03456417426485295,-0.03381287695406579,0.056748103543779335,0.048627210545500434,-0.12405908535948429,1.4872926388146208,1.470677924131152,0.016614714683468756,1.5200197347930289,0.00032187110517926937,0.46058552891326054,0.12011199982380855,2.7077240363438344,1.0,0.580174927113703,3.592814371257491,-2.093944538766279,13.926049339540684,0.4791666666666667,0.3958333333333333,0.6540188236761985,59,0.2804878048780488,0.7127123977344242,1.0,0.0,0.0,0,-4.873901443343165,-5.063815008731021,-3.262352920067779,-5.673074427266178
sz002777,2024-09-09,1.0,0.6739444707689111,1.1355932203389827,-0.5714285714285783,76.89547115225697,19.0,78.5,0.0,1,0,0,0.472,train,0.575,train,1,0,1,1,70.87062652563061,103.66151342554923,5.872888173773139,4.9074818986323265,-0.08045052292839916,11.745776347546254,15.848753016894612,-2.493966210780374,5,8,0.014816518601755646,-0.1278340759457956,-0.13278762426427093,0.011712495230147349,0.038592495137349775,-0.010633739593718999,0.035282804780328886,0.07637421708127376,-0.07642182049506581,1.528597949263885,1.5125092683963453,0.016088680867539784,1.6869863197928956,0.00034104435614125297,0.32020206034250964,0.4892717013327123,1.9420506937806852,0.0,0.0,,-5.169753086419771,13.535741493697811,0.4791666666666667,0.4857142857142857,0.5538684198431513,45,0.27419354838709675,0.35811452072129074,0.0,0.0,0.0,0,-1.2572050238339072,-0.8730507966424161,-2.207018598099675,0.13586649766528236
sz002777,2024-10-11,2.0,0.48060439987964476,1.2812499999999993,-5.008347245409006,78.00992213134695,280.0,41.0,0.0,0,1,0,0.8214285714285714,train,0.7241379310344828,train,1,0,1,1,44.524236983842,49.79054458408139,6.690349319123734,14.03197158081706,18.413262285375964,33.39253996447602,35.52397868561279,-3.0195381882770933,5,8,-0.01088381000172742,1.1063074561876272,-0.016629196640180175,0.007356498953056557,0.23484796658790288,0.0010465785502216008,0.02403296294966691,0.21475247416369214,-0.030019030841753017,1.412412397441591,1.464838640441964,-0.05242624300037302,1.9498103051941897,4.379250026332907e-05,0.15468219670501912,0.22861155901640373,1.3659740658532928,0.0,0.0,,-20.42857142857143,13.859545279203598,0.3958333333333333,0.375,0.6480652332164266,30,0.4117647058823529,0.1018020866266203,0.0,0.0,1.0,1,5.45741323447162,5.174259952427529,4.9540418516704765,11.423133354067128
sz002778,2024-12-30,1.0,0.9160216515746901,0.7529411764705908,-1.4843320505772417,73.80429443810543,132.0,56.2,0.0,0,0,1,0.2938144329896907,train,0.1764705882352941,train,0,0,0,0,6.0672917815775,21.290678433535582,-5.1086956521739,-2.6630434782608625,-0.21739130434782483,-2.8804347826086873,4.510869565217401,-8.097826086956516,-5,-8,-0.1699930857037038,-0.03160751935952768,0.16921232611040618,-0.0002913839942538479,0.03555244910394251,0.005529442390687526,-0.025784526111144165,0.014526622902627028,-0.0029664504071922676,1.510042241115764,1.2786277391218392,0.23141450199392466,2.0501270775020304,0.003785473007558395,0.7368251381240334,0.1037334054084079,6.599510020613567,0.8657407407407395,0.9175675675675676,-1.574375678610218,-3.409696323921152,20.887961341342123,0.5625,0.6060606060606061,0.6650542187377411,38,0.36666666666666664,0.2629746835443038,0.0,0.0,0.0,0,0.8127231149403391,1.380635831841981,1.6647236488730233,0.8382478387937153
sz002779,2025-05-19,1.0,0.6524204284099605,0.8345498783454982,-1.2077294685990392,87.76608492511836,254.0,53.7,0.0,0,0,0,0.2938144329896907,train,0.0895522388059701,train,0,0,0,0,0.952380952380949,0.952380952380949,-1.6585365853658551,-8.910569105691046,-12.121951219512194,-21.01626016260162,3.4146341463414664,-13.292682926829269,-5,-8,-0.276835586966242,-0.23502157211683336,0.016232915508294473,-0.09188860171885005,-0.051697755376170794,-0.03207972379659565,-0.09596220016406981,-0.18229814767557792,-0.032360572788456624,1.4248714952024197,1.493731087557494,-0.06885959235507433,1.6520170480533967,2.3533095136644737e-06,-0.05598067435719784,0.03635832368198156,0.8939740551761997,1.0,0.702228224172856,1.449275362318847,-7.550077041602465,21.322408680768664,0.375,0.32653061224489793,0.6946267203543098,73,0.24742268041237114,0.6879746835443038,0.0,0.0,0.0,1,-1.1694229550489599,-1.2579133072772142,-0.3460717312782968,-1.5477981281375564
sz002780,2024-11-06,1.0,1.962412746981346,0.6986301369863007,0.0,84.31042791555295,26.0,82.3,0.0,1,0,0,0.4677419354838709,train,0.575,train,1,0,1,1,27.256637168141594,41.5929203539823,7.247627264883527,12.079378774805871,9.318377911993103,8.196721311475397,17.601380500431407,-1.8119068162208762,5,8,2.5668657927708556,0.010635177352477838,-0.19628171414337006,0.04587815838248915,-0.033082522659975834,-0.0802171755769899,0.04978054078710821,0.013098175712324193,-0.06970879068972899,1.8356933701020877,1.4107713049963755,0.4249220651057122,2.9217886770951864,0.00013622089224444103,0.394646009241874,0.06250522340229668,2.3038520114408825,1.0,1.0,1.073345259391778,-4.318374259102454,17.47533381002258,0.4791666666666667,0.6153846153846154,0.7595971525678353,117,0.4532710280373832,0.5178515007898894,0.0,0.0,0.0,1,4.549431871947829,4.930734226551192,3.466671253434961,5.313363897228474
sz002786,2025-09-03,1.0,0.2570173698374857,0.5517241379310349,0.0954198473282375,76.06166027227636,314.0,39.6,0.0,0,0,0,0.2938144329896907,train,0.0895522388059701,train,0,0,0,0,2.4163568773234223,2.4163568773234223,2.190476190476187,3.7142857142857144,-1.0476190476190417,-4.571428571428571,4.9523809523809526,-1.4285714285714346,-5,0,-0.12973427319423195,-0.08487956071971514,-0.5689471358315296,-0.014181492364478807,-0.0004983448091492361,-0.05574228429732502,-0.016963019814562257,-0.014304964430010485,-0.07928675632058052,1.363332571692738,1.4267976270642033,-0.0634650553714653,1.3181531878427808,0.0001705527483205492,-0.027087491310700446,0.1334443557484281,0.9472537801504461,1.0,1.0,2.6717557251908275,-2.8880866425992857,20.170671588172066,0.375,0.40816326530612246,0.640487748843058,28,0.5409836065573771,0.13889763779527559,0.0,0.0,0.0,0,-1.7668879764469847,0.08596060270433803,1.6803664536267693,6.469388845506496
sz002789,2025-11-05,1.0,0.612168159087851,0.4626865671641799,-0.6734006734006703,80.08750579560699,25.0,83.5,0.0,0,0,0,0.2938144329896907,valid,0.0895522388059701,valid,0,0,0,0,9.046052631578938,9.046052631578938,-2.941176470588236,-3.7815126050420256,-4.78991596638656,5.798319327731094,11.428571428571432,-8.403361344537819,-5,-8,-2.9751710465528416,0.19090124536784117,-0.2212204719201854,-0.08145362162754702,-0.012073507659241929,-0.03633948888522519,-0.232758925297525,0.006071737522908288,-0.05255578712058084,1.5840666960322085,1.2842329816867084,0.2998337143455001,1.6185726297672642,0.0,-0.12168700564397333,0.5594711630154982,0.7830285899155773,1.0,1.0,2.3569023569023573,-2.4859663191659997,25.02586823449274,0.6458333333333334,0.5777777777777777,0.6536270285321141,57,0.3522727272727273,0.6704438149197356,0.0,0.0,0.0,1,-1.3773574909728636,-3.3635439570068315,-2.5396992289837828,-4.754127618885972
sz002790,2024-12-02,1.0,0.5547811816174085,0.6904761904761928,0.12224938875304847,75.91843465654347,277.0,56.6,0.0,0,0,0,0.3605442176870748,train,0.1764705882352941,train,0,0,0,0,3.6384976525821733,3.6384976525821733,-2.358490566037752,-4.716981132075471,-4.127358490566035,0.4716981132075304,4.127358490566024,-5.778301886792459,-5,0,0.02419143332111939,0.13018628951684,-0.07403049981997932,-0.02885293859089362,0.0,0.0,-0.009258591696635112,0.14231750124548542,-0.06890039956819136,1.3622906000631978,1.5855549335444252,-0.22326433348122743,1.5184098359053269,0.0,-0.5026216014398074,-0.26794141619785483,0.33100708660357747,1.0,0.8345323741007191,4.1564792176039145,-3.2917139614075053,18.06822145203795,0.3958333333333333,0.4,0.5791450183939779,143,0.319047619047619,0.8654028436018958,0.0,0.0,0.0,1,4.320446787590604,3.626009700418753,2.586765816784631,3.6922950461609094
sz002798,2025-09-12,1.0,0.37095094834644826,0.8484848484848491,0.60882800608828,77.29904962221042,330.0,41.4,0.0,0,0,0,0.2571428571428571,train,0.1764705882352941,train,0,0,0,0,1.2012012012011963,1.2012012012011963,-1.3473053892215536,-1.3473053892215536,-3.59281437125748,-4.79041916167664,0.8982035928143839,-4.940119760479044,-5,-8,-0.0710556777511653,-0.11033309476518449,-0.22880777541491104,-0.14345226609657122,0.028537554790356714,0.027520037287928782,-0.12838741024885086,-0.07915006049078775,0.07158784362521559,1.4737240219660606,1.7472016925347333,-0.2734776705686728,1.7400419015891802,0.0,0.40230983582133345,0.06017987853823941,2.3462153467898514,0.3368421052631581,0.5935483870967743,-8.64197530864197,-12.368421052631573,26.278697547949356,0.375,0.525,0.7448704734619419,61,0.26506024096385544,0.366183879093199,0.0,0.0,0.0,1,2.4458396997819376,3.3815053882632506,1.3827042061442585,2.1040598935629706
sz002799,2024-09-12,1.0,0.6307321071352465,0.5762711864406785,0.15673981191222097,80.90820361686231,18.0,79.3,0.0,0,0,0,0.3461538461538461,train,0.575,train,0,0,1,1,31.32530120481929,42.31927710843373,2.1212121212121238,5.757575757575761,3.3333333333333437,20.30303030303031,22.72727272727273,-2.1212121212121127,5,8,0.13792158024046114,0.1366757997014386,-0.13243347059902694,-0.010891771032422351,-0.009871789030554462,-0.014715789110172354,-0.02114655330523622,-0.027689521971370364,-0.06599357185928939,1.6140115069928849,1.5221895246989248,0.0918219822939601,2.1901744105773653,0.00013601243665319637,0.034869883228117175,0.03950596254497537,1.072259444860654,0.0,0.0,,-4.871060171919783,27.309308931770104,0.4583333333333333,0.6785714285714286,0.6627567888184588,32,0.3469387755102041,0.4072083465064812,0.0,0.0,0.0,0,-2.573425508645888,-2.271183024391743,-2.6178465446387578,-0.8250214255174915
sz002799,2024-09-20,2.0,0.9337513548025802,0.6923076923076917,-0.7163323782235054,80.95372637250273,139.0,57.9,0.0,0,0,1,0.2938144329896907,train,0.1764705882352941,train,0,0,1,1,23.163841807909602,33.47457627118644,-3.125,-1.7045454545454586,5.397727272727271,5.965909090909083,23.863636363636374,-4.119318181818176,5,8,-0.13243347059902694,-0.05809896260194645,0.10431075422497861,-0.014715789110172354,0.0,0.054718533534718235,-0.06599357185928939,-0.03635612790524591,0.01379796452864545,1.6138401126544581,1.5173771811749888,0.09646293147946938,1.8252954536624504,7.171468761490848e-05,0.14369700598403018,0.31670158133623233,1.3356218698012639,1.0,0.0,0.14144271570013522,-3.6734693877551017,18.330068374689088,0.4791666666666667,0.6666666666666666,0.7437329200219358,47,0.25396825396825395,0.3309102402022756,0.0,0.0,0.0,0,-0.5049145491671791,-0.36602454468808165,0.46827343731339344,-1.39434104833549
sz002799,2025-05-09,3.0,0.6575591395643543,0.7538461538461534,-0.5194805194805197,85.47264922170696,106.0,57.0,0.0,0,0,0,0.1929824561403508,train,0.0895522388059701,train,0,0,0,0,7.788944723618085,13.94472361809045,1.0512483574244502,0.9198423127463773,0.5256241787122251,1.0512483574244502,4.993429697766105,-0.7884362680683377,0,0,-0.046604763473359415,-0.525442362877076,-0.4224728392198666,-0.0222829695035529,-0.08242446893978302,-0.04899091097221027,0.0015059430360836003,-0.08401884042490496,-0.09326443165389631,1.4075501198859244,1.5959102317770848,-0.18836011189116042,1.4250324100656209,0.00024873231536892937,-0.7183617522879062,0.20761020490124482,0.16389927635266996,1.0,0.7166666666666665,3.3766233766233666,-5.798816568047327,14.343460019725837,0.25,0.6129032258064516,0.8978235352025971,32,0.43859649122807015,0.26468730259001894,0.0,0.0,0.0,1,3.0270872563675777,2.0841884993711757,1.8828730022889317,4.1318795557795385
sz002799,2025-11-18,4.0,0.4796465473746971,0.8000000000000013,0.22271714922048602,79.68301342932774,2.0,86.2,1.0,0,0,1,0.3461538461538461,valid,0.1764705882352941,valid,0,0,0,0,11.074197120708739,11.295681063122931,-1.7467248908296984,-6.986899563318783,0.5458515283842891,2.401746724890841,9.497816593886444,-7.423580786026196,-5,8,0.1031796412650982,0.08617981359554346,0.9878333123939668,-0.02489023427885852,0.0,0.1131321162954573,-0.020901071600958457,-0.09552232355574056,0.08673018872221311,1.5369574937897796,1.4753210424399925,0.061636451349787125,1.764158911995902,4.399573433356751e-06,-0.39984519937168633,0.23551009366217768,0.4287294058640843,1.0,1.0,0.556792873051215,-4.646251319957773,24.40343379627587,0.5,0.5333333333333333,0.6789052474456649,38,0.3968253968253968,0.19597357659641396,1.0,0.0,0.0,0,-1.22918537325859,-1.928117807313956,-1.8050239184311145,-2.0768902075250395
sz002799,2025-11-27,5.0,0.3707812534405347,0.5799999999999983,-0.11001100110010764,76.11397554087445,45.0,71.6,0.0,0,1,0,0.3605442176870748,valid,0.0925925925925925,valid,0,0,0,0,8.54978354978353,8.766233766233778,-1.0775862068965525,1.0775862068965747,-3.6637931034482762,-6.681034482758608,8.081896551724132,-4.094827586206884,5,8,-0.019922171613305062,1.164753951719437,-0.4306074417625142,0.006313688208666782,0.031743454830571095,-0.059736928954830994,0.021973695653184577,0.03428734031802109,-0.023224471951728578,1.3806428114489024,1.3850964891306876,-0.004453677681785173,1.483524211201126,0.00030717710467228847,0.02532491762169271,0.25531685756934447,1.0519658665324598,1.0,1.0,0.32573289902280145,-4.545454545454541,16.28553279047159,0.4375,0.5813953488372093,0.5994546794572406,44,0.4358974358974359,0.4925984251968504,0.0,0.0,0.0,0,-1.1301518533333499,-1.567064404324492,-1.085348546006537,-0.363042849311479
sz002800,2025-03-12,1.0,0.4837894910259382,0.5333333333333341,-0.09182736455463081,73.79571336588926,192.0,57.4,0.0,1,0,0,0.3461538461538461,train,0.2,train,1,0,1,1,28.63475177304966,41.48936170212767,-0.534283170080152,2.315227070347281,0.8904719501335645,-5.520926090828149,5.699020480854844,-1.9590382902938575,5,-8,0.08408990993458076,0.1862589867249739,0.32635919277370196,0.052377026091591755,-0.03903696163198218,0.0,0.015131762090362042,-0.005491959523316707,-0.09848065033116692,1.348307478579703,1.3817681414958785,-0.033460662916175554,1.5827133412085994,0.006921353756927777,-0.20944475851220065,0.20486076397280886,0.6536513850043895,1.0,1.0,3.013698630136985,-2.758620689655178,19.235499093000147,0.4375,0.6428571428571429,0.5863499421387883,76,0.3559322033898305,0.5143487858719646,0.0,0.0,0.0,1,2.6371467640226465,1.5089493453832592,0.6319142567209335,0.04133562555677095
sz002805,2025-03-24,1.0,0.640106679109682,0.4534883720930222,-0.8593750000000067,77.66903864960243,75.0,66.4,0.0,0,0,0,0.2571428571428571,train,0.2,train,0,0,0,0,-0.9309542280837912,-0.9309542280837912,-2.287066246056779,-2.8391167192428957,-7.334384858044163,-17.507886435331223,0.7097791798107211,-8.517350157728709,-5,-8,0.003922055863304558,-0.4646034853684843,0.03812377479901778,-0.08529430520178669,-0.0007254161211304054,-0.05494553577255252,-0.19612901817966316,-0.03424175566775717,-0.09809510221152583,1.5318678355289022,1.8494567009313587,-0.31758886540245657,1.636639141171366,8.366410187466588e-06,-0.05133434391663715,0.09805562672280034,0.9023443984044194,0.17142857142857154,0.6419753086419753,-8.256227758007118,-8.256227758007118,13.128179843879266,0.375,0.47619047619047616,0.6410289622515187,42,0.391304347826087,0.28319142226426997,0.0,0.0,0.0,0,-3.4785950606303184,-2.2746938384722304,-1.5497195797945396,-2.824750513130947
sz002809,2025-03-21,1.0,0.45737505598491596,0.741379310344827,-0.895856662933936,82.39953887660592,85.0,63.8,0.0,0,0,0,0.3605442176870748,train,0.2,train,1,1,0,1,17.24137931034482,104.5606229143493,-2.4390243902438935,-0.9977827050997812,-3.9911308203991025,-16.962305986696226,3.10421286031044,-8.203991130820398,-5,-8,0.07716060285103059,-0.023039508006612506,-0.13024220630810177,-0.002024275979029972,0.018218342651763392,-0.028453244312794283,-0.026218882505729447,-0.03897989703417033,-0.12070956919976078,1.4046288366752553,1.4060672396436193,-0.001438402968364061,1.5480611707288283,0.0010658513575053194,0.03306381112696408,0.08461905797435387,1.0683888171886502,1.0,1.0,0.6718924972004547,-4.564755838641188,22.585573015528954,0.375,0.4838709677419355,0.7801088061539995,44,0.35294117647058826,0.20908230842005676,0.0,0.0,0.0,0,-2.519485607031935,-2.099198376178524,-2.292769249964688,-3.3429090180909005
sz002809,2025-06-16,2.0,0.3203126629949163,0.5205479452054802,-0.785545954438327,74.92490640857315,489.0,32.4,0.0,0,0,0,0.2938144329896907,train,0.288135593220339,train,0,0,0,0,13.056603773584907,13.056603773584907,-1.8628912071535053,-9.314456035767515,-5.812220566318926,-2.682563338301036,1.713859910581217,-11.997019374068552,-5,-8,-0.2177100308630638,-0.23468822146292453,-0.3062856929084635,-0.025444836866085025,-0.027429115190795307,0.0037613755569280167,-0.0610585039238709,-0.12739055999333906,0.05048464849177832,1.43045526007814,1.7684112999628254,-0.3379560398846855,1.5444209306651726,0.00014501606183594775,-0.4758818656338166,-0.14537667190890521,0.3551220098101152,0.11899313501144153,0.5381850853548966,-27.9499728113105,-27.47673782156541,13.337585934227333,0.22916666666666666,0.5365853658536586,0.8577080279413026,46,0.3333333333333333,0.6061179438662883,0.0,0.0,0.0,1,-1.149768730761369,-0.6518817353627249,-0.2947252321918725,-0.19251043120598332
sz002811,2025-02-13,1.0,0.37448748547038235,0.9285714285714275,3.2618825722273925,81.79201732346122,86.0,62.0,0.0,0,0,0,0.2938144329896907,train,0.2,train,0,0,0,0,14.375561545372872,14.375561545372872,4.598737601442737,1.7132551848512145,2.073940486925152,-1.7132551848512145,14.788097385031573,-1.7132551848512145,5,8,-0.017044108899484624,-0.14187041511466414,-0.09786934730903844,0.019769500057336842,-0.009407647401952745,-0.029490489876509953,0.045630488229647104,-0.03733542123193629,-0.1043564135633556,1.4041548141107938,1.349329963595612,0.05482485051518182,1.596726242299206,0.0038337919169690797,0.38279190973286137,0.21692511949877555,2.240398224745182,0.8947368421052634,0.9430379746835444,-1.591511936339518,-6.3919259882254,44.92743264145241,0.5,0.2857142857142857,0.7165731611849889,55,0.4329896907216495,0.2554399243140965,0.0,0.0,1.0,1,2.8246904577992504,2.6159096123642422,1.6214190401379502,2.61279868099189
sz002816,2025-04-28,1.0,0.5094431815004996,0.8243243243243233,-0.27247956403269047,77.41534942532213,443.0,32.4,0.0,1,1,1,0.9047619047619048,train,1.0,train,0,0,1,1,82.3371989295272,82.3371989295272,1.904761904761898,12.380952380952381,23.89610389610388,45.627705627705616,45.627705627705616,0.0,5,8,0.6794641922762105,4.0395139407762795,4.319565388207978,0.484926217985268,1.0,0.9485473497449546,0.48138736502378515,0.9122969837587007,0.6730982479485473,1.7611517658043616,1.59095987937359,0.17019188643077166,2.02112750502483,0.00019594862601989696,-0.31811498709417446,0.031738205365766096,0.5173183065075849,0.3823529411764708,0.19726858877086506,-15.77761081893313,-18.70920957215373,13.425337120707159,0.5416666666666666,0.5,0.44683414131962484,38,0.3333333333333333,0.22018348623853212,0.0,0.0,0.0,0,-1.2697027371430303,-0.7813262505072083,-0.08617973312023963,-0.5071804358741994
sz002819,2025-08-19,1.0,0.3322871882717904,1.1949685534591206,-0.9180120291231386,77.6864381795266,30.0,78.4,0.0,0,0,0,0.472,train,0.1388888888888889,train,0,0,0,0,8.528325123152714,8.528325123152714,1.0722169662567005,2.396720277514963,-0.9145380006307158,-6.401766004415011,11.163670766319767,-1.2929675181330813,5,8,-0.04017817676153677,-0.0203953621805787,-0.19593190860666712,-0.0065893649005145626,-0.06375511167246826,-0.002053557364269317,-0.008815452382997965,-0.08686414355221318,-0.0043152118215496965,1.4916985363786261,1.6552588804611854,-0.16356034408255926,1.7412092162470305,0.00028151683999658503,0.08962870110831066,0.03296791001403122,1.1969058146218516,1.0,1.0,2.817347261791703,-5.526468877254231,18.7831055993373,0.2916666666666667,0.3469387755102041,0.7239699036782103,74,0.3508771929824561,0.5672864796722344,0.0,0.0,0.0,1,4.009965519326109,3.695000100885615,1.919697288389477,7.983105159491499
sz002820,2025-10-23,1.0,0.7169662383127537,0.48437500000000033,-0.31496062992125706,74.90561864945737,119.0,64.3,0.0,0,0,0,0.3461538461538461,valid,0.0925925925925925,valid,0,0,0,0,18.840579710144922,18.840579710144922,-2.907421576128544,-0.6120887528691665,-5.738332058148432,2.9839326702371993,5.049732211170621,-5.8913542463657205,-5,0,-0.2296981818804738,-0.1303261759310997,-0.2559356755764904,0.013402161606642354,-0.0043219468826303665,-0.021084903510540924,-0.0708504187549959,0.0058075563782968445,-0.14073460996684936,1.4858250699629785,1.7607344614702864,-0.274909391507308,1.779460506847397,0.00012265333253438368,0.16614491121719005,0.15443374374125346,1.3984982845393776,1.0,0.4376278118609406,0.6139677666922472,-2.3099850968703484,17.01872477744328,0.2916666666666667,0.6136363636363636,0.7456839961856677,49,0.3,0.6051637279596978,0.0,0.0,0.0,0,-1.2664193181760597,-1.2249130668493313,-0.2614984192219172,0.8138524968852812
sz002823,2025-02-24,1.0,0.3743279467319229,0.808510638297873,0.33025099075296716,75.28298952356046,301.0,48.4,0.0,0,0,0,0.2938144329896907,train,0.2,train,0,0,0,0,7.828282828282829,7.828282828282829,0.6250000000000089,3.2499999999999973,-0.6249999999999978,-1.3125000000000053,4.374999999999996,-2.187499999999998,0,0,-0.0920604170632504,-0.19208231994008484,-0.10110201741805122,0.00888824917232593,0.033115411970838476,0.051287392238168306,0.025501595104116974,0.09938703902644797,0.046254105951880314,1.3713035163519338,1.4726847147421156,-0.10138119839018178,1.4949817786754172,7.213436277529281e-06,-0.16613683484701888,-0.12066262124780647,0.7150645963965048,1.0,1.0,0.8917197452229297,-4.578313253012056,13.742502695580026,0.4375,0.42857142857142855,0.5566107058643333,73,0.3482142857142857,0.5539432176656152,0.0,0.0,1.0,1,2.9046531678455167,1.618050687444561,0.5654002536303437,1.7797821554438098
sz002824,2025-06-26,1.0,0.403298353059477,0.8350515463917523,0.0,77.72453921858985,92.0,63.9,0.0,1,0,0,0.3605442176870748,train,0.1764705882352941,train,0,0,0,0,9.464285714285703,20.952380952380945,2.118893466745164,-0.470865214832239,-1.4125956444967502,-1.4125956444967502,8.24014125956447,-2.8251912889935116,5,8,0.019309946948645407,-0.08437457834590861,-0.03700290147072318,0.0332367031580631,-0.01255730494282716,0.018330077221996754,0.10140207276942188,-0.10324186945759593,0.03650979548419285,1.3644154182419377,1.463672607512138,-0.09925718927020033,1.3622946464401533,6.653581856594823e-06,0.1076851450337266,0.27957369091966316,1.241361318674442,0.9756097560975606,0.984709480122324,-0.29673590504450953,-4.599659284497437,17.600901839584076,0.25,0.40816326530612246,0.7573378121447818,52,0.35,0.28548945546112686,0.0,0.0,0.0,1,3.2995915842605195,2.84337652638178,2.678268473045864,4.322462264723459
sz002825,2025-02-12,1.0,0.35748560852100225,0.6406249999999997,-0.2406738868832914,77.83170238981168,111.0,71.7,0.0,0,0,0,0.4677419354838709,train,0.2,train,0,0,0,0,7.234539089848302,12.952158693115523,-2.564102564102566,-0.5827505827505908,-1.7482517482517501,1.2820512820512775,2.3310023310023187,-4.195804195804187,0,0,-0.25551374414554473,-0.09946626254034899,-0.12326902989987006,0.020768581080485578,0.0,0.0,0.01643324499204015,0.08466827208532812,-0.08922691621263794,1.3982933054196702,1.6866227021495328,-0.2883293967298626,1.488192357238604,0.0,-0.02742657109083214,0.2702321821887405,0.9466111314179602,0.9787234042553196,0.9824561403508776,-0.2328288707799664,-7.451403887688979,17.558751892653532,0.3541666666666667,0.5,0.6724780103049178,71,0.29,0.6174708293913592,0.0,0.0,0.0,1,6.85502756248364,5.8090524999772075,3.2878553859982285,6.245327322186656
sz002827,2025-07-04,1.0,0.5631320058334768,0.5314960629921253,0.03075030750305796,78.49520734886191,187.0,50.8,0.0,0,0,1,0.3605442176870748,train,0.5208333333333335,train,1,1,1,1,84.22619047619047,84.22619047619047,5.364552459988126,4.38648488441018,13.51511558980436,14.374629519857729,22.495554238292815,-0.5038529934795588,5,8,-0.20205004132087293,-0.17676729617250694,0.06819580628828778,0.023117163712260778,-0.07293150786620453,0.044700857587657794,0.054735693832689634,-0.08785983514179595,0.06402663419064746,1.5264822767444826,1.4761850637667386,0.05029721297774392,1.7737285952671018,0.0,-0.1951884009248733,0.06942522303708909,0.6733763467352418,0.37644787644787703,0.7551175132676272,-8.770024436600588,-11.181601903251382,21.085410839441607,0.4166666666666667,0.5208333333333334,0.6148816304025918,33,0.45901639344262296,0.24267254963756696,0.0,0.0,0.0,1,0.5617277712810731,0.8135950094003475,1.541288449786471,1.5011406341513434
sz002828,2025-10-23,1.0,0.3216659969178333,1.1546391752577325,-0.5636070853462183,77.69077278843076,71.0,69.5,0.0,0,0,0,0.4677419354838709,valid,0.2,valid,0,0,0,0,3.9735099337748325,3.9735099337748325,-7.334963325183375,-6.845965770171148,-9.046454767726154,-4.319478402607979,0.6519967400163029,-9.942950285248564,-5,-8,-0.11811086134794604,-0.19100538433494596,0.0005078578948928085,0.0107043974240621,-0.012633771241750935,-0.06013734923159093,-0.01148316433130233,0.022340219529185766,-0.1773253936747917,1.3291191450864193,1.3874781029175756,-0.0583589578311563,1.4795937252497946,0.004833195649804713,0.434228472211544,0.04853907003064619,2.534995845085734,0.8571428571428572,0.8571428571428572,-2.7375201288244777,-8.484848484848484,16.367608779522072,0.3958333333333333,0.3469387755102041,0.5815265562677374,49,0.3,0.6051637279596978,0.0,0.0,0.0,0,-1.2664193181760597,-1.2249130668493313,-0.2614984192219172,0.8138524968852812
sz002829,2024-10-17,1.0,0.8449239066100407,0.49999999999999895,-1.6119746689694958,82.99945612745285,52.0,73.1,0.0,0,0,0,0.3605442176870748,train,0.575,train,1,0,1,1,24.66517857142856,43.58258928571428,4.924681344148296,10.950173812282715,9.61761297798378,16.74391657010428,18.366164542294317,-0.057937427578225176,5,8,0.050420629661577565,-0.014719104032112438,0.02373742281138768,-0.04012610981771889,0.0012714405851372988,-0.040967616003302273,-0.09892048486445207,-0.015385419807307258,-0.0994222706633734,1.5253242764274366,1.3619134383250544,0.16341083810238222,2.080016562196362,0.00019896088052900047,0.5328262549621088,0.3186824374177239,3.2810624981457064,0.0,0.0,,-21.6097987751531,24.485279877230138,0.5625,0.5625,0.7595886755147968,44,0.45,0.21660877802336595,0.0,0.0,0.0,1,-2.633550538543461,-4.777710914487033,-5.242053986906104,-8.108070613125607
sz002836,2025-09-22,1.0,0.42828828668293045,1.2096774193548403,-0.43290043290044045,80.36505471030378,79.0,69.3,0.0,0,0,1,0.4677419354838709,train,0.575,train,0,0,1,1,28.540540540540537,74.4864864864865,-1.7372421281216077,-0.7600434310532034,4.343105320303997,15.092290988056444,18.892508143322463,-5.320304017372424,-5,8,-0.03391956504727943,-0.05907236635496403,0.06593055481963472,0.0,-0.03043264735684299,0.056183058421003525,-0.041130213482842015,-0.06597030385305727,0.06561390705176952,1.5209290796465913,1.5439322817628705,-0.023003202116279153,1.6762645849078233,0.005881479796573521,-0.402396455467458,0.24605767585840313,0.426130244555805,0.13684210526315857,0.11016949152542425,-8.142999006951346,-8.956692913385833,22.842928924155157,0.4375,0.625,0.6984068695798858,56,0.30864197530864196,0.3323881537492123,0.0,0.0,0.0,1,0.9966501433719577,1.229661482665012,-0.2304780856762889,1.3602232927977687
sz002838,2024-09-26,1.0,0.5561240228335455,0.5471698113207553,-0.3303964757709221,75.39687895697595,543.0,36.4,0.0,1,0,0,0.472,train,0.4444444444444444,train,1,0,1,1,71.90170940170941,71.90170940170941,5.491024287222812,19.324181626187965,11.193241816261867,6.652587117212239,27.56071805702216,-0.6335797254487963,5,8,0.011751968360282356,-0.3167834449113488,0.044211529675669436,0.07952690704340229,-0.03225811870140697,-0.039207901302628544,0.022305267984559504,-0.08538971175783279,0.024929381181174635,1.6490899085551856,1.3537575856061892,0.29533232294899636,1.673016110310842,1.4799829165571942e-05,0.7904095295995935,0.11778383025189931,8.542418585058536,1.0,0.0,3.083700440528636,-3.0051813471502653,25.742607948170225,0.5833333333333334,0.4411764705882353,0.5878097782307597,134,0.18292682926829268,0.959583201768235,0.0,0.0,0.0,1,8.742380486907253,9.24233616012977,10.928685809110327,10.842065348924756
sz002838,2025-04-14,2.0,0.2778564092052628,0.6702127659574474,2.4193548387096753,73.47415644524006,157.0,64.2,0.0,0,0,0,0.1929824561403508,train,0.2,train,0,0,0,0,5.826397146254458,16.884661117717002,-2.6035502958579704,-3.372781065088759,-4.792899408284013,-9.940828402366853,0.4733727810650956,-7.514792899408274,-5,-8,0.4208475749907111,-0.097908850784706,-0.08918749489532558,-0.07876938571034539,0.05186290038746207,-0.012895654722385783,-0.15595294853602165,0.1282091406338283,0.012208531850200903,1.3806210991113737,1.3471797004343837,0.03344139867698992,1.485581425356868,0.00010691830805288956,0.26621332703732165,0.15016418810453325,1.7255877950535135,0.7729357798165141,0.8550512445095171,-5.55867490174059,-6.555555555555559,18.718112539763332,0.5,0.4375,0.4932091974203231,94,0.27692307692307694,0.8540353089533418,0.0,0.0,0.0,0,8.043083938635442,6.43279852237737,4.727800760931933,6.955853015325708
sz002842,2024-12-02,1.0,0.4151786842956303,0.6184210526315783,-0.2600780234070288,80.84678165741968,502.0,38.9,0.0,0,0,0,0.3605442176870748,train,0.288135593220339,train,0,0,0,0,-1.0349288486416586,-1.0349288486416586,-1.8641810918774926,-3.1957390146471365,-0.26631158455392434,-2.929427430093201,1.8641810918775148,-5.326231691078553,-5,0,-0.08350925622172824,-0.18175326531807498,-0.21078228392653514,-0.020980128229556153,-0.009558507753117904,0.02879456278928863,0.008544539504219663,-0.04405683490584215,-0.03163953109390018,1.3802102813129662,1.227558787239646,0.15265149407332013,1.4302981571605513,8.903958051213822e-05,0.4945680355070274,0.5204437438889941,2.9570113101301643,1.0,1.0,0.5201560468140354,-5.731707317073154,20.427075671588582,0.5833333333333334,0.4772727272727273,0.48117875152481904,143,0.319047619047619,0.8654028436018958,0.0,0.0,0.0,1,4.320446787590604,3.626009700418753,2.586765816784631,3.6922950461609094
sz002843,2025-02-18,1.0,0.29346710414397903,1.3723404255319147,-0.7285974499089187,80.24110282604308,208.0,45.7,0.0,0,1,0,0.472,train,0.2444444444444444,train,1,0,0,0,17.36346516007532,17.36346516007532,1.8310911808669506,16.44245142002989,9.790732436472327,-1.8684603886397588,16.44245142002989,-2.4289985052316942,5,8,-0.045703998967543576,1.9597449345432432,0.021025685703791333,-0.03599994935891492,0.0736567813970498,-0.012646106809966237,-0.030278957968339147,0.058007793118882524,-0.010310156366022512,1.3235679152642046,1.4199842981788575,-0.09641638291465293,1.4949348408244811,5.943730008868391e-05,0.8589582997540469,0.006840691054522313,13.180203418650908,0.8021978021978026,0.884467265725289,-3.2786885245901565,-8.856848609680734,17.784558766738016,0.3333333333333333,0.20408163265306123,0.7129989067972182,42,0.4473684210526316,0.1473186119873817,0.0,0.0,0.0,1,-0.7760024318541281,-0.2999054073972718,0.7634990406720776,1.3862196713349206
sz002846,2025-02-07,1.0,0.41594352025142833,0.6400000000000006,-0.22988505747125743,74.86700579699871,231.0,56.1,0.0,0,0,0,0.3605442176870748,train,0.1764705882352941,train,0,0,0,1,10.609480812641102,37.810383747178356,2.1590909090908994,5.454545454545445,0.2272727272727204,0.2272727272727204,7.386363636363624,-0.6818181818181834,5,0,0.09446847535862135,0.10686348175862623,0.1145069305290581,0.0,-0.07452413690732938,-0.029370652631494742,0.01220399145850059,-0.0020161447782529496,-0.1791600495504332,1.4447777623625968,1.5457516671006344,-0.10097390473803758,1.8829697515320085,0.0001488577129867911,-0.6272548966285041,-0.15568988430889816,0.22906374664705775,0.9368421052631574,0.9368421052631574,-0.6726457399103158,-3.59085963003265,15.89112324879381,0.3541666666666667,0.4888888888888889,0.6019030102254117,72,0.4,0.7875827292782855,0.0,0.0,0.0,1,5.232799423726009,4.4721007358045295,2.3387194916040466,3.8712798263460746
sz002848,2024-12-23,1.0,0.39584439702848323,2.862068965517241,1.7527675276752808,79.86644022490312,99.0,54.8,0.0,0,1,0,0.472,train,0.1388888888888889,train,0,0,0,0,-7.537688442211055,-7.537688442211055,0.0,-10.379464285714302,-12.50000000000001,-19.19642857142858,2.678571428571419,-19.08482142857144,-5,-8,-4.570117427179104,0.23257918021986893,-0.05266360729422139,-0.006071560843642772,0.12864113970001845,0.022400287528929492,-0.10453224624485934,0.08442565680890142,-0.025619612953356834,1.3808477288913565,1.6112863695105908,-0.23043864061923425,1.8832429031120153,0.0001785652206462084,0.4143165822495509,0.21776411266278742,2.4148141118316073,0.0863636363636361,0.5368663594470043,-16.806020066889648,-16.806020066889648,33.61207561662944,0.2708333333333333,0.1590909090909091,0.7729391834007315,28,0.46153846153846156,0.12262958280657396,0.0,0.0,0.0,0,-2.885454919256125,-1.5906771594648483,0.5554979526778414,-0.617188282125658
sz002848,2025-02-25,2.0,0.2996835136647888,0.9361702127659588,-1.167883211678833,80.47173994789432,74.0,66.5,0.0,0,0,0,0.3605442176870748,train,0.1764705882352941,train,0,0,0,0,4.107648725212476,4.107648725212476,-0.42918454935623185,-0.14306151645206988,-1.716738197424894,-2.5751072961373467,5.150214592274671,-5.293276108726753,5,0,-0.03213939980868292,-0.17960672558502147,0.06815687254015557,0.01307669047824993,-0.01871448222377032,-0.020725068409834877,-0.05618260145757868,0.02016918633014819,-0.0684257741417102,1.4064541800545227,1.6171429958374512,-0.21068881578292853,1.4700285486346223,3.284875915356518e-06,0.11754676251714188,0.12035971423279605,1.2664090458831259,0.8511904761904762,0.7486910994764396,-3.551912568306015,-11.194968553459129,21.949619646353895,0.4583333333333333,0.4358974358974359,0.5408267598245365,53,0.38372093023255816,0.23484848484848486,0.0,0.0,0.0,1,4.775053898170301,2.3841976641474805,0.3288605662225663,2.658086277945193
sz002853,2024-12-13,1.0,0.5632166787031277,0.9651162790697682,0.16366612111291534,79.71279939771252,12.0,88.1,0.0,0,0,0,0.3605442176870748,train,0.288135593220339,train,0,0,0,0,9.453952730236349,9.453952730236349,5.86816720257235,-2.0096463022508004,-5.787781350482302,-7.0739549839228255,7.958199356913176,-7.475884244372988,5,-8,0.06834571793998757,0.18072718113730663,0.06669227114714714,-0.022230724875596252,-0.004825266344536503,-0.005401685151798579,0.08653589824339429,0.031193667284419316,-0.03605600423485963,1.546841726671612,1.383462455433949,0.16337927123766294,1.8241257433477036,6.091917924244863e-05,-0.2681355337139922,0.14181160072678387,0.5771184915405645,0.9963369963369965,0.9978260869565218,-0.08143322475570036,-6.335877862595418,21.317977091952127,0.4583333333333333,0.5777777777777777,0.6185795448803192,87,0.4,0.16055625790139064,0.0,1.0,0.0,1,0.08452787836426001,0.1521107265741506,-1.0057459583923567,-1.4029378348852095
sz002855,2025-02-24,1.0,0.4983589029173412,0.5181347150259068,-0.767386091127098,82.3138069998016,386.0,41.6,0.0,1,0,0,0.472,train,0.4444444444444444,train,0,0,0,0,9.999999999999986,9.999999999999986,6.471421823334889,1.511572980632958,-5.904581955597543,-4.865375531412386,11.71469059990551,-6.471421823334911,5,8,2.0031644962330755,-0.28808160988415776,-0.20376358818125956,0.01902351294793187,-0.03473885598830443,-0.020009220420149586,-0.035830926416737546,-0.04483719091039909,-0.0789410611074566,1.6137182028945039,1.8150578363765508,-0.20133963348204698,1.8451778689523968,3.4755146531651174e-05,0.10755199412588128,0.07466871758414273,1.2410269134290646,0.9699769053117785,0.9699769053117785,-0.6010171058714708,-4.444444444444439,27.820792121499764,0.3958333333333333,0.6136363636363636,0.7250944088161391,73,0.3482142857142857,0.5539432176656152,0.0,0.0,0.0,1,2.9046531678455167,1.618050687444561,0.5654002536303437,1.7797821554438098
sz002855,2025-06-18,2.0,0.9845690349329623,0.6589595375722545,-0.32555615843732344,81.1669503145688,16.0,80.4,0.0,0,0,0,0.3461538461538461,train,0.0925925925925925,train,0,0,0,0,5.876180482686255,5.876180482686255,2.0744680851063846,-0.4787234042553212,0.7446808510638281,1.010638297872335,7.340425531914896,-3.3510638297872264,5,0,-0.3260034919209436,-0.13956947612287995,-0.1899054447199085,-0.007583638919753411,-0.023900741757921763,0.0005588947444554318,0.01670282363274273,0.01586259613592094,0.00019619441620591529,1.5097544330696417,1.5808402990298245,-0.07108586596018274,2.060104739308021,0.0037850941277978757,0.5669498125359044,0.10800782990192016,3.618402342028361,1.0,0.8015267175572515,3.418339663591974,-5.643564356435649,22.844982116585893,0.4166666666666667,0.4772727272727273,0.8019126713332582,33,0.4,0.26866141732283466,0.0,0.0,0.0,1,-0.8264171854377,-0.812626196575883,-0.5046544658520613,-0.3462298302985056
sz002855,2025-08-20,3.0,0.4914800055500305,0.5963302752293599,-0.25839793281654533,76.75330876187158,10.0,88.8,1.0,0,0,0,0.3605442176870748,train,0.0895522388059701,train,0,0,0,0,3.3663366336633693,3.3663366336633693,-0.7429420505200679,-1.8325903912828179,-2.4269440316988744,-7.478949975235272,3.4175334323922613,-3.02129767211492,-5,0,-0.17044130455257106,-0.27206650935630805,-0.27340065335181307,0.003689702139278877,-0.0027969378529891812,-0.03807064254624519,-0.05857122869129742,-0.08458203632099652,-0.08805047132183336,1.4273040103111991,1.6524732137025075,-0.22516920339130841,1.6201052335392374,2.2971171893363744e-05,-0.22594907593445676,0.3156651724666187,0.6313891329258823,1.0,1.0,4.392764857881115,-3.117505995203851,14.363003905817711,0.375,0.46938775510204084,0.6410787157040996,80,0.22330097087378642,0.7423525701671397,1.0,0.0,0.0,1,3.413306950284456,3.379964572751204,2.270236760356159,4.452197775281053
sz002855,2025-11-25,4.0,0.4093872979717792,1.1485148514851469,-1.025641025641022,76.35111730928774,45.0,77.2,0.0,0,0,0,0.4677419354838709,valid,0.1131526455983696,valid,0,0,0,0,6.966998428496596,6.966998428496596,3.817204301075261,-0.21505376344087557,4.731182795698929,-0.10752688172044333,9.784946236559144,-2.5268817204301186,5,8,-0.3084132981772093,-0.14357296461871527,-0.23837938509671033,-0.0195979174647799,0.0007960435541463424,-0.004879382460700558,-0.0029501234462759175,-0.07060883906952742,-0.07558442507706004,1.4018988844272129,1.5875904828693497,-0.18569159844213678,1.4602264979630333,2.9619439502249826e-05,0.3569672983876744,0.22206542466573054,2.110261725391641,0.8509090909090908,0.7249999999999996,-2.1025641025641084,-5.728395061728397,14.05657910293056,0.3958333333333333,0.40425531914893614,0.634725392970188,67,0.2872340425531915,0.7648725212464589,0.0,0.0,0.0,0,-2.6604581218940826,-2.7466608388713842,-1.702819986056625,-2.876499941548649
sz002857,2024-11-15,1.0,0.3655749499443498,1.296874999999999,-0.718276137270546,77.43828529059215,422.0,32.9,0.0,0,0,0,0.3605442176870748,train,0.288135593220339,train,0,0,1,0,23.643724696356273,23.643724696356273,-1.9215372297838318,2.9623698959167166,-1.2810248198558805,7.846277021617287,12.089671737389907,-3.8430744595676525,5,8,-0.1695923329225642,-0.16792383045649523,-0.10312674506345412,0.0,-0.026860528321732854,-0.04209858536091841,0.056235102776240976,-0.022849812434228046,-0.09405798127227659,1.5611797558949518,1.4780659467987811,0.08311380909617072,1.5485931885313513,0.007171681075766684,-0.05502263250607622,0.21644135615703383,0.8956939295693084,0.554307116104869,0.6136363636363635,-8.788774002954202,-10.507246376811597,19.44475182735139,0.5,0.6428571428571429,0.5956485965114312,55,0.35294117647058826,0.1636650868878357,0.0,0.0,0.0,0,-4.633402789176477,-4.788497126129676,-3.294703983653191,-3.3583367788935004
sz002858,2024-11-13,1.0,0.7737250566272973,1.7249999999999994,0.14025245441795509,80.62780502099622,9.0,86.4,1.0,0,1,1,0.472,train,0.2,train,0,0,0,0,3.5766423357664223,14.08759124087593,-5.690440060698032,-10.925644916540211,-5.38694992412746,1.2898330804248959,2.124430955993928,-11.987860394537176,-5,-8,-0.11251477338732872,0.020196261446654977,0.03933634498216152,-0.009311083835956729,0.01346332261722846,0.026986417078181058,-0.008752967895515515,-0.03802993138788491,0.10018399397023497,1.3698131260410153,1.3880368668941545,-0.01822374085313916,2.0592389262340114,5.383270917571407e-05,0.04172913453551361,0.2825061781834592,1.087092566495355,0.8453038674033148,0.8582278481012656,-3.9270687237026647,-9.151193633952259,22.603543621748983,0.3125,0.04081632653061224,0.7886438065622179,53,0.4536082474226804,0.4492570344609548,1.0,0.0,0.0,1,2.8793140677881413,2.1883621545562004,2.1521100242674063,6.6827449373572545
sz002861,2024-12-17,1.0,0.33983315879194864,2.4729729729729724,0.1335113484646211,77.37676104118768,50.0,62.1,0.0,1,0,0,0.8214285714285714,train,0.575,train,1,0,0,1,16.175413371675052,38.030194104960444,7.822410147991543,2.466525722339674,-10.077519379844958,-0.7047216349541863,13.8830162085976,-12.191684284707527,5,8,1.5047206892036642,-0.1760414462321172,-0.07766001223951863,0.23133326902679796,-0.0027832024359022703,0.012735175304036835,0.2089263638876063,0.024619834970691288,-0.017557837633121232,1.253460447065368,1.2473331094022635,0.006127337663104582,1.451436274269693,0.0014560503577739842,0.1938422248703733,0.2803310602517061,1.4809039392796386,0.6796407185628741,0.6934097421203438,-7.14285714285714,-11.626429479034305,29.60288098279744,0.5,0.40816326530612246,0.6677745067567182,26,0.59375,0.11887448624723364,0.0,0.0,0.0,0,-3.4277900685101614,-2.402013506564493,-1.8420968131513726,-2.7768809094848135
sz002862,2025-03-27,1.0,0.8073925045985001,0.7293233082706768,1.1485735457577029,79.98727590276654,53.0,71.0,0.0,0,0,0,0.2938144329896907,train,0.4444444444444444,train,0,0,0,0,7.268170426065157,7.268170426065157,-0.1454545454545375,5.418181818181811,-3.672727272727283,-18.58181818181818,8.945454545454545,-4.909090909090919,5,8,-0.0001453168336433044,-0.14560741895668655,0.019710877483312607,-0.0071360595721716965,0.015253082233379933,-0.0876093579055822,-0.07222331086073336,0.029744813992813694,-0.18848698352867005,1.5671746420817603,1.6481150693167534,-0.08094042723499317,1.831230175320504,0.0004039511746601198,0.03258668654961857,0.08362771238952244,1.0673686956682344,0.3275862068965514,0.10230769230769218,-10.652591170825342,-12.990654205607477,22.929934567041634,0.2916666666666667,0.6041666666666666,0.8187429240543784,45,0.36619718309859156,0.3227129337539432,0.0,0.0,0.0,0,-3.1567548612848717,-1.681400067289529,-1.0711996940471646,-2.4970999286783035
sz002864,2025-09-17,1.0,0.5063762835745539,0.7527472527472512,-0.1922460749759769,77.64676200786631,462.0,32.2,0.0,0,0,0,0.2938144329896907,train,0.1764705882352941,train,0,0,0,1,2.0569620253164445,35.69620253164558,-4.381846635367759,-5.7589984350547745,-6.635367762128331,-7.9812206572769995,0.0625978090766699,-8.82629107981221,-5,-8,-0.1672398489882847,-0.1045269615284974,-0.014702238928967644,-0.046877519842218295,0.05366345913144013,-0.03125825168998194,-0.13259463793278947,-0.028944652098349666,-0.004288602838613191,1.567853884846556,1.5155685557935503,0.05228532905300565,1.7026103706536064,3.0524756515542915e-06,-0.6639007843228797,-0.2011135254039945,0.20199474562655195,1.0,0.8203463203463207,1.2495994873437999,-4.15529269032453,22.99603962787537,0.4166666666666667,0.42857142857142855,0.6703501925994442,61,0.27380952380952384,0.4330708661417323,0.0,0.0,0.0,1,4.490140602269288,4.730538578359389,2.3768150056703075,8.369635357775262
sz002866,2025-11-10,1.0,0.2679436061451509,0.6341463414634153,0.15940488841659217,78.55838510142945,362.0,46.5,0.0,0,0,0,0.3605442176870748,valid,0.2,valid,0,0,0,0,13.676092544987139,13.676092544987139,-1.1305241521068932,3.9568345323740983,6.166495375128456,1.2846865364851023,13.617677286742037,-2.9804727646454365,5,8,-0.011836287170420018,-0.24695830291811147,-0.18821655514083274,-0.03597599327400946,0.05676609963129848,0.0081131883967034,-0.13201965846299718,0.0881703110656369,0.04066047520178623,1.54053373149939,1.7000706533854457,-0.15953692188605562,2.0158803382614434,5.0350284537920885e-05,-0.14699556818575021,-0.11043658479732364,0.7436859003417788,1.0,0.6597402597402593,3.3475026567481247,-5.075646656905808,24.878721125163363,0.375,0.41304347826086957,0.6506278722136142,62,0.43636363636363634,0.659433962264151,0.0,0.0,0.0,1,0.33344795964849183,0.13909128111451174,0.8949988167798351,-0.5644175371610993
sz002868,2024-12-13,1.0,0.3466285299051483,1.860215053763438,-2.014462809917361,75.19257329713423,47.0,76.8,0.0,0,0,0,0.472,train,0.1764705882352941,train,1,1,0,0,18.118279569892447,18.118279569892447,-3.3689839572192515,-12.56684491978608,-13.422459893048122,-11.764705882352933,0.5347593582887722,-16.577540106951872,-5,-8,-0.14662618936193714,-0.10527508970153879,0.005862734913227606,-0.06905608328830444,-0.019810557420503083,0.0,-0.17662423684366396,-0.03667677830885049,0.02236502877595672,1.3580744178027857,1.3992464494997192,-0.04117203169693351,1.4855775507206626,0.002046167910820269,0.36951912033202616,0.26390960501911953,2.172181844837622,0.7784256559766769,0.8602941176470592,-3.9256198347107363,-8.509591736350208,18.642355561811506,0.4166666666666667,0.6216216216216216,0.5537908879919384,87,0.4,0.16055625790139064,0.0,0.0,0.0,1,0.08452787836426001,0.1521107265741506,-1.0057459583923567,-1.4029378348852095
sz002868,2025-11-20,2.0,2.2007848493444415,1.6996336996337018,-0.8836206896551624,80.50870978519198,8.0,81.9,1.0,0,1,0,0.3605442176870748,valid,0.0,valid,0,0,0,0,4.49183303085301,4.49183303085301,0.0,-0.23877745940783512,2.387774594078329,-12.010506208213945,9.98089780324738,-4.99044890162369,5,8,-6.673296643390056,6.318733771374999,-0.5218775356800637,-0.4636412749864938,0.6619672309618421,-0.11644368495107055,-0.4193408968125337,0.2564367753524577,-0.1323078848750027,1.5883325653434848,1.490468753580134,0.0978638117633508,3.1095534495730695,0.02023276230459982,-1.0,0.16223016311597405,0.0,0.8739815317762085,0.8972996901283754,-5.000000000000004,-9.523809523809524,16.660710765440335,0.4791666666666667,0.45652173913043476,0.7261564031166559,38,0.5421686746987951,0.28908461780434097,1.0,0.0,0.0,0,-3.2957247264611467,-3.988168462836228,-2.9162770690668416,-4.978927797566934
sz002871,2025-01-02,1.0,0.48323796158058496,2.52542372881356,-1.898734177215189,86.59544718661235,162.0,50.5,0.0,0,0,0,0.472,train,0.575,train,0,0,0,0,8.287895310796078,10.796074154852775,-3.5203520352035222,-1.4301430143014215,-1.8701870187018743,2.0902090209020896,3.630363036303641,-8.910891089108919,-5,-8,-0.19192879085980788,0.014449043562850988,0.2097820074966897,0.013977321304123514,0.0,0.0,-0.1329666810834153,0.05608815186736788,-0.020339444651482595,1.4234674296486078,1.3833793611156362,0.040088068532971644,1.511056664920427,0.0016056505115825729,0.5452695690173158,0.27813216220330267,3.398210156461155,0.0,0.0,,-13.977485928705446,15.584985081166478,0.4375,0.32142857142857145,0.6040510708282251,0,,0.0,0.0,0.0,0.0,0,-4.882902428485824,-5.042070778382213,-4.145742010966358,-6.398676052652618
sz002875,2024-12-02,1.0,0.9439595686352223,0.5954198473282436,-0.8224811514736086,81.83598635234482,87.0,76.1,0.0,0,0,0,0.3605442176870748,train,0.2444444444444444,train,0,0,0,0,16.16294349540077,16.16294349540077,0.2652519893899141,-3.9124668435013277,-5.901856763925728,10.411140583554367,17.24137931034482,-6.896551724137934,-5,8,-0.10579060766920423,-0.5196193775268736,-0.34949764901047625,-0.00995101894428423,-0.040006740141027224,-0.11034616698831547,0.02150381180915947,-0.15504246675564606,-0.1967404993273715,1.5365648011827386,1.717867686823076,-0.18130288564033736,1.823531274386068,2.8863004671708293e-05,-0.03524857535624395,-0.04611722764643066,0.931903165683441,0.39761904761904765,0.19763313609467456,-14.25352112676056,-14.972067039106129,17.345331723810045,0.3333333333333333,0.40425531914893614,0.7652472858484101,143,0.319047619047619,0.8654028436018958,0.0,0.0,0.0,1,4.320446787590604,3.626009700418753,2.586765816784631,3.6922950461609094
sz002875,2025-10-10,2.0,0.2960402235727558,0.911764705882353,0.11261261261261701,74.81794561367468,36.0,78.5,0.0,0,0,0,0.3605442176870748,valid,0.1388888888888889,valid,0,0,0,0,13.766088416340217,13.766088416340217,4.240282685512353,14.310954063604232,7.302709069493507,5.123674911660792,19.729093050647805,-0.11778563015312216,5,8,0.30207055043095526,0.041405623419580095,0.041836273064367165,-0.026890988879549837,-0.0707086074749597,-0.09685422568130464,0.028910580635356294,-0.08229408628131549,-0.02519399907873057,1.4445200998649903,1.7556028871376659,-0.3110827872726756,1.829134151575869,1.677018861437313e-05,-0.8082882747261944,-0.37054117858878627,0.10601834229270443,0.5637860082304531,0.6558441558441562,-5.599577390385624,-7.313278008298751,14.346429111741688,0.3958333333333333,0.37777777777777777,0.43826560681171556,51,0.3625,0.606500473335437,0.0,0.0,0.0,1,0.36378678332698033,0.7750686599602208,0.5082543492281211,-3.7858963049477556
sz002876,2024-09-02,1.0,0.33347588862308947,1.027027027027028,0.0,76.34129477168636,207.0,56.7,0.0,0,0,0,0.472,train,0.55,train,1,0,1,1,26.172839506172842,42.419753086419746,0.542406311637067,-0.2958579881656931,-5.276134122287967,-10.601577909270233,1.8737672583826415,-5.7692307692307825,-5,-8,0.07567724799130779,0.34338304066976044,0.07072441571606985,-0.0150763895533466,-0.02361515221428842,0.0,-0.022971883897253444,-0.030134684535002232,0.03136089136931772,1.5444454063871702,1.5721496085617503,-0.02770420217458014,1.8955593972647522,0.0,0.2665985671739007,0.07802825737022805,1.7270194882128498,0.0,0.0,,-5.329593267882194,17.82595646663425,0.4791666666666667,0.43333333333333335,0.5022039222635284,0,,0.0,0.0,0.0,0.0,0,0.4347876184966015,0.055536980635806366,-1.7812312296367927,-0.540959629184945
sz002877,2025-02-17,1.0,0.8703337727885836,0.3846153846153836,0.0,79.60394568485934,36.0,79.5,0.0,0,0,0,0.2938144329896907,train,0.1764705882352941,train,0,0,0,0,2.399127589967298,5.234460196292257,-2.631578947368407,1.6447368421052655,0.0,-6.798245614035081,2.960526315789491,-3.28947368421052,-5,0,-0.15970766102043624,-0.00046153615516791836,0.01341695647157656,-0.031028586598162915,0.020353443257856395,-0.014693830993554601,-0.10942671497435395,0.036883718691335395,-0.06344440107415135,1.4404224612110677,1.3798935445247804,0.06052891668628724,1.646875291654188,0.0,0.11670660284830756,-0.22784565923699804,1.2642533120357176,1.0,1.0,0.9911894273127775,-2.134471718249731,18.627462506518707,0.4791666666666667,0.525,0.7340727081748109,91,0.38513513513513514,0.6534216335540839,0.0,0.0,1.0,1,1.1435176137702951,1.0217929847562202,1.187792000629151,1.957001510204326
sz002877,2025-08-26,2.0,0.5870141959594221,0.6285714285714284,0.0,80.31782443726452,268.0,51.7,0.0,0,0,0,0.2571428571428571,train,0.1388888888888889,train,0,0,0,0,1.5184381778741818,1.5184381778741818,-1.7334777898158182,-3.358613217768147,-3.683640303358615,-1.0834236186348822,1.4084507042253502,-5.95882990249188,-5,0,-0.17442098288425742,-0.17643294234122842,-0.21745319956201248,-0.040081222969427885,0.02783362945486447,-0.012174427636583723,-0.0006731192908577645,0.05208960648336032,-0.055495603233441694,1.3354007245998558,1.3571910385913442,-0.02179031399148834,1.51789543670709,8.231428109647129e-05,-0.3383182604986151,-0.09654727476593515,0.4944128456073395,1.0,1.0,2.2172949002217335,-4.554865424430632,18.065086012879938,0.4375,0.6086956521739131,0.6581189202740527,63,0.3076923076923077,0.5721487082545683,0.0,0.0,0.0,1,3.225495755855423,4.639224571115053,5.427328826967992,5.3957556378260385
sz002881,2024-12-30,1.0,0.267500430032056,0.7708333333333329,2.258726899383978,77.70029613010205,11.0,80.2,0.0,0,1,0,0.7647058823529411,train,0.5208333333333335,train,1,1,1,1,45.114754098360656,139.34426229508196,-2.442201237381958,2.572451970042322,-7.815043959622281,1.790947574080115,9.605991533702362,-14.685770107456865,-5,8,-0.06281051429183655,2.9718699743999144,-0.052677520649446065,0.011733124324438578,0.08303561219679172,-0.09573367030637549,0.017339809914854884,0.0674506481669183,-0.07678172726415612,1.3878439728996248,1.485435071379056,-0.09759109847943126,1.4583554909795033,0.00039802363843067883,-0.07757860954383099,0.1157399539328537,0.8560130855294684,1.0,1.0,2.7628032345013542,-4.627892432770486,15.697140032683723,0.375,0.7755102040816326,0.5769561324296963,38,0.36666666666666664,0.2629746835443038,0.0,1.0,0.0,0,0.8127231149403391,1.380635831841981,1.6647236488730233,0.8382478387937153
sz002882,2024-11-12,1.0,0.8978238119298618,0.9080459770114959,0.4449388209121219,79.34233723823505,461.0,31.1,0.0,1,0,0,0.472,train,0.7241379310344828,train,1,0,0,0,10.000000000000009,10.000000000000009,11.532033426183851,2.5626740947075177,-0.6685236768802283,-4.233983286908072,11.532033426183851,-9.749303621169913,5,8,3.0242974274916383,-0.16010133014187322,0.013552727895321023,0.1566863898059923,-0.007342508101590691,-0.0023724415758616954,0.1616078036211437,-0.05263114477904959,-0.041262349550625924,1.372253310164647,1.381391258121675,-0.009137947957027936,1.6356983844622994,5.435936494303686e-06,0.7772635535139932,0.36069667997998417,7.979221997804696,1.0,1.0,1.2235817575083408,-4.160084254870977,13.367666534353349,0.3958333333333333,0.25,0.7802459482850002,69,0.48507462686567165,0.2971862156180841,0.0,0.0,0.0,1,3.5973586263033708,2.485488027617677,1.0179196936140888,4.409171730520112
sz002884,2025-01-20,1.0,0.41076947543185227,0.5357142857142865,1.3873473917868973,75.53249620944534,227.0,54.0,0.0,1,0,0,0.2938144329896907,train,0.2,train,0,0,0,0,0.05321979776478081,0.05321979776478081,-0.9047365620010517,-4.89622139435869,-3.618946248004251,-4.470463012240556,0.05321979776478081,-5.268759978712067,-5,0,0.0632566878083754,-0.07950535982692003,-0.10649050219821034,0.02334774397867736,-0.016486025613417422,-0.003927292070797669,-0.05862439583173554,0.045301529472612706,0.04346793720655143,1.4705078314481053,1.520110882840907,-0.049603051392801634,1.8925357826858078,0.00044991411715716867,-0.5492664169440997,-0.11960127854289547,0.2909335528907702,0.8933333333333332,0.0,-0.8443271767810012,-3.094378545642096,25.964269590278505,0.3333333333333333,0.7037037037037037,0.7084743673438129,67,0.37383177570093457,0.6644570707070707,0.0,0.0,0.0,1,5.750131869525399,4.322682653989429,2.8787918269190804,6.167500521448233
sz002884,2025-08-15,2.0,0.6582186364203566,0.44318181818181934,0.17391304347826875,78.01492919721755,4.0,94.0,1.0,0,0,0,0.2938144329896907,train,0.0925925925925925,train,0,0,0,0,4.679665738161565,4.679665738161565,0.3820960698689868,-3.3296943231441056,-5.185589519650646,-3.9301310043668103,2.5655021834060987,-5.840611353711789,-5,-8,-0.04249070479302348,-0.10878813249949808,-0.09433830441486547,0.016723210619617367,-0.011506895701159044,-0.09512391300474549,0.07102460868513676,-0.052210474738594095,-0.2533367533272801,1.406747018033825,1.4067345362601236,1.2481773701500387e-05,1.315095911760244,1.7755264942246881e-06,0.152929703443403,0.1603354618985342,1.3610791313662478,1.0,1.0,1.469756924816279,-2.1264994547437355,19.057078147501944,0.2916666666666667,0.6046511627906976,0.7784383046364154,69,0.31,0.8009463722397476,0.0,1.0,0.0,1,4.0854883438233625,3.875545249870238,2.372404025961794,8.580257836577253
sz002885,2025-01-20,1.0,0.259323377859916,0.7580645161290342,1.0517799352750767,77.20150232889027,31.0,76.8,0.0,1,0,0,0.472,train,0.55,train,0,0,0,1,9.64230171073095,39.968895800933126,0.15408320493066618,-2.4653312788906034,-3.852080123266566,4.468412942989208,5.161787365177184,-3.852080123266566,5,0,0.010322363910252614,-0.3258433516230597,-0.1913922205550739,0.05305149992971562,-0.0273445979068975,0.05167950277793736,-0.0007131066801585159,-0.027907075502285123,-0.01655359595915302,1.451400738018163,1.6110791724175761,-0.1596784343994131,1.313178695368401,0.0002637045101240983,-0.2652993410589748,0.05726664929241191,0.5806536327807834,0.15945945945945939,0.0,-19.47401377582969,-20.958819913952066,24.349968274035806,0.3958333333333333,0.3111111111111111,0.5594885993589008,67,0.37383177570093457,0.6644570707070707,0.0,0.0,0.0,1,5.750131869525399,4.322682653989429,2.8787918269190804,6.167500521448233
sz002885,2025-03-19,2.0,0.618781749996595,0.9934210526315802,3.032140691328067,81.2149309687419,152.0,56.3,0.0,0,0,0,0.2938144329896907,train,0.0895522388059701,train,0,0,0,0,-2.001212856276524,-2.001212856276524,-3.2581453634085267,-7.518796992481214,-9.71177944862156,-14.223057644110282,1.2531328320801949,-11.2155388471178,-5,-8,-0.2225739926419364,-0.09516832357049064,-0.11765421871302817,-0.027140197154323455,-0.0026026737369561977,-0.007052006717281136,-0.07009354357746536,-0.0528307926173255,0.021912377363728128,1.4424981067132747,1.5535392098951788,-0.11104110318190408,2.0291687360506354,0.0006638909296496613,-0.3943721984147745,0.10003944290485828,0.4343372610797519,1.0,1.0,0.0,-8.388888888888902,18.31430140574056,0.3333333333333333,0.20408163265306123,0.686684678155832,45,0.3382352941176471,0.30956137582833704,0.0,0.0,0.0,1,-0.03488977005657867,1.0088640892350398,2.1118311971168646,1.4183067902517443
sz002885,2025-10-27,3.0,0.3476334486033845,0.8320000000000022,4.416809605488847,76.69843678053661,11.0,80.0,0.0,0,0,1,0.2571428571428571,valid,0.288135593220339,valid,1,1,1,1,52.11726384364821,52.11726384364821,0.48859934853420217,-0.16286644951140072,8.509771986970694,37.0114006514658,52.11726384364821,-2.280130293159599,5,8,-0.07234487177398609,0.028955367860692936,1.0772144063278748,-0.008367160198313411,-0.07986545728514621,0.2395989024363639,-0.03204546287904936,-0.10873903068675674,0.2038747960901242,1.4285585926515834,1.3885748006649956,0.03998379198658775,1.6142264772251966,0.00011313209128812258,-0.6937391993226883,0.10475045296231965,0.18081933794753208,0.8354307841239107,0.8603122432210352,-6.473724295506489,-8.289768483943249,25.21917123174352,0.5,0.5510204081632653,0.6679884925455323,48,0.42857142857142855,0.6107614852108244,0.0,1.0,0.0,1,3.539053328451569,4.38145149431346,3.9178024882486673,8.050887955586038
sz002890,2025-03-20,1.0,0.2751020927580486,0.7109375000000004,-2.49597423510467,79.39963976159507,82.0,66.6,0.0,0,0,0,0.4677419354838709,train,0.2,train,1,0,0,0,-3.0732860520094496,2.6792750197005555,-3.6006546644844595,-10.801963993453356,-9.57446808510638,-11.374795417348615,0.654664484451728,-12.602291325695592,-5,-8,-0.3540323448512933,-0.2868642338151795,-0.34315813403828577,0.0190892211969571,0.045206813399883417,0.0,0.005756483262198229,0.019625445086236024,0.031004603687755664,1.4407185340408166,1.4090036362989617,0.031714897741854875,1.687338421304348,0.004121492190230438,0.4557009243648407,0.0731411279447382,2.674450480493906,1.0,1.0,2.1739130434782483,-6.691176470588234,15.95006009187439,0.6041666666666666,0.5714285714285714,0.48338662812539074,59,0.3655913978494624,0.4056782334384858,0.0,0.0,0.0,1,1.0547869597550052,1.093080759370224,1.6211482661236065,1.5710222470995738
sz002891,2025-04-07,1.0,0.797061084310606,2.032608695652179,-5.378437576052564,80.79984814246913,8.0,82.0,1.0,0,0,0,0.6666666666666666,train,0.4444444444444444,train,1,0,1,1,62.790697674418624,100.10816657652785,6.648793565683664,12.010723860589835,19.597855227882043,31.957104557640758,31.957104557640758,0.0,5,8,-0.027633171586656635,-0.06243118094470156,0.09036773040673875,-0.0195661206094889,-0.0015859751798988307,-0.00022132900652841673,0.02939439419111071,0.03011249092084579,0.04652025843522087,1.3355139368278974,1.4385286183909658,-0.10301468156306837,1.8636806180435666,0.000641024551823722,-1.0,-0.25189427370774486,0.0,0.0,0.387351778656126,-14.358499305233908,-19.7830802603037,15.015913921278303,0.3541666666666667,0.2222222222222222,0.8221264732429153,20,0.4444444444444444,0.019880088355948247,1.0,0.0,0.0,0,-12.313961756970537,-10.632095360413397,-8.319585513381277,-15.083249334698845
sz002892,2024-12-11,1.0,0.3003614081966493,1.1578947368421086,2.2483392948390524,77.25555962087137,416.0,43.6,0.0,0,0,0,0.3605442176870748,train,0.1764705882352941,train,0,0,0,0,-0.8572869389813276,-0.8572869389813276,-1.5207131620346037,-9.648662821185106,-12.585212375458832,-16.93759832197168,3.0938647089669535,-14.472994231777669,-5,-8,-0.10784049434617564,-0.13988163382698734,-0.08255340369986257,-0.05373951877502577,-0.03648770948695179,-0.022124585434715086,-0.08569570927517599,-0.13757607343314932,-0.032535423080860056,1.5285678251919448,1.575778541042445,-0.047210715850500184,1.562910636735411,0.001967050543923119,0.21204008549012549,0.030471263233067522,1.5382001840081378,1.0,1.0,1.3285641287685168,-6.241134751773048,18.219268237406823,0.4375,0.2857142857142857,0.5548203451654699,132,0.21893491124260356,0.7883765003158559,0.0,0.0,0.0,1,3.907038786227379,2.854699890862289,1.4825889298941242,2.1765870656512254
sz002893,2025-11-21,1.0,0.3738890489782703,0.9047619047619041,-1.920122887864828,72.07115250153961,416.0,31.6,0.0,0,0,0,0.3605442176870748,valid,0.1388888888888889,valid,0,0,0,0,13.484021823850355,13.484021823850355,-0.6901840490797562,-2.7607361963190136,-0.5368098159509116,6.978527607361973,11.656441717791433,-3.527607361963181,5,8,0.027289729825668855,-0.055862150492679424,-0.09497623696121497,-0.004957303916933993,-0.06536706852045432,-0.041565284823944906,-0.01080992275453575,-0.10264031990937672,-0.11037260087569292,1.4505893056405066,1.3398539759032027,0.11073532973730393,1.6317581120374336,1.099286452642697e-05,0.272502880528621,0.17123132068253402,1.749151778708429,0.7664233576642335,0.8620689655172413,-2.433460076045635,-5.4532056005895395,18.50431713567439,0.6041666666666666,0.21739130434782608,0.5551666248611258,25,0.4186046511627907,0.05880503144654088,0.0,0.0,0.0,0,-5.798584672217877,-5.7778123543933635,-3.771109074967871,-6.1522985485811255
sz002898,2025-08-11,1.0,0.2767515931074001,1.5952380952380953,-0.9518143961927406,76.82208316013445,194.0,61.7,0.0,0,0,0,0.472,train,0.2,train,0,0,0,0,4.705882352941182,4.705882352941182,1.9399249061326618,-4.255319148936165,-7.071339173967461,-6.007509386733423,5.819774718397985,-8.197747183979976,5,-8,0.059530448174959234,0.00528449866156473,-0.11885549028018554,-0.0172336216317586,-0.012180956042219054,-0.016126901733887936,0.03486667722010881,-0.07026004938889087,-0.1301517069720085,1.4847886043895244,1.7123058643300204,-0.22751725994049599,1.7474052414071306,0.0,-0.07202291706745215,0.09412851189055228,0.865631758573832,0.8211382113821137,0.9216152019002375,-3.9262343842950687,-7.661520869068039,17.515244088517676,0.4791666666666667,0.24390243902439024,0.42281955570206525,69,0.31683168316831684,0.7315689981096408,0.0,0.0,1.0,1,3.0304493367472984,2.0765534924821694,1.272711590823028,1.9488948187547317
sz002899,2024-11-08,1.0,0.43141662421097254,0.771653543307085,1.7524644030668002,79.32682912854294,131.0,62.3,0.0,1,0,0,0.472,train,0.55,train,1,0,1,1,22.310545839957598,40.540540540540526,7.732226258432817,13.492475350285416,4.774260508562533,-0.8822003113648114,19.771665801764392,-1.2454592631032657,5,8,2.465601178464498,-0.10651527830660597,-0.22986589110448122,0.0850351942066848,0.017826546648420996,-0.039037626801883,0.04530136169665595,0.07884204173607444,-0.11306805457170485,1.3579624181762198,1.5268466147539668,-0.168884196577747,1.5710857004260146,5.646217808413258e-05,0.545202902645571,-0.08599227730771657,3.397565445413068,1.0,0.935064935064935,0.85515766969535,-4.937027707808561,16.94420634248676,0.3125,0.3409090909090909,0.6340255316051429,102,0.44565217391304346,0.3517524471108304,0.0,0.0,0.0,1,8.311475981234384,6.698135164180341,5.501943010425925,9.316044260255607
sz002899,2024-12-19,2.0,0.3645402510145341,1.151898734177214,0.9926629261976627,79.1354785701342,324.0,41.1,0.0,1,0,0,0.472,train,0.575,train,1,0,0,0,10.017271157167528,21.76165803108807,5.155979202772976,-12.00173310225303,-6.932409012131702,-4.7227036395147355,10.398613518197575,-15.077989601386466,5,8,1.8201717587572033,-0.1372453007602169,0.005920263487644247,0.1184002666316593,-0.032269511397983563,-0.00262771450327342,0.11408388759219258,-0.08677070084460682,0.035598883568903096,1.372111334775674,1.4320822470697947,-0.05997091229412077,1.7342645310036264,0.000306506874351418,-0.4444839028520063,0.049568954897449356,0.38457756161295814,0.7868217054263563,0.8776418242491656,-4.534212695795558,-12.669683257918551,19.893673465734544,0.3541666666666667,0.5102040816326531,0.7861570928779379,58,0.3958333333333333,0.37401201391084415,0.0,0.0,0.0,0,-4.359829837405027,-3.253543684756788,-2.0613429578140385,-3.429198264978961
sz002899,2025-06-30,3.0,0.3272169327712345,0.5462184873949592,0.04566210045662267,71.52903821453566,128.0,66.7,0.0,0,0,0,0.3605442176870748,train,0.2,train,0,0,0,0,12.383073496659257,12.383073496659257,2.824360105913515,7.237422771403357,9.841129744042366,6.928508384819065,11.341571050308907,-2.383053839364513,5,8,-0.03260620677612824,-0.06359451466080716,-0.12203192662119042,0.05859623612175287,0.01964958209470813,0.06104271447971576,0.11650308407596463,0.04339272057394825,0.19153539234322317,1.4565972321715641,1.6046993575237958,-0.14810212535223166,1.8148111682886396,7.036447012268552e-05,0.22199163973792654,0.08701590416792908,1.570666463437869,0.6388059701492537,0.8258992805755394,-5.114116652578193,-11.264822134387353,16.599162328263553,0.3333333333333333,0.22448979591836735,0.598942395387854,64,0.2289156626506024,0.6827347195967234,0.0,0.0,1.0,1,4.573029443608401,4.251144801714091,2.0264254536714876,6.709845633022771
sz002900,2024-10-30,1.0,0.45813617894841663,0.4629629629629629,0.0,79.86976527488319,170.0,62.1,0.0,0,0,0,0.8214285714285714,train,0.288135593220339,train,1,1,1,0,26.534653465346537,26.534653465346537,-0.8113590263691739,20.081135902636916,16.531440162271814,12.474645030425968,29.614604462474638,-1.7241379310344862,5,8,-0.04339013700976831,2.8737782639071514,-0.058981514653750934,-0.021191146598976855,-0.05190643690458569,-0.026693182787184893,-0.012989577574640693,-0.08749889562167727,-0.0884964347734884,1.4279529386203573,1.5771587164410976,-0.1492057778207403,1.5900199860123945,0.00020277728868034565,-0.3196695310131892,0.1686061920630122,0.5155309363431922,0.8655462184873948,0.0,-1.5594541910331383,-6.826568265682664,26.8450821305014,0.3541666666666667,0.25,0.8204471407961552,134,0.24719101123595505,0.49414742170199305,0.0,0.0,0.0,1,1.9609954186599055,1.0655595378630478,-2.1081247452153895,-2.439021514691142
sz002902,2024-09-04,1.0,0.6240023065963799,0.6138613861386161,-0.05128205128206442,76.19205800782343,184.0,58.5,0.0,0,0,0,0.2938144329896907,train,0.5208333333333335,train,0,0,0,1,16.05184446660022,38.03589232303093,-0.2023267577137,-8.042488619119881,-5.51340414769853,-9.661102680829536,0.6069802731411222,-9.661102680829536,-5,-8,0.06275473559683932,0.008239478748438802,-0.03780050981667418,-0.032831224649907856,-0.03147616756871143,-0.0022378668540929433,-0.15896148618186537,-0.11401839829583861,-0.03275259038889079,1.464212425860765,1.6186448909145712,-0.15443246505380626,1.6263325889521285,0.00017827780260118393,0.5433758221831521,-0.04246449215188656,3.379969561756759,0.0,0.0,,-2.9980657640232167,14.405402759177809,0.25,0.5,0.6123607946353997,33,0.3125,0.22461246440999683,0.0,0.0,0.0,0,1.7944010961872259,1.8238897666155829,-1.0445989947468703,1.5142052937797024
sz002902,2024-11-04,2.0,0.35798758540539,0.3614457831325288,-2.899159663865547,70.40643022537792,49.0,78.7,0.0,0,1,0,0.7647058823529411,train,0.575,train,1,0,0,0,14.563508481588737,14.563508481588737,2.921535893155247,10.684474123539234,13.93989983305508,-6.552587646076791,15.567612687813014,-1.5025041736226985,5,8,-0.10473377207515212,2.012064809402634,0.07166365911333746,-0.001995190030662759,0.34684321783760375,-0.032182646477989144,-0.026463399644887534,0.32829371388601986,-0.034565786816054954,1.397774086115548,1.453289173793319,-0.0555150876777708,1.7254160965257428,0.0043742063760958145,-0.26315405142014836,0.07167493940735836,0.583338150838708,0.7104591836734694,0.7104591836734694,-8.58547655068078,-12.109090909090902,14.017180193184938,0.4583333333333333,0.3877551020408163,0.48060477908552796,133,0.23563218390804597,0.7985452245414295,0.0,0.0,0.0,1,-0.4764170039836757,0.7680208727800952,-0.48925914107991186,-1.935016450452598
sz002902,2025-03-27,3.0,0.5133248389401933,0.6831683168316833,-0.2557544757033292,75.96489899705591,162.0,54.8,0.0,0,0,0,0.1929824561403508,train,0.0925925925925925,train,0,0,0,0,-0.05099439061702071,-0.05099439061702071,-1.7525773195876337,-1.3402061855670055,-3.5051546391752564,-13.40206185567009,1.030927835051565,-4.072164948453604,-5,-8,-0.43021539586064594,-0.5507943723836336,0.0790702102419131,-0.04780391523865628,0.01727276647731109,-0.017360908141645343,-0.12124115571275852,0.033173206951158385,-0.09485478295306116,1.5147058555536819,1.7505225810423537,-0.23581672548867183,1.6618177927289814,0.0,0.2692540527022256,0.3034399304763033,1.7369293081895294,0.2737430167597758,0.13344051446945313,-8.663251047973919,-8.278765201122539,18.974381366754795,0.375,0.6829268292682927,0.6943843200680289,45,0.36619718309859156,0.3227129337539432,0.0,0.0,0.0,0,-3.1567548612848717,-1.681400067289529,-1.0711996940471646,-2.4970999286783035
sz002908,2024-10-30,1.0,0.8138476820963908,0.42222222222222405,-0.9988901220865709,78.1163184969619,57.0,74.9,0.0,0,0,0,0.2938144329896907,train,0.288135593220339,train,1,0,0,0,18.551042810098807,24.47859495060374,0.7777777777777883,-2.2222222222222143,0.5555555555555536,13.222222222222225,20.000000000000018,-5.333333333333334,-5,8,-0.2549825644931412,-0.25396159824765774,-0.2829464191147809,-0.022853038003328472,0.0,-0.002357211091916341,-0.0578468082246137,0.06595974096860778,0.012487346873314311,1.5037613896925097,1.6516212247744655,-0.14785983508195577,1.6575763514480113,0.0,-0.5614022492476757,0.28852141238581,0.28089990965726624,0.25735294117647045,0.0,-9.980237154150196,-11.381322957198448,15.448522360753717,0.3333333333333333,0.3888888888888889,0.708808612137692,134,0.24719101123595505,0.49414742170199305,0.0,0.0,0.0,1,1.9609954186599055,1.0655595378630478,-2.1081247452153895,-2.439021514691142
sz002909,2025-08-21,1.0,0.418828454917111,0.6216216216216202,0.708215297450443,76.31026315312631,102.0,62.5,0.0,0,0,0,0.2938144329896907,train,0.1764705882352941,train,1,0,0,0,6.536856745479835,6.536856745479835,-2.892561983471076,-4.1322314049586755,1.1019283746556585,-9.917355371900827,5.509641873278248,-4.820936639118456,5,-8,-0.04135721319487027,-0.08290932686560722,0.07822360915413466,-0.016488161468742418,-0.006472381543329153,-0.02920769994151745,-0.023080074524978518,4.2493268174201624e-05,-0.030862993615476488,1.5085911424549237,1.51239889129564,-0.0038077488407164406,1.6063338126578421,0.0001489540851409877,-0.19870675944875063,0.12045995599082493,0.6684647719178126,1.0,1.0,1.8413597733711207,-3.6193029490616535,16.35626626772468,0.4166666666666667,0.4897959183673469,0.5500967145097644,39,0.4507042253521127,0.46990230066183425,0.0,0.0,0.0,1,3.9684067376312138,4.2663462152485065,2.7497960792828957,5.094232984893354
sz002910,2025-01-02,1.0,11.603522229046327,1.800000000000002,-20.68965517241378,84.02497446392336,74.0,61.0,0.0,0,0,0,0.2938144329896907,train,0.1388888888888889,train,0,0,0,1,7.5880758807588045,96.07046070460706,-7.055630936227953,-5.834464043419263,0.6784260515603879,-2.985074626865669,5.427408412483037,-12.483039348710989,-5,-8,-0.12075735543971687,-0.013589493253632668,0.006668660990011602,0.04694132582247368,0.0,0.0,-0.0007778080965960387,-0.023558802016098793,0.0027430601586873817,3.281120833242231,1.4140349948177753,1.8670858384244555,14.154321098532186,0.0006075198543868275,0.6250891418843871,0.2818254918201718,4.33460143046391,0.0,0.0,,-10.869565217391298,17.07534868723728,0.4166666666666667,0.6060606060606061,0.9610620351232624,0,,0.0,0.0,0.0,0.0,0,-4.882902428485824,-5.042070778382213,-4.145742010966358,-6.398676052652618
sz002910,2025-04-18,2.0,0.4946845301573955,0.5700000000000003,-0.8620689655172376,85.10354442563695,490.0,31.0,0.0,0,0,0,0.3605442176870748,train,0.1764705882352941,train,1,0,0,0,13.906581740976653,13.906581740976653,6.209150326797386,5.228758169934644,-7.516339869281041,-2.3965141612200314,16.884531590413943,-7.516339869281041,5,8,-0.10901845076833955,-0.5109232150724786,-0.3049879660308047,0.03945884978806478,-0.1604435437061098,-0.02318703163101525,0.10547417054099183,-0.2961695495787385,-0.044486141507130234,1.3947249303059683,1.537197031824417,-0.1424721015184487,1.5896057474018546,1.950525411073527e-05,0.323302056551835,0.18042448221060695,1.9555284146555116,1.0,0.3803986710963455,0.4264392324093702,-5.705705705705711,27.7029534886357,0.5,0.5,0.7316575950814654,53,0.35365853658536583,0.4423076923076923,0.0,0.0,1.0,0,-0.5202955292662459,-0.36904721293091747,0.586753819813679,-0.6437184296144149
sz002910,2025-04-24,3.0,0.7927424138181238,0.7868852459016408,-5.590062111801252,79.7672381191942,33.0,76.7,0.0,0,0,0,0.472,train,0.0895522388059701,train,0,0,0,0,5.263157894736836,5.701754385964919,-3.74149659863946,-4.081632653061218,-0.11337868480725266,1.3605442176870763,4.308390022675734,-7.936507936507953,-5,0,-0.3049879660308047,-0.20301661181932315,-0.12480167605420031,-0.02318703163101525,0.010413808347277599,0.00017802890787647395,-0.044486141507130234,-0.011656220515172878,-0.055939041343056266,1.3360560328357616,1.5911523920800843,-0.2550963592443227,2.224804447523679,0.0003754206839430741,-0.4614444834524307,-0.49315517711770135,0.3685090488523501,0.4448275862068962,0.31810490693739407,-15.004659832246048,-15.004659832246048,39.96700787449014,0.14583333333333334,0.13513513513513514,0.8442260990706911,46,0.4025974025974026,0.3273415326395459,0.0,0.0,0.0,0,1.385612031747785,0.8794134904009931,0.32170163045277533,1.4187780192588262
sz002913,2025-01-09,1.0,0.6231092001246422,0.5333333333333334,0.2712477396021651,82.20228444218488,1.0,92.3,1.0,0,0,0,0.4677419354838709,train,0.5208333333333335,train,1,0,1,1,28.540587219343692,36.485319516407586,-4.675324675324688,7.3593073593073655,3.463203463203457,8.051948051948044,11.645021645021636,-6.796536796536801,-5,8,-0.2026606975685111,-0.004179876851647094,-0.09454776984098051,-0.005405916838485241,0.002409337923213378,0.024596649544981797,0.011172290737738613,0.06958452994634493,0.06525480775743644,1.5127253647543895,1.5156000992724399,-0.002874734518050426,1.764375476944455,2.972849440864922e-05,-0.6321827956899542,-0.10559627632033536,0.2253529477711243,0.0,0.0,,-4.612850082372322,36.20274388124835,0.375,0.5128205128205128,0.8571142352069491,77,0.21428571428571427,0.4326801517067004,1.0,1.0,0.0,0,-2.144341754973922,-1.6089801297821338,-1.0605682888513712,-2.416088158163321
sz002913,2025-07-18,2.0,0.767229583258586,0.969696969696972,0.31347962382444194,82.5572896621892,438.0,35.9,0.0,0,0,1,0.2938144329896907,train,0.2,train,0,0,1,0,27.283040272263204,27.283040272263204,-0.5131128848346656,-2.9076396807297455,-0.9977194982896287,12.485746864310165,17.64538198403651,-3.9908779931584926,5,8,0.020360666944926564,0.08258415530377211,0.09688418220050087,-0.06283648324183336,-0.004820170729076447,0.06924245456101025,-0.05779296389628858,-0.1320484005836198,0.04354978191804599,1.5015448164560314,1.447866809644035,0.053678006811996415,1.9500536631581558,1.5550073074930457e-05,0.388348528868722,0.4240006171342506,2.269836000395628,0.9968895800933121,0.9983766233766231,-0.05668934240363743,-5.164066702528247,22.32165017816954,0.4791666666666667,0.574468085106383,0.6770744407150969,40,0.3442622950819672,0.4968454258675079,0.0,0.0,1.0,1,1.4080327533097847,1.203427086378439,1.089506917767169,3.174088241168227
sz002915,2025-08-08,1.0,0.38555078163713147,1.260536398467433,0.07443245254930009,81.56181952175864,46.0,73.2,0.0,1,1,0,0.472,train,0.4444444444444444,train,1,0,1,0,25.29568866844716,25.29568866844716,3.6304816678648377,8.554996405463688,12.22142343637671,0.5751258087706601,18.044572250179748,-7.764198418404023,-5,8,0.4830968371463379,0.27929052010182476,-0.053302696912678846,0.07007107166546392,0.00986335687461982,-0.004939043032199512,0.03410831675513957,-0.004797303050388991,-0.006885289197987164,1.2926068631405176,1.3108134900702568,-0.018206626929739178,1.5052292477776308,0.0008142201667635505,0.3672569131936637,-0.10554910542389138,2.1608405397120367,0.9209580838323354,0.9341974077766699,-2.4562709341272804,-11.152542372881358,25.482275841259824,0.3958333333333333,0.12244897959183673,0.7526471875906235,51,0.35443037974683544,0.5223833543505675,0.0,0.0,0.0,1,2.5134338319687144,1.7752281456705932,1.2340118639820208,0.4879044709205971
sz002919,2025-05-30,1.0,0.5171000977582421,1.0175438596491224,0.0,86.14441003894292,95.0,61.7,0.0,0,0,0,0.2938144329896907,train,0.2,train,0,0,0,0,6.670784434836308,8.091414453366275,1.1692307692307669,2.8307692307692367,2.092307692307682,3.076923076923066,6.276923076923069,0.0,5,0,-0.25788825747101485,-0.1844593500361693,0.16689388303812025,-0.019689716115523163,0.05294752055930348,-0.04215313620882419,0.008845731156292572,0.05690132660884629,-0.04929610968360683,1.349618658834844,1.5999807520687197,-0.2503620932338757,1.4225228112920245,5.064754592258419e-06,0.19609128416411398,0.25133339026993534,1.4878446527606626,1.0,0.28324697754749584,1.5683814303638854,-6.685878962536018,18.765429055704537,0.4166666666666667,0.5454545454545454,0.6841882518968786,36,0.3684210526315789,0.2266835282959216,0.0,0.0,0.0,0,0.6158113548460964,0.3189202361715271,-1.0829168399006162,-1.4005150929822352
sz002919,2025-10-13,2.0,0.7415118848879949,0.4222222222222218,-3.8461538461538547,72.23319476098362,421.0,32.8,0.0,0,0,0,0.3461538461538461,valid,0.0925925925925925,valid,0,0,0,1,19.249394673123476,47.09443099273609,3.294117647058825,2.941176470588225,3.7647058823529367,5.41176470588236,9.000000000000007,0.0,5,8,-0.017987796372652257,-0.02245573554112189,-0.1041175460183327,0.01689120806394459,-0.026388698927904596,-0.00021847509018343132,-0.017616532362918862,-0.05117908435905737,0.04701809465353418,1.4913537740396214,1.3329006241064778,0.15845314993314363,1.9177585248789195,1.7882624173931507e-05,-0.09413790838469266,-0.07475046554512237,0.8279231390059939,0.9441860465116274,0.8864628820960693,-0.7211538461538547,-2.2485207100591653,13.988742823056372,0.5833333333333334,0.5384615384615384,0.6181498644558008,50,0.2857142857142857,0.27539432176656153,0.0,0.0,0.0,1,1.6515407032458462,1.873413338547425,0.9654797760735967,-2.3089611175829305
sz002920,2024-09-09,1.0,0.3280310247091666,0.7418032786885232,-9.520871889779981,72.70434966165567,381.0,37.6,0.0,1,1,0,0.7647058823529411,train,0.5208333333333335,train,1,0,1,1,56.84517140936589,61.886623347524086,2.4174594292109886,0.8729714605484107,4.980414101846664,10.576385002797984,12.232792389479584,-0.36933407946277974,5,8,0.05441871690965512,0.21569028847145152,0.05397631636141343,0.008904868595007354,0.021063068960527506,-0.052533518808277946,0.017129059319938838,0.009293583164806933,-0.011609507830008805,1.4067086815989334,1.3980144527644376,0.008694228834495776,1.5724857951020494,6.680401255886757e-05,0.7372250111080413,0.05091330244634745,6.611074434569991,0.0,0.0,,-12.085098000590955,16.937100514936922,0.3958333333333333,0.3877551020408163,0.5790199881724628,45,0.27419354838709675,0.35811452072129074,0.0,0.0,0.0,0,-1.2572050238339072,-0.8730507966424161,-2.207018598099675,0.13586649766528236
sz002921,2025-07-23,1.0,0.5609429359371003,1.2446808510638303,-0.31746031746032743,79.21315314544962,360.0,37.3,0.0,0,0,0,0.3605442176870748,train,0.2,train,1,0,1,0,27.33202870189171,27.33202870189171,1.17647058823529,3.790849673202623,0.13071895424836555,20.915032679738555,27.58169934640522,-1.176470588235301,5,8,0.03925234994498849,-0.0018809501078769367,0.03852285303871893,-0.0629765943840457,-0.0010329339476380158,-0.07793327285735485,-0.09803696932629381,0.07632868942399795,-0.06438219722088499,1.4465153527568946,1.5184036515637107,-0.07188829880681613,1.7692201653352584,2.5443411741577624e-06,0.12782936436355183,0.43101056199946847,1.2931292550803914,0.6842105263157895,0.7806788511749344,-5.194805194805207,-9.664113140836761,18.097175701693256,0.375,0.35,0.7027680458601235,45,0.5631067961165048,0.22043519394512773,0.0,0.0,0.0,1,2.246295029930856,2.984164697213476,2.8091072725833888,3.6085108642108343
sz002923,2025-04-08,1.0,0.7574815963362053,0.9444444444444441,-10.011441647597252,92.71998501546702,110.0,68.4,0.0,0,0,0,0.472,train,0.0,train,0,0,0,0,-1.13924050632912,-1.13924050632912,-5.263157894736836,-6.595602931379085,-4.1305796135909345,-17.52165223184543,4.063957361758819,-11.259160559626913,-5,-8,-1.6191235678602207,-0.1872785711752355,-0.020010480555279642,-0.15344587819302455,0.0018215737806483586,-0.007163577355861883,-0.15232756207918127,0.011916727042169502,0.0159053856026439,1.2927133410716365,1.3902849759681988,-0.09757163489656229,1.1646676254804216,0.0012180687174915945,0.9211254963445803,-0.9144733677270368,24.356736426988277,0.6283367556468172,0.6515880654475457,-18.64057672502575,-19.22290388548057,440.3928063662867,0.0625,0.08695652173913043,1.0,106,0.20300751879699247,0.41028066855881423,0.0,0.0,0.0,0,-11.187878462006717,-9.062457380340906,-6.0851042943472216,-12.520157948474264
sz002925,2025-03-11,1.0,0.5625300010432369,0.363636363636363,0.06176652254477055,80.75586685891749,75.0,71.3,0.0,1,0,0,0.3605442176870748,train,0.2,train,0,0,0,0,6.099706744868039,6.099706744868039,1.5725101921956863,0.29120559114732547,-2.213162492719878,-9.435061153174152,5.358182877111228,-3.3197437390797946,5,-8,0.017585345420087887,-0.10142875541555858,-0.3525942900688935,0.04337059740891252,-0.01596162291533618,-0.08541555468095498,0.0993416004468437,-0.027710153478284125,-0.13248235426126703,1.4204893037350685,1.4710521711434228,-0.05056286740835425,1.636255221680226,0.00015863425142771797,-0.04238914576431066,-0.08793911531864045,0.9186692495090599,1.0,1.0,5.3119209388511335,-3.18001135718341,22.199333024344035,0.4166666666666667,0.4444444444444444,0.6607082537524687,49,0.2898550724637681,0.5920554854981085,0.0,0.0,0.0,1,3.0531262470748333,1.8078593038683977,1.446375969159841,0.6370502826314572
sz002927,2024-09-11,1.0,0.33892526074899704,0.7377049180327864,-1.0536398467432928,81.50648505171222,30.0,72.5,0.0,0,0,0,0.3605442176870748,train,0.5208333333333335,train,0,0,1,1,26.42924086223055,30.459231490159322,-0.37523452157599557,-4.690431519699811,-4.596622889305813,6.285178236397737,7.504690431519712,-6.660412757973743,-5,0,-0.11626689315108343,-0.11911865743433168,-0.071563667730042,-0.0025229166476323874,0.0,0.0,-0.048145935213908087,-0.2499412836638735,0.013318451580371609,1.6781404875441188,1.6434428729813106,0.03469761456280818,1.5424144501617605,0.0014433744169135506,-0.3129231481760247,0.20729979609260832,0.5233184080717103,0.0,0.0,,-4.046762589928054,30.299052362038264,0.3333333333333333,0.6956521739130435,0.7710957283658951,26,0.3333333333333333,0.2649383496680367,0.0,0.0,0.0,0,-1.4231240926122934,-1.4658875743002509,-2.030493595204852,0.23722541463793156
sz002928,2025-07-23,1.0,0.330606468001594,0.9361702127659551,2.9308323563892236,79.47936112674232,60.0,65.4,0.0,0,0,0,0.3605442176870748,train,0.0925925925925925,train,0,0,0,0,3.745743473325769,13.62088535754824,-0.22675736961450532,-3.0612244897959107,-2.947845804988658,-3.6281179138322073,1.9274376417233618,-4.53514739229025,-5,0,-0.5853121986664825,-0.2733038197816564,0.16197746294137091,0.029431679670313526,-0.1817621065022655,-0.07320084036570756,-0.023284767182746087,-0.2559193476467739,-0.1324435298558086,1.495698760052607,1.4525004072734478,0.04319835277915929,1.7060315161376918,0.00011365120974220302,-0.4263514620167105,0.17106753756924076,0.40217895326598607,0.9642857142857151,0.9329268292682931,-0.33936651583709176,-5.2688172043010795,30.965480265047006,0.4791666666666667,0.3541666666666667,0.5868127429945591,45,0.5631067961165048,0.22043519394512773,0.0,0.0,0.0,1,2.246295029930856,2.984164697213476,2.8091072725833888,3.6085108642108343
sz002930,2025-04-17,1.0,0.5535709561889649,0.5660377358490567,-0.20682523267838704,75.978908746042,5.0,89.4,1.0,0,0,0,0.2938144329896907,train,0.2,train,0,0,0,0,6.3508064516129,23.38709677419355,-0.917431192660545,2.4464831804281273,-0.917431192660545,-5.91233435270132,4.791029561671745,-1.6309887869520923,-5,0,-0.16904683893179773,-0.07981441557334273,-0.1363009174164296,-0.013951941183290158,-0.012588034926674905,-0.037892230975782065,-0.08963719812049277,-0.027515497386833822,-0.10554443484846239,1.4842095248709937,1.3528118766640902,0.13139764820690347,1.5574014878138023,6.045285934735825e-05,-0.25125404748805313,0.18306608196307259,0.5983964279796632,0.1798561151079136,0.2191780821917809,-10.307414104882461,-12.752858399296386,51.35390097844236,0.5416666666666666,0.4117647058823529,0.6759582106388713,78,0.25,0.5872715816005041,1.0,0.0,0.0,0,0.9504328685411512,0.23350918385764974,0.9934633607408871,0.43402684601896446
sz002930,2025-11-25,2.0,0.5946375800010376,0.46969696969696767,-0.18248175182482562,76.05991808169102,313.0,50.0,0.0,0,0,0,0.3605442176870748,valid,0.2444444444444444,valid,0,0,0,0,9.050966608084355,9.050966608084355,1.938325991189438,2.2026431718061623,2.7312775330396555,6.872246696035256,8.546255506607924,-0.9691629955947079,5,8,-0.20363799166631008,-0.2520311092653713,-0.07022539377573052,0.011857528730962708,0.08128572527691393,-0.01767542998637759,0.1948012608462805,-0.002859364635114923,-0.006525110253195857,1.4707248878193024,1.6231787737527235,-0.15245388593342102,1.678202949942803,9.1260395374048e-05,-0.28173971025525774,-0.015971107159865713,0.5603792127199532,1.0,0.5492957746478876,0.17605633802817433,-2.6518391787852758,18.51437272613223,0.2708333333333333,0.4523809523809524,0.7490389440318158,67,0.2872340425531915,0.7648725212464589,0.0,0.0,0.0,0,-2.6604581218940826,-2.7466608388713842,-1.702819986056625,-2.876499941548649
sz002931,2025-04-29,1.0,0.5722436949702354,0.5154639175257738,1.2353304508956109,79.05105535906203,13.0,84.1,0.0,0,0,0,0.2938144329896907,train,0.2444444444444444,train,1,0,0,0,0.8303677342823335,0.8303677342823335,-4.901374775851764,-6.037059175134485,-7.830245068738795,-4.901374775851764,1.6138673042438656,-8.547519426180516,-5,-8,-0.07182394084354554,-0.022156783888144006,-0.009555938751041586,-0.15550211740548034,-0.019288813930549133,0.0,-0.24996217496897558,-0.16797592291991245,-0.15432415744430145,1.7520482894597098,1.6009124569011388,0.151135832558571,2.0427965799346257,0.0,0.2444808351763292,-0.12119837909264103,1.6471863231514137,0.4721311475409836,0.41982507288629706,-8.716838115863556,-11.02902374670185,29.838604513070994,0.5208333333333334,0.3235294117647059,0.5273805434864596,53,0.345679012345679,0.614308426073132,1.0,0.0,0.0,1,-0.7720404928146074,-0.34321804186152605,-0.23455634561134753,0.18201839163072275
sz002933,2025-06-03,1.0,0.4113142071571052,0.8101851851851865,0.8219178082191636,78.67152134834015,311.0,47.9,0.0,0,0,0,0.2938144329896907,train,0.4,train,0,0,0,0,8.747396608152336,10.62183873847069,0.2389486260454099,-0.44802867383512135,-1.4038231780167276,-3.823178016726392,2.38948626045401,-2.927120669056149,-5,0,-0.1257508266970406,-0.23303643900107668,-0.0943793868155209,-0.03525183265749604,-0.02794670011189571,-0.025557004357014773,-0.003168659401211493,-0.07962541851256011,-0.13805257548091623,1.4880878368779735,1.5241698709707607,-0.03608203409278721,1.685065729977366,0.002579437949061029,0.1495720807134859,0.3416899241700803,1.3517572208564668,0.2297979797979793,0.4922027290448343,-8.319694489907247,-10.373333333333335,22.5711400962358,0.5416666666666666,0.5609756097560976,0.662811119495302,60,0.3333333333333333,0.6031042128603105,0.0,0.0,1.0,0,0.6842289528235179,0.44761927893355313,-0.20968332300242976,-0.12757456182587168
sz002942,2025-06-09,1.0,0.4697641767087647,0.458904109589042,0.0,78.41625587704358,92.0,72.0,0.0,0,0,0,0.3605442176870748,train,0.2444444444444444,train,1,0,0,0,5.199781061850017,25.779967159277504,0.6674082313681939,-0.16685205784204848,-1.5572858731924377,-5.506117908787555,2.836484983314791,-2.725250278086777,-5,0,-0.012067306177771816,0.00016583856898211727,0.07041808166580184,0.01392879537760509,0.0,0.0,0.014906526608432143,0.010334193404433745,-0.06311202754486095,1.524839302002114,1.3466693642922543,0.17816993770985978,1.6966982046451446,0.00013413795115937833,-0.27056772386624667,0.28284738045966246,0.5740994851609665,1.0,1.0,4.221334854535064,-3.537486800422396,24.20805479463273,0.5208333333333334,0.4166666666666667,0.5325220234160635,58,0.3176470588235294,0.7239089184060721,0.0,0.0,0.0,1,3.192590639141213,2.3731314446476137,1.1721582571970979,3.4167981269400682
sz002951,2025-07-17,1.0,0.2988744805443845,1.4814814814814796,-1.7589239524055889,80.32669872950527,157.0,64.1,0.0,0,0,0,0.472,train,0.2,train,1,0,0,0,4.3382756727073035,9.170785282811632,-2.882483370288247,-7.705099778270519,-6.707317073170738,-10.753880266075377,5.3215077605321515,-9.368070953436792,5,-8,-0.20097418044845441,-0.008417980503194046,-0.08509207516478264,-0.027008174340011605,0.021592751570751755,-0.010811354931781578,-0.07011700874413203,-0.007020673054906304,-0.028807972266824623,1.3482519768471906,1.4093723555027067,-0.06112037865551612,1.5120411100132019,0.0003296456210233187,0.7986665684810823,0.14549180994095487,8.933769989968487,0.848648648648649,0.9061190276613581,-5.794102431453685,-11.644832605531285,26.726767523317505,0.3333333333333333,0.22448979591836735,0.7186579295452477,52,0.36585365853658536,0.591167192429022,0.0,0.0,0.0,1,2.0151757703270823,1.6615921928120114,0.6101384472906979,3.6422235469832476
sz002952,2024-10-21,1.0,0.39377203405275674,0.6715328467153266,0.48076923076922906,73.75419157323577,139.0,68.3,0.0,0,1,1,0.8214285714285714,train,0.575,train,1,0,0,0,18.605562083822957,18.605562083822957,-1.2213740458015265,5.076335877862603,13.54961832061068,1.9465648854961826,15.572519083969482,-5.114503816793892,-5,8,-0.17415721224922018,1.9810105313473008,0.01059711713960146,0.008305490005208374,0.3029378572049423,0.014406186912754729,0.021351309409689077,0.305480398597484,0.008880884426515292,1.4040937038182988,1.4549867383349548,-0.050893034516656055,1.86010888992013,0.0005785375634462552,0.6146662738016648,0.12969094685596996,4.190306126930036,0.743380855397149,0.0,,-6.72268907563025,17.93632240168481,0.3541666666666667,0.32653061224489793,0.6589015613855218,99,0.32653061224489793,0.5778339122197663,0.0,0.0,0.0,1,4.35942706416943,1.713077371462579,-0.6600035381945313,2.548590681185847
sz002953,2024-12-10,1.0,0.415788625433365,0.6545454545454548,1.9895287958115127,78.30087001994515,380.0,40.0,0.0,0,1,0,0.8214285714285714,train,0.7241379310344828,train,1,1,1,1,74.79674796747966,74.79674796747966,2.244897959183656,23.673469387755077,49.59183673469387,17.244897959183668,75.51020408163262,-1.224489795918382,5,8,-0.07526819548212131,4.172596883605677,1.0099391884263773,-0.026794901916318812,0.43012955478689885,-0.0014046898762021807,-0.03323963032299036,0.24918926069994804,-0.022482183875759537,1.2780154044724934,1.5045823628752533,-0.22656695840275987,1.2869867314151133,0.003665220051452921,-0.15806838102691315,-0.009127775622159924,0.7270137349113244,1.0,1.0,3.03664921465967,-3.529411764705881,13.266889102842175,0.1875,0.391304347826087,0.8476787401365528,95,0.4378698224852071,0.4913112164296998,0.0,0.0,0.0,1,0.9319677872892562,1.0109875208708985,1.1069560821917346,0.8262040332601472
sz002953,2025-08-25,2.0,0.5178978533629798,0.47126436781609254,-4.595185995623641,73.85846424857137,54.0,74.1,0.0,1,0,0,0.472,train,0.288135593220339,train,1,0,0,0,19.645494830132936,19.645494830132936,12.207987942727971,10.324039186134137,15.825169555388086,-1.0550113036925324,22.07987942727958,-3.7678975131876458,5,8,0.7217535869383196,-0.09222487262067763,0.012449602234483083,0.1038562836349615,-0.013476364333169445,-0.03672945042488222,0.11012844646279457,-0.054387420757143895,-0.06491650819479387,1.4588632460095814,1.4024872585419823,0.05637598746759909,1.8742083644842278,0.0005482913302101364,0.3090397287797011,0.4143593406429306,1.8945224252442439,0.8996960486322187,0.9195121951219511,-2.3792357606344683,-10.921052631578954,19.55653034329806,0.4375,0.6122448979591837,0.6432672454958244,65,0.39814814814814814,0.6373660995589162,0.0,0.0,0.0,1,3.3177592058186933,4.254882364622659,5.420779412241661,6.0159884779452
sz002956,2025-04-10,1.0,0.38762478918171095,0.7450980392156881,1.1461318051575908,75.82364601850395,23.0,87.0,0.0,0,0,0,0.4677419354838709,train,0.4,train,0,0,1,1,24.62142456533931,42.120022434099845,1.8028169014084439,5.408450704225354,5.577464788732378,6.985915492957728,11.99999999999999,-1.4084507042253502,5,8,-0.03479952776053725,-0.03997487734559504,-0.0715873916922995,0.02775068110078996,0.03520681115375152,-0.00949983616874482,-0.029184243539171675,0.03177954381810207,-0.013670358057851563,1.2663067487825634,1.3177326077534277,-0.05142585897086427,1.470429418719911,2.5638122290282268e-05,0.04823025054148248,-0.00417563922610669,1.1013485679050459,1.0,1.0,2.177650429799427,-4.088219472834864,13.839694275098495,0.4375,0.5384615384615384,0.5903936228880746,132,0.3160621761658031,0.9026465028355387,0.0,0.0,0.0,0,-7.848464550570244,-6.018252148023273,-3.8428391948091223,-9.697566074716402
sz002956,2025-11-14,2.0,0.27491159496262785,0.841530054644809,-0.5241935483870974,75.11978145068223,136.0,60.9,0.0,0,0,0,0.3605442176870748,valid,0.1388888888888889,valid,0,0,0,0,5.769230769230771,14.022435897435903,3.4054487179487003,3.084935897435903,-2.644230769230771,3.4054487179487003,5.769230769230771,-3.165064102564097,5,0,0.22525555669531294,-0.034468375888691054,0.47821832599039915,-0.034887490830387224,0.0,-0.028705088108338866,-0.0241045784359808,0.006252787672255311,-0.09330499979479064,1.417912812616396,1.589568699379371,-0.17165588676297494,1.7521464270780942,6.221714743220081e-07,0.07598138684256185,-0.11751082986788873,1.1644585634112454,1.0,1.0,0.6451612903225712,-5.811320754716975,14.792992494189663,0.2916666666666667,0.3,0.5631127168636243,62,0.3333333333333333,0.38345391632588866,0.0,0.0,0.0,1,-0.5187209339636567,-1.261602420160457,-1.0826421438821954,-3.0141053611369095
sz002961,2025-06-06,1.0,0.35939837958058307,1.1134020618556693,-1.983471074380161,73.1978316478992,462.0,33.7,0.0,1,0,0,0.8214285714285714,train,0.575,train,1,0,1,1,28.2239819004525,46.38009049773755,8.747178329571103,1.9187358916478603,5.022573363431149,-7.844243792325056,14.390519187358919,-1.241534988713311,5,8,1.937911640882325,-0.08511747191988828,-0.08092732736601918,0.1501574546734357,0.01255646796945308,-0.04447977321556789,0.18709676941687606,0.015578656216838701,-0.0673471045275691,1.4236473388005062,1.3491889986586607,0.07445834014184549,1.7156226759474897,0.00032304895362541934,0.527685298671295,0.23433239077272436,3.2344648480634737,0.864161849710983,0.8929384965831437,-2.5895316804407598,-8.865979381443289,15.241567349198096,0.5625,0.25,0.4517308165761578,45,0.3918918918918919,0.4988934555801454,0.0,0.0,0.0,1,1.0389357370555352,0.7372091390037694,0.39609974323475683,1.33597297197654
sz002963,2025-02-27,1.0,0.28280139298399354,0.5384615384615403,0.0,73.55897505509334,91.0,65.4,0.0,0,0,0,0.2938144329896907,train,0.0895522388059701,train,0,0,0,0,3.4540859309182936,3.4540859309182936,-2.039082412914195,0.679694137638065,1.274426508071369,2.633814783347499,3.4834324553950635,-2.7187765505522488,0,0,-0.446378924590261,-0.20206296322872674,-0.22456381594655814,-0.0020472438887310183,-0.023727241607679844,0.0,0.02261506151246817,-0.075134842284602,-0.04864556959522241,1.528062460100193,1.5093010910366909,0.01876136906350223,1.5544348067048601,0.002244601492271831,-0.1631063435760554,0.15913146724793714,0.7195332232913922,1.0,1.0,1.8884120171673624,-2.864157119476285,36.92100016849199,0.4375,0.625,0.6159521956658143,68,0.24444444444444444,0.4128787878787879,0.0,0.0,0.0,1,2.60664667923598,1.1991362551681206,0.9982448249646891,1.3895050817677612
sz002963,2025-11-18,2.0,0.5714951244915139,0.6030534351145037,-0.5073280721533235,77.50033214267373,26.0,75.2,0.0,0,0,0,0.2938144329896907,valid,0.2,valid,0,0,0,0,5.032822757111588,5.032822757111588,-1.8052516411378616,-11.32385120350109,-20.29540481400438,-14.551422319474849,5.032822757111588,-27.35229759299782,5,-8,-0.18675281635923244,-0.2791698997505653,-0.13108172274044388,0.015671087737818022,-0.01142184725876512,0.015720835835788018,0.004449608836532633,-0.07692113723546322,0.007889848476331717,1.4400521874118482,1.5019548460984722,-0.061902658686624035,1.7396141803416867,7.749752096328527e-06,-0.2858524410099723,0.19838642412065366,0.5553884226631018,0.6563706563706566,0.8671641791044775,-4.642670839853946,-4.642670839853946,16.73760714351453,0.3958333333333333,0.5789473684210527,0.7476221359985731,38,0.3968253968253968,0.19597357659641396,0.0,0.0,0.0,0,-1.22918537325859,-1.928117807313956,-1.8050239184311145,-2.0768902075250395
sz002969,2025-05-27,1.0,7.832571543234042,0.53125,0.0,77.91219848611343,12.0,89.6,0.0,0,0,1,0.1929824561403508,train,0.4444444444444444,train,1,1,0,0,18.313953488372103,18.313953488372103,-1.1560693641618491,-3.4682080924855474,6.936416184971095,6.069364161849711,17.630057803468226,-4.624277456647407,5,8,-0.0872632259721699,-0.19433928974940246,3.0453195040514838,-0.031777254776944874,0.007508618583347904,0.31425127717509754,-0.061895061896260054,-0.06646366203433687,0.30158229772136724,2.543208603420009,1.4229514996881925,1.1202571037318165,9.233705156622126,0.0,-0.1573493870890462,0.12483338477052557,0.7280866282137846,1.0,0.9387755102040811,0.2915451895043608,-4.709141274238227,17.171261810017853,0.375,0.5116279069767442,0.9660444759439101,56,0.2631578947368421,0.5376344086021505,1.0,0.0,0.0,0,-2.2381439711698814,-1.656786490231088,-1.5077226611816985,-2.7735780076991623
sz002970,2024-12-10,1.0,1.0538165642233086,0.5221518987341761,2.9824561403508865,79.35313395963975,236.0,51.8,0.0,0,0,0,0.1929824561403508,train,0.288135593220339,train,0,0,0,0,5.036880927291887,7.397260273972606,-1.5042372881355903,-2.0762711864406813,-7.309322033898313,-1.3347457627118753,1.2711864406779627,-7.733050847457634,-5,-8,-0.0325496680523258,-0.2064856232850372,-0.09950078447412034,-0.0022261428351624413,0.0033828706719413507,-0.025740996184741016,0.07313396054584817,-0.06272274350382093,-0.09610985882140474,1.4670304123885767,1.3969679846654597,0.070062427723117,1.8822434674596906,1.1787305054447978e-05,-0.17237329394418507,0.17583430655835305,0.7059412819541904,0.6339677891654468,0.79702300405954,-5.099999999999993,-6.3548450759818405,16.076377520796683,0.3541666666666667,0.5,0.7552053778051834,95,0.4378698224852071,0.4913112164296998,0.0,0.0,0.0,1,0.9319677872892562,1.0109875208708985,1.1069560821917346,0.8262040332601472
sz002971,2025-11-06,1.0,0.5214037099271839,0.6296296296296291,0.1315443304393593,74.58492756945252,30.0,78.4,0.0,0,1,1,0.7647058823529411,valid,0.55,valid,0,0,0,0,6.502816180235538,6.502816180235538,-1.8041237113401998,0.6958762886597913,0.8247422680412342,-20.07731958762886,7.2164948453608435,-5.97938144329897,5,-8,-0.10769374108308953,1.261748368743936,0.2695555091119904,0.09180744791439202,0.07456231265270122,0.004778889399804558,0.0015512305435187326,0.15497209836192083,-0.008095960181702317,1.7264749639313937,1.5519845694902639,0.1744903944411298,2.276914274617183,0.002527821746565683,-0.0198343211529832,0.26846956706668407,0.9611028561373394,1.0,1.0,1.8513689700130342,-4.1707556427870385,14.782978919282996,0.4583333333333333,0.5476190476190477,0.45948305060723454,57,0.40625,0.5354107648725213,0.0,0.0,0.0,1,0.8917080004223976,-0.5414224919093491,-0.3504906992934709,-1.1767740961124984
sz002975,2024-12-17,1.0,0.447350163910025,1.0199999999999996,0.08995502248876353,82.38371221494924,36.0,65.2,0.0,0,0,0,0.3605442176870748,train,0.2444444444444444,train,0,0,0,0,13.677264547090573,13.677264547090573,4.3939393939393945,6.333333333333346,-1.3636363636363669,-7.696969696969691,14.848484848484844,-4.545454545454541,5,8,-0.09511806969592328,-0.05142405741047098,-0.040249097445373284,0.016338723733755067,-0.025426595814254452,-0.008914104376204934,0.00847277063842587,-0.07079573331950863,-0.09649307992083972,1.501753948118857,1.8158473340700898,-0.3140933859512327,1.6591000748487608,4.422532351355605e-05,0.13618674895079616,0.2668469540232565,1.3153152577490126,0.4655172413793111,0.602459016393443,-6.923506420993853,-8.907103825136609,18.417699335028033,0.3125,0.6923076923076923,0.6587792689517384,26,0.59375,0.11887448624723364,0.0,0.0,0.0,0,-3.4277900685101614,-2.402013506564493,-1.8420968131513726,-2.7768809094848135
sz002975,2025-05-20,2.0,0.4491763772186389,0.5638766519823795,-0.5332496863237113,76.89369400297932,182.0,60.0,0.0,0,0,0,0.2938144329896907,train,0.1388888888888889,train,0,0,0,0,5.741775294847917,10.67659838609558,-1.0367577756833168,-2.3876845743009634,2.0106817467797633,2.1991831605403744,6.126295947219607,-3.36160854539741,5,0,-0.022758618035602005,-0.11485394253520541,-0.13463769995530897,-0.04079723111210022,0.026420464149271596,0.06397729795591743,-0.07041234915653799,0.06649341763569803,0.0633677307603573,1.5189619447056084,1.672594358350216,-0.15363241364460767,1.832657482518516,4.228652793022491e-05,0.05600211274708379,0.12272926258435657,1.1186488095011586,0.8786008230452669,0.3046638400969108,-1.7982322462663958,-3.820895522388068,24.081184634938733,0.375,0.525,0.6778508517742654,66,0.38317757009345793,0.6663507109004739,0.0,0.0,0.0,1,-0.08117691504897495,-0.5932768574772762,0.04907785502825668,-0.6692751630019256
sz002977,2025-11-27,1.0,0.7041195692532111,0.43059490084985913,-2.451885051410496,79.28911931214625,70.0,67.9,0.0,0,0,0,0.3605442176870748,valid,0.0925925925925925,valid,1,1,0,0,19.152806652806674,19.152806652806674,1.8255033557047051,3.0604026845637566,-1.4765100671140896,9.744966442953018,19.221476510067113,-2.684563758389258,5,8,-0.06929791197205572,0.06539937221646498,-0.18958062746811702,-0.01979294051714254,-0.011759647926697748,0.006647972208093569,-0.013980233596470153,0.0033375443612037358,-0.040498542116052375,1.4822913479098734,1.5753167223628124,-0.09302537445293901,1.7045617607538097,0.00028399191701854854,-0.28929433043244185,-0.02045238342191137,0.5512361706649098,0.9206611570247928,0.7934472934472931,-1.2320328542094527,-8.598574821852745,23.512867928196414,0.3333333333333333,0.28888888888888886,0.7770543375107686,44,0.4358974358974359,0.4925984251968504,0.0,0.0,0.0,0,-1.1301518533333499,-1.567064404324492,-1.085348546006537,-0.363042849311479
sz002979,2024-09-03,1.0,0.6777943950447085,0.620000000000001,0.20294266869609334,78.03573558479965,17.0,88.4,0.0,0,0,1,0.3605442176870748,train,0.575,train,1,0,1,1,38.24101068999028,60.252672497570444,1.5210991167811772,-1.079489695780167,-0.39254170755641526,-7.163886162904798,3.2875368007850847,-3.680078508341511,-5,-8,-0.016330503471763184,-0.04178215702728777,0.04557174912495692,-0.004781471053212666,-0.04854184542051599,0.010795532172274983,-0.020273254183487188,-0.190487110040325,0.027351855079900532,1.4450587532103303,1.4276557812430934,0.017402971967236835,1.636604832431261,0.002908077618490827,-0.5941758465470832,-0.03788238872832252,0.2545667432685764,0.0,0.0,,-2.9245283018867974,17.94490542804685,0.4375,0.5531914893617021,0.7430230216478423,37,0.3508771929824561,0.7169512966476913,0.0,0.0,0.0,0,2.527466039548454,2.251165087263862,-0.9652761848137681,1.6708539545666756
sz002985,2025-04-16,1.0,0.31727228699103294,1.0707964601769928,2.014573510501516,77.55008173743707,52.0,69.7,0.0,1,0,0,0.472,train,0.7241379310344828,train,1,0,1,0,23.73524451939293,23.73524451939293,10.410495133305119,20.44011849344054,13.880660177740168,10.83368599238257,24.20651713922981,-0.6347862886161626,5,8,1.979678800141669,0.08055826013358514,-0.06550710729134736,0.20968459139128917,-0.01117113389684073,-0.01733625020940944,0.2094363359882681,-0.04492660731395043,-0.06390066491482173,1.5226200263597054,1.614095187464866,-0.09147516110516052,1.7783631582320303,0.0003948288106121881,0.3332175280430288,0.3472520776540547,1.999478966701248,0.5410764872521245,0.6086956521739129,-6.393054459352809,-8.593448940269754,31.944411756733018,0.375,0.75,0.6287628437756025,41,0.32786885245901637,0.22078740157480314,0.0,0.0,0.0,0,3.2379158733876645,2.152527874515897,2.33335773574348,2.623469204852613
sz002998,2025-03-26,1.0,0.4492031261586194,0.5800000000000001,0.44709388971684305,78.09225510443385,2.0,96.7,1.0,0,0,0,0.472,train,0.2,train,0,0,0,0,0.8633093525179714,4.748201438848931,-0.7204610951008772,-5.619596541786754,-3.1700288184438152,-12.536023054755042,1.0086455331411948,-7.925072046109516,-5,-8,-0.17545338349199174,-0.0025168130194222547,-0.11781093223979182,0.022728234861400836,0.0,0.0,0.010359958908976213,-0.03851141978963183,0.041401618880848916,1.5005866578367195,1.501572609970677,-0.0009859521339574684,1.8713734648848293,0.0001235086742581283,-0.5501469031312526,-0.11629379322749099,0.29020030034576527,1.0,1.0,1.9061583577712593,-4.005524861878451,14.905727855245107,0.4791666666666667,0.42424242424242425,0.5657422583421443,62,0.30337078651685395,0.652160201829076,1.0,0.0,0.0,0,-3.5000809712380843,-2.506594799005457,-2.264528568379176,-3.7098216943377893
sz002999,2024-12-17,1.0,0.390596617940484,1.5777777777777802,-0.6896551724137945,84.4948938206961,65.0,59.4,0.0,0,0,0,0.3605442176870748,train,0.1764705882352941,train,0,0,0,0,1.434720229555242,1.434720229555242,-2.0467836257309857,-5.555555555555558,-11.257309941520466,-13.450292397660812,3.3625730994152114,-13.450292397660812,-5,-8,-0.38111767544613634,-0.10755327552240009,-0.0730730912317682,-0.06022303337874931,0.016076226080633044,-0.014136971537541556,-0.16560715977127202,-0.08298460300157787,-0.07294047191151083,1.434357099926637,1.7299560317667406,-0.29559893184010355,1.6979886615835065,2.0240245953058033e-05,0.12574371972316903,0.3362951510223091,1.287658716465503,0.6416666666666662,0.7806122448979589,-5.810810810810818,-11.66032953105196,22.243534174721354,0.3541666666666667,0.4358974358974359,0.7055534715267173,26,0.59375,0.11887448624723364,0.0,0.0,0.0,0,-3.4277900685101614,-2.402013506564493,-1.8420968131513726,-2.7768809094848135
sz003001,2025-04-07,1.0,0.4222982380668237,2.368715083798885,-3.6207345662933044,76.9701257831779,290.0,37.5,0.0,0,0,0,0.6666666666666666,train,0.2444444444444444,train,0,0,1,0,23.53111432706223,23.53111432706223,-5.434466724789299,3.7489102005231256,8.369659982563228,11.944202266782922,18.57018308631213,-14.879395524556804,-5,-8,-0.1778685836935638,-0.010103583580064279,-0.06549684187991521,0.053634371178212015,-0.0429431503910396,0.027733448316444892,0.04877441400720859,-0.024129625790308147,-0.005026663697042119,1.3467861065488271,1.542220509880797,-0.19543440333196993,1.7676148369724503,0.0,-1.0,-0.5130082615364792,0.0,0.2672605790645878,0.2618181818181816,-22.219720846465563,-23.188083592707876,30.90683005562663,0.375,0.10638297872340426,0.6501769838887052,20,0.4444444444444444,0.019880088355948247,0.0,0.0,0.0,0,-12.313961756970537,-10.632095360413397,-8.319585513381277,-15.083249334698845
sz003007,2025-03-20,1.0,0.3486320042930833,1.080213903743315,-0.05730659025786622,81.62743348545621,141.0,59.1,0.0,1,0,0,0.8214285714285714,train,0.7241379310344828,train,1,0,0,0,14.398868458274382,14.398868458274382,11.432664756446997,-3.4383954154727725,-7.449856733524363,-10.40114613180515,15.873925501432673,-8.309455587392545,5,8,2.487822728186772,-0.18602823934665322,-0.21492482391820986,0.28797220761252107,-0.049890129977571925,-0.012990404914964178,0.20966112147690727,-0.04662233770715837,0.04170466767275175,1.5729299336992324,1.7469492760986638,-0.1740193423994314,1.6328167906072346,7.494881108626025e-06,-0.453142330531105,-0.05069477999293759,0.37632767140506157,0.6747474747474751,0.8557347670250897,-4.356060606060607,-7.9187288356342815,21.36561124137582,0.3125,0.5510204081632653,0.7523613092092775,59,0.3655913978494624,0.4056782334384858,0.0,0.0,0.0,1,1.0547869597550052,1.093080759370224,1.6211482661236065,1.5710222470995738
sz003007,2025-05-15,2.0,0.36622491515884825,1.2832369942196522,-0.3072721065209949,81.57464180539891,481.0,29.4,0.0,0,0,0,0.3461538461538461,train,0.2,train,0,0,0,0,8.634330925352597,9.115927072583418,0.2769124264451417,3.219106957424711,0.7268951194184803,0.8999653859466772,7.9958463136033275,-0.8653513326410511,5,0,-0.41642317680131763,-0.306748148901134,-0.10375600467766238,-0.030692354164601154,-0.018550647766555815,-0.018248833088383154,0.004402818761290032,0.018347989954344366,-0.03261306850207049,1.5068086582000315,1.6063463232233253,-0.09953766502329375,1.361592830644509,4.5816992484449025e-05,0.700808240726939,0.5283012549984601,5.684676091545277,0.71764705882353,0.23757763975155272,-2.416918429003012,-7.094918504314474,19.831805345557235,0.4375,0.75,0.6314908845156347,43,0.3384615384615385,0.27560050568900124,0.0,0.0,1.0,1,-1.6407994482173893,-1.0133524412391015,1.40940466007351,0.6797352861496853
sz003009,2025-06-19,1.0,0.3910900856007877,0.5582191780821923,-1.5701898289196214,73.72541598480153,132.0,51.0,0.0,0,0,0,0.3461538461538461,train,0.0925925925925925,train,1,0,0,0,18.63741339491918,18.63741339491918,0.8709981167608349,0.30602636534839966,12.1939736346516,8.827683615819204,20.927495291902076,-1.5301318267419983,5,8,-0.16665647052245217,0.11913237179367708,-0.018024440421168655,0.0008469568224061452,-0.02199879574015904,-0.04744080818351978,-0.006267864496657792,-0.07246926358598697,-0.0996491079735522,1.4567752491432817,1.58867940195126,-0.1319041528079783,2.1961732255225055,4.401664461843373e-05,0.4449167559142903,0.13984883312995275,2.6030631825218316,0.7819905213270137,0.8438030560271644,-4.076207354895889,-7.675906183368875,16.094756339004544,0.3958333333333333,0.40425531914893614,0.5582611213625848,28,0.44,0.12003780718336483,0.0,0.0,1.0,0,-2.3254293290613126,-2.1224421617777933,-1.2617031522949795,-1.9513064704677174
sz003012,2024-12-30,1.0,0.5205832807126276,0.558823529411766,-0.462962962962965,77.9979884941163,249.0,46.1,0.0,0,0,0,0.2938144329896907,train,0.4,train,0,0,0,0,5.606060606060614,5.606060606060614,0.4559270516717451,-6.5349544072948245,-7.902735562310037,-9.270516717325227,5.927051671732508,-9.422492401215809,5,-8,-0.18428021795967953,-0.21094049536910284,-0.23840962722172976,0.032607537493792006,-0.010877642900755019,0.0,0.06025140881538685,-0.04619325120990521,-0.004381073109534063,1.4497539303442375,1.451977424401491,-0.0022234940572534168,1.5860259911530483,0.00036791546817040074,-0.22026478370670807,0.3348837375681371,0.638988543064193,0.3333333333333333,0.6347826086956521,-5.982905982905984,-6.25,23.225507100373907,0.5625,0.7096774193548387,0.5185483445640489,38,0.36666666666666664,0.2629746835443038,0.0,0.0,0.0,0,0.8127231149403391,1.380635831841981,1.6647236488730233,0.8382478387937153
sz003015,2025-04-02,1.0,0.4920923552995922,0.7122302158273367,-1.8844221105527637,84.4550245902983,209.0,52.9,0.0,0,0,0,0.3605442176870748,train,0.1764705882352941,train,0,0,0,0,0.0,0.0,0.8980115458627314,-18.280949326491335,-17.89608723540731,-16.292495189223853,3.7203335471456267,-26.427196921103267,-5,-8,-0.13942987886163524,-0.23812660146287964,-0.2776517007560197,-0.0022559494276341665,-0.027297166434082497,-0.018625683723942098,-0.016895124880328016,-0.034671095468844254,-0.1045476211580514,1.4019674458189244,1.4527952121945218,-0.05082776637559738,1.5349207367784234,8.761256115073523e-05,0.5507112098071137,0.43214415338339834,3.451479858069396,1.0,0.868421052631579,1.5703517587939864,-5.769230769230759,17.04303824687193,0.4375,0.5714285714285714,0.7803331821350465,37,0.3620689655172414,0.47728706624605677,0.0,0.0,0.0,0,-0.9101063934996101,-0.8306650689974049,-0.8922586936845667,-1.648515053215538
sz003016,2025-11-26,1.0,0.5344032838802487,0.5692307692307678,0.2277904328018332,79.67779876285005,21.0,76.8,0.0,0,0,1,0.3605442176870748,valid,0.55,valid,1,0,1,1,38.56988082340194,38.56988082340194,-1.0928961748633892,-1.4207650273224126,14.644808743169403,39.781420765027306,39.781420765027306,-4.699453551912569,5,8,0.06397522127640533,-0.16916986179412835,1.2879172742287492,-0.01233325793687508,0.011558889411332169,0.04705345839730743,-0.08823385137148355,-0.09650132162278091,0.07176330573843276,1.4632683071676498,1.4881401628211686,-0.024871855653518793,1.5326697255246098,3.532700069311456e-05,-0.2590092521429771,-0.1567793210438018,0.5885506771262977,0.6153846153846158,0.7235023041474656,-6.103763987792465,-10.648596321393999,13.685191356284125,0.375,0.32558139534883723,0.6695484406696938,57,0.3048780487804878,0.3217884130982368,0.0,0.0,0.0,0,-1.8783753278166615,-2.2140504368644898,-1.5401525648257475,-1.0449241970314271
sz003021,2024-11-15,1.0,0.34778622570573403,0.8196371398078978,0.9601982344742188,78.36607878459743,63.0,67.1,0.0,0,1,1,0.3605442176870748,train,0.4444444444444444,train,1,1,1,1,44.72662568747978,53.29990294403104,-6.184231827748099,13.534078031406827,14.699692407317455,19.961146187469623,23.555123846527426,-7.835518860288171,5,8,-0.09002708479812563,0.4253733220563362,0.7300549012198041,-0.05645348332963272,0.06624265472820216,0.16934852201074777,-0.07944264435515548,0.07134115099018666,0.14860126888360198,1.3408629993649561,1.4485993911928892,-0.10773639182793304,1.5206619549796665,0.00010550227522617762,0.07900093054520631,-0.18140865426586664,1.1715548542127685,0.8282588011417695,0.8408289241622573,-5.517346782821342,-12.929577464788732,18.229368881963627,0.2916666666666667,0.40816326530612246,0.6693330836324958,55,0.35294117647058826,0.1636650868878357,0.0,0.0,0.0,0,-4.633402789176477,-4.788497126129676,-3.294703983653191,-3.3583367788935004
sz003023,2024-11-20,1.0,0.3719176412858127,0.577235772357724,0.04796163069542558,74.36016136267351,83.0,78.0,0.0,0,0,0,0.3605442176870748,train,0.2,train,0,0,0,0,1.4746543778801913,1.4746543778801913,-2.215935879302222,-6.223479490806227,-5.893446487505893,-4.33757661480435,1.885902876001877,-10.278170674210275,-5,-8,-0.1948326609834358,-0.17976611254245292,-0.012976426114552485,-0.0025780311100079807,0.014412172281947994,0.0355022780180334,-0.015989697834206878,-0.004950111591573706,0.04436961054171654,1.5748617428914402,1.6137646080526957,-0.03890286516125552,1.68374874445321,0.00011099461924916588,0.05139374441312655,0.22283426243346782,1.1083563261583824,0.893081761006289,0.893081761006289,-2.2962629446195426,-5.198776758409796,17.121462957792815,0.4583333333333333,0.41304347826086957,0.5601715332713788,134,0.20238095238095238,0.8258533501896334,0.0,0.0,0.0,1,-3.4534691053175304,-4.272485378702573,-3.043559836347842,-6.180463916839118
sz003026,2025-08-29,1.0,0.3822815302186608,0.4065040650406503,0.026455026455041164,77.69837249660819,74.0,66.3,0.0,0,0,0,0.2938144329896907,train,0.0895522388059701,train,0,0,0,0,1.205128205128192,1.205128205128192,-1.7489711934156382,-8.15329218106996,-9.516460905349799,-9.053497942386834,1.5174897119341502,-13.014403292181075,-5,-8,-0.1668155435471046,-0.2740795636462172,-0.07203963657657524,-0.02265071366716968,-0.025593154195261095,-0.0059179208826788746,-0.08480975845364493,-0.07230893139818342,-0.02488941187368849,1.4541871834777143,1.5375836996251453,-0.08339651614743104,1.498162990102896,5.7880939748788704e-06,-0.8593149140460523,0.17757574836952328,0.07566501236081791,1.0,1.0,1.5096304008328953,-2.500000000000002,41.89986580227148,0.5,0.4318181818181818,0.632465794066806,56,0.28205128205128205,0.37870195337114054,0.0,0.0,0.0,1,1.0286258493822364,3.2405050742088326,2.7126875831844366,7.737864181541387
sz003027,2025-11-20,1.0,0.29815171956575787,0.9537572254335249,0.04342162396873128,76.55352646736657,140.0,54.7,0.0,0,0,0,0.3605442176870748,valid,0.1388888888888889,valid,0,0,0,0,0.9083044982698851,6.833910034602075,-3.5555555555555562,-3.8222222222222157,-4.71111111111111,-10.088888888888892,3.688888888888875,-6.711111111111123,-5,-8,-0.014378640576110146,0.02642127532132893,-0.28332553189676773,-0.017998221011813614,-0.05511225657744008,0.0020939662645485407,-0.10799829578980165,-0.012609101197752822,-0.055145933961562386,1.4766727929932773,1.5957362364311605,-0.11906344343788322,1.7170531421783928,0.0020079790551350415,0.20712222713857317,0.08330108108311908,1.5224568886351475,0.8259958071278829,0.8442776735459665,-3.4655532359081365,-10.699111626110469,15.372298287046725,0.3958333333333333,0.46511627906976744,0.5210002292019122,38,0.5421686746987951,0.28908461780434097,0.0,0.0,0.0,0,-3.2957247264611467,-3.988168462836228,-2.9162770690668416,-4.978927797566934
sz003030,2024-12-13,1.0,0.5327166571314893,0.7674418604651155,-1.4958448753462528,78.38970188767661,96.0,63.1,0.0,0,0,0,0.2938144329896907,train,0.0925925925925925,train,0,0,0,1,0.8214676889375605,31.76341730558596,-2.7233115468409563,-11.111111111111105,-10.403050108932465,-13.77995642701525,0.2723311546841023,-13.671023965141615,-5,-8,-0.004422223620716715,-0.16173950691555233,0.012140398506415958,0.0,-0.0008890773200927589,0.0,0.019384389448130836,-0.08446577315285224,-0.0333454940223159,1.4902768197596445,1.7067688076123642,-0.21649198785271961,1.6777124993585364,2.403530016464581e-06,0.5065769736975417,0.15839948283068378,3.053317120174365,1.0,1.0,1.1634349030470892,-5.142857142857138,17.47916752171221,0.375,0.6046511627906976,0.6981560657401861,87,0.4,0.16055625790139064,0.0,0.0,1.0,1,0.08452787836426001,0.1521107265741506,-1.0057459583923567,-1.4029378348852095
sz003030,2025-01-27,2.0,0.3531646382035998,1.4285714285714273,-4.649758454106278,75.57065713138806,3.0,82.2,1.0,0,1,0,0.472,train,0.4,train,0,0,0,0,9.545454545454547,16.428571428571416,0.2580645161290196,1.6129032258064502,4.0000000000000036,1.806451612903226,5.290322580645168,-2.9032258064516037,5,0,0.01628966825629877,0.772525270087065,0.5976855028787169,-0.023289045329693704,0.011478823749441881,-0.017029862846962552,0.0012598899009848914,-0.02700813463954371,-0.013484553238719436,1.4346185645163747,1.4750225812195177,-0.040404016703142975,1.7716756259266306,0.00011921623805079077,-0.18170103207494154,0.3752440485539441,0.692475461824902,0.16838046272493576,0.0,-29.583904892546865,-35.993349958437236,14.76714009163343,0.4791666666666667,0.5777777777777777,0.47489497794413865,38,0.3870967741935484,0.4358651118815002,0.0,1.0,0.0,1,-0.5626817280288687,-0.44507350127604983,-0.3289102964417534,-1.943614843858421
sz003030,2025-03-24,3.0,0.28950895985967307,0.6153846153846154,-0.24420024420024333,71.54484596892259,130.0,58.5,0.0,0,0,0,0.1929824561403508,train,0.0895522388059701,train,1,1,1,1,31.20278907611851,31.20278907611851,-2.73972602739726,-4.28082191780822,-8.618721461187207,19.292237442922367,22.14611872146117,-10.102739726027398,-5,-8,-0.06936648586285847,-0.19154727316393974,-0.03581453981817151,-0.060702910857882486,-0.022397220417501675,0.0,-0.06523026681970034,0.022773693217044436,0.021033503048789738,1.4691661590973208,1.4410692322675478,0.02809692682977305,1.6250780699122418,0.0,-0.3030980675181844,0.1926884721118003,0.5348039029856749,1.0,0.4010282776349615,0.8201523140011657,-4.015616285554935,15.243640766809465,0.5,0.6388888888888888,0.4222320361590504,42,0.391304347826087,0.28319142226426997,0.0,0.0,0.0,0,-3.4785950606303184,-2.2746938384722304,-1.5497195797945396,-2.824750513130947
sz003036,2025-06-17,1.0,0.6308489904351295,1.06849315068493,0.5109489051094984,77.9759896692855,307.0,43.7,0.0,1,0,0,0.2938144329896907,train,0.5,train,1,0,1,1,27.186588921282784,60.276967930029144,3.223443223443212,3.443223443223431,4.908424908424913,2.19780219780219,7.03296703296703,-0.3663003663003761,5,0,0.09571625012870304,-0.05849956234002512,0.09883174139603652,0.017087416443312655,0.0,-0.037763840518929156,0.08273981895353288,0.02377926047848643,0.006777965048534708,1.42727319279151,1.319249198981346,0.10802399381016414,1.8312533678018001,0.00019646398691755416,0.6739722067923133,0.4429457115380491,5.13444633146953,0.356741573033708,0.5553398058252427,-14.303560274828243,-16.697024893746192,28.992767797126167,0.6041666666666666,0.6428571428571429,0.6796387403521505,39,0.35,0.43496062992125983,0.0,0.0,0.0,1,-0.3282134246277435,-0.12295779287367914,0.12711018585809253,0.62203810225121
sz003036,2025-08-08,2.0,0.7135246174429662,0.458904109589042,-9.327217125382269,76.6955737255479,75.0,68.8,0.0,0,0,0,0.472,train,0.0895522388059701,train,0,0,0,0,3.06781485468246,15.446716899892365,-1.5425531914893598,-6.914893617021278,-8.723404255319156,-7.765957446808514,1.8617021276595702,-10.053191489361701,-5,-8,-0.0383418920116087,0.026655499909810507,-0.14504535266941693,-0.004464162345753711,-0.1531360161129501,-0.044029599095989365,-0.06469070351611982,-0.04852398484265972,-0.05995036407130963,1.633349460676864,1.5240835013278926,0.10926595934897132,2.1932859668043316,0.01184703387474214,0.2359617101033543,-0.13094159482900483,1.6176698556175078,0.5023183925811434,0.6556149732620319,-14.770642201834871,-15.507048658481127,19.247396920928743,0.4375,0.4166666666666667,0.626509162229585,51,0.35443037974683544,0.5223833543505675,0.0,0.0,0.0,1,2.5134338319687144,1.7752281456705932,1.2340118639820208,0.4879044709205971
sz003039,2025-04-10,1.0,0.30029722695693245,0.6538461538461526,0.3731343283581934,73.91330298582648,246.0,57.3,0.0,0,0,0,0.2938144329896907,train,0.288135593220339,train,0,0,0,0,3.0957523398128073,4.10367170626349,0.6607929515418665,0.9544787077826689,-1.3950073421439058,-1.3950073421439058,2.7165932452276165,-2.496328928046987,0,0,-0.10798567506800577,-0.11391905732007905,-0.4494081208054466,-0.015057230523122418,0.0014391595432243984,-0.09894340707227536,-0.059399649941426276,-0.0264056130895561,-0.10433559596050314,1.4568966074585987,1.4208544558924612,0.03604215156613755,1.3750029990239447,0.0,-0.059571118725967015,0.25738778269646934,0.8875561674470788,0.4166666666666669,0.5359116022099449,-10.789980732177263,-10.789980732177263,14.979306729621406,0.5208333333333334,0.5681818181818182,0.45776719207357053,132,0.3160621761658031,0.9026465028355387,0.0,0.0,0.0,0,-7.848464550570244,-6.018252148023273,-3.8428391948091223,-9.697566074716402
sz003040,2024-12-30,1.0,0.37070427004750406,0.5384615384615375,-0.726216412490921,74.72798951146669,170.0,53.4,0.0,0,1,0,0.472,train,0.5208333333333335,train,1,0,0,0,7.127429805615559,9.143268538516924,-5.0145348837209225,0.43604651162791885,-2.107558139534882,-10.17441860465117,5.3779069767441845,-8.066860465116276,-5,-8,-0.2853972177327316,2.6445165651873945,-0.22148843574798555,-0.0341267553126256,0.09651813838707878,0.002415170781513536,-0.08489829520697073,0.07256585218262206,-0.011945089070644004,1.4070370142868605,1.5599434036969282,-0.15290638941006773,1.4514137298742902,1.1183136226873113e-05,0.21130872772047016,0.18841841444802596,1.5358464969689118,0.1818181818181822,0.3587896253602306,-24.2639040348964,-21.966292134831455,18.069265309279835,0.3125,0.391304347826087,0.7499267300097984,38,0.36666666666666664,0.2629746835443038,0.0,0.0,0.0,0,0.8127231149403391,1.380635831841981,1.6647236488730233,0.8382478387937153
sz003040,2025-08-12,2.0,1.7372041309632653,0.5638766519823795,-1.3883677298311303,77.21689681277655,5.0,86.4,1.0,0,0,0,0.2938144329896907,train,0.0895522388059701,train,1,0,0,0,5.805515239477499,5.805515239477499,0.5177514792899407,0.14792899408284654,2.551775147928992,-5.5103550295857895,7.840236686390534,-3.624260355029585,5,0,-0.22190430105337702,-0.29575222868660783,-0.31164701429661384,-0.005281385258227314,-0.03487882182505692,0.10027868454164049,-0.02384724559877703,-0.05172755661745146,0.0997094807053856,1.6489221479797764,1.5756685344822559,0.07325361349752058,2.657502843864699,0.0003540928989747684,-0.35206788683583967,0.3645506467285169,0.4792156662195975,0.9222222222222219,0.8663224325874928,-7.795249247239888,-6.417657045840408,13.798155400693236,0.4375,0.2653061224489796,0.8867807078372755,45,0.3181818181818182,0.3981102362204724,0.0,1.0,0.0,1,2.594930437075571,1.823247643325554,0.9839330319609152,2.8174142114727907
sz003041,2024-12-24,1.0,0.3083059156506508,0.4143426294820717,-3.779069767441856,72.87492787629401,156.0,62.7,0.0,0,1,1,0.4677419354838709,train,0.1388888888888889,train,1,0,0,0,9.087656529516996,10.769230769230775,-2.3307436182020025,0.18497965223824853,-0.7769145394006638,-2.3307436182020025,2.4047354790972975,-8.95301516833149,-5,-8,0.03973677861350883,0.5835850300548866,0.4045416632297159,-0.07687864795154356,0.015110735153705831,0.014303922863213159,-0.08829350528783321,-0.04357725354489626,0.05715915783598187,1.7429916196276345,1.7904057934532709,-0.047414173825636396,2.4246862885582403,6.415922557645781e-06,0.004514687587193198,0.03509746495015355,1.009070324857432,0.7879032258064517,0.8606253312135665,-8.60039241334205,-13.387046792686718,14.40075808399783,0.4791666666666667,0.4523809523809524,0.3546302137289584,66,0.34,0.7414664981036663,0.0,0.0,0.0,0,0.3323093656002918,0.8053247081288406,1.5720110899616557,0.5618347605217178
sz003043,2025-08-21,1.0,0.8103077036476714,0.7066666666666658,0.06544502617800152,78.77375214186289,439.0,35.7,0.0,0,0,1,0.2938144329896907,train,0.1764705882352941,train,0,0,0,0,15.358288770053473,23.35828877005348,-0.14973262032085266,-0.8128342245989351,3.700534759358276,6.3101604278074985,11.87165775401069,-2.67379679144385,5,8,0.08311183375194373,-0.05513346241539125,0.07445485515001339,-0.053329491293465224,-0.00942888730087481,0.031019415437201204,-0.05994869564282734,-0.034309079438540925,0.07000201330963934,1.6194942918114952,1.6477441267462818,-0.02824983493478661,2.1718145896214383,0.0003356479476121786,-0.8068216476269094,0.1522272225521928,0.10691611572554054,1.0,0.3467230443974631,1.212383632820968,-4.338039697155716,23.33442065131451,0.4375,0.48717948717948717,0.7176276639707789,39,0.4507042253521127,0.46990230066183425,0.0,0.0,0.0,1,3.9684067376312138,4.2663462152485065,2.7497960792828957,5.094232984893354
