symbol,trade_date,probe_index,event_role,oib_ratio,amount_vs_day_median,same_day_pullback_ratio,day_gap_pct,bar_high_ret_pct,bar_close_ret_pct,day_return_pct,probe_strength_score,touch_up_10d,touch_up_20d,limit_close_10d,limit_close_20d,days_to_first_touch_up,days_to_first_limit_close,first_limit_close_streak,first_touch_streak,has_2board_from_first_close,has_3board_from_first_close,has_2touch_from_first_touch,has_3touch_from_first_touch,high_10d_pct,close_10d_pct,high_20d_pct,close_20d_pct,high_40d_pct,close_40d_pct,trend20_15,trend20_20,trend40_30,good_target_A,good_target_B,good_target_C,oib_top20,oib_top30,pullback_mid,probe_2_3,probe_1,probe_2_3_oib20,probe_2_3_oib20_pullback_mid,probe_1_oib20,probe_1_oib20_pullback_mid
sh600165,2025-11-14,1,first_probe,0.4280522184466016,28.125936452933747,0.7727272727272733,0.0,5.378973105134466,5.378973105134466,1.2224938875305513,82.32687408735353,0,0,0,0,,,0,0,0,0,0,0,4.106280193236711,-4.347826086956519,4.106280193236711,-20.531400966183565,7.246376811594213,-4.347826086956519,0,0,0,0,0,0,False,False,True,False,True,False,False,False,False
sh600178,2025-02-11,1,first_probe,0.31421367860105126,31.766198500105325,0.8404255319148931,-1.0861132660977546,7.372549019607844,6.117647058823517,1.17647058823529,77.75241689271613,0,0,0,0,26.0,26.0,1,1,0,0,0,0,0.7751937984496138,-3.7209302325581395,0.7751937984496138,-5.038759689922479,14.961240310077507,-21.472868217054263,0,0,0,0,0,0,False,False,False,False,True,False,False,False,False
sh600200,2025-04-22,1,first_probe,0.2764969705825365,15.287659849006976,0.5199999999999996,-7.889125799573559,5.787037037037046,3.47222222222221,2.77777777777779,68.67323976938077,1,1,1,1,1.0,1.0,1,1,0,0,0,0,9.909909909909898,-37.38738738738739,9.909909909909898,-39.86486486486487,9.909909909909898,-47.52252252252253,0,0,0,1,0,0,False,False,True,False,True,False,False,False,False
sh600241,2025-01-02,1,first_probe,0.48039836392051494,41.764453034268776,0.4848484848484852,-13.32470892626132,9.850746268656717,5.373134328358198,5.074626865671639,77.26732669698855,1,1,1,1,5.0,5.0,1,1,0,0,0,0,4.6875,0.28409090909089496,4.6875,-1.278409090909094,11.64772727272727,3.5511363636363535,0,0,0,1,0,0,False,False,True,False,True,False,False,False,False
sh600243,2025-08-22,1,first_probe,0.2976251868170006,13.892745850867973,0.8636363636363629,-1.9565217391304346,4.878048780487809,3.10421286031044,0.6651884700665134,69.19011238596278,0,0,0,0,,,0,0,0,0,0,0,15.41850220264318,1.7621145374449254,27.533039647577095,21.365638766519822,31.93832599118942,19.383259911894267,1,1,1,0,1,1,False,False,False,False,True,False,False,False,False
sh600289,2025-04-09,1,first_probe,0.3775392972774062,33.10158149576791,1.111111111111112,-4.040404040404044,9.473684210526322,9.473684210526322,-1.0526315789473717,85.71377786079103,0,0,0,0,,,0,0,0,0,0,0,29.964539007092217,12.765957446808528,29.964539007092217,0.0,29.964539007092217,-1.0638297872340385,1,1,0,0,1,0,False,False,False,False,True,False,False,False,False
sh600289,2025-04-25,2,retest_probe,0.4701056238497887,26.926462733695587,0.8571428571428575,-4.966887417218535,6.097560975609739,5.7491289198606355,0.8710801393728262,85.26645671367017,0,0,0,0,,,0,0,0,0,0,0,5.0086355785837755,0.17271157167528806,5.181347150259064,-11.571675302245254,35.75129533678756,25.38860103626943,0,0,1,0,0,1,False,False,False,True,False,False,False,False,False
sh600303,2025-04-21,1,first_probe,0.4085997086749337,23.88643129367034,0.47058823529411764,-4.060913705583758,8.994708994709,7.14285714285714,4.761904761904767,77.95520944965494,1,1,0,0,2.0,,0,1,0,0,0,0,19.949494949494962,7.3232323232323315,19.949494949494962,2.525252525252508,19.949494949494962,-5.303030303030298,1,0,0,0,0,0,False,False,True,False,True,False,False,False,False
sh600310,2025-04-30,1,first_probe,0.559467060849642,17.342232514227877,0.6086956521739144,-9.740259740259749,5.515587529976029,4.556354916067162,2.1582733812949506,71.88016110554157,0,0,0,0,,,0,0,0,0,0,0,6.103286384976525,3.2863849765258246,6.103286384976525,-0.9389671361502372,6.103286384976525,-3.0516431924882625,0,0,0,0,0,0,False,False,True,False,True,False,False,False,False
sh600353,2025-04-08,1,first_probe,0.518517666635413,28.69955200075483,1.0363636363636357,-9.736540664375726,6.979695431472077,3.045685279187804,-0.25380710659898,79.39053295639044,1,1,0,0,7.0,40.0,1,1,0,0,0,0,10.432569974554706,5.9796437659032975,19.59287531806615,15.64885496183206,44.529262086513974,37.913486005089055,1,0,1,0,0,1,False,False,False,False,True,False,False,False,False
sh600353,2025-09-02,2,retest_probe,0.2641828004633039,14.351552898247784,1.4562499999999998,1.3719512195121908,8.020050125313283,6.566416040100265,-3.659147869674184,77.07360452906258,0,0,0,0,21.0,21.0,1,1,0,0,0,0,3.537981269510926,-5.93132154006244,3.537981269510926,-12.851196670135268,11.290322580645174,-15.660770031217474,0,0,0,0,0,0,False,False,False,True,False,False,False,False,False
sh600355,2025-04-16,1,first_probe,0.2726130591223572,19.426382525467325,0.5000000000000007,-1.552795031055909,10.191082802547768,9.872611464968163,4.100946372239744,81.33161434264808,0,0,0,0,,,0,0,0,0,0,0,-0.9090909090909038,-23.636363636363633,-0.9090909090909038,-19.090909090909093,1.81818181818183,-10.606060606060597,0,0,0,0,0,0,False,False,True,False,True,False,False,False,False
sh600360,2025-05-06,1,first_probe,0.5634310980119681,22.74777012096218,0.40816326530612157,-5.007824726134579,8.072487644151561,6.0955518945634335,4.777594728171342,77.51374672002169,0,0,0,0,,,0,0,0,0,0,0,5.660377358490565,1.729559748427656,15.566037735849036,14.779874213836464,41.03773584905661,40.251572327044016,1,0,1,0,0,1,False,False,True,False,True,False,False,False,False
sh600381,2025-04-21,1,first_probe,0.46203212039177494,67.26521931019177,0.7500000000000011,-5.063291139240511,5.3333333333333455,4.0000000000000036,1.3333333333333197,83.39451750452636,0,0,0,0,,,0,0,0,0,0,0,-0.7894736842105177,-1.0526315789473717,7.8947368421052655,0.7894736842105399,30.00000000000003,19.999999999999996,0,0,1,0,0,1,False,False,True,False,True,False,False,False,False
sh600396,2025-07-08,1,first_probe,0.2695526034583104,34.18491903004437,1.4210526315789478,0.2597402597402487,4.922279792746109,2.849740932642497,-2.0725388601036343,74.9727533213973,1,1,1,1,4.0,4.0,1,1,0,0,0,0,8.994708994709,-3.4391534391534417,8.994708994709,-10.582010582010582,8.994708994709,-12.43386243386243,0,0,0,1,0,0,False,False,False,False,True,False,False,False,False
sh600408,2025-10-30,1,first_probe,0.3535815304506168,19.611780353046914,2.199999999999998,-3.0985915492957705,5.813953488372103,2.9069767441860517,-6.976744186046502,77.28133114045578,1,1,1,1,2.0,2.0,3,3,1,1,1,1,77.8125,77.8125,115.625,44.06250000000001,115.625,38.74999999999999,1,1,1,1,1,1,False,False,False,False,True,False,False,False,False
sh600530,2025-01-06,1,first_probe,0.28084907609034937,214.80791564760472,1.0,-9.931506849315074,9.125475285171113,6.4638783269961975,0.0,89.90636432999773,1,1,1,1,4.0,4.0,1,1,0,0,0,0,2.281368821292773,-8.935361216730032,2.281368821292773,-7.224334600760452,2.281368821292773,-0.9505703422053147,0,0,0,1,0,0,False,False,False,False,True,False,False,False,False
sh600594,2025-08-25,1,first_probe,0.8232931403111287,23.880689774599986,0.8333333333333338,0.22321428571427937,6.493506493506485,6.493506493506485,4.008908685968815,83.57944261585241,0,0,0,0,,,0,0,0,0,0,0,0.21413276231263545,-5.781584582441102,0.21413276231263545,-11.134903640256955,0.21413276231263545,-8.993576017130621,0,0,0,0,0,0,True,True,False,False,True,False,False,True,False
sh600629,2024-11-15,1,first_probe,0.28236115960534913,19.027754457821327,1.3082706766917294,-3.6644165863066402,13.313313313313312,12.112112112112094,-4.104104104104101,79.6470474424146,0,1,0,1,20.0,20.0,1,2,0,0,1,0,0.0,-20.250521920668064,0.0,-5.532359081419614,3.9665970772442716,-16.805845511482254,0,0,0,1,0,0,False,False,False,False,True,False,False,False,False
sh600629,2025-10-09,2,retest_probe,0.26700460512398333,16.787794622006313,1.2857142857142856,1.0805158591843833,8.448275862068954,5.1724137931034475,-2.4137931034482696,78.08037136605363,1,1,1,1,3.0,4.0,2,3,1,0,1,1,44.62897526501766,17.173144876325065,44.62897526501766,-20.49469964664311,44.62897526501766,-31.09540636042403,1,1,1,1,1,1,False,False,False,True,False,False,False,False,False
sh600629,2025-10-17,3,retest_probe,0.2892737488193289,18.17831975797875,0.8499999999999979,1.5037593984962294,5.291005291005302,5.211640211640223,0.793650793650813,72.03791099122937,1,1,1,1,2.0,2.0,1,1,0,0,0,0,7.427821522309697,-39.58005249343832,7.427821522309697,-43.30708661417323,7.427821522309697,-48.55643044619422,0,0,0,1,0,0,False,False,False,True,False,False,False,False,False
sh600653,2024-11-04,1,first_probe,0.2625800983318153,18.489618031993505,0.9166666666666666,-10.080645161290324,10.762331838565032,8.520179372197312,0.8968609865470878,85.26049071016615,1,1,1,1,3.0,3.0,2,2,1,0,1,0,28.000000000000004,-0.4444444444444362,28.000000000000004,5.777777777777771,32.00000000000001,-3.111111111111109,1,1,1,1,1,1,False,False,False,False,True,False,False,False,False
sh600696,2025-03-19,1,first_probe,0.2989982104044489,16.692873237503665,0.5897435897435891,-3.007518796992481,6.04651162790697,5.658914728682163,2.4806201550387597,70.96117012587226,0,0,0,0,,,0,0,0,0,0,0,4.841149773071085,-31.39183055975794,4.841149773071085,-35.627836611195164,4.841149773071085,-46.974281391830566,0,0,0,0,0,0,False,False,True,False,True,False,False,False,False
sh600698,2024-09-24,1,first_probe,0.3175806380898185,32.05493275530899,1.0625000000000016,2.844638949671774,6.80851063829786,4.680851063829783,-0.42553191489362874,78.64763388025541,0,1,0,1,20.0,20.0,1,1,0,0,0,0,16.880341880341888,3.418803418803429,28.846153846153854,28.846153846153854,41.025641025641036,8.974358974358964,1,1,1,1,1,1,False,False,False,False,True,False,False,False,False
sh600716,2024-09-25,1,first_probe,2.395482447143865,26.023765554764786,1.105263157894737,2.807017543859658,6.484641638225264,6.484641638225264,-0.6825938566552892,85.33872715940889,0,0,0,0,,,0,0,0,0,0,0,29.896907216494828,11.683848797250862,29.896907216494828,15.120274914089338,32.302405498281786,25.42955326460481,1,1,1,0,1,1,True,True,False,False,True,False,False,True,False
sh600745,2025-11-10,1,first_probe,0.3647190956087749,22.641610540763978,0.5277777777777783,0.0,6.400000000000006,5.777777777777771,3.022222222222215,72.8373859870222,0,0,0,0,,,0,0,0,0,0,0,2.8472821397756753,-11.906816220880057,2.8472821397756753,-15.53062985332183,2.8472821397756753,-16.975841242450386,0,0,0,0,0,0,False,False,True,False,True,False,False,False,False
sh600798,2025-05-30,1,first_probe,0.26697455710980367,13.568312271345043,0.9583333333333343,-2.518891687657432,6.266318537859017,5.7441253263707415,-0.7751937984496138,75.90548955096982,1,1,1,1,6.0,6.0,1,2,0,0,1,0,19.27083333333335,10.677083333333348,34.375,18.75,34.375,7.552083333333326,1,1,1,1,1,1,False,False,False,False,True,False,False,False,False
sh600829,2025-03-11,1,first_probe,0.29642291857295083,21.701223426188147,0.6136363636363633,0.47505938242280443,5.200945626477527,4.018912529550822,2.009456264775422,71.11899494343687,0,0,0,0,,,0,0,0,0,0,0,0.9269988412514474,-7.41599073001159,0.9269988412514474,-17.84472769409039,0.9269988412514474,-15.990730011587495,0,0,0,0,0,0,False,False,True,False,True,False,False,False,False
sh600831,2025-11-10,1,first_probe,0.2617158275719063,26.00243581975389,0.5128205128205126,-3.992015968063878,8.108108108108114,3.1185031185031242,3.950103950103956,74.1154015111789,1,1,1,1,1.0,1.0,1,1,0,0,0,0,13.200000000000012,-6.999999999999995,13.200000000000012,-10.199999999999998,13.200000000000012,-15.199999999999992,0,0,0,1,0,0,False,False,True,False,True,False,False,False,False
sh600839,2025-02-14,1,first_probe,0.408580028181728,17.76433453097199,1.3855421686746991,0.1544401544401719,6.3993831919815,3.7779491133384857,-2.4672320740169673,77.22388811982674,0,0,0,0,,,0,0,0,0,0,0,3.5573122529644285,-10.909090909090914,3.5573122529644285,-9.802371541501975,3.5573122529644285,-22.21343873517787,0,0,0,0,0,0,False,False,False,False,True,False,False,False,False
sh600857,2024-11-13,1,first_probe,0.25416004758134425,32.50137252194492,1.2063492063492063,0.898587933247752,8.015267175572527,4.580152671755733,-1.653944020356235,80.91896157414456,0,1,0,0,15.0,31.0,1,1,0,0,0,0,-0.7761966364812523,-2.975420439844767,16.300129366106077,14.74773609314357,32.34152652005176,3.2341526520051733,1,0,1,0,0,1,False,False,False,False,True,False,False,False,False
sh600865,2024-12-06,1,first_probe,0.6604895486935389,22.908610347601716,0.9090909090909108,-0.4098360655737654,5.418719211822642,4.433497536945796,4.938271604938249,75.74493120658246,1,1,0,1,3.0,13.0,2,1,1,0,0,0,13.823529411764701,-7.745098039215681,26.470588235294134,-1.5686274509803977,26.470588235294134,-10.98039215686274,1,1,0,1,1,0,False,True,False,False,True,False,False,False,False
sh600892,2025-04-02,1,first_probe,4.9300758350358285,30.41441944206637,0.5333333333333327,0.0,9.740259740259738,9.740259740259738,4.545454545454541,80.58101031709509,0,0,0,0,,,0,0,0,0,0,0,-0.6211180124223614,-8.385093167701863,-0.6211180124223614,-18.012422360248447,13.35403726708073,13.35403726708073,0,0,0,0,0,0,True,True,True,False,True,False,False,True,True
sh600981,2024-09-25,1,first_probe,0.3882577340480077,33.11673656209116,1.0,2.0408163265306145,6.000000000000005,3.499999999999992,0.0,78.91845168783473,0,1,0,1,13.0,13.0,3,3,1,1,1,1,27.499999999999993,4.0000000000000036,59.00000000000001,36.5,59.00000000000001,35.00000000000001,1,1,1,1,1,1,False,False,False,False,True,False,False,False,False
sh601008,2025-06-24,1,first_probe,0.36162173014641386,19.69259988430901,0.8222222222222222,-5.124653739612195,6.569343065693434,4.817518248175179,1.167883211678844,75.13273068268289,0,0,0,0,,,0,0,0,0,0,0,0.43290043290042934,-4.040404040404033,0.43290043290042934,-10.678210678210664,0.43290043290042934,-13.564213564213556,0,0,0,0,0,0,False,False,False,False,True,False,False,False,False
sh601727,2024-11-11,1,first_probe,0.28757803980411956,16.27539573775275,1.0112359550561796,-9.918699186991875,8.032490974729246,3.1588447653429608,-0.09025270758122872,77.07691312223334,0,1,0,1,15.0,15.0,1,1,0,0,0,0,3.703703703703698,-18.06684733514001,3.703703703703698,-19.42186088527552,3.703703703703698,-35.14001806684733,0,0,0,1,0,0,False,False,False,False,True,False,False,False,False
sh601908,2024-11-15,1,first_probe,0.3084171450885316,53.055611585621094,0.7777777777777776,1.2539184952978122,8.359133126934992,6.19195046439629,1.8575851393188847,78.04682453326798,0,0,0,0,27.0,27.0,1,2,0,0,1,0,-1.2158054711246202,-4.255319148936176,6.990881458966558,0.3039513677811412,26.443768996960483,-20.972644376899694,0,0,0,0,0,0,False,False,True,False,True,False,False,False,False
sh603001,2024-12-23,1,first_probe,0.29934214513247,13.876377888367772,0.7073170731707316,-2.657342657342665,5.890804597701149,4.597701149425282,1.724137931034475,69.9768125275768,0,0,0,0,,,0,0,0,0,0,0,-10.028248587570621,-30.649717514124298,-10.028248587570621,-27.82485875706214,-10.028248587570621,-28.531073446327692,0,0,0,0,0,0,False,False,True,False,True,False,False,False,False
sh603007,2024-11-18,1,first_probe,0.3207371397012569,101.40456171431802,1.0,-5.01152073732719,9.581564584596736,8.489993935718632,0.0,81.71672523685544,0,0,0,0,,,0,0,0,0,0,0,-4.97271073377804,-18.192844147968458,-4.97271073377804,-16.49484536082474,-4.97271073377804,-25.591267434808973,0,0,0,0,0,0,False,False,False,False,True,False,False,False,False
sh603030,2024-12-11,1,first_probe,0.28892871212521454,16.866966616075832,0.9230769230769235,-5.837563451776651,10.540540540540523,8.918918918918916,0.5390835579514919,77.38131848109504,0,0,0,0,28.0,,0,1,0,0,0,0,-1.072386058981234,-26.005361930294914,-1.072386058981234,-34.85254691689007,-1.072386058981234,-26.005361930294914,0,0,0,0,0,0,False,False,False,False,True,False,False,False,False
sh603032,2025-07-23,1,first_probe,0.30692801347379856,27.261815227805897,1.3823529411764712,0.053276505061283785,5.4313099041533475,3.1416400425985147,-2.076677316293929,76.326598429251,0,0,0,0,23.0,27.0,3,1,1,1,0,0,2.882001087547592,2.882001087547592,9.570418705818362,2.283849918433911,48.83088635127788,22.349102773246333,0,0,1,0,1,1,False,False,False,False,True,False,False,False,False
sh603045,2025-04-17,1,first_probe,8.31489458686528,18.066807832742594,0.6868686868686882,0.8528784648187626,6.8370165745856415,6.8370165745856415,4.228329809725162,78.00851019609976,0,0,0,0,32.0,32.0,1,1,0,0,0,0,6.828938471940504,1.7579445571332064,10.074374577417178,9.127789046653145,29.817444219066935,9.66869506423258,0,0,0,0,0,0,True,True,True,False,True,False,False,True,True
sh603086,2025-08-20,1,first_probe,0.31955513692789217,26.751493763160678,0.6666666666666666,0.7804878048780495,6.969990319457886,4.549854791868357,2.3233301064859546,75.67803459683051,0,0,0,0,,,0,0,0,0,0,0,-0.5676442762535538,-12.677388836329229,-0.5676442762535538,-13.055818353831604,1.229895931882674,-9.460737937559127,0,0,0,0,0,0,False,False,True,False,True,False,False,False,False
sh603093,2025-06-30,1,first_probe,0.2617385256556476,13.698447449073724,1.2690058479532167,-1.978494623655913,7.503290917068894,4.651162790697683,-2.0184291355857864,75.16145322223811,1,1,1,1,7.0,7.0,3,3,1,1,1,1,25.391849529780576,12.001791312136145,28.481862964621605,11.509180474697711,28.481862964621605,6.583072100313481,1,1,0,1,1,1,False,False,False,False,True,False,False,False,False
sh603095,2025-01-02,1,first_probe,0.5681680458086045,35.01908210205173,1.0845070422535192,-1.5364354697102733,6.230802983764816,6.230802983764816,1.0699955416852536,79.3640796433252,0,0,0,0,21.0,21.0,1,1,0,0,0,0,7.5430083811204085,-4.543449492721663,7.5430083811204085,-1.6321129245699173,26.687251874724293,2.823114247904712,0,0,0,0,0,0,False,False,False,False,True,False,False,False,False
sh603108,2025-04-28,1,first_probe,0.3018875486567545,36.682362903836605,0.5523809523809537,-6.198347107438018,6.607929515418509,3.838892385147896,2.9578351164254224,73.91972710790964,1,1,0,0,1.0,,0,1,0,0,0,0,23.288508557457234,12.408312958435207,23.288508557457234,8.129584352078245,23.288508557457234,6.601466992665039,1,1,0,0,1,0,False,False,True,False,True,False,False,False,False
sh603110,2024-11-20,1,first_probe,0.2768613360909095,19.078883560513468,0.7720588235294126,1.1302795954788891,8.000000000000007,4.823529411764715,1.8235294117646905,76.72328017503564,1,1,0,0,4.0,,0,1,0,0,0,0,20.739456961294046,-3.6972848064702357,20.739456961294046,-6.1236279607163375,20.739456961294046,-20.161756210283066,1,1,0,0,1,0,False,False,True,False,True,False,False,False,False
sh603122,2025-11-21,1,first_probe,0.40205583577810866,36.1087535842458,1.0,-8.326967150496555,10.271646859083194,5.432937181663844,-1.8333333333333424,84.18341999328027,1,1,1,1,2.0,7.0,1,1,0,0,0,0,12.606112054329376,12.606112054329376,32.512733446519526,23.514431239388813,32.512733446519526,-22.920203735144305,1,1,1,1,1,1,False,False,False,False,True,False,False,False,False
sh603155,2025-06-25,1,first_probe,0.30211816254996815,33.83538027276227,0.6467889908256872,-3.3314187248707716,12.953060011883565,9.744503862150932,4.575163398692839,77.76935587489542,1,1,0,0,3.0,36.0,1,1,0,0,0,0,16.70454545454545,-7.159090909090915,16.70454545454545,-11.363636363636376,16.70454545454545,3.2386363636363713,1,0,0,0,0,0,False,False,True,False,True,False,False,False,False
sh603232,2025-10-31,1,first_probe,0.29379463482263507,17.27849897889254,1.4473684210526334,-4.943557804593224,9.336609336609335,8.190008190008191,-4.176904176904195,78.88166268615416,1,1,1,1,4.0,4.0,1,1,0,0,0,0,19.273504273504273,-0.4700854700854684,29.871794871794876,12.478632478632479,29.871794871794876,-1.2820512820512664,1,1,0,1,1,0,False,False,False,False,True,False,False,False,False
sh603266,2025-09-17,1,first_probe,0.2645866655709505,19.011520426191677,0.9396984924623111,0.0,7.642089093702009,7.565284178187404,0.4608294930875667,76.9502288586941,0,0,0,0,,,0,0,0,0,0,0,7.0336391437308965,-5.084097859327219,7.0336391437308965,-16.437308868501532,7.0336391437308965,-20.18348623853211,0,0,0,0,0,0,False,False,False,False,True,False,False,False,False
sh603353,2025-06-06,1,first_probe,0.3948423211799471,33.85243371382927,0.7822580645161291,-0.6953223767383054,7.725856697819311,3.1152647975077885,3.8828771483131685,77.8195060454022,1,1,1,1,5.0,5.0,1,2,0,0,1,0,19.6078431372549,8.578431372549012,19.6078431372549,-0.18382352941177516,19.6078431372549,0.30637254901961786,1,0,0,1,0,0,False,False,True,False,True,False,False,False,False
sh603386,2025-09-03,1,first_probe,2.829066520667631,14.342004133058618,1.2941176470588236,0.4149377593360981,5.670446964643094,5.670446964643094,1.5151515151515138,77.96891751912558,0,0,0,0,,,0,0,0,0,0,0,7.734056987788329,3.7991858887381325,7.734056987788329,-5.49525101763908,7.734056987788329,-10.99050203527816,0,0,0,0,0,0,True,True,False,False,True,False,False,True,False
sh603416,2025-04-07,1,first_probe,0.2704158178472006,133.4934387646252,1.0337423312883434,-9.807208717518867,6.0594795539033575,4.832713754646845,-0.20446096654275214,78.34813513100714,0,1,0,1,12.0,18.0,1,1,0,0,0,0,-0.6705159247532122,-10.523374930154594,15.608120692866457,11.752654125535479,30.862357981002052,5.978766995716156,1,0,1,1,0,1,False,False,False,False,True,False,False,False,False
sh603499,2024-11-13,1,first_probe,0.25294866533622046,15.495746506465261,0.5217391304347822,0.9216589861751112,5.251141552511429,4.023972602739745,2.511415525114158,67.53662382314099,0,1,0,0,19.0,,0,1,0,0,0,0,4.6492204899777345,-7.850779510022276,8.073496659242752,2.171492204899783,8.073496659242752,-28.340757238307358,0,0,0,0,0,0,False,False,True,False,True,False,False,False,False
sh603500,2025-01-03,1,first_probe,0.34788214983176524,28.281210051872627,0.6355140186915889,-10.035419126328227,14.041994750656151,10.892388451443558,5.118110236220463,80.354473163298,1,1,1,1,1.0,1.0,2,2,1,0,1,0,20.97378277153559,-13.358302122347055,20.97378277153559,-10.36204744069913,20.97378277153559,-5.742821473158555,1,1,0,1,1,0,False,False,True,False,True,False,False,False,False
sh603517,2025-09-25,1,first_probe,0.6352274104293765,37.91274115944809,0.46715328467153294,-4.938271604938271,10.466004583651657,8.785332314744076,5.576776165011466,78.86164570330737,0,0,0,0,,,0,0,0,0,0,0,4.775687409551366,-2.315484804630974,4.775687409551366,-1.230101302460207,4.775687409551366,-3.256150506512312,0,0,0,0,0,0,False,True,True,False,True,False,False,False,False
sh603580,2025-03-25,1,first_probe,0.38783511239954366,90.84101490641581,0.714285714285715,0.0,7.446808510638281,6.2234042553191316,4.518236254763197,77.84627751687557,0,0,0,0,,,0,0,0,0,0,0,-0.9895833333333215,-18.333333333333336,-0.9895833333333215,-11.458333333333325,-0.9895833333333215,-27.031249999999996,0,0,0,0,0,0,False,False,True,False,True,False,False,False,False
sh603588,2025-05-19,1,first_probe,0.27182597478313103,16.583740315329763,0.37931034482758724,2.3550724637681375,5.123674911660769,4.59363957597172,3.362831858407067,75.4200038949433,0,0,0,0,,,0,0,0,0,0,0,3.595890410958913,-2.568493150684925,3.595890410958913,-4.965753424657537,5.13698630136985,3.253424657534243,0,0,0,0,0,0,False,False,True,False,True,False,False,False,False
sh603683,2025-01-10,1,first_probe,0.7166566298099967,14.742843875971243,0.9677419354838717,-9.056603773584893,6.431535269709543,3.2157676348547604,0.20746887966804906,77.85113530262329,0,0,0,0,29.0,29.0,2,2,1,0,1,0,12.836438923395455,3.5196687370600444,12.836438923395455,7.660455486542439,48.65424430641821,21.325051759834366,0,0,1,0,1,1,True,True,False,False,True,False,False,True,False
sh603759,2025-11-06,1,first_probe,0.29826197334217613,19.885731934832236,0.9733333333333339,2.042253521126769,5.175983436852993,2.8295376121463045,0.13802622498273465,72.9377381481355,1,1,1,1,1.0,1.0,1,1,0,0,0,0,13.507925568573388,-25.08614748449346,13.507925568573388,-26.119917298414887,13.507925568573388,-27.015851137146797,0,0,0,1,0,0,False,False,False,False,True,False,False,False,False
sh603813,2025-11-19,1,first_probe,0.39510639421835897,49.156374167679665,0.4440154440154441,-1.9909742500663685,7.015167930660882,6.717226435536294,3.900325027085594,77.9126905972394,0,0,0,0,,,0,0,0,0,0,0,7.377476538060468,-0.052137643378513676,7.377476538060468,-4.405630865484877,23.25338894681961,12.56517205422314,0,0,0,0,0,0,False,False,True,False,True,False,False,False,False
sh603825,2025-09-12,1,first_probe,0.33259487052267217,31.784341012000016,1.0199999999999996,0.0970873786407811,4.849660523763344,2.909796314257984,-0.09699321047526022,75.65975188296493,0,0,0,0,,,0,0,0,0,0,0,4.660194174757271,-5.533980582524278,4.660194174757271,-12.038834951456312,4.660194174757271,-5.145631067961176,0,0,0,0,0,0,False,False,False,False,True,False,False,False,False
sh603898,2025-05-09,1,first_probe,0.3998566517623248,56.72861300773151,0.8382352941176452,0.0,6.361085126286237,4.677268475210483,4.347826086956541,77.2248454390679,0,0,0,0,,,0,0,0,0,0,0,8.98148148148148,6.018518518518512,10.925925925925917,8.98148148148148,10.925925925925917,1.4814814814814836,0,0,0,0,0,0,False,False,False,False,True,False,False,False,False
sh603998,2025-06-09,1,first_probe,0.27592240514778715,16.662841568545627,0.5625000000000013,-1.1439466158246092,5.998125585754455,4.02999062792877,5.593056894889115,73.29552906366335,0,0,0,0,,,0,0,0,0,0,0,2.8310502283105166,-10.59360730593607,2.8310502283105166,-6.21004566210045,7.0319634703196465,5.4794520547945424,0,0,0,0,0,0,False,False,True,False,True,False,False,False,False
sh605003,2025-08-21,1,first_probe,0.7500293364035349,23.407148302582062,0.6739130434782609,-1.9761218608480902,13.855421686747004,13.855421686747004,2.0159596808063895,81.73946528849311,1,1,0,0,3.0,,0,1,0,0,0,0,23.219431864965003,-6.504734458624939,23.219431864965003,3.1288596130094826,23.219431864965003,-2.0172910662824117,1,1,0,0,1,0,True,True,True,False,True,False,False,True,True
sh605005,2024-09-02,1,first_probe,6.159513458129213,18.4838775601617,0.7569444444444446,0.0,9.492419248516804,9.492419248516804,2.7814569536423805,89.23545492984005,0,0,0,0,,,0,0,0,0,0,0,0.8376288659793785,-5.0257731958762815,19.845360824742286,5.219072164948435,19.845360824742286,10.631443298969078,1,0,0,0,0,0,True,True,True,False,True,False,False,True,True
sh605081,2025-04-11,1,first_probe,0.38965107103816116,14.82074250652496,1.3235294117647034,-7.540983606557372,6.028368794326244,4.964539007092195,-1.9503546099290725,75.50246174450149,0,0,0,0,,,0,0,0,0,0,0,6.690777576853524,-4.3399638336347195,11.754068716094013,8.318264014466536,35.623869801084986,21.880650994575035,0,0,1,0,0,1,False,False,False,False,True,False,False,False,False
sh605118,2024-09-02,1,first_probe,0.5288140160325412,45.45553027591731,0.7966101694915252,0.0,8.183079056865461,4.576976421636614,1.664355062413314,79.6265972935687,0,0,0,0,35.0,,0,1,0,0,0,0,8.799454297407916,-6.343792633014999,25.443383356070946,9.618008185538883,25.443383356070946,14.665757162346505,1,1,0,0,1,0,False,False,True,False,True,False,False,False,False
sh605298,2025-08-14,1,first_probe,0.254533122346614,21.406553882341534,1.2783018867924527,-1.0915197313182246,8.998302207130738,5.47538200339559,-2.504244482173179,79.0245270399831,0,1,0,1,11.0,11.0,1,2,0,0,1,0,24.727905964301257,21.288637353069227,103.74401393121464,79.79973878972572,137.96255986068786,67.5663909447105,1,1,1,1,1,1,False,False,False,False,True,False,False,False,False
sh605303,2025-11-25,1,first_probe,0.255621928435564,19.42743067563914,0.7428571428571434,2.3054755043227626,4.929577464788726,4.037558685445997,1.2676056338028152,70.19761784787181,1,1,1,1,3.0,3.0,1,1,0,0,0,0,11.868335651367644,-6.907742234585079,11.868335651367644,-17.802503477051456,11.868335651367644,-12.702828001854439,0,0,0,1,0,0,False,False,True,False,True,False,False,False,False
sh605369,2025-05-21,1,first_probe,0.3441603765611678,295.74130189478575,1.2789968652037622,-1.1304909560723608,10.421430904933015,3.234237177393018,-2.90754655341392,83.03660461175232,0,0,0,0,,,0,0,0,0,0,0,-7.267833109017497,-8.68102288021534,-7.267833109017497,-12.920592193808877,-7.267833109017497,-33.78196500672948,0,0,0,0,0,0,False,False,False,False,True,False,False,False,False
sz000004,2024-12-23,1,first_probe,0.7627173360297689,18.128626290232624,1.0708661417322833,-9.571286141575264,7.001102535832415,4.46527012127893,-0.4961411245865466,80.70801544977057,0,0,0,0,25.0,25.0,1,1,0,0,0,0,-8.144044321329657,-27.368421052631586,-8.144044321329657,-36.56509695290859,-8.144044321329657,-28.975069252077567,0,0,0,0,0,0,True,True,False,False,True,False,False,True,False
sz000004,2024-12-31,2,retest_probe,0.3265222350910434,16.50607608101685,0.8873239436619719,0.21818181818180626,5.159883720930236,3.6337209302325535,0.43541364296082463,75.91231431898986,0,1,0,1,19.0,19.0,1,1,0,0,0,0,4.046242774566489,-3.0346820809248554,4.046242774566489,-14.161849710982654,5.419075144508678,-8.59826589595375,0,0,0,1,0,0,False,False,False,True,False,False,False,False,False
sz000007,2024-09-27,1,first_probe,0.2587428889934403,17.901234682473937,0.4999999999999989,2.0725388601036343,6.72268907563025,6.72268907563025,4.0609137055837685,75.54377463915253,1,1,1,1,1.0,1.0,1,1,0,0,0,0,25.203252032520318,6.991869918699178,25.203252032520318,9.430894308943083,39.99999999999999,18.048780487804873,1,1,1,1,1,1,False,False,True,False,True,False,False,False,False
sz000007,2024-11-11,2,retest_probe,0.42664135368015826,17.236032765744035,0.7272727272727273,0.536193029490617,5.8666666666666645,4.0000000000000036,1.6000000000000014,76.55318006201959,0,0,0,0,,,0,0,0,0,0,0,2.887139107611536,-7.349081364829402,2.887139107611536,-4.5931758530183835,2.887139107611536,-9.055118110236226,0,0,0,0,0,0,False,False,True,True,False,False,False,False,False
sz000008,2025-08-21,1,first_probe,0.31878522349368876,25.000223754421604,0.6896551724137936,-0.34129692832765013,9.965635738831624,6.185567010309279,2.7397260273972712,85.0532037872399,0,0,0,0,,,0,0,0,0,0,0,0.6666666666666599,-6.999999999999995,0.6666666666666599,-1.3333333333333308,1.0000000000000009,-3.3333333333333326,0,0,0,0,0,0,False,False,True,False,True,False,False,False,False
sz000016,2024-09-03,1,first_probe,0.6809367996183204,16.68357677135481,0.8888888888888888,-2.2727272727272707,6.741573033707882,5.243445692883908,4.263565891472854,82.92379492674365,0,1,0,1,12.0,12.0,1,1,0,0,0,0,0.3717472118959231,-3.3457249070631967,35.315985130111535,19.330855018587357,187.73234200743497,137.17472118959105,1,1,1,1,1,1,True,True,False,False,True,False,False,True,False
sz000016,2024-11-04,2,retest_probe,0.6223465392926134,94.57758719575261,1.0,-9.560723514211888,7.173601147776187,6.312769010043051,-0.4285714285714337,90.31787909191675,0,0,0,0,33.0,33.0,1,1,0,0,0,0,5.451936872309893,-28.98134863701578,5.451936872309893,-24.677187948350067,5.451936872309893,-12.912482065997121,0,0,0,0,0,0,False,True,False,True,False,False,False,False,False
sz000016,2025-02-24,3,retest_probe,0.4469899381038647,14.941492533969463,0.965517241379311,1.486988847583648,5.311355311355315,4.21245421245422,0.1831501831501825,80.19193607569034,1,1,1,1,5.0,5.0,1,1,0,0,0,0,11.700182815356497,-0.9140767824497242,11.700182815356497,-11.334552102376605,11.700182815356497,-10.054844606946977,0,0,0,1,0,0,False,False,False,True,False,False,False,False,False
sz000016,2025-06-25,4,retest_probe,0.7332541246177284,14.144920205635707,0.6874999999999987,0.0,6.324110671936767,5.731225296442699,1.7751479289940697,82.47646925332984,0,0,0,0,33.0,33.0,1,1,0,0,0,0,4.263565891472854,0.9689922480620172,4.651162790697683,-4.651162790697683,9.883720930232553,8.914728682170537,0,0,0,0,0,0,True,True,True,False,False,False,False,False,False
sz000017,2025-11-26,1,first_probe,0.2659964357601996,13.777576388205894,1.0,-1.2468827930174564,8.279430789133224,5.045278137128051,-2.3989898989898895,77.25459147685746,0,1,0,1,16.0,16.0,1,1,0,0,0,0,10.34928848641654,7.89133247089262,15.13583441138422,7.244501940491577,15.13583441138422,4.915912031047842,1,0,0,1,0,0,False,False,False,False,True,False,False,False,False
sz000020,2025-05-22,1,first_probe,0.43592902066871003,34.409715931905836,0.7346938775510189,0.24793388429753538,8.0858085808581,6.188118811881194,2.06100577081616,83.22683839432759,0,1,0,1,12.0,17.0,2,1,1,0,0,0,2.6655896607431284,1.5347334410339197,34.733441033925686,10.258481421647826,34.733441033925686,8.319870759289172,1,1,1,1,1,1,False,False,True,False,True,False,False,False,False
sz000020,2025-06-26,2,retest_probe,0.45914768643610954,16.142762437232438,1.2318840579710142,0.9985734664764712,4.890148830616603,4.1814316087881,-1.4830508474576343,79.42377149097263,0,0,0,0,,,0,0,0,0,0,0,5.3046594982078865,-3.2258064516129004,5.3046594982078865,-5.232974910394262,5.3046594982078865,3.2974910394265367,0,0,0,0,0,0,False,False,False,True,False,False,False,False,False
sz000025,2024-09-27,1,first_probe,0.42563027100531214,15.323538059842281,0.3603603603603603,1.8455228981544725,7.4747474747474785,6.936026936026951,4.429530201342291,71.80010540989402,0,1,0,1,15.0,15.0,2,3,1,0,1,1,19.151670951156795,1.9922879177377784,40.03856041131104,16.77377892030849,40.03856041131104,19.215938303341893,1,1,1,1,1,1,False,False,True,False,True,False,False,False,False
sz000025,2025-04-01,2,retest_probe,0.438634988729474,32.67105701654365,1.1590909090909092,0.0,4.878048780487809,3.7694013303769314,-0.77605321507761,79.29430147118073,1,1,1,1,10.0,10.0,3,3,1,1,1,1,8.212290502793307,-2.178770949720654,18.491620111731866,-6.424581005586583,18.491620111731866,3.184357541899452,1,0,0,1,1,1,False,False,False,True,False,False,False,False,False
sz000031,2025-04-16,1,first_probe,0.7007374947894408,23.920703644582122,1.0666666666666653,3.3707865168539186,5.494505494505497,4.029304029304015,-1.4492753623188248,84.50178147571651,0,0,0,0,,,0,0,0,0,0,0,5.1470588235293935,-4.044117647058831,5.1470588235293935,-1.4705882352941235,5.1470588235293935,-2.573529411764719,0,0,0,0,0,0,True,True,False,False,True,False,False,True,False
sz000031,2025-10-29,2,retest_probe,0.8427852940124696,24.56417984732627,0.5517241379310349,-0.31347962382444194,9.206349206349218,7.619047619047636,3.1446540880503138,86.4666349644025,0,0,0,0,,,0,0,0,0,0,0,1.8292682926829285,1.5243902439024515,4.268292682926833,-5.182926829268286,4.268292682926833,-11.585365853658535,0,0,0,0,0,0,True,True,True,True,False,True,True,False,False
sz000032,2025-04-18,1,first_probe,0.3122033526556026,20.107383191642683,0.5593220338983054,0.8344923504867818,5.42528735632184,4.9195402298850555,2.390804597701157,74.46555239437768,0,0,0,0,,,0,0,0,0,0,0,6.241580601706342,3.8616973506959917,7.09474629546476,-9.115401885945218,7.09474629546476,-15.80601706331387,0,0,0,0,0,0,False,False,True,False,True,False,False,False,False
sz000037,2025-04-25,1,first_probe,0.9192096827217024,18.63751908193383,0.47169811320754773,-0.23752969121139111,6.227967097532305,6.110458284371334,4.642857142857126,82.81037124090741,0,0,0,0,21.0,21.0,1,1,0,0,0,0,1.7064846416382284,-3.5267349260523218,1.7064846416382284,-2.1615472127417434,16.15472127417521,-2.7303754266211455,0,0,0,0,0,0,True,True,True,False,True,False,False,True,True
sz000037,2025-05-30,2,retest_probe,0.39475842272731565,21.952460409395684,1.0952380952380951,3.594080338266381,8.964781216648898,7.043756670224122,-5.204081632653079,86.20687861155174,1,1,0,0,9.0,24.0,2,1,1,0,0,0,6.673842841765354,0.5382131324004336,6.673842841765354,-7.857911733046274,22.820236813778273,-0.21528525296016232,0,0,0,0,1,0,False,False,False,True,False,False,False,False,False
sz000037,2025-07-08,3,retest_probe,0.32894720408680633,39.15661075459704,1.0476190476190488,0.09469696969697239,7.947019867549665,3.6896877956480667,-0.37842951750237663,79.51286205775938,0,0,0,0,,,0,0,0,0,0,0,3.5137701804368593,-8.357075023741679,3.5137701804368593,-12.155745489078818,3.5137701804368593,-15.859449192782527,0,0,0,0,0,0,False,False,False,True,False,False,False,False,False
sz000045,2025-11-26,1,first_probe,0.4967224088696884,33.87963926695572,0.5757575757575768,-0.24019215372297342,5.31400966183575,4.750402576489532,1.9261637239165186,78.46185879357672,0,0,0,0,38.0,38.0,1,1,0,0,0,0,0.07874015748032814,-2.8346456692913358,0.07874015748032814,-5.039370078740147,8.976377952755922,6.299212598425208,0,0,0,0,0,0,False,False,True,False,True,False,False,False,False
sz000056,2024-12-10,1,first_probe,0.6210859947704658,15.662501371164486,1.1489361702127656,-7.017543859649134,12.668463611859826,3.7735849056603765,-1.8867924528301883,80.33848650558497,1,1,1,1,6.0,6.0,1,1,0,0,0,0,6.868131868131866,-10.989010989010984,6.868131868131866,-27.1978021978022,6.868131868131866,-12.362637362637363,0,0,0,1,0,0,False,True,False,False,True,False,False,False,False
sz000056,2025-03-14,2,retest_probe,0.6106166071393311,13.397447183654954,0.8333333333333326,-1.1363636363636354,8.450704225352123,8.169014084507054,3.4482758620689724,84.5533802295372,1,1,0,0,6.0,,0,1,0,0,0,0,13.33333333333333,0.8333333333333304,13.33333333333333,-5.000000000000004,13.33333333333333,-13.33333333333333,0,0,0,0,0,0,False,True,False,True,False,False,False,False,False
sz000056,2025-04-11,3,retest_probe,0.6309359028207312,21.186780191790874,0.6800000000000015,-0.3154574132492094,7.8125,4.374999999999996,3.797468354430378,86.50519254072107,0,0,0,0,,,0,0,0,0,0,0,7.621951219512191,-6.4024390243902385,7.621951219512191,-2.7439024390243816,7.621951219512191,-4.2682926829268215,0,0,0,0,0,0,False,True,True,True,False,False,False,False,False
sz000058,2024-11-04,1,first_probe,1.1537949639953033,64.11841488672951,1.0,-9.999999999999998,4.938271604938271,3.8159371492704874,0.0,83.07964033306735,0,1,0,1,18.0,18.0,1,1,0,0,0,0,12.121212121212132,-3.8159371492704763,15.937149270482598,15.937149270482598,24.691358024691358,-7.070707070707083,1,0,0,1,0,0,True,True,False,False,True,False,False,True,False
sz000059,2024-10-24,1,first_probe,0.3261140067878018,35.30169569923796,0.4499999999999999,1.2396694214876103,8.163265306122437,7.959183673469372,4.489795918367334,78.31147059331288,0,0,0,0,,,0,0,0,0,0,0,11.328125,4.1015625,14.84375,10.7421875,14.84375,-2.148437500000011,0,0,0,0,0,0,False,False,True,False,True,False,False,False,False
sz000088,2024-11-26,1,first_probe,2.448121279527541,32.150452200590465,0.6666666666666666,0.0,7.942973523421593,3.462321792260692,2.857142857142847,85.37377966248118,0,0,0,0,,,0,0,0,0,0,0,4.166666666666674,0.1984126984126977,4.166666666666674,-3.373015873015872,4.166666666666674,-7.142857142857151,0,0,0,0,0,0,True,True,True,False,True,False,False,True,True
sz000096,2025-05-13,1,first_probe,0.44599130630232825,27.849964661689242,0.6363636363636361,0.9994121105232123,7.683352735739235,4.307334109429584,2.79394644935973,78.85986605151578,0,0,0,0,,,0,0,0,0,0,0,7.870894677236695,5.0396375990940045,8.720271800679491,-21.63080407701019,8.720271800679491,-27.010192525481315,0,0,0,0,0,0,False,False,True,False,True,False,False,False,False
sz000099,2024-11-22,1,first_probe,0.6811880694400148,16.291359296854175,0.8660714285714297,-1.1912865895166713,7.655502392344493,5.297334244702645,1.825697554254213,79.5735069483698,0,0,0,0,,,0,0,0,0,0,0,0.8119079837618504,-8.525033829499318,0.8119079837618504,-12.347767253044651,0.8119079837618504,-20.53450608930988,0,0,0,0,0,0,True,True,False,False,True,False,False,True,False
sz000151,2024-09-06,1,first_probe,0.463347359710016,29.04718282532918,0.9285714285714277,-0.11001100110010764,7.543103448275867,3.4482758620689724,2.753303964757703,86.8715242342837,1,1,1,1,1.0,1.0,1,1,0,0,0,0,19.292604501607723,19.292604501607723,48.12433011789925,36.12004287245445,99.67845659163986,78.13504823151128,1,1,1,1,1,1,False,False,False,False,True,False,False,False,False
sz000151,2024-10-11,2,retest_probe,0.4823847726937902,40.20652517647603,1.4186046511627894,0.8573655494933607,6.646058732612059,6.1051004636785144,-2.782071097372485,81.53212671345817,1,1,1,1,8.0,8.0,1,1,0,0,0,0,18.28298887122417,15.103338632750397,48.09220985691574,35.532591414944356,50.23847376788553,29.09379968203496,1,1,1,1,1,1,False,False,False,True,False,False,False,False,False
sz000151,2024-11-26,3,retest_probe,0.2804781346732384,17.22709817851761,0.6140350877192976,-1.715265866209248,9.947643979057585,6.340895869691687,3.839441535776622,76.91109155565722,0,0,0,0,,,0,0,0,0,0,0,-3.6414565826330625,-7.45098039215687,-1.0644257703081306,-18.31932773109244,-1.0644257703081306,-25.658263305322137,0,0,0,0,0,0,False,False,True,True,False,False,False,False,False
sz000151,2025-07-11,4,retest_probe,0.46695337475618914,23.25072617205342,0.5899280575539568,-0.4542013626040897,10.62691131498472,7.18654434250765,3.802281368821303,81.96140065906606,0,0,0,0,,,0,0,0,0,0,0,1.391941391941387,-4.468864468864475,1.391941391941387,-5.787545787545789,1.391941391941387,-6.080586080586081,0,0,0,0,0,0,False,False,True,False,False,False,False,False,False
sz000153,2025-07-02,1,first_probe,0.2764320468629774,15.885641887810968,1.5384615384615377,1.178203240058906,5.524079320113318,3.116147308781869,-0.29112081513829047,76.84665885504585,0,1,0,1,18.0,18.0,1,1,0,0,0,0,0.0,-1.31386861313868,17.956204379562045,6.715328467153281,17.956204379562045,-1.4598540145985384,1,0,0,1,0,0,False,False,False,False,True,False,False,False,False
sz000155,2024-12-04,1,first_probe,0.5961781729609006,15.09933436870445,1.5357142857142871,0.07587253414262918,6.194690265486735,4.572271386430682,-0.6065200909780133,80.93847756127045,0,0,0,0,,,0,0,0,0,0,0,-1.449275362318836,-9.382151029748275,-1.449275362318836,-19.83218916857361,-1.449275362318836,-14.492753623188392,0,0,0,0,0,0,False,True,False,False,True,False,False,False,False
sz000158,2024-09-06,1,first_probe,0.5979527289139696,21.107416360756545,0.509090909090908,0.0,7.713884992987374,5.189340813464227,4.372355430183372,83.58653851426239,1,1,1,1,2.0,2.0,1,1,0,0,0,0,75.40540540540542,48.37837837837837,189.32432432432432,183.64864864864862,438.91891891891896,322.83783783783775,1,1,1,1,1,1,False,True,True,False,True,False,False,False,False
sz000301,2024-11-15,1,first_probe,0.6285336690012445,13.410584982415392,0.8793103448275857,1.0266940451745254,5.864509605662294,3.640040444893833,1.2195121951219523,77.07008079146314,0,0,0,0,,,0,0,0,0,0,0,0.0,-4.216867469879537,0.0,-7.028112449799206,0.0,-16.56626506024097,0,0,0,0,0,0,False,True,False,False,True,False,False,False,False
sz000402,2024-10-24,1,first_probe,0.37501420163608634,16.041901354278583,0.9,-1.2307692307692353,6.230529595015577,4.049844236760114,0.6230529595015577,78.03498195110754,1,1,1,1,9.0,10.0,1,2,0,0,1,0,36.8421052631579,36.8421052631579,45.820433436532504,21.671826625387002,45.820433436532504,12.693498452012397,1,1,1,1,1,1,False,False,False,False,True,False,False,False,False
sz000402,2025-10-17,2,retest_probe,0.574005870279542,30.465468962363037,1.133333333333333,-0.33333333333332993,4.950495049504955,3.630363036303641,0.6688963210702115,83.91195750403664,0,0,0,0,,,0,0,0,0,0,0,7.973421926910307,0.33222591362127574,7.973421926910307,5.980066445182719,7.973421926910307,-6.976744186046513,0,0,0,0,0,0,False,False,False,True,False,False,False,False,False
sz000417,2024-10-21,1,first_probe,1.3064777200293212,30.561098975484988,0.4193548387096764,-0.2057613168724437,6.339468302658502,5.316973415132931,4.53608247422681,84.71050526123184,0,0,0,0,28.0,,0,1,0,0,0,0,11.242603550295849,3.5502958579881616,13.017751479289942,4.339250493096647,47.53451676528599,38.8560157790927,0,0,1,0,0,1,True,True,True,False,True,False,False,True,True
sz000419,2025-06-25,1,first_probe,0.3318395848218959,26.805572278373678,0.5714285714285721,1.610017889087656,7.460035523978692,3.1971580817051537,2.2887323943661997,80.11429211101826,0,0,0,0,35.0,,0,1,0,0,0,0,0.1721170395869276,0.0,3.958691910499157,2.0654044750430423,15.3184165232358,1.376936316695354,0,0,0,0,0,0,False,False,True,False,True,False,False,False,False
sz000420,2025-02-19,1,first_probe,0.5944614343858805,26.065045363050324,0.5882352941176479,-0.28901734104045396,4.885057471264376,2.8735632183908066,2.898550724637672,79.30486119828393,0,1,0,1,19.0,19.0,1,1,0,0,0,0,17.746478873239436,9.014084507042263,17.746478873239436,10.422535211267615,17.746478873239436,-5.070422535211261,1,0,0,1,0,0,False,True,True,False,True,False,False,False,False
sz000420,2025-04-30,2,retest_probe,0.356957609961996,29.23525323486601,0.5789473684210521,0.0,5.36723163841808,3.672316384180796,1.400560224089653,78.56284505844161,1,1,1,1,7.0,7.0,2,4,1,0,1,1,39.226519337016576,39.226519337016576,41.71270718232043,14.364640883977886,41.71270718232043,10.497237569060779,1,1,1,1,1,1,False,False,True,True,False,False,False,False,False
sz000421,2024-09-02,1,first_probe,0.45282147707820386,35.51933156902282,0.6410256410256401,0.0,8.478260869565224,8.043478260869573,3.04347826086957,83.58505868856433,0,0,0,0,,,0,0,0,0,0,0,3.586497890295348,-4.641350210970474,30.801687763713083,12.23628691983123,30.801687763713083,25.31645569620253,1,1,1,0,1,1,False,False,True,False,True,False,False,False,False
sz000421,2024-11-29,2,retest_probe,0.39835499036692873,13.558912470980264,0.9130434782608695,-4.392764857881137,12.466124661246614,7.723577235772372,0.8108108108108025,77.49275488298495,1,1,1,1,2.0,2.0,1,1,0,0,0,0,16.353887399463794,-6.434316353887393,16.353887399463794,-4.4235924932975905,16.353887399463794,-18.36461126005362,1,0,0,1,0,0,False,False,False,True,False,False,False,False,False
sz000421,2025-05-16,3,retest_probe,0.6128458299633284,13.480598832931054,0.7812499999999993,-0.16286644951140072,5.228758169934644,4.084967320261446,0.978792822185981,79.68842540952649,0,0,0,0,,,0,0,0,0,0,0,10.662358642972514,4.846526655896599,10.662358642972514,5.8158319870759145,14.701130856219692,9.693053311793198,0,0,0,0,0,0,False,True,True,True,False,False,False,False,False
sz000430,2024-09-27,1,first_probe,0.7194482395898169,28.768700719228356,0.5769230769230771,0.0,7.669616519174038,3.3923303834808127,3.2448377581120846,78.60385556927687,1,1,1,1,1.0,1.0,1,1,0,0,0,0,18.571428571428573,-13.142857142857146,18.571428571428573,-1.7142857142857126,18.571428571428573,-1.285714285714279,1,0,0,1,0,0,True,True,True,False,True,False,False,True,True
sz000501,2025-02-17,1,first_probe,0.5991888435198711,18.509860162467415,0.5762711864406779,0.0,6.949352179034163,4.829210836277986,1.7462165308498312,78.20611508184842,0,0,0,0,27.0,35.0,1,1,0,0,0,0,2.7459954233409745,-1.94508009153318,2.8604118993134975,0.5720823798626817,28.718535469107543,10.869565217391287,0,0,0,0,0,0,False,True,True,False,True,False,False,False,False
sz000504,2024-09-26,1,first_probe,0.6063451640143773,14.961729405443615,0.3888888888888901,-1.216216216216226,4.904632152588562,3.542234332425065,3.4199726402188713,75.34609324809011,1,1,0,0,10.0,,0,1,0,0,0,0,23.54497354497356,11.111111111111116,44.44444444444444,36.904761904761905,50.66137566137567,37.830687830687836,1,1,1,0,1,1,False,True,True,False,True,False,False,False,False
sz000504,2025-01-15,2,retest_probe,0.3541093061519222,21.087043800620034,0.3636363636363603,-0.9216589861751112,5.116279069767438,3.604651162790695,3.2558139534883956,68.63466427480995,0,0,0,0,,,0,0,0,0,0,0,8.783783783783772,2.1396396396396344,10.135135135135108,5.292792792792778,25.450450450450447,14.75225225225223,0,0,0,0,0,0,False,False,True,True,False,False,False,False,False
sz000504,2025-03-03,3,retest_probe,0.7181739583282908,23.452472072727904,0.7605633802816899,-0.10604453870625141,7.419017763845348,5.224660397074188,3.397027600849256,79.72380381594449,0,0,0,0,21.0,,0,1,0,0,0,0,14.373716632443534,5.03080082135523,14.373716632443534,-2.361396303901442,14.373716632443534,-41.375770020533885,0,0,0,0,0,0,True,True,True,True,False,True,True,False,False
sz000505,2024-10-14,1,first_probe,0.3943467626789791,22.059910767870015,0.3870967741935464,0.6230529595015577,4.740061162079501,3.822629969418956,4.179566563467496,71.62540464226946,0,0,0,0,35.0,35.0,1,1,0,0,0,0,1.7830609212481363,-1.1887072808320909,4.606240713224352,-0.5943536404160454,13.67013372956909,3.5661218424962726,0,0,0,0,0,0,False,False,True,False,True,False,False,False,False
sz000516,2024-09-11,1,first_probe,0.5545799051200144,20.67553907321094,1.1666666666666692,-1.9867549668874163,6.756756756756754,3.828828828828823,-1.1261261261261368,79.93856097172444,0,1,0,1,11.0,11.0,1,1,0,0,0,0,15.03416856492028,12.98405466970387,38.7243735763098,18.22323462414581,49.43052391799545,29.84054669703873,1,1,1,1,1,1,False,False,False,False,True,False,False,False,False
sz000518,2024-09-02,1,first_probe,8.118991747524754,35.94960114976899,0.4444444444444444,0.0,8.866995073891637,6.896551724137945,4.92610837438423,82.22630549072574,0,0,0,0,31.0,31.0,1,1,0,0,0,0,0.9389671361502261,-7.981220657276989,23.943661971831,6.572769953051649,43.1924882629108,31.924882629107998,1,1,1,0,1,1,True,True,True,False,True,False,False,True,True
sz000518,2024-12-25,2,retest_probe,1.2206971780033398,17.663210780973863,0.5000000000000007,-1.2820512820512886,10.84745762711863,7.7966101694915135,0.9740259740259605,83.34352667467536,1,1,1,1,7.0,7.0,1,1,0,0,0,0,7.395498392282951,-16.077170418006435,7.395498392282951,-25.080385852090025,7.395498392282951,-23.472668810289388,0,0,0,1,0,0,True,True,True,True,False,True,True,False,False
sz000518,2025-04-03,3,retest_probe,0.6374805704976617,16.757041530660427,0.5882352941176463,-0.3906250000000111,6.719367588932812,5.138339920948631,1.9607843137255054,78.93203285153425,0,0,0,0,,,0,0,0,0,0,0,-9.615384615384615,-17.692307692307686,-9.615384615384615,-28.846153846153843,-9.615384615384615,-11.538461538461553,0,0,0,0,0,0,False,True,True,True,False,False,False,False,False
sz000520,2024-11-06,1,first_probe,0.7020376147237508,15.131031529635392,1.702702702702702,-2.5751072961373467,10.866372980910421,4.2584434654919345,-7.635829662261373,82.5757263820093,0,0,0,0,22.0,22.0,1,1,0,0,0,0,4.9284578696343395,-15.262321144674084,4.9284578696343395,-16.85214626391096,4.9284578696343395,-26.70906200317965,0,0,0,0,0,0,True,True,False,False,True,False,False,True,False
sz000520,2025-06-24,2,retest_probe,0.38546780766439875,20.537729765422363,0.6285714285714284,-9.790209790209781,6.782945736434098,4.069767441860472,2.519379844961245,74.31188072388015,0,0,0,0,,,0,0,0,0,0,0,-0.5671077504725952,-4.914933837429103,-0.5671077504725952,-6.427221172022679,-0.5671077504725952,-8.50661625708885,0,0,0,0,0,0,False,False,True,True,False,False,False,False,False
sz000520,2025-09-23,3,retest_probe,0.6425290353955546,22.58027955536138,0.6923076923076917,-0.44150110375277274,5.627705627705626,5.1948051948051965,4.212860310421296,80.66416916710611,0,0,0,0,,,0,0,0,0,0,0,3.1914893617021267,-5.106382978723412,3.1914893617021267,-3.82978723404257,13.617021276595743,-4.680851063829783,0,0,0,0,0,0,False,True,True,True,False,False,False,False,False
sz000523,2024-12-20,1,first_probe,0.3082629276582628,15.699594175120255,0.9444444444444455,0.29761904761904656,5.217391304347818,4.347826086956519,2.6706231454005858,77.49005046750553,0,0,0,0,,,0,0,0,0,0,0,-0.28901734104045396,-17.6300578034682,-0.28901734104045396,-14.45086705202312,-0.28901734104045396,-11.849710982658967,0,0,0,0,0,0,False,False,False,False,True,False,False,False,False
sz000526,2025-01-27,1,first_probe,0.5400851995991517,29.883296099544975,0.7892976588628755,0.679117147707986,7.20308359431463,5.179474825343289,1.5177065767284947,86.33110419181156,0,0,0,0,,,0,0,0,0,0,0,26.41196013289038,18.652112007593736,28.310393925011866,18.652112007593736,28.310393925011866,13.194114855244422,1,1,0,0,1,0,False,False,True,False,True,False,False,False,False
sz000531,2025-07-10,1,first_probe,0.6717305647396477,14.040002072222205,0.8108108108108125,0.4484304932735439,5.489614243323437,5.489614243323437,1.3392857142857206,81.08486521497579,0,0,0,0,,,0,0,0,0,0,0,5.873715124816448,-3.083700440528636,5.873715124816448,-5.580029368575623,5.873715124816448,-6.754772393538911,0,0,0,0,0,0,True,True,False,False,True,False,False,True,False
sz000531,2025-07-14,2,continuous_probe,0.3672966181656763,18.87600003632443,0.6595744680851059,0.14858841010401136,6.973293768545985,4.599406528189909,2.3738872403560762,77.14556970516814,0,0,0,0,,,0,0,0,0,0,0,-0.28985507246377384,-5.797101449275366,-0.28985507246377384,-6.811594202898563,-0.28985507246377384,-6.231884057971026,0,0,0,0,0,0,False,False,True,True,False,False,False,False,False
sz000532,2025-02-07,1,first_probe,0.3155984281557694,28.874482613242087,0.5235294117647044,0.05652911249292014,9.604519774011289,5.988700564971761,4.5762711864406835,76.57258057622722,0,0,0,0,,,0,0,0,0,0,0,8.58995137763372,-9.34629929767693,8.58995137763372,-13.884386817936257,8.58995137763372,-25.013506212857916,0,0,0,0,0,0,False,False,True,False,True,False,False,False,False
sz000534,2025-04-11,1,first_probe,0.6437738190884215,17.09841507133244,0.6666666666666674,-0.9200283085633476,6.000000000000005,4.285714285714293,2.0000000000000018,80.29642488920425,0,0,0,0,,,0,0,0,0,0,0,6.372549019607843,5.3221288515406195,13.935574229691872,7.142857142857162,13.935574229691872,-3.991596638655448,0,0,0,0,0,0,False,True,True,False,True,False,False,False,False
sz000536,2025-10-16,1,first_probe,0.2625671304234757,28.311951812926416,0.4545454545454534,-0.42553191489362874,4.721030042918439,3.218884120171661,2.1367521367521514,75.01226029693025,0,0,0,0,21.0,21.0,1,1,0,0,0,0,6.066945606694563,1.673640167364021,9.205020920502083,1.0460251046024993,38.07531380753137,8.158995815899583,0,0,1,0,0,1,False,False,True,False,True,False,False,False,False
sz000545,2024-09-06,1,first_probe,0.3161593812361992,34.26701028578587,0.9230769230769247,-0.9852216748768461,6.499999999999995,4.0000000000000036,0.0,84.88914305746242,0,1,0,1,14.0,14.0,1,1,0,0,0,0,1.4925373134328401,-5.472636815920396,27.86069651741294,5.472636815920406,50.74626865671643,38.80597014925375,1,1,1,1,1,1,False,False,False,False,True,False,False,False,False
sz000545,2024-10-23,2,retest_probe,0.6967228955557845,27.80138513871025,0.42857142857142855,0.44642857142855874,6.278026905829592,4.035874439461873,2.6666666666666616,81.37914087847864,1,1,1,1,5.0,5.0,1,1,0,0,0,0,31.168831168831158,21.212121212121193,31.168831168831158,13.85281385281385,32.03463203463202,17.74891774891776,1,1,1,1,1,1,True,True,True,True,False,True,True,False,False
sz000545,2024-11-14,3,retest_probe,0.45143906693482716,14.3964448474197,1.1428571428571432,-0.7352941176470562,5.185185185185182,5.185185185185182,-0.7407407407407418,81.57540761567877,0,0,0,0,26.0,,0,1,0,0,0,0,5.597014925373123,1.1194029850746245,13.80597014925371,12.31343283582087,13.80597014925371,-23.134328358208954,0,0,0,0,0,0,False,False,False,True,False,False,False,False,False
sz000546,2025-04-14,1,first_probe,0.39303393437530654,61.52959041536951,0.5925925925925921,1.4563106796116498,6.459330143540676,3.5885167464114964,2.6315789473684292,77.97530679845386,0,0,0,0,29.0,33.0,1,1,0,0,0,0,1.3986013986013957,-3.7296037296037365,3.4965034965035002,1.631701631701632,18.181818181818187,9.790209790209792,0,0,0,0,0,0,False,False,True,False,True,False,False,False,False
sz000551,2025-08-20,1,first_probe,0.3201042240948596,17.25037417758147,0.5645161290322595,-0.577081615828523,5.024311183144259,4.943273905996759,4.56053067993365,74.19272204110553,0,0,0,0,,,0,0,0,0,0,0,0.5551149881046769,-11.340206185567004,0.5551149881046769,-8.881839809674851,0.5551149881046769,-10.626486915146705,0,0,0,0,0,0,False,False,True,False,True,False,False,False,False
sz000564,2024-11-01,1,first_probe,0.4116793441934601,17.83077173775964,0.6999999999999993,0.0,5.076142131979688,3.045685279187804,2.564102564102577,79.49705671755311,1,1,1,1,2.0,2.0,4,4,1,1,1,1,68.0,35.5,68.0,66.5,119.0,68.5,1,1,1,1,1,1,False,False,True,False,True,False,False,False,False
sz000564,2025-04-22,2,retest_probe,0.49361354966022075,30.516915217411825,0.5238095238095233,-0.3597122302158251,7.581227436823101,5.776173285198571,3.6101083032491044,83.75628335468774,0,0,0,0,23.0,,0,1,0,0,0,0,-1.0452961672474004,-7.66550522648084,-1.0452961672474004,-14.28571428571429,-1.0452961672474004,-23.69337979094077,0,0,0,0,0,0,False,False,True,True,False,False,False,False,False
sz000566,2024-09-20,1,first_probe,0.4756888841143425,19.859028752229907,1.5454545454545465,-7.272727272727275,5.392156862745101,3.4313725490195957,-2.941176470588236,78.38020694042923,1,1,1,1,6.0,6.0,1,1,0,0,0,0,19.696969696969703,-2.777777777777779,37.62626262626263,26.76767676767675,79.54545454545456,29.54545454545454,1,1,1,1,1,1,False,False,False,False,True,False,False,False,False
sz000570,2025-03-11,1,first_probe,0.6958606220067465,14.227668472391963,0.5999999999999989,-0.8389261744966459,7.475083056478415,7.142857142857162,4.906937394247035,82.18892242236197,1,1,1,1,2.0,2.0,1,1,0,0,0,0,10.000000000000009,-9.838709677419356,10.000000000000009,-18.870967741935484,10.000000000000009,-10.322580645161295,0,0,0,1,0,0,True,True,True,False,True,False,False,True,True
sz000571,2024-10-24,1,first_probe,0.28243044633748193,17.29076701812445,0.3928571428571436,-0.24154589371979673,6.779661016949157,6.537530266343827,4.1162227602905554,73.06827741176967,0,0,0,0,,,0,0,0,0,0,0,3.488372093023262,-7.906976744186045,3.488372093023262,-8.604651162790688,3.488372093023262,-19.767441860465105,0,0,0,0,0,0,False,False,True,False,True,False,False,False,False
sz000572,2025-10-17,1,first_probe,0.253978480144908,33.70030501340101,1.5081967213114744,0.0,8.543417366946793,6.022408963585435,-4.341736694677866,81.91104952478004,1,1,1,1,10.0,10.0,4,7,1,1,1,1,5.1244509516837455,-3.3674963396779,61.639824304538784,60.17569546120058,76.1346998535871,34.114202049780374,1,1,1,1,1,1,False,False,False,False,True,False,False,False,False
sz000573,2025-01-21,1,first_probe,0.3246120701142757,22.90835730056298,0.7083333333333324,-1.3483146067415852,5.3097345132743445,3.9823008849557695,4.555808656036442,77.31727194606879,1,1,1,1,2.0,2.0,1,1,0,0,0,0,27.668845315904143,-7.4074074074074066,27.668845315904143,16.99346405228759,27.668845315904143,8.932461873638342,1,1,0,1,1,0,False,False,True,False,True,False,False,False,False
sz000576,2025-03-25,1,first_probe,0.5597502345172056,19.24006046562069,1.157894736842104,0.13192612137202797,4.846938775510212,4.336734693877542,2.503293807641649,82.6662046026386,0,0,0,0,29.0,29.0,1,1,0,0,0,0,1.1568123393316254,-13.753213367609263,1.1568123393316254,-7.969151670951158,42.41645244215937,11.696658097686363,0,0,1,0,0,1,False,False,False,False,True,False,False,False,False
sz000584,2025-03-31,1,first_probe,1.0207540270564457,29.046733991405485,1.0,-5.172413793103436,8.636363636363642,7.272727272727253,0.0,92.15158820073592,0,1,0,1,20.0,20.0,2,2,1,0,1,0,-2.7272727272727337,-22.72727272727274,-2.7272727272727337,-89.0909090909091,,,0,0,0,1,1,0,True,True,False,False,True,False,False,True,False
sz000584,2025-04-10,2,retest_probe,2.0943433110233305,14.06180936984203,0.5714285714285707,-3.703703703703709,8.974358974358964,8.974358974358964,3.8461538461538547,76.24075086184995,0,1,0,1,13.0,13.0,2,2,1,0,1,0,21.604938271604922,-4.938271604938271,21.604938271604922,-85.80246913580247,,,1,1,0,1,1,0,True,True,True,True,False,True,True,False,False
sz000590,2025-07-14,1,first_probe,0.41510244936651286,18.05869991577058,0.976377952755906,-3.286713286713294,9.182935647143896,5.061460592913947,0.2169197396963085,79.63974237627014,1,1,0,1,1.0,20.0,1,1,0,0,0,0,10.02886002886003,-10.101010101010088,10.02886002886003,-5.555555555555558,10.02886002886003,-12.337662337662337,0,0,0,1,0,0,False,False,False,False,True,False,False,False,False
sz000592,2025-03-13,1,first_probe,0.41088570727920426,14.600355228382796,1.0,0.9933774834437026,5.863192182410426,3.583061889250816,0.6557377049180246,81.85707479052114,1,1,0,0,2.0,,0,1,0,0,0,0,16.938110749185675,-3.583061889250816,16.938110749185675,-0.6514657980456029,16.938110749185675,0.6514657980456029,1,0,0,0,0,0,False,False,False,False,True,False,False,False,False
sz000595,2024-09-13,1,first_probe,0.9726749982656627,14.006839712810107,0.7368421052631587,0.4089979550102374,7.802874743326482,6.776180698151957,1.2219959266802416,85.29680125058174,1,1,1,1,1.0,1.0,1,1,0,0,0,0,82.49496981891349,67.80684104627768,127.76659959758554,78.06841046277665,150.90543259557347,64.38631790744466,1,1,1,1,1,1,True,True,True,False,True,False,False,True,True
sz000595,2025-04-16,2,retest_probe,0.29265560302344634,14.978780458104978,0.5277777777777783,-0.5514705882353033,6.691449814126393,4.275092936802971,2.5878003696857554,71.5319880364861,0,0,0,0,,,0,0,0,0,0,0,0.540540540540535,-23.603603603603595,0.540540540540535,-16.75675675675675,0.540540540540535,-12.792792792792795,0,0,0,0,0,0,False,False,True,True,False,False,False,False,False
sz000595,2025-05-06,3,retest_probe,1.2292162897613306,117.65058690368159,0.5675675675675673,-4.895104895104896,9.068627450980404,7.843137254901977,3.9215686274509887,90.61641169332594,0,0,0,0,,,0,0,0,0,0,0,11.556603773584918,8.962264150943389,24.764150943396213,17.924528301886777,26.179245283018847,17.688679245283012,1,1,0,0,1,0,True,True,True,True,False,True,True,False,False
sz000599,2024-10-15,1,first_probe,0.49123274034243575,15.835290562053132,0.8461538461538459,-0.47058823529411153,6.018518518518512,3.47222222222221,3.0732860520094496,82.49036541357853,1,1,1,1,5.0,7.0,1,1,0,0,0,0,44.495412844036686,44.495412844036686,45.871559633027516,31.88073394495412,45.871559633027516,18.80733944954127,1,1,1,1,1,1,False,False,False,False,True,False,False,False,False
sz000605,2024-11-27,1,first_probe,0.4479288257441053,18.494241652185746,1.0192307692307687,-10.036496350364976,5.268490374873358,3.0395136778115672,0.0,74.23403551228911,0,0,0,0,,,0,0,0,0,0,0,-1.6227180527383367,-8.823529411764696,-1.6227180527383367,-21.298174442190664,-1.6227180527383367,-25.86206896551724,0,0,0,0,0,0,False,False,False,False,True,False,False,False,False
sz000605,2024-12-27,2,retest_probe,0.27645299686245994,26.09620512501915,1.131578947368418,0.2564102564102555,4.732254047322559,3.7359900373599153,2.0460358056265893,80.19088122780997,0,0,0,0,,,0,0,0,0,0,0,2.0050125313283207,-10.77694235588973,2.0050125313283207,-8.897243107769437,2.0050125313283207,-3.2581453634085267,0,0,0,0,0,0,False,False,False,True,False,False,False,False,False
sz000605,2025-03-20,3,retest_probe,0.41414767865628715,15.026433963422816,0.6964285714285697,0.12755102040815647,7.097591888466415,5.196451204055785,2.6751592356688114,78.96202868406694,0,0,0,0,38.0,38.0,1,2,0,0,1,0,0.8684863523573227,-7.568238213399503,0.8684863523573227,-11.290322580645162,16.62531017369726,12.034739454094279,0,0,0,0,0,0,False,False,True,True,False,False,False,False,False
sz000605,2025-09-17,4,retest_probe,0.5827271390547281,207.64645458730377,0.4615384615384612,0.0,10.655737704918034,8.06010928961749,3.337783711615483,84.23374419300788,0,0,0,0,,,0,0,0,0,0,0,-3.3591731266149893,-11.757105943152457,-3.3591731266149893,-5.297157622739023,-0.6459948320413411,-2.9715762273901825,0,0,0,0,0,0,False,True,True,False,False,False,False,False,False
sz000608,2024-10-09,1,first_probe,0.5037046331663358,104.99866212307153,1.0666666666666682,-10.144927536231874,6.024096385542155,5.6224899598393385,0.0,85.49976060366369,1,1,1,1,5.0,5.0,1,1,0,0,0,0,-3.629032258064513,-11.290322580645151,2.0161290322580516,0.8064516129032251,34.2741935483871,4.8387096774193505,0,0,1,1,0,1,False,False,False,False,True,False,False,False,False
sz000608,2024-11-13,2,retest_probe,0.591255405542504,14.014048837705268,1.0,-5.128205128205132,6.949806949806958,5.0193050193050315,0.0,77.29327706863423,1,1,1,1,3.0,3.0,1,1,0,0,0,0,6.563706563706551,-5.7915057915057915,21.235521235521237,15.444015444015458,21.235521235521237,-16.60231660231659,1,1,0,1,1,0,False,True,False,True,False,False,False,False,False
sz000608,2024-12-20,3,retest_probe,0.34584361285621845,22.782989750773922,1.187500000000002,0.7490636704119868,5.8394160583941535,5.8394160583941535,0.743494423791824,80.78332062232387,0,0,0,0,,,0,0,0,0,0,0,-1.1070110701106972,-23.616236162361627,-1.1070110701106972,-19.188191881918815,-1.1070110701106972,-19.188191881918815,0,0,0,0,0,0,False,False,False,True,False,False,False,False,False
sz000608,2025-11-19,4,retest_probe,0.495727843132327,15.480192207597966,0.5714285714285733,0.0,5.1470588235293935,4.044117647058809,1.831501831501825,75.22021936529032,0,0,0,0,,,0,0,0,0,0,0,-0.3597122302158251,-2.877697841726601,-0.3597122302158251,-15.827338129496404,27.697841726618712,27.697841726618712,0,0,0,0,0,0,False,False,True,False,False,False,False,False,False
sz000619,2024-12-16,1,first_probe,0.3869269986352153,19.786329520288817,1.7115384615384581,-0.35756853396902155,6.220095693779926,5.980861244019131,-4.425837320574155,81.00146123374668,0,0,0,0,22.0,22.0,1,1,0,0,0,0,8.3854818523154,-23.279098873591998,8.3854818523154,-25.657071339173964,8.3854818523154,-24.03003754693367,0,0,0,0,0,0,False,False,False,False,True,False,False,False,False
sz000619,2024-12-17,2,continuous_probe,0.9242893231677297,15.794710548345602,0.923076923076922,-0.7509386733416834,8.114856429463169,7.615480649188511,1.6393442622950838,81.5158336417225,0,0,0,0,21.0,21.0,1,1,0,0,0,0,1.4888337468982549,-23.697270471464016,1.4888337468982549,-29.40446650124069,1.4888337468982549,-25.806451612903224,0,0,0,0,0,0,True,True,False,True,False,True,False,False,False
sz000619,2025-01-06,3,retest_probe,0.3192944716386738,14.090584368823368,0.7846153846153849,-7.010014306151646,9.701492537313428,4.32835820895523,5.230769230769239,79.68721911104782,1,1,1,1,8.0,8.0,1,1,0,0,0,0,4.532163742690076,-7.602339181286544,4.532163742690076,-9.35672514619883,4.532163742690076,-1.900584795321636,0,0,0,1,0,0,False,False,True,True,False,False,False,False,False
sz000619,2025-01-09,4,continuous_probe,0.7768931039749328,15.38408860880538,0.6346153846153852,0.14903129657226621,7.902735562310026,7.598784194528885,0.7440476190476275,80.87646362438491,1,1,1,1,5.0,5.0,1,1,0,0,0,0,3.101920236336797,-12.555391432791719,3.101920236336797,-10.044313146233375,3.101920236336797,-3.3973412112259904,0,0,0,1,0,0,True,True,True,False,False,False,False,False,False
sz000620,2024-11-11,1,first_probe,0.2972297975409579,16.16569273357021,0.9285714285714299,0.0,6.249999999999978,4.910714285714279,0.44642857142855874,75.20389691405668,1,1,0,0,7.0,22.0,2,1,1,0,0,0,0.8888888888888946,-12.0,9.333333333333327,3.111111111111109,39.1111111111111,-9.777777777777786,0,0,1,0,1,1,False,False,False,False,True,False,False,False,False
sz000620,2025-09-02,2,retest_probe,0.7708973936124224,59.23969986634301,0.7777777777777797,-0.6172839506172867,5.555555555555536,4.320987654320985,1.8633540372670732,85.29587760367919,0,0,0,0,28.0,28.0,7,7,1,1,1,1,19.512195121951216,16.463414634146332,20.12195121951219,-1.2195121951219412,109.75609756097562,101.21951219512195,1,1,1,0,1,1,True,True,True,True,False,True,True,False,False
sz000626,2025-07-14,1,first_probe,0.30462795196120135,30.94719528875892,0.6595744680851059,-0.28368794326240065,6.685633001422464,4.267425320056906,2.2759601706970223,74.9896108468659,1,1,1,1,4.0,4.0,1,1,0,0,0,0,16.82892906815021,1.112656467315709,16.82892906815021,0.0,16.82892906815021,-4.033379694019468,1,0,0,1,0,0,False,False,True,False,True,False,False,False,False
sz000627,2025-04-30,1,first_probe,0.9930936788983136,145.66576103208135,1.0,-9.868421052631572,5.474452554744524,5.109489051094873,0.0,89.55324380821904,0,0,0,0,,,0,0,0,0,0,0,-5.109489051094895,-36.861313868613145,-5.109489051094895,-49.27007299270074,,,0,0,0,0,0,0,True,True,False,False,True,False,False,True,False
sz000628,2024-10-17,1,first_probe,0.635445469977706,17.84741433344176,0.6958637469586374,-9.849292129700105,6.940222897669712,3.4110097939885176,2.110773387369136,75.92365708452124,1,1,1,1,4.0,9.0,1,1,0,0,0,0,30.262940300975693,18.98462047296181,30.262940300975693,6.168347941127839,30.262940300975693,0.81031916652885,1,1,1,1,1,1,False,True,True,False,True,False,False,False,False
sz000632,2025-05-14,1,first_probe,0.40188371643316184,15.732672353787807,0.6399999999999995,0.2624671916010346,6.544502617801062,4.188481675392675,2.3560209424083878,76.37453320216146,0,0,0,0,30.0,30.0,1,1,0,0,0,0,1.2787723785166127,-8.43989769820972,1.7902813299232712,-1.278772378516635,9.462915601023013,3.8363171355498604,0,0,0,0,0,0,False,False,True,False,True,False,False,False,False
sz000632,2025-10-27,2,retest_probe,0.33271866248429666,19.334925419822977,0.9696969696969704,0.2336448598130758,7.551487414187652,2.7459954233409745,2.0979020979021046,83.55292702386694,1,1,1,1,5.0,5.0,1,1,0,0,0,0,23.972602739726035,23.972602739726035,99.7716894977169,37.89954337899544,99.7716894977169,37.89954337899544,1,1,1,1,1,1,False,False,False,True,False,False,False,False,False
sz000632,2025-10-31,3,continuous_probe,0.26256156280746257,23.704387298126022,0.7916666666666676,1.7241379310344973,5.811138014527861,2.9055690072639306,1.2106537530266248,75.39315220184808,1,1,1,1,1.0,1.0,1,1,0,0,0,0,90.19138755980862,90.19138755980862,109.33014354066985,48.086124401913885,109.33014354066985,52.87081339712918,1,1,1,1,1,1,False,False,True,True,False,False,False,False,False
sz000635,2024-11-01,1,first_probe,0.39457146576224716,20.15901778282632,0.9210526315789469,0.5720823798626817,8.646188850967018,7.167235494880564,0.6825938566553003,81.313926735748,1,1,1,1,1.0,1.0,1,1,0,0,0,0,20.22598870056498,1.1299435028248483,20.22598870056498,-4.74576271186441,20.22598870056498,-7.796610169491524,1,1,0,1,1,0,False,False,False,False,True,False,False,False,False
sz000638,2024-10-15,1,first_probe,0.3139695731217821,13.785213661418426,0.8965517241379302,-0.6928406466512715,6.575963718820854,6.349206349206349,3.2558139534883956,76.28358996822342,1,1,1,1,9.0,9.0,1,2,0,0,1,0,26.801801801801783,18.243243243243224,47.747747747747724,38.963963963963955,47.747747747747724,34.68468468468468,1,1,1,1,1,1,False,False,False,False,True,False,False,False,False
sz000639,2025-06-11,1,first_probe,0.30372042268082483,21.370571904977837,1.1111111111111112,-0.8403361344537785,5.084745762711873,3.3898305084745894,-0.5649717514124353,78.28281214982007,0,0,0,0,,,0,0,0,0,0,0,2.840909090909083,-8.238636363636365,2.840909090909083,-5.9659090909090935,2.840909090909083,-8.806818181818187,0,0,0,0,0,0,False,False,False,False,True,False,False,False,False
sz000656,2024-11-25,1,first_probe,0.47874865874271705,18.165904731749528,1.1111111111111112,-0.5988023952095856,5.421686746987953,5.421686746987953,-0.6024096385542133,80.18986581917082,0,0,0,0,,,0,0,0,0,0,0,1.21212121212122,-4.848484848484835,9.696969696969715,-0.60606060606061,9.696969696969715,1.21212121212122,0,0,0,0,0,0,False,False,False,False,True,False,False,False,False
sz000665,2025-08-06,1,first_probe,0.301662211542073,13.843187250483508,1.0,-2.893890675241151,8.674304418985269,5.7283142389525255,1.1589403973510048,79.06804683803722,0,1,0,0,14.0,,0,1,0,0,0,0,6.219312602291316,-2.9459901800327426,12.274959083469717,4.091653027823239,12.274959083469717,2.9459901800327204,0,0,0,0,0,0,False,False,False,False,True,False,False,False,False
sz000668,2024-11-01,1,first_probe,0.5819936527002728,17.243240000492897,1.0123456790123455,-0.9378663540445475,9.585798816568047,3.4319526627219155,-0.11834319526626835,82.03480442735827,1,1,1,1,2.0,2.0,1,1,0,0,0,0,25.710900473933652,8.530805687203792,25.710900473933652,8.175355450236976,25.710900473933652,-17.654028436018955,1,1,0,1,1,0,False,True,False,False,True,False,False,False,False
sz000670,2024-09-23,1,first_probe,1.0249590240216537,17.495630061320107,0.4090909090909089,0.9111617312072884,4.9438202247190866,3.8202247191011285,3.3860045146727025,76.00318792499255,1,1,1,1,3.0,3.0,1,1,0,0,0,0,47.161572052401745,24.45414847161573,47.161572052401745,35.58951965065502,96.2882096069869,56.76855895196506,1,1,1,1,1,1,True,True,True,False,True,False,False,True,True
sz000670,2025-04-16,2,retest_probe,0.5987265173242636,16.587440862238804,0.6578947368421054,-7.868383404864088,5.900621118012417,4.347826086956519,2.0186335403726607,74.00598154559049,1,1,1,1,4.0,4.0,1,1,0,0,0,0,11.111111111111093,-0.15220700152207556,11.111111111111093,4.566210045662089,15.068493150684926,2.130898021308969,0,0,0,1,0,0,False,True,True,True,False,False,False,False,False
sz000677,2024-11-04,1,first_probe,0.61805194120541,203.7920873608876,1.0,-9.967320261437917,5.989110707803991,3.266787658802195,0.0,88.85682447965912,0,0,0,0,34.0,,0,1,0,0,0,0,6.533575317604368,-17.24137931034483,6.533575317604368,-14.700544464609798,6.533575317604368,-24.31941923774954,0,0,0,0,0,0,False,True,False,False,True,False,False,False,False
sz000678,2024-09-20,1,first_probe,0.3494822413174825,13.705778743619993,1.1333333333333302,-0.5882352941176339,5.976095617529897,4.980079681274896,-1.7751479289940808,77.33094415064208,1,1,1,1,6.0,6.0,1,1,0,0,0,0,26.10441767068272,7.63052208835342,26.10441767068272,18.072289156626486,39.55823293172689,16.86746987951806,1,1,1,1,1,1,False,False,False,False,True,False,False,False,False
sz000678,2025-04-15,2,retest_probe,0.43949684820609053,14.148602508140824,0.5762711864406779,-1.0118043844856595,5.0643776824034425,3.776824034334769,1.3628620102214661,70.74061959272926,1,1,1,1,6.0,6.0,1,2,0,0,1,0,9.41176470588234,-4.453781512605048,64.9579831932773,52.60504201680671,64.9579831932773,38.319327731092436,1,1,1,1,1,1,False,False,True,True,False,False,False,False,False
sz000679,2025-01-17,1,first_probe,1.1142216291907647,17.144546015734065,0.8730158730158729,-1.8045112781954864,9.707241910631748,8.78274268104775,0.6125574272588086,85.6384838332187,0,1,0,0,15.0,,0,1,0,0,0,0,4.414003044140036,-3.5007610350076157,5.175038051750369,5.022831050228316,35.00761035007609,6.849315068493134,0,0,1,0,0,1,True,True,False,False,True,False,False,True,False
sz000680,2025-08-07,1,first_probe,0.567311136390175,15.079705975946098,0.5471698113207553,0.20080321285140812,5.369807497467094,3.951367781155013,1.3026052104208263,77.67586693596937,0,0,0,0,,,0,0,0,0,0,0,1.0880316518298905,-2.1760633036597365,1.0880316518298905,-7.814045499505429,3.857566765578646,1.8793273986152492,0,0,0,0,0,0,False,False,True,False,True,False,False,False,False
sz000685,2025-07-24,1,first_probe,0.5229247741274875,32.11950092272754,0.37931034482758724,0.8510638297872353,6.118143459915615,5.696202531645556,3.797468354430378,79.71085866699289,0,0,0,0,,,0,0,0,0,0,0,0.20325203252031798,-2.0325203252032464,6.707317073170738,3.658536585365857,7.418699186991873,-2.8455284552845517,0,0,0,0,0,0,False,False,True,False,True,False,False,False,False
sz000695,2024-11-15,1,first_probe,0.49579180695932173,17.996528065841794,0.8461538461538459,-9.95184590690209,9.269162210338667,4.456327985739761,1.426024955436711,78.10987746772732,1,1,1,1,1.0,1.0,1,1,0,0,0,0,48.594024604569405,5.88752196836555,48.594024604569405,4.48154657293498,48.594024604569405,-15.64147627416521,1,1,1,1,1,1,False,False,False,False,True,False,False,False,False
sz000695,2025-02-18,2,retest_probe,0.4983657790023427,17.878654517518257,1.2641509433962235,1.9718309859154903,4.766187050359716,2.7877697841726556,1.1049723756906271,77.90884556776574,1,1,1,1,3.0,3.0,1,1,0,0,0,0,12.021857923497258,7.377049180327866,12.021857923497258,-0.7285974499089298,12.021857923497258,-12.568306010928964,0,0,0,1,0,0,False,False,False,True,False,False,False,False,False
sz000695,2025-11-18,3,retest_probe,0.48691695777921284,23.64732469209057,0.8716216216216208,0.25062656641603454,9.250000000000004,4.374999999999996,1.187500000000008,81.37311245330146,1,1,1,1,2.0,8.0,1,1,0,0,0,0,18.900555898702898,3.7677578752316254,18.900555898702898,-24.52130945027795,18.900555898702898,-18.838789376158125,1,0,0,1,0,0,False,False,False,True,False,False,False,False,False
sz000701,2025-06-09,1,first_probe,0.27685752755145376,23.46251012999838,0.7692307692307697,-3.003003003003002,12.168486739469575,9.048361934477377,2.0123839009287936,83.67221206742776,1,1,1,1,3.0,3.0,1,3,0,0,1,1,26.7071320182094,-7.587253414264039,26.7071320182094,-4.855842185128989,26.7071320182094,-7.435508345978759,1,1,0,1,1,0,False,False,True,False,True,False,False,False,False
sz000702,2025-04-03,1,first_probe,0.8555666806190529,18.258098498033203,0.7936507936507938,-0.4457652303120341,9.40298507462687,7.761194029850738,1.94029850746269,83.90981484260364,0,0,0,0,28.0,28.0,1,1,0,0,0,0,2.9282576866764387,-5.856515373352855,2.9282576866764387,-2.4890190336749662,11.71303074670571,0.5856515373352966,0,0,0,0,0,0,True,True,True,False,True,False,False,True,True
sz000702,2025-05-21,2,retest_probe,0.4639471355454631,19.56648759749307,0.6666666666666666,-0.6802721088435382,4.951856946354893,3.1636863823933936,1.2328767123287676,74.47780680294703,0,1,0,1,14.0,14.0,1,1,0,0,0,0,0.0,-7.036535859269277,3.653585926928282,-4.059539918809197,14.749661705006778,2.435723951285529,0,0,0,1,0,0,False,False,True,True,False,False,False,False,False
sz000702,2025-07-02,3,retest_probe,0.39011086307269993,37.393672506215296,0.5681818181818177,0.0,6.094182825484773,4.709141274238227,2.206896551724147,81.00295469589798,1,1,1,1,6.0,7.0,1,2,0,0,1,0,14.439946018893401,1.6194331983805599,14.439946018893401,4.453441295546567,14.439946018893401,5.128205128205132,0,0,0,1,0,0,False,False,True,True,False,False,False,False,False
sz000709,2024-12-09,1,first_probe,0.43123254118867194,23.7435370159991,0.9473684210526303,1.2658227848101111,7.916666666666661,7.500000000000018,0.4166666666666874,86.2399975830684,0,0,0,0,,,0,0,0,0,0,0,2.9045643153526868,-7.05394190871369,2.9045643153526868,-10.788381742738595,2.9045643153526868,-9.958506224066399,0,0,0,0,0,0,False,False,False,False,True,False,False,False,False
sz000710,2024-12-18,1,first_probe,0.3543895007975441,22.866379208038293,0.7600000000000016,0.0,4.816955684007707,4.2389210019267765,2.4390243902439046,76.81201116298328,0,0,0,0,30.0,30.0,2,3,1,0,1,1,0.0,-20.666666666666668,0.0,-19.333333333333325,32.761904761904745,27.52380952380953,0,0,1,0,1,1,False,False,True,False,True,False,False,False,False
sz000713,2024-11-01,1,first_probe,0.28824026739939573,15.499087584654873,0.7894736842105261,0.536193029490617,4.993429697766105,4.993429697766105,2.533333333333343,75.52541255939389,1,1,1,1,3.0,3.0,1,1,0,0,0,0,10.273081924577365,-5.331599479843952,10.273081924577365,-2.86085825747725,10.273081924577365,-2.4707412223667125,0,0,0,1,0,0,False,False,True,False,True,False,False,False,False
sz000716,2025-01-15,1,first_probe,0.6550939547317987,14.350980894013912,0.5294117647058817,0.2732240437158362,7.02479338842974,5.6473829201102,2.1798365122615904,80.22513677364974,0,0,0,0,,,0,0,0,0,0,0,9.066666666666666,-8.133333333333336,9.066666666666666,-3.066666666666673,9.066666666666666,-8.133333333333336,0,0,0,0,0,0,False,True,True,False,True,False,False,False,False
sz000720,2025-04-30,1,first_probe,0.533873307563897,30.154177843787934,0.6470588235294122,-4.687500000000011,5.573770491803298,4.590163934426239,1.967213114754096,74.48025403207895,0,0,0,0,,,0,0,0,0,0,0,8.36012861736335,8.038585209003223,18.9710610932476,9.324758842443725,18.9710610932476,12.86173633440515,1,0,0,0,0,0,False,False,True,False,True,False,False,False,False
sz000720,2025-05-21,2,retest_probe,1.0569990910577503,27.676334678083965,1.040000000000001,0.2941176470588225,7.246376811594213,4.9275362318840665,0.8797653958944274,85.18831634345409,0,0,0,0,34.0,34.0,1,1,0,0,0,0,2.034883720930236,-1.4534883720930147,2.6162790697674465,-4.651162790697683,28.779069767441847,9.593023255813948,0,0,0,0,0,0,True,True,False,True,False,True,False,False,False
sz000721,2024-11-28,1,first_probe,0.7445969252749586,21.90310136456794,0.6578947368421054,-1.7821782178217838,7.600000000000007,5.000000000000004,3.427419354838701,84.65571217651923,1,1,1,1,8.0,8.0,2,2,1,0,1,0,28.36257309941521,14.912280701754387,38.40155945419104,-3.508771929824561,38.40155945419104,-16.081871345029242,1,1,1,1,1,1,True,True,True,False,True,False,False,True,True
sz000721,2024-12-18,2,retest_probe,0.3072670636299213,13.615964145061241,0.3804347826086953,-9.957446808510639,8.695652173913038,6.899810964083186,5.387523629489599,72.06977947553386,0,0,0,0,,,0,0,0,0,0,0,-0.8968609865470767,-3.766816143497753,-0.8968609865470767,-17.48878923766817,-0.8968609865470767,-19.820627802690595,0,0,0,0,0,0,False,False,True,True,False,False,False,False,False
sz000722,2024-10-23,1,first_probe,0.30071771344256976,21.052549892506693,0.5909090909090889,0.4930966469427922,6.476938174681068,5.986261040235541,2.6496565260059057,78.04605684511681,0,0,0,0,,,0,0,0,0,0,0,8.891013384321212,0.09560229445506607,12.715105162523876,-0.3824091778202754,12.715105162523876,3.2504780114722687,0,0,0,0,0,0,False,False,True,False,True,False,False,False,False
sz000727,2025-11-24,1,first_probe,0.5198914904848367,19.942602028266414,1.0,0.3937007874015741,5.0193050193050315,3.0888030888030826,1.5686274509803866,81.24165973737406,1,1,1,1,5.0,5.0,1,1,0,0,0,0,12.741312741312738,9.652509652509655,12.741312741312738,0.38610038610038533,12.741312741312738,0.38610038610038533,0,0,0,1,0,0,False,False,False,False,True,False,False,False,False
sz000737,2025-06-06,1,first_probe,0.415062012510321,17.416530301899982,0.7234042553191476,1.0067114093959662,5.070118662351675,2.8047464940668787,4.097452934662238,79.38031616912957,0,1,0,1,15.0,15.0,1,1,0,0,0,0,1.4893617021276562,-5.638297872340436,41.48936170212767,21.80851063829785,41.48936170212767,13.72340425531915,1,1,1,1,1,1,False,False,True,False,True,False,False,False,False
sz000750,2024-10-16,1,first_probe,0.2659530729737143,19.302773922588827,0.5277777777777783,-2.132701421800942,8.71670702179177,7.021791767554486,4.1162227602905554,76.89173760729531,1,1,1,1,2.0,6.0,1,1,0,0,0,0,24.65116279069768,10.697674418604652,30.23255813953487,19.53488372093024,30.23255813953487,9.534883720930232,1,1,1,1,1,1,False,False,True,False,True,False,False,False,False
sz000753,2024-12-31,1,first_probe,0.551117835872651,25.396477636801745,0.5312500000000008,0.4773269689737347,7.71084337349397,6.024096385542177,2.13776722090262,82.50374227339589,0,0,0,0,,,0,0,0,0,0,0,4.883720930232549,-1.3953488372092981,4.883720930232549,-3.953488372093017,4.883720930232549,2.0930232558139528,0,0,0,0,0,0,False,False,True,False,True,False,False,False,False
sz000753,2025-03-24,2,retest_probe,0.25677528606290095,35.15603484873446,0.5128205128205126,0.3968253968253954,7.707509881422947,4.545454545454564,3.754940711462451,74.59985462663813,1,1,1,1,2.0,2.0,1,1,0,0,0,0,10.285714285714276,-2.0952380952381056,20.571428571428573,19.047619047619047,20.571428571428573,0.3809523809523707,1,1,0,1,1,0,False,False,True,True,False,False,False,False,False
sz000759,2024-10-30,1,first_probe,0.30785843905316734,16.751076649769292,0.5600000000000023,0.0,6.329113924050622,4.810126582278462,2.784810126582271,74.79166219945974,1,1,1,1,6.0,6.0,1,1,0,0,0,0,10.591133004926135,1.7241379310344973,10.591133004926135,-3.9408866995073843,131.28078817733996,120.1970443349754,0,0,1,1,0,1,False,False,True,False,True,False,False,False,False
sz000767,2024-11-08,1,first_probe,0.88015469260211,25.730082196288095,0.714285714285714,0.7168458781362075,7.526881720430101,7.526881720430101,1.4234875444839812,87.31519994575527,1,1,1,1,2.0,2.0,1,1,0,0,0,0,10.877192982456151,-7.719298245614037,10.877192982456151,1.403508771929829,10.877192982456151,-15.087719298245617,0,0,0,1,0,0,True,True,True,False,True,False,False,True,True
sz000785,2024-12-26,1,first_probe,0.32637709886509664,13.348532070487641,0.6190476190476194,-1.5789473684210464,5.44041450777204,2.849740932642497,5.3475935828877,71.25195061971145,1,1,1,1,5.0,5.0,1,1,0,0,0,0,11.421319796954311,-7.868020304568535,11.421319796954311,-11.675126903553302,41.37055837563452,15.48223350253808,0,0,1,1,0,1,False,False,True,False,True,False,False,False,False
sz000788,2024-09-10,1,first_probe,0.6593927371423738,22.341971582124714,0.7291666666666671,-0.5671077504725952,9.125475285171113,3.4220532319391817,2.471482889733845,82.19485751078824,0,0,0,0,,,0,0,0,0,0,0,3.5250463821892453,2.9684601113172615,25.974025974025984,7.9777365491651375,26.90166975881263,18.55287569573283,1,1,0,0,1,0,False,True,True,False,True,False,False,False,False
sz000790,2025-11-07,1,first_probe,0.8609458339203094,19.708180019165084,0.8695652173913035,-0.24570024570026439,5.463182897862251,4.0380047505938155,4.4334975369458185,80.44481353981207,0,1,0,0,16.0,,0,1,0,0,0,0,12.971698113207552,-4.481132075471706,12.971698113207552,1.6509433962264008,12.971698113207552,-7.547169811320764,0,0,0,0,0,0,True,True,False,False,True,False,False,True,False
sz000796,2024-12-24,1,first_probe,0.6117988307005676,14.133748347603762,0.37037037037037174,-6.960556844547561,6.733167082294278,4.239401496259343,4.239401496259343,78.2271432743478,0,0,0,0,40.0,40.0,1,1,0,0,0,0,6.459330143540676,-9.569377990430617,6.459330143540676,-12.200956937799035,6.459330143540676,-4.545454545454531,0,0,0,0,0,0,False,True,True,False,True,False,False,False,False
sz000801,2025-02-14,1,first_probe,0.5330922407982147,25.90497599236645,0.4635761589403975,-0.9293680297397744,9.461152882205504,6.265664160400997,4.878048780487809,83.86055961225414,1,1,1,1,7.0,7.0,1,1,0,0,0,0,10.852713178294572,7.3345259391770945,25.819916517590947,3.5778175313059046,25.819916517590947,-11.32975551580203,1,1,0,1,1,0,False,False,True,False,True,False,False,False,False
sz000802,2025-07-07,1,first_probe,0.6947365535818409,18.289801035576296,0.5199999999999996,-0.2123142250530785,5.263157894736836,4.842105263157914,3.6170212765957332,78.92469650830323,0,1,0,0,17.0,,0,1,0,0,0,0,3.901437371663241,2.4640657084188833,26.48870636550309,19.096509240246395,27.72073921971252,-1.2320328542094527,1,1,0,0,1,0,True,True,True,False,True,False,False,True,True
sz000802,2025-10-13,2,retest_probe,0.48913507294254843,16.835808509194063,0.39130434782608947,-2.0224719101123556,5.251141552511429,4.337899543378998,3.66972477064218,73.3579232391273,0,0,0,0,,,0,0,0,0,0,0,2.8761061946902755,-1.106194690265483,4.646017699115057,2.212389380530988,10.176991150442504,5.973451327433632,0,0,0,0,0,0,False,False,True,True,False,False,False,False,False
sz000803,2025-09-09,1,first_probe,0.3620085767857702,32.153272287486274,0.60377358490566,1.04302477183833,6.838709677419352,4.258064516129023,2.709677419354839,78.08616173850709,0,0,0,0,37.0,37.0,1,1,0,0,0,0,1.7587939698492372,-15.577889447236181,1.7587939698492372,-15.577889447236181,9.547738693467345,9.547738693467345,0,0,0,0,0,0,False,False,True,False,True,False,False,False,False
sz000809,2025-11-11,1,first_probe,0.32965159723139875,19.242599695853944,0.8285714285714283,0.0,9.333333333333327,9.066666666666666,-0.5221932114882533,81.55362372469637,1,1,0,0,1.0,36.0,1,1,0,0,0,0,9.973753280839915,-11.548556430446189,9.973753280839915,-11.023622047244096,9.973753280839915,-9.973753280839892,0,0,0,0,0,0,False,False,False,False,True,False,False,False,False
sz000811,2024-11-06,1,first_probe,2.3991311569879112,13.914172420169209,0.88235294117647,0.0,4.726598702502338,3.0583873957367835,2.7462121212121104,79.63893400747936,0,0,0,0,27.0,27.0,1,1,0,0,0,0,10.875576036866352,1.2903225806451646,10.875576036866352,-3.410138248847916,27.46543778801844,11.797235023041486,0,0,0,0,0,0,True,True,False,False,True,False,False,True,False
sz000812,2024-10-31,1,first_probe,0.3450384282387004,18.698471562693467,0.6799999999999997,-0.6726457399103158,5.543237250554323,2.882483370288247,3.6117381489842115,79.61063748050337,1,1,1,1,10.0,10.0,1,1,0,0,0,0,7.843137254901977,7.843137254901977,41.176470588235304,8.278867102396514,41.176470588235304,-0.6535947712418388,1,1,1,1,1,1,False,False,True,False,True,False,False,False,False
sz000813,2025-03-14,1,first_probe,0.34708686058483623,18.422602279994422,0.6071428571428558,1.0638297872340496,7.329842931937169,6.020942408376961,3.421052631578947,76.84248305048722,0,0,0,0,21.0,,0,1,0,0,0,0,3.307888040712448,-13.740458015267176,3.307888040712448,-17.302798982188293,3.307888040712448,-19.59287531806616,0,0,0,0,0,0,False,False,True,False,True,False,False,False,False
sz000815,2024-10-17,1,first_probe,0.6871531465456935,13.820668778738598,0.6363636363636356,0.7882882882882747,4.856512141280356,3.6423841059602724,3.0167597765363263,77.2138044153585,1,1,0,0,4.0,23.0,1,1,0,0,0,0,19.30585683297179,11.171366594360087,19.30585683297179,7.049891540130138,49.132321041214745,31.344902386117113,1,0,1,0,0,1,True,True,True,False,True,False,False,True,True
sz000816,2025-01-09,1,first_probe,0.46996051171632813,13.489965165941722,0.7058823529411774,-1.3559322033898313,5.723905723905731,4.377104377104368,3.7800687285223233,78.98843848588353,0,0,0,0,21.0,21.0,1,1,0,0,0,0,5.629139072847678,-8.609271523178819,13.576158940397365,7.947019867549665,53.97350993377486,20.529801324503303,0,0,1,0,0,1,False,False,True,False,True,False,False,False,False
sz000818,2025-02-12,1,first_probe,0.28037789318159234,16.608133442237037,0.7683615819209039,0.14787430683917968,6.533776301218164,4.466592838685868,1.5134736064968735,73.00660898033564,1,1,1,1,1.0,1.0,1,1,0,0,0,0,71.85454545454544,15.054545454545455,71.85454545454544,18.945454545454552,71.85454545454544,-16.327272727272724,1,1,1,1,1,1,False,False,True,False,True,False,False,False,False
sz000818,2025-03-26,2,retest_probe,0.4738838501346387,13.664582616993366,0.6043165467625912,-0.6345651362448579,5.163447251114395,4.011887072808307,3.193087903831704,75.58131997815518,0,0,0,0,,,0,0,0,0,0,0,1.0921004732435513,-16.235893702220594,1.0921004732435513,-18.310884601383314,1.0921004732435513,-16.454313796869315,0,0,0,0,0,0,False,False,True,True,False,False,False,False,False
sz000819,2025-09-01,1,first_probe,0.27628427183885323,20.648217980942277,0.6829268292682952,0.42016806722688926,4.815032295948329,3.640634174985302,3.34728033472802,76.67141677937913,0,0,0,0,22.0,22.0,2,2,1,0,1,0,5.494505494505497,3.9907460960092678,6.998264893001749,-2.1399652978600248,21.457489878542525,3.3545401966454724,0,0,0,0,1,0,False,False,True,False,True,False,False,False,False
sz000819,2025-10-13,2,retest_probe,0.27001084423097044,18.17231952312055,0.9459459459459447,-3.0303030303030276,7.581967213114749,3.125,0.4098360655737876,80.58972599979677,1,1,0,0,6.0,,0,1,0,0,0,0,6.2755102040816135,-3.826530612244894,6.2755102040816135,2.0408163265306145,6.2755102040816135,-14.438775510204094,0,0,0,0,0,0,False,False,False,True,False,False,False,False,False
sz000820,2025-11-25,1,first_probe,1.2616471960634748,59.46363531719096,0.6333333333333335,-4.985337243401755,9.259259259259256,6.481481481481488,3.3950617283950546,90.51222903672166,0,0,0,0,,,0,0,0,0,0,0,7.164179104477597,0.8955223880596996,7.164179104477597,1.1940298507462588,20.597014925373138,20.597014925373138,0,0,0,0,0,0,True,True,True,False,True,False,False,True,True
sz000826,2025-05-19,1,first_probe,0.2752621106486576,24.935098663811264,0.5555555555555545,1.1428571428571344,5.027932960893855,3.9106145251396773,3.3898305084745894,76.17807319800959,1,1,1,1,7.0,7.0,2,3,1,0,1,1,37.158469945355165,20.21857923497268,37.158469945355165,10.92896174863387,37.158469945355165,6.010928961748618,1,1,1,1,1,1,False,False,True,False,True,False,False,False,False
sz000826,2025-11-03,2,retest_probe,0.3434936965326217,37.71514390177532,0.5769230769230771,-1.6064257028112428,10.612244897959178,8.979591836734691,4.489795918367334,78.3747009799084,0,0,0,0,24.0,34.0,1,1,0,0,0,0,4.296875,-0.78125,4.296875,-7.812500000000011,4.296875,-14.84375,0,0,0,0,0,0,False,False,True,True,False,False,False,False,False
sz000831,2025-04-07,1,first_probe,0.2541446108677361,20.560466030404633,1.3689320388349548,3.4334763948498104,6.105512744516872,4.090100770598681,-2.252519264967412,78.88843852541268,0,0,0,0,,,0,0,0,0,0,0,9.035779260157684,-3.6082474226804107,9.035779260157684,-0.3941782898726376,10.369921164342033,6.458459672528805,0,0,0,0,0,0,False,False,False,False,True,False,False,False,False
sz000837,2025-05-15,1,first_probe,0.2908808782606382,14.056375353737309,0.6764705882352956,-0.07558578987150177,5.014749262536866,3.2448377581120846,4.236006051437213,75.22336978979983,0,0,0,0,,,0,0,0,0,0,0,3.0478955007256836,-10.812772133526849,3.0478955007256836,-15.747460087082732,3.0478955007256836,-13.13497822931784,0,0,0,0,0,0,False,False,True,False,True,False,False,False,False
sz000838,2024-12-04,1,first_probe,0.6537780693786484,15.8007067352643,1.1578947368421042,-0.30030030030030463,5.588235294117649,3.2352941176470473,1.506024096385561,84.88415488072167,1,1,1,1,4.0,4.0,1,1,0,0,0,0,8.605341246290799,-7.121661721068251,8.605341246290799,-17.80415430267063,8.605341246290799,-26.706231454005934,0,0,0,1,0,0,False,True,False,False,True,False,False,False,False
sz000862,2024-11-05,1,first_probe,0.3030069666672704,17.469180243686743,0.5,0.0,6.193078324225865,3.2786885245901676,4.814814814814805,73.80891675961061,1,1,0,0,2.0,,0,1,0,0,0,0,9.71731448763251,-3.886925795052998,9.71731448763251,-1.4134275618374548,9.71731448763251,-12.720848056537093,0,0,0,0,0,0,False,False,True,False,True,False,False,False,False
sz000862,2025-03-19,2,retest_probe,0.4591043560849975,23.6571812338661,0.5757575757575757,0.1953125,6.358381502890165,5.973025048169545,3.898635477582846,81.88603422973499,1,1,1,1,9.0,9.0,1,1,0,0,0,0,2.62664165103188,-0.7504690431519689,13.883677298311458,7.879924953095685,29.080675422138835,9.56848030018762,0,0,0,1,0,0,False,False,True,True,False,False,False,False,False
sz000876,2025-02-17,1,first_probe,0.7586839582106679,19.08943067459684,0.4516129032258065,-0.219780219780219,10.276243093922655,3.535911602209918,5.286343612334798,80.21756943568343,1,1,1,1,2.0,2.0,1,1,0,0,0,0,14.435146443514624,0.10460251046024993,14.435146443514624,2.1966527196652708,24.26778242677825,6.380753138075312,0,0,0,1,0,0,True,True,True,False,True,False,False,True,True
sz000880,2024-11-12,1,first_probe,0.27471412547266977,15.588912099504778,1.0166666666666664,1.1959521619135272,5.454545454545445,2.9090909090909056,-0.09090909090908594,77.81159410818942,1,1,1,1,2.0,2.0,3,3,1,1,1,1,35.122838944494994,13.648771610555045,35.122838944494994,11.555959963603279,85.35031847133759,70.79162875341218,1,1,1,1,1,1,False,False,False,False,True,False,False,False,False
sz000880,2025-02-20,2,retest_probe,0.692613744612898,23.244101270951056,0.6687500000000011,2.5099075297225992,6.872852233676974,6.443298969072164,2.27663230240549,78.71074107186712,1,1,1,1,1.0,1.0,3,3,1,1,1,1,38.05123897522049,27.1734565308694,76.4804703905922,48.76102477950444,76.4804703905922,36.20327593448132,1,1,1,1,1,1,True,True,True,True,False,True,True,False,False
sz000880,2025-04-01,3,retest_probe,0.341636868637597,31.088650723132332,0.8499999999999979,2.3048555623847555,6.007810153199156,5.497146290177235,0.9011715229798822,79.31470631293047,1,1,1,1,6.0,6.0,1,1,0,0,0,0,21.19678475736826,2.619827329562363,21.19678475736826,5.061030068472738,21.19678475736826,-6.877046740101223,1,1,0,1,1,0,False,False,False,True,False,False,False,False,False
sz000881,2025-11-19,1,first_probe,0.3843783206006731,35.52862671281064,0.727272727272727,0.0,6.52431791221828,5.812574139976268,4.88997555012225,81.1887390031536,1,1,0,0,4.0,,0,1,0,0,0,0,7.808857808857805,2.2144522144522005,9.090909090909083,-1.1655011655011593,12.937062937062937,1.2820512820512775,0,0,0,0,0,0,False,False,True,False,True,False,False,False,False
sz000890,2024-12-11,1,first_probe,0.7901936460391376,19.23500125226346,0.6086956521739144,0.0,5.41176470588236,4.0000000000000036,3.0878859857482066,82.00532242332442,0,0,0,0,37.0,37.0,1,1,0,0,0,0,2.764976958525356,-25.57603686635944,2.764976958525356,-29.49308755760368,2.764976958525356,-19.12442396313364,0,0,0,0,0,0,True,True,True,False,True,False,False,True,True
sz000890,2025-05-22,2,retest_probe,0.3803944626118021,25.79955022224853,1.2916666666666659,-0.27100271002709064,6.382978723404253,2.92553191489362,0.27173913043476716,84.9899898905787,1,1,1,1,5.0,5.0,1,1,0,0,0,0,12.466124661246614,9.214092140921416,12.466124661246614,-1.6260162601625994,25.47425474254743,8.130081300813007,0,0,0,1,0,0,False,False,False,True,False,False,False,False,False
sz000901,2025-11-12,1,first_probe,0.419775930713076,17.513029598736836,0.42857142857142855,-0.773195876288657,5.882352941176472,5.147058823529416,2.2337662337662323,71.48667429636295,0,1,0,1,17.0,17.0,2,3,1,0,1,1,2.3373983739837456,-7.571138211382111,30.538617886178866,20.630081300813007,69.10569105691057,63.617886178861816,1,1,1,1,1,1,False,False,True,False,True,False,False,False,False
sz000903,2025-05-07,1,first_probe,0.5668067876538984,15.704947054103508,0.653846153846153,1.7391304347825987,7.365439093484416,4.815864022662897,3.1339031339031376,83.62349785330504,1,1,1,1,10.0,10.0,1,1,0,0,0,0,15.469613259668492,15.469613259668492,69.06077348066297,25.690607734806626,69.06077348066297,29.281767955801087,1,1,1,1,1,1,False,False,True,False,True,False,False,False,False
sz000903,2025-06-03,2,retest_probe,1.6231754557376377,21.88169805723419,1.0,-9.963099630996307,10.245901639344268,6.3524590163934525,0.0,87.11653642720205,0,1,0,1,15.0,15.0,1,1,0,0,0,0,1.6393442622950838,-11.88524590163934,1.6393442622950838,-7.377049180327877,1.6393442622950838,-37.295081967213115,0,0,0,1,0,0,True,True,False,True,False,True,False,False,False
sz000905,2025-05-13,1,first_probe,0.4809659936257581,36.70524654356141,0.5510204081632641,1.8276762402088753,6.194690265486735,3.6662452591656125,4.230769230769238,78.43745699775228,1,1,1,1,4.0,4.0,1,2,0,0,1,0,17.958179581795797,-3.075030750307517,17.958179581795797,1.3530135301353052,17.958179581795797,0.36900369003689537,1,0,0,1,0,0,False,False,True,False,True,False,False,False,False
sz000908,2024-10-08,1,first_probe,0.6333109835296956,62.54201700219001,1.0,-4.985337243401755,5.555555555555536,3.0864197530864113,0.0,82.58764109856249,0,0,0,0,,,0,0,0,0,0,0,34.25925925925923,33.64197530864197,69.1358024691358,57.71604938271604,96.2962962962963,56.17283950617282,1,1,1,0,1,1,False,True,False,False,True,False,False,False,False
sz000908,2024-11-21,2,retest_probe,0.5732444374759851,20.625061858531016,1.3249999999999995,-2.931596091205202,6.711409395973167,4.36241610738255,-2.181208053691275,80.15992019465511,0,0,0,0,,,0,0,0,0,0,0,0.34305317324183626,-9.60548885077188,0.34305317324183626,-27.958833619210978,0.34305317324183626,-20.583190394511153,0,0,0,0,0,0,False,False,False,True,False,False,False,False,False
sz000908,2024-11-26,3,continuous_probe,0.3932166826648542,89.98162532141187,0.5675675675675687,-2.091254752851701,7.184466019417468,3.495145631067964,3.1067961165048397,78.57884256853157,0,0,0,0,,,0,0,0,0,0,0,3.9548022598870025,-4.896421845574384,3.9548022598870025,-18.07909604519774,3.9548022598870025,-14.124293785310737,0,0,0,0,0,0,False,False,True,True,False,False,False,False,False
sz000910,2025-08-14,1,first_probe,0.4991318179843734,22.21589000075026,0.9500000000000011,0.12953367875647714,5.174644243208282,4.139715394566634,0.2587322121604174,77.41523523008199,0,0,0,0,,,0,0,0,0,0,0,6.193548387096781,4.645161290322575,10.967741935483865,9.677419354838701,10.967741935483865,2.8387096774193488,0,0,0,0,0,0,False,False,False,False,True,False,False,False,False
sz000926,2025-05-07,1,first_probe,0.33207139720162443,36.57322359967737,1.0,2.2935779816513735,6.278026905829592,4.035874439461873,0.0,84.66850977257945,0,0,0,0,,,0,0,0,0,0,0,2.2421524663676973,0.0,2.2421524663676973,-2.6905829596412634,2.2421524663676973,-2.2421524663677084,0,0,0,0,0,0,False,False,False,False,True,False,False,False,False
sz000935,2024-10-15,1,first_probe,0.4407664404250269,22.79173190511393,0.6704545454545441,2.2397891963109373,5.670103092783507,3.6082474226803996,1.8685567010309434,74.52492604497117,1,1,1,1,1.0,1.0,1,2,0,0,1,0,30.676786843769754,19.98734977862111,30.676786843769754,8.285895003162569,30.676786843769754,4.36432637571158,1,1,1,1,1,1,False,False,True,False,True,False,False,False,False
sz000935,2025-11-11,2,retest_probe,0.25712875891432585,37.456474014433816,0.702479338842975,3.2940019665683495,5.759162303664911,3.2841504045692416,1.7134697762970053,75.30422465574456,0,0,0,0,,,0,0,0,0,0,0,13.897987833411317,10.388394946186242,16.003743565746365,13.85119326158164,29.94852597098736,27.56200280767431,1,0,0,0,0,0,False,False,True,True,False,False,False,False,False
sz000936,2025-01-06,1,first_probe,0.31202512793783005,15.108613575699033,0.666666666666668,-0.5847953216374324,6.6765578635014755,4.451038575667643,1.3235294117647012,75.57973142362863,0,0,0,0,,,0,0,0,0,0,0,5.224963715529762,4.208998548621201,14.51378809869377,12.336719883889714,17.85195936139332,6.531204644412192,0,0,0,0,0,0,False,False,True,False,True,False,False,False,False
sz000949,2024-12-19,1,first_probe,0.39715918853404586,14.08919831500574,1.5,-1.467505241090139,6.72268907563025,4.831932773109249,-2.1276595744680993,83.96441478261151,0,0,0,0,40.0,40.0,1,1,0,0,0,0,2.1739130434782705,-17.391304347826086,2.1739130434782705,-9.782608695652161,2.1739130434782705,-2.1739130434782483,0,0,0,0,0,0,False,False,False,False,True,False,False,False,False
sz000949,2025-05-15,2,retest_probe,0.36526815455759026,28.296795231241173,0.6562499999999993,-0.7228915662650715,7.7669902912621325,6.796116504854366,2.669902912621369,82.93747971486881,0,0,0,0,,,0,0,0,0,0,0,3.0732860520094496,-4.964539007092217,3.0732860520094496,-7.801418439716324,3.0732860520094496,-7.328605200945637,0,0,0,0,0,0,False,False,True,True,False,False,False,False,False
sz000949,2025-09-09,3,retest_probe,0.38241945508657504,33.54874109345026,0.8499999999999989,-0.24630541871920597,4.88997555012225,3.9119804400977953,1.7283950617283939,81.67048151507022,0,1,0,0,16.0,38.0,1,1,0,0,0,0,8.980582524271853,1.213592233009697,16.262135922330103,3.398058252427183,34.70873786407766,30.097087378640786,1,0,1,0,0,1,False,False,False,True,False,False,False,False,False
sz000951,2025-04-07,1,first_probe,0.5301865147512156,17.777496214614235,0.4285714285714276,-8.897876643073822,5.826859045504995,5.771365149833518,3.3296337402885845,72.44735898263947,0,0,0,0,,,0,0,0,0,0,0,7.250268528463999,-2.470461868958118,7.250268528463999,-7.894736842105276,7.250268528463999,-4.618689581095592,0,0,0,0,0,0,False,False,True,False,True,False,False,False,False
sz000953,2024-11-01,1,first_probe,0.5615507505130755,17.488835300566052,1.4838709677419366,-2.0967741935483897,10.214168039538718,5.271828665568368,-4.942339373970361,81.76886886990741,0,1,0,1,16.0,16.0,2,3,1,0,1,1,5.54592720970537,-6.932409012131702,17.3310225303293,2.4263431542461023,24.956672443674186,-1.559792027729634,1,0,0,1,1,0,False,False,False,False,True,False,False,False,False
sz000953,2025-01-15,2,retest_probe,0.39989899745247226,22.89221445285806,0.7586206896551715,0.38022813688214363,5.513307984790883,5.133079847908761,0.9469696969697017,78.36088025235478,0,0,0,0,,,0,0,0,0,0,0,6.566604127579723,1.5009380863039379,6.941838649155718,-0.9380863039399556,6.941838649155718,1.3133208255159623,0,0,0,0,0,0,False,False,True,True,False,False,False,False,False
sz000953,2025-05-15,3,retest_probe,0.25846201388844164,22.651466213461646,1.0,0.31695721077655836,6.16113744075828,4.423380726698256,0.0,81.44757759667402,1,1,1,1,4.0,4.0,1,3,0,0,1,1,38.54660347551342,26.856240126382303,46.28751974723537,10.268562401263836,46.28751974723537,16.429699842022117,1,1,1,1,1,1,False,False,False,True,False,False,False,False,False
sz000972,2024-11-15,1,first_probe,0.37450447166327944,14.645706126521105,0.8749999999999991,-0.3236245954692518,7.7170418006430985,4.180064308681675,1.9480519480519431,82.82938521805686,0,0,0,0,39.0,40.0,1,2,0,0,1,0,6.687898089171984,4.777070063694255,17.19745222929936,12.101910828025474,17.834394904458595,-4.140127388535042,1,0,0,0,0,0,False,False,False,False,True,False,False,False,False
sz000972,2024-12-10,2,retest_probe,0.46915799997819513,20.604929206038573,0.722222222222221,1.775147928994092,5.294117647058827,5.294117647058827,0.29069767441860517,80.6401979101538,0,0,0,0,22.0,23.0,3,5,1,1,1,1,7.246376811594213,-13.623188405797105,7.246376811594213,-23.188405797101453,15.94202898550725,-3.1884057971014568,0,0,0,0,1,1,False,False,True,True,False,False,False,False,False
sz000978,2025-09-22,1,first_probe,0.25356199338194346,31.72820448713127,1.53658536585366,0.78125,5.297157622739013,4.521963824289399,-2.842377260981921,76.88230396335842,0,0,0,0,,,0,0,0,0,0,0,-1.4627659574467988,-17.154255319148927,-1.4627659574467988,-15.292553191489356,-1.4627659574467988,-10.239361702127658,0,0,0,0,0,0,False,False,False,False,True,False,False,False,False
sz000980,2024-09-05,1,first_probe,0.2804151062586254,20.35237519105208,0.8888888888888886,-0.6622516556291425,5.769230769230771,3.205128205128216,4.666666666666663,77.20842139113108,0,1,0,1,14.0,14.0,2,2,1,0,1,0,7.643312101910826,-5.095541401273884,45.85987261146496,16.560509554140125,103.82165605095541,81.52866242038218,1,1,1,1,1,1,False,False,False,False,True,False,False,False,False
sz000980,2024-12-20,2,retest_probe,0.3329861230178501,20.355940320375684,0.7647058823529409,0.6779661016949268,5.7046979865771785,3.691275167785224,1.683501683501687,81.20955572573183,0,1,0,0,16.0,,0,1,0,0,0,0,-0.9933774834437026,-29.13907284768211,-0.9933774834437026,-25.16556291390729,-0.9933774834437026,-20.860927152317878,0,0,0,0,0,0,False,False,True,True,False,False,False,False,False
sz000985,2025-06-13,1,first_probe,0.9364087426093651,14.063311042531186,0.8139534883720919,1.1179429849077716,7.170650361311859,5.725403001667595,0.7739082365948002,84.22994599674591,1,1,0,0,4.0,,0,1,0,0,0,0,16.895227646736146,-1.0970927043335132,16.895227646736146,3.894679100383991,16.895227646736146,3.894679100383991,1,0,0,0,0,0,True,True,False,False,True,False,False,True,False
sz000989,2025-09-22,1,first_probe,0.2654481206139443,29.615003620866833,0.6296296296296303,-0.19685039370078705,5.325443786982231,3.5502958579881616,1.972386587771191,73.83775577135454,0,0,0,0,,,0,0,0,0,0,0,-0.5802707930367523,-5.899419729206956,-0.5802707930367523,-2.9013539651837617,4.835589941972929,-8.12379110251451,0,0,0,0,0,0,False,False,True,False,True,False,False,False,False
sz000993,2025-08-11,1,first_probe,0.2821730590277906,14.67322839853493,0.6271186440677985,-1.6559337626494863,5.417814508723606,3.2139577594123114,3.928905519176795,71.90652083341851,0,0,0,0,,,0,0,0,0,0,0,0.09000900090008201,-1.3501350135013412,1.0801080108010952,-3.960396039603953,1.0801080108010952,-8.100810081008092,0,0,0,0,0,0,False,False,True,False,True,False,False,False,False
sz000993,2025-11-11,2,retest_probe,0.3087588703264456,20.948544625426845,1.3151515151515152,-1.8966644865925364,10.999999999999988,10.399999999999988,-3.4666666666666623,82.51105828182797,0,1,0,1,16.0,16.0,1,1,0,0,0,0,4.972375690607733,-18.439226519337016,4.972375690607733,-2.209944751381221,4.972375690607733,-14.019337016574596,0,0,0,1,0,0,False,False,False,True,False,False,False,False,False
sz000995,2024-11-01,1,first_probe,0.5443393982698911,16.900832443031163,0.4954954954954964,0.0,7.997118155619587,7.204610951008639,4.865649963689189,76.63684835541201,1,1,1,1,4.0,4.0,1,1,0,0,0,0,12.742382271468156,-4.501385041551254,12.742382271468156,5.9556786703601095,30.817174515235468,6.4404432132963985,0,0,1,1,0,1,False,False,True,False,True,False,False,False,False
sz000995,2025-07-09,2,retest_probe,0.36041627898557077,22.845501904536633,0.7927927927927939,-0.2106741573033699,7.671043538355216,5.736005528680033,3.44827586206895,80.06700884746306,1,1,0,0,2.0,,0,1,0,0,0,0,11.4965986394558,0.612244897959191,11.4965986394558,-1.224489795918371,11.4965986394558,-1.632653061224476,0,0,0,0,0,0,False,False,True,True,False,False,False,False,False
sz001201,2025-07-01,1,first_probe,0.7420509498771247,32.534980918232506,0.7692307692307698,0.25706940874035134,5.814696485622983,5.3674121405750785,1.6666666666666607,79.01610798523623,0,0,0,0,,,0,0,0,0,0,0,12.105926860025228,5.548549810844894,17.087011349306437,9.646910466582614,17.087011349306437,8.13366960907944,1,0,0,0,0,0,True,True,True,False,True,False,False,True,True
sz001202,2025-10-28,1,first_probe,0.3966246027622925,22.792095783966605,0.832258064516128,-0.298864315600722,9.320505111244737,5.772699939867709,1.25899280575541,82.76139430304342,0,1,0,0,14.0,,0,1,0,0,0,0,0.7696862048549358,-2.131438721136769,12.078152753108352,-9.295441089402011,12.078152753108352,-7.815275310834813,0,0,0,0,0,0,False,False,False,False,True,False,False,False,False
sz001206,2025-05-07,1,first_probe,0.2572536338085544,19.79891735472051,1.0210526315789468,2.4820739106453438,5.113024757804108,2.7448869752422,-0.10764262648008671,74.49970514391651,1,1,1,1,9.0,9.0,1,2,0,0,1,0,35.93750000000002,31.19612068965518,35.93750000000002,16.971982758620708,35.93750000000002,18.48060344827587,1,1,1,1,1,1,False,False,False,False,True,False,False,False,False
sz001207,2025-07-10,1,first_probe,0.5193336942250839,21.318260016675733,0.8819444444444434,-0.042211903756861346,6.1172472387425625,5.395072217502128,0.1266891891891886,80.48458001886428,0,0,0,0,,,0,0,0,0,0,0,7.507380851961187,2.3618726275832946,13.116828342471521,10.16448755799242,18.55757064529733,-5.820328975115996,0,0,0,0,0,0,False,False,False,False,True,False,False,False,False
sz001208,2025-10-29,1,first_probe,0.26159082250224264,18.73260977534447,0.758064516129032,0.49792531120331773,5.012126111560233,2.9911075181891844,3.3856317093311272,75.56195354877114,0,0,0,0,30.0,31.0,4,5,1,1,1,1,3.1150159744409045,-0.15974440894568342,3.1150159744409045,-10.862619808306706,84.74440894568689,68.13099041533548,0,0,1,0,1,1,False,False,True,False,True,False,False,False,False
sz001209,2025-03-17,1,first_probe,0.36727204746131387,42.4932234452964,0.9326424870466309,0.05133470225870962,9.90251410979992,8.311954848640335,0.667008722421758,83.91659933615954,0,1,0,1,20.0,20.0,1,1,0,0,0,0,-0.5096839959225385,-17.787971457696237,-0.5096839959225385,-12.181447502548426,-0.5096839959225385,-8.15494393476045,0,0,0,1,0,0,False,False,False,False,True,False,False,False,False
sz001216,2025-03-03,1,first_probe,0.6835373427031693,18.690537562763495,1.0112359550561796,1.067887109077037,6.592592592592594,5.481481481481487,1.8113207547169718,86.70178451876717,0,0,0,0,,,0,0,0,0,0,0,4.37361008154189,3.55819125277983,5.4114158636026755,-1.3343217197924417,5.4114158636026755,-6.152705707931805,0,0,0,0,0,0,True,True,False,False,True,False,False,True,False
sz001217,2025-04-16,1,first_probe,0.4174261674486508,16.84625338466356,0.6666666666666683,-1.2601260126012481,6.617647058823528,6.158088235294112,1.3673655423883213,75.46663249990343,0,0,0,0,,,0,0,0,0,0,0,3.866906474820153,-6.834532374100721,3.866906474820153,3.0575539568345578,13.219424460431672,8.5431654676259,0,0,0,0,0,0,False,False,True,False,True,False,False,False,False
sz001222,2025-01-06,1,first_probe,0.39136322876399776,14.385443077309434,0.727272727272726,0.11876484560569,7.2672672672672745,6.126126126126152,0.7117437722419906,76.28534328328378,1,1,1,1,7.0,7.0,1,1,0,0,0,0,7.773851590106018,1.707891637220249,7.773851590106018,-1.0600706713780883,7.773851590106018,-8.951707891637216,0,0,0,1,0,0,False,False,True,False,True,False,False,False,False
sz001223,2025-08-11,1,first_probe,0.8284903542365569,20.766670469588398,0.3629343629343616,0.6382042253521014,5.663678110649473,4.7452438224360405,3.608134703695609,78.55454116902384,1,1,1,1,8.0,8.0,1,1,0,0,0,0,21.950189953566902,12.45251160827352,21.950189953566902,9.750949767834527,21.950189953566902,6.500633178556359,1,1,0,1,1,0,True,True,True,False,True,False,False,True,True
sz001225,2025-07-22,1,first_probe,0.39364477730501624,18.728508785388346,0.962825278810411,0.0,7.20986330742428,6.030554811042621,2.35294117647058,83.41092659101042,1,1,1,1,4.0,4.0,1,1,0,0,0,0,29.61774926490246,9.67655707030206,29.61774926490246,7.5380914194065785,29.61774926490246,10.932905640203172,1,1,0,1,1,0,False,False,False,False,True,False,False,False,False
sz001226,2025-11-21,1,first_probe,0.5962196457481588,16.78949200068064,0.6029411764705886,-0.7727975270479082,10.59190031152648,7.606438213914846,4.205607476635498,80.0466757757312,0,0,0,0,24.0,,0,1,0,0,0,0,4.583956153462876,0.8968609865470878,15.221723966118583,9.093173891380157,26.50722471350273,19.083208769307426,1,0,0,0,0,0,False,True,True,False,True,False,False,False,False
sz001228,2025-10-21,1,first_probe,0.37352119367970843,20.897754674094884,0.4936708860759499,-0.1909854851031345,9.070034443168783,8.763872942977425,4.592422502870264,76.96207776299507,0,0,0,0,,,0,0,0,0,0,0,2.7442371020856227,-0.8049762166117747,9.732894255397007,3.878521770947696,9.732894255397007,-7.354555433589461,0,0,0,0,0,0,False,False,True,False,True,False,False,False,False
sz001228,2025-11-12,2,retest_probe,0.3713516746584343,22.779069413608795,0.5666666666666662,-0.9200283085633476,6.428571428571428,5.000000000000004,2.7857142857142803,76.53449424702455,0,0,0,0,,,0,0,0,0,0,0,4.204308547602498,-7.783182765809594,4.204308547602498,-8.130646282140376,4.204308547602498,-7.22724113968034,0,0,0,0,0,0,False,False,True,True,False,False,False,False,False
sz001230,2025-08-18,1,first_probe,0.5146033846297938,16.75707460347644,0.9015544041450789,0.0,7.250187828700216,3.681442524417733,0.7137490608564834,77.6223275200451,0,0,0,0,,,0,0,0,0,0,0,3.580753450205143,-10.14546810891458,3.580753450205143,-11.339052592316301,3.580753450205143,-14.845207012308848,0,0,0,0,0,0,False,False,False,False,True,False,False,False,False
sz001234,2025-06-06,1,first_probe,0.8720356184445959,48.3426080546199,0.41711229946524103,0.13489208633095107,8.450067781292358,4.4283777677361025,4.265828468792088,83.22703801023528,1,1,1,1,3.0,3.0,1,2,0,0,1,0,14.470284237726094,-14.470284237726094,14.470284237726094,-8.742463393626176,14.470284237726094,-3.100775193798444,0,0,0,1,0,0,True,True,True,False,True,False,False,True,True
sz001236,2025-04-01,1,first_probe,0.6103902093461876,18.529567323808056,0.599999999999999,0.4052684903748771,7.106598984771595,6.091370558375631,2.219979818365303,82.31416751402725,0,0,0,0,22.0,22.0,1,1,0,0,0,0,2.4679170779861703,-17.86771964461994,2.4679170779861703,-19.052319842053322,2.4679170779861703,-5.034550839091823,0,0,0,0,0,0,False,True,True,False,True,False,False,False,False
sz001236,2025-04-17,2,retest_probe,0.35585784986009306,27.83442027159623,0.8139534883720927,-0.24038461538461453,5.149700598802398,4.191616766467066,1.5662650602409567,78.32307704951972,0,1,0,1,11.0,11.0,1,1,0,0,0,0,6.049822064056931,2.9655990510083052,21.233689205219463,14.827995255041525,39.85765124555161,28.825622775800717,1,1,1,1,1,1,False,False,False,True,False,False,False,False,False
sz001255,2025-01-14,1,first_probe,0.4970003138809091,53.794443103726465,0.6646525679758298,-0.6603773584905714,10.511273420133382,7.589711019371248,3.1972143083254245,85.26425304310814,1,1,1,1,3.0,3.0,1,1,0,0,0,0,-0.06134969325154449,-10.306748466257677,-0.06134969325154449,-8.987730061349698,-0.06134969325154449,-11.01226993865031,0,0,0,1,0,0,False,False,True,False,True,False,False,False,False
sz001256,2025-04-29,1,first_probe,0.31938728194408145,14.198535281997108,1.086666666666666,-3.802107191937698,7.14285714285714,3.142857142857136,-0.6190476190476191,78.32768103634425,1,1,1,1,1.0,1.0,1,1,0,0,0,0,18.926689027311916,9.82271202683278,18.926689027311916,-1.1499760421658012,18.926689027311916,5.510301868711065,1,0,0,1,0,0,False,False,False,False,True,False,False,False,False
sz001259,2024-11-26,1,first_probe,0.6040726054935676,49.79949864421929,1.1772727272727277,-2.664636467453363,8.597108245408357,5.470887065259866,-1.4470082127493233,83.77052936449346,0,0,0,0,,,0,0,0,0,0,0,4.761904761904767,-3.4920634920634908,4.761904761904767,-10.71428571428571,4.761904761904767,-15.357142857142858,0,0,0,0,0,0,False,True,False,False,True,False,False,False,False
sz001260,2024-12-25,1,first_probe,0.42038031492868744,69.3994029692071,2.2772277227722744,1.971014492753631,5.741898806139867,2.956225127913581,-7.3337123365548536,83.74299468620652,0,0,0,0,,,0,0,0,0,0,0,8.466257668711652,-5.828220858895716,8.466257668711652,2.085889570552135,16.257668711656436,4.601226993865026,0,0,0,0,0,0,False,False,False,False,True,False,False,False,False
sz001267,2024-10-21,1,first_probe,0.8070536683243963,13.562890668930415,0.5106382978723393,0.7181328545780907,8.348134991118993,5.861456483126104,4.456327985739761,78.81631160551328,1,1,1,1,6.0,6.0,2,3,1,0,1,1,42.662116040955624,21.501706484641623,42.662116040955624,18.941979522184283,75.59726962457336,53.75426621160408,1,1,1,1,1,1,True,True,True,False,True,False,False,True,True
sz001268,2025-06-25,1,first_probe,0.3358187132472409,14.143846675411416,0.4961240310077527,-0.31885213232363263,5.157936825269882,3.958416633346662,2.598960415833651,72.59692916212211,1,1,1,1,8.0,8.0,1,1,0,0,0,0,11.964146531566634,10.24941543257989,11.964146531566634,7.48246297739672,41.816056118472325,39.82852689010132,0,0,1,1,0,1,False,False,True,False,True,False,False,False,False
sz001269,2025-03-25,1,first_probe,0.35369072063714485,21.552377429708116,0.8445945945945944,-0.17021276595744483,6.16153205661949,4.079933388842627,3.3674339300937772,79.48314790277044,1,1,1,1,3.0,3.0,1,1,0,0,0,0,11.83505154639175,-19.67010309278351,11.83505154639175,-10.309278350515461,11.83505154639175,-0.2886597938144386,0,0,0,1,0,0,False,False,False,False,True,False,False,False,False
sz001269,2025-04-08,2,retest_probe,0.4258039770928464,20.69736898391289,1.0079999999999985,-9.941520467836263,6.243756243756238,3.94605394605394,-0.04995004995004271,77.47953367432976,1,1,1,1,2.0,2.0,2,2,1,0,1,0,24.937531234382803,10.594702648675657,24.937531234382803,10.094952523738133,24.937531234382803,21.339330334832574,1,1,0,1,1,0,False,False,False,True,False,False,False,False,False
sz001269,2025-06-20,3,retest_probe,0.2598766593479932,24.994165978993507,1.0701754385964928,0.44822949350067365,5.087014725568939,3.1682284694332985,-0.35698348951361814,76.68062289171934,1,1,1,1,6.0,6.0,1,1,0,0,0,0,35.78145991939097,18.092252575011216,40.97626511419617,20.197044334975377,40.97626511419617,29.87012987012987,1,1,1,1,1,1,False,False,False,True,False,False,False,False,False
sz001277,2024-09-18,1,first_probe,0.7961314892282289,19.300797586310342,0.8930232558139519,1.3270142180094924,6.708268330733258,6.053042121684893,0.654817586529477,86.63891818288408,1,1,1,1,7.0,8.0,1,2,0,0,1,0,35.377942998760844,26.177199504337032,35.377942998760844,11.741016109045855,35.377942998760844,14.00247831474597,1,1,1,1,1,1,True,True,False,False,True,False,False,True,False
sz001277,2025-01-16,2,retest_probe,0.32825935690017255,27.448618035951185,0.880952380952381,1.0405257393208966,5.691056910569103,4.661246612466119,0.6775067750677488,79.00290530606819,0,0,0,0,,,0,0,0,0,0,0,3.257065948855997,0.9959623149394581,3.257065948855997,0.24226110363392284,12.624495289367443,5.006729475100946,0,0,0,0,0,0,False,False,False,True,False,False,False,False,False
sz001282,2024-09-02,1,first_probe,7.9379236914233715,33.19212891296925,0.5970149253731323,0.0,7.661520869068039,5.3173241852487285,3.087478559176682,80.90444368548194,0,0,0,0,38.0,38.0,1,1,0,0,0,0,1.6638935108152841,-6.267332224071009,25.45757071547421,9.373266777592892,25.45757071547421,14.143094841930104,1,1,0,0,1,0,True,True,True,False,True,False,False,True,True
sz001282,2025-05-12,2,retest_probe,0.4173630136819619,24.47812365708161,0.8599033816425108,1.8908312522297521,7.247899159663862,3.2913165266106548,1.0154061624650046,78.62650586639445,0,0,0,0,,,0,0,0,0,0,0,1.0745233968804113,-4.402079722703656,1.0745233968804113,-1.9757365684575423,1.0745233968804113,-29.91334488734836,0,0,0,0,0,0,False,False,False,True,False,False,False,False,False
sz001282,2025-07-08,3,retest_probe,0.6819767200186413,35.28024986021547,0.7719298245614054,0.5115089514066362,5.711422845691394,4.208416833667328,2.900763358778624,80.891628882568,0,0,0,0,,,0,0,0,0,0,0,6.775469831849668,1.6815034619188873,6.775469831849668,2.3244312561820024,8.753709198813064,1.8793273986152492,0,0,0,0,0,0,True,True,True,True,False,True,True,False,False
sz001287,2025-07-17,1,first_probe,0.43317610652747646,32.41694779610373,1.801652892561982,3.1404217137729784,5.263157894736836,4.741191822531543,-4.219225750326228,79.22857126559197,0,0,0,0,22.0,,0,1,0,0,0,0,8.99182561307903,-7.992733878292457,8.99182561307903,-3.5876475930971763,8.99182561307903,-7.402361489554943,0,0,0,0,0,0,False,False,False,False,True,False,False,False,False
sz001288,2024-12-06,1,first_probe,0.7302027385747073,16.138601210936894,0.4855769230769225,0.16920473773265332,7.027027027027022,6.0810810810810745,3.614864864864864,74.28669816105523,0,0,0,0,,,0,0,0,0,0,0,9.87936093902837,8.053472448646893,10.857515487447,-3.1300945549396886,10.857515487447,-2.5758069775024595,0,0,0,0,0,0,True,True,True,False,True,False,False,True,True
sz001288,2024-12-19,2,retest_probe,0.8163517261996094,18.423938497709525,0.5249999999999984,-0.19243104554200752,5.105296745373322,4.052329291640078,3.1491002570694038,77.18112700939143,0,0,0,0,,,0,0,0,0,0,0,5.919003115264787,-8.16199376947041,5.919003115264787,-6.7601246105919,5.919003115264787,-5.389408099688476,0,0,0,0,0,0,True,True,True,True,False,True,True,False,False
sz001288,2025-03-03,3,retest_probe,0.7257813535689199,23.665889852604565,0.7525252525252529,0.09983361064891394,6.485424172944643,6.288896167703895,3.125,84.23328092822528,1,1,1,1,4.0,4.0,1,1,0,0,0,0,22.59832366215346,5.9638942617666,22.59832366215346,-3.3204384268214038,22.59832366215346,-5.931656995486778,1,1,0,1,1,0,True,True,True,True,False,True,True,False,False
sz001296,2025-06-06,1,first_probe,0.6836836628837168,18.90460085528317,0.7090909090909082,0.22662889518414442,6.186726659167596,5.399325084364448,2.317693612210281,80.82630473964029,1,1,1,1,6.0,6.0,1,1,0,0,0,0,18.78453038674033,12.430939226519344,20.883977900552473,3.646408839779003,24.033149171270708,10.939226519337009,1,1,0,1,1,0,True,True,True,False,True,False,False,True,True
sz001300,2025-03-13,1,first_probe,0.30111239021653396,26.74942304911161,1.244680851063828,0.23237800154918276,7.264296754250399,3.3230293663060184,-1.777434312210191,80.17831162394148,0,0,0,0,21.0,21.0,1,1,0,0,0,0,2.124311565696302,-3.933910306845001,2.124311565696302,-14.712824547600324,7.002360346184089,4.799370574350892,0,0,0,0,0,0,False,False,False,False,True,False,False,False,False
sz001311,2025-09-17,1,first_probe,0.4501257709357083,23.03330995535712,0.6749999999999989,0.07886435331230235,7.880220646178104,6.3041765169424835,2.5610717100078784,80.02546977776244,0,0,0,0,,,0,0,0,0,0,0,4.456396465616597,0.8451786400307304,4.456396465616597,-9.143296196696127,5.954667691125604,-5.263157894736848,0,0,0,0,0,0,False,False,True,False,True,False,False,False,False
sz001314,2025-05-22,1,first_probe,0.6207274364847117,22.578272085326574,0.6926605504587148,-0.1995565410199629,4.814487632508824,3.7985865724381673,2.088424794490118,78.65217420716318,0,1,0,0,18.0,,0,1,0,0,0,0,0.9793253536452662,-0.6311207834602928,14.668117519042422,-1.392818280739938,14.668117519042422,1.2404787812840157,0,0,0,0,0,0,False,True,True,False,True,False,False,False,False
sz001316,2025-10-13,1,first_probe,0.4053975267710659,29.915467229908447,0.62962962962963,0.0,8.359133126934992,5.015479876161,3.0959752321981338,77.9395545284402,0,0,0,0,34.0,,0,1,0,0,0,0,3.1531531531531654,2.6426426426426453,7.177177177177185,5.795795795795788,15.615615615615619,12.072072072072082,0,0,0,0,0,0,False,False,True,False,True,False,False,False,False
sz001318,2024-12-11,1,first_probe,0.3137017562149408,24.94033890505961,1.136363636363636,1.4126394052044633,4.8387096774193505,4.545454545454541,-0.6598240469208205,75.91288140221585,1,1,0,0,1.0,,0,1,0,0,0,0,10.036900369003687,-14.760147601476014,10.036900369003687,-19.77859778597787,10.036900369003687,-17.85977859778598,0,0,0,0,0,0,False,False,False,False,True,False,False,False,False
sz001318,2025-02-21,2,retest_probe,1.2569477638939714,39.473742950750356,0.7634408602150549,0.17108639863132602,7.941929974380879,4.782237403928247,1.8787361229718025,84.29428000855481,0,1,0,1,15.0,15.0,4,5,1,1,1,1,2.514668901927908,-4.191114836546516,53.56244761106454,32.52305113160101,53.56244761106454,27.409891031014254,1,1,1,1,1,1,True,True,True,True,False,True,True,False,False
sz001322,2025-11-18,1,first_probe,0.3220009817401369,25.767789248965023,0.8292682926829262,0.0,4.772991850989516,3.2596041909196627,0.8149010477299212,72.19028676015668,0,0,0,0,,,0,0,0,0,0,0,4.041570438799069,0.4618937644341736,4.041570438799069,-4.272517321016178,11.085450346420323,-2.5404157043879994,0,0,0,0,0,0,False,False,False,False,True,False,False,False,False
sz001324,2025-07-23,1,first_probe,0.36992794584779765,23.155758359744095,0.9900990099009885,-0.14471780028944004,4.837164750957856,3.1130268199233813,0.9178743961352653,76.14867329820106,1,1,1,1,1.0,1.0,1,1,0,0,0,0,16.17999042604117,2.249880325514586,16.17999042604117,6.988989947343227,16.17999042604117,-2.5370990904739155,1,0,0,1,0,0,False,False,False,False,True,False,False,False,False
sz001330,2025-11-25,1,first_probe,0.327534657369221,17.92714464844033,0.7777777777777778,1.81818181818183,5.240174672489095,4.366812227074224,3.4226190476190466,77.0049007406543,1,1,1,1,5.0,9.0,3,1,1,1,0,0,53.23741007194245,53.23741007194245,92.08633093525178,17.266187050359715,92.08633093525178,30.50359712230215,1,1,1,1,1,1,False,False,True,False,True,False,False,False,False
sz001332,2025-04-03,1,first_probe,0.870176908909607,15.012007939895994,0.6974789915966372,-3.1796116504854477,8.70519385515729,7.193367471348466,5.515166708448249,79.3232657947529,1,1,0,0,3.0,33.0,2,1,1,0,0,0,-3.207412687099076,-18.484200522689477,-3.207412687099076,-15.062960323117135,3.516274649560458,-11.903064861012124,0,0,0,0,1,0,True,True,True,False,True,False,False,True,True
sz001358,2025-08-06,1,first_probe,0.5923826290554577,19.001708626758976,0.7565217391304335,0.08382229673091768,4.813729593972371,2.8463792381749675,1.2144053601340188,77.0232930209374,0,1,0,1,14.0,14.0,1,1,0,0,0,0,6.909391808026477,3.020273065784007,16.797683078196112,1.903185767480342,35.99503516756308,32.60239966901115,1,0,1,1,0,1,False,True,True,False,True,False,False,False,False
sz001359,2025-04-23,1,first_probe,0.5965884335563946,18.682719418137445,0.8030303030303042,0.4878048780487809,6.315789473684208,4.529505582137161,2.7184466019417375,77.81311311601574,0,0,0,0,,,0,0,0,0,0,0,3.339634530560809,3.339634530560809,4.536862003780717,-3.5601764335223662,4.536862003780717,-8.41209829867674,0,0,0,0,0,0,False,True,False,False,True,False,False,False,False
sz001360,2024-10-24,1,first_probe,1.53121319751983,25.130666284207084,0.8888888888888892,-0.20366598778004397,5.33245556287032,5.069124423963145,3.9455782312925125,84.01499006816807,0,0,0,0,,,0,0,0,0,0,0,3.337696335078544,-3.2068062827225186,3.337696335078544,-4.450261780104714,3.337696335078544,-8.70418848167539,0,0,0,0,0,0,True,True,False,False,True,False,False,True,False
sz001360,2024-11-05,2,retest_probe,0.5319569145307084,29.188163359566058,0.8686868686868695,0.4752206381534396,6.689189189189171,3.2432432432432323,0.8783783783783639,78.58518886976576,0,0,0,0,,,0,0,0,0,0,0,1.4735432016075078,-3.951774949765574,4.554588077695909,0.9377093101138767,4.554588077695909,-11.587407903549906,0,0,0,0,0,0,False,False,False,True,False,False,False,False,False
sz001360,2025-11-06,3,retest_probe,0.4417281999979879,28.699581763243195,0.8333333333333348,-0.12578616352201255,4.779411764705888,3.4313725490195957,3.5894206549118346,80.19095028709968,0,1,0,0,15.0,21.0,2,1,1,0,0,0,3.3434650455927084,0.4863221884498614,7.902735562310026,4.133738601823711,54.16413373860183,32.887537993920965,0,0,1,0,1,1,False,False,False,True,False,False,False,False,False
sz001376,2025-05-09,1,first_probe,0.6445903326459624,28.502759175090404,0.5352112676056343,-0.24077046548957037,5.661881977671457,5.661881977671457,3.539823008849563,78.21553554125154,0,0,0,0,,,0,0,0,0,0,0,0.7770007770007803,-6.371406371406363,0.7770007770007803,-5.594405594405583,0.7770007770007803,-3.651903651903643,0,0,0,0,0,0,False,True,True,False,True,False,False,False,False
sz001382,2025-04-22,1,first_probe,0.32847630859603355,13.718231587271351,0.674796747967478,-1.5618221258134501,5.401844532279321,3.601229688186214,2.1154693697664095,72.8808347020076,0,0,0,0,,,0,0,0,0,0,0,1.4242555028053383,-5.049633146309896,5.6538627535606345,-3.970651704790684,5.6538627535606345,-12.645662494605103,0,0,0,0,0,0,False,False,True,False,True,False,False,False,False
sz001389,2025-02-27,1,first_probe,0.4060172769471121,18.061574370320688,1.5041551246537397,-1.0049474335188657,5.637982195845703,3.107918163360912,-2.8424176167421544,77.09454536781477,0,0,0,0,23.0,23.0,1,1,0,0,0,0,-0.4018646519852065,-3.0863205272464223,-0.4018646519852065,-16.637196592187752,-0.4018646519852065,-23.80646198360392,0,0,0,0,0,0,False,False,False,False,True,False,False,False,False
sz001389,2025-03-12,2,retest_probe,0.6409297381268,15.009609022217681,0.6737588652482289,-0.4613807245386292,4.857044436789537,2.9624526352049596,1.2532188841201553,77.14583752227064,0,1,0,1,14.0,14.0,1,1,0,0,0,0,5.0525601898948835,-11.902339776195314,5.0525601898948835,-24.21159715157679,5.0525601898948835,-14.32689047134621,0,0,0,1,0,0,False,True,True,True,False,False,False,False,False
sz001896,2024-11-12,1,first_probe,0.405148621973355,29.464129050516487,0.7692307692307705,0.0,5.909090909090908,3.863636363636358,-0.22371364653243075,82.48381968966572,0,1,0,1,18.0,18.0,1,1,0,0,0,0,3.363228699551568,-7.847533632286985,6.950672645739897,1.7937219730941756,16.143497757847534,-10.986547085201792,0,0,0,1,0,0,False,False,True,False,True,False,False,False,False
sz002006,2024-10-29,1,first_probe,0.6739437281609609,15.708448240088043,0.7142857142857151,0.9916094584286883,7.313432835820888,5.597014925373145,3.3232628398791597,80.76221104961677,0,1,0,1,15.0,15.0,2,3,1,0,1,1,5.84795321637428,2.558479532163749,33.26023391812867,14.692982456140346,67.10526315789474,30.336257309941516,1,1,1,1,1,1,True,True,True,False,True,False,False,True,True
sz002020,2025-08-12,1,first_probe,0.46830116909156966,19.39002596740305,0.5249999999999995,0.570835495589006,6.19195046439629,2.7347781217750278,2.941176470588247,75.00840512647822,0,0,0,0,31.0,31.0,1,1,0,0,0,0,3.95989974937343,2.3558897243108,9.523809523809534,-0.4010025062656575,13.283208020050141,-7.719298245614025,0,0,0,0,0,0,False,False,True,False,True,False,False,False,False
sz002021,2024-12-13,1,first_probe,0.3543534199704536,17.291920397443324,0.5000000000000012,-0.917431192660545,5.642633228840133,3.4482758620689724,1.2345679012345512,77.50987014215205,0,0,0,0,,,0,0,0,0,0,0,-0.9146341463414531,-19.817073170731703,-0.9146341463414531,-26.52439024390243,-0.9146341463414531,-21.95121951219512,0,0,0,0,0,0,False,False,True,False,True,False,False,False,False
sz002023,2025-07-23,1,first_probe,0.8132069291130521,22.240404081779968,0.5106382978723412,-0.36832412523019054,8.768656716417912,8.208955223880587,3.3271719038816983,82.16889505562025,0,0,0,0,21.0,,0,1,0,0,0,0,2.415026833631484,2.2361359570661987,11.985688729874777,7.602862254025045,18.33631484794276,11.091234347048307,0,0,0,0,0,0,True,True,True,False,True,False,False,True,True
sz002026,2025-04-02,1,first_probe,0.5790902902740139,15.768213421690383,0.45161290322580755,-0.17857142857142794,5.457746478873249,5.2816901408450745,4.6511627906976605,78.11000203976417,0,0,0,0,30.0,,0,1,0,0,0,0,0.7692307692307665,-15.897435897435896,0.7692307692307665,-10.427350427350424,8.717948717948731,1.9658119658119588,0,0,0,0,0,0,False,False,True,False,True,False,False,False,False
sz002029,2024-10-25,1,first_probe,0.513252327721946,33.746848304151726,0.513513513513512,2.5210084033613356,6.0655737704917945,4.754098360655745,2.9508196721311553,77.49451958752022,0,0,0,0,25.0,25.0,2,3,1,0,1,1,2.070063694267521,-0.9554140127388644,3.1847133757961776,-2.7070063694267454,37.898089171974526,9.394904458598718,0,0,1,0,1,1,False,False,True,False,True,False,False,False,False
sz002029,2024-11-26,2,retest_probe,0.36563977719021007,13.916763553141722,0.5714285714285711,0.31948881789138905,5.520504731861209,3.312302839116721,3.343949044585992,72.92301366602312,1,1,1,1,3.0,3.0,2,3,1,0,1,1,33.436055469953764,10.015408320493059,33.436055469953764,3.852080123266566,33.436055469953764,-6.009244992295848,1,1,1,1,1,1,False,False,True,True,False,False,False,False,False
sz002029,2025-09-23,3,retest_probe,0.4610970162844141,18.078398149588143,0.5529411764705872,-0.9345794392523366,11.564625850340127,7.346938775510203,4.17789757412399,83.03150838997747,1,1,1,1,1.0,1.0,2,2,1,0,1,0,29.366106080206976,15.653298835705032,32.47089262613194,15.653298835705032,51.22897800776196,39.19793014230271,1,1,1,1,1,1,False,False,True,True,False,False,False,False,False
sz002029,2025-10-22,4,retest_probe,0.26215739823185114,19.28071267788028,0.9230769230769247,-2.263374485596714,5.427974947807934,5.219206680584554,1.2631578947368327,74.54431054640204,0,1,0,1,15.0,19.0,1,2,0,0,1,0,3.2224532224532254,-4.261954261954248,21.517671517671523,12.577962577962598,31.600831600831604,14.13721413721416,1,1,1,1,1,1,False,False,False,False,False,False,False,False,False
sz002031,2024-09-12,1,first_probe,0.5269930290067875,37.43402969360206,0.6499999999999989,0.43859649122808264,8.69565217391306,7.391304347826111,3.493449781659397,87.68834563698482,1,1,1,1,2.0,2.0,1,1,0,0,0,0,32.91139240506329,32.067510548523195,45.1476793248945,37.9746835443038,100.0,61.181434599156105,1,1,1,1,1,1,False,False,True,False,True,False,False,False,False
sz002031,2024-12-09,2,retest_probe,0.3343497170037308,20.271711287675586,1.0697674418604635,-9.589041095890416,6.515151515151518,4.545454545454564,-0.4545454545454408,77.00030402791933,1,1,1,1,1.0,1.0,1,3,0,0,1,1,29.375951293759517,-17.04718417047184,29.375951293759517,-26.027397260273965,39.26940639269407,33.4855403348554,1,1,1,1,1,1,False,False,False,True,False,False,False,False,False
sz002033,2025-02-10,1,first_probe,0.26453032167623497,19.60112788271732,0.45714285714285685,0.1179245283018826,8.215962441314574,6.103286384976525,4.829210836277986,74.82710709876962,0,0,0,0,,,0,0,0,0,0,0,-0.5617977528090012,-2.8089887640449396,4.719101123595504,4.269662921348294,17.640449438202243,2.4719101123595433,0,0,0,0,0,0,False,False,True,False,True,False,False,False,False
sz002038,2025-04-18,1,first_probe,0.3341640220735394,34.626066109724185,0.7249999999999989,0.31496062992126816,6.279434850863419,4.395604395604402,1.7268445839874413,81.39689374239306,0,0,0,0,32.0,32.0,1,1,0,0,0,0,4.166666666666652,1.2345679012345512,5.864197530864201,5.246913580246915,21.91358024691359,10.030864197530853,0,0,0,0,0,0,False,False,True,False,True,False,False,False,False
sz002038,2025-07-18,2,retest_probe,0.8012981887478411,18.62732874937584,0.8749999999999996,-0.1280409731113874,7.008760951188986,4.130162703379225,3.3333333333333437,83.5832284296785,0,0,0,0,,,0,0,0,0,0,0,8.436724565756816,3.4739454094292688,8.436724565756816,0.3722084367245637,8.436724565756816,-5.955334987593053,0,0,0,0,0,0,True,True,False,True,False,True,False,False,False
sz002046,2024-12-03,1,first_probe,0.3044071711592907,16.50151254274433,0.6022727272727281,-1.4326647564469996,6.205923836389293,4.442877291960512,5.595930232558133,73.52028956978972,1,1,1,1,2.0,2.0,1,2,0,0,1,0,19.06400550584997,-3.8540949759118925,19.06400550584997,-3.6476256022023312,19.06400550584997,-4.817618719889882,1,0,0,1,0,0,False,False,True,False,True,False,False,False,False
sz002051,2024-11-15,1,first_probe,0.3000241804415593,16.06607097347219,0.7763157894736843,-1.5435501653803807,8.51063829787233,6.718924972004481,1.903695408734607,79.62564232225819,1,1,0,0,1.0,,0,1,0,0,0,0,10.000000000000009,-1.6483516483516536,10.000000000000009,-4.2857142857142705,10.000000000000009,-19.34065934065934,0,0,0,0,0,0,False,False,True,False,True,False,False,False,False
sz002052,2024-09-06,1,first_probe,0.8636434151925718,75.52032478624373,0.9545454545454536,-4.867256637168138,10.232558139534898,9.76744186046512,0.46511627906977715,93.34436684818641,0,0,0,0,,,0,0,0,0,0,0,-4.629629629629628,-13.425925925925931,19.907407407407398,19.907407407407398,91.66666666666663,81.48148148148147,1,0,1,0,0,1,True,True,False,False,True,False,False,True,False
sz002052,2024-11-13,2,retest_probe,0.9276505821912944,23.493301899057375,0.9523809523809512,-3.0612244897959218,5.52631578947369,3.684210526315801,0.263157894736854,77.24535798750365,0,0,0,0,,,0,0,0,0,0,0,39.10761154855642,39.10761154855642,78.74015748031495,78.74015748031495,86.61417322834646,69.29133858267717,1,1,1,0,1,1,True,True,False,True,False,True,False,False,False
sz002052,2024-12-31,3,retest_probe,0.9385905450119472,50.52771172400756,0.6086956521739136,-5.031446540880502,7.615894039735105,4.304635761589393,2.98013245033113,89.05293999261508,0,0,0,0,,,0,0,0,0,0,0,13.665594855305475,6.430868167202575,13.665594855305475,-15.916398713826352,13.665594855305475,-37.45980707395498,0,0,0,0,0,0,True,True,True,True,False,True,True,False,False
sz002052,2025-05-09,4,retest_probe,0.7688121344803812,15.273536371545525,0.5106382978723402,-0.10787486515642097,5.075593952483803,4.4276457883369424,2.4838012958963374,73.3850168692454,0,0,0,0,25.0,34.0,1,1,0,0,0,0,12.539515279241309,4.3203371970495175,12.539515279241309,7.060063224446789,33.82507903055847,30.663856691253955,0,0,1,0,0,1,True,True,True,False,False,False,False,False,False
sz002054,2024-11-27,1,first_probe,0.40430253534250293,21.41242989516988,1.4558823529411773,-4.862023653088043,9.457579972183595,7.09318497913769,-4.972375690607745,83.60151215464494,1,1,0,0,9.0,,0,2,0,0,1,0,8.866279069767447,2.3255813953488413,8.866279069767447,-15.697674418604656,8.866279069767447,-13.808139534883724,0,0,0,0,0,0,False,False,False,False,True,False,False,False,False
sz002054,2024-12-12,2,retest_probe,0.40571631600723057,22.11702360815949,0.693548387096775,-3.125,9.024745269286761,7.132459970887917,3.5190615835777095,82.90792414891298,1,1,0,0,4.0,,0,1,0,0,0,0,-0.5665722379603388,-17.280453257790363,-0.5665722379603388,-20.396600566572232,-0.5665722379603388,-9.631728045325772,0,0,0,0,0,0,False,False,True,True,False,False,False,False,False
sz002054,2025-05-30,3,retest_probe,0.2861601833231465,38.3934054803505,0.767441860465117,-0.455927051671734,6.574923547400613,4.281345565749239,1.3740458015267132,82.5684204569812,0,0,0,0,23.0,,0,1,0,0,0,0,5.2710843373493965,0.3012048192771122,5.2710843373493965,3.6144578313253017,14.307228915662652,9.63855421686748,0,0,0,0,0,0,False,False,True,True,False,False,False,False,False
sz002055,2024-12-30,1,first_probe,0.5589122227285374,70.57318470121578,0.5974025974025982,-9.953161592505843,10.013003901170347,5.7217165149545,4.03120936280883,89.13033786071226,1,1,1,1,5.0,5.0,1,1,0,0,0,0,-5.249999999999999,-25.249999999999993,-5.249999999999999,-27.125,-5.249999999999999,-23.250000000000004,0,0,0,1,0,0,False,False,True,False,True,False,False,False,False
sz002058,2025-04-08,1,first_probe,0.37666206645360023,24.797208264767214,1.0,-9.972041006523769,6.107660455486541,4.658385093167694,0.0,78.236280799035,1,1,1,1,4.0,4.0,1,1,0,0,0,0,14.28571428571428,-3.8302277432712306,14.28571428571428,7.453416149068337,24.12008281573499,23.188405797101442,0,0,0,1,0,0,False,False,False,False,True,False,False,False,False
sz002060,2025-09-17,1,first_probe,0.8189837114820336,15.851762805175102,0.6756756756756751,-0.5194805194805197,9.711286089238836,7.349081364829391,2.6109660574412663,86.54178290999063,1,1,1,1,4.0,4.0,1,2,0,0,1,0,16.53944020356233,-1.526717557251911,16.53944020356233,-2.0356234096692183,16.53944020356233,-2.2900763358778664,1,0,0,1,0,0,True,True,True,False,True,False,False,True,True
sz002064,2025-06-10,1,first_probe,0.8666849946155236,27.993821225587425,0.513513513513512,1.0432190760059745,5.441176470588238,3.2352941176470473,2.9498525073746285,79.26882963099348,0,0,0,0,,,0,0,0,0,0,0,-0.14326647564470996,-5.300859598853869,-0.14326647564470996,-3.4383954154727836,15.616045845272208,6.017191977077352,0,0,0,0,0,0,True,True,True,False,True,False,False,True,True
sz002067,2024-12-03,1,first_probe,0.26915367036718607,24.550163273845143,0.724137931034483,-0.2645502645502562,7.512953367875652,7.512953367875652,4.509283819628651,83.31742564427634,0,1,0,1,15.0,15.0,3,3,1,1,1,1,5.329949238578702,-4.060913705583758,24.111675126903553,0.50761421319796,24.111675126903553,2.538071065989844,1,1,0,1,1,1,False,False,True,False,True,False,False,False,False
sz002067,2025-04-01,2,retest_probe,0.2664672992793402,20.65146604541889,0.5500000000000002,-0.2631578947368318,5.141388174807182,3.084832904884305,5.013192612137196,77.06121246645232,0,0,0,0,,,0,0,0,0,0,0,-2.010050251256279,-13.567839195979904,-2.010050251256279,-12.562814070351758,-2.010050251256279,-6.281407035175879,0,0,0,0,0,0,False,False,True,True,False,False,False,False,False
sz002067,2025-07-04,3,retest_probe,0.6271095887214256,22.133119774923742,1.0,2.6315789473684292,4.797979797979801,4.545454545454541,1.538461538461533,83.3727166906187,1,1,0,1,3.0,11.0,1,1,0,0,0,0,10.35353535353536,3.0303030303030276,28.535353535353526,10.1010101010101,28.535353535353526,8.080808080808088,1,1,0,1,1,0,False,True,False,True,False,False,False,False,False
sz002067,2025-11-27,4,retest_probe,0.8251865100277529,18.259437364967592,0.5806451612903207,-0.1814882032667886,5.5755395683453335,4.856115107913683,3.4545454545454657,81.82700637561967,0,0,0,0,35.0,,0,1,0,0,0,0,0.5272407732864526,-7.381370826010558,2.8119507908611396,-0.17574692442883233,8.611599297012296,0.0,0,0,0,0,0,0,True,True,True,False,False,False,False,False,False
sz002072,2025-09-08,1,first_probe,1.1275161180652729,18.123195713483415,0.5192307692307688,0.6510416666666741,6.727037516170764,3.751617076325986,3.2341526520051733,78.96429727723867,0,0,0,0,,,0,0,0,0,0,0,8.897243107769404,-3.1328320802004983,8.897243107769404,-9.398496240601506,8.897243107769404,-5.513784461152882,0,0,0,0,0,0,True,True,True,False,True,False,False,True,True
sz002076,2025-01-20,1,first_probe,0.5433103682222168,14.855115070329449,0.4117647058823522,1.3289036544850585,5.519480519480524,3.5714285714285587,4.262295081967227,75.92064193220833,0,1,0,1,18.0,18.0,1,2,0,0,1,0,14.779874213836464,5.974842767295585,30.503144654088054,21.698113207547177,34.905660377358494,12.264150943396213,1,1,1,1,1,1,False,False,True,False,True,False,False,False,False
sz002077,2025-09-01,1,first_probe,0.656037655924579,13.52830806874169,0.8350515463917523,2.131661442006272,5.868118572292791,4.537205081669682,2.4554941682013665,77.35300440497377,1,1,1,1,4.0,7.0,1,1,0,0,0,0,10.84481725584181,4.553624925104849,10.84481725584181,-0.17974835230677444,10.84481725584181,2.9958058717795,0,0,0,1,0,0,False,True,False,False,True,False,False,False,False
sz002077,2025-10-16,2,retest_probe,0.49323408326259005,16.394946142228353,0.6941176470588222,0.12674271229404788,5.173463177115045,3.4083992696287257,5.632911392405071,79.47777127324305,0,1,0,1,19.0,19.0,1,1,0,0,0,0,4.553624925104849,0.7189934092270756,15.03894547633311,11.563810665068907,16.83642899940083,-11.563810665068907,1,0,0,1,0,0,False,False,True,True,False,False,False,False,False
sz002079,2025-03-18,1,first_probe,0.3948186427216607,25.042339121892354,0.6533333333333337,0.3798670465337217,7.0754716981132,5.283018867924527,2.7436140018921362,83.68145615677763,0,0,0,0,,,0,0,0,0,0,0,-0.18416206261510082,-7.826887661141802,-0.18416206261510082,-16.20626151012892,-0.18416206261510082,-10.497237569060758,0,0,0,0,0,0,False,False,True,False,True,False,False,False,False
sz002083,2025-06-11,1,first_probe,0.2586515777519699,27.227737728308554,0.7407407407407393,0.8298755186721962,5.544147843942504,4.106776180698146,1.6460905349794164,78.19706301568588,0,0,0,0,,,0,0,0,0,0,0,0.0,-2.429149797570851,2.2267206477732726,0.4048582995951344,4.048582995951411,1.4170040485829816,0,0,0,0,0,0,False,False,True,False,True,False,False,False,False
sz002084,2025-01-09,1,first_probe,0.6164923551353296,16.84309676798287,0.7222222222222228,-0.6849315068493178,6.10169491525423,5.762711864406778,3.4482758620689724,82.42156957319568,0,0,0,0,,,0,0,0,0,0,0,0.3333333333333188,-6.999999999999995,1.0000000000000009,-2.3333333333333317,3.3333333333333437,3.0000000000000027,0,0,0,0,0,0,False,True,True,False,True,False,False,False,False
sz002085,2024-11-22,1,first_probe,0.3112983936068266,18.0206476265882,1.1388888888888873,-0.5908419497784201,5.408112168252388,3.4551827741612584,-1.8325903912828179,74.70236746760033,0,0,0,0,23.0,,0,1,0,0,0,0,3.2795156407668946,-3.7336024217961783,3.2795156407668946,-2.068617558022201,10.393541876892032,-12.51261352169526,0,0,0,0,0,0,False,False,False,False,True,False,False,False,False
sz002086,2025-08-15,1,first_probe,0.9351086769488801,31.716392896231085,0.4117647058823537,-1.0526315789473717,6.028368794326244,4.609929078014208,3.546099290780136,84.06186116223418,0,0,0,0,,,0,0,0,0,0,0,2.3972602739726234,-4.452054794520544,2.3972602739726234,-4.794520547945213,2.3972602739726234,-10.273972602739722,0,0,0,0,0,0,True,True,True,False,True,False,False,True,True
sz002093,2025-06-03,1,first_probe,0.34418858882349235,20.833508858422366,0.6274509803921555,0.375586854460086,4.726598702502338,3.151065801668218,2.7128157156220745,76.27003734327815,0,0,0,0,22.0,22.0,1,2,0,0,1,0,14.29872495446267,5.373406193078312,14.29872495446267,5.555555555555558,32.05828779599271,12.112932604735892,0,0,1,0,0,1,False,False,True,False,True,False,False,False,False
sz002093,2025-11-28,2,retest_probe,0.6356185288433991,13.91534935498533,0.45901639344262235,-1.5019762845849716,4.89174017642342,3.368083400160393,2.728731942215079,73.20708659987893,1,1,1,1,5.0,5.0,1,1,0,0,0,0,11.796874999999996,-3.359375000000009,11.796874999999996,-9.765625,11.796874999999996,-10.15625,0,0,0,1,0,0,False,True,True,True,False,False,False,False,False
sz002095,2025-06-10,1,first_probe,0.5799379289069745,15.45090874247031,0.7950310559006221,0.15189873417722488,8.094519859225734,4.826546003016596,2.2244691607684386,84.49143437712033,0,1,0,1,19.0,19.0,1,1,0,0,0,0,3.80811078140455,-2.3738872403560873,7.171117705242347,6.0830860534124565,15.677546983184975,2.3738872403560762,0,0,0,1,0,0,False,True,True,False,True,False,False,False,False
sz002098,2025-07-15,1,first_probe,0.37682176877679924,15.633389505084814,0.4210526315789469,-0.5197505197505059,8.110992529348993,6.296691568836721,2.5078369905956244,74.77265485677212,1,1,0,0,2.0,,0,1,0,0,0,0,12.844036697247695,-1.834862385321101,12.844036697247695,-2.548419979612637,12.844036697247695,-5.198776758409784,0,0,0,0,0,0,False,False,True,False,True,False,False,False,False
sz002099,2025-05-28,1,first_probe,0.35849847497945986,16.403652176264913,1.1249999999999996,-2.998500749625188,6.18238021638331,4.0185471406491535,-0.7727975270479082,77.75933237903565,0,0,0,0,,,0,0,0,0,0,0,3.1152647975077885,-7.320872274143298,3.1152647975077885,-14.797507788162001,3.1152647975077885,-3.738317757009346,0,0,0,0,0,0,False,False,False,False,True,False,False,False,False
sz002102,2025-07-03,1,first_probe,0.2996156286489435,25.691121037492593,0.8571428571428581,3.170028818443793,5.865921787709505,4.469273743016755,0.8379888268156277,78.82501863076283,0,0,0,0,,,0,0,0,0,0,0,15.512465373961227,13.850415512465396,18.559556786703602,11.911357340720219,22.71468144044322,16.620498614958446,1,0,0,0,0,0,False,False,False,False,True,False,False,False,False
sz002103,2025-07-01,1,first_probe,0.25271027514345457,32.45134855059362,1.2622950819672136,1.482127288578905,5.240549828178698,2.9209621993127044,-1.3745704467354014,77.51844392687096,0,0,0,0,,,0,0,0,0,0,0,0.0,-8.710801393728218,0.0,-10.19163763066202,0.0,-6.5331010452961635,0,0,0,0,0,0,False,False,False,False,True,False,False,False,False
sz002105,2025-04-30,1,first_probe,0.4678751955211985,21.55540803115792,0.9166666666666683,0.557103064066844,4.8128342245989275,3.743315508021383,4.016620498614953,77.0533210399164,1,1,1,1,9.0,9.0,3,3,1,1,1,1,22.902796271637825,22.902796271637825,35.15312916111852,17.57656458055925,35.15312916111852,4.660452729693754,1,1,1,1,1,1,False,False,False,False,True,False,False,False,False
sz002114,2025-08-25,1,first_probe,0.6429229278084567,14.467867830669372,0.7346938775510208,0.5263157894736858,6.38852672750978,5.084745762711873,2.0942408376963373,79.9961862547111,0,0,0,0,,,0,0,0,0,0,0,3.3333333333333437,-0.2564102564102555,9.487179487179475,-5.897435897435899,9.487179487179475,1.2820512820512997,0,0,0,0,0,0,False,True,True,False,True,False,False,False,False
sz002115,2025-11-14,1,first_probe,0.8688072740520493,15.025299782458312,0.7727272727272723,0.5813953488372103,5.370219690805533,3.7428803905614316,2.725020644095788,82.31331700788611,0,0,0,0,21.0,21.0,1,1,0,0,0,0,-0.1607717041800627,-13.424437299035375,-0.1607717041800627,-11.2540192926045,43.16720257234725,43.16720257234725,0,0,1,0,0,1,True,True,True,False,True,False,False,True,True
sz002116,2025-03-25,1,first_probe,0.32258595998926237,64.07340037710394,0.6122448979591849,-0.4882812500000111,4.780487804878053,3.0243902439024417,2.4533856722276814,76.66151828775848,0,0,0,0,35.0,,0,1,0,0,0,0,0.3831417624521105,-6.704980842911867,0.3831417624521105,-3.3524904214559337,3.6398467432950277,-2.203065134099602,0,0,0,0,0,0,False,False,True,False,True,False,False,False,False
sz002117,2025-06-24,1,first_probe,0.27286893145346,14.028928585832615,0.6875000000000006,-0.2622377622377603,5.498281786941561,2.8350515463917425,3.768624014022781,77.24998092339848,0,1,0,1,16.0,16.0,1,1,0,0,0,0,2.1114864864864913,-2.0270270270270285,6.841216216216228,2.1114864864864913,10.135135135135132,7.179054054054057,0,0,0,1,0,0,False,False,True,False,True,False,False,False,False
sz002126,2025-05-21,1,first_probe,0.5028006274207271,16.916193872104603,0.39719626168224187,-0.5255255255255276,8.11220621683093,7.2782410917361595,4.415094339622638,78.76816267403687,0,0,0,0,,,0,0,0,0,0,0,-0.5782435851102274,-6.7943621250451836,-0.5782435851102274,-12.721358872425014,0.18070112034693775,-1.3371882905674037,0,0,0,0,0,0,False,False,True,False,True,False,False,False,False
sz002129,2024-10-29,1,first_probe,0.37173405018916256,31.457184697402234,1.7108433734939756,-0.07886435331230235,6.550907655880023,3.8674033149171283,-4.6566692975532735,81.09598156727316,0,0,0,0,,,0,0,0,0,0,0,7.615894039735105,0.0,7.615894039735105,-16.39072847682119,7.615894039735105,-22.84768211920529,0,0,0,0,0,0,False,False,False,False,True,False,False,False,False
sz002131,2025-05-28,1,first_probe,0.3617645749084364,39.738883964241786,0.3999999999999987,-0.27932960893854997,5.555555555555558,4.722222222222228,4.201680672268915,75.49856804811145,0,0,0,0,33.0,33.0,1,1,0,0,0,0,1.6129032258064502,-3.7634408602150615,1.6129032258064502,-8.870967741935488,8.870967741935477,1.0752688172043001,0,0,0,0,0,0,False,False,True,False,True,False,False,False,False
sz002131,2025-08-11,2,retest_probe,0.564200580020312,20.929825752126636,0.6842105263157922,0.7853403141361293,4.797979797979801,3.2828282828282873,4.415584415584406,80.73233290858781,1,1,1,1,5.0,5.0,2,3,1,0,1,1,33.58208955223883,20.149253731343308,54.22885572139307,35.07462686567165,70.39800995024876,35.5721393034826,1,1,1,1,1,1,False,False,True,True,False,False,False,False,False
sz002134,2025-03-05,1,first_probe,0.48373693795116324,20.266677835953352,0.6808510638297852,-0.3544528134692193,6.269453090262345,2.9346376167185495,2.000889284126295,78.90572508729863,0,0,0,0,36.0,36.0,1,1,0,0,0,0,5.884917175239757,-4.620749782040113,5.884917175239757,-16.95727986050567,5.884917175239757,-20.531822144725375,0,0,0,0,0,0,False,False,True,False,True,False,False,False,False
sz002136,2024-11-21,1,first_probe,0.45578653379405115,30.474744701474943,0.7230769230769236,0.561272217025266,6.04651162790697,3.5348837209302486,1.6744186046511622,82.77303394654444,0,0,0,0,,,0,0,0,0,0,0,4.574565416285448,0.27447392497714773,4.574565416285448,-1.8298261665141702,4.574565416285448,-10.521500457456545,0,0,0,0,0,0,False,False,True,False,True,False,False,False,False
sz002139,2025-08-27,1,first_probe,0.2990478328242162,19.124481927760055,1.1095890410958906,1.0624169986719778,4.796320630748996,4.402102496714844,-0.5256241787122251,74.8514838852284,0,0,0,0,,,0,0,0,0,0,0,2.3778071334213946,-4.425363276089833,11.955085865257598,4.689564068692209,11.955085865257598,-9.907529722589171,0,0,0,0,0,0,False,False,False,False,True,False,False,False,False
sz002141,2024-09-10,1,first_probe,0.9962109724854978,31.637943521075393,1.7499999999999973,-0.694444444444442,5.594405594405605,5.594405594405605,-4.195804195804187,86.41973504134418,0,0,0,0,,,0,0,0,0,0,0,-3.649635036496357,-12.408759124087599,-3.649635036496357,-15.328467153284686,22.627737226277354,16.058394160583944,0,0,0,0,0,0,True,True,False,False,True,False,False,True,False
sz002144,2025-02-07,1,first_probe,0.2730735053129002,20.916790572491966,0.8023255813953492,0.6876227897838927,8.365758754863828,5.350194552529186,1.9512195121951237,79.97146570501744,0,1,0,1,19.0,19.0,1,1,0,0,0,0,0.9569377990430672,-1.2440191387559696,11.291866028708153,7.272727272727297,19.138755980861255,-3.923444976076562,0,0,0,1,0,0,False,False,False,False,True,False,False,False,False
sz002146,2024-11-01,1,first_probe,0.273605211140857,18.874602929901044,0.733333333333333,-0.5586592178770999,8.426966292134818,5.617977528089879,2.2471910112359605,78.01495964223597,1,1,1,1,2.0,2.0,3,5,1,1,1,1,46.703296703296694,9.340659340659329,46.703296703296694,11.538461538461519,46.703296703296694,-1.6483516483516536,1,1,1,1,1,1,False,False,True,False,True,False,False,False,False
sz002149,2025-01-13,1,first_probe,0.39431092407700796,18.35583394470884,0.8351648351648367,-4.006497022198152,5.132543711223914,2.7636773829667227,0.8460236886632666,73.6309504494689,0,0,0,0,22.0,22.0,1,1,0,0,0,0,8.389261744966436,-4.921700223713643,8.389261744966436,-4.921700223713643,42.61744966442953,26.11856823266221,0,0,1,0,0,1,False,False,False,False,True,False,False,False,False
sz002153,2025-11-19,1,first_probe,0.5043131826231741,16.46848650685119,0.8809523809523814,3.4451495920217567,7.533632286995506,6.816143497757854,-1.4022787028922012,82.31141578265772,1,1,1,1,3.0,3.0,1,3,0,0,1,1,20.266666666666655,-2.0444444444444487,20.266666666666655,-9.244444444444433,43.466666666666676,37.155555555555566,1,1,1,1,1,1,False,False,False,False,True,False,False,False,False
sz002154,2025-11-14,1,first_probe,0.28991306751966883,22.003664536583255,1.0,0.0,5.660377358490565,3.301886792452824,0.0,81.31709271638266,0,0,0,0,,,0,0,0,0,0,0,6.132075471698117,-3.0660377358490587,6.132075471698117,-7.547169811320764,6.132075471698117,-7.547169811320764,0,0,0,0,0,0,False,False,False,False,True,False,False,False,False
sz002156,2025-04-07,1,first_probe,0.622681491087618,22.89147041987576,1.1025641025641035,-9.532780708364719,4.872969596001653,3.5401915868388034,-0.49979175343607407,75.80139181027137,1,1,0,0,4.0,,0,1,0,0,0,0,10.757639179573042,7.325240686479706,11.259941398074492,10.087902888237753,11.259941398074492,-0.0837170364169082,0,0,0,0,0,0,False,True,False,False,True,False,False,False,False
sz002156,2025-09-02,2,retest_probe,0.32473267507025866,17.811137196282836,0.9344978165938871,-2.551605504587162,6.737275669314502,6.472491909385103,0.44130626654899086,75.95561976288286,0,1,0,1,16.0,16.0,1,1,0,0,0,0,8.758055067369664,-1.991798476859985,20.269478617457537,17.66256590509667,40.56824838898654,17.633274751025183,1,1,1,1,1,1,False,False,False,True,False,False,False,False,False
sz002160,2025-03-28,1,first_probe,0.6530735101369929,17.21151030789993,0.5000000000000012,-0.24875621890546595,9.620253164556969,8.860759493670866,3.2418952618453734,83.28221186825826,0,0,0,0,,,0,0,0,0,0,0,1.2077294685990614,-12.56038647342994,1.2077294685990614,-11.835748792270529,2.1739130434782705,-5.797101449275354,0,0,0,0,0,0,False,True,True,False,True,False,False,False,False
sz002161,2025-06-13,1,first_probe,0.4052586354568654,20.92338710029263,0.5595238095238093,-2.588555858310615,12.371134020618557,10.603829160530198,0.13986013986013734,83.61727947998443,0,0,0,0,22.0,22.0,1,1,0,0,0,0,0.9776536312849249,-8.379888268156432,0.9776536312849249,-9.77653631284916,18.29608938547487,10.754189944134062,0,0,0,0,0,0,False,False,True,False,True,False,False,False,False
sz002162,2024-09-19,1,first_probe,0.39139998536235,20.139825181211563,0.6250000000000018,0.6756756756756799,5.351170568561869,3.678929765886285,2.348993288590595,78.32599719463596,0,0,0,0,33.0,,0,1,0,0,0,0,26.885245901639365,9.836065573770503,26.885245901639365,11.8032786885246,34.0983606557377,16.72131147540985,1,1,1,0,1,1,False,False,True,False,True,False,False,False,False
sz002162,2025-02-27,2,retest_probe,0.4240256941766842,18.630664944066456,0.7916666666666672,0.8064516129032251,6.417112299465244,3.475935828876997,1.0666666666666602,80.90858173228676,1,1,1,1,1.0,6.0,2,1,1,0,0,0,27.968337730870708,21.899736147757267,51.978891820580465,12.137203166226907,51.978891820580465,9.234828496042201,1,1,1,1,1,1,False,False,True,True,False,False,False,False,False
sz002162,2025-04-25,3,retest_probe,0.8139067787780822,18.225831569029744,0.8888888888888911,0.995024875621886,6.5693430656934115,3.8929440389294134,1.9704433497536922,87.08144015813417,0,0,0,0,22.0,22.0,1,1,0,0,0,0,6.038647342995174,2.1739130434782705,7.246376811594213,-1.6908212560386326,19.806763285024154,3.1400966183574797,0,0,0,0,0,0,True,True,False,True,False,True,False,False,False
sz002162,2025-11-26,4,retest_probe,0.521871196263931,46.1952418955536,0.7708333333333329,0.0,10.169491525423746,6.779661016949157,1.8987341772151778,88.75709136935662,1,1,0,0,1.0,30.0,1,1,0,0,0,0,13.871635610766052,6.62525879917184,15.527950310559003,-2.898550724637672,19.66873706004142,6.8322981366459645,1,0,0,0,0,0,False,False,True,False,False,False,False,False,False
sz002163,2025-05-09,1,first_probe,0.8035779595504314,16.42745963378281,0.4500000000000012,-2.111111111111108,6.896551724137945,6.20689655172415,2.497162315550505,80.32608847101262,0,0,0,0,,,0,0,0,0,0,0,-0.6644518272425071,-8.748615725359898,2.436323366555926,-2.5470653377629993,9.302325581395344,3.100775193798455,0,0,0,0,0,0,True,True,True,False,True,False,False,True,True
sz002163,2025-10-20,2,retest_probe,0.35500845561236444,15.771505197487263,0.8307692307692317,-0.6427915518824601,6.007393715341958,5.360443622920519,1.0166358595194103,77.22282608619011,1,1,1,1,7.0,7.0,1,1,0,0,0,0,31.473010064043905,31.473010064043905,65.32479414455628,43.3668801463861,73.10155535224156,46.84354986276305,1,1,1,1,1,1,False,False,False,True,False,False,False,False,False
sz002164,2025-05-08,1,first_probe,0.40707247354919707,14.406372906052189,1.3469387755102051,-4.222451081359424,4.95951417004048,3.0364372469635414,4.408602150537644,76.13260483596495,1,1,0,0,1.0,24.0,1,1,0,0,0,0,14.418125643666313,-5.56127703398559,14.418125643666313,-9.371781668383106,14.418125643666313,-7.929969104016488,0,0,0,0,0,0,False,False,False,False,True,False,False,False,False
sz002164,2025-09-10,2,retest_probe,0.38201609476273224,15.551377841834997,0.6279069767441855,-3.7535410764872434,6.32818248712288,4.856512141280356,2.3546725533480473,72.1241089421307,1,1,0,0,9.0,,0,1,0,0,0,0,16.319194823867722,14.162473040977709,16.319194823867722,-0.5751258087706712,16.319194823867722,-10.999281092739032,1,0,0,0,0,0,False,False,True,True,False,False,False,False,False
sz002165,2025-08-21,1,first_probe,0.44702759474738435,13.588935137294207,0.7924528301886801,-0.42105263157893313,5.452674897119336,4.115226337448541,3.9112050739957605,79.86698334693267,1,1,1,1,5.0,5.0,1,1,0,0,0,0,11.597151576805697,6.714140386571721,11.597151576805697,-5.086469989827059,11.597151576805697,-13.326551373346906,0,0,0,1,0,0,False,False,True,False,True,False,False,False,False
sz002165,2025-11-17,2,retest_probe,0.4819381645408595,26.42076614850344,0.5454545454545443,0.2293577981651307,4.966139954853288,4.176072234762995,3.661327231121292,80.38484463871143,0,0,0,0,,,0,0,0,0,0,0,-0.551876379690952,-10.375275938189855,-0.551876379690952,-16.335540838852104,-0.551876379690952,-12.69315673289183,0,0,0,0,0,0,False,False,True,True,False,False,False,False,False
sz002172,2024-10-30,1,first_probe,0.5511760680485543,14.129309605873523,0.4117647058823548,-1.0033444816053616,5.762711864406778,4.745762711864399,3.040540540540526,78.2148120252714,0,0,0,0,33.0,33.0,1,1,0,0,0,0,17.04918032786886,7.540983606557372,17.04918032786886,7.868852459016407,43.27868852459018,13.442622950819683,1,0,1,0,0,1,False,False,True,False,True,False,False,False,False
sz002172,2024-11-08,2,retest_probe,0.33094337563857,18.221595150635558,0.7391304347826084,1.1904761904761862,6.886227544910173,4.790419161676662,0.0,81.09298153809445,0,0,0,0,26.0,26.0,1,1,0,0,0,0,3.8235294117646923,-7.352941176470584,9.411764705882364,8.823529411764719,28.52941176470589,-8.823529411764696,0,0,0,0,0,0,False,False,True,True,False,False,False,False,False
sz002172,2025-02-28,3,retest_probe,0.4007908717339282,31.066460295031156,0.7352941176470582,-0.28901734104045396,10.000000000000009,6.764705882352939,1.1594202898550732,85.39748771459116,0,0,0,0,35.0,35.0,1,1,0,0,0,0,18.911174785100293,16.045845272206293,18.911174785100293,-2.2922636103151928,18.911174785100293,-2.865329512893988,1,0,0,0,0,0,False,False,True,True,False,False,False,False,False
sz002172,2025-03-11,4,retest_probe,0.3391470207163559,22.688309244260545,0.580645161290323,-0.8426966292134908,8.611111111111104,4.722222222222228,5.665722379603411,84.1704855728812,0,0,0,0,28.0,28.0,1,1,0,0,0,0,11.260053619302957,-8.042895442359244,11.260053619302957,-17.158176943699733,11.260053619302957,-1.8766756032171594,0,0,0,0,0,0,False,False,True,False,False,False,False,False,False
sz002172,2025-06-11,5,retest_probe,0.287597367717473,39.64642246791108,1.1282051282051275,0.6564551422319376,8.478260869565224,2.826086956521756,-1.0869565217391242,81.00096748608856,1,1,1,1,2.0,2.0,1,1,0,0,0,0,11.86813186813187,-15.384615384615374,11.86813186813187,-14.28571428571428,11.86813186813187,-6.593406593406592,0,0,0,1,0,0,False,False,False,False,False,False,False,False,False
sz002173,2024-10-14,1,first_probe,0.5153356610550945,19.847660737894973,0.5227272727272723,0.2954209748892156,6.413994169096204,3.206997084548102,4.123711340206193,79.303202891209,0,1,0,1,11.0,11.0,1,1,0,0,0,0,9.900990099009888,8.203677510608198,54.03111739745403,48.51485148514851,58.4158415841584,34.93635077793491,1,1,1,1,1,1,False,False,True,False,True,False,False,False,False
sz002173,2024-11-11,2,retest_probe,0.32439977214225457,16.19655892724131,0.6842105263157902,1.4084507042253502,5.523255813953498,2.9069767441860295,4.166666666666674,77.59294138288027,0,1,0,0,11.0,25.0,1,1,0,0,0,0,6.666666666666665,-20.190476190476183,6.666666666666665,-9.142857142857153,18.1904761904762,-21.047619047619058,0,0,0,0,0,0,False,False,True,True,False,False,False,False,False
sz002173,2024-11-12,3,continuous_probe,0.2603107577271816,15.85529817437663,1.011627906976744,1.2380952380952381,8.317214700193421,6.5764023210831635,-2.822201317027284,82.53907681523205,1,1,0,0,10.0,24.0,1,1,0,0,0,0,4.065827686350443,-13.552758954501453,4.065827686350443,-5.42110358180059,20.13552758954502,-11.713455953533403,0,0,0,0,0,0,False,False,False,True,False,False,False,False,False
sz002173,2024-12-27,4,retest_probe,0.39710352368311147,18.957245441215765,0.4130434782608693,-0.22522522522524513,5.221339387060153,4.540295119182747,2.483069977426644,73.97903683752996,1,1,1,1,7.0,7.0,1,1,0,0,0,0,0.7709251101321701,-7.709251101321579,1.2114537444933848,-8.810572687224683,24.22907488986783,8.81057268722467,0,0,0,1,0,0,False,False,True,False,False,False,False,False,False
sz002173,2025-04-16,5,retest_probe,0.3004237252562051,21.332215397946822,0.5194805194805202,-0.2259887005649719,8.810068649885583,8.237986270022901,3.171007927519809,80.1029576030731,0,1,0,0,12.0,29.0,1,1,0,0,0,0,3.9517014270032957,0.5488474204171423,18.33150384193194,11.964873765093298,40.175631174533486,38.74862788144897,1,0,1,0,0,1,False,False,True,False,False,False,False,False,False
sz002173,2025-04-18,6,continuous_probe,0.5076398222382843,16.553418428044555,0.4999999999999983,0.786516853932584,5.810055865921804,4.357541899441353,2.6755852842809347,79.15545281859215,1,1,0,0,10.0,27.0,1,1,0,0,0,0,14.983713355048845,9.771986970684022,27.3615635179153,14.549402823018465,50.9229098805646,47.557003257328965,1,1,1,0,1,1,False,False,True,False,False,False,False,False,False
sz002173,2025-05-21,7,retest_probe,0.38183958937173873,44.63580639292545,1.4216867469879513,1.869158878504673,7.614678899082561,7.339449541284404,-3.2110091743119185,83.29711923815955,1,1,1,1,7.0,7.0,1,2,0,0,1,0,21.042654028436015,7.962085308056865,31.753554502369653,28.815165876777236,59.71563981042654,36.39810426540284,1,1,1,1,1,1,False,False,False,False,False,False,False,False,False
sz002175,2024-10-10,1,first_probe,0.6205527580060795,14.069458109978864,0.7058823529411747,0.0,8.133971291866015,5.2631578947368585,3.3816425120773097,84.54205876021808,0,1,0,1,12.0,12.0,1,1,0,0,0,0,3.738317757009346,2.8037383177570208,48.13084112149531,40.65420560747661,161.21495327102798,111.68224299065419,1,1,1,1,1,1,False,True,True,False,True,False,False,False,False
sz002175,2025-02-27,2,retest_probe,0.33880404263712205,18.410148878329842,0.7105263157894751,-0.8695652173912993,6.529209621993126,3.092783505154628,4.035087719298236,80.120157554158,1,1,1,1,8.0,8.0,1,1,0,0,0,0,3.7099494097807773,-3.8785834738617075,3.7099494097807773,-13.322091062394604,3.7099494097807773,-26.475548060708253,0,0,0,1,0,0,False,False,True,True,False,False,False,False,False
sz002179,2025-08-14,1,first_probe,0.3181370333706677,18.446444085903458,0.72794117647059,2.254098360655754,6.813627254509025,4.7344689378757465,1.8537074148296417,75.40121158626775,0,0,0,0,,,0,0,0,0,0,0,4.476143630103291,3.1972454500737824,5.730447614363032,-2.7299557304476085,5.730447614363032,-5.87801278898179,0,0,0,0,0,0,False,False,True,False,True,False,False,False,False
sz002181,2025-10-30,1,first_probe,0.41507711115926055,13.61960836463366,1.2941176470588243,0.4106776180698102,5.241521068859201,4.213771839671132,-2.0449897750511203,78.2411074165354,1,1,1,1,1.0,1.0,3,3,1,1,1,1,46.03340292275575,2.8183716075156573,46.03340292275575,-3.3402922755741193,46.03340292275575,-10.96033402922757,1,1,1,1,1,1,False,False,False,False,True,False,False,False,False
sz002186,2024-11-28,1,first_probe,0.41892264408920926,18.92098231888156,0.6774193548387104,0.09033423667570428,5.595667870036092,4.332129963898912,1.8050541516245522,75.73814495424746,1,1,1,1,2.0,2.0,1,1,0,0,0,0,28.457446808510657,24.55673758865249,34.308510638297875,6.205673758865249,34.308510638297875,-3.6347517730496492,1,1,1,1,1,1,False,False,True,False,True,False,False,False,False
sz002186,2025-08-19,2,retest_probe,0.2692222836652054,19.080292654563674,0.6610169491525435,1.0517090271691343,5.0556983718937465,4.370179948586106,2.948829141370335,71.85312592209812,1,1,1,1,1.0,4.0,1,1,0,0,0,0,28.812131423757382,15.922493681550144,28.812131423757382,7.160909856781816,28.812131423757382,-2.780117944397642,1,1,0,1,1,0,False,False,True,True,False,False,False,False,False
sz002191,2025-04-11,1,first_probe,0.3976061252219354,33.178871005349414,0.6315789473684218,-0.5540166204986208,5.219780219780223,4.670329670329676,3.342618384401108,78.26849028931349,0,0,0,0,34.0,34.0,1,1,0,0,0,0,2.156334231805923,-2.156334231805934,2.156334231805923,0.26954177897575704,14.555256064690036,8.355795148247957,0,0,0,0,0,0,False,False,True,False,True,False,False,False,False
sz002193,2024-09-05,1,first_probe,0.7805293912556596,15.021981837606837,1.0,-0.26109660574412663,6.153846153846154,5.128205128205132,2.0942408376963373,84.9826868190317,0,0,0,0,21.0,21.0,1,1,0,0,0,0,4.871794871794877,1.2820512820512997,34.87179487179486,10.512820512820497,36.410256410256416,31.538461538461537,1,1,1,0,1,1,True,True,False,False,True,False,False,True,False
sz002193,2025-01-10,2,retest_probe,0.27908652683643226,14.669655287492992,0.5490196078431362,-1.3235294117647012,7.544378698224841,3.8461538461538325,4.172876304023854,72.92105096397242,0,0,0,0,,,0,0,0,0,0,0,11.587982832618016,-12.160228898426329,11.587982832618016,-5.4363376251788225,11.587982832618016,-10.586552217453505,0,0,0,0,0,0,False,False,True,True,False,False,False,False,False
sz002193,2025-04-15,3,retest_probe,0.6605336039064942,20.949725517415448,0.8928571428571449,0.36832412523020164,5.026929982046657,3.949730700179521,2.752293577981635,78.57827813845934,0,0,0,0,,,0,0,0,0,0,0,0.0,-12.678571428571427,6.964285714285734,0.3571428571428559,6.964285714285734,3.214285714285725,0,0,0,0,0,0,False,True,False,True,False,False,False,False,False
sz002193,2025-05-14,4,retest_probe,0.6978878764412972,18.219698990977005,0.5555555555555545,0.0,4.873646209386284,4.1516245487364545,1.7985611510791477,75.90408677083826,0,0,0,0,,,0,0,0,0,0,0,4.59363957597172,-0.7067137809187329,5.653710247349819,3.7102473498233257,10.600706713780905,8.303886925795045,0,0,0,0,0,0,True,True,True,False,False,False,False,False,False
sz002194,2025-04-17,1,first_probe,0.6893633511127215,20.356353684086006,0.8750000000000003,-0.583657587548625,6.949806949806958,5.501930501930508,2.250489236790587,85.53225830893885,1,1,1,1,1.0,1.0,2,2,1,0,1,0,51.29186602870814,21.244019138756,57.320574162679435,40.66985645933015,61.3397129186603,38.851674641148335,1,1,1,1,1,1,True,True,False,False,True,False,False,True,False
sz002195,2024-11-15,1,first_probe,0.5670637286664542,15.427631988653472,0.8823529411764705,-0.3095975232198067,5.312499999999987,4.062499999999991,0.0,81.83092501670279,1,1,1,1,7.0,7.0,1,1,0,0,0,0,19.875776397515523,14.28571428571428,84.1614906832298,40.37267080745339,84.1614906832298,23.60248447204969,1,1,1,1,1,1,False,False,False,False,True,False,False,False,False
sz002196,2025-02-07,1,first_probe,0.30281044127910867,19.20389152461949,0.511627906976744,0.0,7.072368421052633,3.6184210526315708,3.453947368421062,74.70244662212437,0,1,0,1,18.0,18.0,1,1,0,0,0,0,7.790143084260737,4.9284578696343395,27.344992050874396,27.344992050874396,106.5182829888712,23.529411764705866,1,1,1,1,1,1,False,False,True,False,True,False,False,False,False
sz002196,2025-04-25,2,retest_probe,0.79944148812725,14.437260288176732,0.9444444444444432,0.0,7.294832826747721,7.193515704154008,2.164948453608262,81.79723006947833,1,1,1,1,2.0,2.0,1,1,0,0,0,0,14.026236125126147,6.458123107971758,14.026236125126147,-5.247225025227042,14.026236125126147,-8.577194752774975,0,0,0,1,0,0,True,True,False,True,False,True,False,False,False
sz002204,2025-03-28,1,first_probe,0.4756463574195596,74.32400523110275,1.0,-9.987029831387806,4.899135446685876,3.0259365994236287,0.0,79.27272714148921,0,0,0,0,,,0,0,0,0,0,0,-5.619596541786754,-15.994236311239195,-3.458213256484155,-13.11239193083573,-3.458213256484155,-11.38328530259366,0,0,0,0,0,0,False,False,False,False,True,False,False,False,False
sz002205,2024-12-17,1,first_probe,0.6230104188366594,24.267895764330913,0.7200000000000006,-0.583657587548625,10.010010010010006,3.5035035035035023,0.4892367906066397,82.17855065432556,1,1,1,1,1.0,1.0,1,2,0,0,1,0,21.032132424537497,-13.242453748782857,21.032132424537497,-19.47419668938656,21.032132424537497,-9.347614410905546,1,1,0,1,1,0,False,True,True,False,True,False,False,False,False
sz002205,2025-06-30,2,retest_probe,0.4869906444254939,27.023771976960017,1.6249999999999996,2.127659574468077,6.666666666666665,3.083333333333327,-4.1666666666666625,81.70061162368378,1,1,0,1,5.0,15.0,2,1,1,0,0,0,13.043478260869556,0.08695652173913437,29.47826086956522,27.21739130434784,48.43478260869565,26.086956521739136,1,1,1,1,1,1,False,False,False,True,False,False,False,False,False
sz002208,2024-11-25,1,first_probe,0.275975470034509,22.78172820088919,0.8735632183908051,0.5081300813008172,8.796764408493418,5.56117290192113,1.1122345803842304,77.77114911739623,0,0,0,0,,,0,0,0,0,0,0,-2.200000000000002,-10.500000000000009,-2.200000000000002,-26.200000000000003,-2.200000000000002,-31.799999999999994,0,0,0,0,0,0,False,False,False,False,True,False,False,False,False
sz002210,2025-04-25,1,first_probe,0.39068766997611615,13.355592319535994,0.6470588235294114,-1.5686274509803977,6.563706563706551,3.47490347490349,5.5776892430278835,78.94238011260062,0,0,0,0,38.0,38.0,1,1,0,0,0,0,0.0,-3.396226415094339,3.396226415094361,-5.283018867924538,7.169811320754715,-0.37735849056602655,0,0,0,0,0,0,False,False,True,False,True,False,False,False,False
sz002210,2025-10-31,2,retest_probe,0.8549160635185888,15.771178694789173,0.6818181818181802,-0.4987531172069737,5.32687651331718,3.147699757869238,5.263157894736836,82.02268366391763,1,1,0,0,1.0,,0,1,0,0,0,0,13.571428571428545,0.952380952380949,13.571428571428545,-10.238095238095246,13.571428571428545,-10.952380952380947,0,0,0,0,0,0,True,True,True,True,False,True,True,False,False
sz002211,2025-02-20,1,first_probe,0.3755454325341849,17.98921162393338,0.4827586206896571,0.0,7.268170426065157,3.7593984962405846,4.282115869017611,78.7782702537343,0,0,0,0,,,0,0,0,0,0,0,10.6280193236715,-2.1739130434782594,10.6280193236715,-0.9661835748792313,10.6280193236715,-17.87439613526569,0,0,0,0,0,0,False,False,True,False,True,False,False,False,False
sz002211,2025-02-21,2,continuous_probe,0.5250263560824281,22.50004465601659,0.7692307692307705,1.2077294685990614,6.117647058823517,4.0000000000000036,2.8639618138424527,81.77646628141903,0,0,0,0,,,0,0,0,0,0,0,6.264501160092828,-4.408352668213444,6.264501160092828,-7.42459396751739,6.264501160092828,-29.00232018561484,0,0,0,0,0,0,False,False,True,True,False,False,False,False,False
sz002213,2025-10-23,1,first_probe,0.25736403784998035,13.837748167981063,0.5490196078431367,0.0474608448030267,7.481662591687055,4.303178484107573,0.2846299810246755,74.9516742497056,1,1,1,1,1.0,1.0,3,3,1,1,1,1,39.545884578997146,32.78145695364238,73.32071901608326,73.32071901608326,73.32071901608326,25.543992431409634,1,1,1,1,1,1,False,False,True,False,True,False,False,False,False
sz002218,2024-09-03,1,first_probe,0.44463967198468873,42.959717211375214,0.6999999999999993,-0.7017543859649145,7.017543859649122,3.5087719298245723,2.8268551236749095,83.58944484389271,0,1,0,1,16.0,16.0,2,2,1,0,1,0,1.7182130584192379,0.0,40.2061855670103,21.305841924398617,40.2061855670103,31.615120274914087,1,1,1,1,1,1,False,False,True,False,True,False,False,False,False
sz002225,2024-12-10,1,first_probe,0.3305648128852327,18.09963466823862,0.7499999999999992,2.9288702928870203,5.691056910569103,3.4552845528455167,1.4227642276422925,78.63118680098789,0,1,0,1,18.0,18.0,1,1,0,0,0,0,13.426853707414832,0.4008016032064132,13.827655310621223,11.222444889779549,20.240480961923836,10.42084168336672,0,0,0,1,0,0,False,False,True,False,True,False,False,False,False
sz002226,2024-09-18,1,first_probe,0.5170261081423665,20.042326637558574,0.9047619047619044,2.1621621621621623,5.454545454545445,5.1948051948051965,2.3809523809523947,80.71653399699521,0,0,0,0,,,0,0,0,0,0,0,30.23255813953487,13.953488372093027,30.23255813953487,17.829457364341074,52.97157622739017,42.1188630490956,1,1,1,0,1,1,False,False,False,False,True,False,False,False,False
sz002227,2025-02-14,1,first_probe,0.26014269817164715,30.526284790957252,0.6705882352941168,0.27649769585254,7.826887661141813,5.893186003683248,2.389705882352944,79.75614836231844,1,1,1,1,6.0,10.0,3,1,1,1,0,0,12.387791741472153,12.387791741472153,43.62657091561939,14.991023339317767,52.60323159784559,1.077199281867136,1,1,1,1,1,1,False,False,True,False,True,False,False,False,False
sz002231,2024-11-13,1,first_probe,0.282785726231589,19.0602181947941,0.43749999999999983,0.48154093097911854,5.031446540880502,4.088050314465397,4.472843450479247,72.65024433844249,0,1,0,1,17.0,17.0,1,1,0,0,0,0,-0.4587155963302836,-7.4923547400611685,14.525993883792054,9.02140672782874,27.37003058103975,-15.749235474006118,0,0,0,1,0,0,False,False,True,False,True,False,False,False,False
sz002231,2024-12-05,2,retest_probe,0.6959736684435999,15.922776551454058,0.6562499999999993,-0.4950495049504844,5.144694533762073,3.536977491961424,4.975124378109452,80.76692788065515,1,1,1,1,1.0,1.0,1,1,0,0,0,0,31.595576619273302,7.109004739336489,31.595576619273302,-18.95734597156399,31.595576619273302,-6.00315955766193,1,1,1,1,1,1,True,True,True,True,False,True,True,False,False
sz002231,2025-08-21,3,retest_probe,0.4587126308754151,21.175042111656378,1.9199999999999982,-0.20790020790020236,5.208333333333326,4.583333333333339,-4.791666666666661,76.65506891812521,0,0,0,0,,,0,0,0,0,0,0,10.065645514223199,-5.470459518599558,10.065645514223199,-14.22319474835887,10.065645514223199,-22.75711159737419,0,0,0,0,0,0,False,False,False,True,False,False,False,False,False
sz002235,2025-06-05,1,first_probe,0.5839177925553516,25.495494944116498,0.5789473684210521,-0.17482517482516613,6.643356643356646,6.643356643356646,2.977232924693518,84.90217169952277,1,1,1,1,5.0,5.0,2,2,1,0,1,0,48.80952380952381,39.62585034013608,98.29931972789116,67.34693877551021,98.29931972789116,36.56462585034013,1,1,1,1,1,1,False,True,True,False,True,False,False,False,False
sz002235,2025-11-13,2,retest_probe,0.4001337412200683,41.74369909189907,0.5106382978723412,0.5354752342704217,6.233421750663126,4.641909814323597,3.462050599201061,82.31411895516142,1,1,1,1,5.0,5.0,1,1,0,0,0,0,22.265122265122272,21.235521235521237,84.55598455598457,35.13513513513513,84.55598455598457,32.17503217503217,1,1,1,1,1,1,False,False,True,True,False,False,False,False,False
sz002239,2024-12-05,1,first_probe,0.8394859187343442,13.517133778434244,0.7647058823529409,0.0,5.105105105105112,5.105105105105112,5.642633228840133,80.23546181100414,1,1,1,1,8.0,8.0,2,2,1,0,1,0,24.03560830860534,9.198813056379818,24.03560830860534,-15.727002967359061,24.03560830860534,-5.341246290801194,1,1,0,1,1,0,True,True,True,False,True,False,False,True,True
sz002245,2025-01-15,1,first_probe,0.48136256713548053,14.574129866191576,0.6627906976744193,-0.34632034632035014,7.671721677074039,6.422836752899186,-0.08688097306689402,78.55451242521015,1,1,0,0,6.0,,0,1,0,0,0,0,16.34782608695653,6.869565217391305,22.52173913043478,19.999999999999996,44.95652173913045,28.52173913043479,1,1,1,0,1,1,False,False,True,False,True,False,False,False,False
sz002247,2024-11-26,1,first_probe,0.4054146352538876,17.924779741913287,0.894736842105263,0.0,6.737588652482263,4.255319148936176,0.35335689045936647,84.75951783211828,0,0,0,0,,,0,0,0,0,0,0,17.6056338028169,10.915492957746476,19.01408450704225,-4.929577464788726,19.01408450704225,-10.2112676056338,1,0,0,0,0,0,False,False,False,False,True,False,False,False,False
sz002247,2025-01-16,2,retest_probe,0.5310957148469916,20.54341999429775,0.7272727272727267,0.0,8.208955223880587,5.223880597014907,3.396226415094361,84.65176691871986,0,0,0,0,,,0,0,0,0,0,0,0.36496350364962904,-0.7299270072992692,4.014598540145986,-2.554744525547459,4.014598540145986,-3.284671532846728,0,0,0,0,0,0,False,False,True,True,False,False,False,False,False
sz002248,2025-05-14,1,first_probe,0.4165069388000141,19.702172393888965,1.0,0.0,7.342657342657355,5.827505827505819,0.35087719298245723,82.6408889933008,0,0,0,0,,,0,0,0,0,0,0,11.421911421911425,4.079254079254069,11.421911421911425,1.5151515151515138,11.421911421911425,3.6130536130536184,0,0,0,0,0,0,False,False,False,False,True,False,False,False,False
sz002253,2024-10-24,1,first_probe,0.5001773630490326,20.626081929918552,1.088888888888889,2.1122112211221067,5.847953216374258,5.133203378817419,-1.0342598577892659,82.03682944224289,1,1,1,1,2.0,2.0,4,4,1,1,1,1,64.467668190725,37.68778576094054,64.467668190725,20.770738079686456,64.467668190725,5.878510777269752,1,1,1,1,1,1,False,False,False,False,True,False,False,False,False
sz002263,2024-11-28,1,first_probe,0.379435516038532,15.299249768154159,0.7142857142857143,-0.3558718861210064,5.000000000000004,2.857142857142869,1.4285714285714235,73.41454064704345,1,1,0,0,2.0,,0,1,0,0,0,0,9.507042253521124,8.098591549295776,9.507042253521124,-13.380281690140839,9.507042253521124,-19.01408450704225,0,0,0,0,0,0,False,False,True,False,True,False,False,False,False
sz002269,2025-03-14,1,first_probe,1.2265053714049412,28.447185150385135,0.6,0.9803921568627416,4.761904761904767,3.3333333333333215,3.8834951456310662,82.82996985673762,0,1,0,1,18.0,18.0,1,1,0,0,0,0,2.3364485981308247,-14.018691588785048,2.3364485981308247,-14.018691588785048,2.3364485981308247,-13.551401869158875,0,0,0,1,0,0,True,True,True,False,True,False,False,True,True
sz002269,2025-04-17,2,retest_probe,0.9208171824111919,33.30212279576008,0.6666666666666683,-1.6304347826086918,4.86486486486486,3.7837837837837673,3.8674033149171283,83.65056533597753,0,0,0,0,38.0,38.0,1,1,0,0,0,0,0.5319148936170137,-4.7872340425531785,5.85106382978724,0.0,6.382978723404253,2.659574468085113,0,0,0,0,0,0,True,True,True,True,False,True,True,False,False
sz002269,2025-04-21,3,continuous_probe,0.8711955382823544,44.3880319305042,0.6666666666666659,-0.5524861878453025,4.999999999999982,3.3333333333333437,1.6666666666666607,84.13632047324285,0,0,0,0,36.0,36.0,1,1,0,0,0,0,1.0928961748633892,-0.5464480874316946,8.743169398907092,-1.0928961748633892,9.289617486338786,-2.732240437158473,0,0,0,0,0,0,True,True,True,True,False,True,True,False,False
sz002269,2025-05-09,4,retest_probe,0.5294473785471785,34.07679300772448,0.9333333333333332,0.0,8.15217391304348,5.978260869565211,1.6483516483516425,89.1043274137467,0,0,0,0,25.0,25.0,1,1,0,0,0,0,4.86486486486486,-5.945945945945952,4.86486486486486,-2.1621621621621623,8.108108108108091,-1.0810810810810811,0,0,0,0,0,0,False,False,False,False,False,False,False,False,False
sz002269,2025-06-05,5,retest_probe,0.7301910001256199,65.13439963688539,0.6153846153846148,0.0,7.2625698324022325,3.9106145251396773,1.6574585635359185,87.67851583239212,1,1,1,1,7.0,7.0,1,1,0,0,0,0,8.695652173913038,-2.1739130434782594,8.695652173913038,0.5434782608695565,13.586956521739113,2.1739130434782483,0,0,0,1,0,0,True,True,True,False,False,False,False,False,False
sz002272,2025-07-17,1,first_probe,0.7156804670615842,16.446962264909207,0.6400000000000006,0.46511627906977715,6.893382352941169,4.779411764705888,3.240740740740744,83.89941655091641,1,1,1,1,10.0,10.0,1,2,0,0,1,0,10.134529147982052,8.699551569506724,30.85201793721972,21.434977578475323,91.6591928251121,48.43049327354261,1,1,1,1,1,1,True,True,True,False,True,False,False,True,True
sz002278,2025-03-28,1,first_probe,0.7906300550696069,173.64680370563687,1.0,-10.000000000000009,5.448717948717952,5.235042735042739,0.0,87.59704302768976,0,1,0,1,14.0,14.0,1,1,0,0,0,0,-6.94444444444443,-20.940170940170933,-6.94444444444443,-13.354700854700852,1.8162393162393098,-2.350427350427342,0,0,0,1,0,0,True,True,False,False,True,False,False,True,False
sz002279,2025-07-01,1,first_probe,0.3122014184303398,23.941258569375016,0.6097560975609754,1.3740458015267132,6.269113149847105,4.281345565749239,0.9036144578313365,79.75345414460307,1,1,1,1,8.0,8.0,1,1,0,0,0,0,11.940298507462677,6.417910447761188,11.940298507462677,6.7164179104477695,19.402985074626855,14.029850746268657,0,0,0,1,0,0,False,False,True,False,True,False,False,False,False
sz002285,2025-04-08,1,first_probe,0.47824802808078953,14.776848411504593,0.8461538461538464,-0.9345794392523366,6.220095693779926,4.306220095693791,-0.4716981132075526,81.6917290446753,1,1,0,0,1.0,,0,1,0,0,0,0,14.691943127962093,12.796208530805696,23.696682464454977,8.056872037914697,23.696682464454977,9.478672985782,1,1,0,0,1,0,False,False,False,False,True,False,False,False,False
sz002289,2025-05-30,1,first_probe,1.2431723978435463,33.24362522349914,0.8354430379746847,-4.949238578680204,5.277221108884422,5.210420841683372,0.8010680907877044,87.01150977430541,0,0,0,0,,,0,0,0,0,0,0,19.73509933774833,19.73509933774833,25.695364238410612,7.284768211920523,33.642384105960275,26.490066225165563,1,1,1,0,1,1,True,True,False,False,True,False,False,True,False
sz002290,2024-12-25,1,first_probe,0.26409717100508967,15.584968215612827,0.8502994011976046,-0.055803571428580945,9.324399776661064,6.085985482970413,1.3958682300390768,78.23669848698934,0,0,0,0,32.0,32.0,3,3,1,1,1,1,7.378854625550657,-12.389867841409696,7.378854625550657,-11.343612334801756,46.03524229074889,36.563876651982376,0,0,1,0,1,1,False,False,False,False,True,False,False,False,False
sz002290,2025-04-11,2,retest_probe,0.4162874486791657,16.205500469649774,0.37288135593220156,0.2600780234070177,5.146096816397727,3.4452682075883034,2.3346303501945664,71.2331399637362,0,1,0,1,14.0,14.0,2,2,1,0,1,0,9.505703422053235,7.984790874524705,43.21926489226868,37.55809040980142,56.991972961554694,44.190959019856365,1,1,1,1,1,1,False,False,True,True,False,False,False,False,False
sz002290,2025-05-13,3,retest_probe,0.38732911574385304,17.693913295874093,0.5584415584415584,1.7930166719094087,4.758961681087759,2.8430160692212603,2.1013597033374465,69.82797704927849,0,1,0,1,15.0,15.0,1,1,0,0,0,0,0.4842615012106588,-7.324455205811131,12.46973365617432,7.203389830508478,12.46973365617432,-6.658595641646492,0,0,0,1,0,0,False,False,True,True,False,False,False,False,False
sz002290,2025-05-21,4,retest_probe,0.8363676785098528,18.7710802876491,1.071823204419891,0.6176853055916753,5.803142032702779,3.430586726514906,0.3554119547657386,79.93303495165752,1,1,1,1,9.0,9.0,1,1,0,0,0,0,13.74758531873792,10.27044430135222,19.639407598197025,-0.9980682549903364,19.639407598197025,1.5453960077269846,1,0,0,1,0,0,True,True,False,False,False,False,False,False,False
sz002291,2024-09-23,1,first_probe,0.46325828539818964,16.771035970119215,0.4166666666666685,0.6564551422319376,5.1948051948051965,2.813852813852802,3.4782608695652195,72.11084339489085,1,1,1,1,5.0,5.0,1,1,0,0,0,0,31.30252100840336,10.294117647058831,31.30252100840336,26.890756302521023,59.243697478991606,44.95798319327733,1,1,1,1,1,1,False,False,True,False,True,False,False,False,False
sz002291,2025-01-09,2,retest_probe,0.3474370739441862,21.95975973796523,0.5121951219512193,-1.1437908496732097,6.6343042071197456,4.854368932038855,5.454545454545445,77.60933314815055,1,1,1,1,3.0,3.0,3,4,1,1,1,1,32.131661442006276,-3.6050156739811823,32.131661442006276,14.420062695924774,32.131661442006276,12.695924764890298,1,1,1,1,1,1,False,False,True,True,False,False,False,False,False
sz002291,2025-09-16,3,retest_probe,0.601457267417224,16.490121061705366,0.6363636363636361,2.2292993630573132,5.1004636785162205,3.400309119010836,2.6479750778816147,79.52416826592345,1,1,1,1,8.0,8.0,1,1,0,0,0,0,10.9256449165402,0.4552352048558417,11.836115326251907,7.132018209408186,11.836115326251907,7.132018209408186,0,0,0,1,0,0,False,True,True,True,False,False,False,False,False
sz002291,2025-11-24,4,retest_probe,0.25497620092986845,19.506328296148403,0.43103448275862066,1.0928961748633892,7.816711590296488,6.738544474393526,4.729729729729715,76.9412146252109,1,1,1,1,2.0,2.0,1,2,0,0,1,0,19.741935483870954,-11.096774193548386,19.741935483870954,-18.58064516129033,19.741935483870954,-7.9999999999999964,1,0,0,1,0,0,False,False,True,False,False,False,False,False,False
sz002298,2025-10-16,1,first_probe,0.33140036077003654,13.889560430203783,0.9456521739130427,-3.4858387799564294,6.896551724137923,4.94752623688155,0.7524454477050524,77.04308497627879,0,0,0,0,22.0,22.0,1,1,0,0,0,0,0.0,-12.247946228528761,0.821508588498876,-4.032860343539957,3.808812546676621,-24.122479462285284,0,0,0,0,0,0,False,False,False,False,True,False,False,False,False
sz002300,2024-11-05,1,first_probe,0.8405784166034056,22.34058872355122,0.5714285714285714,0.37523452157597337,5.175600739371533,4.990757855822547,3.3644859813084294,79.63041080777136,0,0,0,0,,,0,0,0,0,0,0,4.339963833634708,-1.446654611211573,9.041591320072339,7.775768535262206,10.126582278481,-3.4358047016274984,0,0,0,0,0,0,True,True,True,False,True,False,False,True,True
sz002302,2024-09-19,1,first_probe,0.29338112634511704,20.692837295836938,0.7812499999999993,0.3717472118959231,5.7347670250896154,4.8387096774193505,4.629629629629628,79.19748133049117,1,1,1,1,10.0,10.0,1,1,0,0,0,0,31.150442477876105,23.008849557522115,58.40707964601768,27.96460176991151,58.40707964601768,28.141592920353986,1,1,1,1,1,1,False,False,True,False,True,False,False,False,False
sz002302,2024-12-23,2,retest_probe,0.27172853036109784,17.161675605766234,0.7249999999999994,2.4285714285714244,5.602240896358546,3.3613445378151363,1.115760111576014,79.53727482505295,0,0,0,0,,,0,0,0,0,0,0,2.758620689655178,-14.068965517241372,2.758620689655178,-17.37931034482758,2.758620689655178,-11.310344827586217,0,0,0,0,0,0,False,False,True,True,False,False,False,False,False
sz002306,2024-12-24,1,first_probe,0.30770230198614773,24.62285732395369,0.7619047619047606,-8.069164265129691,6.583072100313481,2.8213166144200663,1.5673981191222763,76.55123122593096,0,1,0,0,16.0,24.0,1,1,0,0,0,0,2.777777777777768,-13.271604938271608,2.777777777777768,-24.691358024691368,2.777777777777768,-11.111111111111116,0,0,0,0,0,0,False,False,True,False,True,False,False,False,False
sz002306,2025-02-18,2,retest_probe,0.3507663137772113,13.947031624925788,1.1176470588235297,-0.3717472118959009,6.137184115523464,3.971119133573997,2.6119402985074647,81.74587767565507,1,1,1,1,7.0,7.0,1,1,0,0,0,0,10.18181818181818,-2.5454545454545396,30.181818181818176,22.545454545454557,35.63636363636364,-23.272727272727277,1,1,1,1,1,1,False,False,False,True,False,False,False,False,False
sz002306,2025-04-10,3,retest_probe,0.48271203871286017,21.98001395638718,0.7894736842105261,-1.6877637130801704,7.883817427385886,5.8091286307053736,5.150214592274693,86.78561740706844,0,0,0,0,,,0,0,0,0,0,0,0.40816326530610514,-29.795918367346943,0.40816326530610514,-29.387755102040824,0.40816326530610514,-18.36734693877552,0,0,0,0,0,0,False,False,True,True,False,False,False,False,False
sz002307,2024-11-15,1,first_probe,0.5059722829882465,30.21663352606975,0.714285714285715,-0.7389162561576179,8.684863523573183,5.707196029776673,2.481389578163773,85.11524597737382,0,1,0,0,17.0,26.0,2,1,1,0,0,0,3.3898305084745672,0.4842615012106588,10.169491525423723,1.2106537530266248,17.9176755447942,-17.67554479418886,0,0,0,0,1,0,False,False,True,False,True,False,False,False,False
sz002307,2025-08-13,2,retest_probe,0.32910105153197133,17.001537861052523,0.7777777777777778,0.5376344086021501,6.428571428571428,5.178571428571432,1.2477718360071277,75.24191375019004,0,0,0,0,35.0,35.0,1,1,0,0,0,0,-1.4084507042253502,-17.957746478873236,-1.4084507042253502,-16.19718309859155,-1.4084507042253502,-12.323943661971814,0,0,0,0,0,0,False,False,True,True,False,False,False,False,False
sz002309,2025-07-09,1,first_probe,0.297321016931313,21.25507390287684,0.9032258064516121,0.27173913043476716,8.40108401084012,5.1490514905149,0.8130081300813163,79.52552269067127,0,0,0,0,,,0,0,0,0,0,0,1.6129032258064502,-12.903225806451612,1.6129032258064502,-13.440860215053762,1.6129032258064502,-17.741935483870975,0,0,0,0,0,0,False,False,False,False,True,False,False,False,False
sz002309,2025-07-11,2,continuous_probe,0.40927558018359733,37.344153638094376,0.7575757575757585,-1.1461318051575908,9.565217391304337,7.246376811594213,2.318840579710124,87.3190864366718,0,0,0,0,,,0,0,0,0,0,0,-1.6997167138810054,-9.065155807365432,-1.6997167138810054,-7.082152974504252,-1.6997167138810054,-10.76487252124646,0,0,0,0,0,0,False,False,True,True,False,False,False,False,False
sz002310,2024-12-06,1,first_probe,1.0275641604400605,52.97191467589167,0.590909090909091,-4.977375565610853,10.47619047619046,10.000000000000009,4.2857142857142705,90.60742956742006,0,0,0,0,,,0,0,0,0,0,0,-0.45662100456620447,-4.109589041095885,-0.45662100456620447,-24.200913242009136,-0.45662100456620447,-20.091324200913242,0,0,0,0,0,0,True,True,True,False,True,False,False,True,True
sz002312,2025-05-27,1,first_probe,0.9680655613675576,21.768774907374024,0.5087719298245597,0.7207207207207134,5.022026431718074,4.845814977973584,4.02504472271914,81.71604427623143,0,0,0,0,,,0,0,0,0,0,0,-0.6878761822871837,-2.579535683576961,3.009458297506451,0.7738607050730817,3.009458297506451,-0.7738607050731039,0,0,0,0,0,0,True,True,True,False,True,False,False,True,True
sz002313,2025-06-04,1,first_probe,0.5803814742459462,15.503597707333114,0.5441176470588238,-0.7928642220019877,6.666666666666687,4.90196078431373,4.9950049950050035,79.52448706080455,0,1,0,1,18.0,18.0,1,2,0,0,1,0,2.5689819219790744,-10.180780209324459,8.468125594671738,-5.3282588011417715,8.468125594671738,-7.897240723120835,0,0,0,1,0,0,False,True,True,False,True,False,False,False,False
sz002316,2025-06-13,1,first_probe,0.25690202772634974,21.42450671167388,0.6785714285714294,-1.0482180293501009,5.932203389830515,5.296610169491522,1.9067796610169552,76.8152550598984,0,0,0,0,,,0,0,0,0,0,0,7.484407484407485,3.7422037422037535,16.008316008316026,10.81081081081081,16.008316008316026,12.05821205821207,1,0,0,0,0,0,False,False,True,False,True,False,False,False,False
sz002319,2024-12-16,1,first_probe,0.5181976911720919,20.4400350759967,0.7876106194690278,0.46801872074884177,8.77329192546583,8.695652173913038,1.8633540372670732,81.0236401023496,0,0,0,0,,,0,0,0,0,0,0,4.115853658536595,-18.064024390243894,4.115853658536595,-18.90243902439024,4.115853658536595,-16.99695121951219,0,0,0,0,0,0,False,False,True,False,True,False,False,False,False
sz002320,2024-10-15,1,first_probe,0.6872237279451017,13.943559875171758,1.0540540540540528,-0.5576208178438735,6.877323420074344,5.390334572490718,0.18691588785046953,83.06663036640181,0,0,0,0,34.0,34.0,1,1,0,0,0,0,7.462686567164178,4.104477611940283,23.320895522388053,16.604477611940283,38.24626865671641,20.149253731343286,1,1,1,0,1,1,True,True,False,False,True,False,False,True,False
sz002321,2024-12-13,1,first_probe,0.33251230031241147,18.15002481254244,1.2631578947368407,-0.6849315068493178,6.312292358803995,5.315614617940212,2.0689655172413834,83.96780274956218,1,1,1,1,1.0,1.0,1,1,0,0,0,0,19.594594594594604,-13.17567567567568,19.594594594594604,-26.01351351351352,19.594594594594604,-19.256756756756754,1,0,0,1,0,0,False,False,False,False,True,False,False,False,False
sz002321,2024-12-20,2,continuous_probe,0.5242266554088084,18.862082328938417,0.4571428571428574,-1.7006802721088343,12.23776223776225,7.342657342657333,5.536332179930792,83.25008279125335,0,0,0,0,39.0,39.0,1,1,0,0,0,0,-2.6229508196721207,-25.573770491803273,-2.6229508196721207,-23.606557377049175,-2.6229508196721207,-9.836065573770492,0,0,0,0,0,0,False,False,True,True,False,False,False,False,False
sz002321,2025-09-12,3,retest_probe,0.4892068443203199,26.983581216168144,0.7222222222222228,1.7857142857143016,6.315789473684208,2.807017543859658,1.754385964912264,78.66759613746783,1,1,0,0,8.0,,0,1,0,0,0,0,6.896551724137945,1.379310344827589,6.896551724137945,-1.724137931034475,18.965517241379317,12.068965517241391,0,0,0,0,0,0,False,False,True,True,False,False,False,False,False
sz002321,2025-11-14,4,retest_probe,0.5411267155927136,20.267978961336706,0.5294117647058817,0.0,5.263157894736836,4.024767801857587,2.4767801857585203,73.75013323382679,1,1,1,1,3.0,3.0,1,2,0,0,1,0,16.616314199395752,-16.012084592145026,16.616314199395752,-27.49244712990937,16.616314199395752,-27.190332326283983,1,0,0,1,0,0,False,False,True,False,False,False,False,False,False
sz002323,2025-07-08,1,first_probe,0.7435156572599315,28.364239544437783,0.875,0.6211180124223503,4.790419161676662,3.592814371257491,3.703703703703698,83.91806790488265,0,0,0,0,29.0,29.0,1,1,0,0,0,0,2.3809523809523725,-1.1904761904761862,4.166666666666674,-2.9761904761904767,18.452380952380953,14.28571428571428,0,0,0,0,0,0,True,True,False,False,True,False,False,True,False
sz002326,2025-11-06,1,first_probe,0.26308242069279575,14.774787409552562,0.4336283185840729,0.5431830526887671,6.104808211777413,4.48406266882766,3.457590491626128,73.76718863377516,1,1,1,1,1.0,1.0,1,5,0,0,1,1,72.32375979112274,46.109660574412544,72.32375979112274,19.582245430809397,72.32375979112274,36.18798955613578,1,1,1,1,1,1,False,False,True,False,True,False,False,False,False
sz002328,2024-12-09,1,first_probe,0.3999450313805462,29.40468348816484,0.9090909090909111,0.0,5.400981996726673,2.9459901800327204,3.3670033670033517,78.49150229454439,0,0,0,0,25.0,25.0,1,1,0,0,0,0,2.442996742671011,-8.469055374592827,3.9087947882736174,-8.306188925081425,3.9087947882736174,1.4657980456026287,0,0,0,0,0,0,False,False,False,False,True,False,False,False,False
sz002339,2024-09-24,1,first_probe,0.4812113092802329,23.861711346646413,1.0303030303030296,-1.8333333333333424,5.40983606557377,4.754098360655745,3.395585738539908,77.09108716327124,0,0,0,0,39.0,39.0,1,1,0,0,0,0,23.481116584564866,3.776683087027921,23.481116584564866,12.151067323481124,27.58620689655171,22.003284072249585,1,1,0,0,1,0,False,False,False,False,True,False,False,False,False
sz002339,2024-12-20,2,retest_probe,0.2836588158072051,18.89773809437686,1.280373831775702,-6.779661016949145,12.159090909090885,4.43181818181817,-3.409090909090917,80.35227995628863,0,0,0,0,,,0,0,0,0,0,0,-2.117647058823524,-24.588235294117645,-2.117647058823524,-17.76470588235294,-2.117647058823524,-8.94117647058823,0,0,0,0,0,0,False,False,False,True,False,False,False,False,False
sz002342,2025-04-01,1,first_probe,0.3609203338219072,15.408742572455893,1.2894736842105272,-8.180300500834726,6.909090909090909,6.545454545454543,-2.0000000000000018,76.85458853463297,0,1,0,1,12.0,12.0,1,1,0,0,0,0,-3.153988868274582,-21.892393320964743,-3.153988868274582,-15.027829313543595,16.69758812615956,7.421150278293132,0,0,0,1,0,0,False,False,False,False,True,False,False,False,False
sz002342,2025-10-20,2,retest_probe,0.8060561435098161,34.655381364739696,0.5090909090909089,1.4778325123152802,6.6185318892900025,4.452466907340535,4.126213592233019,84.6421712770309,1,1,0,0,4.0,,0,1,0,0,0,0,2.447552447552437,-6.876456876456871,2.447552447552437,-10.023310023310028,2.447552447552437,-14.801864801864806,0,0,0,0,0,0,True,True,True,True,False,True,True,False,False
sz002342,2025-11-19,3,retest_probe,0.5558727981750825,13.503414691126014,0.379999999999999,-0.6666666666666599,6.765899864682012,5.548037889039237,3.3557046979865834,77.8125455067334,0,0,0,0,27.0,29.0,1,1,0,0,0,0,-1.81818181818183,-4.545454545454552,-1.81818181818183,-9.870129870129862,89.87012987012986,47.272727272727266,0,0,1,0,0,1,False,False,True,True,False,False,False,False,False
sz002345,2025-02-17,1,first_probe,0.42507770010983337,20.088903569533926,0.7179487179487175,0.698080279232105,6.7590987868284325,5.025996533795496,1.906412478336228,78.69524013215742,1,1,0,1,2.0,17.0,1,1,0,0,0,0,19.727891156462583,12.074829931972797,62.75510204081633,47.10884353741498,62.75510204081633,59.35374149659862,1,1,1,1,1,1,False,False,True,False,True,False,False,False,False
sz002348,2024-11-29,1,first_probe,0.5945169356286004,41.67916376988892,1.176470588235293,-9.999999999999998,7.9254079254079235,3.4965034965035002,0.0,82.97445528515539,1,1,1,1,4.0,4.0,1,1,0,0,0,0,19.621749408983426,15.839243498817957,19.621749408983426,-24.34988179669031,19.621749408983426,-23.64066193853429,1,0,0,1,0,0,False,True,False,False,True,False,False,False,False
sz002348,2025-01-15,2,retest_probe,0.33850252814684,18.841585582329543,0.7,0.32467532467532756,6.514657980456029,4.885993485342022,1.2944983818770295,80.24187023026577,1,1,1,1,1.0,1.0,1,1,0,0,0,0,11.501597444089473,7.028753993610226,27.795527156549515,27.795527156549515,35.78274760383386,20.766773162939288,1,1,1,1,1,1,False,False,True,True,False,False,False,False,False
sz002348,2025-02-19,3,retest_probe,0.34360779016305143,16.864769134829416,0.5517241379310334,0.28901734104047616,8.26210826210827,5.4131054131054235,4.899135446685876,81.45543905061692,1,1,1,1,1.0,1.0,1,1,0,0,0,0,16.758241758241766,4.9450549450549275,16.758241758241766,5.219780219780223,16.758241758241766,-12.362637362637363,1,0,0,1,0,0,False,False,True,True,False,False,False,False,False
sz002348,2025-04-15,4,retest_probe,0.2752139936352745,36.05743868268732,0.8947368421052633,1.5822784810126445,5.828220858895716,3.0674846625766916,2.180685358255441,80.7740084311542,0,0,0,0,22.0,38.0,1,1,0,0,0,0,3.658536585365857,-3.963414634146334,9.756097560975618,4.878048780487809,31.09756097560976,29.87804878048781,0,0,1,0,0,1,False,False,False,False,False,False,False,False,False
sz002348,2025-09-12,5,retest_probe,0.8238003016386275,27.109200987751237,0.6190476190476178,0.25706940874035134,5.454545454545445,4.415584415584406,0.7692307692307665,83.96410841275554,0,0,0,0,,,0,0,0,0,0,0,5.852417302798973,-1.7811704834605702,8.396946564885477,7.379134860050884,25.190839694656475,18.575063613231556,0,0,0,0,0,0,True,True,True,False,False,False,False,False,False
sz002354,2025-05-12,1,first_probe,0.4376531782958961,15.609478058549522,0.3846153846153836,0.5698005698005604,5.603448275862055,4.454022988505746,1.9830028328611915,74.03024024462307,0,0,0,0,39.0,,0,1,0,0,0,0,1.1111111111111072,-9.999999999999998,1.1111111111111072,-10.138888888888896,1.1111111111111072,-9.027777777777779,0,0,0,0,0,0,False,False,True,False,True,False,False,False,False
sz002355,2025-02-10,1,first_probe,0.5720411166008599,14.777678859943482,0.47222222222222276,0.41782729805013297,5.006954102920713,4.450625869262859,2.3578363384188616,76.51454977398704,0,0,0,0,,,0,0,0,0,0,0,0.5420054200542035,-2.7100271002710064,2.981029810298108,-1.6260162601625994,5.284552845528445,-28.72628726287263,0,0,0,0,0,0,False,False,True,False,True,False,False,False,False
sz002356,2024-10-18,1,first_probe,0.4609177887564836,16.146130758511507,0.47368421052631515,-0.33222591362125353,6.209150326797386,3.5947712418300526,5.3333333333333455,76.528768748282,1,1,0,1,9.0,20.0,2,1,1,0,0,0,11.708860759493668,1.8987341772152,14.873417721518978,14.556962025316444,53.79746835443038,32.59493670886076,0,0,1,1,1,1,False,False,True,False,True,False,False,False,False
sz002360,2025-05-26,1,first_probe,0.49964184976216075,93.1286420711974,0.7666666666666656,0.20080321285140812,5.893909626719052,2.7504911591355707,3.4068136272545013,83.43267606355327,0,0,0,0,39.0,39.0,2,2,1,0,1,0,8.52713178294573,2.3255813953488413,8.52713178294573,3.2945736434108586,24.418604651162788,24.418604651162788,0,0,0,0,1,0,False,False,True,False,True,False,False,False,False
sz002361,2024-12-03,1,first_probe,0.43145707628596525,17.32907278633621,0.6315789473684218,2.7459954233409745,8.597285067873294,8.371040723981892,1.5590200445434244,82.36512059716613,0,1,0,1,18.0,18.0,3,3,1,1,1,1,6.359649122807021,-6.359649122807021,19.517543859649145,19.517543859649145,40.570175438596515,12.061403508771939,1,0,1,1,1,1,False,False,True,False,True,False,False,False,False
sz002363,2025-09-26,1,first_probe,0.2991290180205926,23.272944205454973,0.7719298245614038,-0.25974025974027093,7.373868046571808,5.174644243208282,2.34375,80.68468618426041,0,0,0,0,28.0,,0,1,0,0,0,0,1.2722646310432628,-0.7633587786259555,11.704834605597947,9.160305343511443,19.59287531806615,17.811704834605592,0,0,0,0,0,0,False,False,True,False,True,False,False,False,False
sz002364,2025-01-27,1,first_probe,0.3871116778611946,15.632682256623275,1.0568181818181825,-5.857740585774063,6.5185185185185235,3.3333333333333215,-0.37037037037037646,75.88879253499493,1,1,1,1,5.0,6.0,2,3,1,0,1,1,32.267657992565056,17.472118959107807,52.04460966542752,30.706319702602226,52.26765799256508,10.18587360594796,1,1,1,1,1,1,False,False,False,False,True,False,False,False,False
sz002369,2025-04-14,1,first_probe,0.7982272954500605,20.064860856773812,0.6060606060606065,-0.11655011655011815,7.701283547257876,4.667444574095692,3.033838973162184,78.62484212524416,1,1,1,1,7.0,7.0,1,1,0,0,0,0,1.925254813137034,-5.889014722536801,12.684031710079257,5.2095130237825416,12.684031710079257,-3.284258210645541,0,0,0,1,0,0,True,True,True,False,True,False,False,True,True
sz002369,2025-08-22,2,retest_probe,0.2582555737509062,31.54043687385798,0.8793103448275857,3.409090909090895,5.311355311355315,4.395604395604402,0.6410256410256387,74.46395732211548,0,0,0,0,,,0,0,0,0,0,0,12.55686988171063,-8.826205641492269,12.55686988171063,-10.464058234758877,12.55686988171063,-18.47133757961783,0,0,0,0,0,0,False,False,False,True,False,False,False,False,False
sz002370,2024-12-10,1,first_probe,0.5580780238258192,22.891733628645586,1.3749999999999987,-1.9323671497584516,7.881773399014791,5.665024630541882,-2.9556650246305383,82.04574344976643,0,1,0,1,18.0,18.0,1,1,0,0,0,0,7.868020304568524,-19.035532994923855,7.868020304568524,-15.228426395939088,7.868020304568524,-12.182741116751272,0,0,0,1,0,0,False,False,False,False,True,False,False,False,False
sz002370,2025-01-09,2,retest_probe,0.33032068919869106,13.71615934551746,0.8148148148148154,-1.19760479041916,8.385093167701863,6.521739130434789,-0.9090909090909038,81.46213284164713,1,1,1,1,6.0,6.0,1,1,0,0,0,0,6.727828746177367,0.917431192660545,9.480122324159023,6.727828746177367,9.480122324159023,5.198776758409784,0,0,0,1,0,0,False,False,False,True,False,False,False,False,False
sz002370,2025-04-16,3,retest_probe,0.3723003801759581,16.83735331135099,1.235294117647059,-0.6289308176100628,5.362776025236582,3.4700315457413256,-0.9493670886076,78.6290109144036,0,0,0,0,32.0,32.0,1,1,0,0,0,0,8.626198083067083,0.0,9.26517571884984,8.626198083067083,28.43450479233225,23.961661341853045,0,0,0,0,0,0,False,False,False,True,False,False,False,False,False
sz002374,2024-10-22,1,first_probe,0.7034637962403287,25.07507830264336,0.42857142857142855,-0.4237288135593098,5.882352941176472,3.3613445378151363,4.680851063829783,81.94826394909957,1,1,0,1,3.0,12.0,3,1,1,1,0,0,17.07317073170731,15.44715447154472,59.34959349593496,23.57723577235773,65.85365853658539,38.617886178861795,1,1,1,1,1,1,True,True,True,False,True,False,False,True,True
sz002374,2025-02-21,2,retest_probe,0.6655133992363148,14.607877696609325,0.4444444444444444,-0.7380073800738018,6.844106463878341,5.703422053231932,1.486988847583648,80.95477867212513,0,0,0,0,32.0,32.0,1,1,0,0,0,0,8.791208791208804,-2.197802197802201,8.791208791208804,0.366300366300365,8.791208791208804,-9.157509157509159,0,0,0,0,0,0,True,True,True,True,False,True,True,False,False
sz002374,2025-07-11,3,retest_probe,0.36576402692444393,30.479613485413687,0.5555555555555556,-0.33670033670034627,6.164383561643838,3.424657534246589,1.3513513513513598,81.36620964202183,0,0,0,0,37.0,,0,2,0,0,1,0,0.0,-3.6666666666666625,0.0,-6.999999999999995,7.000000000000006,-4.666666666666675,0,0,0,0,0,0,False,False,True,True,False,False,False,False,False
sz002374,2025-11-05,4,retest_probe,0.32259719360627875,19.85640715725408,1.0434782608695643,-3.293413173652693,6.927710843373491,6.024096385542177,2.4767801857585203,84.0569524507614,1,1,1,1,3.0,3.0,3,4,1,1,1,1,39.87915407854985,6.646525679758297,39.87915407854985,3.0211480362537735,39.87915407854985,8.761329305135956,1,1,1,1,1,1,False,False,False,False,False,False,False,False,False
sz002376,2025-06-09,1,first_probe,0.5691221076801017,24.499008723358088,0.8536585365853668,0.28288543140027045,5.6629834254143585,4.972375690607733,2.961918194640334,82.24490423669074,1,1,1,1,2.0,2.0,2,2,1,0,1,0,28.63013698630139,0.6849315068493178,28.63013698630139,7.9452054794520555,28.63013698630139,3.835616438356171,1,1,0,1,1,0,False,False,False,False,True,False,False,False,False
sz002379,2025-09-12,1,first_probe,0.2649812129160485,24.026455016872386,0.47368421052631565,1.5661252900232236,7.595659623072515,6.510565391205003,3.9977155910908113,75.44809206101488,0,0,0,0,,,0,0,0,0,0,0,0.0,-6.095551894563423,5.8758923668314145,-0.10982976386600951,28.940142778693012,19.000549148819324,0,0,0,0,0,0,False,False,True,False,True,False,False,False,False
sz002383,2025-04-24,1,first_probe,0.3885867634792858,13.55393400288041,0.8571428571428575,-1.965317919075149,7.403055229142197,4.465334900117512,1.4150943396226356,79.25099789175133,0,1,0,1,11.0,11.0,1,1,0,0,0,0,16.162790697674435,1.744186046511631,18.37209302325582,7.093023255813957,25.930232558139533,19.883720930232563,1,0,0,1,0,0,False,False,False,False,True,False,False,False,False
sz002389,2025-06-04,1,first_probe,0.3660458767393553,17.344917488846008,0.8260869565217396,-1.9172113289760206,4.963314630988336,4.143288735433748,3.8205242114615734,75.20604859889406,0,0,0,0,,,0,0,0,0,0,0,5.519897304236188,1.7115960633290461,12.323491655969177,5.990586221651695,13.008130081300816,8.729139922978169,0,0,0,0,0,0,False,False,False,False,True,False,False,False,False
sz002398,2025-02-05,1,first_probe,0.8942774176333578,28.882244357413224,0.41000000000000014,-1.9748653500897717,19.960079840319356,17.764471057884236,2.564102564102555,87.27154222471687,1,1,1,1,9.0,9.0,1,1,0,0,0,0,20.357142857142875,13.57142857142859,20.357142857142875,-4.821428571428566,20.357142857142875,-11.607142857142849,1,1,0,1,1,0,True,True,True,False,True,False,False,True,True
sz002400,2025-07-10,1,first_probe,0.8091844614090893,47.49975979663335,0.5161290322580642,-0.5181347150259086,7.979407979407993,7.4646074646074645,5.078125,87.4857301551883,0,0,0,0,,,0,0,0,0,0,0,-1.115241635687736,-3.345724907063208,-0.12391573729862992,-2.726146220570025,8.674101610904582,-3.345724907063208,0,0,0,0,0,0,True,True,True,False,True,False,False,True,True
sz002402,2025-10-23,1,first_probe,1.033242876552857,14.216001441649116,1.286290322580646,1.3654618473895486,4.750957854406135,3.4674329501915624,2.000792393026951,75.82593149280035,0,0,0,0,30.0,30.0,1,1,0,0,0,0,15.498154981549806,-5.80695280637017,15.498154981549806,5.923480287434457,15.498154981549806,-24.548456010875896,1,0,0,0,0,0,True,True,False,False,True,False,False,True,False
sz002403,2025-09-05,1,first_probe,0.28220891040221624,16.670760819762556,0.5234375000000009,1.2232415902140525,7.990012484394504,6.803995006242203,0.4833836858005869,80.76185665878168,0,0,0,0,,,0,0,0,0,0,0,10.402886349969931,-7.456404088995782,10.402886349969931,-14.01082381238724,10.402886349969931,-18.821407095610343,0,0,0,0,0,0,False,False,True,False,True,False,False,False,False
sz002404,2025-03-13,1,first_probe,0.8405951384928093,30.249305051913197,0.767441860465117,-0.31645569620254443,6.750392464678168,4.709576138147553,2.698412698412689,85.58619999865651,0,1,0,1,19.0,19.0,1,1,0,0,0,0,3.554868624420404,0.9273570324574987,3.554868624420404,-12.055641421947438,4.173106646058744,4.173106646058744,0,0,0,1,0,0,True,True,True,False,True,False,False,True,True
sz002406,2025-05-08,1,first_probe,0.2559466046243685,21.0741143714408,0.6486486486486482,-1.2886597938144284,4.830287206266304,3.7859007832898195,1.6971279373368064,72.43600408468703,0,0,0,0,,,0,0,0,0,0,0,8.087291399229791,-1.0269576379974388,8.087291399229791,-1.2836970474967901,8.087291399229791,-5.006418485237485,0,0,0,0,0,0,False,False,True,False,True,False,False,False,False
sz002408,2025-05-15,1,first_probe,0.6476526329516602,20.174419185972795,0.517241379310343,-0.42735042735041473,6.25,5.3879310344827624,2.5751072961373467,82.0951940481383,0,0,0,0,,,0,0,0,0,0,0,0.0,-3.765690376569053,0.0,-3.974895397489553,1.2552301255229992,-1.4644351464435212,0,0,0,0,0,0,False,True,True,False,True,False,False,False,False
sz002426,2024-12-02,1,first_probe,0.37808821772380136,14.475152582410836,0.7692307692307693,-2.2292993630573354,8.469055374592838,6.1889250814332275,1.9543973941368087,82.36328561875825,1,1,1,1,4.0,4.0,1,5,0,0,1,1,41.853035143769986,18.21086261980831,41.853035143769986,-10.223642172523961,41.853035143769986,-7.348242811501593,1,1,1,1,1,1,False,False,True,False,True,False,False,False,False
sz002426,2025-02-26,2,retest_probe,0.6457093282966633,13.366656213646662,0.4545454545454534,-0.2808988764045006,6.077348066298338,5.524861878453025,5.352112676056353,79.32306494612244,1,1,0,0,9.0,,0,1,0,0,0,0,6.149732620320858,0.2673796791443861,6.149732620320858,-9.090909090909093,6.149732620320858,-29.946524064171122,0,0,0,0,0,0,False,True,True,True,False,False,False,False,False
sz002426,2025-03-03,3,continuous_probe,0.2906773013771554,14.08930307833068,0.5500000000000002,-0.2949852507374673,5.797101449275344,2.898550724637672,4.7337278106508895,77.72112135318308,1,1,0,0,6.0,,0,1,0,0,0,0,12.146892655367235,5.084745762711873,12.146892655367235,-12.711864406779661,12.146892655367235,-27.401129943502834,0,0,0,0,0,0,False,False,True,True,False,False,False,False,False
sz002428,2025-04-07,1,first_probe,0.782625413142171,16.954981571812528,1.388888888888891,-8.309178743961343,4.741833508956783,3.635405690200222,-1.8440463645943206,76.0175839081798,0,0,0,0,,,0,0,0,0,0,0,7.890499194847034,2.898550724637694,7.890499194847034,4.29414922168545,8.427267847557696,1.449275362318847,0,0,0,0,0,0,True,True,False,False,True,False,False,True,False
sz002431,2024-11-08,1,first_probe,0.46954158370833515,16.452536506105936,1.0476190476190488,1.2048192771084265,8.43373493975903,5.2208835341365445,-1.5873015873015928,86.05475392293258,1,1,1,1,4.0,4.0,1,1,0,0,0,0,8.064516129032274,-9.677419354838701,8.064516129032274,4.435483870967727,17.741935483870975,-21.370967741935488,0,0,0,1,0,0,False,False,False,False,True,False,False,False,False
sz002436,2025-03-13,1,first_probe,0.405785886320119,17.004359531221755,0.6482758620689655,-0.5730659025787954,10.685335298452458,7.737656595431086,1.4409221902017322,82.34389973238741,0,0,0,0,33.0,33.0,1,1,0,0,0,0,4.119318181818188,-9.517045454545459,4.119318181818188,-22.940340909090917,4.119318181818188,-9.659090909090907,0,0,0,0,0,0,False,False,True,False,True,False,False,False,False
sz002437,2025-05-30,1,first_probe,0.3936259460451166,19.959425625093758,1.2000000000000017,-3.9087947882736063,5.084745762711851,4.406779661016946,-1.016949152542379,76.85865280893556,1,1,1,1,5.0,5.0,1,1,0,0,0,0,11.301369863013711,3.424657534246589,11.301369863013711,-2.397260273972601,23.28767123287672,16.43835616438356,0,0,0,1,0,0,False,False,False,False,True,False,False,False,False
sz002438,2024-10-17,1,first_probe,0.26078896562322906,19.55889829441752,0.457142857142858,1.746323529411753,6.323396567298989,4.336043360433606,3.432700993676585,74.63862638754945,0,0,0,0,,,0,0,0,0,0,0,19.825327510917035,18.42794759825328,28.12227074235809,18.42794759825328,28.12227074235809,12.052401746724906,1,1,0,0,1,0,False,False,True,False,True,False,False,False,False
sz002441,2025-10-09,1,first_probe,0.4222271383535155,20.466296520572158,0.7592592592592607,0.3293084522502765,5.908096280087527,4.923413566739598,1.4223194748358647,75.59762347243161,0,0,0,0,,,0,0,0,0,0,0,4.207119741100329,2.8047464940668787,12.729234088457385,11.111111111111116,13.16073354908307,-0.6472491909384925,0,0,0,0,0,0,False,False,True,False,True,False,False,False,False
sz002442,2025-11-21,1,first_probe,0.47159701139654603,14.334613876255993,0.8857142857142855,-1.2519561815336422,5.608974358974361,4.3269230769230616,-0.47543581616480424,76.59061259229944,0,0,0,0,,,0,0,0,0,0,0,13.057324840764316,9.07643312101909,13.057324840764316,0.15923566878981443,13.057324840764316,1.273885350318471,0,0,0,0,0,0,False,False,False,False,True,False,False,False,False
sz002443,2025-06-23,1,first_probe,0.42253094858437296,32.363388946645955,0.5624999999999997,1.757188498402562,7.5353218210360895,2.8257456828885363,3.296703296703285,78.27963913012553,0,0,0,0,,,0,0,0,0,0,0,2.7355623100303816,1.823708206686936,4.5592705167173175,3.951367781155013,9.422492401215798,7.446808510638303,0,0,0,0,0,0,False,False,True,False,True,False,False,False,False
sz002446,2025-04-23,1,first_probe,0.38257537852250445,18.646304590674426,0.7499999999999994,0.6535947712418277,7.028753993610226,5.591054313099053,3.409090909090917,79.46741635557237,0,0,0,0,,,0,0,0,0,0,0,9.733124018838302,8.791208791208781,9.733124018838302,6.750392464678168,11.302982731554145,9.733124018838302,0,0,0,0,0,0,False,False,True,False,True,False,False,False,False
sz002448,2025-08-05,1,first_probe,0.43799107089321515,17.574471339695247,0.5970149253731323,0.45351473922901064,7.494407158836691,6.711409395973145,3.950338600451486,80.25282430561477,0,1,0,0,18.0,31.0,1,1,0,0,0,0,9.66340933767642,7.274701411509232,21.17263843648207,16.06948968512485,28.121606948968502,20.41259500542887,1,1,0,0,1,0,False,False,True,False,True,False,False,False,False
sz002453,2025-10-17,1,first_probe,0.7798356052582841,22.863263857671978,0.742857142857143,0.14858841010401136,5.223880597014929,4.477611940298498,0.7418397626112627,81.92529661193653,0,1,0,1,18.0,18.0,1,1,0,0,0,0,3.8291605301914444,-2.798232695139913,14.432989690721643,8.39469808541975,24.742268041237114,-4.270986745213545,0,0,0,1,0,0,True,True,True,False,True,False,False,True,True
sz002455,2024-10-24,1,first_probe,0.6744151563845726,18.293546490081752,0.9189189189189183,-0.7712082262210873,4.792746113989632,2.9792746113989743,0.38860103626943143,76.9472542395357,0,0,0,0,22.0,,0,1,0,0,0,0,17.419354838709666,15.612903225806463,24.51612903225806,13.935483870967747,24.51612903225806,3.8709677419354938,1,1,0,0,1,0,True,True,False,False,True,False,False,True,False
sz002456,2024-11-01,1,first_probe,0.29961792803237397,33.20111633289007,2.495726495726492,-0.05668934240363743,6.636415201361334,4.651162790697683,-9.926262053318203,81.35368881785246,1,1,1,1,1.0,1.0,1,1,0,0,0,0,18.639798488664972,0.5037783375314797,18.639798488664972,-15.680100755667503,18.639798488664972,-20.717884130982377,1,0,0,1,0,0,False,False,False,False,True,False,False,False,False
sz002470,2025-02-24,1,first_probe,0.29372235764167115,33.35815275182667,0.5384615384615377,2.564102564102577,6.499999999999995,5.499999999999994,3.0000000000000027,77.61652771091364,0,0,0,0,,,0,0,0,0,0,0,0.9708737864077666,-9.223300970873783,0.9708737864077666,-12.135922330097081,0.9708737864077666,-17.47572815533981,0,0,0,0,0,0,False,False,True,False,True,False,False,False,False
sz002474,2024-11-05,1,first_probe,0.7659072012143661,16.944863059858964,0.5609756097560984,0.0,6.645056726094012,6.645056726094012,4.269293924466333,82.25201195125705,1,1,1,1,2.0,2.0,1,1,0,0,0,0,19.685039370078748,-1.1023622047244053,19.685039370078748,13.70078740157481,43.937007874015755,-5.6692913385826715,1,0,1,1,0,1,True,True,True,False,True,False,False,True,True
sz002476,2025-08-21,1,first_probe,0.3065330647886107,27.985362010305103,0.909090909090909,0.3527336860670305,7.732864674868178,5.448154657293491,0.7029876977152849,79.41502515977047,1,1,1,1,7.0,7.0,1,1,0,0,0,0,1.2216404886561838,-3.4904013961605584,5.410122164048858,5.410122164048858,12.390924956369975,3.664921465968596,0,0,0,1,0,0,False,False,False,False,True,False,False,False,False
sz002476,2025-09-19,2,retest_probe,0.378632882279043,16.50415672770326,0.7878787878787871,-3.145695364238421,5.641025641025643,3.93162393162394,1.1965811965811923,75.14966050185964,0,0,0,0,38.0,,0,1,0,0,0,0,7.094594594594583,3.040540540540526,8.783783783783793,-1.0135135135135087,8.783783783783793,3.040540540540526,0,0,0,0,0,0,False,False,True,True,False,False,False,False,False
sz002478,2024-12-20,1,first_probe,0.4477996270486894,33.152764745231465,0.46153846153846234,0.0,4.924242424242431,3.409090909090895,3.435114503816794,78.35518033477831,0,0,0,0,,,0,0,0,0,0,0,2.398523985239853,-4.428044280442811,2.398523985239853,-6.642066420664216,2.398523985239853,-7.380073800738018,0,0,0,0,0,0,False,False,True,False,True,False,False,False,False
sz002479,2025-04-22,1,first_probe,0.4017306926492394,34.66325789250098,1.185185185185185,2.851711026615966,4.990757855822547,2.772643253234741,-0.9242144177449174,77.7874238489304,1,1,0,0,3.0,,0,1,0,0,0,0,10.634328358208943,-1.8656716417910557,10.634328358208943,-5.4104477611940265,10.634328358208943,-8.768656716417922,0,0,0,0,0,0,False,False,False,False,True,False,False,False,False
sz002482,2025-09-02,1,first_probe,0.3063844473931105,25.825717601222703,0.7857142857142854,-0.5524861878453025,7.608695652173902,3.80434782608694,3.8888888888888973,82.46069905242594,0,0,0,0,31.0,31.0,1,1,0,0,0,0,8.021390374331538,7.486631016042766,14.438502673796783,-6.417112299465244,17.647058823529417,1.6042780748662944,0,0,0,0,0,0,False,False,True,False,True,False,False,False,False
sz002482,2025-09-18,2,retest_probe,0.501295627375727,22.404326757440472,1.076923076923075,-0.5025125628140725,6.467661691542315,5.970149253731338,1.0101010101010166,85.75246452045432,0,1,0,1,19.0,19.0,1,1,0,0,0,0,1.0000000000000009,-10.499999999999998,10.000000000000009,-2.500000000000002,10.000000000000009,-9.999999999999998,0,0,0,1,0,0,False,False,False,True,False,False,False,False,False
sz002487,2025-01-17,1,first_probe,0.3191673305727461,43.41995603794667,0.8861788617886175,0.8167432363450855,6.2278481012658204,5.113924050632912,0.7088607594936791,79.51381019980158,0,0,0,0,,,0,0,0,0,0,0,3.066867772750115,1.1563599798893875,3.066867772750115,-0.8547008547008628,26.194067370537955,21.317244846656603,0,0,0,0,0,0,False,False,False,False,True,False,False,False,False
sz002489,2025-04-29,1,first_probe,0.2609347430155684,26.33402370449484,0.5263157894736836,0.31055900621117516,5.828220858895716,3.3742331288343586,3.7151702786377694,77.67412320112865,1,1,1,1,9.0,9.0,1,1,0,0,0,0,32.23880597014923,24.477611940298495,32.23880597014923,13.134328358208958,32.23880597014923,9.253731343283578,1,1,1,1,1,1,False,False,True,False,True,False,False,False,False
sz002491,2024-11-21,1,first_probe,0.334606342322924,15.185774457182363,0.7272727272727258,-0.9049773755656076,4.824561403508776,3.070175438596512,5.47945205479452,75.92404165616354,0,0,0,0,21.0,23.0,1,1,0,0,0,0,4.112554112554112,3.0303030303030276,7.3593073593073655,5.627705627705626,29.87012987012987,-3.2467532467532534,0,0,0,0,0,0,False,False,True,False,True,False,False,False,False
sz002491,2025-01-08,2,retest_probe,0.28914557349048436,16.798391338456025,0.5238095238095254,-1.13378684807256,4.816513761467878,2.9816513761467878,2.2935779816513735,69.5527541570177,0,1,0,0,12.0,,0,1,0,0,0,0,4.932735426008961,2.2421524663676973,12.780269058295968,10.089686098654704,22.64573991031389,15.246636771300448,0,0,0,0,0,0,False,False,True,True,False,False,False,False,False
sz002492,2025-06-20,1,first_probe,0.34030007741047624,22.085861755764906,0.9591836734693886,-1.0067114093959662,8.166666666666679,4.499999999999993,2.033898305084736,84.76042288170633,0,0,0,0,39.0,39.0,1,1,0,0,0,0,8.97009966777409,-2.491694352159457,8.97009966777409,4.485049833887045,31.06312292358804,27.740863787375435,0,0,1,0,0,1,False,False,False,False,True,False,False,False,False
sz002492,2025-06-23,2,continuous_probe,0.3289643418989884,28.547723439536213,0.7368421052631564,2.657807308970095,6.148867313915862,5.016181229773475,1.6181229773462924,77.863335892552,0,0,0,0,38.0,38.0,1,1,0,0,0,0,-2.866242038216571,-5.254777070063699,3.6624203821655987,2.3885350318471277,25.636942675159236,19.426751592356673,0,0,0,0,0,0,False,False,True,True,False,False,False,False,False
sz002495,2025-05-14,1,first_probe,0.6024272515472457,22.250544323576104,0.6666666666666666,0.3937007874015741,7.03125,3.90625,2.7450980392156987,85.01580986492185,0,0,0,0,,,0,0,0,0,0,0,8.778625954198471,3.8167938931297662,9.923664122137389,1.1450381679389166,9.923664122137389,0.7633587786259444,0,0,0,0,0,0,False,True,True,False,True,False,False,False,False
sz002495,2025-06-04,2,retest_probe,0.32650911844988684,31.30474335123235,0.6,0.0,7.490636704119846,3.3707865168539186,2.9962546816479474,79.62641855271274,0,0,0,0,,,0,0,0,0,0,0,4.727272727272713,-8.000000000000007,4.727272727272713,-5.454545454545457,4.727272727272713,-1.8181818181818077,0,0,0,0,0,0,False,False,True,True,False,False,False,False,False
sz002496,2024-09-27,1,first_probe,0.4288666485486171,20.94773914913472,0.47058823529411825,1.8348623853211121,7.657657657657646,6.306306306306286,4.054054054054057,79.34249536115227,0,1,0,1,13.0,13.0,1,1,0,0,0,0,16.883116883116877,-12.554112554112551,16.883116883116877,-6.926406926406936,16.883116883116877,-0.8658008658008698,1,0,0,1,0,0,False,False,True,False,True,False,False,False,False
sz002496,2024-12-10,2,retest_probe,1.0459522723813937,15.305537991956992,1.0,2.8000000000000025,7.171314741035872,5.5776892430278835,-2.3346303501945553,87.11320938972268,0,0,0,0,34.0,34.0,1,1,0,0,0,0,6.374501992031889,-20.717131474103578,6.374501992031889,-29.880478087649397,6.374501992031889,-35.0597609561753,0,0,0,0,0,0,True,True,False,True,False,True,False,False,False
sz002501,2024-09-23,1,first_probe,1.674572384403226,121.40014485833825,0.5,0.0,5.714285714285716,4.761904761904767,4.854368932038833,86.3124650846265,1,1,1,1,5.0,5.0,1,1,0,0,0,0,40.74074074074075,12.037037037037024,40.74074074074075,37.962962962962955,107.40740740740739,50.0,1,1,1,1,1,1,True,True,True,False,True,False,False,True,True
sz002510,2024-12-10,1,first_probe,0.5452582238999721,16.89638285316841,0.9259259259259258,1.4836795252225476,7.941176470588229,6.176470588235294,0.0,84.98132672439017,1,1,1,1,2.0,2.0,1,1,0,0,0,0,12.42690058479532,-11.695906432748536,12.42690058479532,-22.660818713450293,12.42690058479532,-13.450292397660812,0,0,0,1,0,0,False,False,False,False,True,False,False,False,False
sz002510,2024-12-25,2,retest_probe,0.2886818490545613,15.435581463405976,0.514285714285714,0.3311258278145601,5.691056910569103,3.089430894308931,4.290429042904309,75.46966045502408,0,0,0,0,,,0,0,0,0,0,0,2.0569620253164445,-12.816455696202544,2.0569620253164445,-12.9746835443038,5.854430379746844,-9.177215189873422,0,0,0,0,0,0,False,False,True,True,False,False,False,False,False
sz002512,2025-10-29,1,first_probe,0.2843461638530288,22.751935082040458,1.1509433962264135,1.8518518518518379,10.056925996204935,7.210626185958269,-5.636363636363628,83.6609896189497,1,1,1,1,4.0,4.0,1,1,0,0,0,0,15.028901734104029,1.9267822736030782,24.66281310211944,16.377649325626198,61.271676300578015,14.065510597302499,1,1,1,1,1,1,False,False,False,False,True,False,False,False,False
sz002512,2025-11-19,2,retest_probe,0.31196728163128296,16.39846812413329,0.4599999999999991,-0.8849557522124019,9.009009009009006,8.288288288288292,3.928571428571437,76.76289620276005,1,1,1,1,4.0,4.0,2,2,1,0,1,0,10.137457044673525,-1.2027491408934776,43.8144329896907,-0.3436426116838587,43.986254295532646,15.807560137457033,1,1,1,1,1,1,False,False,True,True,False,False,False,False,False
sz002514,2025-04-08,1,first_probe,0.6034947772376826,14.956615022358452,0.48648648648648796,-8.672566371681423,7.1705426356589275,5.038759689922467,3.6821705426356433,77.08328944732538,0,1,0,1,16.0,17.0,2,4,1,0,1,1,12.897196261682243,8.41121495327104,12.897196261682243,-0.747663551401867,27.10280373831777,9.906542056074773,0,0,0,1,1,0,False,True,True,False,True,False,False,False,False
sz002515,2024-09-27,1,first_probe,0.5604798022371481,13.615287439928274,0.5925925925925921,0.23255813953488857,6.150341685649208,3.1890660592255315,4.408352668213467,75.63852094976735,0,1,0,0,16.0,,0,1,0,0,0,0,16.888888888888886,-1.5555555555555656,16.888888888888886,3.777777777777769,16.888888888888886,10.000000000000009,1,0,0,0,0,0,False,False,True,False,True,False,False,False,False
sz002515,2025-09-24,2,retest_probe,0.5454098442339659,29.650403404993543,1.2708333333333328,1.7834394904458595,6.007509386733423,5.256570713391739,-1.6270337922402955,82.25449334802502,1,1,0,1,2.0,17.0,1,1,0,0,0,0,7.506361323155208,-11.195928753180661,7.506361323155208,-16.030534351145043,7.506361323155208,-20.48346055979644,0,0,0,1,0,0,False,False,False,True,False,False,False,False,False
sz002519,2025-06-18,1,first_probe,0.5008774329476546,13.511783843439018,0.6363636363636361,0.0,6.457925636007822,4.696673189823852,3.976143141153088,79.92836616762501,0,0,0,0,34.0,,0,1,0,0,0,0,8.604206500956014,3.824091778202665,10.516252390057357,-3.824091778202676,10.516252390057357,6.883365200764802,0,0,0,0,0,0,False,False,True,False,True,False,False,False,False
sz002520,2024-12-09,1,first_probe,0.44039407512599427,17.369861799259102,1.4056603773584901,-8.571428571428562,12.296983758700698,11.948955916473336,-1.562500000000011,83.98853891926869,0,0,0,0,31.0,36.0,2,1,1,0,0,0,0.0,-25.03052503052503,0.0,-32.967032967032964,0.0,-11.843711843711846,0,0,0,0,1,0,False,False,False,False,True,False,False,False,False
sz002520,2025-04-08,2,retest_probe,0.7205488944482592,14.810251898855661,0.846153846153847,-9.090909090909083,7.499999999999996,4.230769230769216,1.1538461538461497,78.49990817501042,0,1,0,0,19.0,25.0,1,1,0,0,0,0,15.209125475285168,7.034220532319391,29.467680608365022,23.193916349809896,46.38783269961979,21.482889733840295,1,1,1,0,1,1,True,True,False,True,False,True,False,False,False
sz002522,2025-02-27,1,first_probe,0.6631265121420264,27.226227241881084,0.9438202247191003,-5.530642750373693,14.784053156146193,14.617940199335555,-3.9556962025316444,90.91110571832456,0,0,0,0,,,0,0,0,0,0,0,1.6474464579901094,-16.144975288303133,1.6474464579901094,-19.9341021416804,1.6474464579901094,-25.205930807248766,0,0,0,0,0,0,False,True,False,False,True,False,False,False,False
sz002523,2025-03-21,1,first_probe,0.3876410449038794,19.79482856695416,0.4210526315789455,-0.7425742574257432,9.476309226932656,6.483790523690769,5.4862842892768215,80.11440684099036,0,0,0,0,33.0,,0,1,0,0,0,0,5.437352245862881,-24.34988179669031,5.437352245862881,-20.56737588652483,5.437352245862881,-14.184397163120577,0,0,0,0,0,0,False,False,True,False,True,False,False,False,False
sz002523,2025-09-30,2,retest_probe,0.26476452944991397,34.753515124061266,0.7083333333333337,0.26385224274405594,6.299212598425186,3.149606299212593,2.1052631578947434,82.02413483019187,1,1,1,1,9.0,9.0,1,1,0,0,0,0,18.29896907216495,13.144329896907214,21.134020618556715,17.52577319587627,21.134020618556715,5.154639175257736,1,1,0,1,1,0,False,False,True,True,False,False,False,False,False
sz002526,2024-11-06,1,first_probe,0.2596151438718775,18.474055334557224,1.0,3.1034482758620863,5.0167224080267525,3.0100334448160515,0.0,73.51808959581858,0,1,0,1,15.0,15.0,8,8,1,1,1,1,4.682274247491636,-5.35117056856188,60.535117056856166,60.535117056856166,94.314381270903,16.722408026755843,1,1,1,1,1,1,False,False,False,False,True,False,False,False,False
sz002528,2025-02-06,1,first_probe,0.6431466270059865,16.356704650018646,0.3888888888888901,-5.138339920948609,7.438016528925617,4.545454545454541,5.41666666666667,74.68945790277236,0,0,0,0,,,0,0,0,0,0,0,7.905138339920947,4.347826086956541,10.671936758893285,1.1857707509881577,10.671936758893285,-5.928853754940711,0,0,0,0,0,0,False,True,True,False,True,False,False,False,False
sz002528,2025-11-17,2,retest_probe,0.565434485390209,20.394139639479576,1.0,-0.9090909090909038,5.810397553516822,4.892966360856277,0.0,82.2421371645085,0,0,0,0,,,0,0,0,0,0,0,4.892966360856277,-5.5045871559633035,4.892966360856277,-11.926605504587162,4.892966360856277,-13.455657492354733,0,0,0,0,0,0,False,False,False,True,False,False,False,False,False
sz002531,2025-03-17,1,first_probe,0.25477945361499904,32.019228482473615,0.5897435897435891,0.0,5.200000000000005,3.600000000000003,2.1333333333333426,75.96833827461245,0,0,0,0,,,0,0,0,0,0,0,5.7441253263707415,-4.8302872062663145,5.7441253263707415,-8.355091383812018,5.7441253263707415,-14.490861618798956,0,0,0,0,0,0,False,False,True,False,True,False,False,False,False
sz002538,2024-11-15,1,first_probe,0.3269395813246353,14.222515430848501,1.249999999999999,-2.3076923076923106,6.299212598425208,3.464566929133861,-1.5748031496062964,75.01549569886342,1,1,1,1,3.0,3.0,1,1,0,0,0,0,18.879999999999985,3.3600000000000074,18.879999999999985,2.400000000000002,18.879999999999985,-16.000000000000004,1,0,0,1,0,0,False,False,False,False,True,False,False,False,False
sz002540,2025-11-20,1,first_probe,0.3145901700378489,14.678985359716261,0.6999999999999993,0.0,5.6899004267425335,3.271692745376953,3.0259365994236287,77.05455851058582,1,1,1,1,7.0,7.0,1,1,0,0,0,0,6.573426573426566,2.3776223776223793,6.573426573426566,-7.272727272727275,6.573426573426566,3.6363636363636376,0,0,0,1,0,0,False,False,True,False,True,False,False,False,False
sz002542,2024-11-08,1,first_probe,0.5692386359034484,14.646008560747806,0.9743589743589741,-9.677419354838712,18.993506493506484,10.389610389610393,0.48701298701299134,79.23333397158349,1,1,1,1,8.0,8.0,1,2,0,0,1,0,-10.016155088852985,-22.94022617124395,-4.684975767366717,-16.155088852988687,-4.684975767366717,-44.74959612277868,0,0,0,1,0,0,False,False,False,False,True,False,False,False,False
sz002542,2025-03-03,2,retest_probe,0.5682755273264046,14.00747686505512,0.42105263157894784,-1.253132832080206,4.82233502538072,3.2994923857868175,2.7918781725888353,75.78417538975805,0,0,0,0,36.0,,0,1,0,0,0,0,3.70370370370372,-3.2098765432098775,3.70370370370372,-16.049382716049376,3.70370370370372,-25.67901234567902,0,0,0,0,0,0,False,False,True,True,False,False,False,False,False
sz002544,2025-04-07,1,first_probe,0.8705611961772973,14.365010623322311,1.160714285714289,-9.191176470588236,5.668016194331971,4.149797570850189,-0.9109311740890802,76.45941684898452,0,1,0,1,18.0,18.0,1,1,0,0,0,0,7.201225740551576,5.209397344228828,21.654749744637392,19.91828396322779,31.716036772216547,18.74361593462719,1,1,1,1,1,1,True,True,False,False,True,False,False,True,False
sz002547,2024-09-20,1,first_probe,1.0950131989636067,21.90096224395095,0.5555555555555545,0.0,6.923076923076921,5.384615384615388,2.2900763358778553,84.14024529686827,1,1,1,1,1.0,1.0,1,1,0,0,0,0,47.76119402985073,19.402985074626855,47.76119402985073,31.343283582089555,116.41791044776117,70.89552238805969,1,1,1,1,1,1,True,True,True,False,True,False,False,True,True
sz002547,2025-02-19,2,retest_probe,0.4339703830202799,16.281807652965174,0.5714285714285714,3.076923076923088,5.243445692883908,4.494382022471921,1.8656716417910335,71.83370815687012,0,0,0,0,21.0,21.0,1,1,0,0,0,0,6.227106227106227,-7.326007326007334,6.227106227106227,-9.523809523809511,6.227106227106227,-28.57142857142857,0,0,0,0,0,0,False,False,True,True,False,False,False,False,False
sz002549,2025-06-17,1,first_probe,0.28776143911023544,20.84543366457843,0.47887323943661897,-0.6237006237006071,7.521186440677985,5.402542372881358,2.6150627615062705,78.70057600611969,1,1,1,1,9.0,9.0,3,4,1,1,1,1,15.494393476044843,15.494393476044843,39.65341488277267,13.659531090723753,39.65341488277267,39.14373088685015,1,1,1,1,1,1,False,False,True,False,True,False,False,False,False
sz002552,2025-07-07,1,first_probe,0.5579751900547496,18.684789663307534,0.786259541984732,-0.5471956224350261,9.009628610729026,8.18431911966988,1.925722145804687,83.60999132335746,1,1,1,1,1.0,1.0,1,1,0,0,0,0,18.286099865047234,11.538461538461542,23.684210526315773,17.07152496626181,23.684210526315773,11.808367071524973,1,1,0,1,1,0,False,False,True,False,True,False,False,False,False
sz002553,2025-03-31,1,first_probe,0.8324946967316484,400.1096001892952,1.0,-9.849823321554773,4.955839057899913,2.9931305201177594,-0.14698677119059367,86.72718479715076,1,1,1,1,10.0,10.0,1,1,0,0,0,0,6.427870461236518,-3.2875368007850736,8.439646712463222,-2.796859666339546,34.396467124632004,9.126594700686951,0,0,1,1,0,1,True,True,False,False,True,False,False,True,False
sz002559,2024-11-14,1,first_probe,0.36005777928438965,15.920567197929088,1.2352941176470609,-0.9307135470527417,5.236139630390135,4.20944558521561,0.41753653444676075,81.27906027601406,0,1,0,1,13.0,13.0,2,2,1,0,1,0,1.3513513513513598,-6.964656964656967,27.02702702702704,6.2370062370062485,27.02702702702704,-11.746361746361734,1,1,0,1,1,0,False,False,False,False,True,False,False,False,False
sz002560,2025-06-17,1,first_probe,0.4212067958126557,16.594252326844096,0.4848484848484845,-1.170351105331613,8.870967741935477,6.586021505376327,2.3684210526315974,81.06946367467842,0,0,0,0,,,0,0,0,0,0,0,2.570694087403602,0.7712082262210762,2.8277634961439535,1.285347043701801,15.295629820051415,5.784061696658105,0,0,0,0,0,0,False,False,True,False,True,False,False,False,False
sz002562,2025-04-23,1,first_probe,0.27317379915996637,23.34434663385538,0.6129032258064536,-0.23474178403755097,7.328605200945626,4.964539007092195,2.35294117647058,78.74791035865883,1,1,1,1,1.0,6.0,1,1,0,0,0,0,18.39080459770117,7.126436781609202,18.39080459770117,5.517241379310356,18.39080459770117,10.804597701149433,1,0,0,1,0,0,False,False,True,False,True,False,False,False,False
sz002563,2025-09-16,1,first_probe,0.5871228565082147,32.684478392656715,0.6,0.0,7.168458781362008,6.272401433691743,3.423423423423433,83.30165728417533,0,0,0,0,30.0,,0,1,0,0,0,0,6.794425087108014,-1.7421602787456525,6.794425087108014,-5.749128919860624,7.491289198606266,4.006968641114983,0,0,0,0,0,0,False,True,True,False,True,False,False,False,False
sz002565,2025-01-17,1,first_probe,0.5527488789420147,14.859720523530266,0.6666666666666683,0.3389830508474523,6.060606060606055,3.0303030303030276,2.3648648648648685,78.72528116846789,0,0,0,0,,,0,0,0,0,0,0,4.950495049504955,4.620462046204632,4.950495049504955,1.650165016501659,9.24092409240924,3.300330033003296,0,0,0,0,0,0,False,False,True,False,True,False,False,False,False
sz002566,2025-05-30,1,first_probe,0.4614302989394251,27.942958843998408,0.7191011235955065,-1.5018773466833557,11.308767471410409,7.878017789072422,3.1766200762388674,82.80441179299619,0,0,0,0,,,0,0,0,0,0,0,6.773399014778336,-2.8325123152709297,6.773399014778336,-3.9408866995073843,6.773399014778336,3.817733990147798,0,0,0,0,0,0,False,False,True,False,True,False,False,False,False
sz002570,2025-03-05,1,first_probe,0.30114801690829557,18.782115377080174,0.6000000000000014,-0.8658008658008698,5.506607929515428,2.8634361233480066,1.3100436681222627,76.82751610687302,1,1,1,1,7.0,7.0,3,3,1,1,1,1,20.474137931034498,9.913793103448265,20.905172413793128,1.2931034482758674,70.04310344827587,39.2241379310345,1,1,1,1,1,1,False,False,True,False,True,False,False,False,False
sz002570,2025-05-21,2,retest_probe,0.46614656209476396,33.9980906651242,0.5853658536585369,2.286585365853666,6.110283159463492,5.216095380029806,2.53353204172877,75.28506090317481,0,1,0,0,18.0,,0,1,0,0,0,0,0.8720930232558155,-10.029069767441856,0.8720930232558155,-11.91860465116279,0.8720930232558155,-9.156976744186041,0,0,0,0,0,0,False,False,True,True,False,False,False,False,False
sz002570,2025-06-10,3,retest_probe,0.6301893581587371,22.091157046521413,0.48148148148148107,0.16286644951140072,8.823529411764696,8.496732026143782,4.065040650406493,83.96746366799222,1,1,0,0,5.0,36.0,1,1,0,0,0,0,6.25,-4.843750000000002,7.031249999999978,0.0,29.6875,10.624999999999996,0,0,0,0,0,0,False,True,True,True,False,False,False,False,False
sz002577,2025-01-23,1,first_probe,0.4775955948603943,13.415533138642976,2.036363636363639,1.1063011063010997,5.213270142180093,4.786729857819894,-5.04281636536631,78.0645196966087,1,1,1,1,4.0,4.0,2,2,1,0,1,0,31.713426853707418,18.286573146292582,50.300601202404806,25.551102204408814,50.300601202404806,10.37074148296593,1,1,1,1,1,1,False,False,False,False,True,False,False,False,False
sz002577,2025-04-08,2,retest_probe,0.6953783603661462,17.12160113425478,1.0,-9.979423868312765,10.571428571428587,5.428571428571427,0.0,87.08949195298823,0,0,0,0,,,0,0,0,0,0,0,14.628571428571412,11.257142857142854,25.71428571428571,22.171428571428574,25.71428571428571,16.400000000000013,1,1,0,0,1,0,True,True,False,True,False,True,False,False,False
sz002577,2025-06-18,3,retest_probe,0.3142576761004992,23.993727335288863,0.7767857142857145,0.14836795252226587,5.495583905789991,5.446516192345441,1.8765432098765356,80.3075098177187,0,0,0,0,,,0,0,0,0,0,0,2.1812893843916603,-0.8240426563257297,2.1812893843916603,-0.6301502666020364,6.495395055744058,2.859912748424631,0,0,0,0,0,0,False,False,True,True,False,False,False,False,False
sz002578,2025-03-05,1,first_probe,0.5300854829645636,42.39101132656835,0.6842105263157892,0.31249999999998224,5.993690851735023,2.8391167192429068,0.6230529595015577,85.04526658906929,0,1,0,0,17.0,,0,1,0,0,0,0,8.668730650154789,4.024767801857587,13.003095975232192,0.6191950464396356,13.003095975232192,-6.811145510835914,0,0,0,0,0,0,False,False,True,False,True,False,False,False,False
sz002580,2025-05-14,1,first_probe,0.27803483116473066,21.960991487464877,0.6057692307692303,-0.7159904534606243,8.286852589641436,6.7729083665338585,3.8461538461538547,80.14408897358052,1,1,1,1,5.0,5.0,1,1,0,0,0,0,15.663580246913567,9.259259259259256,28.16358024691357,7.638888888888884,28.16358024691357,3.549382716049365,1,1,0,1,1,0,False,False,True,False,True,False,False,False,False
sz002582,2025-02-26,1,first_probe,0.4449820267878475,30.962399747981355,0.8243243243243233,1.7989417989418,7.692307692307687,5.925155925155923,1.3513513513513598,81.85244831498476,1,1,1,1,1.0,1.0,2,2,1,0,1,0,29.43589743589743,9.435897435897434,29.43589743589743,2.2564102564102573,29.43589743589743,23.076923076923084,1,1,0,1,1,0,False,False,False,False,True,False,False,False,False
sz002582,2025-05-26,2,retest_probe,0.40450134886353767,16.608121969772135,0.4098360655737709,-9.536082474226815,5.865384615384617,4.230769230769216,2.1842355175688555,77.14094844760602,0,0,0,0,,,0,0,0,0,0,0,4.832713754646845,-3.810408921933084,4.832713754646845,-8.736059479553903,4.832713754646845,-10.315985130111516,0,0,0,0,0,0,False,False,True,True,False,False,False,False,False
sz002583,2024-11-04,1,first_probe,1.5098581699429843,27.42783394761157,1.0,-10.00788022064617,14.49211908931698,10.726795096322238,0.0,91.23022685058164,0,1,0,1,11.0,11.0,2,3,1,0,1,1,6.742556917688258,-13.309982486865145,15.411558669001746,-20.57793345008756,15.411558669001746,-35.72679509632224,1,0,0,1,1,0,True,True,False,False,True,False,False,True,False
sz002585,2025-05-16,1,first_probe,0.6968721976350223,27.495623206014436,0.6333333333333321,-0.3937007874015852,5.893909626719052,3.7328094302554016,2.7667984189723382,83.91095937875413,0,0,0,0,,,0,0,0,0,0,0,-0.19230769230769162,-3.4615384615384714,1.7307692307692246,-3.8461538461538547,10.576923076923084,8.846153846153836,0,0,0,0,0,0,True,True,True,False,True,False,False,True,True
sz002587,2024-09-04,1,first_probe,0.710788729630761,22.02533335047282,0.5937500000000007,0.0,5.7657657657657735,4.144144144144146,2.158273381294973,82.2492478587463,0,1,0,1,13.0,16.0,1,1,0,0,0,0,1.232394366197198,-7.042253521126751,25.880281690140848,2.2887323943661997,25.880281690140848,15.845070422535223,1,1,0,1,1,0,True,True,True,False,True,False,False,True,True
sz002591,2025-01-09,1,first_probe,0.47557914217400776,23.85286737694524,1.1000000000000003,-0.39920159680637557,8.016032064128243,2.8056112224448926,-0.8016032064128265,82.38238689444654,0,0,0,0,23.0,,0,1,0,0,0,0,5.656565656565671,0.8080808080808133,8.888888888888879,4.444444444444429,19.797979797979792,11.313131313131297,0,0,0,0,0,0,False,False,False,False,True,False,False,False,False
sz002593,2024-12-25,1,first_probe,0.28329321028371496,16.51065725489364,0.457142857142858,0.5484460694698434,6.481481481481466,5.555555555555558,1.6363636363636358,76.80386299018897,0,1,0,1,13.0,13.0,1,1,0,0,0,0,1.7889087656529634,-7.155635062611799,1.7889087656529634,-11.270125223613592,13.595706618962433,-0.536672629695889,0,0,0,1,0,0,False,False,True,False,True,False,False,False,False
sz002593,2025-03-04,2,retest_probe,0.3993640071197466,16.44832660018692,0.5185185185185165,-1.098901098901095,4.856115107913683,4.316546762589923,5.370370370370381,73.05970360102401,0,0,0,0,25.0,,0,1,0,0,0,0,8.963093145869937,-1.405975395430581,8.963093145869937,-14.586994727592273,8.963093145869937,-17.223198594024613,0,0,0,0,0,0,False,False,True,True,False,False,False,False,False
sz002595,2025-03-18,1,first_probe,0.41832745050753395,22.87854283549212,0.8066914498141255,1.8286814244465655,5.085066162570895,4.064272211720232,0.9829867674858273,74.17165705778655,0,0,0,0,,,0,0,0,0,0,0,12.87907150879819,11.755896667914634,14.18944215649569,1.96555597154624,15.33133657806065,13.141145638337704,0,0,0,0,0,0,False,False,False,False,True,False,False,False,False
sz002596,2025-02-18,1,first_probe,0.2588799999924319,19.643007993280552,1.1,-0.5813953488372103,5.882352941176472,3.8235294117646923,-1.1695906432748537,81.92764404179019,1,1,1,1,7.0,7.0,1,1,0,0,0,0,13.905325443786998,5.02958579881656,20.71005917159765,15.680473372781067,21.00591715976332,-2.9585798816568087,1,1,0,1,1,0,False,False,False,False,True,False,False,False,False
sz002596,2025-03-05,2,retest_probe,0.4208060439721224,26.347852008441706,0.6666666666666666,0.5633802816901401,5.013927576601684,4.178272980501396,2.2408963585434094,77.69971388667336,0,0,0,0,,,0,0,0,0,0,0,11.780821917808225,7.671232876712342,12.05479452054794,-6.57534246575342,12.05479452054794,1.9178082191780854,0,0,0,0,0,0,False,False,True,True,False,False,False,False,False
sz002596,2025-03-10,3,continuous_probe,0.7625925416207863,17.558470087481727,0.7916666666666672,0.27700831024930483,6.557377049180313,4.371584699453535,2.4861878453038555,85.97080062293514,0,0,0,0,,,0,0,0,0,0,0,10.242587601078167,-5.121293800539084,10.242587601078167,-15.363881401617252,10.242587601078167,1.3477088948786964,0,0,0,0,0,0,True,True,True,True,False,True,True,False,False
sz002596,2025-04-14,4,retest_probe,0.5111863305172841,16.854887111467175,0.5357142857142849,0.911854103343468,8.433734939759052,6.325301204819267,3.915662650602414,78.37235232443021,0,0,0,0,35.0,,0,1,0,0,0,0,3.768115942028971,-0.28985507246377384,12.753623188405804,6.666666666666665,12.753623188405804,5.217391304347818,0,0,0,0,0,0,False,False,True,False,False,False,False,False,False
sz002597,2025-03-14,1,first_probe,0.45541934308940374,18.110363641282564,0.5839999999999975,-0.5193767479025224,5.020080321285136,5.020080321285136,2.088353413654631,76.39686804371217,0,0,0,0,,,0,0,0,0,0,0,5.350118017309202,-1.9669551534225005,5.350118017309202,-6.569630212431166,5.350118017309202,-2.202989771833208,0,0,0,0,0,0,False,False,True,False,True,False,False,False,False
sz002598,2024-10-23,1,first_probe,0.7351775046738431,19.672373693213988,0.8372093023255848,-0.7194244604316613,5.082742316784872,3.782505910165468,3.0193236714975757,81.43465407281852,0,0,0,0,23.0,23.0,1,1,0,0,0,0,6.682297772567414,4.572098475967179,9.613130128956637,5.861664712778425,45.134818288393916,14.067995310668246,0,0,1,0,0,1,True,True,False,False,True,False,False,True,False
sz002607,2025-04-16,1,first_probe,0.7519662151270216,18.384442484249846,0.6666666666666666,-0.6644518272425071,8.000000000000007,7.333333333333347,3.0100334448160515,86.01320306152505,0,0,0,0,,,0,0,0,0,0,0,2.922077922077926,-2.272727272727282,2.922077922077926,-0.6493506493506551,2.922077922077926,-5.519480519480513,0,0,0,0,0,0,True,True,True,False,True,False,False,True,True
sz002609,2025-03-25,1,first_probe,0.60249681371827,23.65910504128296,1.1428571428571435,-0.31282586027110426,5.125523012552313,2.9288702928870203,-0.7322175732217606,79.81270300626989,0,1,0,1,12.0,12.0,1,1,0,0,0,0,3.2665964172813533,-16.543730242360375,10.537407797681775,4.109589041095907,14.120126448893577,6.533192834562684,0,0,0,1,0,0,False,True,False,False,True,False,False,False,False
sz002611,2025-07-18,1,first_probe,0.6105117426314971,13.807594740630655,0.7213114754098359,1.7557861133280284,4.732350659425899,3.8789759503491172,2.431372549019617,78.49734813005752,0,1,0,1,13.0,13.0,2,2,1,0,1,0,13.32312404287903,4.287901990811638,57.88667687595712,45.63552833078099,60.336906584992356,36.217457886676875,1,1,1,1,1,1,False,True,True,False,True,False,False,False,False
sz002612,2024-12-20,1,first_probe,0.653277093515874,23.202301125628395,0.7191011235955058,0.39525691699604515,5.005624296962874,4.6119235095613,1.4060742407199012,80.93045549372673,0,0,0,0,,,0,0,0,0,0,0,3.050471436494706,-13.255684969495285,3.050471436494706,-13.976705490848595,3.050471436494706,-16.638935108153085,0,0,0,0,0,0,False,True,True,False,True,False,False,False,False
sz002613,2024-12-06,1,first_probe,0.2918989185975396,21.027794324742995,0.5416666666666657,-0.22831050228310223,5.46697038724373,2.733485193621865,2.9748283752860427,76.73817512306658,0,0,0,0,32.0,38.0,1,1,0,0,0,0,4.444444444444451,-3.9999999999999925,4.444444444444451,-16.44444444444445,4.444444444444451,-5.333333333333334,0,0,0,0,0,0,False,False,True,False,True,False,False,False,False
sz002614,2025-11-17,1,first_probe,0.3608223561754214,17.756080631570153,0.6981132075471697,0.0,7.029177718832891,4.641909814323597,3.6339165545087537,79.65729334417354,0,0,0,0,23.0,23.0,1,1,0,0,0,0,0.6493506493506551,-4.285714285714281,9.740259740259738,-4.935064935064936,9.740259740259738,-4.805194805194802,0,0,0,0,0,0,False,False,True,False,True,False,False,False,False
sz002622,2024-12-10,1,first_probe,0.5236345973008736,15.41043698795425,1.2000000000000004,0.8000000000000007,10.81081081081079,7.027027027027022,-4.232804232804222,84.39376119149593,0,0,0,0,,,0,0,0,0,0,0,4.972375690607733,-16.022099447513817,4.972375690607733,-26.243093922651937,4.972375690607733,-21.546961325966862,0,0,0,0,0,0,False,False,False,False,True,False,False,False,False
sz002629,2025-04-16,1,first_probe,0.716466104643822,29.25212814415716,0.5777777777777782,-9.9609375,9.76138828633404,6.073752711496727,4.121475054229928,80.82236817399543,1,1,1,1,2.0,2.0,2,2,1,0,1,0,21.04166666666667,7.08333333333333,21.04166666666667,4.583333333333339,43.75000000000002,24.374999999999993,1,1,1,1,1,1,True,True,True,False,True,False,False,True,True
sz002629,2025-10-24,2,retest_probe,0.5852452668212054,19.82001247941775,0.6086956521739144,1.0089686098654793,5.105438401775819,4.328523862375144,1.9977802441731418,74.19576870632338,1,1,1,1,2.0,2.0,1,1,0,0,0,0,12.404787812840045,-7.508161044613704,12.404787812840045,-8.05223068552775,12.404787812840045,-21.653971708378663,0,0,0,1,0,0,False,True,True,True,False,False,False,False,False
sz002633,2025-05-26,1,first_probe,0.3842254785187854,14.291599613775347,0.8571428571428563,-0.07352941176470562,6.696100073583522,4.856512141280356,0.9565857247976428,80.12657758530521,1,1,1,1,4.0,4.0,2,2,1,0,1,0,23.760932944606417,-1.093294460641403,23.760932944606417,-2.405247813411082,23.83381924198249,20.991253644314867,1,1,0,1,1,0,False,False,False,False,True,False,False,False,False
sz002634,2025-02-18,1,first_probe,0.49799380954303096,16.633813573145677,1.1290322580645165,1.6260162601626105,8.288770053475925,7.754010695187175,-1.3333333333333308,86.20377838638363,0,0,0,0,,,0,0,0,0,0,0,5.675675675675684,0.2702702702702675,10.270270270270277,8.108108108108091,13.783783783783775,-9.999999999999998,0,0,0,0,0,0,False,False,False,False,True,False,False,False,False
sz002636,2025-11-07,1,first_probe,0.5336206206492291,14.64629776565674,1.1609195402298855,-2.8268551236749095,5.272727272727273,2.7878787878787836,-0.848484848484854,74.04533436216305,1,1,1,1,1.0,1.0,1,1,0,0,0,0,18.826405867970664,-13.63080684596576,18.826405867970664,-3.0562347188264005,18.826405867970664,3.85085574572126,1,0,0,1,0,0,False,False,False,False,True,False,False,False,False
sz002638,2025-06-30,1,first_probe,0.2803106632945053,24.49659034062486,0.5454545454545454,0.3968253968253954,8.69565217391306,3.9525691699604737,3.9525691699604737,79.61914172483154,0,0,0,0,,,0,0,0,0,0,0,0.7604562737642651,-6.083650190114054,0.7604562737642651,-9.885931558935358,0.7604562737642651,-7.604562737642572,0,0,0,0,0,0,False,False,True,False,True,False,False,False,False
sz002639,2024-11-06,1,first_probe,1.2630598283263565,16.252630105868814,0.6,0.29940119760478723,9.774436090225546,7.067669172932334,3.1343283582089487,84.55543790487093,1,1,0,0,1.0,26.0,3,1,1,1,0,0,11.432706222865407,-0.14471780028942893,11.432706222865407,2.894356005788712,47.322720694645426,-4.630969609261948,0,0,1,0,1,1,True,True,True,False,True,False,False,True,True
sz002639,2025-04-08,2,retest_probe,0.6142346004303485,13.901224076046299,1.0731707317073176,-9.60099750623441,5.655172413793097,3.5862068965517135,-0.4137931034482789,74.79488011139945,1,1,1,1,4.0,4.0,1,1,0,0,0,0,19.390581717451518,3.6011080332410073,21.468144044321335,17.036011080332415,90.02770083102493,81.30193905817175,1,1,1,1,1,1,False,True,False,True,False,False,False,False,False
sz002639,2025-11-06,3,retest_probe,0.6351973156001803,14.347071487973574,1.6249999999999996,0.8759124087591275,5.767844268204758,2.956020187454933,-3.256150506512312,77.80231293304983,1,1,1,1,2.0,7.0,1,1,0,0,0,0,27.82348541510846,7.703814510097251,27.82348541510846,10.695587135377727,62.15407629020196,46.22288706058342,1,1,1,1,1,1,False,True,False,True,False,False,False,False,False
sz002640,2024-11-06,1,first_probe,0.7465319250211931,21.186613643645526,0.6896551724137936,-0.31746031746030523,9.14826498422714,8.201892744479512,3.821656050955413,88.21710632501092,0,1,0,1,12.0,12.0,2,11,1,0,1,1,8.895705521472387,-4.294478527607348,90.18404907975462,90.18404907975462,130.06134969325154,29.447852760736204,1,1,1,1,1,1,True,True,True,False,True,False,False,True,True
sz002640,2024-12-10,2,retest_probe,0.4130314319384553,15.182483132996397,0.9354838709677423,-9.771986970684033,16.787003610108297,5.054151624548742,1.0830324909747224,77.99295350388111,1,1,1,1,2.0,8.0,1,1,0,0,0,0,4.8214285714285765,-16.78571428571428,4.8214285714285765,-20.714285714285708,4.8214285714285765,-12.857142857142856,0,0,0,1,0,0,False,False,False,True,False,False,False,False,False
sz002640,2025-01-13,3,retest_probe,0.9171117066416505,14.444200828137518,0.4166666666666673,-2.4498886414254017,8.47058823529412,7.76470588235294,1.82648401826484,80.65155505981674,1,1,1,1,2.0,2.0,1,2,0,0,1,0,28.026905829596416,-4.7085201793722,28.026905829596416,-1.1210762331838486,28.026905829596416,-4.7085201793722,1,1,0,1,1,0,True,True,True,True,False,True,True,False,False
sz002640,2025-01-27,4,retest_probe,0.5973450228945848,18.401115036732644,1.0714285714285698,-9.341825902335465,6.557377049180335,2.810304449648715,-0.4683840749414414,78.33801425004978,0,0,0,0,,,0,0,0,0,0,0,19.999999999999996,3.7647058823529367,19.999999999999996,-1.4117647058823457,19.999999999999996,-27.52941176470588,1,0,0,0,0,0,False,True,False,False,False,False,False,False,False
sz002642,2024-11-28,1,first_probe,1.1431340910022054,14.312444933974882,0.8688524590163949,0.12706480304955914,7.682619647355171,6.171284634760688,1.7766497461928932,87.02191672581083,0,0,0,0,40.0,40.0,1,1,0,0,0,0,13.840399002493786,9.476309226932656,13.840399002493786,-7.605985037406482,13.840399002493786,-5.610972568578543,0,0,0,0,0,0,True,True,False,False,True,False,False,True,False
sz002642,2025-05-12,2,retest_probe,0.5442212434062795,13.813308531132643,0.704545454545455,0.7894736842105399,5.706874189364464,4.280155642023331,2.3498694516971286,80.64638720210132,0,0,0,0,,,0,0,0,0,0,0,1.5306122448979664,-4.5918367346938656,1.5306122448979664,-2.8061224489795866,1.5306122448979664,-1.1479591836734637,0,0,0,0,0,0,False,False,True,True,False,False,False,False,False
sz002642,2025-08-26,3,retest_probe,0.5936727224729236,13.930599614250916,0.6399999999999982,-0.23529411764705577,8.782201405152223,7.49414519906324,3.891509433962259,81.54425763286226,1,1,1,1,4.0,4.0,1,2,0,0,1,0,18.955732122587964,2.2701475595913623,36.2088535754824,9.761634506242899,36.2088535754824,1.8161180476730987,1,1,1,1,1,1,False,True,True,True,False,False,False,False,False
sz002645,2025-03-18,1,first_probe,0.5772093182519297,32.6153325967658,0.7368421052631564,0.2624671916010346,4.973821989528804,3.4031413612565453,1.308900523560208,79.52226510524933,1,1,1,1,1.0,1.0,1,1,0,0,0,0,32.558139534883715,24.677002583979334,32.558139534883715,-5.68475452196383,32.558139534883715,8.139534883720923,1,1,1,1,1,1,False,False,True,False,True,False,False,False,False
sz002646,2025-07-21,1,first_probe,0.47055426209662654,13.297699285118687,0.673076923076924,1.2552301255229992,5.2261306532663365,3.2160804020100464,4.545454545454541,76.55155132609431,1,1,0,0,2.0,,0,1,0,0,0,0,12.45059288537551,-1.7786561264822143,12.45059288537551,-0.29644268774703386,12.45059288537551,-0.7905138339920903,0,0,0,0,0,0,False,False,True,False,True,False,False,False,False
sz002654,2025-04-07,1,first_probe,0.6352934749645367,97.47285137571815,1.0277777777777772,-9.820732657833197,6.222990492653402,2.8522039757994833,-0.17286084701814142,80.86904397890817,0,0,0,0,28.0,28.0,1,1,0,0,0,0,6.320346320346304,-0.17316017316018062,6.320346320346304,3.8961038961038863,11.255411255411252,4.935064935064926,0,0,0,0,0,0,False,True,False,False,True,False,False,False,False
sz002654,2025-06-11,2,retest_probe,0.4199748896225863,23.20699831041303,0.8032786885245913,-0.08474576271187972,5.130361648444071,4.793944491169055,1.8659881255301158,81.13131704765063,0,0,0,0,,,0,0,0,0,0,0,6.577851790174871,3.2472939217318864,7.41049125728559,0.9991673605328932,7.41049125728559,-1.9983347210657754,0,0,0,0,0,0,False,False,False,True,False,False,False,False,False
sz002657,2024-12-24,1,first_probe,0.5722616376234632,13.98508263421031,0.3732394366197171,-0.7843137254901933,7.107107107107091,6.556556556556559,3.1126482213438944,76.23559426663036,0,0,0,0,,,0,0,0,0,0,0,-0.8624820316243342,-16.81839961667466,-0.8624820316243342,-15.189266890273123,9.1998083373263,-1.772879731672261,0,0,0,0,0,0,False,False,True,False,True,False,False,False,False
sz002657,2025-06-06,2,retest_probe,0.3312273183679469,13.745020504978148,1.1262135922330088,-5.934389974198306,8.072100313479623,5.838557993730409,-1.0188087774294585,76.51744714567428,1,1,1,1,6.0,6.0,1,1,0,0,0,0,7.957244655581941,-4.5526524148852054,21.931908155186065,8.630245447347583,38.44022169437844,13.143309580364203,1,1,1,1,1,1,False,False,False,True,False,False,False,False,False
sz002659,2025-03-05,1,first_probe,0.33734382173531957,21.25691297483807,0.549019607843137,0.6224066390041472,10.691823899371089,6.498951781970663,3.0927835051546504,81.95673757805226,0,0,0,0,,,0,0,0,0,0,0,4.600000000000004,-3.599999999999992,4.600000000000004,-10.600000000000009,4.600000000000004,-3.200000000000003,0,0,0,0,0,0,False,False,True,False,True,False,False,False,False
sz002662,2024-11-15,1,first_probe,0.40679679540392816,16.466522988296767,1.3809523809523814,1.7412935323383172,5.035971223021574,4.556354916067162,0.0,80.61476723170715,0,0,0,0,,,0,0,0,0,0,0,1.2224938875305513,-3.17848410757946,8.557457212713949,0.7334963325183352,8.557457212713949,-14.180929095354522,0,0,0,0,0,0,False,False,False,False,True,False,False,False,False
sz002663,2025-07-04,1,first_probe,0.44558573064168605,32.9300483058468,1.3,-0.520833333333337,5.154639175257736,3.6082474226803996,0.0,85.07063299794171,0,0,0,0,,,0,0,0,0,0,0,6.28272251308899,-4.188481675392664,6.28272251308899,-5.235602094240832,6.28272251308899,-2.617801047120405,0,0,0,0,0,0,False,False,False,False,True,False,False,False,False
sz002663,2025-09-02,2,retest_probe,0.26175296872076637,20.857679322525115,0.6666666666666666,1.0309278350515427,6.1224489795918435,4.591836734693877,2.0408163265306145,80.34860962405635,0,0,0,0,29.0,29.0,1,1,0,0,0,0,12.00000000000001,12.00000000000001,13.99999999999999,2.499999999999991,25.0,24.0,0,0,0,0,0,0,False,False,True,True,False,False,False,False,False
sz002664,2024-10-24,1,first_probe,0.4329917070015824,26.357695588823507,0.739130434782607,-0.7581501137225111,5.19578313253013,4.292168674698793,2.826585179526364,81.6595370593754,1,1,1,1,7.0,7.0,2,2,1,0,1,0,32.838038632986624,14.784546805349175,32.838038632986624,6.90936106983655,32.838038632986624,-1.634472511144136,1,1,1,1,1,1,False,False,True,False,True,False,False,False,False
sz002664,2025-07-28,2,retest_probe,0.2541129536816252,17.962575880916603,0.9212598425196838,-0.4130335016062414,5.852534562211975,3.410138248847927,0.4608294930875667,76.82450609445401,1,1,1,1,9.0,9.0,1,1,0,0,0,0,12.018348623853225,8.25688073394495,33.348623853211,28.57798165137615,63.44036697247708,47.706422018348626,1,1,1,1,1,1,False,False,False,True,False,False,False,False,False
sz002667,2024-09-10,1,first_probe,0.5934585509349213,18.660037809384768,1.4210526315789478,0.15384615384614886,5.837173579109067,4.915514592933956,-2.457757296466978,79.14841055900143,1,1,1,1,1.0,1.0,1,2,0,0,1,0,21.10236220472441,11.181102362204731,46.7716535433071,22.047244094488192,100.31496062992127,73.07086614173231,1,1,1,1,1,1,False,True,False,False,True,False,False,False,False
sz002667,2025-02-05,2,retest_probe,0.6040870409125213,25.840363032106307,0.7384615384615387,-1.5756302521008458,6.937033084311639,4.695837780149437,1.8143009605122717,78.00159604266663,0,0,0,0,33.0,33.0,1,1,0,0,0,0,10.062893081761025,5.3459119496855445,16.35220125786163,6.708595387840677,37.31656184486374,31.656184486373174,1,0,1,0,0,1,False,True,True,True,False,False,False,False,False
sz002671,2025-05-23,1,first_probe,0.9924926846429621,16.066541931697323,1.0769230769230789,0.23474178403755097,6.074766355140171,4.205607476635498,-0.23419203747072626,86.0703946516675,0,0,0,0,40.0,40.0,1,1,0,0,0,0,11.267605633802823,5.868544600938974,11.267605633802823,6.572769953051649,23.474178403755875,23.474178403755875,0,0,0,0,0,0,True,True,False,False,True,False,False,True,False
sz002676,2024-11-28,1,first_probe,0.415828111652406,13.473116501470054,0.7941176470588226,0.0,5.3375196232338995,5.0235478806907485,2.384737678855342,76.06923421394556,0,0,0,0,,,0,0,0,0,0,0,18.788819875776387,10.248447204968937,18.788819875776387,-4.503105590062118,18.788819875776387,-5.279503105590077,1,0,0,0,0,0,False,False,True,False,True,False,False,False,False
sz002682,2024-12-05,1,first_probe,0.6724349805622509,14.386938244915253,0.5937500000000001,-4.340567612687806,11.072664359861584,7.785467128027679,5.410122164048858,81.89950798487338,1,1,0,0,6.0,,0,1,0,0,0,0,6.788079470198682,-18.21192052980132,6.788079470198682,-34.10596026490066,6.788079470198682,-26.986754966887418,0,0,0,0,0,0,True,True,True,False,True,False,False,True,True
sz002682,2025-05-27,2,retest_probe,0.36427971494116573,17.291539527654734,1.2142857142857126,0.6072874493926905,5.458089668615984,4.288499025341119,2.012072434607659,79.67187249198,1,1,1,1,4.0,4.0,1,1,0,0,0,0,16.17357001972386,-3.9447731755424043,16.17357001972386,-5.7199211045364855,16.17357001972386,-4.536489151873779,1,0,0,1,0,0,False,False,False,True,False,False,False,False,False
sz002682,2025-06-18,3,retest_probe,0.458995094041142,18.68974492139828,0.4166666666666685,-0.41928721174003813,5.052631578947375,4.0000000000000036,2.947368421052632,77.10495727071715,0,0,0,0,,,0,0,0,0,0,0,5.316973415132931,1.4314928425357865,5.316973415132931,-3.271983640081788,5.316973415132931,-1.0224948875255602,0,0,0,0,0,0,False,False,True,True,False,False,False,False,False
sz002685,2025-01-09,1,first_probe,0.27484472302571067,22.02001294588315,0.7083333333333337,-1.0954616588419341,7.441860465116279,5.426356589147274,4.272151898734178,82.41241927488225,0,0,0,0,,,0,0,0,0,0,0,6.828528072837625,-1.8209408194233667,9.104704097116855,3.3383915022761723,12.89833080424887,-0.30349013657055,0,0,0,0,0,0,False,False,True,False,True,False,False,False,False
sz002689,2024-10-22,1,first_probe,0.601709081622886,13.372483421144716,0.5999999999999994,0.0,4.8387096774193505,2.9032258064516148,2.265372168284796,76.5561600395391,1,1,1,1,9.0,9.0,1,1,0,0,0,0,15.506329113924044,10.126582278481,33.22784810126582,14.556962025316444,74.68354430379745,37.9746835443038,1,1,1,1,1,1,False,True,True,False,True,False,False,False,False
sz002691,2024-12-11,1,first_probe,0.3209644749511202,23.70162197400459,0.4772727272727268,-0.7751937984496138,6.842923794712297,3.8880248833592645,4.062499999999991,79.23200408140984,0,0,0,0,23.0,23.0,7,8,1,1,1,1,2.102102102102088,-23.57357357357358,2.102102102102088,-26.726726726726735,106.30630630630628,85.73573573573572,0,0,1,0,1,1,False,False,True,False,True,False,False,False,False
sz002691,2025-02-14,2,retest_probe,0.37043561189670166,19.591124590311537,1.0,-9.970887918486182,6.95230396119646,4.365400161681499,0.0,78.67242204435837,0,0,0,0,,,0,0,0,0,0,0,14.793856103476145,-21.746160064672594,14.793856103476145,-21.907841552142273,14.793856103476145,-36.37833468067906,0,0,0,0,0,0,False,False,False,True,False,False,False,False,False
sz002691,2025-08-29,3,retest_probe,0.32431524307141646,28.198175356363038,0.5714285714285714,-0.11337868480725266,6.436781609195408,4.482758620689653,1.4755959137343844,78.75962585443811,1,1,0,0,2.0,22.0,1,1,0,0,0,0,10.738255033557053,-0.22371364653243075,10.738255033557053,-10.961968680089484,10.738255033557053,-5.7046979865771785,0,0,0,0,0,0,False,False,True,True,False,False,False,False,False
sz002692,2025-01-15,1,first_probe,0.7078683293309679,14.369672300026131,0.5769230769230771,-3.9583333333333193,11.378555798687074,8.97155361050328,3.90455531453362,79.78593613207158,1,1,1,1,2.0,2.0,3,4,1,1,1,1,39.665970772442606,-2.2964509394572064,39.665970772442606,-1.0438413361169019,39.665970772442606,17.536534446764087,1,1,1,1,1,1,True,True,True,False,True,False,False,True,True
sz002692,2025-05-26,2,retest_probe,0.2995504357991344,17.367985700197238,0.5588235294117635,0.8196721311475308,6.910569105691056,4.268292682926833,3.0487804878048808,77.94187579822919,0,0,0,0,,,0,0,0,0,0,0,7.495069033530566,0.39447731755424265,7.495069033530566,-4.3392504930966584,7.495069033530566,3.155818540433919,0,0,0,0,0,0,False,False,True,True,False,False,False,False,False
sz002693,2024-11-04,1,first_probe,0.8849906434159562,228.1473705771225,1.0,-9.98810939357907,4.953764861294574,3.269484808454415,0.0,87.96122937038588,1,1,1,1,4.0,4.0,1,1,0,0,0,0,5.019815059445176,-25.594451783355353,5.019815059445176,-18.89035667107002,5.019815059445176,-42.998678996036986,0,0,0,1,0,0,True,True,False,False,True,False,False,True,False
sz002693,2024-11-13,2,retest_probe,0.5159311937635118,18.858203644540662,1.8409090909090904,0.64179703168874,5.261060183339983,3.1885213232363485,-4.42407333599043,78.19937329192244,1,1,1,1,4.0,4.0,3,3,1,1,1,1,30.108423686405338,0.08340283569641116,30.108423686405338,-5.379482902418675,30.108423686405338,-32.94412010008341,1,1,1,1,1,1,False,False,False,True,False,False,False,False,False
sz002696,2025-03-27,1,first_probe,0.45618568729384557,15.61317019028509,0.7000000000000003,-0.18348623853210455,5.576208178438669,3.5315985130111693,0.5514705882352811,77.07724614193054,1,1,1,1,10.0,10.0,1,1,0,0,0,0,3.8391224862888373,3.8391224862888373,6.581352833638032,-8.59232175502742,10.786106032906773,5.850091407678248,0,0,0,1,0,0,False,False,True,False,True,False,False,False,False
sz002700,2024-11-14,1,first_probe,0.4923259015974256,24.606456330207468,0.7377049180327864,-0.8662175168431152,5.9223300970873805,4.5631067961164895,1.553398058252431,81.39606479273199,0,0,0,0,,,0,0,0,0,0,0,3.0592734225621365,-1.6252390057361565,9.94263862332696,2.1988527724665197,9.94263862332696,-3.632887189292555,0,0,0,0,0,0,False,False,True,False,True,False,False,False,False
sz002702,2024-11-28,1,first_probe,0.6912974519507021,13.75883237202951,0.7741935483870984,-0.9174311926605561,6.981981981981966,6.0810810810810745,4.39814814814814,83.8398861678665,1,1,1,1,6.0,8.0,3,1,1,1,0,0,43.90243902439026,43.90243902439026,58.09312638580933,0.22172949002217113,58.09312638580933,-9.534368070953436,1,1,1,1,1,1,True,True,True,False,True,False,False,True,True
sz002702,2025-04-29,2,retest_probe,0.25636296654912555,53.602133959200096,0.909090909090911,0.5037783375314797,5.459057071960283,3.2258064516129004,1.5037593984962294,81.64360664710266,0,0,0,0,,,0,0,0,0,0,0,5.9259259259259345,3.9506172839506304,8.888888888888902,3.9506172839506304,9.135802469135811,3.2098765432098775,0,0,0,0,0,0,False,False,False,True,False,False,False,False,False
sz002703,2025-09-16,1,first_probe,0.46964606281270505,14.406260709630493,1.0246913580246908,-0.07401924500369805,5.9558823529411775,4.338235294117654,0.592592592592589,74.9591417521139,1,1,1,1,5.0,5.0,1,1,0,0,0,0,11.045655375552288,3.4609720176730585,11.045655375552288,-2.135493372606778,11.045655375552288,-6.038291605301915,0,0,0,1,0,0,False,False,False,False,True,False,False,False,False
sz002708,2024-09-02,1,first_probe,8.022230964490722,25.305587863429622,0.9565217391304338,0.0,6.117021276595747,3.9893617021276695,4.576976421636614,82.1444048160788,0,0,0,0,27.0,27.0,1,2,0,0,1,0,3.4482758620689724,-6.10079575596817,18.965517241379317,2.1220159151193574,53.18302387267906,42.44031830238728,1,0,1,0,0,1,True,True,False,False,True,False,False,True,False
sz002708,2025-04-08,2,retest_probe,0.8079916426150147,47.335223784442825,0.9803921568627455,-9.99107939339876,5.054509415262642,2.87413280475719,0.09910802775023875,79.9688481606068,0,1,0,1,11.0,11.0,1,1,0,0,0,0,8.415841584158423,1.1881188118811892,24.752475247524753,21.8811881188119,24.752475247524753,1.8811881188118829,1,1,0,1,1,0,True,True,False,True,False,True,False,False,False
sz002713,2024-09-05,1,first_probe,0.6482116724944973,18.586560864806337,0.7500000000000019,-1.5873015873015928,4.761904761904767,2.777777777777768,2.8225806451612767,79.3510060285733,1,1,0,0,8.0,21.0,1,1,0,0,0,0,1.5686274509803866,-5.098039215686267,37.64705882352941,21.176470588235308,117.64705882352943,78.43137254901961,1,1,1,0,1,1,False,True,True,False,True,False,False,False,False
sz002713,2025-04-28,2,retest_probe,1.0217847264671582,14.937952003263895,0.5357142857142865,-1.2820512820512775,7.14285714285714,6.1224489795918435,5.1948051948051965,75.76981970232957,0,0,0,0,,,0,0,0,0,0,0,33.827160493827165,17.28395061728396,33.827160493827165,18.024691358024715,33.827160493827165,9.135802469135811,1,1,1,0,1,1,True,True,True,True,False,True,True,False,False
sz002715,2025-06-23,1,first_probe,0.9428393028296841,26.443589685079647,0.4454545454545467,-0.17441860465114978,6.3768115942029135,5.565217391304356,4.018637157833416,78.09549529135036,0,0,0,0,39.0,39.0,1,1,0,0,0,0,8.06270996640539,0.44792833146698463,9.182530795072786,6.718924972004481,9.742441209406504,3.8633818589025815,0,0,0,0,0,0,True,True,True,False,True,False,False,True,True
sz002717,2024-11-04,1,first_probe,0.9580103539507269,74.7317448440192,1.0,-9.999999999999998,9.523809523809534,5.3968253968254,0.0,93.08159921075938,1,1,1,1,3.0,3.0,1,1,0,0,0,0,14.285714285714302,11.428571428571432,19.999999999999996,13.015873015873014,80.0,11.746031746031749,1,0,1,1,0,1,True,True,False,False,True,False,False,True,False
sz002717,2024-12-10,2,retest_probe,0.5465629483815595,15.245737837476241,0.6444444444444443,-4.400977995110022,11.508951406649626,3.069053708439906,4.092071611253201,76.73206669157994,1,1,1,1,3.0,3.0,1,2,0,0,1,0,39.3120393120393,12.776412776412771,39.3120393120393,-12.776412776412782,39.3120393120393,-5.405405405405405,1,1,1,1,1,1,False,False,True,True,False,False,False,False,False
sz002717,2024-12-23,3,retest_probe,0.41842611956067943,451.13965040573396,1.0,-10.052910052910057,6.862745098039236,3.3333333333333215,0.0,81.97823339994568,1,1,1,1,10.0,10.0,2,2,1,0,1,0,-7.4509803921568585,-36.66666666666666,-7.4509803921568585,-34.90196078431372,-7.4509803921568585,-25.294117647058822,0,0,0,1,1,0,False,False,False,True,False,False,False,False,False
sz002717,2024-12-25,4,continuous_probe,0.4109619550795026,63.42514741915862,1.0,-10.02178649237473,7.263922518159793,3.874092009685226,0.0,80.2766566505653,1,1,1,1,8.0,8.0,2,2,1,0,1,0,-1.4527845036319542,-16.94915254237288,-1.4527845036319542,-21.791767554479414,10.411622276029053,-9.443099273607736,0,0,0,1,1,0,False,False,False,False,False,False,False,False,False
sz002723,2024-12-19,1,first_probe,0.6819512790183271,13.350014056971546,0.40476190476190466,-1.7789072426937724,5.433376455368699,5.045278137128051,3.2341526520051733,72.58253875576311,0,0,0,0,,,0,0,0,0,0,0,0.6265664160400863,-17.29323308270677,0.6265664160400863,-14.786967418546372,12.656641604010034,10.526315789473673,0,0,0,0,0,0,True,True,True,False,True,False,False,True,True
sz002724,2025-08-15,1,first_probe,0.4925961000516301,21.13815529424128,0.45161290322580755,-1.2269938650306678,7.740324594257197,6.117353308364537,3.7267080745341463,78.2469594251266,0,0,0,0,,,0,0,0,0,0,0,3.113772455089814,-0.9580838323353325,3.113772455089814,-5.988023952095811,3.113772455089814,-8.023952095808385,0,0,0,0,0,0,False,False,True,False,True,False,False,False,False
sz002725,2024-10-16,1,first_probe,0.3231055849772588,20.80032547809218,0.7741935483870955,-1.0893246187363759,6.645230439442651,5.037513397642024,4.295154185022043,83.35097835438123,1,1,1,1,2.0,2.0,2,2,1,0,1,0,85.53326293558605,85.53326293558605,103.59028511087645,40.12671594508974,103.59028511087645,42.66103484688488,1,1,1,1,1,1,False,False,True,False,True,False,False,False,False
sz002725,2025-04-25,2,retest_probe,0.3050419782203998,23.812531717443992,0.8400000000000011,1.4828544949026856,6.7873303167420795,3.7104072398190135,2.0091324200913308,82.11415971012718,0,0,0,0,,,0,0,0,0,0,0,9.221128021486113,5.550581915846009,14.50313339301701,6.535362578334825,14.50313339301701,6.266786034019689,0,0,0,0,0,0,False,False,False,True,False,False,False,False,False
sz002725,2025-08-21,3,retest_probe,0.5157569025155662,14.496331476942617,1.5402298850574756,1.9326683291770674,5.234657039711177,5.054151624548742,-1.2232415902140858,76.34996742345173,0,0,0,0,26.0,26.0,1,1,0,0,0,0,-0.7430340557275428,-11.269349845201226,-0.7430340557275428,-8.544891640866869,6.439628482972148,2.1052631578947434,0,0,0,0,0,0,False,False,False,True,False,False,False,False,False
sz002730,2025-01-13,1,first_probe,0.3086244014988524,15.527646418267556,1.3676470588235297,-8.397932816537468,4.795486600846255,4.795486600846255,-1.7630465444287702,71.52918637550721,1,1,1,1,2.0,2.0,1,1,0,0,0,0,97.70279971284997,65.47020818377602,97.70279971284997,36.82699210337401,97.70279971284997,42.569992821249095,1,1,1,1,1,1,False,False,False,False,True,False,False,False,False
sz002733,2025-06-11,1,first_probe,3.5801011364213,37.57264496329082,1.2795698924731163,3.409090909090895,5.67765567765568,4.151404151404159,-1.5873015873015706,82.83005917274596,0,0,0,0,,,0,0,0,0,0,0,4.466501240694787,4.1563275434242986,5.893300248138944,2.5434243176178706,11.166253101736977,8.188585607940446,0,0,0,0,0,0,True,True,False,False,True,False,False,True,False
sz002735,2025-03-28,1,first_probe,0.29961914513498,15.468932360073678,1.028985507246376,-3.891402714932135,6.49717514124295,4.237288135593231,-0.18832391713746732,74.46469240029367,1,1,1,1,2.0,2.0,1,1,0,0,0,0,8.867924528301874,-15.283018867924525,8.867924528301874,-11.509433962264136,106.13207547169812,106.13207547169812,0,0,1,1,0,1,False,False,False,False,True,False,False,False,False
sz002738,2025-07-17,1,first_probe,0.43709759475359633,28.10568234955876,0.4938271604938251,0.4766444232602529,5.1039697542533125,3.371140516698179,2.972802024035426,73.9608371404042,0,1,0,0,17.0,,0,1,0,0,0,0,23.6179361179361,11.056511056511042,32.92383292383292,22.266584766584764,38.45208845208843,29.361179361179346,1,1,1,0,1,1,False,False,True,False,True,False,False,False,False
sz002757,2024-10-23,1,first_probe,0.6343330580684418,14.443281606982712,0.7469879518072279,0.07621951219514145,6.259426847662142,4.977375565610864,2.5894897182025867,80.24029292955942,0,1,0,1,16.0,16.0,3,3,1,1,1,1,6.7557535263548685,-1.8559762435040872,51.818856718633995,51.818856718633995,51.818856718633995,12.546399406087595,1,1,1,1,1,1,False,True,True,False,True,False,False,False,False
sz002760,2025-04-18,1,first_probe,0.28489011769509476,20.493420553013976,0.731958762886597,0.0,5.350248207391073,4.853833425262022,1.4340871483728757,78.01822205049835,0,0,0,0,,,0,0,0,0,0,0,7.558455682436116,7.014681892332786,15.443175638934203,7.830342577487759,15.443175638934203,-2.066340402392597,1,0,0,0,0,0,False,False,True,False,True,False,False,False,False
sz002761,2024-12-06,1,first_probe,0.4738440916307604,36.89567082959191,0.5151515151515148,2.9880478087649376,6.382978723404253,6.286266924564798,3.0947775628626717,77.85390797608322,0,0,0,0,,,0,0,0,0,0,0,4.971857410881797,-9.380863039399623,4.971857410881797,-22.983114446529072,4.971857410881797,-17.636022514071303,0,0,0,0,0,0,False,False,True,False,True,False,False,False,False
sz002762,2024-09-19,1,first_probe,0.6003540948932865,17.729516079443695,0.6000000000000005,0.3745318352059934,6.363636363636349,6.000000000000005,5.223880597014907,83.01845563844695,1,1,0,1,7.0,11.0,1,1,0,0,0,0,38.47517730496455,14.539007092198597,38.47517730496455,30.14184397163122,57.44680851063833,24.113475177304977,1,1,1,1,1,1,False,True,True,False,True,False,False,False,False
sz002766,2025-01-10,1,first_probe,0.4023759934031967,19.51352198669436,1.2439024390243894,0.17825311942958333,7.2695035460992985,3.546099290780136,-1.4234875444839923,83.22349381795595,1,1,1,1,4.0,4.0,1,1,0,0,0,0,20.036101083032488,11.913357400722013,25.270758122743686,18.050541516245477,25.270758122743686,22.563176895306867,1,1,0,1,1,0,False,False,False,False,True,False,False,False,False
sz002768,2025-08-01,1,first_probe,0.5188768879570033,19.26123449238281,1.0925110132158595,-0.2773155851358844,6.312569521690747,3.6985539488320285,-0.5839822024471641,80.04897248413056,0,0,0,0,34.0,34.0,1,1,0,0,0,0,28.111888111888096,27.608391608391592,45.73426573426573,35.04895104895105,49.650349650349646,29.510489510489514,1,1,1,0,1,1,False,False,False,False,True,False,False,False,False
sz002771,2025-11-24,1,first_probe,0.6015179483704152,13.926049339540684,0.4252873563218397,-0.11976047904190823,5.178571428571432,3.7499999999999867,3.7170263788968816,75.2107298521183,0,0,0,0,,,0,0,0,0,0,0,3.988439306358371,-7.57225433526012,3.988439306358371,-13.641618497109832,3.988439306358371,-9.826589595375722,0,0,0,0,0,0,False,True,True,False,True,False,False,False,False
sz002777,2024-09-09,1,first_probe,0.6739444707689111,13.535741493697811,1.1355932203389827,-0.5714285714285783,4.769603880355722,3.47615198059823,0.9031198686371145,76.89547115225697,0,1,0,1,12.0,13.0,1,2,0,0,1,0,17.168429617575278,13.018714401952813,70.87062652563061,56.712774613506944,103.66151342554923,88.03905614320587,1,1,1,1,1,1,True,True,False,False,True,False,False,True,False
sz002777,2024-10-11,2,retest_probe,0.48060439987964476,13.859545279203598,1.2812499999999993,-5.008347245409006,7.498535442296439,4.393673110720564,-2.108963093145866,78.00992213134695,1,1,1,1,3.0,3.0,1,1,0,0,0,0,36.98384201077198,34.82944344703771,44.524236983842,39.43746259724716,49.79054458408139,25.014961101137033,1,1,1,1,1,1,False,False,False,True,False,False,False,False,False
sz002778,2024-12-30,1,first_probe,0.9160216515746901,20.887961341342123,0.7529411764705908,-1.4843320505772417,4.743303571428559,3.0133928571428603,1.1718749999999778,73.80429443810543,0,0,0,0,22.0,36.0,1,1,0,0,0,0,6.0672917815775,-1.4340871483728534,6.0672917815775,-6.343077771649197,21.290678433535582,12.520683949255385,0,0,0,0,0,0,True,True,True,False,True,False,False,True,True
sz002779,2025-05-19,1,first_probe,0.6524204284099605,21.322408680768664,0.8345498783454982,-1.2077294685990392,9.946757018393026,6.744111003549524,2.689486552567244,87.76608492511836,0,0,0,0,,,0,0,0,0,0,0,0.952380952380949,-22.896825396825392,0.952380952380949,-39.214285714285715,0.952380952380949,-38.01587301587303,0,0,0,0,0,0,False,True,False,False,True,False,False,False,False
sz002780,2024-11-06,1,first_probe,1.962412746981346,17.47533381002258,0.6986301369863007,0.0,6.588447653429608,3.2490974729241895,3.1021897810219023,84.31042791555295,1,1,1,1,1.0,1.0,1,1,0,0,0,0,20.619469026548675,10.973451327433615,27.256637168141594,16.19469026548672,41.5929203539823,17.345132743362825,1,1,1,1,1,1,True,True,True,False,True,False,False,True,True
sz002786,2025-09-03,1,first_probe,0.2570173698374857,20.170671588172066,0.5517241379310349,0.0954198473282375,5.523809523809531,3.809523809523818,2.5738798856053346,76.06166027227636,0,0,0,0,30.0,,0,1,0,0,0,0,2.4163568773234223,-6.8773234200743545,2.4163568773234223,-15.427509293680297,2.4163568773234223,-12.546468401486987,0,0,0,0,0,0,False,False,True,False,True,False,False,False,False
sz002789,2025-11-05,1,first_probe,0.612168159087851,25.02586823449274,0.4626865671641799,-0.6734006734006703,5.677966101694909,5.677966101694909,3.050847457627115,80.08750579560699,0,0,0,0,,,0,0,0,0,0,0,9.046052631578938,3.5361842105263053,9.046052631578938,-14.309210526315796,9.046052631578938,-13.815789473684204,0,0,0,0,0,0,False,True,True,False,True,False,False,False,False
sz002790,2024-12-02,1,first_probe,0.5547811816174085,18.06822145203795,0.6904761904761928,0.12224938875304847,5.005959475566146,4.529201430274132,4.029304029304037,75.91843465654347,0,0,0,0,,,0,0,0,0,0,0,3.6384976525821733,0.0,3.6384976525821733,-13.0281690140845,3.6384976525821733,-14.436619718309851,0,0,0,0,0,0,False,False,True,False,True,False,False,False,False
sz002798,2025-09-12,1,first_probe,0.37095094834644826,26.278697547949356,0.8484848484848491,0.60882800608828,4.992435703479581,4.53857791225416,0.7564296520423675,77.29904962221042,0,0,0,0,,,0,0,0,0,0,0,1.2012012012011963,-4.504504504504503,1.2012012012011963,-9.30930930930931,1.2012012012011963,-1.6516516516516533,0,0,0,0,0,0,False,False,False,False,True,False,False,False,False
sz002799,2024-09-12,1,first_probe,0.6307321071352465,27.309308931770104,0.5762711864406785,0.15673981191222097,9.233176838810664,4.694835680751175,3.9123630672926346,80.90820361686231,0,0,0,0,,,0,0,0,0,0,0,21.987951807228924,19.57831325301207,31.32530120481929,11.746987951807242,42.31927710843373,16.26506024096386,1,1,1,0,1,1,False,True,True,False,True,False,False,False,False
sz002799,2024-09-20,2,continuous_probe,0.9337513548025802,18.330068374689088,0.6923076923076917,-0.7163323782235054,5.603448275862055,5.028735632183912,2.164502164502169,80.95372637250273,0,0,0,0,,,0,0,0,0,0,0,23.163841807909602,5.36723163841808,23.163841807909602,8.47457627118644,33.47457627118644,13.418079096045176,1,1,1,0,1,1,True,True,True,True,False,True,True,False,False
sz002799,2025-05-09,3,retest_probe,0.6575591395643543,14.343460019725837,0.7538461538461534,-0.5194805194805197,8.333333333333325,5.384615384615388,3.9164490861618884,85.47264922170696,0,0,0,0,25.0,33.0,1,1,0,0,0,0,0.37688442211054607,-3.39195979899497,7.788944723618085,3.1407035175879505,13.94472361809045,7.286432160804002,0,0,0,0,0,0,False,True,True,True,False,False,False,False,False
sz002799,2025-11-18,4,retest_probe,0.4796465473746971,24.40343379627587,0.8000000000000013,0.22271714922048602,6.165919282511223,3.0269058295964157,0.3333333333333188,79.68301342932774,1,1,0,0,5.0,,0,1,0,0,0,0,11.074197120708739,3.875968992248069,11.074197120708739,-4.318936877076396,11.295681063122931,5.204872646733127,0,0,0,0,0,0,False,False,False,False,False,False,False,False,False
sz002799,2025-11-27,5,retest_probe,0.3707812534405347,16.28553279047159,0.5799999999999983,-0.11001100110010764,5.537098560354381,4.872646733111874,1.7621145374449254,76.11397554087445,1,1,0,0,3.0,37.0,1,1,0,0,0,0,8.54978354978353,-6.277056277056281,8.54978354978353,-3.8961038961038863,8.766233766233778,0.32467532467532756,0,0,0,0,0,0,False,False,True,False,False,False,False,False,False
sz002800,2025-03-12,1,first_probe,0.4837894910259382,19.235499093000147,0.5333333333333341,-0.09182736455463081,5.454545454545445,4.454545454545467,3.676470588235281,73.79571336588926,0,1,0,1,16.0,16.0,1,1,0,0,0,0,5.2304964539007015,-5.939716312056742,28.63475177304966,28.63475177304966,41.48936170212767,10.017730496453915,1,1,1,1,1,1,False,False,True,False,True,False,False,False,False
sz002809,2025-03-21,1,first_probe,0.45737505598491596,22.585573015528954,0.741379310344827,-0.895856662933936,6.561085972850678,5.995475113122173,1.5819209039548143,82.39953887660592,0,1,0,1,18.0,18.0,4,4,1,1,1,1,3.4482758620689724,-16.68520578420467,17.24137931034482,17.24137931034482,104.5606229143493,60.622914349276954,1,0,1,1,1,1,False,False,True,False,True,False,False,False,False
sz002809,2025-06-16,2,retest_probe,0.3203126629949163,13.337585934227333,0.5205479452054802,-0.785545954438327,5.658914728682163,3.023255813953485,4.908946951702298,74.92490640857315,0,0,0,0,25.0,25.0,1,1,0,0,0,0,3.018867924528301,-1.4339622641509342,13.056603773584907,-4.3018867924528355,13.056603773584907,-6.188679245283025,0,0,0,0,0,0,False,False,True,True,False,False,False,False,False
sz002811,2025-02-13,1,first_probe,0.37448748547038235,44.92743264145241,0.9285714285714275,3.2618825722273925,6.3176895306859215,5.415162454873634,0.4512635379061436,81.79201732346122,0,0,0,0,,,0,0,0,0,0,0,14.375561545372872,-2.066486972147352,14.375561545372872,-4.85175202156335,14.375561545372872,-21.203953279424994,0,0,0,0,0,0,False,False,False,False,True,False,False,False,False
sz002816,2025-04-28,1,first_probe,0.5094431815004996,13.425337120707159,0.8243243243243233,-0.27247956403269047,6.678700361010836,4.873646209386284,2.0947176684881663,77.41534942532213,0,0,0,0,,,0,0,0,0,0,0,50.04460303300624,50.04460303300624,82.3371989295272,65.12042818911685,82.3371989295272,62.979482604817115,1,1,1,0,1,1,False,False,False,False,True,False,False,False,False
sz002819,2025-08-19,1,first_probe,0.3322871882717904,18.7831055993373,1.1949685534591206,-0.9180120291231386,4.849039341262595,3.1412015858493403,3.7699680511182,77.6864381795266,1,1,0,0,2.0,,0,1,0,0,0,0,8.528325123152714,-8.62068965517241,8.528325123152714,-8.805418719211811,8.528325123152714,-13.084975369458117,0,0,0,0,0,0,False,False,False,False,True,False,False,False,False
sz002820,2025-10-23,1,first_probe,0.7169662383127537,17.01872477744328,0.48437500000000033,-0.31496062992125706,5.007824726134591,4.068857589984365,3.554502369668233,74.90561864945737,0,0,0,0,,,0,0,0,0,0,0,4.729214340198329,2.6697177726926036,18.840579710144922,2.3646071700991644,18.840579710144922,-3.58504958047291,1,0,0,0,0,0,True,True,True,False,True,False,False,True,True
sz002823,2025-02-24,1,first_probe,0.3743279467319229,13.742502695580026,0.808510638297873,0.33025099075296716,6.002554278416361,5.1724137931034475,4.279131007241599,75.28298952356046,0,0,0,0,,,0,0,0,0,0,0,5.429292929292928,-0.31565656565657463,7.828282828282829,-1.0732323232323204,7.828282828282829,-19.38131313131314,0,0,0,0,0,0,False,False,False,False,True,False,False,False,False
sz002824,2025-06-26,1,first_probe,0.403298353059477,17.600901839584076,0.8350515463917523,0.0,5.829326923076916,3.9663461538461453,0.29850746268658135,77.72453921858985,0,0,0,0,30.0,,0,1,0,0,0,0,9.464285714285703,-0.29761904761904656,9.464285714285703,0.29761904761904656,20.952380952380945,15.714285714285726,0,0,0,0,0,0,False,False,False,False,True,False,False,False,False
sz002825,2025-02-12,1,first_probe,0.35748560852100225,17.558751892653532,0.6406249999999997,-0.2406738868832914,7.67386091127098,6.714628297362113,3.3775633293124496,77.83170238981168,0,0,0,0,39.0,39.0,1,1,0,0,0,0,2.450408401400228,1.4002333722286986,7.234539089848302,2.100350058343059,12.952158693115523,-4.900816802800467,0,0,0,0,0,0,False,False,True,False,True,False,False,False,False
sz002827,2025-07-04,1,first_probe,0.5631320058334768,21.085410839441607,0.5314960629921253,0.03075030750305796,7.837087318728808,4.350509102128974,3.289271441746089,78.49520734886191,0,1,0,1,11.0,11.0,4,4,1,1,1,1,23.005952380952376,14.851190476190478,84.22619047619047,38.51190476190476,84.22619047619047,26.517857142857125,1,1,1,1,1,1,False,False,True,False,True,False,False,False,False
sz002828,2025-10-23,1,first_probe,0.3216659969178333,16.367608779522072,1.1546391752577325,-0.5636070853462183,7.931316434995894,5.233033524121011,-2.186234817813759,77.69077278843076,0,0,0,0,24.0,,0,1,0,0,0,0,2.2350993377483475,-2.814569536423839,3.9735099337748325,-3.062913907284759,3.9735099337748325,-12.25165562913908,0,0,0,0,0,0,False,False,False,False,True,False,False,False,False
sz002829,2024-10-17,1,first_probe,0.8449239066100407,24.485279877230138,0.49999999999999895,-1.6119746689694958,9.713282621416042,8.42598010532476,4.856641310708021,82.99945612745285,0,1,0,1,12.0,12.0,1,1,0,0,0,0,14.00669642857142,12.44419642857142,24.66517857142856,19.308035714285698,43.58258928571428,36.04910714285712,1,1,1,1,1,1,True,True,True,False,True,False,False,True,True
sz002836,2025-09-22,1,first_probe,0.42828828668293045,22.842928924155157,1.2096774193548403,-0.43290043290044045,6.609808102345416,4.157782515991459,0.5434782608695787,80.36505471030378,0,0,0,0,22.0,22.0,1,1,0,0,0,0,18.37837837837837,14.5945945945946,28.540540540540537,17.729729729729726,74.4864864864865,51.02702702702704,1,1,1,0,1,1,False,False,False,False,True,False,False,False,False
sz002838,2024-09-26,1,first_probe,0.5561240228335455,25.742607948170225,0.5471698113207553,-0.3303964757709221,5.81140350877194,3.7280701754386136,3.4254143646408775,75.39687895697595,1,1,1,1,2.0,2.0,1,1,0,0,0,0,29.059829059829067,7.9059829059829,71.90170940170941,41.987179487179496,71.90170940170941,41.55982905982907,1,1,1,1,1,1,False,False,True,False,True,False,False,False,False
sz002838,2025-04-14,2,retest_probe,0.2778564092052628,18.718112539763332,0.6702127659574474,2.4193548387096753,5.693519079345832,3.149606299212593,1.877649909145962,73.47415644524006,0,0,0,0,,,0,0,0,0,0,0,0.9512485136742077,-9.512485136741965,5.826397146254458,3.388822829964333,16.884661117717002,6.896551724137923,0,0,0,0,0,0,False,False,True,True,False,False,False,False,False
sz002842,2024-12-02,1,first_probe,0.4151786842956303,20.427075671588582,0.6184210526315783,-0.2600780234070288,10.215053763440851,6.989247311827951,0.7822685788787531,80.84678165741968,0,0,0,0,,,0,0,0,0,0,0,-1.0349288486416586,-5.692108667529117,-1.0349288486416586,-17.335058214747747,-1.0349288486416586,-14.618369987063396,0,0,0,0,0,0,False,False,True,False,True,False,False,False,False
sz002843,2025-02-18,1,first_probe,0.29346710414397903,17.784558766738016,1.3723404255319147,-0.7285974499089187,6.899082568807335,4.4036697247706424,-2.5688073394495414,80.24110282604308,1,1,1,1,3.0,3.0,1,1,0,0,0,0,17.36346516007532,-1.0922787193973549,17.36346516007532,2.824858757062154,17.36346516007532,-23.502824858757066,1,0,0,1,0,0,False,False,False,False,True,False,False,False,False
sz002846,2025-02-07,1,first_probe,0.41594352025142833,15.89112324879381,0.6400000000000006,-0.22988505747125743,5.760368663594462,4.0322580645161255,2.073732718894017,74.86700579699871,0,0,0,0,21.0,21.0,1,1,0,0,0,0,6.659142212189617,-0.4514672686230181,10.609480812641102,7.787810383747185,37.810383747178356,-10.948081264108344,0,0,1,0,0,1,False,False,True,False,True,False,False,False,False
sz002848,2024-12-23,1,first_probe,0.39584439702848323,33.61207561662944,2.862068965517241,1.7527675276752808,5.258386219401623,2.901178603807808,-9.79147778785131,79.86644022490312,0,0,0,0,25.0,33.0,1,1,0,0,0,0,-7.537688442211055,-27.236180904522612,-7.537688442211055,-28.14070351758793,-7.537688442211055,-30.050251256281403,0,0,0,0,0,0,False,False,False,False,True,False,False,False,False
sz002848,2025-02-25,2,retest_probe,0.2996835136647888,21.949619646353895,0.9361702127659588,-1.167883211678833,6.685633001422464,4.125177809388325,4.283604135893659,80.47173994789432,0,0,0,0,34.0,,0,1,0,0,0,0,4.107648725212476,-3.541076487252126,4.107648725212476,-15.722379603399428,4.107648725212476,-23.229461756373937,0,0,0,0,0,0,False,False,False,True,False,False,False,False,False
sz002853,2024-12-13,1,first_probe,0.5632166787031277,21.317977091952127,0.9651162790697682,0.16366612111291534,7.0261437908496704,3.431372549019618,0.2450980392156854,79.71279939771252,0,0,0,0,21.0,21.0,2,2,1,0,1,0,9.453952730236349,-5.78647106764465,9.453952730236349,-19.070904645476773,9.453952730236349,-5.21597392013039,0,0,0,0,1,0,False,False,False,False,True,False,False,False,False
sz002855,2025-02-24,1,first_probe,0.4983589029173412,27.820792121499764,0.5181347150259068,-0.767386091127098,9.382596013612066,8.021390374331538,3.9149347510874843,82.3138069998016,1,1,0,0,1.0,,0,1,0,0,0,0,9.999999999999986,-6.325581395348834,9.999999999999986,-11.813953488372086,9.999999999999986,-24.372093023255804,0,0,0,0,0,0,False,False,True,False,True,False,False,False,False
sz002855,2025-06-18,2,retest_probe,0.9845690349329623,22.844982116585893,0.6589595375722545,-0.32555615843732344,9.366540335679474,8.446128857606938,3.7561241154055347,81.1669503145688,0,0,0,0,,,0,0,0,0,0,0,5.876180482686255,-0.3672612801678965,5.876180482686255,-5.351521511017832,5.876180482686255,-1.9937040923399763,0,0,0,0,0,0,True,True,True,True,False,True,True,False,False
sz002855,2025-08-20,3,retest_probe,0.4914800055500305,14.363003905817711,0.5963302752293599,-0.25839793281654533,5.516194331983804,2.8846153846153744,4.663212435233155,76.75330876187158,0,0,0,0,,,0,0,0,0,0,0,3.3663366336633693,-7.524752475247521,3.3663366336633693,-5.940594059405935,3.3663366336633693,-14.900990099009892,0,0,0,0,0,0,False,False,True,True,False,False,False,False,False
sz002855,2025-11-25,4,retest_probe,0.4093872979717792,14.05657910293056,1.1485148514851469,-1.025641025641022,5.249480249480265,3.0665280665280736,-1.0880829015544102,76.35111730928774,1,1,0,0,4.0,,0,1,0,0,0,0,6.966998428496596,-2.671555788370883,6.966998428496596,-14.772132006286022,6.966998428496596,-11.733892090099518,0,0,0,0,0,0,False,False,False,False,False,False,False,False,False
sz002857,2024-11-15,1,first_probe,0.3655749499443498,19.44475182735139,1.296874999999999,-0.718276137270546,5.10366826156301,4.385964912280715,-0.7234726688102877,77.43828529059215,0,0,0,0,,,0,0,0,0,0,0,13.36032388663968,9.068825910931189,23.643724696356273,19.59514170040486,23.643724696356273,-4.048582995951422,1,1,0,0,1,0,False,False,False,False,True,False,False,False,False
sz002858,2024-11-13,1,first_probe,0.7737250566272973,22.603543621748983,1.7249999999999994,0.14025245441795509,5.602240896358546,3.851540616246507,-4.06162464985994,80.62780502099622,0,0,0,0,22.0,22.0,1,1,0,0,0,0,-1.7518248175182327,-2.5547445255474477,3.5766423357664223,1.3138686131386912,14.08759124087593,-19.12408759124087,0,0,0,0,0,0,True,True,False,False,True,False,False,True,False
sz002861,2024-12-17,1,first_probe,0.33983315879194864,29.60288098279744,2.4729729729729724,0.1335113484646211,4.933333333333345,3.933333333333322,-7.266666666666666,77.37676104118768,1,1,1,1,1.0,1.0,1,1,0,0,0,0,16.175413371675052,1.294033069734013,16.175413371675052,-23.652048885693755,38.030194104960444,16.103522645578707,1,0,1,1,0,1,False,False,False,False,True,False,False,False,False
sz002862,2025-03-27,1,first_probe,0.8073925045985001,22.929934567041634,0.7293233082706768,1.1485735457577029,4.8240841494377795,4.207471889735226,2.3076923076922995,79.98727590276654,0,0,0,0,34.0,34.0,1,1,0,0,0,0,7.268170426065157,-19.835302542069456,7.268170426065157,-17.25742928750448,7.268170426065157,-23.98854278553526,0,0,0,0,0,0,True,True,True,False,True,False,False,True,True
sz002864,2025-09-17,1,first_probe,0.5063762835745539,22.99603962787537,0.7527472527472512,-0.1922460749759769,5.842696629213484,5.45746388443018,1.4446227929374,77.64676200786631,0,0,0,0,34.0,34.0,2,2,1,0,1,0,1.1708860759493511,-6.9620253164556996,2.0569620253164445,-0.9493670886076,35.69620253164558,7.879746835443036,0,0,1,0,1,1,False,False,True,False,True,False,False,False,False
sz002866,2025-11-10,1,first_probe,0.2679436061451509,24.878721125163363,0.6341463414634153,0.15940488841659217,8.70026525198937,5.570291777188308,3.183023872679036,78.55838510142945,1,1,0,0,8.0,,0,1,0,0,0,0,13.676092544987139,1.3367609254498758,13.676092544987139,-0.20565552699228773,13.676092544987139,-6.838046272493569,0,0,0,0,0,0,False,False,True,False,True,False,False,False,False
sz002868,2024-12-13,1,first_probe,0.3466285299051483,18.642355561811506,1.860215053763438,-2.014462809917361,4.793814432989696,4.2783505154639245,-1.9504480759093168,75.19257329713423,1,1,1,1,10.0,10.0,3,3,1,1,1,1,1.0752688172043001,-11.290322580645174,18.118279569892447,-19.677419354838722,18.118279569892447,-9.731182795698935,1,0,0,1,1,1,False,False,False,False,True,False,False,False,False
sz002868,2025-11-20,2,retest_probe,2.2007848493444415,16.660710765440335,1.6996336996337018,-0.8836206896551624,5.936073059360725,5.936073059360725,-4.153076755816487,80.50870978519198,0,0,0,0,,,0,0,0,0,0,0,4.49183303085301,-16.401996370235928,4.49183303085301,-20.462794918330296,4.49183303085301,-16.515426497277687,0,0,0,0,0,0,True,True,False,True,False,True,False,False,False
sz002871,2025-01-02,1,first_probe,0.48323796158058496,15.584985081166478,2.52542372881356,-1.898734177215189,5.858987090367429,4.270109235352537,-1.3978494623655968,86.59544718661235,0,0,0,0,,,0,0,0,0,0,0,2.72628135223556,1.1995637949836269,8.287895310796078,7.088331515812429,10.796074154852775,8.72410032715376,0,0,0,0,0,0,False,False,False,False,True,False,False,False,False
sz002875,2024-12-02,1,first_probe,0.9439595686352223,17.345331723810045,0.5954198473282436,-0.8224811514736086,8.917631041524853,8.781484002722939,5.183137525915682,81.83598635234482,0,0,0,0,,,0,0,0,0,0,0,16.16294349540077,9.395532194480927,16.16294349540077,-12.877792378449415,16.16294349540077,-20.82785808147175,1,0,0,0,0,0,True,True,True,False,True,False,False,True,True
sz002875,2025-10-10,2,retest_probe,0.2960402235727558,14.346429111741688,0.911764705882353,0.11261261261261701,5.7367829021372385,3.5995500562429728,0.5061867266591635,74.81794561367468,0,0,0,0,,,0,0,0,0,0,0,13.766088416340217,-0.11191941801902416,13.766088416340217,1.5668718522663605,13.766088416340217,-8.17011751538892,0,0,0,0,0,0,False,False,False,True,False,False,False,False,False
sz002876,2024-09-02,1,first_probe,0.33347588862308947,17.82595646663425,1.027027027027028,0.0,5.473372781065078,2.909270216962523,-0.14792899408284654,76.34129477168636,0,1,0,1,18.0,18.0,1,1,0,0,0,0,2.0246913580246995,-10.469135802469143,26.172839506172842,13.728395061728405,42.419753086419746,36.69135802469137,1,1,1,1,1,1,False,False,False,False,True,False,False,False,False
sz002877,2025-02-17,1,first_probe,0.8703337727885836,18.627462506518707,0.3846153846153836,0.0,5.875706214689269,5.197740112994365,4.800000000000004,79.60394568485934,0,0,0,0,,,0,0,0,0,0,0,2.399127589967298,-7.306434023991271,2.399127589967298,-0.6543075245365348,5.234460196292257,-15.59432933478735,0,0,0,0,0,0,True,True,True,False,True,False,False,True,True
sz002877,2025-08-26,2,retest_probe,0.5870141959594221,18.065086012879938,0.6285714285714284,0.0,7.8125,6.138392857142838,4.1807909604519855,80.31782443726452,0,0,0,0,,,0,0,0,0,0,0,1.5184381778741818,-0.9761388286333994,1.5184381778741818,-5.0976138828633495,1.5184381778741818,-6.616052060737543,0,0,0,0,0,0,False,True,True,True,False,False,False,False,False
sz002881,2024-12-30,1,first_probe,0.267500430032056,15.697140032683723,0.7708333333333329,2.258726899383978,6.387225548902209,2.827677977378573,2.0749665327978617,77.70029613010205,1,1,0,1,3.0,18.0,8,1,1,1,0,0,10.360655737704905,2.4918032786885203,45.114754098360656,45.114754098360656,139.34426229508196,76.59016393442624,1,1,1,1,1,1,False,False,True,False,True,False,False,False,False
sz002882,2024-11-12,1,first_probe,0.8978238119298618,13.367666534353349,0.9080459770114959,0.4449388209121219,4.801324503311233,4.6909492273730535,0.7751937984496138,79.34233723823505,1,1,1,1,1.0,1.0,1,1,0,0,0,0,10.000000000000009,-5.54945054945054,10.000000000000009,-2.9120879120879017,10.000000000000009,-13.296703296703294,0,0,0,1,0,0,True,True,False,False,True,False,False,True,False
sz002884,2025-01-20,1,first_probe,0.41076947543185227,25.964269590278505,0.5357142857142865,1.3873473917868973,6.130268199233724,3.995621237000546,2.8461959496442146,75.53249620944534,0,0,0,0,,,0,0,0,0,0,0,0.05321979776478081,-4.470463012240556,0.05321979776478081,-5.960617349654063,0.05321979776478081,-4.5236828100053135,0,0,0,0,0,0,False,False,True,False,True,False,False,False,False
sz002884,2025-08-15,2,retest_probe,0.6582186364203566,19.057078147501944,0.44318181818181934,0.17391304347826875,5.040091638029787,4.180985108820168,3.877314814814814,78.01492919721755,0,0,0,0,,,0,0,0,0,0,0,4.679665738161565,-1.949860724233976,4.679665738161565,-4.735376044568229,4.679665738161565,-5.84958217270195,0,0,0,0,0,0,False,True,True,True,False,False,False,False,False
sz002885,2025-01-20,1,first_probe,0.259323377859916,24.349968274035806,0.7580645161290342,1.0517799352750767,4.878048780487809,3.933910306845001,2.9623698959167166,77.20150232889027,0,0,0,0,27.0,27.0,1,1,0,0,0,0,6.1430793157076335,5.44323483670297,9.64230171073095,7.309486780715413,39.968895800933126,11.041990668740276,0,0,1,0,0,1,False,False,True,False,True,False,False,False,False
sz002885,2025-03-19,2,retest_probe,0.618781749996595,18.31430140574056,0.9934210526315802,3.032140691328067,9.223300970873783,4.915048543689315,-2.9429075927015935,81.2149309687419,0,0,0,0,,,0,0,0,0,0,0,-2.001212856276524,-16.97998787143723,-2.001212856276524,-24.56033959975742,-2.001212856276524,-16.798059429957533,0,0,0,0,0,0,False,True,False,True,False,False,False,False,False
sz002885,2025-10-27,3,retest_probe,0.3476334486033845,25.21917123174352,0.8320000000000022,4.416809605488847,5.133470225872694,3.901437371663241,0.8624229979466103,76.69843678053661,1,1,1,1,4.0,5.0,3,6,1,1,1,1,52.11726384364821,37.0114006514658,52.11726384364821,-2.646579804560256,52.11726384364821,7.003257328990231,1,1,1,1,1,1,False,False,False,True,False,False,False,False,False
sz002890,2025-03-20,1,first_probe,0.2751020927580486,15.95006009187439,0.7109375000000004,-2.49597423510467,10.389610389610393,7.629870129870131,4.789430222956237,79.39963976159507,0,1,0,1,12.0,12.0,1,1,0,0,0,0,-3.0732860520094496,-14.657210401891252,-3.0732860520094496,-11.58392434988179,2.6792750197005555,1.4184397163120588,0,0,0,1,0,0,False,False,True,False,True,False,False,False,False
sz002891,2025-04-07,1,first_probe,0.797061084310606,15.015913921278303,2.032608695652179,-5.378437576052564,4.732510288065828,4.372427983539073,-4.886831275720183,80.79984814246913,0,1,0,1,13.0,13.0,1,1,0,0,0,0,33.098972417523,33.098972417523,62.790697674418624,50.216333153055714,100.10816657652785,74.31043807463493,1,1,1,1,1,1,True,True,False,False,True,False,False,True,False
sz002892,2024-12-11,1,first_probe,0.3003614081966493,18.219268237406823,1.1578947368421086,2.2483392948390524,5.6971514242878385,3.5482258870564554,-0.8995502248875686,77.25555962087137,0,0,0,0,34.0,,0,1,0,0,0,0,-0.8572869389813276,-20.121028744326775,-0.8572869389813276,-22.49117498739284,-0.8572869389813276,-13.11144730206757,0,0,0,0,0,0,False,False,False,False,True,False,False,False,False
sz002893,2025-11-21,1,first_probe,0.3738890489782703,18.50431713567439,0.9047619047619041,-1.920122887864828,4.933437744714175,2.8191072826938335,0.469851213782313,72.07115250153961,1,1,0,0,4.0,,0,1,0,0,0,0,13.484021823850355,8.729540140296166,13.484021823850355,-10.288386593920496,13.484021823850355,-6.780982073265774,0,0,0,0,0,0,False,False,False,False,True,False,False,False,False
sz002898,2025-08-11,1,first_probe,0.2767515931074001,17.515244088517676,1.5952380952380953,-0.9518143961927406,5.045045045045038,4.444444444444451,-3.003003003003002,76.82208316013445,0,0,0,0,,,0,0,0,0,0,0,4.705882352941182,-6.996904024767792,4.705882352941182,-12.383900928792556,4.705882352941182,-18.328173374612998,0,0,0,0,0,0,False,False,False,False,True,False,False,False,False
sz002899,2024-11-08,1,first_probe,0.43141662421097254,16.94420634248676,0.771653543307085,1.7524644030668002,6.835306781485495,5.16684607104414,1.5608180839612684,79.32682912854294,1,1,1,1,1.0,1.0,1,1,0,0,0,0,22.310545839957598,1.2188659247482692,22.310545839957598,6.624271330153686,40.540540540540526,8.53206147323795,1,1,1,1,1,1,False,False,True,False,True,False,False,False,False
sz002899,2024-12-19,2,retest_probe,0.3645402510145341,19.893673465734544,1.151898734177214,0.9926629261976627,6.75213675213675,3.803418803418812,-1.025641025641022,79.1354785701342,1,1,0,1,1.0,14.0,1,1,0,0,0,0,10.017271157167528,-5.051813471502598,10.017271157167528,-3.0656303972366183,21.76165803108807,8.54922279792747,0,0,0,1,0,0,False,False,False,True,False,False,False,False,False
sz002899,2025-06-30,3,retest_probe,0.3272169327712345,16.599162328263553,0.5462184873949592,0.04566210045662267,5.43130990415337,3.788224554997721,2.4646280237334617,71.52903821453566,0,0,0,0,,,0,0,0,0,0,0,12.383073496659257,7.928730512249449,12.383073496659257,1.2026726057906334,12.383073496659257,3.697104677060148,0,0,0,0,0,0,False,False,True,True,False,False,False,False,False
sz002900,2024-10-30,1,first_probe,0.45813617894841663,26.8450821305014,0.4629629629629629,0.0,11.344537815126055,7.563025210084051,2.6422764227642226,79.86976527488319,1,1,1,1,2.0,2.0,2,2,1,0,1,0,26.534653465346537,9.80198019801981,26.534653465346537,7.425742574257432,26.534653465346537,-1.9801980198019709,1,1,0,1,1,0,False,False,True,False,True,False,False,False,False
sz002902,2024-09-04,1,first_probe,0.6240023065963799,14.405402759177809,0.6138613861386161,-0.05128205128206442,5.134722928317226,4.931367564819511,2.924576706003079,76.19205800782343,0,1,0,0,16.0,27.0,1,1,0,0,0,0,-0.8474576271186307,-10.967098703888334,16.05184446660022,-7.27816550348952,38.03589232303093,30.508474576271194,1,0,1,0,0,1,False,True,True,False,True,False,False,False,False
sz002902,2024-11-04,2,retest_probe,0.35798758540539,14.017180193184938,0.3614457831325288,-2.899159663865547,7.183037646040669,5.928169623539592,4.586758978797056,70.40643022537792,1,1,1,1,3.0,3.0,1,1,0,0,0,0,14.563508481588737,-7.364501448076133,14.563508481588737,-2.0273065784029876,14.563508481588737,3.847745138601577,0,0,0,1,0,0,False,False,True,True,False,False,False,False,False
sz002902,2025-03-27,3,retest_probe,0.5133248389401933,18.974381366754795,0.6831683168316833,-0.2557544757033292,5.235873509590472,3.6288232244686247,0.5641025641025532,75.96489899705591,0,0,0,0,,,0,0,0,0,0,0,-0.05099439061702071,-14.329423763386018,-0.05099439061702071,-13.819479857215711,-0.05099439061702071,-7.343192248852615,0,0,0,0,0,0,False,False,True,True,False,False,False,False,False
sz002908,2024-10-30,1,first_probe,0.8138476820963908,15.448522360753717,0.42222222222222405,-0.9988901220865709,5.084745762711873,3.3898305084745894,2.130044843049328,78.1163184969619,1,1,1,1,6.0,6.0,1,1,0,0,0,0,18.551042810098807,11.855104281009886,18.551042810098807,1.9758507135016368,24.47859495060374,4.610318331503849,1,0,0,1,0,0,True,True,True,False,True,False,False,True,True
sz002909,2025-08-21,1,first_probe,0.418828454917111,16.35626626772468,0.6216216216216202,0.708215297450443,5.248226950354606,3.546099290780136,1.1251758087201136,76.31026315312631,1,1,1,1,4.0,4.0,1,1,0,0,0,0,6.536856745479835,-9.040333796940203,6.536856745479835,-8.344923504867873,6.536856745479835,-8.205841446453421,0,0,0,1,0,0,False,False,True,False,True,False,False,False,False
sz002910,2025-01-02,1,first_probe,11.603522229046327,17.07534868723728,1.800000000000002,-20.68965517241378,6.426735218508983,6.426735218508983,0.27173913043476716,84.02497446392336,1,1,0,0,8.0,30.0,5,1,1,1,0,0,5.284552845528445,-3.1165311653116423,7.5880758807588045,6.50406504065042,96.07046070460706,24.52574525745257,0,0,1,0,1,1,True,True,False,False,True,False,False,True,False
sz002910,2025-04-18,2,retest_probe,0.4946845301573955,27.7029534886357,0.5700000000000003,-0.8620689655172376,11.123470522803114,9.566184649610676,2.3913043478260843,85.10354442563695,1,1,1,1,2.0,2.0,1,1,0,0,0,0,13.906581740976653,-4.883227176220794,13.906581740976653,0.10615711252652815,13.906581740976653,-6.369426751592355,0,0,0,1,0,0,False,False,True,True,False,False,False,False,False
sz002910,2025-04-24,3,continuous_probe,0.7927424138181238,39.96700787449014,0.7868852459016408,-5.590062111801252,6.785317018909898,5.22803114571746,0.0,79.7672381191942,0,0,0,0,,,0,0,0,0,0,0,0.8771929824561431,-1.9736842105263164,5.263157894736836,2.412280701754388,5.701754385964919,0.5482456140351033,0,0,0,0,0,0,True,True,True,True,False,True,True,False,False
sz002913,2025-01-09,1,first_probe,0.6231092001246422,36.20274388124835,0.5333333333333334,0.2712477396021651,9.467989179440938,8.205590622182157,4.4183949504057685,82.20228444218488,1,1,1,1,2.0,2.0,1,1,0,0,0,0,11.355785837651112,7.772020725388606,28.540587219343692,22.45250431778929,36.485319516407586,26.252158894645937,1,1,1,1,1,1,False,True,True,False,True,False,False,False,False
sz002913,2025-07-18,2,retest_probe,0.767229583258586,22.32165017816954,0.969696969696972,0.31347962382444194,5.624999999999991,5.198863636363638,0.17045454545452365,82.5572896621892,0,0,0,0,,,0,0,0,0,0,0,17.044809982983566,11.911514463981865,27.283040272263204,12.365286443562118,27.283040272263204,21.100397050482144,1,1,0,0,1,0,True,True,False,True,False,True,False,False,False
sz002915,2025-08-08,1,first_probe,0.38555078163713147,25.482275841259824,1.260536398467433,0.07443245254930009,9.706210487169953,7.846783190777229,-2.5288211230940827,81.56181952175864,1,1,1,1,1.0,1.0,1,1,0,0,0,0,25.29568866844716,6.753147653567337,25.29568866844716,-0.45784051888592137,25.29568866844716,-0.6867607783288765,1,1,0,1,1,0,False,False,False,False,True,False,False,False,False
sz002919,2025-05-30,1,first_probe,0.5171000977582421,18.765429055704537,1.0175438596491224,0.0,7.032695866748928,4.811844540407151,2.274162981680372,86.14441003894292,0,0,0,0,,,0,0,0,0,0,0,6.670784434836308,3.458925262507706,6.670784434836308,4.323656578134649,8.091414453366275,3.644224830142062,0,0,0,0,0,0,False,False,False,False,True,False,False,False,False
sz002919,2025-10-13,2,retest_probe,0.7415118848879949,13.988742823056372,0.4222222222222218,-3.8461538461538547,5.624999999999991,4.937499999999995,3.2499999999999973,72.23319476098362,0,0,0,0,25.0,25.0,1,1,0,0,0,0,12.167070217917676,8.474576271186463,19.249394673123476,18.038740920096853,47.09443099273609,38.01452784503632,1,0,1,0,0,1,True,True,True,True,False,True,True,False,False
sz002920,2024-09-09,1,first_probe,0.3280310247091666,16.937100514936922,0.7418032786885232,-9.520871889779981,5.545454545454542,4.965909090909104,1.4318181818181897,72.70434966165567,0,1,0,1,13.0,13.0,1,1,0,0,0,0,12.34595563522294,10.687878108895355,56.84517140936589,25.84584360295765,61.886623347524086,50.997087161102385,1,1,1,1,1,1,False,False,True,False,True,False,False,False,False
sz002921,2025-07-23,1,first_probe,0.5609429359371003,18.097175701693256,1.2446808510638303,-0.31746031746032743,6.041131105398456,4.113110539845755,-2.3566878980891715,79.21315314544962,1,1,1,1,9.0,9.0,1,2,0,0,1,0,27.33202870189171,20.67840834964123,27.33202870189171,13.111545988258321,27.33202870189171,7.371167645140253,1,1,0,1,1,0,False,False,False,False,True,False,False,False,False
sz002923,2025-04-08,1,first_probe,0.7574815963362053,440.3928063662867,0.9444444444444441,-10.011441647597252,8.01017164653528,4.195804195804187,0.445009535918639,92.71998501546702,0,1,0,0,11.0,,0,1,0,0,0,0,-1.13924050632912,-21.64556962025316,-1.13924050632912,-23.291139240506343,-1.13924050632912,-17.911392405063285,0,0,0,0,0,0,True,True,False,False,True,False,False,True,False
sz002925,2025-03-11,1,first_probe,0.5625300010432369,22.199333024344035,0.363636363636363,0.06176652254477055,9.583074051026763,8.089607965152457,5.246913580246915,80.75586685891749,0,0,0,0,,,0,0,0,0,0,0,6.099706744868039,-8.797653958944284,6.099706744868039,-22.287390029325515,6.099706744868039,-3.1085043988269834,0,0,0,0,0,0,False,False,True,False,True,False,False,False,False
sz002927,2024-09-11,1,first_probe,0.33892526074899704,30.299052362038264,0.7377049180327864,-1.0536398467432928,5.803996194100858,4.281636536631783,3.291384317521784,81.50648505171222,0,0,0,0,38.0,,0,1,0,0,0,0,7.4039362699156674,6.185567010309279,26.42924086223055,8.341143392689787,30.459231490159322,16.49484536082475,1,1,1,0,1,1,False,False,True,False,True,False,False,False,False
sz002928,2025-07-23,1,first_probe,0.330606468001594,30.965480265047006,0.9361702127659551,2.9308323563892236,5.353075170842825,2.9612756264236983,0.3416856492027387,79.47936112674232,0,0,0,0,,,0,0,0,0,0,0,2.0431328036322416,-3.518728717366637,3.745743473325769,2.724177071509648,13.62088535754824,13.053348467650405,0,0,0,0,0,0,False,False,False,False,True,False,False,False,False
sz002930,2025-04-17,1,first_probe,0.5535709561889649,51.35390097844236,0.5660377358490567,-0.20682523267838704,5.4695562435500555,3.4055727554179516,2.797927461139893,75.978908746042,0,0,0,0,39.0,39.0,1,1,0,0,0,0,3.629032258064502,-6.955645161290313,6.3508064516129,2.0161290322580516,23.38709677419355,12.903225806451601,0,0,0,0,0,0,False,False,True,False,True,False,False,False,False
sz002930,2025-11-25,2,retest_probe,0.5946375800010376,18.51437272613223,0.46969696969696767,-0.18248175182482562,5.9836808703535915,3.354487760652769,4.0219378427788,76.05991808169102,0,0,0,0,,,0,0,0,0,0,0,8.260105448154654,6.590509666080835,9.050966608084355,-3.7785588752196952,9.050966608084355,-2.899824253075567,0,0,0,0,0,0,False,True,True,True,False,False,False,False,False
sz002931,2025-04-29,1,first_probe,0.5722436949702354,29.838604513070994,0.5154639175257738,1.2353304508956109,5.918242830994491,3.538743136058553,2.8676021964612497,79.05105535906203,1,1,1,1,6.0,6.0,1,1,0,0,0,0,0.8303677342823335,-5.634638196915775,0.8303677342823335,-9.90510083036773,0.8303677342823335,-5.397390272835112,0,0,0,1,0,0,False,False,True,False,True,False,False,False,False
sz002933,2025-06-03,1,first_probe,0.4113142071571052,22.5711400962358,0.8101851851851865,0.8219178082191636,6.506024096385521,3.975903614457832,1.4794685990338285,78.67152134834015,0,0,0,0,,,0,0,0,0,0,0,1.9934543290687445,-4.195180005950605,8.747396608152336,7.5870276703362105,10.62183873847069,9.43171675096699,0,0,0,0,0,0,False,False,False,False,True,False,False,False,False
sz002942,2025-06-09,1,first_probe,0.4697641767087647,24.20805479463273,0.458904109589042,0.0,8.352402745995423,4.63386727688786,4.221334854535064,78.41625587704358,0,1,0,1,18.0,18.0,1,1,0,0,0,0,1.2041598248494711,-7.006020799124258,5.199781061850017,-1.8062397372742067,25.779967159277504,1.3683634373289566,0,0,0,1,0,0,False,False,True,False,True,False,False,False,False
sz002951,2025-07-17,1,first_probe,0.2988744805443845,26.726767523317505,1.4814814814814796,-1.7589239524055889,8.530805687203792,6.108478146392837,-4.107424960505512,80.32669872950527,0,1,0,1,20.0,20.0,2,2,1,0,1,0,4.3382756727073035,-11.587040087863809,4.3382756727073035,-8.12740252608457,9.170785282811632,-10.378912685337728,0,0,0,1,1,0,False,False,False,False,True,False,False,False,False
sz002952,2024-10-21,1,first_probe,0.39377203405275674,17.93632240168481,0.6715328467153266,0.48076923076922906,5.4625199362041466,3.6283891547049363,1.7942583732057482,73.75419157323577,1,1,1,1,3.0,3.0,1,2,0,0,1,0,18.605562083822957,4.6220133176654965,18.605562083822957,-3.0943987465726686,18.605562083822957,2.9377203290246845,1,0,0,1,0,0,False,False,True,False,True,False,False,False,False
sz002953,2025-08-25,1,first_probe,0.5178978533629798,19.55653034329806,0.47126436781609254,-4.595185995623641,6.65137614678899,4.357798165137616,3.516819571865426,73.85846424857137,1,1,1,1,1.0,1.0,1,1,0,0,0,0,19.645494830132936,-3.0280649926144654,19.645494830132936,-1.2555391432791718,19.645494830132936,-3.323485967503692,1,0,0,1,0,0,False,False,True,False,True,False,False,False,False
sz002956,2025-04-10,1,first_probe,0.38762478918171095,13.839694275098495,0.7450980392156881,1.1461318051575908,5.80535002845759,3.984063745019917,1.0198300283286166,75.82364601850395,1,1,0,0,2.0,35.0,1,1,0,0,0,0,11.497476163768926,6.505888951205829,24.62142456533931,19.51766685361751,42.120022434099845,34.660684240044894,1,1,1,0,1,1,False,False,True,False,True,False,False,False,False
sz002956,2025-11-14,2,retest_probe,0.27491159496262785,14.792992494189663,0.841530054644809,-0.5241935483870974,7.417916497770571,6.0397243615727625,1.1755168220510814,75.11978145068223,0,0,0,0,,,0,0,0,0,0,0,5.769230769230771,3.4054487179487003,5.769230769230771,-4.086538461538458,14.022435897435903,9.85576923076923,0,0,0,0,0,0,False,False,False,True,False,False,False,False,False
sz002961,2025-06-06,1,first_probe,0.35939837958058307,15.241567349198096,1.1134020618556693,-1.983471074380161,5.452501405283883,3.7099494097807773,-0.6183249016301295,73.1978316478992,1,1,1,1,1.0,4.0,1,1,0,0,0,0,14.649321266968318,-7.635746606334848,28.2239819004525,11.25565610859729,46.38009049773755,20.192307692307686,1,1,1,1,1,1,False,False,False,False,True,False,False,False,False
sz002963,2025-02-27,1,first_probe,0.28280139298399354,36.92100016849199,0.5384615384615403,0.0,5.617977528089901,2.8522039757994833,2.5043177892918767,73.55897505509334,0,0,0,0,,,0,0,0,0,0,0,2.611625947767493,1.7691659646166924,3.4540859309182936,-4.970513900589724,3.4540859309182936,-9.267059814658808,0,0,0,0,0,0,False,False,True,False,True,False,False,False,False
sz002963,2025-11-18,2,retest_probe,0.5714951244915139,16.73760714351453,0.6030534351145037,-0.5073280721533235,7.376126126126126,5.630630630630629,3.569405099150158,77.50033214267373,0,0,0,0,,,0,0,0,0,0,0,5.032822757111588,-14.551422319474849,5.032822757111588,-22.921225382932175,5.032822757111588,-19.037199124726477,0,0,0,0,0,0,False,False,True,True,False,False,False,False,False
sz002969,2025-05-27,1,first_probe,7.832571543234042,17.171261810017853,0.53125,0.0,9.726443768996962,9.726443768996962,4.5592705167173175,77.91219848611343,1,1,1,1,5.0,5.0,2,2,1,0,1,0,18.313953488372103,6.686046511627897,18.313953488372103,2.3255813953488413,18.313953488372103,4.3604651162790775,1,0,0,1,1,0,True,True,True,False,True,False,False,True,True
sz002970,2024-12-10,1,first_probe,1.0538165642233086,16.076377520796683,0.5221518987341761,2.9824561403508865,6.878537222464098,6.595559425337405,1.043441226575803,79.35313395963975,0,0,0,0,,,0,0,0,0,0,0,0.7376185458377149,-1.8545837723919933,5.036880927291887,-5.353003161222347,7.397260273972606,0.042149631190713244,0,0,0,0,0,0,True,True,True,False,True,False,False,True,True
sz002971,2025-11-06,1,first_probe,0.5214037099271839,14.782978919282996,0.6296296296296291,0.1315443304393593,7.094062007356783,2.9164477141355727,2.6274303730951187,74.58492756945252,1,1,0,0,3.0,,0,1,0,0,0,0,6.502816180235538,-20.60931899641577,6.502816180235538,-18.945212493599595,6.502816180235538,-23.399897593445985,0,0,0,0,0,0,False,False,True,False,True,False,False,False,False
sz002975,2024-12-17,1,first_probe,0.447350163910025,18.417699335028033,1.0199999999999996,0.08995502248876353,5.991611743559022,5.991611743559022,-0.11983223487117556,82.38371221494924,1,1,0,0,2.0,,0,1,0,0,0,0,13.677264547090573,-8.638272345530895,13.677264547090573,-14.277144571085799,13.677264547090573,2.639472105578866,0,0,0,0,0,0,False,False,False,False,True,False,False,False,False
sz002975,2025-05-20,2,retest_probe,0.4491763772186389,24.081184634938733,0.5638766519823795,-0.5332496863237113,7.268651937239823,5.219340377841819,1.6083254493850507,76.89369400297932,0,0,0,0,,,0,0,0,0,0,0,4.841713221601496,0.9621353196772153,5.741775294847917,-1.1793916821849715,10.67659838609558,8.814400993171944,0,0,0,0,0,0,False,False,True,True,False,False,False,False,False
sz002977,2025-11-27,1,first_probe,0.7041195692532111,23.512867928196414,0.43059490084985913,-2.451885051410496,9.679188374006031,9.624348779819014,3.9999999999999813,79.28911931214625,1,1,1,1,6.0,6.0,2,2,1,0,1,0,15.410602910602922,6.2370062370062485,19.152806652806674,12.006237006237019,19.152806652806674,-18.347193347193336,1,0,0,1,1,0,True,True,True,False,True,False,False,True,True
sz002979,2024-09-03,1,first_probe,0.6777943950447085,17.94490542804685,0.620000000000001,0.20294266869609334,4.950495049504955,4.950495049504955,4.202531645569607,78.03573558479965,0,1,0,1,17.0,17.0,1,1,0,0,0,0,2.2837706511176004,-8.066083576287642,38.24101068999028,22.44897959183674,60.252672497570444,43.440233236151606,1,1,1,1,1,1,True,True,True,False,True,False,False,True,True
sz002985,2025-04-16,1,first_probe,0.31727228699103294,31.944411756733018,1.0707964601769928,2.014573510501516,4.747899159663871,3.5714285714285587,-0.3361344537815225,77.55008173743707,1,1,1,1,1.0,1.0,1,1,0,0,0,0,23.73524451939293,10.413153456998314,23.73524451939293,14.080944350758863,23.73524451939293,16.357504215851606,1,1,0,1,1,0,False,False,False,False,True,False,False,False,False
sz002998,2025-03-26,1,first_probe,0.4492031261586194,14.905727855245107,0.5800000000000001,0.44709388971684305,7.41839762611276,3.264094955489605,3.115727002967361,78.09225510443385,0,0,0,0,,,0,0,0,0,0,0,0.8633093525179714,-12.661870503597116,0.8633093525179714,-2.4460431654676262,4.748201438848931,3.7410071942445944,0,0,0,0,0,0,False,False,True,False,True,False,False,False,False
sz002999,2024-12-17,1,first_probe,0.390596617940484,22.243534174721354,1.5777777777777802,-0.6896551724137945,6.224066390041494,3.596127247579517,-3.1944444444444553,84.4948938206961,0,0,0,0,,,0,0,0,0,0,0,1.434720229555242,-15.064562410329984,1.434720229555242,-15.064562410329984,1.434720229555242,-6.169296987087513,0,0,0,0,0,0,False,False,False,False,True,False,False,False,False
sz003001,2025-04-07,1,first_probe,0.4222982380668237,30.90683005562663,2.368715083798885,-3.6207345662933044,4.837837837837844,3.9729729729729657,-6.621621621621632,76.9701257831779,0,0,0,0,,,0,0,0,0,0,0,18.08972503617945,11.490593342981214,23.53111432706223,21.70767004341534,23.53111432706223,13.169319826338644,1,1,0,0,1,0,False,False,False,False,True,False,False,False,False
sz003007,2025-03-20,1,first_probe,0.3486320042930833,21.36561124137582,1.080213903743315,-0.05730659025786622,5.267605633802819,3.211267605633794,1.3474770642201817,81.62743348545621,1,1,1,1,1.0,1.0,1,1,0,0,0,0,14.398868458274382,-11.541725601131548,14.398868458274382,-21.188118811881196,14.398868458274382,-16.124469589816137,0,0,0,1,0,0,False,False,False,False,True,False,False,False,False
sz003007,2025-05-15,2,retest_probe,0.36622491515884825,19.831805345557235,1.2832369942196522,-0.3072721065209949,5.852503382949936,3.1799729364005547,-0.4452054794520488,81.57464180539891,0,0,0,0,,,0,0,0,0,0,0,7.32714138286894,0.2751977984176035,8.634330925352597,-0.687994496044031,9.115927072583418,3.7151702786377694,0,0,0,0,0,0,False,False,False,True,False,False,False,False,False
sz003009,2025-06-19,1,first_probe,0.3910900856007877,16.094756339004544,0.5582191780821923,-1.5701898289196214,6.950726017614861,4.7131635324922705,3.0952380952380842,73.72541598480153,1,1,1,1,4.0,4.0,1,1,0,0,0,0,18.63741339491918,6.766743648960749,18.63741339491918,9.330254041570463,18.63741339491918,9.376443418013869,1,0,0,1,0,0,False,False,True,False,True,False,False,False,False
sz003012,2024-12-30,1,first_probe,0.5205832807126276,23.225507100373907,0.558823529411766,-0.462962962962965,5.271317829457356,4.6511627906976605,2.325581395348819,77.9979884941163,0,0,0,0,,,0,0,0,0,0,0,5.606060606060614,-9.545454545454547,5.606060606060614,-8.636363636363631,5.606060606060614,-9.696969696969692,0,0,0,0,0,0,False,False,True,False,True,False,False,False,False
sz003015,2025-04-02,1,first_probe,0.4920923552995922,17.04303824687193,0.7122302158273367,-1.8844221105527637,8.8142041851617,6.531388712745723,3.521126760563398,84.4550245902983,0,0,0,0,,,0,0,0,0,0,0,0.0,-19.294990723562154,0.0,-8.719851576994442,0.0,-12.244897959183687,0,0,0,0,0,0,False,False,True,False,True,False,False,False,False
sz003016,2025-11-26,1,first_probe,0.5344032838802487,13.685191356284125,0.5692307692307678,0.2277904328018332,7.2625698324022325,5.139664804469279,4.886363636363633,79.67779876285005,1,1,1,1,4.0,5.0,1,3,0,0,1,1,38.56988082340194,38.56988082340194,38.56988082340194,11.917659804983739,38.56988082340194,-0.3250270855904791,1,1,1,1,1,1,False,False,True,False,True,False,False,False,False
sz003021,2024-11-15,1,first_probe,0.34778622570573403,18.229368881963627,0.8196371398078978,0.9601982344742188,15.58290370863129,11.209047064693166,-5.169504525233926,78.36607878459743,1,1,1,1,2.0,2.0,2,2,1,0,1,0,23.455192494338384,19.86412164348106,44.72662568747978,26.10805564542218,53.29990294403104,39.097379488838556,1,1,1,1,1,1,False,False,False,False,True,False,False,False,False
sz003023,2024-11-20,1,first_probe,0.3719176412858127,17.121462957792815,0.577235772357724,0.04796163069542558,5.8073654390934815,4.768649669499525,4.026845637583887,74.36016136267351,0,1,0,0,13.0,,0,1,0,0,0,0,-0.41474654377879894,-6.4976958525345685,1.4746543778801913,-12.442396313364057,1.4746543778801913,-17.465437788018434,0,0,0,0,0,0,False,False,True,False,True,False,False,False,False
sz003026,2025-08-29,1,first_probe,0.3822815302186608,41.89986580227148,0.4065040650406503,0.026455026455041164,6.553010122535974,4.9547149706979265,3.147315524993388,77.69837249660819,0,0,0,0,,,0,0,0,0,0,0,1.205128205128192,-9.333333333333337,1.205128205128192,-3.2820512820512904,1.205128205128192,-9.615384615384615,0,0,0,0,0,0,False,False,True,False,True,False,False,False,False
sz003027,2025-11-20,1,first_probe,0.29815171956575787,15.372298287046725,0.9537572254335249,0.04342162396873128,7.508680555555558,5.034722222222232,0.3472222222222321,76.55352646736657,0,0,0,0,27.0,,0,1,0,0,0,0,0.9083044982698851,-12.5,0.9083044982698851,-16.6955017301038,6.833910034602075,-2.2058823529411797,0,0,0,0,0,0,False,False,False,False,True,False,False,False,False
sz003030,2024-12-13,1,first_probe,0.5327166571314893,17.47916752171221,0.7674418604651155,-1.4958448753462528,7.182628062360807,4.342984409799544,2.699662542182235,78.38970188767661,0,0,0,0,22.0,22.0,1,1,0,0,0,0,0.8214676889375605,-13.30777656078862,0.8214676889375605,-21.57721796276013,31.76341730558596,-13.581599123767807,0,0,1,0,0,1,False,False,True,False,True,False,False,False,False
sz003030,2025-01-27,2,retest_probe,0.3531646382035998,14.76714009163343,1.4285714285714273,-4.649758454106278,5.763141228625712,2.786573780873969,-2.4699176694110148,75.57065713138806,0,0,0,0,,,0,0,0,0,0,0,5.974025974025965,2.467532467532463,9.545454545454547,7.272727272727275,16.428571428571416,5.32467532467531,0,0,0,0,0,0,False,False,False,True,False,False,False,False,False
sz003030,2025-03-24,3,retest_probe,0.28950895985967307,15.243640766809465,0.6153846153846154,-0.24420024420024333,6.980906921241048,2.8639618138424527,5.324357405140767,71.54484596892259,1,1,1,1,8.0,8.0,2,2,1,0,1,0,24.346310284718164,21.44102266124346,31.20278907611851,16.502033701336426,31.20278907611851,10.981987216734467,1,1,1,1,1,1,False,False,True,True,False,False,False,False,False
sz003036,2025-06-17,1,first_probe,0.6308489904351295,28.992767797126167,1.06849315068493,0.5109489051094984,5.301379811183726,4.357298474945526,-0.3631082062454549,77.9759896692855,0,1,0,1,13.0,13.0,1,1,0,0,0,0,6.4868804664723,1.6763848396501357,27.186588921282784,11.734693877551017,60.276967930029144,28.57142857142856,1,1,1,1,1,1,False,True,False,False,True,False,False,False,False
sz003036,2025-08-08,2,retest_probe,0.7135246174429662,19.247396920928743,0.458904109589042,-9.327217125382269,8.206857785272636,3.4288926363125416,4.44069702079819,76.6955737255479,0,0,0,0,21.0,21.0,2,2,1,0,1,0,3.06781485468246,-6.673842841765332,3.06781485468246,-9.956942949407955,15.446716899892365,-9.257265877287402,0,0,0,0,1,0,True,True,True,True,False,True,True,False,False
sz003039,2025-04-10,1,first_probe,0.30029722695693245,14.979306729621406,0.6538461538461526,0.3731343283581934,5.726872246696035,3.450807635829678,3.2713754646840343,73.91330298582648,0,0,0,0,,,0,0,0,0,0,0,0.7199424046076208,-3.311735061195109,3.0957523398128073,-0.5759539236861011,4.10367170626349,0.07199424046075986,0,0,0,0,0,0,False,False,True,False,True,False,False,False,False
sz003040,2024-12-30,1,first_probe,0.37070427004750406,18.069265309279835,0.5384615384615375,-0.726216412490921,5.764966740576516,5.247597930524761,1.609363569861011,74.72798951146669,1,1,0,1,3.0,18.0,1,1,0,0,0,0,4.391648668106551,-11.01511879049677,7.127429805615559,3.8156947444204503,9.143268538516924,-2.3038156947444266,0,0,0,1,0,0,False,False,True,False,True,False,False,False,False
sz003040,2025-08-12,2,retest_probe,1.7372041309632653,13.798155400693236,0.5638766519823795,-1.3883677298311303,8.543470079036508,7.790741437711701,4.87062404870624,77.21689681277655,0,1,0,1,17.0,17.0,1,1,0,0,0,0,5.805515239477499,-7.293178519593601,5.805515239477499,-16.291727140783742,5.805515239477499,-24.346879535558774,0,0,0,1,0,0,True,True,True,True,False,True,True,False,False
sz003041,2024-12-24,1,first_probe,0.3083059156506508,14.40075808399783,0.4143426294820717,-3.779069767441856,9.478851963746227,2.8700906344410804,5.5513595166163165,72.87492787629401,0,1,0,1,18.0,18.0,1,1,0,0,0,0,-0.9660107334525936,-5.545617173524153,9.087656529516996,6.440071556350624,10.769230769230775,-8.407871198568861,0,0,0,1,0,0,False,False,True,False,True,False,False,False,False
sz003043,2025-08-21,1,first_probe,0.8103077036476714,23.33442065131451,0.7066666666666658,0.06544502617800152,6.540222367560489,4.621757139742755,1.918465227817756,78.77375214186289,0,0,0,0,21.0,,0,1,0,0,0,0,11.87165775401069,6.3101604278074985,15.358288770053473,12.342245989304823,23.35828877005348,7.336898395721914,1,0,0,0,0,0,True,True,True,False,True,False,False,True,True
