symbol,trade_date,probe_index,oib_ratio,same_day_pullback_ratio,day_gap_pct,probe_strength_score,hot_theme_best_rank,hot_theme_score,hot_theme_is_top10,confirm_d1_pos,confirm_d3_pos,confirm_d5_pos,trend20_probability,trend20_probability_sample_split,target_trend20,target_trend40,high_20d_pct,high_40d_pct
sh600165,2025-11-14,1.0,0.4280522184466016,0.7727272727272733,0.0,82.32687408735353,336.0,41.7,0.0,0,0,1,0.09259259259259259,valid,0,0,4.106280193236711,7.246376811594213
sh600178,2025-02-11,1.0,0.31421367860105126,0.8404255319148931,-1.0861132660977546,77.75241689271613,205.0,52.4,0.0,1,0,0,0.1388888888888889,train,0,0,0.7751937984496138,14.961240310077507
sh600200,2025-04-22,1.0,0.2764969705825365,0.5199999999999996,-7.889125799573559,68.67323976938077,,,,1,0,0,,,0,0,9.909909909909898,9.909909909909898
sh600241,2025-01-02,1.0,0.48039836392051494,0.4848484848484852,-13.32470892626132,77.26732669698855,28.0,71.6,0.0,0,0,1,0.5208333333333335,train,0,0,4.6875,11.64772727272727
sh600243,2025-08-22,1.0,0.2976251868170006,0.8636363636363629,-1.9565217391304346,69.19011238596278,158.0,64.1,0.0,0,0,1,0.08955223880597014,train,1,1,27.533039647577095,31.93832599118942
sh600289,2025-04-09,1.0,0.3775392972774062,1.111111111111112,-4.040404040404044,85.71377786079103,88.0,72.3,0.0,0,0,0,0.575,train,1,0,29.964539007092217,29.964539007092217
sh600289,2025-04-25,2.0,0.4701056238497887,0.8571428571428575,-4.966887417218535,85.26645671367017,125.0,64.3,0.0,1,0,0,0.575,train,0,1,5.181347150259064,35.75129533678756
sh600303,2025-04-21,1.0,0.4085997086749337,0.47058823529411764,-4.060913705583758,77.95520944965494,100.0,70.7,0.0,0,0,0,0.2,train,0,0,19.949494949494962,19.949494949494962
sh600310,2025-04-30,1.0,0.559467060849642,0.6086956521739144,-9.740259740259749,71.88016110554157,499.0,30.5,0.0,1,0,0,0.5208333333333335,train,0,0,6.103286384976525,6.103286384976525
sh600353,2025-04-08,1.0,0.518517666635413,1.0363636363636357,-9.736540664375726,79.39053295639044,300.0,46.2,0.0,1,0,0,0.5,train,0,1,19.59287531806615,44.529262086513974
sh600353,2025-09-02,2.0,0.2641828004633039,1.4562499999999998,1.3719512195121908,77.07360452906258,333.0,38.5,0.0,0,1,0,0.2,train,0,0,3.537981269510926,11.290322580645174
sh600355,2025-04-16,1.0,0.2726130591223572,0.5000000000000007,-1.552795031055909,81.33161434264808,,,,0,0,0,,,0,0,-0.9090909090909038,1.81818181818183
sh600360,2025-05-06,1.0,0.5634310980119681,0.40816326530612157,-5.007824726134579,77.51374672002169,43.0,80.7,0.0,0,0,0,0.4444444444444444,train,0,1,15.566037735849036,41.03773584905661
sh600381,2025-04-21,1.0,0.46203212039177494,0.7500000000000011,-5.063291139240511,83.39451750452636,45.0,78.4,0.0,0,0,0,0.0,train,0,1,7.8947368421052655,30.00000000000003
sh600396,2025-07-08,1.0,0.2695526034583104,1.4210526315789478,0.2597402597402487,74.9727533213973,551.0,31.1,0.0,0,0,0,0.288135593220339,train,0,0,8.994708994709,8.994708994709
sh600408,2025-10-30,1.0,0.3535815304506168,2.199999999999998,-3.0985915492957705,77.28133114045578,200.0,49.2,0.0,0,1,0,0.4,valid,1,1,115.625,115.625
sh600530,2025-01-06,1.0,0.28084907609034937,1.0,-9.931506849315074,89.90636432999773,171.0,56.9,0.0,0,0,0,0.0,train,0,0,2.281368821292773,2.281368821292773
sh600594,2025-08-25,1.0,0.8232931403111287,0.8333333333333338,0.22321428571427937,83.57944261585241,306.0,48.8,0.0,0,0,0,0.2,train,0,0,0.21413276231263545,0.21413276231263545
sh600629,2024-11-15,1.0,0.28236115960534913,1.3082706766917294,-3.6644165863066402,79.6470474424146,71.0,65.3,0.0,0,1,0,0.09259259259259259,train,0,0,0.0,3.9665970772442716
sh600629,2025-10-09,2.0,0.26700460512398333,1.2857142857142856,1.0805158591843833,78.08037136605363,84.0,77.0,0.0,0,1,1,0.288135593220339,valid,1,1,44.62897526501766,44.62897526501766
sh600629,2025-10-17,3.0,0.2892737488193289,0.8499999999999979,1.5037593984962294,72.03791099122937,73.0,61.4,0.0,0,0,0,0.0,valid,0,0,7.427821522309697,7.427821522309697
sh600653,2024-11-04,1.0,0.2625800983318153,0.9166666666666666,-10.080645161290324,85.26049071016615,394.0,45.6,0.0,0,1,0,0.575,train,1,1,28.000000000000004,32.00000000000001
sh600696,2025-03-19,1.0,0.2989982104044489,0.5897435897435891,-3.007518796992481,70.96117012587226,309.0,43.0,0.0,0,0,0,0.08955223880597014,train,0,0,4.841149773071085,4.841149773071085
sh600698,2024-09-24,1.0,0.3175806380898185,1.0625000000000016,2.844638949671774,78.64763388025541,230.0,61.2,0.0,0,1,0,0.2,train,1,1,28.846153846153854,41.025641025641036
sh600716,2024-09-25,1.0,2.395482447143865,1.105263157894737,2.807017543859658,85.33872715940889,35.0,79.3,0.0,1,0,1,0.4,train,1,1,29.896907216494828,32.302405498281786
sh600745,2025-11-10,1.0,0.3647190956087749,0.5277777777777783,0.0,72.8373859870222,155.0,64.7,0.0,0,0,0,0.09259259259259259,valid,0,0,2.8472821397756753,2.8472821397756753
sh600798,2025-05-30,1.0,0.26697455710980367,0.9583333333333343,-2.518891687657432,75.90548955096982,325.0,38.0,0.0,0,0,0,0.2,train,1,1,34.375,34.375
sh600829,2025-03-11,1.0,0.29642291857295083,0.6136363636363633,0.47505938242280443,71.11899494343687,416.0,38.3,0.0,1,0,0,0.2,train,0,0,0.9269988412514474,0.9269988412514474
sh600831,2025-11-10,1.0,0.2617158275719063,0.5128205128205126,-3.992015968063878,74.1154015111789,28.0,81.6,0.0,1,0,0,0.5954268841317825,valid,0,0,13.200000000000012,13.200000000000012
sh600839,2025-02-14,1.0,0.408580028181728,1.3855421686746991,0.1544401544401719,77.22388811982674,81.0,72.9,0.0,0,0,0,0.1388888888888889,train,0,0,3.5573122529644285,3.5573122529644285
sh600865,2024-12-06,1.0,0.6604895486935389,0.9090909090909108,-0.4098360655737654,75.74493120658246,48.0,78.9,0.0,0,0,0,0.288135593220339,train,1,0,26.470588235294134,26.470588235294134
sh600892,2025-04-02,1.0,4.9300758350358285,0.5333333333333327,0.0,80.58101031709509,92.0,63.4,0.0,0,0,0,0.08955223880597014,train,0,0,-0.6211180124223614,13.35403726708073
sh600981,2024-09-25,1.0,0.3882577340480077,1.0,2.0408163265306145,78.91845168783473,221.0,55.1,0.0,0,0,0,0.24444444444444444,train,1,1,59.00000000000001,59.00000000000001
sh601008,2025-06-24,1.0,0.36162173014641386,0.8222222222222222,-5.124653739612195,75.13273068268289,275.0,54.7,0.0,0,0,0,0.288135593220339,train,0,0,0.43290043290042934,0.43290043290042934
sh601727,2024-11-11,1.0,0.28757803980411956,1.0112359550561796,-9.918699186991875,77.07691312223334,219.0,61.2,0.0,0,0,0,0.08955223880597014,train,0,0,3.703703703703698,3.703703703703698
sh601908,2024-11-15,1.0,0.3084171450885316,0.7777777777777776,1.2539184952978122,78.04682453326798,136.0,56.1,0.0,0,0,0,0.09259259259259259,train,0,0,6.990881458966558,26.443768996960483
sh603001,2024-12-23,1.0,0.29934214513247,0.7073170731707316,-2.657342657342665,69.9768125275768,60.0,61.1,0.0,0,0,0,0.0,train,0,0,-10.028248587570621,-10.028248587570621
sh603007,2024-11-18,1.0,0.3207371397012569,1.0,-5.01152073732719,81.71672523685544,67.0,68.2,0.0,0,0,0,0.0,train,0,0,-4.97271073377804,-4.97271073377804
sh603030,2024-12-11,1.0,0.28892871212521454,0.9230769230769235,-5.837563451776651,77.38131848109504,64.0,78.4,0.0,0,0,0,0.4,train,0,0,-1.072386058981234,-1.072386058981234
sh603032,2025-07-23,1.0,0.30692801347379856,1.3823529411764712,0.053276505061283785,76.326598429251,538.0,25.4,0.0,0,0,0,0.288135593220339,train,0,1,9.570418705818362,48.83088635127788
sh603045,2025-04-17,1.0,8.31489458686528,0.6868686868686882,0.8528784648187626,78.00851019609976,108.0,65.7,0.0,0,0,0,0.08955223880597014,train,0,0,10.074374577417178,29.817444219066935
sh603086,2025-08-20,1.0,0.31955513692789217,0.6666666666666666,0.7804878048780495,75.67803459683051,209.0,59.8,0.0,1,0,0,0.2,train,0,0,-0.5676442762535538,1.229895931882674
sh603093,2025-06-30,1.0,0.2617385256556476,1.2690058479532167,-1.978494623655913,75.16145322223811,345.0,46.8,0.0,0,1,0,0.2,train,1,0,28.481862964621605,28.481862964621605
sh603095,2025-01-02,1.0,0.5681680458086045,1.0845070422535192,-1.5364354697102733,79.3640796433252,165.0,50.3,0.0,1,0,0,0.5208333333333335,train,0,0,7.5430083811204085,26.687251874724293
sh603108,2025-04-28,1.0,0.3018875486567545,0.5523809523809537,-6.198347107438018,73.91972710790964,137.0,52.6,0.0,0,0,0,0.5208333333333335,train,1,0,23.288508557457234,23.288508557457234
sh603110,2024-11-20,1.0,0.2768613360909095,0.7720588235294126,1.1302795954788891,76.72328017503564,165.0,67.6,0.0,0,0,0,0.2,train,1,0,20.739456961294046,20.739456961294046
sh603122,2025-11-21,1.0,0.40205583577810866,1.0,-8.326967150496555,84.18341999328027,126.0,50.6,0.0,0,1,0,0.0,valid,1,1,32.512733446519526,32.512733446519526
sh603155,2025-06-25,1.0,0.30211816254996815,0.6467889908256872,-3.3314187248707716,77.76935587489542,200.0,58.6,0.0,1,1,1,0.2,train,0,0,16.70454545454545,16.70454545454545
sh603232,2025-10-31,1.0,0.29379463482263507,1.4473684210526334,-4.943557804593224,78.88166268615416,34.0,79.2,0.0,0,0,0,0.24444444444444444,valid,1,0,29.871794871794876,29.871794871794876
sh603266,2025-09-17,1.0,0.2645866655709505,0.9396984924623111,0.0,76.9502288586941,18.0,81.8,0.0,0,0,0,0.24444444444444444,train,0,0,7.0336391437308965,7.0336391437308965
sh603353,2025-06-06,1.0,0.3948423211799471,0.7822580645161291,-0.6953223767383054,77.8195060454022,44.0,73.2,0.0,1,0,1,0.288135593220339,train,0,0,19.6078431372549,19.6078431372549
sh603386,2025-09-03,1.0,2.829066520667631,1.2941176470588236,0.4149377593360981,77.96891751912558,118.0,54.0,0.0,0,0,0,0.2,train,0,0,7.734056987788329,7.734056987788329
sh603416,2025-04-07,1.0,0.2704158178472006,1.0337423312883434,-9.807208717518867,78.34813513100714,177.0,46.0,0.0,0,1,0,0.0,train,0,1,15.608120692866457,30.862357981002052
sh603500,2025-01-03,1.0,0.34788214983176524,0.6355140186915889,-10.035419126328227,80.354473163298,311.0,37.3,0.0,1,1,0,0.7241379310344828,train,1,0,20.97378277153559,20.97378277153559
sh603517,2025-09-25,1.0,0.6352274104293765,0.46715328467153294,-4.938271604938271,78.86164570330737,303.0,43.0,0.0,0,0,0,0.24444444444444444,train,0,0,4.775687409551366,4.775687409551366
sh603580,2025-03-25,1.0,0.38783511239954366,0.714285714285715,0.0,77.84627751687557,172.0,59.2,0.0,0,1,0,0.2,train,0,0,-0.9895833333333215,-0.9895833333333215
sh603588,2025-05-19,1.0,0.27182597478313103,0.37931034482758724,2.3550724637681375,75.4200038949433,30.0,77.9,0.0,0,0,0,0.08955223880597014,train,0,0,3.595890410958913,5.13698630136985
sh603683,2025-01-10,1.0,0.7166566298099967,0.9677419354838717,-9.056603773584893,77.85113530262329,523.0,23.8,0.0,0,0,0,0.5208333333333335,train,0,1,12.836438923395455,48.65424430641821
sh603719,2024-12-16,1.0,0.26310130638098006,0.9411764705882344,-3.304239401496256,70.5301495911539,86.0,66.9,0.0,0,1,0,0.09259259259259259,train,0,0,10.92544987146531,11.632390745501286
sh603759,2025-11-06,1.0,0.29826197334217613,0.9733333333333339,2.042253521126769,72.9377381481355,61.0,71.7,0.0,1,0,0,0.17647058823529413,valid,0,0,13.507925568573388,13.507925568573388
sh603813,2025-11-19,1.0,0.39510639421835897,0.4440154440154441,-1.9909742500663685,77.9126905972394,272.0,42.3,0.0,1,0,0,0.08955223880597014,valid,0,0,7.377476538060468,23.25338894681961
sh603825,2025-09-12,1.0,0.33259487052267217,1.0199999999999996,0.0970873786407811,75.65975188296493,132.0,59.3,0.0,0,0,0,0.5208333333333335,train,0,0,4.660194174757271,4.660194174757271
sh603898,2025-05-09,1.0,0.3998566517623248,0.8382352941176452,0.0,77.2248454390679,89.0,59.2,0.0,1,0,0,0.08955223880597014,train,0,0,10.925925925925917,10.925925925925917
sh603998,2025-06-09,1.0,0.27592240514778715,0.5625000000000013,-1.1439466158246092,73.29552906366335,40.0,81.8,0.0,0,0,1,0.2,train,0,0,2.8310502283105166,7.0319634703196465
sh605003,2025-08-21,1.0,0.7500293364035349,0.6739130434782609,-1.9761218608480902,81.73946528849311,23.0,76.4,0.0,0,0,1,0.2,train,1,0,23.219431864965003,23.219431864965003
sh605005,2024-09-02,1.0,6.159513458129213,0.7569444444444446,0.0,89.23545492984005,400.0,41.8,0.0,0,0,0,0.17647058823529413,train,0,0,19.845360824742286,19.845360824742286
sh605081,2025-04-11,1.0,0.38965107103816116,1.3235294117647034,-7.540983606557372,75.50246174450149,452.0,36.1,0.0,0,1,1,0.4,train,0,1,11.754068716094013,35.623869801084986
sh605118,2024-09-02,1.0,0.5288140160325412,0.7966101694915252,0.0,79.6265972935687,294.0,50.7,0.0,0,0,0,0.575,train,1,0,25.443383356070946,25.443383356070946
sh605303,2025-11-25,1.0,0.255621928435564,0.7428571428571434,2.3054755043227626,70.19761784787181,98.0,68.9,0.0,0,1,0,0.5208333333333335,valid,0,0,11.868335651367644,11.868335651367644
sh605369,2025-05-21,1.0,0.3441603765611678,1.2789968652037622,-1.1304909560723608,83.03660461175232,65.0,69.9,0.0,0,1,0,0.0,train,0,0,-7.267833109017497,-7.267833109017497
sz000004,2024-12-23,1.0,0.7627173360297689,1.0708661417322833,-9.571286141575264,80.70801544977057,,,,0,1,0,,,0,0,-8.144044321329657,-8.144044321329657
sz000004,2024-12-31,2.0,0.3265222350910434,0.8873239436619719,0.21818181818180626,75.91231431898986,,,,0,0,0,,,0,0,4.046242774566489,5.419075144508678
sz000007,2024-09-27,1.0,0.2587428889934403,0.4999999999999989,2.0725388601036343,75.54377463915253,439.0,48.5,0.0,1,0,0,0.575,train,1,1,25.203252032520318,39.99999999999999
sz000007,2024-11-11,2.0,0.42664135368015826,0.7272727272727273,0.536193029490617,76.55318006201959,366.0,45.5,0.0,0,0,0,0.24444444444444444,train,0,0,2.887139107611536,2.887139107611536
sz000008,2025-08-21,1.0,0.31878522349368876,0.6896551724137936,-0.34129692832765013,85.0532037872399,200.0,53.7,0.0,0,0,0,0.09259259259259259,train,0,0,0.6666666666666599,1.0000000000000009
sz000016,2024-09-03,1.0,0.6809367996183204,0.8888888888888888,-2.2727272727272707,82.92379492674365,13.0,89.8,0.0,0,0,0,0.575,train,1,1,35.315985130111535,187.73234200743497
sz000016,2024-11-04,2.0,0.6223465392926134,1.0,-9.560723514211888,90.31787909191675,176.0,63.0,0.0,0,0,0,0.0,train,0,0,5.451936872309893,5.451936872309893
sz000016,2025-02-24,3.0,0.4469899381038647,0.965517241379311,1.486988847583648,80.19193607569034,111.0,65.5,0.0,0,0,1,0.7241379310344828,train,0,0,11.700182815356497,11.700182815356497
sz000016,2025-06-25,4.0,0.7332541246177284,0.6874999999999987,0.0,82.47646925332984,32.0,80.8,0.0,0,0,0,0.09259259259259259,train,0,0,4.651162790697683,9.883720930232553
sz000017,2025-11-26,1.0,0.2659964357601996,1.0,-1.2468827930174564,77.25459147685746,59.0,67.6,0.0,0,0,0,0.288135593220339,valid,0,0,15.13583441138422,15.13583441138422
sz000020,2025-05-22,1.0,0.43592902066871003,0.7346938775510189,0.24793388429753538,83.22683839432759,65.0,63.0,0.0,0,0,0,0.1388888888888889,train,1,1,34.733441033925686,34.733441033925686
sz000020,2025-06-26,2.0,0.45914768643610954,1.2318840579710142,0.9985734664764712,79.42377149097263,47.0,69.5,0.0,1,0,0,0.288135593220339,train,0,0,5.3046594982078865,5.3046594982078865
sz000025,2024-09-27,1.0,0.42563027100531214,0.3603603603603603,1.8455228981544725,71.80010540989402,192.0,68.4,0.0,0,0,0,0.1388888888888889,train,1,1,40.03856041131104,40.03856041131104
sz000025,2025-04-01,2.0,0.438634988729474,1.1590909090909092,0.0,79.29430147118073,203.0,60.1,0.0,0,0,0,0.17647058823529413,train,0,0,18.491620111731866,18.491620111731866
sz000031,2025-04-16,1.0,0.7007374947894408,1.0666666666666653,3.3707865168539186,84.50178147571651,49.0,70.8,0.0,0,0,0,0.24444444444444444,train,0,0,5.1470588235293935,5.1470588235293935
sz000031,2025-10-29,2.0,0.8427852940124696,0.5517241379310349,-0.31347962382444194,86.4666349644025,197.0,54.8,0.0,0,1,1,0.5208333333333335,valid,0,0,4.268292682926833,4.268292682926833
sz000032,2025-04-18,1.0,0.3122033526556026,0.5593220338983054,0.8344923504867818,74.46555239437768,22.0,72.6,0.0,0,0,0,0.2,train,0,0,7.09474629546476,7.09474629546476
sz000037,2025-04-25,1.0,0.9192096827217024,0.47169811320754773,-0.23752969121139111,82.81037124090741,4.0,88.6,1.0,0,0,0,0.08955223880597014,train,0,0,1.7064846416382284,16.15472127417521
sz000037,2025-05-30,2.0,0.39475842272731565,1.0952380952380951,3.594080338266381,86.20687861155174,302.0,40.1,0.0,1,0,0,0.2,train,0,0,6.673842841765354,22.820236813778273
sz000037,2025-07-08,3.0,0.32894720408680633,1.0476190476190488,0.09469696969697239,79.51286205775938,337.0,46.6,0.0,0,0,0,0.1388888888888889,train,0,0,3.5137701804368593,3.5137701804368593
sz000045,2025-11-26,1.0,0.4967224088696884,0.5757575757575768,-0.24019215372297342,78.46185879357672,59.0,67.6,0.0,0,0,0,0.10513622424044114,valid,0,0,0.07874015748032814,8.976377952755922
sz000056,2024-12-10,1.0,0.6210859947704658,1.1489361702127656,-7.017543859649134,80.33848650558497,207.0,54.9,0.0,0,0,0,0.24444444444444444,train,0,0,6.868131868131866,6.868131868131866
sz000056,2025-03-14,2.0,0.6106166071393311,0.8333333333333326,-1.1363636363636354,84.5533802295372,164.0,63.8,0.0,0,0,0,0.24444444444444444,train,0,0,13.33333333333333,13.33333333333333
sz000056,2025-04-11,3.0,0.6309359028207312,0.6800000000000015,-0.3154574132492094,86.50519254072107,12.0,82.9,0.0,0,0,1,0.575,train,0,0,7.621951219512191,7.621951219512191
sz000058,2024-11-04,1.0,1.1537949639953033,1.0,-9.999999999999998,83.07964033306735,437.0,42.7,0.0,0,0,0,0.09259259259259259,train,0,0,15.937149270482598,24.691358024691358
sz000059,2024-10-24,1.0,0.3261140067878018,0.4499999999999999,1.2396694214876103,78.31147059331288,260.0,49.1,0.0,0,1,0,0.1388888888888889,train,0,0,14.84375,14.84375
sz000088,2024-11-26,1.0,2.448121279527541,0.6666666666666666,0.0,85.37377966248118,95.0,64.5,0.0,0,0,0,0.17647058823529413,train,0,0,4.166666666666674,4.166666666666674
sz000096,2025-05-13,1.0,0.44599130630232825,0.6363636363636361,0.9994121105232123,78.85986605151578,167.0,53.1,0.0,0,0,0,0.5,train,0,0,8.720271800679491,8.720271800679491
sz000099,2024-11-22,1.0,0.6811880694400148,0.8660714285714297,-1.1912865895166713,79.5735069483698,44.0,68.1,0.0,0,0,0,0.17647058823529413,train,0,0,0.8119079837618504,0.8119079837618504
sz000151,2024-09-06,1.0,0.463347359710016,0.9285714285714277,-0.11001100110010764,86.8715242342837,97.0,65.2,0.0,1,0,0,1.0,train,1,1,48.12433011789925,99.67845659163986
sz000151,2024-10-11,2.0,0.4823847726937902,1.4186046511627894,0.8573655494933607,81.53212671345817,211.0,46.3,0.0,0,0,0,0.4,train,1,1,48.09220985691574,50.23847376788553
sz000151,2024-11-26,3.0,0.2804781346732384,0.6140350877192976,-1.715265866209248,76.91109155565722,68.0,68.6,0.0,0,0,0,0.0,train,0,0,-1.0644257703081306,-1.0644257703081306
sz000151,2025-07-11,4.0,0.46695337475618914,0.5899280575539568,-0.4542013626040897,81.96140065906606,57.0,73.4,0.0,0,0,0,0.08955223880597014,train,0,0,1.391941391941387,1.391941391941387
sz000153,2025-07-02,1.0,0.2764320468629774,1.5384615384615377,1.178203240058906,76.84665885504585,398.0,34.7,0.0,0,0,0,0.2,train,0,0,17.956204379562045,17.956204379562045
sz000155,2024-12-04,1.0,0.5961781729609006,1.5357142857142871,0.07587253414262918,80.93847756127045,323.0,38.5,0.0,0,0,0,0.1388888888888889,train,0,0,-1.449275362318836,-1.449275362318836
sz000158,2024-09-06,1.0,0.5979527289139696,0.509090909090908,0.0,83.58653851426239,125.0,61.9,0.0,0,0,0,0.5208333333333335,train,1,1,189.32432432432432,438.91891891891896
sz000301,2024-11-15,1.0,0.6285336690012445,0.8793103448275857,1.0266940451745254,77.07008079146314,90.0,61.5,0.0,0,1,0,0.08955223880597014,train,0,0,0.0,0.0
sz000402,2024-10-24,1.0,0.37501420163608634,0.9,-1.2307692307692353,78.03498195110754,374.0,39.5,0.0,0,0,1,0.4444444444444444,train,1,1,45.820433436532504,45.820433436532504
sz000402,2025-10-17,2.0,0.574005870279542,1.133333333333333,-0.33333333333332993,83.91195750403664,156.0,50.9,0.0,1,0,0,0.5208333333333335,valid,0,0,7.973421926910307,7.973421926910307
sz000417,2024-10-21,1.0,1.3064777200293212,0.4193548387096764,-0.2057613168724437,84.71050526123184,189.0,62.7,0.0,0,0,0,0.288135593220339,train,0,1,13.017751479289942,47.53451676528599
sz000419,2025-06-25,1.0,0.3318395848218959,0.5714285714285721,1.610017889087656,80.11429211101826,88.0,73.0,0.0,0,0,0,0.09259259259259259,train,0,0,3.958691910499157,15.3184165232358
sz000420,2025-02-19,1.0,0.5944614343858805,0.5882352941176479,-0.28901734104045396,79.30486119828393,16.0,87.3,0.0,0,1,0,0.4,train,0,0,17.746478873239436,17.746478873239436
sz000420,2025-04-30,2.0,0.356957609961996,0.5789473684210521,0.0,78.56284505844161,159.0,61.3,0.0,0,0,1,0.4,train,1,1,41.71270718232043,41.71270718232043
sz000421,2024-09-02,1.0,0.45282147707820386,0.6410256410256401,0.0,83.58505868856433,51.0,69.3,0.0,0,0,0,0.5208333333333335,train,1,1,30.801687763713083,30.801687763713083
sz000421,2024-11-05,2.0,0.8401986732904695,0.5806451612903224,0.8976660682226134,78.33405487390748,377.0,50.0,0.0,0,0,0,0.17647058823529413,train,1,1,41.63822525597269,48.122866894197934
sz000421,2024-11-29,3.0,0.39835499036692873,0.9130434782608695,-4.392764857881137,77.49275488298495,280.0,53.0,0.0,0,0,0,0.1388888888888889,train,0,0,16.353887399463794,16.353887399463794
sz000421,2025-05-16,4.0,0.6128458299633284,0.7812499999999993,-0.16286644951140072,79.68842540952649,194.0,55.8,0.0,0,0,0,0.09259259259259259,train,0,0,10.662358642972514,14.701130856219692
sz000430,2024-09-27,1.0,0.7194482395898169,0.5769230769230771,0.0,78.60385556927687,85.0,79.7,0.0,0,0,0,0.2,train,0,0,18.571428571428573,18.571428571428573
sz000501,2025-02-17,1.0,0.5991888435198711,0.5762711864406779,0.0,78.20611508184842,117.0,67.4,0.0,0,0,1,0.2,train,0,0,2.8604118993134975,28.718535469107543
sz000504,2024-09-26,1.0,0.6063451640143773,0.3888888888888901,-1.216216216216226,75.34609324809011,309.0,56.3,0.0,0,1,0,0.4444444444444444,train,1,1,44.44444444444444,50.66137566137567
sz000504,2025-01-15,2.0,0.3541093061519222,0.3636363636363603,-0.9216589861751112,68.63466427480995,381.0,37.4,0.0,0,0,0,0.08955223880597014,train,0,0,10.135135135135108,25.450450450450447
sz000504,2025-03-03,3.0,0.7181739583282908,0.7605633802816899,-0.10604453870625141,79.72380381594449,47.0,75.0,0.0,0,0,0,0.17647058823529413,train,0,0,14.373716632443534,14.373716632443534
sz000505,2024-10-14,1.0,0.3943467626789791,0.3870967741935464,0.6230529595015577,71.62540464226946,119.0,70.3,0.0,1,0,0,0.4,train,0,0,4.606240713224352,13.67013372956909
sz000516,2024-09-11,1.0,0.5545799051200144,1.1666666666666692,-1.9867549668874163,79.93856097172444,58.0,65.6,0.0,0,0,0,0.5,train,1,1,38.7243735763098,49.43052391799545
sz000518,2024-09-02,1.0,8.118991747524754,0.4444444444444444,0.0,82.22630549072574,20.0,75.9,0.0,0,0,0,0.4444444444444444,train,1,1,23.943661971831,43.1924882629108
sz000518,2024-12-05,2.0,1.7430731401829365,0.387755102040817,-1.6172506738544534,82.32339422774369,399.0,41.5,0.0,0,0,0,0.0,train,0,0,0.7894736842105399,0.7894736842105399
sz000518,2024-12-25,3.0,1.2206971780033398,0.5000000000000007,-1.2820512820512886,83.34352667467536,107.0,56.1,0.0,0,0,0,0.09259259259259259,train,0,0,7.395498392282951,7.395498392282951
sz000518,2025-04-03,4.0,0.6374805704976617,0.5882352941176463,-0.3906250000000111,78.93203285153425,22.0,82.0,0.0,0,0,0,0.0,train,0,0,-9.615384615384615,-9.615384615384615
sz000520,2024-11-06,1.0,0.7020376147237508,1.702702702702702,-2.5751072961373467,82.5757263820093,548.0,29.4,0.0,0,0,0,0.288135593220339,train,0,0,4.9284578696343395,4.9284578696343395
sz000520,2025-06-24,2.0,0.38546780766439875,0.6285714285714284,-9.790209790209781,74.31188072388015,609.0,24.5,0.0,0,0,0,0.2,train,0,0,-0.5671077504725952,-0.5671077504725952
sz000520,2025-09-23,3.0,0.6425290353955546,0.6923076923076917,-0.44150110375277274,80.66416916710611,4.0,83.7,1.0,0,0,0,0.0,train,0,0,3.1914893617021267,13.617021276595743
sz000523,2024-12-20,1.0,0.3082629276582628,0.9444444444444455,0.29761904761904656,77.49005046750553,116.0,65.7,0.0,0,0,1,0.288135593220339,train,0,0,-0.28901734104045396,-0.28901734104045396
sz000526,2025-01-27,1.0,0.5400851995991517,0.7892976588628755,0.679117147707986,86.33110419181156,278.0,45.5,0.0,1,0,0,0.5208333333333335,train,1,0,28.310393925011866,28.310393925011866
sz000531,2025-07-10,1.0,0.6717305647396477,0.8108108108108125,0.4484304932735439,81.08486521497579,22.0,84.2,0.0,0,1,0,0.2,train,0,0,5.873715124816448,5.873715124816448
sz000531,2025-07-14,2.0,0.3672966181656763,0.6595744680851059,0.14858841010401136,77.14556970516814,3.0,93.5,1.0,1,0,0,0.2,train,0,0,-0.28985507246377384,-0.28985507246377384
sz000532,2025-02-07,1.0,0.3155984281557694,0.5235294117647044,0.05652911249292014,76.57258057622722,48.0,82.8,0.0,0,0,0,0.17647058823529413,train,0,0,8.58995137763372,8.58995137763372
sz000534,2025-04-11,1.0,0.6437738190884215,0.6666666666666674,-0.9200283085633476,80.29642488920425,151.0,58.5,0.0,0,0,0,0.24444444444444444,train,0,0,13.935574229691872,13.935574229691872
sz000536,2025-10-16,1.0,0.2625671304234757,0.4545454545454534,-0.42553191489362874,75.01226029693025,112.0,57.1,0.0,0,0,0,0.17647058823529413,valid,0,1,9.205020920502083,38.07531380753137
sz000545,2024-09-06,1.0,0.3161593812361992,0.9230769230769247,-0.9852216748768461,84.88914305746242,385.0,43.4,0.0,0,0,0,0.55,train,1,1,27.86069651741294,50.74626865671643
sz000545,2024-10-23,2.0,0.6967228955557845,0.42857142857142855,0.44642857142855874,81.37914087847864,104.0,67.3,0.0,0,1,1,0.575,train,1,1,31.168831168831158,32.03463203463202
sz000545,2024-11-14,3.0,0.45143906693482716,1.1428571428571432,-0.7352941176470562,81.57540761567877,30.0,64.9,0.0,0,1,0,0.09259259259259259,train,0,0,13.80597014925371,13.80597014925371
sz000546,2025-04-14,1.0,0.39303393437530654,0.5925925925925921,1.4563106796116498,77.97530679845386,116.0,67.8,0.0,0,0,1,0.2,train,0,0,3.4965034965035002,18.181818181818187
sz000551,2025-08-20,1.0,0.3201042240948596,0.5645161290322595,-0.577081615828523,74.19272204110553,169.0,64.4,0.0,0,0,0,0.08955223880597014,train,0,0,0.5551149881046769,0.5551149881046769
sz000564,2024-11-01,1.0,0.4116793441934601,0.6999999999999993,0.0,79.49705671755311,19.0,80.2,0.0,0,1,1,0.7241379310344828,train,1,1,68.0,119.0
sz000564,2025-04-22,2.0,0.49361354966022075,0.5238095238095233,-0.3597122302158251,83.75628335468774,7.0,94.7,1.0,0,0,0,0.09259259259259259,train,0,0,-1.0452961672474004,-1.0452961672474004
sz000566,2024-09-20,1.0,0.4756888841143425,1.5454545454545465,-7.272727272727275,78.38020694042923,191.0,51.0,0.0,0,1,0,0.09259259259259259,train,1,1,37.62626262626263,79.54545454545456
sz000570,2025-03-11,1.0,0.6958606220067465,0.5999999999999989,-0.8389261744966459,82.18892242236197,17.0,84.9,0.0,0,0,0,0.2,train,0,0,10.000000000000009,10.000000000000009
sz000571,2024-10-24,1.0,0.28243044633748193,0.3928571428571436,-0.24154589371979673,73.06827741176967,210.0,53.6,0.0,0,0,0,0.08955223880597014,train,0,0,3.488372093023262,3.488372093023262
sz000573,2025-01-21,1.0,0.3246120701142757,0.7083333333333324,-1.3483146067415852,77.31727194606879,76.0,67.7,0.0,0,0,0,0.2,train,1,0,27.668845315904143,27.668845315904143
sz000576,2025-03-25,1.0,0.5597502345172056,1.157894736842104,0.13192612137202797,82.6662046026386,128.0,64.3,0.0,0,0,0,0.4444444444444444,train,0,1,1.1568123393316254,42.41645244215937
sz000584,2025-03-31,1.0,1.0207540270564457,1.0,-5.172413793103436,92.15158820073592,,,,0,0,0,,,0,0,-2.7272727272727337,-2.7272727272727337
sz000584,2025-04-10,2.0,2.0943433110233305,0.5714285714285707,-3.703703703703709,76.24075086184995,,,,0,0,0,,,1,0,21.604938271604922,21.604938271604922
sz000590,2025-07-14,1.0,0.41510244936651286,0.976377952755906,-3.286713286713294,79.63974237627014,150.0,59.7,0.0,1,0,0,0.288135593220339,train,0,0,10.02886002886003,10.02886002886003
sz000592,2025-03-13,1.0,0.41088570727920426,1.0,0.9933774834437026,81.85707479052114,166.0,55.2,0.0,0,0,0,0.2,train,0,0,16.938110749185675,16.938110749185675
sz000595,2024-09-13,1.0,0.9726749982656627,0.7368421052631587,0.4089979550102374,85.29680125058174,258.0,43.1,0.0,1,1,1,0.7241379310344828,train,1,1,127.76659959758554,150.90543259557347
sz000595,2025-04-16,2.0,0.29265560302344634,0.5277777777777783,-0.5514705882353033,71.5319880364861,103.0,59.7,0.0,0,0,0,0.2,train,0,0,0.540540540540535,0.540540540540535
sz000595,2025-05-06,3.0,1.2292162897613306,0.5675675675675673,-4.895104895104896,90.61641169332594,466.0,40.5,0.0,0,0,0,0.24444444444444444,train,1,0,24.764150943396213,26.179245283018847
sz000599,2024-10-15,1.0,0.49123274034243575,0.8461538461538459,-0.47058823529411153,82.49036541357853,17.0,71.2,0.0,0,0,0,0.5208333333333335,train,1,1,45.871559633027516,45.871559633027516
sz000599,2025-09-09,2.0,0.5835672809270145,0.3571428571428567,0.0,71.25101419760537,97.0,63.7,0.0,0,1,0,0.08955223880597014,train,0,1,2.8673835125448077,51.075268817204304
sz000605,2024-11-27,1.0,0.4479288257441053,1.0192307692307687,-10.036496350364976,74.23403551228911,481.0,37.6,0.0,0,0,0,0.0,train,0,0,-1.6227180527383367,-1.6227180527383367
sz000605,2024-12-27,2.0,0.27645299686245994,1.131578947368418,0.2564102564102555,80.19088122780997,55.0,73.9,0.0,0,0,0,0.55,train,0,0,2.0050125313283207,2.0050125313283207
sz000605,2025-03-20,3.0,0.41414767865628715,0.6964285714285697,0.12755102040815647,78.96202868406694,82.0,66.6,0.0,0,0,0,0.09259259259259259,train,0,0,0.8684863523573227,16.62531017369726
sz000605,2025-09-17,4.0,0.5827271390547281,0.4615384615384612,0.0,84.23374419300788,53.0,72.7,0.0,0,0,0,0.0,train,0,0,-3.3591731266149893,-0.6459948320413411
sz000608,2024-10-09,1.0,0.5037046331663358,1.0666666666666682,-10.144927536231874,85.49976060366369,461.0,32.3,0.0,0,0,1,0.2,train,0,1,2.0161290322580516,34.2741935483871
sz000608,2024-11-13,2.0,0.591255405542504,1.0,-5.128205128205132,77.29327706863423,548.0,27.7,0.0,0,1,0,0.7241379310344828,train,1,0,21.235521235521237,21.235521235521237
sz000608,2024-12-20,3.0,0.34584361285621845,1.187500000000002,0.7490636704119868,80.78332062232387,171.0,58.3,0.0,0,0,0,0.17647058823529413,train,0,0,-1.1070110701106972,-1.1070110701106972
sz000608,2025-11-19,4.0,0.495727843132327,0.5714285714285733,0.0,75.22021936529032,394.0,32.9,0.0,0,0,1,0.08955223880597014,valid,0,0,-0.3597122302158251,27.697841726618712
sz000619,2024-12-16,1.0,0.3869269986352153,1.7115384615384581,-0.35756853396902155,81.00146123374668,293.0,46.0,0.0,0,0,0,0.2,train,0,0,8.3854818523154,8.3854818523154
sz000619,2024-12-17,2.0,0.9242893231677297,0.923076923076922,-0.7509386733416834,81.5158336417225,184.0,46.2,0.0,0,0,0,0.09259259259259259,train,0,0,1.4888337468982549,1.4888337468982549
sz000619,2025-01-06,3.0,0.3192944716386738,0.7846153846153849,-7.010014306151646,79.68721911104782,202.0,54.3,0.0,0,0,0,0.24444444444444444,train,0,0,4.532163742690076,4.532163742690076
sz000619,2025-01-09,4.0,0.7768931039749328,0.6346153846153852,0.14903129657226621,80.87646362438491,376.0,38.2,0.0,0,1,1,0.7241379310344828,train,0,0,3.101920236336797,3.101920236336797
sz000620,2024-11-11,1.0,0.2972297975409579,0.9285714285714299,0.0,75.20389691405668,21.0,88.5,0.0,0,0,0,0.24444444444444444,train,0,1,9.333333333333327,39.1111111111111
sz000620,2025-09-02,2.0,0.7708973936124224,0.7777777777777797,-0.6172839506172867,85.29587760367919,95.0,59.8,0.0,0,1,1,0.4444444444444444,train,1,1,20.12195121951219,109.75609756097562
sz000626,2025-07-14,1.0,0.30462795196120135,0.6595744680851059,-0.28368794326240065,74.9896108468659,104.0,66.0,0.0,0,0,0,0.2,train,0,0,16.82892906815021,16.82892906815021
sz000627,2025-04-30,1.0,0.9930936788983136,1.0,-9.868421052631572,89.55324380821904,,,,0,0,0,,,0,0,-5.109489051094895,-5.109489051094895
sz000628,2024-10-17,1.0,0.635445469977706,0.6958637469586374,-9.849292129700105,75.92365708452124,372.0,35.1,0.0,0,0,0,0.288135593220339,train,1,1,30.262940300975693,30.262940300975693
sz000632,2025-05-14,1.0,0.40188371643316184,0.6399999999999995,0.2624671916010346,76.37453320216146,110.0,64.3,0.0,0,0,0,0.288135593220339,train,0,0,1.7902813299232712,9.462915601023013
sz000632,2025-10-27,2.0,0.33271866248429666,0.9696969696969704,0.2336448598130758,83.55292702386694,87.0,69.4,0.0,0,0,1,0.7241379310344828,valid,1,1,99.7716894977169,99.7716894977169
sz000632,2025-10-31,3.0,0.26256156280746257,0.7916666666666676,1.7241379310344973,75.39315220184808,91.0,70.9,0.0,1,0,1,1.0,valid,1,1,109.33014354066985,109.33014354066985
sz000635,2024-11-01,1.0,0.39457146576224716,0.9210526315789469,0.5720823798626817,81.313926735748,93.0,59.1,0.0,1,0,1,0.7241379310344828,train,1,0,20.22598870056498,20.22598870056498
sz000638,2024-10-15,1.0,0.3139695731217821,0.8965517241379302,-0.6928406466512715,76.28358996822342,,,,0,0,0,,,1,1,47.747747747747724,47.747747747747724
sz000639,2025-06-11,1.0,0.30372042268082483,1.1111111111111112,-0.8403361344537785,78.28281214982007,32.0,80.6,0.0,0,0,0,0.17647058823529413,train,0,0,2.840909090909083,2.840909090909083
sz000656,2024-11-25,1.0,0.47874865874271705,1.1111111111111112,-0.5988023952095856,80.18986581917082,568.0,25.3,0.0,0,0,0,0.17647058823529413,train,0,0,9.696969696969715,9.696969696969715
sz000665,2024-09-20,1.0,0.6280066638563107,1.0,1.7391304347825987,82.03304002173655,58.0,72.4,0.0,0,0,0,0.1388888888888889,train,1,1,28.133704735376043,37.883008356545965
sz000665,2025-08-06,2.0,0.301662211542073,1.0,-2.893890675241151,79.06804683803722,182.0,59.4,0.0,0,0,0,0.1388888888888889,train,0,0,12.274959083469717,12.274959083469717
sz000668,2024-11-01,1.0,0.5819936527002728,1.0123456790123455,-0.9378663540445475,82.03480442735827,148.0,53.2,0.0,1,0,0,0.288135593220339,train,1,0,25.710900473933652,25.710900473933652
sz000670,2024-09-23,1.0,1.0249590240216537,0.4090909090909089,0.9111617312072884,76.00318792499255,91.0,65.7,0.0,0,1,0,0.7241379310344828,train,1,1,47.161572052401745,96.2882096069869
sz000670,2025-04-16,2.0,0.5987265173242636,0.6578947368421054,-7.868383404864088,74.00598154559049,413.0,31.9,0.0,0,0,0,0.08955223880597014,train,0,0,11.111111111111093,15.068493150684926
sz000677,2024-11-04,1.0,0.61805194120541,1.0,-9.967320261437917,88.85682447965912,386.0,46.1,0.0,0,0,0,0.0,train,0,0,6.533575317604368,6.533575317604368
sz000678,2024-09-20,1.0,0.3494822413174825,1.1333333333333302,-0.5882352941176339,77.33094415064208,226.0,47.0,0.0,0,0,0,0.2,train,1,1,26.10441767068272,39.55823293172689
sz000678,2025-04-15,2.0,0.43949684820609053,0.5762711864406779,-1.0118043844856595,70.74061959272926,294.0,43.5,0.0,0,0,0,0.2,train,1,1,64.9579831932773,64.9579831932773
sz000679,2025-01-17,1.0,1.1142216291907647,0.8730158730158729,-1.8045112781954864,85.6384838332187,630.0,6.5,0.0,0,0,0,0.4444444444444444,train,0,1,5.175038051750369,35.00761035007609
sz000680,2025-08-07,1.0,0.567311136390175,0.5471698113207553,0.20080321285140812,77.67586693596937,398.0,36.4,0.0,0,0,0,0.24444444444444444,train,0,0,1.0880316518298905,3.857566765578646
sz000685,2025-07-24,1.0,0.5229247741274875,0.37931034482758724,0.8510638297872353,79.71085866699289,182.0,61.9,0.0,0,1,0,0.1388888888888889,train,0,0,6.707317073170738,7.418699186991873
sz000695,2024-11-15,1.0,0.49579180695932173,0.8461538461538459,-9.95184590690209,78.10987746772732,198.0,48.6,0.0,1,1,1,1.0,train,1,1,48.594024604569405,48.594024604569405
sz000695,2025-02-18,2.0,0.4983657790023427,1.2641509433962235,1.9718309859154903,77.90884556776574,1.0,88.2,1.0,0,1,0,0.5208333333333335,train,0,0,12.021857923497258,12.021857923497258
sz000695,2025-11-18,3.0,0.48691695777921284,0.8716216216216208,0.25062656641603454,81.37311245330146,455.0,31.7,0.0,0,0,1,0.2,valid,0,0,18.900555898702898,18.900555898702898
sz000701,2025-06-09,1.0,0.27685752755145376,0.7692307692307697,-3.003003003003002,83.67221206742776,57.0,78.8,0.0,0,0,1,0.5208333333333335,train,1,0,26.7071320182094,26.7071320182094
sz000702,2025-04-03,1.0,0.8555666806190529,0.7936507936507938,-0.4457652303120341,83.90981484260364,12.0,84.8,0.0,0,0,0,0.5208333333333335,train,0,0,2.9282576866764387,11.71303074670571
sz000702,2025-05-21,2.0,0.4639471355454631,0.6666666666666666,-0.6802721088435382,74.47780680294703,67.0,69.5,0.0,0,0,0,0.08955223880597014,train,0,0,3.653585926928282,14.749661705006778
sz000702,2025-07-02,3.0,0.39011086307269993,0.5681818181818177,0.0,81.00295469589798,64.0,69.9,0.0,0,0,0,0.1388888888888889,train,0,0,14.439946018893401,14.439946018893401
sz000709,2024-12-09,1.0,0.43123254118867194,0.9473684210526303,1.2658227848101111,86.2399975830684,174.0,57.3,0.0,0,0,0,0.08955223880597014,train,0,0,2.9045643153526868,2.9045643153526868
sz000710,2024-12-18,1.0,0.3543895007975441,0.7600000000000016,0.0,76.81201116298328,28.0,79.7,0.0,0,0,0,0.17647058823529413,train,0,1,0.0,32.761904761904745
sz000713,2024-11-01,1.0,0.28824026739939573,0.7894736842105261,0.536193029490617,75.52541255939389,28.0,73.9,0.0,0,1,0,0.09259259259259259,train,0,0,10.273081924577365,10.273081924577365
sz000716,2025-01-15,1.0,0.6550939547317987,0.5294117647058817,0.2732240437158362,80.22513677364974,7.0,85.2,1.0,0,0,0,0.17647058823529413,train,0,0,9.066666666666666,9.066666666666666
sz000720,2025-04-30,1.0,0.533873307563897,0.6470588235294122,-4.687500000000011,74.48025403207895,144.0,63.2,0.0,1,0,0,0.17647058823529413,train,0,0,18.9710610932476,18.9710610932476
sz000720,2025-05-21,2.0,1.0569990910577503,1.040000000000001,0.2941176470588225,85.18831634345409,412.0,35.2,0.0,0,0,0,0.1388888888888889,train,0,0,2.6162790697674465,28.779069767441847
sz000721,2024-11-28,1.0,0.7445969252749586,0.6578947368421054,-1.7821782178217838,84.65571217651923,19.0,83.4,0.0,0,0,0,0.288135593220339,train,1,1,38.40155945419104,38.40155945419104
sz000721,2024-12-18,2.0,0.3072670636299213,0.3804347826086953,-9.957446808510639,72.06977947553386,377.0,40.6,0.0,0,0,0,0.1388888888888889,train,0,0,-0.8968609865470767,-0.8968609865470767
sz000722,2024-10-23,1.0,0.30071771344256976,0.5909090909090889,0.4930966469427922,78.04605684511681,285.0,49.2,0.0,0,0,0,0.08955223880597014,train,0,0,12.715105162523876,12.715105162523876
sz000727,2025-11-24,1.0,0.5198914904848367,1.0,0.3937007874015741,81.24165973737406,47.0,82.0,0.0,0,0,1,0.7241379310344828,valid,0,0,12.741312741312738,12.741312741312738
sz000737,2025-06-06,1.0,0.415062012510321,0.7234042553191476,1.0067114093959662,79.38031616912957,15.0,82.2,0.0,0,0,0,0.288135593220339,train,1,1,41.48936170212767,41.48936170212767
sz000750,2024-10-16,1.0,0.2659530729737143,0.5277777777777783,-2.132701421800942,76.89173760729531,286.0,48.8,0.0,0,0,0,0.288135593220339,train,1,1,30.23255813953487,30.23255813953487
sz000753,2024-12-31,1.0,0.551117835872651,0.5312500000000008,0.4773269689737347,82.50374227339589,261.0,42.0,0.0,0,0,0,0.5208333333333335,train,0,0,4.883720930232549,4.883720930232549
sz000753,2025-03-24,2.0,0.25677528606290095,0.5128205128205126,0.3968253968253954,74.59985462663813,223.0,48.7,0.0,0,0,0,0.08955223880597014,train,1,0,20.571428571428573,20.571428571428573
sz000759,2024-10-30,1.0,0.30785843905316734,0.5600000000000023,0.0,74.79166219945974,42.0,78.3,0.0,1,0,0,0.1388888888888889,train,0,1,10.591133004926135,131.28078817733996
sz000767,2024-11-08,1.0,0.88015469260211,0.714285714285714,0.7168458781362075,87.31519994575527,210.0,53.3,0.0,0,0,0,0.2,train,0,0,10.877192982456151,10.877192982456151
sz000785,2024-12-26,1.0,0.32637709886509664,0.6190476190476194,-1.5789473684210464,71.25195061971145,36.0,85.3,0.0,0,0,1,0.575,train,0,1,11.421319796954311,41.37055837563452
sz000788,2024-09-10,1.0,0.6593927371423738,0.7291666666666671,-0.5671077504725952,82.19485751078824,335.0,45.1,0.0,0,0,0,0.575,train,1,0,25.974025974025984,26.90166975881263
sz000790,2025-11-07,1.0,0.8609458339203094,0.8695652173913035,-0.24570024570026439,80.44481353981207,75.0,70.9,0.0,0,0,0,0.2,valid,0,0,12.971698113207552,12.971698113207552
sz000796,2024-12-24,1.0,0.6117988307005676,0.37037037037037174,-6.960556844547561,78.2271432743478,195.0,59.9,0.0,0,0,0,0.5208333333333335,train,0,0,6.459330143540676,6.459330143540676
sz000801,2025-02-14,1.0,0.5330922407982147,0.4635761589403975,-0.9293680297397744,83.86055961225414,56.0,79.8,0.0,0,0,0,0.2,train,1,0,25.819916517590947,25.819916517590947
sz000802,2025-07-07,1.0,0.6947365535818409,0.5199999999999996,-0.2123142250530785,78.92469650830323,212.0,54.6,0.0,0,0,0,0.2,train,1,0,26.48870636550309,27.72073921971252
sz000802,2025-10-13,2.0,0.48913507294254843,0.39130434782608947,-2.0224719101123556,73.3579232391273,552.0,21.5,0.0,0,0,0,0.24444444444444444,valid,0,0,4.646017699115057,10.176991150442504
sz000803,2025-09-09,1.0,0.3620085767857702,0.60377358490566,1.04302477183833,78.08616173850709,94.0,64.1,0.0,0,0,0,0.2,train,0,0,1.7587939698492372,9.547738693467345
sz000809,2025-11-11,1.0,0.32965159723139875,0.8285714285714283,0.0,81.55362372469637,60.0,73.0,0.0,1,0,0,0.575,valid,0,0,9.973753280839915,9.973753280839915
sz000810,2025-08-18,1.0,0.33646488909398165,0.5571428571428585,-0.0848896434634927,75.63411350059275,2.0,94.6,1.0,0,0,0,0.1388888888888889,train,1,0,22.3127035830619,22.3127035830619
sz000811,2024-11-06,1.0,2.3991311569879112,0.88235294117647,0.0,79.63893400747936,26.0,82.3,0.0,0,1,0,0.2,train,0,0,10.875576036866352,27.46543778801844
sz000812,2024-10-31,1.0,0.3450384282387004,0.6799999999999997,-0.6726457399103158,79.61063748050337,21.0,85.3,0.0,0,0,0,0.2,train,1,1,41.176470588235304,41.176470588235304
sz000813,2025-03-14,1.0,0.34708686058483623,0.6071428571428558,1.0638297872340496,76.84248305048722,40.0,78.5,0.0,0,0,0,0.2,train,0,0,3.307888040712448,3.307888040712448
sz000815,2024-10-17,1.0,0.6871531465456935,0.6363636363636356,0.7882882882882747,77.2138044153585,26.0,78.0,0.0,0,0,0,0.5208333333333335,train,0,1,19.30585683297179,49.132321041214745
sz000816,2025-01-09,1.0,0.46996051171632813,0.7058823529411774,-1.3559322033898313,78.98843848588353,6.0,85.4,1.0,0,1,0,0.55,train,0,1,13.576158940397365,53.97350993377486
sz000818,2025-02-12,1.0,0.28037789318159234,0.7683615819209039,0.14787430683917968,73.00660898033564,80.0,75.6,0.0,1,1,1,0.7241379310344828,train,1,1,71.85454545454544,71.85454545454544
sz000818,2025-03-26,2.0,0.4738838501346387,0.6043165467625912,-0.6345651362448579,75.58131997815518,131.0,64.4,0.0,0,0,0,0.2,train,0,0,1.0921004732435513,1.0921004732435513
sz000819,2025-09-01,1.0,0.27628427183885323,0.6829268292682952,0.42016806722688926,76.67141677937913,125.0,67.6,0.0,0,0,0,0.08955223880597014,train,0,0,6.998264893001749,21.457489878542525
sz000819,2025-10-13,2.0,0.27001084423097044,0.9459459459459447,-3.0303030303030276,80.58972599979677,292.0,43.1,0.0,0,0,0,0.1388888888888889,valid,0,0,6.2755102040816135,6.2755102040816135
sz000820,2025-11-25,1.0,1.2616471960634748,0.6333333333333335,-4.985337243401755,90.51222903672166,391.0,44.3,0.0,0,0,0,0.288135593220339,valid,0,0,7.164179104477597,20.597014925373138
sz000826,2025-05-19,1.0,0.2752621106486576,0.5555555555555545,1.1428571428571344,76.17807319800959,13.0,84.8,0.0,0,0,0,0.24444444444444444,train,1,1,37.158469945355165,37.158469945355165
sz000826,2025-11-03,2.0,0.3434936965326217,0.5769230769230771,-1.6064257028112428,78.3747009799084,154.0,65.2,0.0,0,1,0,0.09259259259259259,valid,0,0,4.296875,4.296875
sz000837,2025-05-15,1.0,0.2908808782606382,0.6764705882352956,-0.07558578987150177,75.22336978979983,163.0,52.1,0.0,0,0,0,0.09259259259259259,train,0,0,3.0478955007256836,3.0478955007256836
sz000838,2024-12-04,1.0,0.6537780693786484,1.1578947368421042,-0.30030030030030463,84.88415488072167,557.0,24.5,0.0,0,0,0,0.17647058823529413,train,0,0,8.605341246290799,8.605341246290799
sz000862,2024-11-05,1.0,0.3030069666672704,0.5,0.0,73.80891675961061,537.0,35.9,0.0,0,0,0,0.17647058823529413,train,0,0,9.71731448763251,9.71731448763251
sz000862,2025-03-19,2.0,0.4591043560849975,0.5757575757575757,0.1953125,81.88603422973499,2.0,94.0,1.0,0,0,0,0.17647058823529413,train,0,0,13.883677298311458,29.080675422138835
sz000876,2025-02-17,1.0,0.7586839582106679,0.4516129032258065,-0.219780219780219,80.21756943568343,310.0,49.7,0.0,0,0,0,0.08955223880597014,train,0,0,14.435146443514624,24.26778242677825
sz000880,2024-11-12,1.0,0.27471412547266977,1.0166666666666664,1.1959521619135272,77.81159410818942,253.0,47.8,0.0,0,1,0,0.24444444444444444,train,1,1,35.122838944494994,85.35031847133759
sz000880,2025-02-20,2.0,0.692613744612898,0.6687500000000011,2.5099075297225992,78.71074107186712,77.0,70.5,0.0,1,0,0,1.0,train,1,1,76.4804703905922,76.4804703905922
sz000880,2025-04-01,3.0,0.341636868637597,0.8499999999999979,2.3048555623847555,79.31470631293047,379.0,44.6,0.0,0,0,0,0.288135593220339,train,1,0,21.19678475736826,21.19678475736826
sz000881,2025-11-19,1.0,0.3843783206006731,0.727272727272727,0.0,81.1887390031536,37.0,75.1,0.0,0,0,0,0.15708025599557024,valid,0,0,9.090909090909083,12.937062937062937
sz000890,2024-12-11,1.0,0.7901936460391376,0.6086956521739144,0.0,82.00532242332442,347.0,49.0,0.0,0,0,0,0.24444444444444444,train,0,0,2.764976958525356,2.764976958525356
sz000890,2025-05-22,2.0,0.3803944626118021,1.2916666666666659,-0.27100271002709064,84.9899898905787,110.0,56.6,0.0,0,0,1,0.08955223880597014,train,0,0,12.466124661246614,25.47425474254743
sz000901,2025-11-12,1.0,0.419775930713076,0.42857142857142855,-0.773195876288657,71.48667429636295,262.0,45.7,0.0,0,0,0,0.1388888888888889,valid,1,1,30.538617886178866,69.10569105691057
sz000903,2025-05-07,1.0,0.5668067876538984,0.653846153846153,1.7391304347825987,83.62349785330504,152.0,61.8,0.0,0,0,0,0.24444444444444444,train,1,1,69.06077348066297,69.06077348066297
sz000903,2025-06-03,2.0,1.6231754557376377,1.0,-9.963099630996307,87.11653642720205,280.0,49.8,0.0,0,0,0,0.08955223880597014,train,0,0,1.6393442622950838,1.6393442622950838
sz000905,2025-05-13,1.0,0.4809659936257581,0.5510204081632641,1.8276762402088753,78.43745699775228,7.0,83.6,1.0,0,0,0,0.08955223880597014,train,0,0,17.958179581795797,17.958179581795797
sz000908,2024-10-08,1.0,0.6333109835296956,1.0,-4.985337243401755,82.58764109856249,170.0,67.3,0.0,1,1,0,0.7241379310344828,train,1,1,69.1358024691358,96.2962962962963
sz000908,2024-11-21,2.0,0.5732444374759851,1.3249999999999995,-2.931596091205202,80.15992019465511,245.0,51.2,0.0,0,0,0,0.0,train,0,0,0.34305317324183626,0.34305317324183626
sz000908,2024-11-26,3.0,0.3932166826648542,0.5675675675675687,-2.091254752851701,78.57884256853157,85.0,66.3,0.0,0,0,0,0.0,train,0,0,3.9548022598870025,3.9548022598870025
sz000910,2025-08-14,1.0,0.4991318179843734,0.9500000000000011,0.12953367875647714,77.41523523008199,13.0,75.1,0.0,0,0,0,0.5208333333333335,train,0,0,10.967741935483865,10.967741935483865
sz000926,2025-05-07,1.0,0.33207139720162443,1.0,2.2935779816513735,84.66850977257945,49.0,73.5,0.0,0,0,0,0.2,train,0,0,2.2421524663676973,2.2421524663676973
sz000935,2024-10-15,1.0,0.4407664404250269,0.6704545454545441,2.2397891963109373,74.52492604497117,59.0,61.8,0.0,1,0,1,1.0,train,1,1,30.676786843769754,30.676786843769754
sz000935,2025-11-11,2.0,0.25712875891432585,0.702479338842975,3.2940019665683495,75.30422465574456,100.0,68.2,0.0,0,0,0,0.1388888888888889,valid,0,0,16.003743565746365,29.94852597098736
sz000936,2025-01-06,1.0,0.31202512793783005,0.666666666666668,-0.5847953216374324,75.57973142362863,106.0,64.0,0.0,1,0,0,0.55,train,0,0,14.51378809869377,17.85195936139332
sz000949,2024-12-19,1.0,0.39715918853404586,1.5,-1.467505241090139,83.96441478261151,522.0,28.2,0.0,0,1,0,0.288135593220339,train,0,0,2.1739130434782705,2.1739130434782705
sz000949,2025-05-15,2.0,0.36526815455759026,0.6562499999999993,-0.7228915662650715,82.93747971486881,16.0,78.1,0.0,0,0,0,0.1388888888888889,train,0,0,3.0732860520094496,3.0732860520094496
sz000949,2025-09-09,3.0,0.38241945508657504,0.8499999999999989,-0.24630541871920597,81.67048151507022,233.0,47.7,0.0,0,0,0,0.08955223880597014,train,0,1,16.262135922330103,34.70873786407766
sz000951,2025-04-07,1.0,0.5301865147512156,0.4285714285714276,-8.897876643073822,72.44735898263947,136.0,49.3,0.0,0,1,1,0.2,train,0,0,7.250268528463999,7.250268528463999
sz000953,2024-11-01,1.0,0.5615507505130755,1.4838709677419366,-2.0967741935483897,81.76886886990741,173.0,51.2,0.0,0,0,0,0.2,train,0,0,17.3310225303293,24.956672443674186
sz000953,2025-01-15,2.0,0.39989899745247226,0.7586206896551715,0.38022813688214363,78.36088025235478,290.0,42.8,0.0,0,0,0,0.288135593220339,train,0,0,6.941838649155718,6.941838649155718
sz000953,2025-05-15,3.0,0.25846201388844164,1.0,0.31695721077655836,81.44757759667402,31.0,72.4,0.0,0,0,0,0.288135593220339,train,1,1,46.28751974723537,46.28751974723537
sz000972,2024-11-15,1.0,0.37450447166327944,0.8749999999999991,-0.3236245954692518,82.82938521805686,195.0,49.0,0.0,0,0,0,0.288135593220339,train,0,0,17.19745222929936,17.834394904458595
sz000972,2024-12-10,2.0,0.46915799997819513,0.722222222222221,1.775147928994092,80.6401979101538,102.0,67.5,0.0,0,0,0,0.09259259259259259,train,0,0,7.246376811594213,15.94202898550725
sz000980,2024-09-05,1.0,0.2804151062586254,0.8888888888888886,-0.6622516556291425,77.20842139113108,48.0,83.2,0.0,0,0,0,0.575,train,1,1,45.85987261146496,103.82165605095541
sz000980,2024-12-20,2.0,0.3329861230178501,0.7647058823529409,0.6779661016949268,81.20955572573183,262.0,51.2,0.0,0,0,0,0.17647058823529413,train,0,0,-0.9933774834437026,-0.9933774834437026
sz000985,2025-06-13,1.0,0.9364087426093651,0.8139534883720919,1.1179429849077716,84.22994599674591,9.0,90.5,1.0,0,0,0,0.4,train,0,0,16.895227646736146,16.895227646736146
sz000989,2025-09-22,1.0,0.2654481206139443,0.6296296296296303,-0.19685039370078705,73.83775577135454,151.0,59.7,0.0,0,0,0,0.24444444444444444,train,0,0,-0.5802707930367523,4.835589941972929
sz000993,2025-08-11,1.0,0.2821730590277906,0.6271186440677985,-1.6559337626494863,71.90652083341851,296.0,52.4,0.0,0,0,0,0.17647058823529413,train,0,0,1.0801080108010952,1.0801080108010952
sz000993,2025-11-11,2.0,0.3087588703264456,1.3151515151515152,-1.8966644865925364,82.51105828182797,220.0,56.2,0.0,0,0,0,0.1388888888888889,valid,0,0,4.972375690607733,4.972375690607733
sz000995,2024-11-01,1.0,0.5443393982698911,0.4954954954954964,0.0,76.63684835541201,44.0,67.6,0.0,0,0,0,0.1388888888888889,train,0,1,12.742382271468156,30.817174515235468
sz000995,2025-07-09,2.0,0.36041627898557077,0.7927927927927939,-0.2106741573033699,80.06700884746306,91.0,63.8,0.0,0,0,0,0.17647058823529413,train,0,0,11.4965986394558,11.4965986394558
sz001201,2025-07-01,1.0,0.7420509498771247,0.7692307692307698,0.25706940874035134,79.01610798523623,331.0,44.6,0.0,1,0,0,0.2,train,0,0,17.087011349306437,17.087011349306437
sz001202,2025-10-28,1.0,0.3966246027622925,0.832258064516128,-0.298864315600722,82.76139430304342,49.0,71.6,0.0,0,0,0,0.2,valid,0,0,12.078152753108352,12.078152753108352
sz001203,2025-10-09,1.0,0.5544512166407304,0.38636363636363663,1.654846335697413,73.11580632550114,10.0,92.9,1.0,0,0,0,0.1388888888888889,valid,1,1,59.52380952380953,164.28571428571433
sz001206,2025-05-07,1.0,0.2572536338085544,1.0210526315789468,2.4820739106453438,74.49970514391651,109.0,65.4,0.0,0,0,0,0.2,train,1,1,35.93750000000002,35.93750000000002
sz001207,2025-07-10,1.0,0.5193336942250839,0.8819444444444434,-0.042211903756861346,80.48458001886428,350.0,43.9,0.0,0,0,1,0.4444444444444444,train,0,0,13.116828342471521,18.55757064529733
sz001208,2025-10-29,1.0,0.26159082250224264,0.758064516129032,0.49792531120331773,75.56195354877114,27.0,78.8,0.0,0,0,0,0.5208333333333335,valid,0,1,3.1150159744409045,84.74440894568689
sz001209,2025-03-17,1.0,0.36727204746131387,0.9326424870466309,0.05133470225870962,83.91659933615954,165.0,59.2,0.0,0,0,0,0.09259259259259259,train,0,0,-0.5096839959225385,-0.5096839959225385
sz001216,2025-03-03,1.0,0.6835373427031693,1.0112359550561796,1.067887109077037,86.70178451876717,82.0,68.4,0.0,0,0,0,0.4,train,0,0,5.4114158636026755,5.4114158636026755
sz001217,2025-04-16,1.0,0.4174261674486508,0.6666666666666683,-1.2601260126012481,75.46663249990343,468.0,27.8,0.0,0,0,0,0.55,train,0,0,3.866906474820153,13.219424460431672
sz001222,2025-01-06,1.0,0.39136322876399776,0.727272727272726,0.11876484560569,76.28534328328378,159.0,58.1,0.0,0,0,0,0.5208333333333335,train,0,0,7.773851590106018,7.773851590106018
sz001223,2025-08-11,1.0,0.8284903542365569,0.3629343629343616,0.6382042253521014,78.55454116902384,74.0,76.8,0.0,0,0,0,0.24444444444444444,train,1,0,21.950189953566902,21.950189953566902
sz001225,2025-07-22,1.0,0.39364477730501624,0.962825278810411,0.0,83.41092659101042,21.0,85.4,0.0,0,1,0,0.4,train,1,0,29.61774926490246,29.61774926490246
sz001226,2025-11-21,1.0,0.5962196457481588,0.6029411764705886,-0.7727975270479082,80.0466757757312,15.0,76.2,0.0,0,0,0,0.2,valid,0,0,15.221723966118583,26.50722471350273
sz001228,2025-10-21,1.0,0.37352119367970843,0.4936708860759499,-0.1909854851031345,76.96207776299507,217.0,58.6,0.0,0,0,0,0.17647058823529413,valid,0,0,9.732894255397007,9.732894255397007
sz001228,2025-11-12,2.0,0.3713516746584343,0.5666666666666662,-0.9200283085633476,76.53449424702455,212.0,51.5,0.0,0,0,0,0.17647058823529413,valid,0,0,4.204308547602498,4.204308547602498
sz001230,2025-08-18,1.0,0.5146033846297938,0.9015544041450789,0.0,77.6223275200451,438.0,38.6,0.0,0,0,0,0.17647058823529413,train,0,0,3.580753450205143,3.580753450205143
sz001234,2025-06-06,1.0,0.8720356184445959,0.41711229946524103,0.13489208633095107,83.22703801023528,255.0,49.8,0.0,0,1,0,0.575,train,0,0,14.470284237726094,14.470284237726094
sz001236,2025-04-01,1.0,0.6103902093461876,0.599999999999999,0.4052684903748771,82.31416751402725,499.0,29.7,0.0,0,0,0,0.24444444444444444,train,0,0,2.4679170779861703,2.4679170779861703
sz001236,2025-04-17,2.0,0.35585784986009306,0.8139534883720927,-0.24038461538461453,78.32307704951972,473.0,32.3,0.0,0,0,0,0.5208333333333335,train,1,1,21.233689205219463,39.85765124555161
sz001255,2025-01-14,1.0,0.4970003138809091,0.6646525679758298,-0.6603773584905714,85.26425304310814,91.0,79.3,0.0,0,1,0,0.575,train,0,0,-0.06134969325154449,-0.06134969325154449
sz001256,2025-04-29,1.0,0.31938728194408145,1.086666666666666,-3.802107191937698,78.32768103634425,,,,1,0,0,,,0,0,18.926689027311916,18.926689027311916
sz001259,2024-11-26,1.0,0.6040726054935676,1.1772727272727277,-2.664636467453363,83.77052936449346,163.0,56.4,0.0,0,1,0,0.288135593220339,train,0,0,4.761904761904767,4.761904761904767
sz001260,2024-12-25,1.0,0.42038031492868744,2.2772277227722744,1.971014492753631,83.74299468620652,96.0,57.3,0.0,0,0,0,0.5208333333333335,train,0,0,8.466257668711652,16.257668711656436
sz001267,2024-10-21,1.0,0.8070536683243963,0.5106382978723393,0.7181328545780907,78.81631160551328,13.0,93.4,0.0,0,0,0,0.5,train,1,1,42.662116040955624,75.59726962457336
sz001268,2025-06-25,1.0,0.3358187132472409,0.4961240310077527,-0.31885213232363263,72.59692916212211,111.0,69.1,0.0,0,0,0,0.17647058823529413,train,0,1,11.964146531566634,41.816056118472325
sz001269,2025-03-25,1.0,0.35369072063714485,0.8445945945945944,-0.17021276595744483,79.48314790277044,157.0,61.2,0.0,0,1,0,0.7241379310344828,train,0,0,11.83505154639175,11.83505154639175
sz001269,2025-04-08,2.0,0.4258039770928464,1.0079999999999985,-9.941520467836263,77.47953367432976,369.0,36.9,0.0,0,1,0,0.7241379310344828,train,1,0,24.937531234382803,24.937531234382803
sz001269,2025-06-20,3.0,0.2598766593479932,1.0701754385964928,0.44822949350067365,76.68062289171934,11.0,82.9,0.0,0,0,0,0.4444444444444444,train,1,1,40.97626511419617,40.97626511419617
sz001277,2024-09-18,1.0,0.7961314892282289,0.8930232558139519,1.3270142180094924,86.63891818288408,96.0,58.9,0.0,0,0,0,0.55,train,1,1,35.377942998760844,35.377942998760844
sz001277,2025-01-16,2.0,0.32825935690017255,0.880952380952381,1.0405257393208966,79.00290530606819,168.0,58.9,0.0,0,1,0,0.288135593220339,train,0,0,3.257065948855997,12.624495289367443
sz001282,2024-09-02,1.0,7.9379236914233715,0.5970149253731323,0.0,80.90444368548194,302.0,50.3,0.0,0,0,0,0.5208333333333335,train,1,0,25.45757071547421,25.45757071547421
sz001282,2025-05-12,2.0,0.4173630136819619,0.8599033816425108,1.8908312522297521,78.62650586639445,18.0,86.6,0.0,0,0,0,0.09259259259259259,train,0,0,1.0745233968804113,1.0745233968804113
sz001282,2025-07-08,3.0,0.6819767200186413,0.7719298245614054,0.5115089514066362,80.891628882568,182.0,60.7,0.0,0,0,0,0.1388888888888889,train,0,0,6.775469831849668,8.753709198813064
sz001287,2025-07-17,1.0,0.43317610652747646,1.801652892561982,3.1404217137729784,79.22857126559197,55.0,73.3,0.0,0,0,0,0.1388888888888889,train,0,0,8.99182561307903,8.99182561307903
sz001288,2024-12-06,1.0,0.7302027385747073,0.4855769230769225,0.16920473773265332,74.28669816105523,217.0,59.1,0.0,0,0,0,0.2,train,0,0,10.857515487447,10.857515487447
sz001288,2024-12-19,2.0,0.8163517261996094,0.5249999999999984,-0.19243104554200752,77.18112700939143,192.0,53.2,0.0,0,1,0,0.1388888888888889,train,0,0,5.919003115264787,5.919003115264787
sz001288,2025-03-03,3.0,0.7257813535689199,0.7525252525252529,0.09983361064891394,84.23328092822528,157.0,60.0,0.0,0,0,1,0.09259259259259259,train,1,0,22.59832366215346,22.59832366215346
sz001296,2025-06-06,1.0,0.6836836628837168,0.7090909090909082,0.22662889518414442,80.82630473964029,21.0,80.5,0.0,0,0,0,0.2,train,1,0,20.883977900552473,24.033149171270708
sz001300,2025-03-13,1.0,0.30111239021653396,1.244680851063828,0.23237800154918276,80.17831162394148,299.0,42.8,0.0,1,0,0,0.2,train,0,0,2.124311565696302,7.002360346184089
sz001311,2025-09-17,1.0,0.4501257709357083,0.6749999999999989,0.07886435331230235,80.02546977776244,115.0,63.2,0.0,0,1,1,0.17647058823529413,train,0,0,4.456396465616597,5.954667691125604
sz001314,2025-05-22,1.0,0.6207274364847117,0.6926605504587148,-0.1995565410199629,78.65217420716318,80.0,60.4,0.0,0,0,1,0.08955223880597014,train,0,0,14.668117519042422,14.668117519042422
sz001316,2025-10-13,1.0,0.4053975267710659,0.62962962962963,0.0,77.9395545284402,151.0,57.8,0.0,0,0,0,0.1388888888888889,valid,0,0,7.177177177177185,15.615615615615619
sz001318,2024-12-11,1.0,0.3137017562149408,1.136363636363636,1.4126394052044633,75.91288140221585,39.0,82.3,0.0,1,0,0,0.4444444444444444,train,0,0,10.036900369003687,10.036900369003687
sz001318,2025-02-21,2.0,1.2569477638939714,0.7634408602150549,0.17108639863132602,84.29428000855481,308.0,45.2,0.0,0,0,0,0.17647058823529413,train,1,1,53.56244761106454,53.56244761106454
sz001322,2025-11-18,1.0,0.3220009817401369,0.8292682926829262,0.0,72.19028676015668,200.0,48.1,0.0,0,0,0,0.08955223880597014,valid,0,0,4.041570438799069,11.085450346420323
sz001324,2025-07-23,1.0,0.36992794584779765,0.9900990099009885,-0.14471780028944004,76.14867329820106,160.0,53.1,0.0,1,1,0,0.7241379310344828,train,0,0,16.17999042604117,16.17999042604117
sz001330,2025-11-25,1.0,0.327534657369221,0.7777777777777778,1.81818181818183,77.0049007406543,7.0,87.3,1.0,0,0,1,0.4444444444444444,valid,1,1,92.08633093525178,92.08633093525178
sz001332,2025-04-03,1.0,0.870176908909607,0.6974789915966372,-3.1796116504854477,79.3232657947529,291.0,45.2,0.0,0,0,0,0.08955223880597014,train,0,0,-3.207412687099076,3.516274649560458
sz001358,2025-08-06,1.0,0.5923826290554577,0.7565217391304335,0.08382229673091768,77.0232930209374,160.0,61.3,0.0,0,0,0,0.09259259259259259,train,0,1,16.797683078196112,35.99503516756308
sz001359,2025-04-23,1.0,0.5965884335563946,0.8030303030303042,0.4878048780487809,77.81311311601574,165.0,60.3,0.0,0,0,0,0.2,train,0,0,4.536862003780717,4.536862003780717
sz001360,2024-10-24,1.0,1.53121319751983,0.8888888888888892,-0.20366598778004397,84.01499006816807,170.0,58.0,0.0,0,0,0,0.2,train,0,0,3.337696335078544,3.337696335078544
sz001360,2024-11-05,2.0,0.5319569145307084,0.8686868686868695,0.4752206381534396,78.58518886976576,367.0,51.0,0.0,0,0,0,0.2,train,0,0,4.554588077695909,4.554588077695909
sz001360,2025-11-06,3.0,0.4417281999979879,0.8333333333333348,-0.12578616352201255,80.19095028709968,277.0,49.7,0.0,0,0,0,0.17647058823529413,valid,0,1,7.902735562310026,54.16413373860183
sz001376,2025-05-09,1.0,0.6445903326459624,0.5352112676056343,-0.24077046548957037,78.21553554125154,47.0,66.5,0.0,0,0,0,0.09259259259259259,train,0,0,0.7770007770007803,0.7770007770007803
sz001382,2025-04-22,1.0,0.32847630859603355,0.674796747967478,-1.5618221258134501,72.8808347020076,410.0,35.7,0.0,0,0,0,0.1388888888888889,train,0,0,5.6538627535606345,5.6538627535606345
sz001389,2025-02-27,1.0,0.4060172769471121,1.5041551246537397,-1.0049474335188657,77.09454536781477,343.0,41.7,0.0,0,0,0,0.2,train,0,0,-0.4018646519852065,-0.4018646519852065
sz001389,2025-03-12,2.0,0.6409297381268,0.6737588652482289,-0.4613807245386292,77.14583752227064,252.0,52.5,0.0,0,0,0,0.288135593220339,train,0,0,5.0525601898948835,5.0525601898948835
sz001896,2024-11-12,1.0,0.405148621973355,0.7692307692307705,0.0,82.48381968966572,131.0,60.4,0.0,0,0,0,0.1388888888888889,train,0,0,6.950672645739897,16.143497757847534
sz002006,2024-10-29,1.0,0.6739437281609609,0.7142857142857151,0.9916094584286883,80.76221104961677,222.0,49.7,0.0,0,0,0,0.4444444444444444,train,1,1,33.26023391812867,67.10526315789474
sz002020,2025-08-12,1.0,0.46830116909156966,0.5249999999999995,0.570835495589006,75.00840512647822,546.0,25.7,0.0,1,0,0,0.1388888888888889,train,0,0,9.523809523809534,13.283208020050141
sz002021,2024-12-13,1.0,0.3543534199704536,0.5000000000000012,-0.917431192660545,77.50987014215205,124.0,59.5,0.0,0,0,0,0.08955223880597014,train,0,0,-0.9146341463414531,-0.9146341463414531
sz002023,2025-07-23,1.0,0.8132069291130521,0.5106382978723412,-0.36832412523019054,82.16889505562025,148.0,54.4,0.0,0,0,0,0.08955223880597014,train,0,0,11.985688729874777,18.33631484794276
sz002026,2025-04-02,1.0,0.5790902902740139,0.45161290322580755,-0.17857142857142794,78.11000203976417,190.0,54.3,0.0,0,0,0,0.4444444444444444,train,0,0,0.7692307692307665,8.717948717948731
sz002029,2024-10-25,1.0,0.513252327721946,0.513513513513512,2.5210084033613356,77.49451958752022,104.0,76.8,0.0,0,1,0,0.288135593220339,train,0,1,3.1847133757961776,37.898089171974526
sz002029,2024-11-26,2.0,0.36563977719021007,0.5714285714285711,0.31948881789138905,72.92301366602312,9.0,87.0,1.0,1,1,0,0.5,train,1,1,33.436055469953764,33.436055469953764
sz002029,2025-09-23,3.0,0.4610970162844141,0.5529411764705872,-0.9345794392523366,83.03150838997747,130.0,55.3,0.0,1,0,0,0.7241379310344828,train,1,1,32.47089262613194,51.22897800776196
sz002029,2025-10-22,4.0,0.26215739823185114,0.9230769230769247,-2.263374485596714,74.54431054640204,173.0,55.0,0.0,0,0,0,0.08955223880597014,valid,1,1,21.517671517671523,31.600831600831604
sz002031,2024-09-12,1.0,0.5269930290067875,0.6499999999999989,0.43859649122808264,87.68834563698482,125.0,60.3,0.0,0,0,0,0.4444444444444444,train,1,1,45.1476793248945,100.0
sz002031,2024-12-09,2.0,0.3343497170037308,1.0697674418604635,-9.589041095890416,77.00030402791933,205.0,54.0,0.0,1,1,0,0.575,train,1,1,29.375951293759517,39.26940639269407
sz002033,2025-02-10,1.0,0.26453032167623497,0.45714285714285685,0.1179245283018826,74.82710709876962,63.0,79.9,0.0,1,0,0,0.2,train,0,0,4.719101123595504,17.640449438202243
sz002038,2025-04-18,1.0,0.3341640220735394,0.7249999999999989,0.31496062992126816,81.39689374239306,55.0,68.1,0.0,0,0,0,0.24444444444444444,train,0,0,5.864197530864201,21.91358024691359
sz002038,2025-07-18,2.0,0.8012981887478411,0.8749999999999996,-0.1280409731113874,83.5832284296785,45.0,71.1,0.0,0,0,0,0.17647058823529413,train,0,0,8.436724565756816,8.436724565756816
sz002042,2025-01-15,1.0,0.7734267604693472,0.5555555555555545,-0.21097046413501852,79.93604813618845,37.0,73.9,0.0,0,0,0,0.09259259259259259,train,0,1,15.020576131687235,55.9670781893004
sz002046,2024-12-03,1.0,0.3044071711592907,0.6022727272727281,-1.4326647564469996,73.52028956978972,5.0,87.5,1.0,0,0,0,0.09259259259259259,train,0,0,19.06400550584997,19.06400550584997
sz002051,2024-11-15,1.0,0.3000241804415593,0.7763157894736843,-1.5435501653803807,79.62564232225819,266.0,42.6,0.0,0,0,0,0.17647058823529413,train,0,0,10.000000000000009,10.000000000000009
sz002052,2024-09-06,1.0,0.8636434151925718,0.9545454545454536,-4.867256637168138,93.34436684818641,179.0,56.5,0.0,0,0,0,0.0,train,0,1,19.907407407407398,91.66666666666663
sz002052,2024-11-13,2.0,0.9276505821912944,0.9523809523809512,-3.0612244897959218,77.24535798750365,81.0,68.3,0.0,0,0,1,0.4,train,1,1,78.74015748031495,86.61417322834646
sz002052,2024-12-12,3.0,0.5316933278818928,1.0,-4.992657856093974,76.25758008596006,221.0,58.1,0.0,0,0,0,0.08955223880597014,train,0,0,9.891808346213304,9.891808346213304
sz002052,2024-12-31,4.0,0.9385905450119472,0.6086956521739136,-5.031446540880502,89.05293999261508,179.0,47.5,0.0,0,0,0,0.0,train,0,0,13.665594855305475,13.665594855305475
sz002052,2025-05-09,5.0,0.7688121344803812,0.5106382978723402,-0.10787486515642097,73.3850168692454,54.0,65.0,0.0,1,0,1,0.0,train,0,1,12.539515279241309,33.82507903055847
sz002054,2024-11-27,1.0,0.40430253534250293,1.4558823529411773,-4.862023653088043,83.60151215464494,423.0,42.0,0.0,0,1,0,0.17647058823529413,train,0,0,8.866279069767447,8.866279069767447
sz002054,2024-12-12,2.0,0.40571631600723057,0.693548387096775,-3.125,82.90792414891298,227.0,57.8,0.0,0,0,0,0.1388888888888889,train,0,0,-0.5665722379603388,-0.5665722379603388
sz002054,2025-05-30,3.0,0.2861601833231465,0.767441860465117,-0.455927051671734,82.5684204569812,244.0,45.0,0.0,0,0,0,0.09259259259259259,train,0,0,5.2710843373493965,14.307228915662652
sz002055,2024-12-30,1.0,0.5589122227285374,0.5974025974025982,-9.953161592505843,89.13033786071226,106.0,59.1,0.0,0,0,1,0.575,train,0,0,-5.249999999999999,-5.249999999999999
sz002058,2025-04-08,1.0,0.37666206645360023,1.0,-9.972041006523769,78.236280799035,324.0,42.9,0.0,0,0,0,0.2,train,0,0,14.28571428571428,24.12008281573499
sz002060,2025-09-17,1.0,0.8189837114820336,0.6756756756756751,-0.5194805194805197,86.54178290999063,43.0,74.1,0.0,0,1,0,0.2,train,0,0,16.53944020356233,16.53944020356233
sz002064,2025-06-10,1.0,0.8666849946155236,0.513513513513512,1.0432190760059745,79.26882963099348,238.0,45.6,0.0,0,0,0,0.24444444444444444,train,0,0,-0.14326647564470996,15.616045845272208
sz002067,2024-12-03,1.0,0.26915367036718607,0.724137931034483,-0.2645502645502562,83.31742564427634,36.0,75.7,0.0,0,0,0,0.2,train,1,0,24.111675126903553,24.111675126903553
sz002067,2025-04-01,2.0,0.2664672992793402,0.5500000000000002,-0.2631578947368318,77.06121246645232,79.0,72.1,0.0,0,0,0,0.288135593220339,train,0,0,-2.010050251256279,-2.010050251256279
sz002067,2025-07-04,3.0,0.6271095887214256,1.0,2.6315789473684292,83.3727166906187,38.0,69.8,0.0,0,1,0,0.1388888888888889,train,1,0,28.535353535353526,28.535353535353526
sz002067,2025-11-27,4.0,0.8251865100277529,0.5806451612903207,-0.1814882032667886,81.82700637561967,8.0,85.5,1.0,0,0,0,0.24444444444444444,valid,0,0,2.8119507908611396,8.611599297012296
sz002072,2025-09-08,1.0,1.1275161180652729,0.5192307692307688,0.6510416666666741,78.96429727723867,200.0,59.1,0.0,0,0,1,0.2,train,0,0,8.897243107769404,8.897243107769404
sz002076,2025-01-20,1.0,0.5433103682222168,0.4117647058823522,1.3289036544850585,75.92064193220833,4.0,85.0,1.0,0,0,0,0.09259259259259259,train,1,1,30.503144654088054,34.905660377358494
sz002077,2025-09-01,1.0,0.656037655924579,0.8350515463917523,2.131661442006272,77.35300440497377,46.0,76.6,0.0,0,0,0,0.17647058823529413,train,0,0,10.84481725584181,10.84481725584181
sz002077,2025-10-16,2.0,0.49323408326259005,0.6941176470588222,0.12674271229404788,79.47777127324305,40.0,68.6,0.0,0,0,0,0.2,valid,0,0,15.03894547633311,16.83642899940083
sz002079,2025-03-18,1.0,0.3948186427216607,0.6533333333333337,0.3798670465337217,83.68145615677763,31.0,76.1,0.0,0,0,0,0.17647058823529413,train,0,0,-0.18416206261510082,-0.18416206261510082
sz002083,2025-06-11,1.0,0.2586515777519699,0.7407407407407393,0.8298755186721962,78.19706301568588,27.0,81.4,0.0,0,0,0,0.17647058823529413,train,0,0,2.2267206477732726,4.048582995951411
sz002084,2025-01-09,1.0,0.6164923551353296,0.7222222222222228,-0.6849315068493178,82.42156957319568,95.0,67.6,0.0,0,0,0,0.5208333333333335,train,0,0,1.0000000000000009,3.3333333333333437
sz002085,2024-11-22,1.0,0.3112983936068266,1.1388888888888873,-0.5908419497784201,74.70236746760033,354.0,36.4,0.0,0,0,0,0.288135593220339,train,0,0,3.2795156407668946,10.393541876892032
sz002086,2025-08-15,1.0,0.9351086769488801,0.4117647058823537,-1.0526315789473717,84.06186116223418,109.0,72.2,0.0,0,0,0,0.2,train,0,0,2.3972602739726234,2.3972602739726234
sz002093,2025-06-03,1.0,0.34418858882349235,0.6274509803921555,0.375586854460086,76.27003734327815,64.0,74.6,0.0,0,0,0,0.5208333333333335,train,0,1,14.29872495446267,32.05828779599271
sz002093,2025-11-28,2.0,0.6356185288433991,0.45901639344262235,-1.5019762845849716,73.20708659987893,35.0,78.0,0.0,0,0,1,0.2,valid,0,0,11.796874999999996,11.796874999999996
sz002095,2025-06-10,1.0,0.5799379289069745,0.7950310559006221,0.15189873417722488,84.49143437712033,189.0,49.4,0.0,0,0,0,0.288135593220339,train,0,0,7.171117705242347,15.677546983184975
sz002098,2025-07-15,1.0,0.37682176877679924,0.4210526315789469,-0.5197505197505059,74.77265485677212,55.0,68.4,0.0,0,0,0,0.2,train,0,0,12.844036697247695,12.844036697247695
sz002099,2025-05-28,1.0,0.35849847497945986,1.1249999999999996,-2.998500749625188,77.75933237903565,142.0,57.6,0.0,0,0,0,0.09259259259259259,train,0,0,3.1152647975077885,3.1152647975077885
sz002102,2025-07-03,1.0,0.2996156286489435,0.8571428571428581,3.170028818443793,78.82501863076283,37.0,78.9,0.0,0,1,0,0.288135593220339,train,0,0,18.559556786703602,22.71468144044322
sz002105,2025-04-30,1.0,0.4678751955211985,0.9166666666666683,0.557103064066844,77.0533210399164,71.0,72.6,0.0,0,0,0,0.5,train,1,1,35.15312916111852,35.15312916111852
sz002114,2025-08-25,1.0,0.6429229278084567,0.7346938775510208,0.5263157894736858,79.9961862547111,18.0,81.7,0.0,0,0,0,0.2,train,0,0,9.487179487179475,9.487179487179475
sz002115,2025-11-14,1.0,0.8688072740520493,0.7727272727272723,0.5813953488372103,82.31331700788611,82.0,68.1,0.0,0,0,0,0.08955223880597014,valid,0,1,-0.1607717041800627,43.16720257234725
sz002116,2025-03-25,1.0,0.32258595998926237,0.6122448979591849,-0.4882812500000111,76.66151828775848,52.0,75.9,0.0,0,0,0,0.09259259259259259,train,0,0,0.3831417624521105,3.6398467432950277
sz002117,2025-06-24,1.0,0.27286893145346,0.6875000000000006,-0.2622377622377603,77.24998092339848,13.0,85.0,0.0,0,0,0,0.1388888888888889,train,0,0,6.841216216216228,10.135135135135132
sz002126,2025-05-21,1.0,0.5028006274207271,0.39719626168224187,-0.5255255255255276,78.76816267403687,17.0,81.2,0.0,0,0,0,0.1388888888888889,train,0,0,-0.5782435851102274,0.18070112034693775
sz002129,2024-10-29,1.0,0.37173405018916256,1.7108433734939756,-0.07886435331230235,81.09598156727316,35.0,73.9,0.0,1,0,0,0.2,train,0,0,7.615894039735105,7.615894039735105
sz002131,2025-05-28,1.0,0.3617645749084364,0.3999999999999987,-0.27932960893854997,75.49856804811145,52.0,71.3,0.0,0,0,0,0.17647058823529413,train,0,0,1.6129032258064502,8.870967741935477
sz002131,2025-08-11,2.0,0.564200580020312,0.6842105263157922,0.7853403141361293,80.73233290858781,28.0,83.9,0.0,0,0,1,0.288135593220339,train,1,1,54.22885572139307,70.39800995024876
sz002134,2025-03-05,1.0,0.48373693795116324,0.6808510638297852,-0.3544528134692193,78.90572508729863,27.0,77.2,0.0,1,0,0,0.17647058823529413,train,0,0,5.884917175239757,5.884917175239757
sz002136,2024-11-21,1.0,0.45578653379405115,0.7230769230769236,0.561272217025266,82.77303394654444,108.0,65.4,0.0,0,0,0,0.1388888888888889,train,0,0,4.574565416285448,4.574565416285448
sz002137,2025-02-21,1.0,0.4833109819698724,0.6086956521739134,-0.7028112449799173,76.12710318879073,62.0,78.3,0.0,0,0,0,0.1388888888888889,train,0,0,1.4880952380952328,1.4880952380952328
sz002139,2025-08-27,1.0,0.2990478328242162,1.1095890410958906,1.0624169986719778,74.8514838852284,88.0,58.7,0.0,0,0,0,0.08955223880597014,train,0,0,11.955085865257598,11.955085865257598
sz002141,2024-09-10,1.0,0.9962109724854978,1.7499999999999973,-0.694444444444442,86.41973504134418,295.0,47.5,0.0,0,0,0,0.575,train,0,0,-3.649635036496357,22.627737226277354
sz002144,2025-02-07,1.0,0.2730735053129002,0.8023255813953492,0.6876227897838927,79.97146570501744,91.0,73.2,0.0,0,0,0,0.24444444444444444,train,0,0,11.291866028708153,19.138755980861255
sz002146,2024-11-01,1.0,0.273605211140857,0.733333333333333,-0.5586592178770999,78.01495964223597,148.0,53.2,0.0,0,1,0,0.17647058823529413,train,1,1,46.703296703296694,46.703296703296694
sz002149,2025-01-13,1.0,0.39431092407700796,0.8351648351648367,-4.006497022198152,73.6309504494689,21.0,80.0,0.0,0,0,0,0.575,train,0,1,8.389261744966436,42.61744966442953
sz002153,2025-11-19,1.0,0.5043131826231741,0.8809523809523814,3.4451495920217567,82.31141578265772,24.0,77.8,0.0,0,1,1,0.7241379310344828,valid,1,1,20.266666666666655,43.466666666666676
sz002154,2025-11-14,1.0,0.28991306751966883,1.0,0.0,81.31709271638266,56.0,71.9,0.0,0,0,0,0.17647058823529413,valid,0,0,6.132075471698117,6.132075471698117
sz002156,2025-04-07,1.0,0.622681491087618,1.1025641025641035,-9.532780708364719,75.80139181027137,332.0,34.4,0.0,0,0,0,0.1388888888888889,train,0,0,11.259941398074492,11.259941398074492
sz002156,2025-09-02,2.0,0.32473267507025866,0.9344978165938871,-2.551605504587162,75.95561976288286,364.0,36.0,0.0,0,0,0,0.17647058823529413,train,1,1,20.269478617457537,40.56824838898654
sz002160,2025-03-28,1.0,0.6530735101369929,0.5000000000000012,-0.24875621890546595,83.28221186825826,79.0,58.2,0.0,0,0,0,0.08955223880597014,train,0,0,1.2077294685990614,2.1739130434782705
sz002161,2025-06-13,1.0,0.4052586354568654,0.5595238095238093,-2.588555858310615,83.61727947998443,128.0,53.5,0.0,0,0,0,0.1388888888888889,train,0,0,0.9776536312849249,18.29608938547487
sz002162,2024-09-19,1.0,0.39139998536235,0.6250000000000018,0.6756756756756799,78.32599719463596,35.0,80.0,0.0,0,0,0,0.17647058823529413,train,1,1,26.885245901639365,34.0983606557377
sz002162,2025-02-27,2.0,0.4240256941766842,0.7916666666666672,0.8064516129032251,80.90858173228676,108.0,62.5,0.0,1,0,0,0.55,train,1,1,51.978891820580465,51.978891820580465
sz002162,2025-04-25,3.0,0.8139067787780822,0.8888888888888911,0.995024875621886,87.08144015813417,172.0,58.7,0.0,0,0,0,0.1388888888888889,train,0,0,7.246376811594213,19.806763285024154
sz002162,2025-11-26,4.0,0.521871196263931,0.7708333333333329,0.0,88.75709136935662,195.0,52.5,0.0,1,0,1,0.5208333333333335,valid,0,0,15.527950310559003,19.66873706004142
sz002163,2025-05-09,1.0,0.8035779595504314,0.4500000000000012,-2.111111111111108,80.32608847101262,26.0,72.2,0.0,0,0,0,0.08955223880597014,train,0,0,2.436323366555926,9.302325581395344
sz002163,2025-10-20,2.0,0.35500845561236444,0.8307692307692317,-0.6427915518824601,77.22282608619011,165.0,60.1,0.0,0,0,0,0.17647058823529413,valid,1,1,65.32479414455628,73.10155535224156
sz002164,2025-05-08,1.0,0.40707247354919707,1.3469387755102051,-4.222451081359424,76.13260483596495,72.0,74.8,0.0,1,0,0,0.55,train,0,0,14.418125643666313,14.418125643666313
sz002164,2025-09-10,2.0,0.38201609476273224,0.6279069767441855,-3.7535410764872434,72.1241089421307,236.0,51.9,0.0,0,0,1,0.08955223880597014,train,0,0,16.319194823867722,16.319194823867722
sz002165,2025-08-21,1.0,0.44702759474738435,0.7924528301886801,-0.42105263157893313,79.86698334693267,5.0,84.8,1.0,0,0,1,0.4444444444444444,train,0,0,11.597151576805697,11.597151576805697
sz002165,2025-11-17,2.0,0.4819381645408595,0.5454545454545443,0.2293577981651307,80.38484463871143,118.0,65.0,0.0,0,0,0,0.08955223880597014,valid,0,0,-0.551876379690952,-0.551876379690952
sz002172,2024-10-30,1.0,0.5511760680485543,0.4117647058823548,-1.0033444816053616,78.2148120252714,168.0,62.6,0.0,0,0,0,0.2,train,0,1,17.04918032786886,43.27868852459018
sz002172,2024-11-08,2.0,0.33094337563857,0.7391304347826084,1.1904761904761862,81.09298153809445,84.0,69.7,0.0,0,0,0,0.17647058823529413,train,0,0,9.411764705882364,28.52941176470589
sz002172,2025-02-28,3.0,0.4007908717339282,0.7352941176470582,-0.28901734104045396,85.39748771459116,132.0,53.6,0.0,0,0,0,0.1388888888888889,train,0,0,18.911174785100293,18.911174785100293
sz002172,2025-03-11,4.0,0.3391470207163559,0.580645161290323,-0.8426966292134908,84.1704855728812,75.0,71.3,0.0,0,1,0,0.1388888888888889,train,0,0,11.260053619302957,11.260053619302957
sz002172,2025-06-11,5.0,0.287597367717473,1.1282051282051275,0.6564551422319376,81.00096748608856,44.0,77.1,0.0,0,0,0,0.09259259259259259,train,0,0,11.86813186813187,11.86813186813187
sz002173,2024-10-14,1.0,0.5153356610550945,0.5227272727272723,0.2954209748892156,79.303202891209,32.0,84.8,0.0,0,0,0,0.575,train,1,1,54.03111739745403,58.4158415841584
sz002173,2024-11-11,2.0,0.32439977214225457,0.6842105263157902,1.4084507042253502,77.59294138288027,131.0,72.5,0.0,0,0,0,0.1388888888888889,train,0,0,6.666666666666665,18.1904761904762
sz002173,2024-11-12,3.0,0.2603107577271816,1.011627906976744,1.2380952380952381,82.53907681523205,4.0,94.7,1.0,0,0,0,0.09259259259259259,train,0,0,4.065827686350443,20.13552758954502
sz002173,2024-12-27,4.0,0.39710352368311147,0.4130434782608693,-0.22522522522524513,73.97903683752996,456.0,37.2,0.0,0,0,0,0.24444444444444444,train,0,0,1.2114537444933848,24.22907488986783
sz002173,2025-04-16,5.0,0.3004237252562051,0.5194805194805202,-0.2259887005649719,80.1029576030731,275.0,41.7,0.0,0,0,0,0.17647058823529413,train,0,1,18.33150384193194,40.175631174533486
sz002173,2025-04-18,6.0,0.5076398222382843,0.4999999999999983,0.786516853932584,79.15545281859215,88.0,63.4,0.0,0,0,0,0.1388888888888889,train,1,1,27.3615635179153,50.9229098805646
sz002173,2025-05-21,7.0,0.38183958937173873,1.4216867469879513,1.869158878504673,83.29711923815955,197.0,51.7,0.0,0,0,0,0.08955223880597014,train,1,1,31.753554502369653,59.71563981042654
sz002175,2024-10-10,1.0,0.6205527580060795,0.7058823529411747,0.0,84.54205876021808,519.0,27.9,0.0,0,0,0,0.55,train,1,1,48.13084112149531,161.21495327102798
sz002175,2025-02-27,2.0,0.33880404263712205,0.7105263157894751,-0.8695652173912993,80.120157554158,56.0,72.0,0.0,0,0,0,0.08955223880597014,train,0,0,3.7099494097807773,3.7099494097807773
sz002179,2025-08-14,1.0,0.3181370333706677,0.72794117647059,2.254098360655754,75.40121158626775,111.0,56.6,0.0,0,0,0,0.1388888888888889,train,0,0,5.730447614363032,5.730447614363032
sz002181,2025-10-30,1.0,0.41507711115926055,1.2941176470588243,0.4106776180698102,78.2411074165354,101.0,60.2,0.0,1,1,0,0.7241379310344828,valid,1,1,46.03340292275575,46.03340292275575
sz002186,2024-11-28,1.0,0.41892264408920926,0.6774193548387104,0.09033423667570428,75.73814495424746,19.0,83.4,0.0,0,0,0,0.17647058823529413,train,1,1,34.308510638297875,34.308510638297875
sz002186,2025-08-19,2.0,0.2692222836652054,0.6610169491525435,1.0517090271691343,71.85312592209812,26.0,79.6,0.0,1,0,0,0.55,train,1,0,28.812131423757382,28.812131423757382
sz002191,2025-04-11,1.0,0.3976061252219354,0.6315789473684218,-0.5540166204986208,78.26849028931349,49.0,72.6,0.0,0,0,0,0.17647058823529413,train,0,0,2.156334231805923,14.555256064690036
sz002193,2024-09-05,1.0,0.7805293912556596,1.0,-0.26109660574412663,84.9826868190317,128.0,74.2,0.0,0,0,0,0.575,train,1,1,34.87179487179486,36.410256410256416
sz002193,2025-01-10,2.0,0.27908652683643226,0.5490196078431362,-1.3235294117647012,72.92105096397242,331.0,37.2,0.0,0,0,0,0.288135593220339,train,0,0,11.587982832618016,11.587982832618016
sz002193,2025-04-15,3.0,0.6605336039064942,0.8928571428571449,0.36832412523020164,78.57827813845934,28.0,76.9,0.0,0,0,0,0.2,train,0,0,6.964285714285734,6.964285714285734
sz002193,2025-05-14,4.0,0.6978878764412972,0.5555555555555545,0.0,75.90408677083826,177.0,56.7,0.0,0,0,0,0.08955223880597014,train,0,0,5.653710247349819,10.600706713780905
sz002194,2025-04-17,1.0,0.6893633511127215,0.8750000000000003,-0.583657587548625,85.53225830893885,159.0,59.6,0.0,1,0,0,1.0,train,1,1,57.320574162679435,61.3397129186603
sz002195,2024-11-15,1.0,0.5670637286664542,0.8823529411764705,-0.3095975232198067,81.83092501670279,9.0,85.4,1.0,0,0,0,0.24444444444444444,train,1,1,84.1614906832298,84.1614906832298
sz002196,2025-02-07,1.0,0.30281044127910867,0.511627906976744,0.0,74.70244662212437,129.0,66.2,0.0,0,0,0,0.1388888888888889,train,1,1,27.344992050874396,106.5182829888712
sz002196,2025-04-25,2.0,0.79944148812725,0.9444444444444432,0.0,81.79723006947833,370.0,41.7,0.0,0,0,0,0.17647058823529413,train,0,0,14.026236125126147,14.026236125126147
sz002204,2025-03-28,1.0,0.4756463574195596,1.0,-9.987029831387806,79.27272714148921,216.0,44.1,0.0,0,0,0,0.0,train,0,0,-3.458213256484155,-3.458213256484155
sz002205,2024-12-17,1.0,0.6230104188366594,0.7200000000000006,-0.583657587548625,82.17855065432556,147.0,49.8,0.0,1,0,0,1.0,train,1,0,21.032132424537497,21.032132424537497
sz002205,2025-06-30,2.0,0.4869906444254939,1.6249999999999996,2.127659574468077,81.70061162368378,388.0,43.2,0.0,1,0,1,0.575,train,1,1,29.47826086956522,48.43478260869565
sz002205,2025-09-02,3.0,0.295045121707536,0.5604395604395621,0.73260073260073,75.38202317687684,116.0,56.5,0.0,0,0,0,0.09259259259259259,train,0,0,0.6997900629811094,17.56473058082577
sz002208,2024-11-25,1.0,0.275975470034509,0.8735632183908051,0.5081300813008172,77.77114911739623,477.0,35.3,0.0,0,0,0,0.08955223880597014,train,0,0,-2.200000000000002,-2.200000000000002
sz002210,2025-04-25,1.0,0.39068766997611615,0.6470588235294114,-1.5686274509803977,78.94238011260062,44.0,74.2,0.0,0,0,0,0.1388888888888889,train,0,0,3.396226415094361,7.169811320754715
sz002210,2025-10-31,2.0,0.8549160635185888,0.6818181818181802,-0.4987531172069737,82.02268366391763,129.0,66.8,0.0,1,0,0,0.288135593220339,valid,0,0,13.571428571428545,13.571428571428545
sz002211,2025-02-20,1.0,0.3755454325341849,0.4827586206896571,0.0,78.7782702537343,20.0,82.7,0.0,0,0,0,0.24444444444444444,train,0,0,10.6280193236715,10.6280193236715
sz002211,2025-02-21,2.0,0.5250263560824281,0.7692307692307705,1.2077294685990614,81.77646628141903,280.0,49.4,0.0,0,0,0,0.17647058823529413,train,0,0,6.264501160092828,6.264501160092828
sz002213,2025-10-23,1.0,0.25736403784998035,0.5490196078431367,0.0474608448030267,74.9516742497056,16.0,82.4,0.0,1,1,0,0.7241379310344828,valid,1,1,73.32071901608326,73.32071901608326
sz002218,2024-09-03,1.0,0.44463967198468873,0.6999999999999993,-0.7017543859649145,83.58944484389271,301.0,60.3,0.0,0,0,0,0.4444444444444444,train,1,1,40.2061855670103,40.2061855670103
sz002225,2024-12-10,1.0,0.3305648128852327,0.7499999999999992,2.9288702928870203,78.63118680098789,108.0,66.4,0.0,0,0,0,0.2,train,0,0,13.827655310621223,20.240480961923836
sz002226,2024-09-18,1.0,0.5170261081423665,0.9047619047619044,2.1621621621621623,80.71653399699521,41.0,69.4,0.0,1,1,0,0.4,train,1,1,30.23255813953487,52.97157622739017
sz002227,2025-02-14,1.0,0.26014269817164715,0.6705882352941168,0.27649769585254,79.75614836231844,164.0,59.9,0.0,0,0,0,0.17647058823529413,train,1,1,43.62657091561939,52.60323159784559
sz002231,2024-11-13,1.0,0.282785726231589,0.43749999999999983,0.48154093097911854,72.65024433844249,,,,0,0,0,,,0,0,14.525993883792054,27.37003058103975
sz002231,2024-12-05,2.0,0.6959736684435999,0.6562499999999993,-0.4950495049504844,80.76692788065515,,,,1,1,1,,,1,1,31.595576619273302,31.595576619273302
sz002231,2025-08-21,3.0,0.4587126308754151,1.9199999999999982,-0.20790020790020236,76.65506891812521,,,,1,0,0,,,0,0,10.065645514223199,10.065645514223199
sz002235,2025-06-05,1.0,0.5839177925553516,0.5789473684210521,-0.17482517482516613,84.90217169952277,51.0,77.4,0.0,0,0,0,0.1388888888888889,train,1,1,98.29931972789116,98.29931972789116
sz002235,2025-11-13,2.0,0.4001337412200683,0.5106382978723412,0.5354752342704217,82.31411895516142,143.0,66.3,0.0,0,0,1,0.7241379310344828,valid,1,1,84.55598455598457,84.55598455598457
sz002239,2024-12-05,1.0,0.8394859187343442,0.7647058823529409,0.0,80.23546181100414,73.0,77.7,0.0,0,0,0,0.17647058823529413,train,1,0,24.03560830860534,24.03560830860534
sz002245,2025-01-15,1.0,0.48136256713548053,0.6627906976744193,-0.34632034632035014,78.55451242521015,353.0,38.6,0.0,0,0,0,0.5208333333333335,train,1,1,22.52173913043478,44.95652173913045
sz002247,2024-11-26,1.0,0.4054146352538876,0.894736842105263,0.0,84.75951783211828,132.0,59.7,0.0,0,0,0,0.5,train,0,0,19.01408450704225,19.01408450704225
sz002247,2025-01-16,2.0,0.5310957148469916,0.7272727272727267,0.0,84.65176691871986,61.0,72.1,0.0,0,0,0,0.1388888888888889,train,0,0,4.014598540145986,4.014598540145986
sz002248,2025-05-14,1.0,0.4165069388000141,1.0,0.0,82.6408889933008,62.0,71.1,0.0,0,0,0,0.17647058823529413,train,0,0,11.421911421911425,11.421911421911425
sz002253,2024-10-24,1.0,0.5001773630490326,1.088888888888889,2.1122112211221067,82.03682944224289,11.0,83.3,0.0,0,0,0,0.7241379310344828,train,1,1,64.467668190725,64.467668190725
sz002263,2024-11-28,1.0,0.379435516038532,0.7142857142857143,-0.3558718861210064,73.41454064704345,131.0,63.4,0.0,0,0,0,0.0,train,0,0,9.507042253521124,9.507042253521124
sz002269,2025-03-14,1.0,1.2265053714049412,0.6,0.9803921568627416,82.82996985673762,46.0,77.9,0.0,0,0,0,0.24444444444444444,train,0,0,2.3364485981308247,2.3364485981308247
sz002269,2025-04-17,2.0,0.9208171824111919,0.6666666666666683,-1.6304347826086918,83.65056533597753,55.0,74.4,0.0,0,0,0,0.09259259259259259,train,0,0,5.85106382978724,6.382978723404253
sz002269,2025-04-21,3.0,0.8711955382823544,0.6666666666666659,-0.5524861878453025,84.13632047324285,76.0,73.4,0.0,0,0,0,0.17647058823529413,train,0,0,8.743169398907092,9.289617486338786
sz002269,2025-05-09,4.0,0.5294473785471785,0.9333333333333332,0.0,89.1043274137467,11.0,76.5,0.0,0,0,0,0.08955223880597014,train,0,0,4.86486486486486,8.108108108108091
sz002269,2025-06-05,5.0,0.7301910001256199,0.6153846153846148,0.0,87.67851583239212,213.0,53.9,0.0,0,0,0,0.0,train,0,0,8.695652173913038,13.586956521739113
sz002272,2025-07-17,1.0,0.7156804670615842,0.6400000000000006,0.46511627906977715,83.89941655091641,38.0,76.2,0.0,0,0,0,0.288135593220339,train,1,1,30.85201793721972,91.6591928251121
sz002278,2025-03-28,1.0,0.7906300550696069,1.0,-10.000000000000009,87.59704302768976,64.0,61.8,0.0,0,0,0,0.0,train,0,0,-6.94444444444443,1.8162393162393098
sz002279,2025-07-01,1.0,0.3122014184303398,0.6097560975609754,1.3740458015267132,79.75345414460307,352.0,43.1,0.0,0,0,0,0.1388888888888889,train,0,0,11.940298507462677,19.402985074626855
sz002285,2025-04-08,1.0,0.47824802808078953,0.8461538461538464,-0.9345794392523366,81.6917290446753,150.0,63.7,0.0,1,0,0,0.7241379310344828,train,1,0,23.696682464454977,23.696682464454977
sz002289,2025-05-30,1.0,1.2431723978435463,0.8354430379746847,-4.949238578680204,87.01150977430541,548.0,23.6,0.0,0,0,0,0.09259259259259259,train,1,1,25.695364238410612,33.642384105960275
sz002290,2024-12-25,1.0,0.26409717100508967,0.8502994011976046,-0.055803571428580945,78.23669848698934,285.0,41.2,0.0,0,0,0,0.09259259259259259,train,0,1,7.378854625550657,46.03524229074889
sz002290,2025-04-11,2.0,0.4162874486791657,0.37288135593220156,0.2600780234070177,71.2331399637362,57.0,70.4,0.0,0,0,0,0.2,train,1,1,43.21926489226868,56.991972961554694
sz002290,2025-05-13,3.0,0.38732911574385304,0.5584415584415584,1.7930166719094087,69.82797704927849,321.0,41.2,0.0,0,0,0,0.08955223880597014,train,0,0,12.46973365617432,12.46973365617432
sz002290,2025-05-21,4.0,0.8363676785098528,1.071823204419891,0.6176853055916753,79.93303495165752,485.0,30.6,0.0,0,0,0,0.2,train,0,0,19.639407598197025,19.639407598197025
sz002291,2024-09-23,1.0,0.46325828539818964,0.4166666666666685,0.6564551422319376,72.11084339489085,19.0,81.8,0.0,0,0,0,0.2,train,1,1,31.30252100840336,59.243697478991606
sz002291,2025-01-09,2.0,0.3474370739441862,0.5121951219512193,-1.1437908496732097,77.60933314815055,68.0,70.8,0.0,0,1,1,1.0,train,1,1,32.131661442006276,32.131661442006276
sz002291,2025-09-16,3.0,0.601457267417224,0.6363636363636361,2.2292993630573132,79.52416826592345,34.0,80.4,0.0,0,1,0,0.288135593220339,train,0,0,11.836115326251907,11.836115326251907
sz002298,2025-10-16,1.0,0.33140036077003654,0.9456521739130427,-3.4858387799564294,77.04308497627879,43.0,68.1,0.0,0,0,0,0.09098194383650048,valid,0,0,0.821508588498876,3.808812546676621
sz002300,2024-11-05,1.0,0.8405784166034056,0.5714285714285714,0.37523452157597337,79.63041080777136,203.0,65.9,0.0,0,0,0,0.17647058823529413,train,0,0,9.041591320072339,10.126582278481
sz002302,2024-09-19,1.0,0.29338112634511704,0.7812499999999993,0.3717472118959231,79.19748133049117,115.0,67.3,0.0,0,0,1,0.55,train,1,1,58.40707964601768,58.40707964601768
sz002302,2024-12-23,2.0,0.27172853036109784,0.7249999999999994,2.4285714285714244,79.53727482505295,170.0,47.6,0.0,0,0,0,0.17647058823529413,train,0,0,2.758620689655178,2.758620689655178
sz002306,2024-12-24,1.0,0.30770230198614773,0.7619047619047606,-8.069164265129691,76.55123122593096,351.0,45.8,0.0,0,0,0,0.55,train,0,0,2.777777777777768,2.777777777777768
sz002306,2025-02-18,2.0,0.3507663137772113,1.1176470588235297,-0.3717472118959009,81.74587767565507,372.0,35.9,0.0,0,0,0,0.17647058823529413,train,1,1,30.181818181818176,35.63636363636364
sz002306,2025-04-10,3.0,0.48271203871286017,0.7894736842105261,-1.6877637130801704,86.78561740706844,54.0,79.5,0.0,0,0,0,0.0,train,0,0,0.40816326530610514,0.40816326530610514
sz002307,2024-11-15,1.0,0.5059722829882465,0.714285714285715,-0.7389162561576179,85.11524597737382,131.0,56.8,0.0,0,0,0,0.4444444444444444,train,0,0,10.169491525423723,17.9176755447942
sz002307,2025-08-13,2.0,0.32910105153197133,0.7777777777777778,0.5376344086021501,75.24191375019004,440.0,33.8,0.0,0,0,0,0.1388888888888889,train,0,0,-1.4084507042253502,-1.4084507042253502
sz002309,2025-07-09,1.0,0.297321016931313,0.9032258064516121,0.27173913043476716,79.52552269067127,49.0,68.1,0.0,0,0,0,0.17647058823529413,train,0,0,1.6129032258064502,1.6129032258064502
sz002309,2025-07-11,2.0,0.40927558018359733,0.7575757575757585,-1.1461318051575908,87.3190864366718,98.0,65.9,0.0,0,0,0,0.288135593220339,train,0,0,-1.6997167138810054,-1.6997167138810054
sz002310,2024-12-06,1.0,1.0275641604400605,0.590909090909091,-4.977375565610853,90.60742956742006,144.0,65.9,0.0,0,0,0,0.4,train,0,0,-0.45662100456620447,-0.45662100456620447
sz002312,2025-05-27,1.0,0.9680655613675576,0.5087719298245597,0.7207207207207134,81.71604427623143,8.0,92.8,1.0,0,0,0,0.1388888888888889,train,0,0,3.009458297506451,3.009458297506451
sz002313,2025-06-04,1.0,0.5803814742459462,0.5441176470588238,-0.7928642220019877,79.52448706080455,21.0,81.7,0.0,0,0,0,0.2,train,0,0,8.468125594671738,8.468125594671738
sz002316,2025-06-13,1.0,0.25690202772634974,0.6785714285714294,-1.0482180293501009,76.8152550598984,139.0,52.4,0.0,1,0,0,0.09259259259259259,train,0,0,16.008316008316026,16.008316008316026
sz002319,2024-12-16,1.0,0.5181976911720919,0.7876106194690278,0.46801872074884177,81.0236401023496,125.0,62.1,0.0,0,0,0,0.2,train,0,0,4.115853658536595,4.115853658536595
sz002320,2024-10-15,1.0,0.6872237279451017,1.0540540540540528,-0.5576208178438735,83.06663036640181,114.0,54.3,0.0,1,0,1,0.575,train,1,1,23.320895522388053,38.24626865671641
sz002321,2024-12-13,1.0,0.33251230031241147,1.2631578947368407,-0.6849315068493178,83.96780274956218,238.0,44.6,0.0,1,0,1,0.55,train,0,0,19.594594594594604,19.594594594594604
sz002321,2024-12-20,2.0,0.5242266554088084,0.4571428571428574,-1.7006802721088343,83.25008279125335,163.0,58.9,0.0,0,0,0,0.1388888888888889,train,0,0,-2.6229508196721207,-2.6229508196721207
sz002321,2025-09-12,3.0,0.4892068443203199,0.7222222222222228,1.7857142857143016,78.66759613746783,136.0,59.0,0.0,0,0,0,0.08955223880597014,train,0,0,6.896551724137945,18.965517241379317
sz002321,2025-11-14,4.0,0.5411267155927136,0.5294117647058817,0.0,73.75013323382679,50.0,73.6,0.0,0,1,0,0.09259259259259259,valid,0,0,16.616314199395752,16.616314199395752
sz002323,2025-07-08,1.0,0.7435156572599315,0.875,0.6211180124223503,83.91806790488265,5.0,96.8,1.0,0,0,0,0.2,train,0,0,4.166666666666674,18.452380952380953
sz002326,2025-11-06,1.0,0.26308242069279575,0.4336283185840729,0.5431830526887671,73.76718863377516,26.0,79.1,0.0,1,1,1,0.7241379310344828,valid,1,1,72.32375979112274,72.32375979112274
sz002328,2024-12-09,1.0,0.3999450313805462,0.9090909090909111,0.0,78.49150229454439,71.0,67.8,0.0,0,0,0,0.17647058823529413,train,0,0,3.9087947882736174,3.9087947882736174
sz002339,2024-09-24,1.0,0.4812113092802329,1.0303030303030296,-1.8333333333333424,77.09108716327124,183.0,64.4,0.0,0,0,0,0.2,train,1,0,23.481116584564866,27.58620689655171
sz002339,2024-12-20,2.0,0.2836588158072051,1.280373831775702,-6.779661016949145,80.35227995628863,377.0,41.7,0.0,0,0,0,0.17647058823529413,train,0,0,-2.117647058823524,-2.117647058823524
sz002342,2025-04-01,1.0,0.3609203338219072,1.2894736842105272,-8.180300500834726,76.85458853463297,331.0,47.7,0.0,0,0,0,0.08955223880597014,train,0,0,-3.153988868274582,16.69758812615956
sz002342,2025-10-20,2.0,0.8060561435098161,0.5090909090909089,1.4778325123152802,84.6421712770309,26.0,81.7,0.0,0,0,0,0.10718938000175987,valid,0,0,2.447552447552437,2.447552447552437
sz002342,2025-11-19,3.0,0.5558727981750825,0.379999999999999,-0.6666666666666599,77.8125455067334,18.0,81.9,0.0,0,0,0,0.17647058823529413,valid,0,1,-1.81818181818183,89.87012987012986
sz002345,2025-02-17,1.0,0.42507770010983337,0.7179487179487175,0.698080279232105,78.69524013215742,187.0,60.7,0.0,0,0,0,0.288135593220339,train,1,1,62.75510204081633,62.75510204081633
sz002348,2024-11-29,1.0,0.5945169356286004,1.176470588235293,-9.999999999999998,82.97445528515539,140.0,64.8,0.0,0,0,0,0.09259259259259259,train,0,0,19.621749408983426,19.621749408983426
sz002348,2025-01-15,2.0,0.33850252814684,0.7,0.32467532467532756,80.24187023026577,3.0,88.3,1.0,1,0,0,0.7241379310344828,train,1,1,27.795527156549515,35.78274760383386
sz002348,2025-02-19,3.0,0.34360779016305143,0.5517241379310334,0.28901734104047616,81.45543905061692,112.0,73.7,0.0,1,1,0,0.7241379310344828,train,0,0,16.758241758241766,16.758241758241766
sz002348,2025-04-15,4.0,0.2752139936352745,0.8947368421052633,1.5822784810126445,80.7740084311542,66.0,68.5,0.0,0,0,0,0.2,train,0,1,9.756097560975618,31.09756097560976
sz002348,2025-09-12,5.0,0.8238003016386275,0.6190476190476178,0.25706940874035134,83.96410841275554,92.0,64.9,0.0,0,0,0,0.08955223880597014,train,0,0,8.396946564885477,25.190839694656475
sz002354,2025-05-12,1.0,0.4376531782958961,0.3846153846153836,0.5698005698005604,74.03024024462307,14.0,88.3,0.0,0,0,0,0.09259259259259259,train,0,0,1.1111111111111072,1.1111111111111072
sz002355,2025-02-10,1.0,0.5720411166008599,0.47222222222222276,0.41782729805013297,76.51454977398704,19.0,93.4,0.0,0,0,0,0.2,train,0,0,2.981029810298108,5.284552845528445
sz002356,2024-10-18,1.0,0.4609177887564836,0.47368421052631515,-0.33222591362125353,76.528768748282,248.0,58.4,0.0,0,0,0,0.5208333333333335,train,0,1,14.873417721518978,53.79746835443038
sz002360,2025-05-26,1.0,0.49964184976216075,0.7666666666666656,0.20080321285140812,83.43267606355327,,,,0,0,0,,,0,0,8.52713178294573,24.418604651162788
sz002361,2024-12-03,1.0,0.43145707628596525,0.6315789473684218,2.7459954233409745,82.36512059716613,85.0,66.9,0.0,0,0,0,0.17647058823529413,train,0,1,19.517543859649145,40.570175438596515
sz002363,2025-09-26,1.0,0.2991290180205926,0.7719298245614038,-0.25974025974027093,80.68468618426041,191.0,53.0,0.0,0,0,0,0.5208333333333335,train,0,0,11.704834605597947,19.59287531806615
sz002364,2025-01-27,1.0,0.3871116778611946,1.0568181818181825,-5.857740585774063,75.88879253499493,220.0,51.1,0.0,0,0,1,0.288135593220339,train,1,1,52.04460966542752,52.26765799256508
sz002369,2025-04-14,1.0,0.7982272954500605,0.6060606060606065,-0.11655011655011815,78.62484212524416,133.0,65.8,0.0,0,0,0,0.5208333333333335,train,0,0,12.684031710079257,12.684031710079257
sz002369,2025-08-22,2.0,0.2582555737509062,0.8793103448275857,3.409090909090895,74.46395732211548,22.0,86.5,0.0,0,0,0,0.17647058823529413,train,0,0,12.55686988171063,12.55686988171063
sz002370,2024-12-10,1.0,0.5580780238258192,1.3749999999999987,-1.9323671497584516,82.04574344976643,249.0,50.8,0.0,0,0,0,0.24444444444444444,train,0,0,7.868020304568524,7.868020304568524
sz002370,2025-01-09,2.0,0.33032068919869106,0.8148148148148154,-1.19760479041916,81.46213284164713,461.0,32.6,0.0,0,1,0,0.5208333333333335,train,0,0,9.480122324159023,9.480122324159023
sz002370,2025-04-16,3.0,0.3723003801759581,1.235294117647059,-0.6289308176100628,78.6290109144036,208.0,47.0,0.0,0,0,0,0.24444444444444444,train,0,0,9.26517571884984,28.43450479233225
sz002374,2024-10-22,1.0,0.7034637962403287,0.42857142857142855,-0.4237288135593098,81.94826394909957,77.0,73.8,0.0,0,1,0,0.5208333333333335,train,1,1,59.34959349593496,65.85365853658539
sz002374,2025-02-21,2.0,0.6655133992363148,0.4444444444444444,-0.7380073800738018,80.95477867212513,309.0,44.8,0.0,1,0,0,0.288135593220339,train,0,0,8.791208791208804,8.791208791208804
sz002374,2025-07-11,3.0,0.36576402692444393,0.5555555555555556,-0.33670033670034627,81.36620964202183,12.0,84.7,0.0,0,0,0,0.09259259259259259,train,0,0,0.0,7.000000000000006
sz002374,2025-11-05,4.0,0.32259719360627875,1.0434782608695643,-3.293413173652693,84.0569524507614,78.0,72.2,0.0,0,1,1,0.575,valid,1,1,39.87915407854985,39.87915407854985
sz002376,2025-06-09,1.0,0.5691221076801017,0.8536585365853668,0.28288543140027045,82.24490423669074,5.0,92.1,1.0,0,0,0,0.7241379310344828,train,1,0,28.63013698630139,28.63013698630139
sz002379,2025-09-12,1.0,0.2649812129160485,0.47368421052631565,1.5661252900232236,75.44809206101488,10.0,88.0,1.0,0,0,0,0.0,train,0,0,5.8758923668314145,28.940142778693012
sz002383,2025-04-24,1.0,0.3885867634792858,0.8571428571428575,-1.965317919075149,79.25099789175133,167.0,54.5,0.0,0,0,0,0.17647058823529413,train,0,0,18.37209302325582,25.930232558139533
sz002389,2025-06-04,1.0,0.3660458767393553,0.8260869565217396,-1.9172113289760206,75.20604859889406,41.0,78.0,0.0,0,0,0,0.1388888888888889,train,0,0,12.323491655969177,13.008130081300816
sz002398,2025-02-05,1.0,0.8942774176333578,0.41000000000000014,-1.9748653500897717,87.27154222471687,6.0,96.2,1.0,0,0,0,0.1388888888888889,train,1,0,20.357142857142875,20.357142857142875
sz002400,2025-07-10,1.0,0.8091844614090893,0.5161290322580642,-0.5181347150259086,87.4857301551883,105.0,68.0,0.0,0,0,0,0.08955223880597014,train,0,0,-0.12391573729862992,8.674101610904582
sz002402,2025-10-23,1.0,1.033242876552857,1.286290322580646,1.3654618473895486,75.82593149280035,356.0,42.9,0.0,0,0,0,0.2,valid,0,0,15.498154981549806,15.498154981549806
sz002403,2025-09-05,1.0,0.28220891040221624,0.5234375000000009,1.2232415902140525,80.76185665878168,73.0,79.4,0.0,0,0,0,0.17647058823529413,train,0,0,10.402886349969931,10.402886349969931
sz002404,2025-03-13,1.0,0.8405951384928093,0.767441860465117,-0.31645569620254443,85.58619999865651,128.0,59.8,0.0,0,0,0,0.1388888888888889,train,0,0,3.554868624420404,4.173106646058744
sz002406,2025-05-08,1.0,0.2559466046243685,0.6486486486486482,-1.2886597938144284,72.43600408468703,41.0,79.1,0.0,0,0,0,0.09259259259259259,train,0,0,8.087291399229791,8.087291399229791
sz002408,2025-05-15,1.0,0.6476526329516602,0.517241379310343,-0.42735042735041473,82.0951940481383,71.0,65.2,0.0,0,0,0,0.24444444444444444,train,0,0,0.0,1.2552301255229992
sz002426,2024-12-02,1.0,0.37808821772380136,0.7692307692307693,-2.2292993630573354,82.36328561875825,119.0,72.9,0.0,0,0,0,0.1388888888888889,train,1,1,41.853035143769986,41.853035143769986
sz002426,2025-02-26,2.0,0.6457093282966633,0.4545454545454534,-0.2808988764045006,79.32306494612244,40.0,81.8,0.0,0,0,0,0.17647058823529413,train,0,0,6.149732620320858,6.149732620320858
sz002426,2025-03-03,3.0,0.2906773013771554,0.5500000000000002,-0.2949852507374673,77.72112135318308,49.0,74.2,0.0,0,0,0,0.09259259259259259,train,0,0,12.146892655367235,12.146892655367235
sz002428,2025-04-07,1.0,0.782625413142171,1.388888888888891,-8.309178743961343,76.0175839081798,250.0,40.8,0.0,0,0,0,0.2,train,0,0,7.890499194847034,8.427267847557696
sz002431,2024-11-08,1.0,0.46954158370833515,1.0476190476190488,1.2048192771084265,86.05475392293258,97.0,67.8,0.0,0,0,0,0.2,train,0,0,8.064516129032274,17.741935483870975
sz002436,2025-03-13,1.0,0.405785886320119,0.6482758620689655,-0.5730659025787954,82.34389973238741,339.0,39.1,0.0,0,0,0,0.1388888888888889,train,0,0,4.119318181818188,4.119318181818188
sz002437,2025-05-30,1.0,0.3936259460451166,1.2000000000000017,-3.9087947882736063,76.85865280893556,10.0,81.7,1.0,0,0,1,0.2,train,0,0,11.301369863013711,23.28767123287672
sz002438,2024-10-17,1.0,0.26078896562322906,0.457142857142858,1.746323529411753,74.63862638754945,151.0,55.4,0.0,0,1,0,0.575,train,1,0,28.12227074235809,28.12227074235809
sz002441,2025-10-09,1.0,0.4222271383535155,0.7592592592592607,0.3293084522502765,75.59762347243161,45.0,82.7,0.0,0,0,0,0.2,valid,0,0,12.729234088457385,13.16073354908307
sz002442,2025-11-21,1.0,0.47159701139654603,0.8857142857142855,-1.2519561815336422,76.59061259229944,76.0,56.1,0.0,0,0,0,0.288135593220339,valid,0,0,13.057324840764316,13.057324840764316
sz002443,2025-06-23,1.0,0.42253094858437296,0.5624999999999997,1.757188498402562,78.27963913012553,21.0,87.1,0.0,1,0,0,0.288135593220339,train,0,0,4.5592705167173175,9.422492401215798
sz002446,2025-04-23,1.0,0.38257537852250445,0.7499999999999994,0.6535947712418277,79.46741635557237,12.0,80.6,0.0,0,0,0,0.5,train,0,0,9.733124018838302,11.302982731554145
sz002448,2025-08-05,1.0,0.43799107089321515,0.5970149253731323,0.45351473922901064,80.25282430561477,80.0,69.4,0.0,0,0,0,0.17647058823529413,train,1,0,21.17263843648207,28.121606948968502
sz002453,2025-10-17,1.0,0.7798356052582841,0.742857142857143,0.14858841010401136,81.92529661193653,278.0,41.2,0.0,0,0,0,0.2,valid,0,0,14.432989690721643,24.742268041237114
sz002455,2024-10-24,1.0,0.6744151563845726,0.9189189189189183,-0.7712082262210873,76.9472542395357,89.0,67.2,0.0,0,0,0,0.24444444444444444,train,1,0,24.51612903225806,24.51612903225806
sz002456,2024-11-01,1.0,0.29961792803237397,2.495726495726492,-0.05668934240363743,81.35368881785246,349.0,39.6,0.0,1,0,1,0.4444444444444444,train,0,0,18.639798488664972,18.639798488664972
sz002470,2024-11-01,1.0,0.3121880961966372,1.6000000000000014,0.0,79.83185366263918,165.0,51.6,0.0,0,1,0,0.2,train,1,1,22.598870056497166,40.112994350282484
sz002470,2025-02-24,2.0,0.29372235764167115,0.5384615384615377,2.564102564102577,77.61652771091364,7.0,85.1,1.0,0,0,0,0.0,train,0,0,0.9708737864077666,0.9708737864077666
sz002474,2024-11-05,1.0,0.7659072012143661,0.5609756097560984,0.0,82.25201195125705,57.0,81.4,0.0,0,0,0,0.17647058823529413,train,0,1,19.685039370078748,43.937007874015755
sz002476,2025-08-21,1.0,0.3065330647886107,0.909090909090909,0.3527336860670305,79.41502515977047,115.0,60.9,0.0,0,0,0,0.09259259259259259,train,0,0,5.410122164048858,12.390924956369975
sz002476,2025-09-19,2.0,0.378632882279043,0.7878787878787871,-3.145695364238421,75.14966050185964,224.0,50.2,0.0,0,0,0,0.1388888888888889,train,0,0,8.783783783783793,8.783783783783793
sz002478,2024-12-20,1.0,0.4477996270486894,0.46153846153846234,0.0,78.35518033477831,490.0,32.8,0.0,0,0,0,0.288135593220339,train,0,0,2.398523985239853,2.398523985239853
sz002479,2025-04-22,1.0,0.4017306926492394,1.185185185185185,2.851711026615966,77.7874238489304,147.0,61.5,0.0,0,1,0,0.288135593220339,train,0,0,10.634328358208943,10.634328358208943
sz002482,2025-09-02,1.0,0.3063844473931105,0.7857142857142854,-0.5524861878453025,82.46069905242594,34.0,70.7,0.0,0,1,0,0.1388888888888889,train,0,0,14.438502673796783,17.647058823529417
sz002482,2025-09-18,2.0,0.501295627375727,1.076923076923075,-0.5025125628140725,85.75246452045432,48.0,69.6,0.0,0,0,0,0.2,train,0,0,10.000000000000009,10.000000000000009
sz002487,2025-01-17,1.0,0.3191673305727461,0.8861788617886175,0.8167432363450855,79.51381019980158,55.0,71.4,0.0,0,0,0,0.09259259259259259,train,0,0,3.066867772750115,26.194067370537955
sz002489,2024-12-16,1.0,0.5081931615095224,0.7999999999999996,-0.2702702702702786,78.25417692300017,11.0,86.3,0.0,0,0,0,0.1388888888888889,train,0,0,-0.7692307692307665,-0.7692307692307665
sz002489,2025-04-29,2.0,0.2609347430155684,0.5263157894736836,0.31055900621117516,77.67412320112865,29.0,76.6,0.0,0,0,0,0.5208333333333335,train,1,1,32.23880597014923,32.23880597014923
sz002491,2024-11-21,1.0,0.334606342322924,0.7272727272727258,-0.9049773755656076,75.92404165616354,117.0,64.6,0.0,0,0,0,0.09259259259259259,train,0,0,7.3593073593073655,29.87012987012987
sz002491,2025-01-08,2.0,0.28914557349048436,0.5238095238095254,-1.13378684807256,69.5527541570177,213.0,50.0,0.0,0,0,0,0.4,train,0,0,12.780269058295968,22.64573991031389
sz002492,2025-06-20,1.0,0.34030007741047624,0.9591836734693886,-1.0067114093959662,84.76042288170633,2.0,92.0,1.0,1,1,0,0.575,train,0,1,8.97009966777409,31.06312292358804
sz002492,2025-06-23,2.0,0.3289643418989884,0.7368421052631564,2.657807308970095,77.863335892552,72.0,76.7,0.0,0,0,0,0.288135593220339,train,0,0,3.6624203821655987,25.636942675159236
sz002495,2025-05-14,1.0,0.6024272515472457,0.6666666666666666,0.3937007874015741,85.01580986492185,104.0,64.4,0.0,0,0,0,0.24444444444444444,train,0,0,9.923664122137389,9.923664122137389
sz002495,2025-06-04,2.0,0.32650911844988684,0.6,0.0,79.62641855271274,104.0,67.5,0.0,0,0,0,0.1388888888888889,train,0,0,4.727272727272713,4.727272727272713
sz002496,2024-09-27,1.0,0.4288666485486171,0.47058823529411825,1.8348623853211121,79.34249536115227,335.0,56.4,0.0,0,0,0,0.08955223880597014,train,0,0,16.883116883116877,16.883116883116877
sz002496,2024-12-10,2.0,1.0459522723813937,1.0,2.8000000000000025,87.11320938972268,448.0,35.7,0.0,0,0,0,0.5,train,0,0,6.374501992031889,6.374501992031889
sz002501,2024-09-23,1.0,1.674572384403226,0.5,0.0,86.3124650846265,83.0,66.5,0.0,0,1,1,0.4,train,1,1,40.74074074074075,107.40740740740739
sz002510,2024-12-10,1.0,0.5452582238999721,0.9259259259259258,1.4836795252225476,84.98132672439017,57.0,74.3,0.0,0,0,0,0.2,train,0,0,12.42690058479532,12.42690058479532
sz002510,2024-12-25,2.0,0.2886818490545613,0.514285714285714,0.3311258278145601,75.46966045502408,46.0,65.9,0.0,0,0,0,0.2,train,0,0,2.0569620253164445,5.854430379746844
sz002512,2025-10-29,1.0,0.2843461638530288,1.1509433962264135,1.8518518518518379,83.6609896189497,135.0,62.2,0.0,0,0,0,0.17647058823529413,valid,1,1,24.66281310211944,61.271676300578015
sz002512,2025-11-19,2.0,0.31196728163128296,0.4599999999999991,-0.8849557522124019,76.76289620276005,230.0,46.4,0.0,0,0,1,0.4,valid,1,1,43.8144329896907,43.986254295532646
sz002514,2025-04-08,1.0,0.6034947772376826,0.48648648648648796,-8.672566371681423,77.08328944732538,255.0,50.9,0.0,0,0,0,0.4,train,0,0,12.897196261682243,27.10280373831777
sz002515,2024-09-27,1.0,0.5604798022371481,0.5925925925925921,0.23255813953488857,75.63852094976735,294.0,59.1,0.0,0,0,0,0.1388888888888889,train,0,0,16.888888888888886,16.888888888888886
sz002515,2025-09-24,2.0,0.5454098442339659,1.2708333333333328,1.7834394904458595,82.25449334802502,440.0,40.3,0.0,0,0,0,0.2,train,0,0,7.506361323155208,7.506361323155208
sz002519,2025-06-18,1.0,0.5008774329476546,0.6363636363636361,0.0,79.92836616762501,3.0,92.1,1.0,0,0,0,0.1388888888888889,train,0,0,10.516252390057357,10.516252390057357
sz002520,2024-12-09,1.0,0.44039407512599427,1.4056603773584901,-8.571428571428562,83.98853891926869,39.0,74.0,0.0,0,0,0,0.0,train,0,0,0.0,0.0
sz002520,2025-04-08,2.0,0.7205488944482592,0.846153846153847,-9.090909090909083,78.49990817501042,382.0,35.8,0.0,0,0,1,0.4,train,1,1,29.467680608365022,46.38783269961979
sz002522,2025-02-27,1.0,0.6631265121420264,0.9438202247191003,-5.530642750373693,90.91110571832456,342.0,41.8,0.0,0,0,0,0.09259259259259259,train,0,0,1.6474464579901094,1.6474464579901094
sz002523,2025-03-21,1.0,0.3876410449038794,0.4210526315789455,-0.7425742574257432,80.11440684099036,10.0,87.0,1.0,0,0,0,0.09259259259259259,train,0,0,5.437352245862881,5.437352245862881
sz002523,2025-09-30,2.0,0.26476452944991397,0.7083333333333337,0.26385224274405594,82.02413483019187,306.0,44.4,0.0,0,1,0,0.5208333333333335,train,1,0,21.134020618556715,21.134020618556715
sz002526,2024-11-06,1.0,0.2596151438718775,1.0,3.1034482758620863,73.51808959581858,5.0,90.4,1.0,0,0,0,0.17647058823529413,train,1,1,60.535117056856166,94.314381270903
sz002528,2025-02-06,1.0,0.6431466270059865,0.3888888888888901,-5.138339920948609,74.68945790277236,90.0,78.8,0.0,0,0,0,0.575,train,0,0,10.671936758893285,10.671936758893285
sz002528,2025-11-17,2.0,0.565434485390209,1.0,-0.9090909090909038,82.2421371645085,22.0,79.4,0.0,1,0,0,0.2,valid,0,0,4.892966360856277,4.892966360856277
sz002538,2024-11-15,1.0,0.3269395813246353,1.249999999999999,-2.3076923076923106,75.01549569886342,190.0,49.6,0.0,0,1,0,0.4444444444444444,train,0,0,18.879999999999985,18.879999999999985
sz002540,2025-11-20,1.0,0.3145901700378489,0.6999999999999993,0.0,77.05455851058582,286.0,41.7,0.0,0,0,0,0.17647058823529413,valid,0,0,6.573426573426566,6.573426573426566
sz002542,2024-11-08,1.0,0.5692386359034484,0.9743589743589741,-9.677419354838712,79.23333397158349,15.0,83.3,0.0,0,1,0,0.0,train,0,0,-4.684975767366717,-4.684975767366717
sz002542,2025-03-03,2.0,0.5682755273264046,0.42105263157894784,-1.253132832080206,75.78417538975805,214.0,53.9,0.0,0,0,0,0.08955223880597014,train,0,0,3.70370370370372,3.70370370370372
sz002544,2025-04-07,1.0,0.8705611961772973,1.160714285714289,-9.191176470588236,76.45941684898452,226.0,42.5,0.0,0,0,1,0.17647058823529413,train,1,1,21.654749744637392,31.716036772216547
sz002547,2024-09-20,1.0,1.0950131989636067,0.5555555555555545,0.0,84.14024529686827,75.0,67.3,0.0,1,0,0,1.0,train,1,1,47.76119402985073,116.41791044776117
sz002547,2025-02-19,2.0,0.4339703830202799,0.5714285714285714,3.076923076923088,71.83370815687012,8.0,90.3,1.0,0,0,0,0.08955223880597014,train,0,0,6.227106227106227,6.227106227106227
sz002549,2025-06-17,1.0,0.28776143911023544,0.47887323943661897,-0.6237006237006071,78.70057600611969,164.0,55.8,0.0,0,0,0,0.24444444444444444,train,1,1,39.65341488277267,39.65341488277267
sz002552,2025-07-07,1.0,0.5579751900547496,0.786259541984732,-0.5471956224350261,83.60999132335746,312.0,47.0,0.0,1,0,1,1.0,train,1,0,23.684210526315773,23.684210526315773
sz002553,2024-12-11,1.0,0.3470488844040132,1.0178571428571426,-0.990099009900991,76.86704371217505,414.0,43.7,0.0,0,0,0,0.2,train,0,0,0.7471980074719831,0.7471980074719831
sz002553,2025-03-31,2.0,0.8324946967316484,1.0,-9.849823321554773,86.72718479715076,407.0,35.0,0.0,0,0,0,0.0,train,0,1,8.439646712463222,34.396467124632004
sz002559,2024-11-14,1.0,0.36005777928438965,1.2352941176470609,-0.9307135470527417,81.27906027601406,392.0,34.9,0.0,0,1,0,0.5,train,1,0,27.02702702702704,27.02702702702704
sz002560,2025-06-17,1.0,0.4212067958126557,0.4848484848484845,-1.170351105331613,81.06946367467842,302.0,44.0,0.0,0,0,0,0.4444444444444444,train,0,0,2.8277634961439535,15.295629820051415
sz002562,2025-04-23,1.0,0.27317379915996637,0.6129032258064536,-0.23474178403755097,78.74791035865883,2.0,84.4,1.0,1,1,0,0.7241379310344828,train,0,0,18.39080459770117,18.39080459770117
sz002563,2025-09-16,1.0,0.5871228565082147,0.6,0.0,83.30165728417533,41.0,78.8,0.0,0,0,0,0.2,train,0,0,6.794425087108014,7.491289198606266
sz002565,2025-01-17,1.0,0.5527488789420147,0.6666666666666683,0.3389830508474523,78.72528116846789,73.0,68.2,0.0,0,0,0,0.1388888888888889,train,0,0,4.950495049504955,9.24092409240924
sz002566,2025-05-30,1.0,0.4614302989394251,0.7191011235955065,-1.5018773466833557,82.80441179299619,19.0,77.1,0.0,0,0,0,0.2,train,0,0,6.773399014778336,6.773399014778336
sz002570,2025-03-05,1.0,0.30114801690829557,0.6000000000000014,-0.8658008658008698,76.82751610687302,113.0,61.7,0.0,0,0,0,0.08955223880597014,train,1,1,20.905172413793128,70.04310344827587
sz002570,2025-05-21,2.0,0.46614656209476396,0.5853658536585369,2.286585365853666,75.28506090317481,196.0,51.7,0.0,0,0,0,0.08955223880597014,train,0,0,0.8720930232558155,0.8720930232558155
sz002570,2025-06-10,3.0,0.6301893581587371,0.48148148148148107,0.16286644951140072,83.96746366799222,23.0,76.3,0.0,0,0,1,0.288135593220339,train,0,0,7.031249999999978,29.6875
sz002577,2025-01-23,1.0,0.4775955948603943,2.036363636363639,1.1063011063010997,78.0645196966087,323.0,43.1,0.0,1,0,1,0.5208333333333335,train,1,1,50.300601202404806,50.300601202404806
sz002577,2025-04-08,2.0,0.6953783603661462,1.0,-9.979423868312765,87.08949195298823,390.0,35.6,0.0,0,0,0,0.5208333333333335,train,1,0,25.71428571428571,25.71428571428571
sz002577,2025-06-18,3.0,0.3142576761004992,0.7767857142857145,0.14836795252226587,80.3075098177187,16.0,80.4,0.0,0,0,0,0.1388888888888889,train,0,0,2.1812893843916603,6.495395055744058
sz002578,2025-03-05,1.0,0.5300854829645636,0.6842105263157892,0.31249999999998224,85.04526658906929,8.0,85.4,1.0,0,0,0,0.09259259259259259,train,0,0,13.003095975232192,13.003095975232192
sz002580,2025-05-14,1.0,0.27803483116473066,0.6057692307692303,-0.7159904534606243,80.14408897358052,88.0,67.3,0.0,0,0,1,0.5208333333333335,train,1,0,28.16358024691357,28.16358024691357
sz002582,2025-02-26,1.0,0.4449820267878475,0.8243243243243233,1.7989417989418,81.85244831498476,151.0,64.7,0.0,1,0,0,0.7241379310344828,train,1,0,29.43589743589743,29.43589743589743
sz002582,2025-05-26,2.0,0.40450134886353767,0.4098360655737709,-9.536082474226815,77.14094844760602,15.0,87.1,0.0,0,0,0,0.5208333333333335,train,0,0,4.832713754646845,4.832713754646845
sz002583,2024-11-04,1.0,1.5098581699429843,1.0,-10.00788022064617,91.23022685058164,201.0,61.1,0.0,0,0,0,0.08955223880597014,train,0,0,15.411558669001746,15.411558669001746
sz002585,2025-05-16,1.0,0.6968721976350223,0.6333333333333321,-0.3937007874015852,83.91095937875413,41.0,76.2,0.0,1,0,0,0.17647058823529413,train,0,0,1.7307692307692246,10.576923076923084
sz002587,2024-09-04,1.0,0.710788729630761,0.5937500000000007,0.0,82.2492478587463,57.0,72.5,0.0,0,0,0,0.55,train,1,0,25.880281690140848,25.880281690140848
sz002591,2025-01-09,1.0,0.47557914217400776,1.1000000000000003,-0.39920159680637557,82.38238689444654,97.0,67.3,0.0,0,1,0,0.575,train,0,0,8.888888888888879,19.797979797979792
sz002593,2024-12-25,1.0,0.28329321028371496,0.457142857142858,0.5484460694698434,76.80386299018897,78.0,59.6,0.0,0,0,0,0.2,train,0,0,1.7889087656529634,13.595706618962433
sz002593,2025-03-04,2.0,0.3993640071197466,0.5185185185185165,-1.098901098901095,73.05970360102401,217.0,55.4,0.0,0,0,0,0.17647058823529413,train,0,0,8.963093145869937,8.963093145869937
sz002595,2025-03-18,1.0,0.41832745050753395,0.8066914498141255,1.8286814244465655,74.17165705778655,26.0,77.6,0.0,0,1,1,0.17647058823529413,train,0,0,14.18944215649569,15.33133657806065
sz002596,2025-02-18,1.0,0.2588799999924319,1.1,-0.5813953488372103,81.92764404179019,16.0,70.3,0.0,0,0,0,0.17647058823529413,train,1,0,20.71005917159765,21.00591715976332
sz002596,2025-03-05,2.0,0.4208060439721224,0.6666666666666666,0.5633802816901401,77.69971388667336,89.0,64.7,0.0,0,0,0,0.1388888888888889,train,0,0,12.05479452054794,12.05479452054794
sz002596,2025-03-10,3.0,0.7625925416207863,0.7916666666666672,0.27700831024930483,85.97080062293514,84.0,71.9,0.0,0,0,0,0.17647058823529413,train,0,0,10.242587601078167,10.242587601078167
sz002596,2025-04-14,4.0,0.5111863305172841,0.5357142857142849,0.911854103343468,78.37235232443021,6.0,91.2,1.0,0,1,1,0.4,train,0,0,12.753623188405804,12.753623188405804
sz002597,2025-03-14,1.0,0.45541934308940374,0.5839999999999975,-0.5193767479025224,76.39686804371217,3.0,92.5,1.0,1,0,0,0.08955223880597014,train,0,0,5.350118017309202,5.350118017309202
sz002598,2024-10-23,1.0,0.7351775046738431,0.8372093023255848,-0.7194244604316613,81.43465407281852,53.0,75.7,0.0,0,0,0,0.2,train,0,1,9.613130128956637,45.134818288393916
sz002607,2025-04-16,1.0,0.7519662151270216,0.6666666666666666,-0.6644518272425071,86.01320306152505,24.0,77.9,0.0,0,0,0,0.4444444444444444,train,0,0,2.922077922077926,2.922077922077926
sz002609,2025-03-25,1.0,0.60249681371827,1.1428571428571435,-0.31282586027110426,79.81270300626989,441.0,32.9,0.0,0,0,0,0.17647058823529413,train,0,0,10.537407797681775,14.120126448893577
sz002611,2025-07-18,1.0,0.6105117426314971,0.7213114754098359,1.7557861133280284,78.49734813005752,134.0,60.7,0.0,0,0,0,0.2,train,1,1,57.88667687595712,60.336906584992356
sz002612,2024-12-20,1.0,0.653277093515874,0.7191011235955058,0.39525691699604515,80.93045549372673,45.0,78.5,0.0,0,0,0,0.5,train,0,0,3.050471436494706,3.050471436494706
sz002613,2024-12-06,1.0,0.2918989185975396,0.5416666666666657,-0.22831050228310223,76.73817512306658,4.0,93.6,1.0,0,0,0,0.08955223880597014,train,0,0,4.444444444444451,4.444444444444451
sz002614,2025-11-17,1.0,0.3608223561754214,0.6981132075471697,0.0,79.65729334417354,119.0,65.0,0.0,0,0,1,0.2,valid,0,0,9.740259740259738,9.740259740259738
sz002622,2024-12-10,1.0,0.5236345973008736,1.2000000000000004,0.8000000000000007,84.39376119149593,342.0,43.3,0.0,0,0,0,0.24444444444444444,train,0,0,4.972375690607733,4.972375690607733
sz002629,2025-04-16,1.0,0.716466104643822,0.5777777777777782,-9.9609375,80.82236817399543,195.0,48.2,0.0,0,1,0,0.55,train,1,1,21.04166666666667,43.75000000000002
sz002629,2025-10-24,2.0,0.5852452668212054,0.6086956521739144,1.0089686098654793,74.19576870632338,327.0,43.5,0.0,0,0,0,0.09259259259259259,valid,0,0,12.404787812840045,12.404787812840045
sz002633,2025-05-26,1.0,0.3842254785187854,0.8571428571428563,-0.07352941176470562,80.12657758530521,151.0,62.5,0.0,0,0,1,0.7241379310344828,train,1,0,23.760932944606417,23.83381924198249
sz002634,2025-02-18,1.0,0.49799380954303096,1.1290322580645165,1.6260162601626105,86.20377838638363,225.0,44.4,0.0,0,0,0,0.2,train,0,0,10.270270270270277,13.783783783783775
sz002636,2025-11-07,1.0,0.5336206206492291,1.1609195402298855,-2.8268551236749095,74.04533436216305,572.0,21.2,0.0,1,0,0,1.0,valid,0,0,18.826405867970664,18.826405867970664
sz002638,2025-06-30,1.0,0.2803106632945053,0.5454545454545454,0.3968253968253954,79.61914172483154,125.0,66.9,0.0,0,0,1,0.17647058823529413,train,0,0,0.7604562737642651,0.7604562737642651
sz002639,2024-11-06,1.0,1.2630598283263565,0.6,0.29940119760478723,84.55543790487093,26.0,82.3,0.0,1,0,0,0.55,train,0,1,11.432706222865407,47.322720694645426
sz002639,2025-04-08,2.0,0.6142346004303485,1.0731707317073176,-9.60099750623441,74.79488011139945,114.0,67.2,0.0,0,0,1,0.288135593220339,train,1,1,21.468144044321335,90.02770083102493
sz002639,2025-11-06,3.0,0.6351973156001803,1.6249999999999996,0.8759124087591275,77.80231293304983,28.0,78.6,0.0,0,0,0,0.08955223880597014,valid,1,1,27.82348541510846,62.15407629020196
sz002640,2024-11-06,1.0,0.7465319250211931,0.6896551724137936,-0.31746031746030523,88.21710632501092,111.0,66.7,0.0,0,0,0,0.288135593220339,train,1,1,90.18404907975462,130.06134969325154
sz002640,2024-12-10,2.0,0.4130314319384553,0.9354838709677423,-9.771986970684033,77.99295350388111,29.0,83.1,0.0,0,0,0,0.1388888888888889,train,0,0,4.8214285714285765,4.8214285714285765
sz002640,2025-01-13,3.0,0.9171117066416505,0.4166666666666673,-2.4498886414254017,80.65155505981674,517.0,31.1,0.0,0,1,0,0.55,train,1,0,28.026905829596416,28.026905829596416
sz002640,2025-01-27,4.0,0.5973450228945848,1.0714285714285698,-9.341825902335465,78.33801425004978,203.0,52.9,0.0,0,0,0,0.24444444444444444,train,0,0,19.999999999999996,19.999999999999996
sz002642,2024-11-28,1.0,1.1431340910022054,0.8688524590163949,0.12706480304955914,87.02191672581083,46.0,74.8,0.0,0,0,0,0.2,train,0,0,13.840399002493786,13.840399002493786
sz002642,2025-05-12,2.0,0.5442212434062795,0.704545454545455,0.7894736842105399,80.64638720210132,37.0,82.5,0.0,0,0,0,0.1388888888888889,train,0,0,1.5306122448979664,1.5306122448979664
sz002642,2025-08-26,3.0,0.5936727224729236,0.6399999999999982,-0.23529411764705577,81.54425763286226,128.0,66.7,0.0,0,0,0,0.08955223880597014,train,1,1,36.2088535754824,36.2088535754824
sz002645,2025-03-18,1.0,0.5772093182519297,0.7368421052631564,0.2624671916010346,79.52226510524933,30.0,76.2,0.0,1,0,0,0.7241379310344828,train,1,1,32.558139534883715,32.558139534883715
sz002646,2025-07-21,1.0,0.47055426209662654,0.673076923076924,1.2552301255229992,76.55155132609431,182.0,62.1,0.0,0,0,0,0.17647058823529413,train,0,0,12.45059288537551,12.45059288537551
sz002654,2025-04-07,1.0,0.6352934749645367,1.0277777777777772,-9.820732657833197,80.86904397890817,305.0,36.1,0.0,0,0,0,0.0,train,0,0,6.320346320346304,11.255411255411252
sz002654,2025-06-11,2.0,0.4199748896225863,0.8032786885245913,-0.08474576271187972,81.13131704765063,11.0,84.3,0.0,0,0,0,0.2,train,0,0,7.41049125728559,7.41049125728559
sz002657,2024-12-24,1.0,0.5722616376234632,0.3732394366197171,-0.7843137254901933,76.23559426663036,226.0,57.0,0.0,0,0,0,0.4,train,0,0,-0.8624820316243342,9.1998083373263
sz002657,2025-06-06,2.0,0.3312273183679469,1.1262135922330088,-5.934389974198306,76.51744714567428,247.0,50.1,0.0,0,0,0,0.09259259259259259,train,1,1,21.931908155186065,38.44022169437844
sz002659,2025-03-05,1.0,0.33734382173531957,0.549019607843137,0.6224066390041472,81.95673757805226,97.0,64.1,0.0,0,0,0,0.1388888888888889,train,0,0,4.600000000000004,4.600000000000004
sz002662,2024-11-15,1.0,0.40679679540392816,1.3809523809523814,1.7412935323383172,80.61476723170715,306.0,39.7,0.0,0,1,0,0.1388888888888889,train,0,0,8.557457212713949,8.557457212713949
sz002663,2025-07-04,1.0,0.44558573064168605,1.3,-0.520833333333337,85.07063299794171,134.0,56.7,0.0,0,0,0,0.08955223880597014,train,0,0,6.28272251308899,6.28272251308899
sz002663,2025-09-02,2.0,0.26175296872076637,0.6666666666666666,1.0309278350515427,80.34860962405635,162.0,52.2,0.0,0,1,0,0.2,train,0,0,13.99999999999999,25.0
sz002664,2024-10-24,1.0,0.4329917070015824,0.739130434782607,-0.7581501137225111,81.6595370593754,471.0,32.9,0.0,0,0,0,0.4,train,1,1,32.838038632986624,32.838038632986624
sz002667,2024-09-10,1.0,0.5934585509349213,1.4210526315789478,0.15384615384614886,79.14841055900143,357.0,43.1,0.0,1,0,0,1.0,train,1,1,46.7716535433071,100.31496062992127
sz002667,2025-02-05,2.0,0.6040870409125213,0.7384615384615387,-1.5756302521008458,78.00159604266663,206.0,56.5,0.0,1,0,1,0.24444444444444444,train,0,1,16.35220125786163,37.31656184486374
sz002671,2025-05-23,1.0,0.9924926846429621,1.0769230769230789,0.23474178403755097,86.0703946516675,213.0,46.6,0.0,0,0,0,0.1388888888888889,train,0,0,11.267605633802823,23.474178403755875
sz002676,2024-11-28,1.0,0.415828111652406,0.7941176470588226,0.0,76.06923421394556,452.0,34.0,0.0,0,0,0,0.24444444444444444,train,0,0,18.788819875776387,18.788819875776387
sz002682,2024-12-05,1.0,0.6724349805622509,0.5937500000000001,-4.340567612687806,81.89950798487338,36.0,86.5,0.0,0,0,0,0.2,train,0,0,6.788079470198682,6.788079470198682
sz002682,2025-05-27,2.0,0.36427971494116573,1.2142857142857126,0.6072874493926905,79.67187249198,78.0,71.0,0.0,0,0,0,0.17647058823529413,train,0,0,16.17357001972386,16.17357001972386
sz002682,2025-06-18,3.0,0.458995094041142,0.4166666666666685,-0.41928721174003813,77.10495727071715,43.0,73.6,0.0,0,0,0,0.2,train,0,0,5.316973415132931,5.316973415132931
sz002685,2025-01-09,1.0,0.27484472302571067,0.7083333333333337,-1.0954616588419341,82.41241927488225,85.0,68.2,0.0,0,0,0,0.575,train,0,0,9.104704097116855,12.89833080424887
sz002689,2024-10-22,1.0,0.601709081622886,0.5999999999999994,0.0,76.5561600395391,355.0,49.0,0.0,0,0,0,0.17647058823529413,train,1,1,33.22784810126582,74.68354430379745
sz002691,2024-12-11,1.0,0.3209644749511202,0.4772727272727268,-0.7751937984496138,79.23200408140984,455.0,39.8,0.0,0,0,0,0.288135593220339,train,0,1,2.102102102102088,106.30630630630628
sz002691,2025-02-14,2.0,0.37043561189670166,1.0,-9.970887918486182,78.67242204435837,433.0,30.7,0.0,0,0,0,0.0,train,0,0,14.793856103476145,14.793856103476145
sz002691,2025-08-29,3.0,0.32431524307141646,0.5714285714285714,-0.11337868480725266,78.75962585443811,92.0,64.1,0.0,0,0,0,0.1388888888888889,train,0,0,10.738255033557053,10.738255033557053
sz002692,2025-01-15,1.0,0.7078683293309679,0.5769230769230771,-3.9583333333333193,79.78593613207158,327.0,40.3,0.0,1,1,0,0.7241379310344828,train,1,1,39.665970772442606,39.665970772442606
sz002692,2025-05-26,2.0,0.2995504357991344,0.5588235294117635,0.8196721311475308,77.94187579822919,22.0,82.8,0.0,1,0,0,0.288135593220339,train,0,0,7.495069033530566,7.495069033530566
sz002693,2024-11-04,1.0,0.8849906434159562,1.0,-9.98810939357907,87.96122937038588,266.0,55.8,0.0,0,0,0,0.0,train,0,0,5.019815059445176,5.019815059445176
sz002693,2024-11-13,2.0,0.5159311937635118,1.8409090909090904,0.64179703168874,78.19937329192244,407.0,38.1,0.0,0,0,1,1.0,train,1,1,30.108423686405338,30.108423686405338
sz002696,2025-03-27,1.0,0.45618568729384557,0.7000000000000003,-0.18348623853210455,77.07724614193054,152.0,55.8,0.0,0,0,0,0.24444444444444444,train,0,0,6.581352833638032,10.786106032906773
sz002700,2024-11-14,1.0,0.4923259015974256,0.7377049180327864,-0.8662175168431152,81.39606479273199,36.0,64.2,0.0,0,0,0,0.08955223880597014,train,0,0,9.94263862332696,9.94263862332696
sz002702,2024-11-28,1.0,0.6912974519507021,0.7741935483870984,-0.9174311926605561,83.8398861678665,19.0,83.4,0.0,0,0,0,0.288135593220339,train,1,1,58.09312638580933,58.09312638580933
sz002702,2025-04-29,2.0,0.25636296654912555,0.909090909090911,0.5037783375314797,81.64360664710266,136.0,63.5,0.0,0,0,0,0.2,train,0,0,8.888888888888902,9.135802469135811
sz002703,2025-09-16,1.0,0.46964606281270505,1.0246913580246908,-0.07401924500369805,74.9591417521139,3.0,90.4,1.0,0,0,1,0.288135593220339,train,0,0,11.045655375552288,11.045655375552288
sz002708,2024-09-02,1.0,8.022230964490722,0.9565217391304338,0.0,82.1444048160788,38.0,71.7,0.0,0,0,0,0.5208333333333335,train,0,1,18.965517241379317,53.18302387267906
sz002708,2025-04-08,2.0,0.8079916426150147,0.9803921568627455,-9.99107939339876,79.9688481606068,99.0,69.7,0.0,0,0,0,0.2,train,1,0,24.752475247524753,24.752475247524753
sz002713,2024-09-05,1.0,0.6482116724944973,0.7500000000000019,-1.5873015873015928,79.3510060285733,68.0,80.7,0.0,0,0,0,0.5208333333333335,train,1,1,37.64705882352941,117.64705882352943
sz002713,2025-04-28,2.0,1.0217847264671582,0.5357142857142865,-1.2820512820512775,75.76981970232957,72.0,61.5,0.0,1,1,1,1.0,train,1,1,33.827160493827165,33.827160493827165
sz002715,2025-06-23,1.0,0.9428393028296841,0.4454545454545467,-0.17441860465114978,78.09549529135036,224.0,57.9,0.0,0,1,0,0.4,train,0,0,9.182530795072786,9.742441209406504
sz002717,2024-11-04,1.0,0.9580103539507269,1.0,-9.999999999999998,93.08159921075938,86.0,72.5,0.0,0,1,0,0.08955223880597014,train,0,1,19.999999999999996,80.0
sz002717,2024-12-10,2.0,0.5465629483815595,0.6444444444444443,-4.400977995110022,76.73206669157994,59.0,73.4,0.0,0,1,0,0.575,train,1,1,39.3120393120393,39.3120393120393
sz002717,2024-12-23,3.0,0.41842611956067943,1.0,-10.052910052910057,81.97823339994568,153.0,49.0,0.0,0,0,0,0.0,train,0,0,-7.4509803921568585,-7.4509803921568585
sz002717,2024-12-25,4.0,0.4109619550795026,1.0,-10.02178649237473,80.2766566505653,338.0,38.4,0.0,0,0,0,0.0,train,0,0,-1.4527845036319542,10.411622276029053
sz002723,2024-12-19,1.0,0.6819512790183271,0.40476190476190466,-1.7789072426937724,72.58253875576311,15.0,86.4,0.0,0,0,0,0.2,train,0,0,0.6265664160400863,12.656641604010034
sz002724,2025-08-15,1.0,0.4925961000516301,0.45161290322580755,-1.2269938650306678,78.2469594251266,28.0,86.1,0.0,1,0,0,0.2,train,0,0,3.113772455089814,3.113772455089814
sz002725,2024-10-16,1.0,0.3231055849772588,0.7741935483870955,-1.0893246187363759,83.35097835438123,285.0,48.9,0.0,0,0,0,0.5208333333333335,train,1,1,103.59028511087645,103.59028511087645
sz002725,2025-04-25,2.0,0.3050419782203998,0.8400000000000011,1.4828544949026856,82.11415971012718,91.0,67.9,0.0,0,0,0,0.2,train,0,0,14.50313339301701,14.50313339301701
sz002725,2025-08-21,3.0,0.5157569025155662,1.5402298850574756,1.9326683291770674,76.34996742345173,261.0,48.6,0.0,0,0,0,0.09259259259259259,train,0,0,-0.7430340557275428,6.439628482972148
sz002730,2025-01-13,1.0,0.3086244014988524,1.3676470588235297,-8.397932816537468,71.52918637550721,414.0,37.8,0.0,0,0,1,0.5208333333333335,train,1,1,97.70279971284997,97.70279971284997
sz002733,2025-06-11,1.0,3.5801011364213,1.2795698924731163,3.409090909090895,82.83005917274596,12.0,84.2,0.0,0,0,0,0.288135593220339,train,0,0,5.893300248138944,11.166253101736977
sz002735,2025-03-28,1.0,0.29961914513498,1.028985507246376,-3.891402714932135,74.46469240029367,16.0,76.7,0.0,0,0,0,0.0,train,0,1,8.867924528301874,106.13207547169812
sz002738,2025-07-17,1.0,0.43709759475359633,0.4938271604938251,0.4766444232602529,73.9608371404042,9.0,86.1,1.0,0,0,1,0.2,train,1,1,32.92383292383292,38.45208845208843
sz002757,2024-10-23,1.0,0.6343330580684418,0.7469879518072279,0.07621951219514145,80.24029292955942,61.0,74.8,0.0,0,0,0,0.5208333333333335,train,1,1,51.818856718633995,51.818856718633995
sz002760,2025-04-18,1.0,0.28489011769509476,0.731958762886597,0.0,78.01822205049835,286.0,45.4,0.0,1,0,0,0.288135593220339,train,0,0,15.443175638934203,15.443175638934203
sz002761,2024-12-06,1.0,0.4738440916307604,0.5151515151515148,2.9880478087649376,77.85390797608322,31.0,81.5,0.0,0,0,0,0.24444444444444444,train,0,0,4.971857410881797,4.971857410881797
sz002762,2024-09-19,1.0,0.6003540948932865,0.6000000000000005,0.3745318352059934,83.01845563844695,187.0,61.0,0.0,0,0,0,0.24444444444444444,train,1,1,38.47517730496455,57.44680851063833
sz002766,2025-01-10,1.0,0.4023759934031967,1.2439024390243894,0.17825311942958333,83.22349381795595,71.0,58.5,0.0,0,1,0,0.575,train,1,0,25.270758122743686,25.270758122743686
sz002768,2025-08-01,1.0,0.5188768879570033,1.0925110132158595,-0.2773155851358844,80.04897248413056,86.0,66.7,0.0,1,0,0,0.5208333333333335,train,1,1,45.73426573426573,49.650349650349646
sz002771,2025-11-24,1.0,0.6015179483704152,0.4252873563218397,-0.11976047904190823,75.2107298521183,12.0,91.3,0.0,0,0,0,0.4444444444444444,valid,0,0,3.988439306358371,3.988439306358371
sz002777,2024-09-09,1.0,0.6739444707689111,1.1355932203389827,-0.5714285714285783,76.89547115225697,19.0,78.5,0.0,1,0,0,0.575,train,1,1,70.87062652563061,103.66151342554923
sz002777,2024-10-11,2.0,0.48060439987964476,1.2812499999999993,-5.008347245409006,78.00992213134695,280.0,41.0,0.0,0,1,0,0.7241379310344828,train,1,1,44.524236983842,49.79054458408139
sz002778,2024-12-30,1.0,0.9160216515746901,0.7529411764705908,-1.4843320505772417,73.80429443810543,132.0,56.2,0.0,0,0,1,0.17647058823529413,train,0,0,6.0672917815775,21.290678433535582
sz002779,2025-05-19,1.0,0.6524204284099605,0.8345498783454982,-1.2077294685990392,87.76608492511836,254.0,53.7,0.0,0,0,0,0.08955223880597014,train,0,0,0.952380952380949,0.952380952380949
sz002780,2024-11-06,1.0,1.962412746981346,0.6986301369863007,0.0,84.31042791555295,26.0,82.3,0.0,1,0,0,0.575,train,1,1,27.256637168141594,41.5929203539823
sz002786,2025-09-03,1.0,0.2570173698374857,0.5517241379310349,0.0954198473282375,76.06166027227636,314.0,39.6,0.0,0,0,0,0.08955223880597014,train,0,0,2.4163568773234223,2.4163568773234223
sz002789,2025-11-05,1.0,0.612168159087851,0.4626865671641799,-0.6734006734006703,80.08750579560699,25.0,83.5,0.0,0,0,0,0.08955223880597014,valid,0,0,9.046052631578938,9.046052631578938
sz002790,2024-12-02,1.0,0.5547811816174085,0.6904761904761928,0.12224938875304847,75.91843465654347,277.0,56.6,0.0,0,0,0,0.17647058823529413,train,0,0,3.6384976525821733,3.6384976525821733
sz002798,2025-09-12,1.0,0.37095094834644826,0.8484848484848491,0.60882800608828,77.29904962221042,330.0,41.4,0.0,0,0,0,0.17647058823529413,train,0,0,1.2012012012011963,1.2012012012011963
sz002799,2024-09-12,1.0,0.6307321071352465,0.5762711864406785,0.15673981191222097,80.90820361686231,18.0,79.3,0.0,0,0,0,0.575,train,1,1,31.32530120481929,42.31927710843373
sz002799,2024-09-20,2.0,0.9337513548025802,0.6923076923076917,-0.7163323782235054,80.95372637250273,139.0,57.9,0.0,0,0,1,0.17647058823529413,train,1,1,23.163841807909602,33.47457627118644
sz002799,2025-05-09,3.0,0.6575591395643543,0.7538461538461534,-0.5194805194805197,85.47264922170696,106.0,57.0,0.0,0,0,0,0.08955223880597014,train,0,0,7.788944723618085,13.94472361809045
sz002799,2025-11-18,4.0,0.4796465473746971,0.8000000000000013,0.22271714922048602,79.68301342932774,2.0,86.2,1.0,0,0,1,0.17647058823529413,valid,0,0,11.074197120708739,11.295681063122931
sz002799,2025-11-27,5.0,0.3707812534405347,0.5799999999999983,-0.11001100110010764,76.11397554087445,45.0,71.6,0.0,0,1,0,0.09259259259259259,valid,0,0,8.54978354978353,8.766233766233778
sz002800,2025-03-12,1.0,0.4837894910259382,0.5333333333333341,-0.09182736455463081,73.79571336588926,192.0,57.4,0.0,1,0,0,0.2,train,1,1,28.63475177304966,41.48936170212767
sz002805,2025-03-24,1.0,0.640106679109682,0.4534883720930222,-0.8593750000000067,77.66903864960243,75.0,66.4,0.0,0,0,0,0.2,train,0,0,-0.9309542280837912,-0.9309542280837912
sz002809,2025-03-21,1.0,0.45737505598491596,0.741379310344827,-0.895856662933936,82.39953887660592,85.0,63.8,0.0,0,0,0,0.2,train,0,1,17.24137931034482,104.5606229143493
sz002809,2025-06-16,2.0,0.3203126629949163,0.5205479452054802,-0.785545954438327,74.92490640857315,489.0,32.4,0.0,0,0,0,0.288135593220339,train,0,0,13.056603773584907,13.056603773584907
sz002811,2025-02-13,1.0,0.37448748547038235,0.9285714285714275,3.2618825722273925,81.79201732346122,86.0,62.0,0.0,0,0,0,0.2,train,0,0,14.375561545372872,14.375561545372872
sz002816,2025-04-28,1.0,0.5094431815004996,0.8243243243243233,-0.27247956403269047,77.41534942532213,443.0,32.4,0.0,1,1,1,1.0,train,1,1,82.3371989295272,82.3371989295272
sz002819,2025-08-19,1.0,0.3322871882717904,1.1949685534591206,-0.9180120291231386,77.6864381795266,30.0,78.4,0.0,0,0,0,0.1388888888888889,train,0,0,8.528325123152714,8.528325123152714
sz002820,2025-10-23,1.0,0.7169662383127537,0.48437500000000033,-0.31496062992125706,74.90561864945737,119.0,64.3,0.0,0,0,0,0.09259259259259259,valid,0,0,18.840579710144922,18.840579710144922
sz002823,2025-02-24,1.0,0.3743279467319229,0.808510638297873,0.33025099075296716,75.28298952356046,301.0,48.4,0.0,0,0,0,0.2,train,0,0,7.828282828282829,7.828282828282829
sz002824,2025-06-26,1.0,0.403298353059477,0.8350515463917523,0.0,77.72453921858985,92.0,63.9,0.0,1,0,0,0.17647058823529413,train,0,0,9.464285714285703,20.952380952380945
sz002825,2025-02-12,1.0,0.35748560852100225,0.6406249999999997,-0.2406738868832914,77.83170238981168,111.0,71.7,0.0,0,0,0,0.2,train,0,0,7.234539089848302,12.952158693115523
sz002827,2025-07-04,1.0,0.5631320058334768,0.5314960629921253,0.03075030750305796,78.49520734886191,187.0,50.8,0.0,0,0,1,0.5208333333333335,train,1,1,84.22619047619047,84.22619047619047
sz002828,2025-10-23,1.0,0.3216659969178333,1.1546391752577325,-0.5636070853462183,77.69077278843076,71.0,69.5,0.0,0,0,0,0.2,valid,0,0,3.9735099337748325,3.9735099337748325
sz002829,2024-10-17,1.0,0.8449239066100407,0.49999999999999895,-1.6119746689694958,82.99945612745285,52.0,73.1,0.0,0,0,0,0.575,train,1,1,24.66517857142856,43.58258928571428
sz002836,2025-09-22,1.0,0.42828828668293045,1.2096774193548403,-0.43290043290044045,80.36505471030378,79.0,69.3,0.0,0,0,1,0.575,train,1,1,28.540540540540537,74.4864864864865
sz002838,2024-09-26,1.0,0.5561240228335455,0.5471698113207553,-0.3303964757709221,75.39687895697595,543.0,36.4,0.0,1,0,0,0.4444444444444444,train,1,1,71.90170940170941,71.90170940170941
sz002838,2025-04-14,2.0,0.2778564092052628,0.6702127659574474,2.4193548387096753,73.47415644524006,157.0,64.2,0.0,0,0,0,0.2,train,0,0,5.826397146254458,16.884661117717002
sz002842,2024-12-02,1.0,0.4151786842956303,0.6184210526315783,-0.2600780234070288,80.84678165741968,502.0,38.9,0.0,0,0,0,0.288135593220339,train,0,0,-1.0349288486416586,-1.0349288486416586
sz002843,2025-02-18,1.0,0.29346710414397903,1.3723404255319147,-0.7285974499089187,80.24110282604308,208.0,45.7,0.0,0,1,0,0.24444444444444444,train,0,0,17.36346516007532,17.36346516007532
sz002846,2025-02-07,1.0,0.41594352025142833,0.6400000000000006,-0.22988505747125743,74.86700579699871,231.0,56.1,0.0,0,0,0,0.17647058823529413,train,0,1,10.609480812641102,37.810383747178356
sz002848,2024-12-23,1.0,0.39584439702848323,2.862068965517241,1.7527675276752808,79.86644022490312,99.0,54.8,0.0,0,1,0,0.1388888888888889,train,0,0,-7.537688442211055,-7.537688442211055
sz002848,2025-02-25,2.0,0.2996835136647888,0.9361702127659588,-1.167883211678833,80.47173994789432,74.0,66.5,0.0,0,0,0,0.17647058823529413,train,0,0,4.107648725212476,4.107648725212476
sz002853,2024-12-13,1.0,0.5632166787031277,0.9651162790697682,0.16366612111291534,79.71279939771252,12.0,88.1,0.0,0,0,0,0.288135593220339,train,0,0,9.453952730236349,9.453952730236349
sz002855,2025-02-24,1.0,0.4983589029173412,0.5181347150259068,-0.767386091127098,82.3138069998016,386.0,41.6,0.0,1,0,0,0.4444444444444444,train,0,0,9.999999999999986,9.999999999999986
sz002855,2025-06-18,2.0,0.9845690349329623,0.6589595375722545,-0.32555615843732344,81.1669503145688,16.0,80.4,0.0,0,0,0,0.09259259259259259,train,0,0,5.876180482686255,5.876180482686255
sz002855,2025-08-20,3.0,0.4914800055500305,0.5963302752293599,-0.25839793281654533,76.75330876187158,10.0,88.8,1.0,0,0,0,0.08955223880597014,train,0,0,3.3663366336633693,3.3663366336633693
sz002855,2025-11-25,4.0,0.4093872979717792,1.1485148514851469,-1.025641025641022,76.35111730928774,45.0,77.2,0.0,0,0,0,0.11315264559836966,valid,0,0,6.966998428496596,6.966998428496596
sz002857,2024-11-15,1.0,0.3655749499443498,1.296874999999999,-0.718276137270546,77.43828529059215,422.0,32.9,0.0,0,0,0,0.288135593220339,train,1,0,23.643724696356273,23.643724696356273
sz002858,2024-11-13,1.0,0.7737250566272973,1.7249999999999994,0.14025245441795509,80.62780502099622,9.0,86.4,1.0,0,1,1,0.2,train,0,0,3.5766423357664223,14.08759124087593
sz002861,2024-12-17,1.0,0.33983315879194864,2.4729729729729724,0.1335113484646211,77.37676104118768,50.0,62.1,0.0,1,0,0,0.575,train,0,1,16.175413371675052,38.030194104960444
sz002862,2025-03-27,1.0,0.8073925045985001,0.7293233082706768,1.1485735457577029,79.98727590276654,53.0,71.0,0.0,0,0,0,0.4444444444444444,train,0,0,7.268170426065157,7.268170426065157
sz002864,2025-09-17,1.0,0.5063762835745539,0.7527472527472512,-0.1922460749759769,77.64676200786631,462.0,32.2,0.0,0,0,0,0.17647058823529413,train,0,1,2.0569620253164445,35.69620253164558
sz002866,2025-11-10,1.0,0.2679436061451509,0.6341463414634153,0.15940488841659217,78.55838510142945,362.0,46.5,0.0,0,0,0,0.2,valid,0,0,13.676092544987139,13.676092544987139
sz002868,2024-12-13,1.0,0.3466285299051483,1.860215053763438,-2.014462809917361,75.19257329713423,47.0,76.8,0.0,0,0,0,0.17647058823529413,train,0,0,18.118279569892447,18.118279569892447
sz002868,2025-11-20,2.0,2.2007848493444415,1.6996336996337018,-0.8836206896551624,80.50870978519198,8.0,81.9,1.0,0,1,0,0.0,valid,0,0,4.49183303085301,4.49183303085301
sz002871,2025-01-02,1.0,0.48323796158058496,2.52542372881356,-1.898734177215189,86.59544718661235,162.0,50.5,0.0,0,0,0,0.575,train,0,0,8.287895310796078,10.796074154852775
sz002875,2024-12-02,1.0,0.9439595686352223,0.5954198473282436,-0.8224811514736086,81.83598635234482,87.0,76.1,0.0,0,0,0,0.24444444444444444,train,0,0,16.16294349540077,16.16294349540077
sz002875,2025-10-10,2.0,0.2960402235727558,0.911764705882353,0.11261261261261701,74.81794561367468,36.0,78.5,0.0,0,0,0,0.1388888888888889,valid,0,0,13.766088416340217,13.766088416340217
sz002876,2024-09-02,1.0,0.33347588862308947,1.027027027027028,0.0,76.34129477168636,207.0,56.7,0.0,0,0,0,0.55,train,1,1,26.172839506172842,42.419753086419746
sz002877,2025-02-17,1.0,0.8703337727885836,0.3846153846153836,0.0,79.60394568485934,36.0,79.5,0.0,0,0,0,0.17647058823529413,train,0,0,2.399127589967298,5.234460196292257
sz002877,2025-08-26,2.0,0.5870141959594221,0.6285714285714284,0.0,80.31782443726452,268.0,51.7,0.0,0,0,0,0.1388888888888889,train,0,0,1.5184381778741818,1.5184381778741818
sz002881,2024-12-30,1.0,0.267500430032056,0.7708333333333329,2.258726899383978,77.70029613010205,11.0,80.2,0.0,0,1,0,0.5208333333333335,train,1,1,45.114754098360656,139.34426229508196
sz002882,2024-11-12,1.0,0.8978238119298618,0.9080459770114959,0.4449388209121219,79.34233723823505,461.0,31.1,0.0,1,0,0,0.7241379310344828,train,0,0,10.000000000000009,10.000000000000009
sz002884,2025-01-20,1.0,0.41076947543185227,0.5357142857142865,1.3873473917868973,75.53249620944534,227.0,54.0,0.0,1,0,0,0.2,train,0,0,0.05321979776478081,0.05321979776478081
sz002884,2025-08-15,2.0,0.6582186364203566,0.44318181818181934,0.17391304347826875,78.01492919721755,4.0,94.0,1.0,0,0,0,0.09259259259259259,train,0,0,4.679665738161565,4.679665738161565
sz002885,2025-01-20,1.0,0.259323377859916,0.7580645161290342,1.0517799352750767,77.20150232889027,31.0,76.8,0.0,1,0,0,0.55,train,0,1,9.64230171073095,39.968895800933126
sz002885,2025-03-19,2.0,0.618781749996595,0.9934210526315802,3.032140691328067,81.2149309687419,152.0,56.3,0.0,0,0,0,0.08955223880597014,train,0,0,-2.001212856276524,-2.001212856276524
sz002885,2025-10-27,3.0,0.3476334486033845,0.8320000000000022,4.416809605488847,76.69843678053661,11.0,80.0,0.0,0,0,1,0.288135593220339,valid,1,1,52.11726384364821,52.11726384364821
sz002890,2025-03-20,1.0,0.2751020927580486,0.7109375000000004,-2.49597423510467,79.39963976159507,82.0,66.6,0.0,0,0,0,0.2,train,0,0,-3.0732860520094496,2.6792750197005555
sz002891,2025-04-07,1.0,0.797061084310606,2.032608695652179,-5.378437576052564,80.79984814246913,8.0,82.0,1.0,0,0,0,0.4444444444444444,train,1,1,62.790697674418624,100.10816657652785
sz002892,2024-12-11,1.0,0.3003614081966493,1.1578947368421086,2.2483392948390524,77.25555962087137,416.0,43.6,0.0,0,0,0,0.17647058823529413,train,0,0,-0.8572869389813276,-0.8572869389813276
sz002893,2025-11-21,1.0,0.3738890489782703,0.9047619047619041,-1.920122887864828,72.07115250153961,416.0,31.6,0.0,0,0,0,0.1388888888888889,valid,0,0,13.484021823850355,13.484021823850355
sz002898,2025-08-11,1.0,0.2767515931074001,1.5952380952380953,-0.9518143961927406,76.82208316013445,194.0,61.7,0.0,0,0,0,0.2,train,0,0,4.705882352941182,4.705882352941182
sz002899,2024-11-08,1.0,0.43141662421097254,0.771653543307085,1.7524644030668002,79.32682912854294,131.0,62.3,0.0,1,0,0,0.55,train,1,1,22.310545839957598,40.540540540540526
sz002899,2024-12-19,2.0,0.3645402510145341,1.151898734177214,0.9926629261976627,79.1354785701342,324.0,41.1,0.0,1,0,0,0.575,train,0,0,10.017271157167528,21.76165803108807
sz002899,2025-06-30,3.0,0.3272169327712345,0.5462184873949592,0.04566210045662267,71.52903821453566,128.0,66.7,0.0,0,0,0,0.2,train,0,0,12.383073496659257,12.383073496659257
sz002900,2024-10-30,1.0,0.45813617894841663,0.4629629629629629,0.0,79.86976527488319,170.0,62.1,0.0,0,0,0,0.288135593220339,train,1,0,26.534653465346537,26.534653465346537
sz002902,2024-09-04,1.0,0.6240023065963799,0.6138613861386161,-0.05128205128206442,76.19205800782343,184.0,58.5,0.0,0,0,0,0.5208333333333335,train,0,1,16.05184446660022,38.03589232303093
sz002902,2024-11-04,2.0,0.35798758540539,0.3614457831325288,-2.899159663865547,70.40643022537792,49.0,78.7,0.0,0,1,0,0.575,train,0,0,14.563508481588737,14.563508481588737
sz002902,2025-03-27,3.0,0.5133248389401933,0.6831683168316833,-0.2557544757033292,75.96489899705591,162.0,54.8,0.0,0,0,0,0.09259259259259259,train,0,0,-0.05099439061702071,-0.05099439061702071
sz002908,2024-10-30,1.0,0.8138476820963908,0.42222222222222405,-0.9988901220865709,78.1163184969619,57.0,74.9,0.0,0,0,0,0.288135593220339,train,0,0,18.551042810098807,24.47859495060374
sz002909,2025-08-21,1.0,0.418828454917111,0.6216216216216202,0.708215297450443,76.31026315312631,102.0,62.5,0.0,0,0,0,0.17647058823529413,train,0,0,6.536856745479835,6.536856745479835
sz002910,2025-01-02,1.0,11.603522229046327,1.800000000000002,-20.68965517241378,84.02497446392336,74.0,61.0,0.0,0,0,0,0.1388888888888889,train,0,1,7.5880758807588045,96.07046070460706
sz002910,2025-04-18,2.0,0.4946845301573955,0.5700000000000003,-0.8620689655172376,85.10354442563695,490.0,31.0,0.0,0,0,0,0.17647058823529413,train,0,0,13.906581740976653,13.906581740976653
sz002910,2025-04-24,3.0,0.7927424138181238,0.7868852459016408,-5.590062111801252,79.7672381191942,33.0,76.7,0.0,0,0,0,0.08955223880597014,train,0,0,5.263157894736836,5.701754385964919
sz002913,2025-01-09,1.0,0.6231092001246422,0.5333333333333334,0.2712477396021651,82.20228444218488,1.0,92.3,1.0,0,0,0,0.5208333333333335,train,1,1,28.540587219343692,36.485319516407586
sz002913,2025-07-18,2.0,0.767229583258586,0.969696969696972,0.31347962382444194,82.5572896621892,438.0,35.9,0.0,0,0,1,0.2,train,1,0,27.283040272263204,27.283040272263204
sz002915,2025-08-08,1.0,0.38555078163713147,1.260536398467433,0.07443245254930009,81.56181952175864,46.0,73.2,0.0,1,1,0,0.4444444444444444,train,1,0,25.29568866844716,25.29568866844716
sz002919,2025-05-30,1.0,0.5171000977582421,1.0175438596491224,0.0,86.14441003894292,95.0,61.7,0.0,0,0,0,0.2,train,0,0,6.670784434836308,8.091414453366275
sz002919,2025-10-13,2.0,0.7415118848879949,0.4222222222222218,-3.8461538461538547,72.23319476098362,421.0,32.8,0.0,0,0,0,0.09259259259259259,valid,0,1,19.249394673123476,47.09443099273609
sz002920,2024-09-09,1.0,0.3280310247091666,0.7418032786885232,-9.520871889779981,72.70434966165567,381.0,37.6,0.0,1,1,0,0.5208333333333335,train,1,1,56.84517140936589,61.886623347524086
sz002921,2025-07-23,1.0,0.5609429359371003,1.2446808510638303,-0.31746031746032743,79.21315314544962,360.0,37.3,0.0,0,0,0,0.2,train,1,0,27.33202870189171,27.33202870189171
sz002923,2025-04-08,1.0,0.7574815963362053,0.9444444444444441,-10.011441647597252,92.71998501546702,110.0,68.4,0.0,0,0,0,0.0,train,0,0,-1.13924050632912,-1.13924050632912
sz002925,2025-03-11,1.0,0.5625300010432369,0.363636363636363,0.06176652254477055,80.75586685891749,75.0,71.3,0.0,1,0,0,0.2,train,0,0,6.099706744868039,6.099706744868039
sz002927,2024-09-11,1.0,0.33892526074899704,0.7377049180327864,-1.0536398467432928,81.50648505171222,30.0,72.5,0.0,0,0,0,0.5208333333333335,train,1,1,26.42924086223055,30.459231490159322
sz002928,2025-07-23,1.0,0.330606468001594,0.9361702127659551,2.9308323563892236,79.47936112674232,60.0,65.4,0.0,0,0,0,0.09259259259259259,train,0,0,3.745743473325769,13.62088535754824
sz002930,2025-04-17,1.0,0.5535709561889649,0.5660377358490567,-0.20682523267838704,75.978908746042,5.0,89.4,1.0,0,0,0,0.2,train,0,0,6.3508064516129,23.38709677419355
sz002930,2025-11-25,2.0,0.5946375800010376,0.46969696969696767,-0.18248175182482562,76.05991808169102,313.0,50.0,0.0,0,0,0,0.24444444444444444,valid,0,0,9.050966608084355,9.050966608084355
sz002931,2025-04-29,1.0,0.5722436949702354,0.5154639175257738,1.2353304508956109,79.05105535906203,13.0,84.1,0.0,0,0,0,0.24444444444444444,train,0,0,0.8303677342823335,0.8303677342823335
sz002933,2025-06-03,1.0,0.4113142071571052,0.8101851851851865,0.8219178082191636,78.67152134834015,311.0,47.9,0.0,0,0,0,0.4,train,0,0,8.747396608152336,10.62183873847069
sz002942,2025-06-09,1.0,0.4697641767087647,0.458904109589042,0.0,78.41625587704358,92.0,72.0,0.0,0,0,0,0.24444444444444444,train,0,0,5.199781061850017,25.779967159277504
sz002951,2025-07-17,1.0,0.2988744805443845,1.4814814814814796,-1.7589239524055889,80.32669872950527,157.0,64.1,0.0,0,0,0,0.2,train,0,0,4.3382756727073035,9.170785282811632
sz002952,2024-10-21,1.0,0.39377203405275674,0.6715328467153266,0.48076923076922906,73.75419157323577,139.0,68.3,0.0,0,1,1,0.575,train,0,0,18.605562083822957,18.605562083822957
sz002953,2024-12-10,1.0,0.415788625433365,0.6545454545454548,1.9895287958115127,78.30087001994515,380.0,40.0,0.0,0,1,0,0.7241379310344828,train,1,1,74.79674796747966,74.79674796747966
sz002953,2025-08-25,2.0,0.5178978533629798,0.47126436781609254,-4.595185995623641,73.85846424857137,54.0,74.1,0.0,1,0,0,0.288135593220339,train,0,0,19.645494830132936,19.645494830132936
sz002956,2025-04-10,1.0,0.38762478918171095,0.7450980392156881,1.1461318051575908,75.82364601850395,23.0,87.0,0.0,0,0,0,0.4,train,1,1,24.62142456533931,42.120022434099845
sz002956,2025-11-14,2.0,0.27491159496262785,0.841530054644809,-0.5241935483870974,75.11978145068223,136.0,60.9,0.0,0,0,0,0.1388888888888889,valid,0,0,5.769230769230771,14.022435897435903
sz002961,2025-06-06,1.0,0.35939837958058307,1.1134020618556693,-1.983471074380161,73.1978316478992,462.0,33.7,0.0,1,0,0,0.575,train,1,1,28.2239819004525,46.38009049773755
sz002963,2025-02-27,1.0,0.28280139298399354,0.5384615384615403,0.0,73.55897505509334,91.0,65.4,0.0,0,0,0,0.08955223880597014,train,0,0,3.4540859309182936,3.4540859309182936
sz002963,2025-11-18,2.0,0.5714951244915139,0.6030534351145037,-0.5073280721533235,77.50033214267373,26.0,75.2,0.0,0,0,0,0.2,valid,0,0,5.032822757111588,5.032822757111588
sz002969,2025-05-27,1.0,7.832571543234042,0.53125,0.0,77.91219848611343,12.0,89.6,0.0,0,0,1,0.4444444444444444,train,0,0,18.313953488372103,18.313953488372103
sz002970,2024-12-10,1.0,1.0538165642233086,0.5221518987341761,2.9824561403508865,79.35313395963975,236.0,51.8,0.0,0,0,0,0.288135593220339,train,0,0,5.036880927291887,7.397260273972606
sz002971,2025-11-06,1.0,0.5214037099271839,0.6296296296296291,0.1315443304393593,74.58492756945252,30.0,78.4,0.0,0,1,1,0.55,valid,0,0,6.502816180235538,6.502816180235538
sz002975,2024-12-17,1.0,0.447350163910025,1.0199999999999996,0.08995502248876353,82.38371221494924,36.0,65.2,0.0,0,0,0,0.24444444444444444,train,0,0,13.677264547090573,13.677264547090573
sz002975,2025-05-20,2.0,0.4491763772186389,0.5638766519823795,-0.5332496863237113,76.89369400297932,182.0,60.0,0.0,0,0,0,0.1388888888888889,train,0,0,5.741775294847917,10.67659838609558
sz002977,2025-11-27,1.0,0.7041195692532111,0.43059490084985913,-2.451885051410496,79.28911931214625,70.0,67.9,0.0,0,0,0,0.09259259259259259,valid,0,0,19.152806652806674,19.152806652806674
sz002979,2024-09-03,1.0,0.6777943950447085,0.620000000000001,0.20294266869609334,78.03573558479965,17.0,88.4,0.0,0,0,1,0.575,train,1,1,38.24101068999028,60.252672497570444
sz002985,2025-04-16,1.0,0.31727228699103294,1.0707964601769928,2.014573510501516,77.55008173743707,52.0,69.7,0.0,1,0,0,0.7241379310344828,train,1,0,23.73524451939293,23.73524451939293
sz002998,2025-03-26,1.0,0.4492031261586194,0.5800000000000001,0.44709388971684305,78.09225510443385,2.0,96.7,1.0,0,0,0,0.2,train,0,0,0.8633093525179714,4.748201438848931
sz002999,2024-12-17,1.0,0.390596617940484,1.5777777777777802,-0.6896551724137945,84.4948938206961,65.0,59.4,0.0,0,0,0,0.17647058823529413,train,0,0,1.434720229555242,1.434720229555242
sz003001,2025-04-07,1.0,0.4222982380668237,2.368715083798885,-3.6207345662933044,76.9701257831779,290.0,37.5,0.0,0,0,0,0.24444444444444444,train,1,0,23.53111432706223,23.53111432706223
sz003007,2025-03-20,1.0,0.3486320042930833,1.080213903743315,-0.05730659025786622,81.62743348545621,141.0,59.1,0.0,1,0,0,0.7241379310344828,train,0,0,14.398868458274382,14.398868458274382
sz003007,2025-05-15,2.0,0.36622491515884825,1.2832369942196522,-0.3072721065209949,81.57464180539891,481.0,29.4,0.0,0,0,0,0.2,train,0,0,8.634330925352597,9.115927072583418
sz003009,2025-06-19,1.0,0.3910900856007877,0.5582191780821923,-1.5701898289196214,73.72541598480153,132.0,51.0,0.0,0,0,0,0.09259259259259259,train,0,0,18.63741339491918,18.63741339491918
sz003012,2024-12-30,1.0,0.5205832807126276,0.558823529411766,-0.462962962962965,77.9979884941163,249.0,46.1,0.0,0,0,0,0.4,train,0,0,5.606060606060614,5.606060606060614
sz003015,2025-04-02,1.0,0.4920923552995922,0.7122302158273367,-1.8844221105527637,84.4550245902983,209.0,52.9,0.0,0,0,0,0.17647058823529413,train,0,0,0.0,0.0
sz003016,2025-11-26,1.0,0.5344032838802487,0.5692307692307678,0.2277904328018332,79.67779876285005,21.0,76.8,0.0,0,0,1,0.55,valid,1,1,38.56988082340194,38.56988082340194
sz003021,2024-11-15,1.0,0.34778622570573403,0.8196371398078978,0.9601982344742188,78.36607878459743,63.0,67.1,0.0,0,1,1,0.4444444444444444,train,1,1,44.72662568747978,53.29990294403104
sz003023,2024-11-20,1.0,0.3719176412858127,0.577235772357724,0.04796163069542558,74.36016136267351,83.0,78.0,0.0,0,0,0,0.2,train,0,0,1.4746543778801913,1.4746543778801913
sz003026,2025-08-29,1.0,0.3822815302186608,0.4065040650406503,0.026455026455041164,77.69837249660819,74.0,66.3,0.0,0,0,0,0.08955223880597014,train,0,0,1.205128205128192,1.205128205128192
sz003027,2025-11-20,1.0,0.29815171956575787,0.9537572254335249,0.04342162396873128,76.55352646736657,140.0,54.7,0.0,0,0,0,0.1388888888888889,valid,0,0,0.9083044982698851,6.833910034602075
sz003030,2024-12-13,1.0,0.5327166571314893,0.7674418604651155,-1.4958448753462528,78.38970188767661,96.0,63.1,0.0,0,0,0,0.09259259259259259,train,0,1,0.8214676889375605,31.76341730558596
sz003030,2025-01-27,2.0,0.3531646382035998,1.4285714285714273,-4.649758454106278,75.57065713138806,3.0,82.2,1.0,0,1,0,0.4,train,0,0,9.545454545454547,16.428571428571416
sz003030,2025-03-24,3.0,0.28950895985967307,0.6153846153846154,-0.24420024420024333,71.54484596892259,130.0,58.5,0.0,0,0,0,0.08955223880597014,train,1,1,31.20278907611851,31.20278907611851
sz003036,2025-06-17,1.0,0.6308489904351295,1.06849315068493,0.5109489051094984,77.9759896692855,307.0,43.7,0.0,1,0,0,0.5,train,1,1,27.186588921282784,60.276967930029144
sz003036,2025-08-08,2.0,0.7135246174429662,0.458904109589042,-9.327217125382269,76.6955737255479,75.0,68.8,0.0,0,0,0,0.08955223880597014,train,0,0,3.06781485468246,15.446716899892365
sz003039,2025-04-10,1.0,0.30029722695693245,0.6538461538461526,0.3731343283581934,73.91330298582648,246.0,57.3,0.0,0,0,0,0.288135593220339,train,0,0,3.0957523398128073,4.10367170626349
sz003040,2024-12-30,1.0,0.37070427004750406,0.5384615384615375,-0.726216412490921,74.72798951146669,170.0,53.4,0.0,0,1,0,0.5208333333333335,train,0,0,7.127429805615559,9.143268538516924
sz003040,2025-08-12,2.0,1.7372041309632653,0.5638766519823795,-1.3883677298311303,77.21689681277655,5.0,86.4,1.0,0,0,0,0.08955223880597014,train,0,0,5.805515239477499,5.805515239477499
sz003041,2024-12-24,1.0,0.3083059156506508,0.4143426294820717,-3.779069767441856,72.87492787629401,156.0,62.7,0.0,0,1,1,0.1388888888888889,train,0,0,9.087656529516996,10.769230769230775
sz003043,2025-08-21,1.0,0.8103077036476714,0.7066666666666658,0.06544502617800152,78.77375214186289,439.0,35.7,0.0,0,0,1,0.17647058823529413,train,0,0,15.358288770053473,23.35828877005348
