symbol,trade_date,event_role,probe_index,sequence_label,eligible_1d,close_1d_pct,high_1d_pct,low_1d_pct,eligible_3d,close_3d_pct,high_3d_pct,low_3d_pct,eligible_5d,close_5d_pct,high_5d_pct,low_5d_pct,eligible_10d,close_10d_pct,high_10d_pct,low_10d_pct,eligible_20d,close_20d_pct,high_20d_pct,low_20d_pct,eligible_40d,close_40d_pct,high_40d_pct,low_40d_pct,days_to_up_0,days_to_up_3,days_to_up_5,days_to_up_8,days_to_up_10,days_to_up_15,days_to_up_20,days_to_down_3,days_to_down_5,days_to_down_8,days_to_down_10,days_to_down_15,ever_recover_10d,ever_recover_20d,ever_up_5_10d,ever_up_8_10d,ever_down_5_10d,ever_down_8_10d,never_recover_10d,never_recover_20d,down5_before_up5_10d,down8_before_up8_10d
sh600165,2025-11-14,first_probe,1,首次试盘,1,-0.9661835748792313,1.449275362318847,-2.657004830917864,1,-1.449275362318836,4.106280193236711,-2.657004830917864,1,-4.1062801932366995,4.106280193236711,-6.28019323671497,1,-4.347826086956519,4.106280193236711,-8.695652173913038,1,-20.531400966183565,4.106280193236711,-28.019323671497574,0,,,,1.0,2.0,30.0,,,,,4.0,4.0,9.0,18.0,18.0,1,1,1,0,1,1,0,0,1,1
sh600178,2025-02-11,first_probe,1,首次试盘,1,-1.5503875968992276,-0.7751937984496138,-3.953488372093017,1,-3.2558139534883734,0.7751937984496138,-4.418604651162794,1,-8.062015503875974,0.7751937984496138,-8.139534883720934,1,-3.7209302325581395,0.7751937984496138,-8.759689922480629,1,-5.038759689922479,0.7751937984496138,-9.302325581395355,1,-21.472868217054263,14.961240310077507,-31.162790697674414,2.0,26.0,27.0,27.0,27.0,,,1.0,5.0,5.0,32.0,38.0,1,1,1,1,1,1,0,0,1,1
sh600200,2025-04-22,first_probe,1,首次试盘,1,9.909909909909898,9.909909909909898,0.45045045045044585,1,-11.036036036036034,9.909909909909898,-11.036036036036034,1,-27.927927927927932,9.909909909909898,-27.927927927927932,1,-37.38738738738739,9.909909909909898,-40.990990990990994,1,-39.86486486486487,9.909909909909898,-49.09909909909911,1,-47.52252252252253,9.909909909909898,-49.77477477477478,1.0,1.0,1.0,1.0,,,,3.0,3.0,3.0,3.0,4.0,1,1,1,1,1,1,0,0,0,0
sh600241,2025-01-02,first_probe,1,首次试盘,1,-9.375,0.0,-9.801136363636365,1,-6.676136363636365,0.0,-17.1875,1,1.1363636363636465,1.1363636363636465,-17.1875,1,0.28409090909089496,4.6875,-17.1875,1,-1.278409090909094,4.6875,-17.1875,1,3.5511363636363535,11.64772727272727,-17.1875,1.0,6.0,30.0,33.0,33.0,,,1.0,1.0,1.0,2.0,2.0,1,1,1,1,1,1,0,0,1,1
sh600243,2025-08-22,first_probe,1,首次试盘,1,5.286343612334798,5.286343612334798,1.541850220264318,1,5.066079295154169,15.41850220264318,1.541850220264318,1,1.982378854625555,15.41850220264318,-0.22026431718060735,1,1.7621145374449254,15.41850220264318,-7.929515418502209,1,21.365638766519822,27.533039647577095,-7.929515418502209,1,19.383259911894267,31.93832599118942,-7.929515418502209,1.0,1.0,1.0,2.0,2.0,3.0,16.0,6.0,7.0,,,,1,1,1,1,1,0,0,0,0,0
sh600289,2025-04-09,first_probe,1,首次试盘,1,4.964539007092195,4.964539007092195,-4.07801418439716,1,15.780141843971652,15.780141843971652,-4.07801418439716,1,27.65957446808511,27.65957446808511,-4.07801418439716,1,12.765957446808528,29.964539007092217,-4.07801418439716,1,0.0,29.964539007092217,-4.07801418439716,1,-1.0638297872340385,29.964539007092217,-14.00709219858156,1.0,1.0,2.0,2.0,2.0,3.0,4.0,1.0,32.0,32.0,33.0,,1,1,1,1,1,1,0,0,0,0
sh600289,2025-04-25,retest_probe,2,重新试盘,1,5.0086355785837755,5.0086355785837755,-0.6908462867012077,1,0.3454231433505983,5.0086355785837755,-5.181347150259064,1,1.899827288428324,5.0086355785837755,-5.181347150259064,1,0.17271157167528806,5.0086355785837755,-5.181347150259064,1,-11.571675302245254,5.181347150259064,-11.571675302245254,1,25.38860103626943,35.75129533678756,-16.23488773747842,1.0,1.0,1.0,34.0,34.0,37.0,38.0,3.0,3.0,20.0,20.0,21.0,1,1,1,1,1,1,0,0,0,1
sh600303,2025-04-21,first_probe,1,首次试盘,1,6.060606060606055,8.080808080808088,-0.2525252525252486,1,14.64646464646464,19.949494949494962,-0.2525252525252486,1,3.0303030303030276,19.949494949494962,-0.2525252525252486,1,7.3232323232323315,19.949494949494962,-2.5252525252525304,1,2.525252525252508,19.949494949494962,-2.5252525252525304,1,-5.303030303030298,19.949494949494962,-6.818181818181824,1.0,1.0,1.0,1.0,2.0,2.0,,39.0,40.0,,,,1,1,1,1,1,0,0,0,0,0
sh600310,2025-04-30,first_probe,1,首次试盘,1,1.6431924882629234,2.5821596244131495,-1.8779342723004744,1,3.7558685446009488,6.103286384976525,-1.8779342723004744,1,3.7558685446009488,6.103286384976525,-1.8779342723004744,1,3.2863849765258246,6.103286384976525,-1.8779342723004744,1,-0.9389671361502372,6.103286384976525,-2.5821596244131273,1,-3.0516431924882625,6.103286384976525,-7.276995305164313,1.0,2.0,2.0,,,,,28.0,29.0,,,,1,1,1,0,1,0,0,0,0,0
sh600353,2025-04-08,first_probe,1,首次试盘,1,-1.526717557251911,0.5089058524172962,-10.050890585241735,1,2.5445292620865256,5.216284987277353,-10.050890585241735,1,5.089058524173029,10.432569974554706,-10.050890585241735,1,5.9796437659032975,10.432569974554706,-10.050890585241735,1,15.64885496183206,19.59287531806615,-10.050890585241735,1,37.913486005089055,44.529262086513974,-10.050890585241735,1.0,2.0,3.0,4.0,4.0,17.0,25.0,1.0,1.0,1.0,1.0,,1,1,1,1,1,1,0,0,1,1
sh600353,2025-09-02,retest_probe,2,重新试盘,1,-2.757544224765851,3.537981269510926,-3.2258064516128893,1,-7.908428720083249,3.537981269510926,-11.498439125910497,1,-10.87408949011447,3.537981269510926,-12.799167533818922,1,-5.93132154006244,3.537981269510926,-14.099895941727357,1,-12.851196670135268,3.537981269510926,-16.181061394380848,1,-15.660770031217474,11.290322580645174,-19.66701352757544,1.0,1.0,23.0,23.0,24.0,,,1.0,2.0,2.0,2.0,15.0,1,1,1,1,1,1,0,0,1,1
sh600355,2025-04-16,first_probe,1,首次试盘,1,-3.0303030303030165,-0.9090909090909038,-4.545454545454541,1,-4.848484848484835,-0.9090909090909038,-6.36363636363636,1,-6.666666666666654,-0.9090909090909038,-7.57575757575758,1,-23.636363636363633,-0.9090909090909038,-23.636363636363633,1,-19.090909090909093,-0.9090909090909038,-27.575757575757564,1,-10.606060606060597,1.81818181818183,-27.575757575757564,34.0,,,,,,,1.0,2.0,6.0,6.0,8.0,1,1,0,0,1,1,1,1,1,1
sh600360,2025-05-06,first_probe,1,首次试盘,1,4.088050314465397,5.188679245283012,-0.4716981132075526,1,2.515723270440229,5.503144654088055,-0.4716981132075526,1,1.2578616352201255,5.660377358490565,-0.4716981132075526,1,1.729559748427656,5.660377358490565,-0.4716981132075526,1,14.779874213836464,15.566037735849036,-0.4716981132075526,1,40.251572327044016,41.03773584905661,-0.4716981132075526,1.0,1.0,1.0,14.0,14.0,20.0,21.0,,,,,,1,1,1,1,0,0,0,0,0,0
sh600381,2025-04-21,first_probe,1,首次试盘,1,-4.999999999999993,-4.999999999999993,-4.999999999999993,1,-14.210526315789473,-4.999999999999993,-14.210526315789473,1,-22.36842105263157,-4.999999999999993,-22.36842105263157,1,-1.0526315789473717,-0.7894736842105177,-22.36842105263157,1,0.7894736842105399,7.8947368421052655,-22.36842105263157,1,19.999999999999996,30.00000000000003,-22.36842105263157,11.0,17.0,17.0,27.0,28.0,28.0,30.0,1.0,2.0,2.0,3.0,4.0,1,1,1,1,1,1,1,0,1,1
sh600396,2025-07-08,first_probe,1,首次试盘,1,4.497354497354511,8.994708994709,-2.3809523809523725,1,-3.9682539682539653,8.994708994709,-7.14285714285714,1,2.9100529100529293,8.994708994709,-7.14285714285714,1,-3.4391534391534417,8.994708994709,-7.14285714285714,1,-10.582010582010582,8.994708994709,-11.64021164021164,1,-12.43386243386243,8.994708994709,-14.021164021164012,1.0,1.0,1.0,1.0,,,,2.0,3.0,12.0,17.0,,1,1,1,1,1,1,0,0,0,0
sh600408,2025-10-30,first_probe,1,首次试盘,1,-2.8125000000000067,1.5625,-3.125,1,17.499999999999982,17.499999999999982,-3.125,1,30.000000000000004,40.31249999999999,-3.125,1,77.8125,77.8125,-3.125,1,44.06250000000001,115.625,-3.125,1,38.74999999999999,115.625,-3.125,1.0,2.0,2.0,3.0,3.0,3.0,4.0,1.0,,,,,1,1,1,1,0,0,0,0,0,0
sh600530,2025-01-06,first_probe,1,首次试盘,1,-10.076045627376418,-10.076045627376418,-10.076045627376418,1,-17.870722433460063,-10.076045627376418,-20.34220532319391,1,-11.787072243346008,-7.984790874524716,-20.34220532319391,1,-8.935361216730032,2.281368821292773,-20.34220532319391,1,-7.224334600760452,2.281368821292773,-20.34220532319391,1,-0.9505703422053147,2.281368821292773,-20.34220532319391,8.0,,,,,,,1.0,1.0,1.0,1.0,2.0,1,1,0,0,1,1,0,0,1,1
sh600594,2025-08-25,first_probe,1,首次试盘,1,-1.9271948608136968,0.21413276231263545,-1.9271948608136968,1,-5.353319057815842,0.21413276231263545,-10.064239828693788,1,-4.7109207708779355,0.21413276231263545,-10.064239828693788,1,-5.781584582441102,0.21413276231263545,-10.064239828693788,1,-11.134903640256955,0.21413276231263545,-11.777301927194861,1,-8.993576017130621,0.21413276231263545,-14.775160599571734,1.0,,,,,,,2.0,3.0,3.0,3.0,,1,1,0,0,1,1,0,0,1,1
sh600629,2024-11-15,first_probe,1,首次试盘,1,-10.020876826722347,0.0,-10.020876826722347,1,-12.212943632567852,0.0,-18.99791231732777,1,-17.536534446764087,0.0,-18.99791231732777,1,-20.250521920668064,0.0,-25.052192066805844,1,-5.532359081419614,0.0,-25.052192066805844,1,-16.805845511482254,3.9665970772442716,-25.052192066805844,1.0,21.0,,,,,,1.0,1.0,1.0,1.0,2.0,1,1,0,0,1,1,0,0,1,1
sh600629,2025-10-09,retest_probe,2,重新试盘,1,5.088339222614824,8.93992932862191,-9.964664310954063,1,8.72791519434628,13.99293286219081,-9.964664310954063,1,31.59010600706713,31.59010600706713,-9.964664310954063,1,17.173144876325065,44.62897526501766,-9.964664310954063,1,-20.49469964664311,44.62897526501766,-20.883392226148413,1,-31.09540636042403,44.62897526501766,-31.766784452296825,1.0,1.0,1.0,1.0,3.0,4.0,5.0,1.0,1.0,1.0,13.0,14.0,1,1,1,1,1,1,0,0,0,0
sh600629,2025-10-17,retest_probe,3,重新试盘,1,-2.33595800524935,3.0971128608923815,-10.000000000000009,1,-3.307086614173227,7.427821522309697,-10.000000000000009,1,-21.679790026246724,7.427821522309697,-21.679790026246724,1,-39.58005249343832,7.427821522309697,-41.23359580052494,1,-43.30708661417323,7.427821522309697,-43.464566929133866,1,-48.55643044619422,7.427821522309697,-49.790026246719165,1.0,1.0,2.0,,,,,1.0,1.0,1.0,1.0,5.0,1,1,1,0,1,1,0,0,1,1
sh600653,2024-11-04,first_probe,1,首次试盘,1,3.111111111111109,5.777777777777771,-2.6666666666666727,1,10.222222222222221,10.222222222222221,-2.6666666666666727,1,12.888888888888882,28.000000000000004,-2.6666666666666727,1,-0.4444444444444362,28.000000000000004,-6.2222222222222285,1,5.777777777777771,28.000000000000004,-11.111111111111116,1,-3.111111111111109,32.00000000000001,-11.111111111111116,1.0,1.0,1.0,3.0,3.0,4.0,4.0,10.0,10.0,15.0,17.0,,1,1,1,1,1,1,0,0,0,0
sh600696,2025-03-19,first_probe,1,首次试盘,1,0.3782148260211615,1.2859304084720025,-2.7987897125567374,1,-8.925869894099858,4.841149773071085,-8.925869894099858,1,-14.069591527987901,4.841149773071085,-26.172465960665658,1,-31.39183055975794,4.841149773071085,-34.26626323751891,1,-35.627836611195164,4.841149773071085,-41.75491679273827,1,-46.974281391830566,4.841149773071085,-57.56429652042361,1.0,2.0,,,,,,3.0,3.0,3.0,4.0,4.0,1,1,0,0,1,1,0,0,1,1
sh600698,2024-09-24,first_probe,1,首次试盘,1,-0.42735042735041473,1.4957264957265126,-4.273504273504258,1,-0.42735042735041473,1.4957264957265126,-5.5555555555555465,1,9.829059829059839,16.880341880341888,-5.5555555555555465,1,3.418803418803429,16.880341880341888,-5.982905982905972,1,28.846153846153854,28.846153846153854,-5.982905982905972,1,8.974358974358964,41.025641025641036,-5.982905982905972,1.0,4.0,4.0,4.0,5.0,5.0,19.0,1.0,2.0,,,,1,1,1,1,1,0,0,0,1,0
sh600716,2024-09-25,first_probe,1,首次试盘,1,5.154639175257736,5.498281786941561,-1.3745704467354014,1,18.21305841924399,18.900343642611684,-1.3745704467354014,1,15.120274914089338,29.896907216494828,-1.3745704467354014,1,11.683848797250862,29.896907216494828,-1.3745704467354014,1,15.120274914089338,29.896907216494828,-1.3745704467354014,1,25.42955326460481,32.302405498281786,-1.3745704467354014,1.0,1.0,1.0,2.0,3.0,3.0,4.0,,,,,,1,1,1,1,0,0,0,0,0,0
sh600745,2025-11-10,first_probe,1,首次试盘,1,-0.23727351164797295,2.8472821397756753,-3.472821397756687,1,-4.421915444348567,2.8472821397756753,-6.018119068162209,1,-5.30629853321829,2.8472821397756753,-6.018119068162209,1,-11.906816220880057,2.8472821397756753,-15.875754961173428,1,-15.53062985332183,2.8472821397756753,-18.61518550474548,0,,,,1.0,,,,,,,1.0,2.0,6.0,7.0,10.0,1,1,0,0,1,1,0,0,1,1
sh600798,2025-05-30,first_probe,1,首次试盘,1,-2.604166666666663,0.0,-4.9479166666666625,1,-1.822916666666663,0.26041666666667407,-4.9479166666666625,1,-1.5625,0.26041666666667407,-4.9479166666666625,1,10.677083333333348,19.27083333333335,-4.9479166666666625,1,18.75,34.375,-4.9479166666666625,1,7.552083333333326,34.375,-4.9479166666666625,1.0,6.0,6.0,6.0,7.0,7.0,11.0,1.0,,,,,1,1,1,1,0,0,0,0,0,0
sh600829,2025-03-11,first_probe,1,首次试盘,1,-1.6222479721900385,0.9269988412514474,-2.4333719582850577,1,-2.4333719582850577,0.9269988412514474,-5.098493626882982,1,-3.244495944380077,0.9269988412514474,-5.098493626882982,1,-7.41599073001159,0.9269988412514474,-9.965237543453087,1,-17.84472769409039,0.9269988412514474,-25.84009269988413,1,-15.990730011587495,0.9269988412514474,-25.84009269988413,1.0,,,,,,,2.0,3.0,9.0,14.0,19.0,1,1,0,0,1,1,0,0,1,1
sh600831,2025-11-10,first_probe,1,首次试盘,1,10.000000000000009,10.000000000000009,-1.0000000000000009,1,8.400000000000007,13.200000000000012,-1.0000000000000009,1,6.000000000000005,13.200000000000012,-1.0000000000000009,1,-6.999999999999995,13.200000000000012,-9.600000000000009,1,-10.199999999999998,13.200000000000012,-15.399999999999991,0,,,,1.0,1.0,1.0,1.0,1.0,,,7.0,7.0,9.0,17.0,18.0,1,1,1,1,1,1,0,0,0,0
sh600839,2025-02-14,first_probe,1,首次试盘,1,-3.8735177865612647,1.976284584980248,-5.138339920948621,1,-6.798418972332021,1.976284584980248,-10.592885375494065,1,-3.7154150197628466,1.976284584980248,-10.592885375494065,1,-10.909090909090914,3.5573122529644285,-13.043478260869568,1,-9.802371541501975,3.5573122529644285,-14.387351778656132,1,-22.21343873517787,3.5573122529644285,-34.46640316205535,1.0,6.0,,,,,,1.0,1.0,2.0,3.0,26.0,1,1,0,0,1,1,0,0,1,1
sh600857,2024-11-13,first_probe,1,首次试盘,1,-6.20957309184994,-0.7761966364812523,-6.856403622250973,1,-9.961190168175948,-0.7761966364812523,-10.090556274256146,1,-5.562742561448908,-0.7761966364812523,-10.996119016817596,1,-2.975420439844767,-0.7761966364812523,-10.996119016817596,1,14.74773609314357,16.300129366106077,-10.996119016817596,1,3.2341526520051733,32.34152652005176,-13.195342820181121,11.0,13.0,15.0,15.0,15.0,20.0,21.0,1.0,1.0,3.0,3.0,,1,1,1,1,1,1,1,0,1,1
sh600865,2024-12-06,first_probe,1,首次试盘,1,-3.039215686274499,0.588235294117645,-4.90196078431373,1,6.568627450980391,8.431372549019622,-4.90196078431373,1,4.803921568627456,13.823529411764701,-4.90196078431373,1,-7.745098039215681,13.823529411764701,-8.13725490196079,1,-1.5686274509803977,26.470588235294134,-14.215686274509798,1,-10.98039215686274,26.470588235294134,-21.372549019607845,1.0,3.0,3.0,3.0,4.0,15.0,17.0,1.0,8.0,9.0,11.0,24.0,1,1,1,1,1,1,0,0,0,0
sh600892,2025-04-02,first_probe,1,首次试盘,1,-4.968944099378891,-3.105590062111807,-7.453416149068326,1,-13.354037267080754,-3.105590062111807,-16.770186335403725,1,-9.627329192546586,-3.105590062111807,-21.739130434782616,1,-8.385093167701863,-0.6211180124223614,-21.739130434782616,1,-18.012422360248447,-0.6211180124223614,-27.639751552795033,1,13.35403726708073,13.35403726708073,-27.639751552795033,35.0,37.0,39.0,39.0,40.0,,,1.0,1.0,2.0,2.0,3.0,1,1,1,1,1,1,1,1,1,1
sh600981,2024-09-25,first_probe,1,首次试盘,1,3.499999999999992,6.000000000000005,-1.0000000000000009,1,15.999999999999993,16.999999999999993,-1.0000000000000009,1,10.000000000000009,27.499999999999993,-1.0000000000000009,1,4.0000000000000036,27.499999999999993,-1.0000000000000009,1,36.5,59.00000000000001,-1.0000000000000009,1,35.00000000000001,59.00000000000001,-1.0000000000000009,1.0,1.0,1.0,3.0,3.0,3.0,4.0,,,,,,1,1,1,1,0,0,0,0,0,0
sh601008,2025-06-24,first_probe,1,首次试盘,1,-2.5974025974025983,0.43290043290042934,-2.886002886002881,1,-5.05050505050505,0.43290043290042934,-6.926406926406925,1,-3.6075036075036038,0.43290043290042934,-6.926406926406925,1,-4.040404040404033,0.43290043290042934,-7.359307359307355,1,-10.678210678210664,0.43290043290042934,-11.111111111111105,1,-13.564213564213556,0.43290043290042934,-16.594516594516584,1.0,,,,,,,2.0,3.0,13.0,19.0,28.0,1,1,0,0,1,1,0,0,1,1
sh601727,2024-11-11,first_probe,1,首次试盘,1,-4.42637759710931,3.703703703703698,-8.762420957542915,1,-12.646793134598012,3.703703703703698,-12.737127371273715,1,-20.686540198735326,3.703703703703698,-20.686540198735326,1,-18.06684733514001,3.703703703703698,-24.75158084914183,1,-19.42186088527552,3.703703703703698,-26.287262872628723,1,-35.14001806684733,3.703703703703698,-37.48870822041553,1.0,1.0,,,,,,1.0,1.0,1.0,3.0,4.0,1,1,0,0,1,1,0,0,1,1
sh601908,2024-11-15,first_probe,1,首次试盘,1,-5.471124620060797,-1.2158054711246202,-7.294832826747721,1,-3.3434650455926973,-1.2158054711246202,-8.510638297872353,1,-7.902735562310037,-1.2158054711246202,-8.510638297872353,1,-4.255319148936176,-1.2158054711246202,-9.118541033434646,1,0.3039513677811412,6.990881458966558,-9.118541033434646,1,-20.972644376899694,26.443768996960483,-22.79635258358662,12.0,15.0,15.0,27.0,27.0,28.0,28.0,1.0,1.0,2.0,33.0,34.0,1,1,1,1,1,1,1,0,1,1
sh603001,2024-12-23,first_probe,1,首次试盘,1,-10.028248587570621,-10.028248587570621,-10.028248587570621,1,-27.118644067796605,-10.028248587570621,-27.118644067796605,1,-26.836158192090398,-10.028248587570621,-31.497175141242938,1,-30.649717514124298,-10.028248587570621,-31.497175141242938,1,-27.82485875706214,-10.028248587570621,-32.20338983050848,1,-28.531073446327692,-10.028248587570621,-32.20338983050848,,,,,,,,1.0,1.0,1.0,1.0,2.0,0,0,0,0,1,1,1,1,1,1
sh603007,2024-11-18,first_probe,1,首次试盘,1,-4.97271073377804,-4.97271073377804,-4.97271073377804,1,-14.190418435415397,-4.97271073377804,-14.190418435415397,1,-22.559126743480896,-4.97271073377804,-22.559126743480896,1,-18.192844147968458,-4.97271073377804,-29.290479078229225,1,-16.49484536082474,-4.97271073377804,-29.290479078229225,1,-25.591267434808973,-4.97271073377804,-47.301394784718006,,,,,,,,1.0,2.0,2.0,3.0,4.0,0,0,0,0,1,1,1,1,1,1
sh603030,2024-12-11,first_probe,1,首次试盘,1,-5.898123324396787,-1.072386058981234,-7.506702412868627,1,-8.310991957104562,-1.072386058981234,-10.991957104557649,1,-15.549597855227882,-1.072386058981234,-16.0857908847185,1,-26.005361930294914,-1.072386058981234,-27.345844504021443,1,-34.85254691689007,-1.072386058981234,-39.946380697050934,1,-26.005361930294914,-1.072386058981234,-40.21447721179625,,,,,,,,1.0,1.0,2.0,3.0,4.0,0,0,0,0,1,1,1,1,1,1
sh603032,2025-07-23,first_probe,1,首次试盘,1,-0.6525285481239873,1.2506797172376238,-1.0331702011963095,1,-0.4350190320826619,1.2506797172376238,-2.882001087547581,1,-2.5557368134855873,1.2506797172376238,-3.7520391517128937,1,2.882001087547592,2.882001087547592,-4.350190320826542,1,2.283849918433911,9.570418705818362,-4.350190320826542,1,22.349102773246333,48.83088635127788,-4.350190320826542,1.0,12.0,12.0,13.0,23.0,28.0,28.0,5.0,,,,,1,1,1,1,0,0,0,0,0,0
sh603045,2025-04-17,first_probe,1,首次试盘,1,-0.20283975659228792,1.217038539553772,-2.6369168356997874,1,4.394861392833005,6.828938471940504,-2.6369168356997874,1,1.8255578093306468,6.828938471940504,-2.6369168356997874,1,1.7579445571332064,6.828938471940504,-3.380662609871532,1,9.127789046653145,10.074374577417178,-3.380662609871532,1,9.66869506423258,29.817444219066935,-3.380662609871532,1.0,3.0,3.0,20.0,20.0,32.0,32.0,9.0,,,,,1,1,1,1,0,0,0,0,0,0
sh603086,2025-08-20,first_probe,1,首次试盘,1,-3.5004730368968895,-0.5676442762535538,-3.7842951750236553,1,-4.635761589403975,-0.5676442762535538,-6.244087038789026,1,-8.609271523178808,-0.5676442762535538,-8.798486281929986,1,-12.677388836329229,-0.5676442762535538,-12.866603595080406,1,-13.055818353831604,-0.5676442762535538,-13.623462630085136,1,-9.460737937559127,1.229895931882674,-17.88079470198676,34.0,,,,,,,1.0,2.0,5.0,6.0,21.0,1,1,0,0,1,1,1,1,1,1
sh603093,2025-06-30,first_probe,1,首次试盘,1,-8.105687416032236,1.9704433497536922,-9.538737124944019,1,-11.867442901925651,1.9704433497536922,-13.479623824451403,1,-5.956112852664575,1.9704433497536922,-13.748320644872358,1,12.001791312136145,25.391849529780576,-13.748320644872358,1,11.509180474697711,28.481862964621605,-13.748320644872358,1,6.583072100313481,28.481862964621605,-13.748320644872358,1.0,8.0,8.0,8.0,8.0,9.0,9.0,1.0,1.0,1.0,2.0,,1,1,1,1,1,1,0,0,1,1
sh603095,2025-01-02,first_probe,1,首次试盘,1,-3.0436700485222845,2.3378914865460843,-3.3965593295103846,1,1.1027790030877727,2.3378914865460843,-6.131451257168063,1,1.9408910454344896,7.5430083811204085,-6.131451257168063,1,-4.543449492721663,7.5430083811204085,-12.70401411557125,1,-1.6321129245699173,7.5430083811204085,-12.70401411557125,1,2.823114247904712,26.687251874724293,-12.70401411557125,1.0,4.0,4.0,21.0,24.0,24.0,25.0,1.0,2.0,7.0,7.0,,1,1,1,1,1,1,0,0,1,1
sh603108,2025-04-28,first_probe,1,首次试盘,1,7.39608801955991,10.02444987775062,-0.9168704156479079,1,16.075794621026883,16.25916870415649,-0.9168704156479079,1,15.586797066014668,19.43765281173595,-0.9168704156479079,1,12.408312958435207,23.288508557457234,-0.9168704156479079,1,8.129584352078245,23.288508557457234,-0.9168704156479079,1,6.601466992665039,23.288508557457234,-2.0782396088019572,1.0,1.0,1.0,1.0,1.0,3.0,8.0,,,,,,1,1,1,1,0,0,0,0,0,0
sh603110,2024-11-20,first_probe,1,首次试盘,1,-2.310803004043893,3.6395147313691645,-2.9462738301559654,1,-0.9243212016175617,6.181398035817454,-8.54997111496244,1,10.340843443096492,13.229347198151364,-8.54997111496244,1,-3.6972848064702357,20.739456961294046,-8.54997111496244,1,-6.1236279607163375,20.739456961294046,-8.54997111496244,1,-20.161756210283066,20.739456961294046,-26.5164644714038,1.0,1.0,2.0,4.0,5.0,6.0,6.0,2.0,2.0,3.0,21.0,24.0,1,1,1,1,1,1,0,0,0,1
sh603122,2025-11-21,first_probe,1,首次试盘,1,-10.016977928692693,-7.088285229202029,-10.016977928692693,1,-12.521222410865873,-1.1884550084889534,-18.505942275042443,1,1.1035653650254718,3.0984719864176613,-18.505942275042443,1,12.606112054329376,12.606112054329376,-18.505942275042443,1,23.514431239388813,32.512733446519526,-18.505942275042443,0,,,,5.0,5.0,7.0,7.0,10.0,11.0,11.0,1.0,1.0,1.0,1.0,2.0,1,1,1,1,1,1,0,0,1,1
sh603155,2025-06-25,first_probe,1,首次试盘,1,1.81818181818183,7.954545454545436,-6.250000000000011,1,9.488636363636349,16.70454545454545,-6.250000000000011,1,1.931818181818179,16.70454545454545,-6.250000000000011,1,-7.159090909090915,16.70454545454545,-9.772727272727277,1,-11.363636363636376,16.70454545454545,-11.477272727272736,1,3.2386363636363713,16.70454545454545,-12.670454545454557,1.0,1.0,1.0,2.0,3.0,3.0,,1.0,1.0,7.0,15.0,,1,1,1,1,1,1,0,0,0,0
sh603232,2025-10-31,first_probe,1,首次试盘,1,0.2564102564102555,4.487179487179493,-6.794871794871793,1,-0.7692307692307665,8.974358974358987,-6.794871794871793,1,14.401709401709418,19.273504273504273,-6.794871794871793,1,-0.4700854700854684,19.273504273504273,-6.923076923076909,1,12.478632478632479,29.871794871794876,-6.923076923076909,1,-1.2820512820512664,29.871794871794876,-7.9059829059829,1.0,1.0,2.0,2.0,5.0,5.0,12.0,1.0,1.0,,,,1,1,1,1,1,0,0,0,1,0
sh603266,2025-09-17,first_probe,1,首次试盘,1,-4.396024464831793,1.4908256880733939,-5.772171253822633,1,-5.045871559633031,1.4908256880733939,-6.727828746177378,1,2.6376146788990917,7.0336391437308965,-6.727828746177378,1,-5.084097859327219,7.0336391437308965,-6.727828746177378,1,-16.437308868501532,7.0336391437308965,-18.004587155963304,1,-20.18348623853211,7.0336391437308965,-20.948012232415902,1.0,5.0,5.0,,,,,1.0,1.0,12.0,12.0,16.0,1,1,1,0,1,1,0,0,1,1
sh603353,2025-06-06,first_probe,1,首次试盘,1,-0.6740196078431349,2.0220588235293935,-1.041666666666674,1,-1.6544117647058765,2.0220588235293935,-3.4313725490196068,1,8.700980392156854,8.700980392156854,-3.4313725490196068,1,8.578431372549012,19.6078431372549,-3.4313725490196068,1,-0.18382352941177516,19.6078431372549,-3.4313725490196068,1,0.30637254901961786,19.6078431372549,-3.4313725490196068,1.0,4.0,5.0,5.0,6.0,6.0,,2.0,,,,,1,1,1,1,0,0,0,0,0,0
sh603386,2025-09-03,first_probe,1,首次试盘,1,-2.985074626865669,2.7815468113975506,-4.138398914518316,1,4.748982360922649,6.51289009497964,-4.138398914518316,1,-0.47489823609226933,6.51289009497964,-4.138398914518316,1,3.7991858887381325,7.734056987788329,-4.138398914518316,1,-5.49525101763908,7.734056987788329,-5.563093622795112,1,-10.99050203527816,7.734056987788329,-13.839891451831754,1.0,3.0,3.0,,,,,1.0,17.0,22.0,22.0,,1,1,1,0,1,1,0,0,0,1
sh603416,2025-04-07,first_probe,1,首次试盘,1,-10.001862544235419,-1.8997951201340957,-10.001862544235419,1,-5.624883590985275,-1.8625442354255894,-18.997951201341024,1,-3.1849506425777663,-0.6705159247532122,-18.997951201341024,1,-10.523374930154594,-0.6705159247532122,-18.997951201341024,1,11.752654125535479,15.608120692866457,-18.997951201341024,1,5.978766995716156,30.862357981002052,-18.997951201341024,18.0,18.0,18.0,19.0,19.0,19.0,22.0,1.0,1.0,1.0,1.0,2.0,1,1,1,1,1,1,1,0,1,1
sh603499,2024-11-13,first_probe,1,首次试盘,1,-4.370824053452116,4.6492204899777345,-5.317371937639203,1,-10.467706013363042,4.6492204899777345,-13.195991091314042,1,-6.291759465478853,4.6492204899777345,-13.195991091314042,1,-7.850779510022276,4.6492204899777345,-13.697104677060135,1,2.171492204899783,8.073496659242752,-13.697104677060135,1,-28.340757238307358,8.073496659242752,-34.02004454342985,1.0,1.0,19.0,19.0,,,,1.0,1.0,3.0,3.0,29.0,1,1,1,1,1,1,0,0,1,1
sh603500,2025-01-03,first_probe,1,首次试盘,1,9.987515605493137,9.987515605493137,-4.868913857677903,1,12.35955056179776,20.97378277153559,-4.868913857677903,1,-7.490636704119846,20.97378277153559,-7.490636704119846,1,-13.358302122347055,20.97378277153559,-15.855181023720345,1,-10.36204744069913,20.97378277153559,-16.229712858926337,1,-5.742821473158555,20.97378277153559,-16.229712858926337,1.0,1.0,1.0,1.0,2.0,2.0,2.0,1.0,5.0,6.0,6.0,6.0,1,1,1,1,1,1,0,0,0,0
sh603517,2025-09-25,first_probe,1,首次试盘,1,-3.328509406657021,-1.9536903039073739,-4.341534008683068,1,-2.170767004341534,-1.9536903039073739,-6.94645441389291,1,0.07235890014472002,2.243125904486254,-6.94645441389291,1,-2.315484804630974,4.775687409551366,-6.94645441389291,1,-1.230101302460207,4.775687409551366,-6.94645441389291,1,-3.256150506512312,4.775687409551366,-6.94645441389291,5.0,6.0,,,,,,1.0,2.0,,,,1,1,0,0,1,0,0,0,1,0
sh603580,2025-03-25,first_probe,1,首次试盘,1,-2.500000000000002,-0.9895833333333215,-6.4583333333333215,1,-7.708333333333339,-0.9895833333333215,-7.8125,1,-7.135416666666671,-0.9895833333333215,-10.364583333333321,1,-18.333333333333336,-0.9895833333333215,-26.718749999999993,1,-11.458333333333325,-0.9895833333333215,-26.718749999999993,1,-27.031249999999996,-0.9895833333333215,-33.33333333333333,,,,,,,,1.0,1.0,4.0,4.0,8.0,0,0,0,0,1,1,1,1,1,1
sh603588,2025-05-19,first_probe,1,首次试盘,1,0.34246575342467,3.595890410958913,-0.5136986301369939,1,-2.73972602739726,3.595890410958913,-3.082191780821908,1,-3.082191780821908,3.595890410958913,-4.965753424657537,1,-2.568493150684925,3.595890410958913,-5.308219178082185,1,-4.965753424657537,3.595890410958913,-5.9931506849315035,1,3.253424657534243,5.13698630136985,-8.904109589041088,1.0,1.0,39.0,,,,,3.0,6.0,22.0,,,1,1,1,0,1,1,0,0,1,1
sh603683,2025-01-10,first_probe,1,首次试盘,1,4.347826086956519,6.9358178053830155,-1.7598343685300222,1,3.8302277432712195,12.836438923395455,-1.7598343685300222,1,3.7267080745341463,12.836438923395455,-1.7598343685300222,1,3.5196687370600444,12.836438923395455,-1.7598343685300222,1,7.660455486542439,12.836438923395455,-2.6915113871635588,1,21.325051759834366,48.65424430641821,-2.6915113871635588,1.0,1.0,1.0,2.0,2.0,28.0,29.0,,,,,,1,1,1,1,0,0,0,0,0,0
sh603759,2025-11-06,first_probe,1,首次试盘,1,9.993108201240531,9.993108201240531,-1.0337698139214369,1,-10.957960027567193,13.507925568573388,-10.957960027567193,1,-19.021364576154376,13.507925568573388,-19.57270847691247,1,-25.08614748449346,13.507925568573388,-25.706409372846316,1,-26.119917298414887,13.507925568573388,-29.427980702963474,0,,,,1.0,1.0,1.0,1.0,2.0,,,3.0,3.0,3.0,3.0,4.0,1,1,1,1,1,1,0,0,0,0
sh603813,2025-11-19,first_probe,1,首次试盘,1,5.005213764337846,5.005213764337846,0.938477580813335,1,-3.07612095933264,7.377476538060468,-4.692387904066731,1,5.16162669447342,7.377476538060468,-4.692387904066731,1,-0.052137643378513676,7.377476538060468,-4.692387904066731,1,-4.405630865484877,7.377476538060468,-8.107403545359748,0,,,,1.0,1.0,1.0,,,,,3.0,11.0,12.0,,,1,1,1,0,1,1,0,0,0,1
sh603825,2025-09-12,first_probe,1,首次试盘,1,1.747572815533971,2.6213592233009564,-0.9708737864077777,1,-0.3883495145631133,4.660194174757271,-0.9708737864077777,1,-2.8155339805825297,4.660194174757271,-4.077669902912618,1,-5.533980582524278,4.660194174757271,-8.73786407766991,1,-12.038834951456312,4.660194174757271,-12.330097087378656,1,-5.145631067961176,4.660194174757271,-12.524271844660205,1.0,2.0,,,,,,4.0,7.0,7.0,15.0,,1,1,0,0,1,1,0,0,1,1
sh603898,2025-05-09,first_probe,1,首次试盘,1,-1.7592592592592715,1.6666666666666607,-2.777777777777779,1,-0.9259259259259411,1.9444444444444375,-2.777777777777779,1,-0.5555555555555647,1.9444444444444375,-2.777777777777779,1,6.018518518518512,8.98148148148148,-2.777777777777779,1,8.98148148148148,10.925925925925917,-2.777777777777779,1,1.4814814814814836,10.925925925925917,-5.9259259259259345,1.0,7.0,7.0,7.0,20.0,,,29.0,29.0,,,,1,1,1,1,1,0,0,0,0,0
sh603998,2025-06-09,first_probe,1,首次试盘,1,-1.826484018264829,2.2831050228310446,-2.9223744292237286,1,1.552511415525104,2.8310502283105166,-2.9223744292237286,1,-3.7442922374429255,2.8310502283105166,-4.292237442922364,1,-10.59360730593607,2.8310502283105166,-12.328767123287665,1,-6.21004566210045,2.8310502283105166,-12.328767123287665,1,5.4794520547945424,7.0319634703196465,-12.328767123287665,1.0,36.0,36.0,,,,,4.0,7.0,7.0,8.0,,1,1,1,0,1,1,0,0,1,1
sh605003,2025-08-21,first_probe,1,首次试盘,1,2.7171675586661115,3.581720872787164,-4.158089748867844,1,11.156854672704819,23.219431864965003,-4.158089748867844,1,-0.782214903252354,23.219431864965003,-4.158089748867844,1,-6.504734458624939,23.219431864965003,-7.616303005351988,1,3.1288596130094826,23.219431864965003,-7.657472210786331,1,-2.0172910662824117,23.219431864965003,-7.945656648826683,1.0,1.0,2.0,2.0,2.0,3.0,3.0,1.0,8.0,,,,1,1,1,1,1,0,0,0,0,0
sh605005,2024-09-02,first_probe,1,首次试盘,1,-0.7087628865979356,0.8376288659793785,-2.1907216494845394,1,-2.0618556701030966,0.8376288659793785,-2.7061855670103108,1,-4.059278350515461,0.8376288659793785,-5.154639175257724,1,-5.0257731958762815,0.8376288659793785,-5.8634020618556715,1,5.219072164948435,19.845360824742286,-6.765463917525771,1,10.631443298969078,19.845360824742286,-6.765463917525771,1.0,18.0,18.0,18.0,18.0,19.0,,4.0,5.0,,,,1,1,1,1,1,0,0,0,1,0
sh605081,2025-04-11,first_probe,1,首次试盘,1,0.09041591320071429,2.2603978300180794,-3.2549728752260476,1,-0.0904159132007254,6.690777576853524,-3.2549728752260476,1,-2.2603978300180794,6.690777576853524,-4.068716094032554,1,-4.3399638336347195,6.690777576853524,-6.871609403254975,1,8.318264014466536,11.754068716094013,-9.132007233273054,1,21.880650994575035,35.623869801084986,-9.132007233273054,1.0,2.0,2.0,20.0,20.0,24.0,25.0,1.0,6.0,11.0,,,1,1,1,1,1,1,0,0,0,1
sh605118,2024-09-02,first_probe,1,首次试盘,1,0.5457025920873049,8.799454297407916,-0.8185538881309795,1,-1.0914051841746208,8.799454297407916,-4.297407912687589,1,-3.3424283765347895,8.799454297407916,-5.457025920873127,1,-6.343792633014999,8.799454297407916,-8.663028649386085,1,9.618008185538883,25.443383356070946,-8.663028649386085,1,14.665757162346505,25.443383356070946,-8.663028649386085,1.0,1.0,1.0,1.0,18.0,19.0,19.0,2.0,5.0,10.0,,,1,1,1,1,1,1,0,0,0,0
sh605298,2025-08-14,first_probe,1,首次试盘,1,3.569873748367436,6.660861993905098,-3.439268611232038,1,-3.134523291249447,6.660861993905098,-4.222899434044402,1,-3.569873748367436,6.660861993905098,-5.485415759686541,1,21.288637353069227,24.727905964301257,-5.485415759686541,1,79.79973878972572,103.74401393121464,-5.485415759686541,1,67.5663909447105,137.96255986068786,-5.485415759686541,1.0,1.0,1.0,7.0,7.0,8.0,9.0,1.0,4.0,,,,1,1,1,1,1,0,0,0,0,0
sh605303,2025-11-25,first_probe,1,首次试盘,1,-3.1061659712563805,1.1590171534538785,-3.5697728326379186,1,7.371349095966617,7.371349095966617,-3.5697728326379186,1,-0.649049605934171,11.868335651367644,-3.5697728326379186,1,-6.907742234585079,11.868335651367644,-15.716272600834492,1,-17.802503477051456,11.868335651367644,-18.868799258229018,0,,,,1.0,2.0,3.0,4.0,4.0,,,1.0,6.0,6.0,6.0,7.0,1,1,1,1,1,1,0,0,0,0
sh605369,2025-05-21,first_probe,1,首次试盘,1,-9.993270524899057,-7.267833109017497,-9.993270524899057,1,-12.415881561238217,-7.267833109017497,-12.920592193808877,1,-12.550471063257064,-7.267833109017497,-12.920592193808877,1,-8.68102288021534,-7.267833109017497,-13.290713324360704,1,-12.920592193808877,-7.267833109017497,-13.290713324360704,1,-33.78196500672948,-7.267833109017497,-37.14670255720054,,,,,,,,1.0,1.0,1.0,2.0,25.0,0,0,0,0,1,1,1,1,1,1
sz000004,2024-12-23,first_probe,1,首次试盘,1,-9.972299168975074,-8.144044321329657,-9.972299168975074,1,-13.961218836565104,-8.144044321329657,-27.03601108033241,1,-23.82271468144045,-8.144044321329657,-27.03601108033241,1,-27.368421052631586,-8.144044321329657,-32.9639889196676,1,-36.56509695290859,-8.144044321329657,-37.67313019390583,1,-28.975069252077567,-8.144044321329657,-42.659279778393355,,,,,,,,1.0,1.0,1.0,2.0,2.0,0,0,0,0,1,1,1,1,1,1
sz000004,2024-12-31,retest_probe,2,重新试盘,1,2.4566473988439252,3.973988439306364,-3.684971098265899,1,-9.537572254335258,4.046242774566489,-12.572254335260114,1,-3.1791907514450823,4.046242774566489,-12.572254335260114,1,-3.0346820809248554,4.046242774566489,-14.234104046242779,1,-14.161849710982654,4.046242774566489,-25.21676300578035,1,-8.59826589595375,5.419075144508678,-25.21676300578035,1.0,1.0,23.0,,,,,1.0,2.0,3.0,3.0,14.0,1,1,1,0,1,1,0,0,1,1
sz000007,2024-09-27,first_probe,1,首次试盘,1,10.08130081300811,10.08130081300811,1.6260162601625883,1,16.42276422764226,25.203252032520318,1.6260162601625883,1,5.040650406504055,25.203252032520318,1.6260162601625883,1,6.991869918699178,25.203252032520318,1.6260162601625883,1,9.430894308943083,25.203252032520318,1.6260162601625883,1,18.048780487804873,39.99999999999999,1.6260162601625883,1.0,1.0,1.0,1.0,1.0,2.0,2.0,,,,,,1,1,1,1,0,0,0,0,0,0
sz000007,2024-11-11,retest_probe,2,重新试盘,1,1.049868766404205,2.887139107611536,-2.099737532808399,1,-2.2309711286089273,2.887139107611536,-3.8057742782152237,1,-7.349081364829402,2.887139107611536,-7.874015748031504,1,-7.349081364829402,2.887139107611536,-11.41732283464567,1,-4.5931758530183835,2.887139107611536,-11.41732283464567,1,-9.055118110236226,2.887139107611536,-16.14173228346457,1.0,,,,,,,2.0,4.0,6.0,9.0,39.0,1,1,0,0,1,1,0,0,1,1
sz000008,2025-08-21,first_probe,1,首次试盘,1,-0.666666666666671,0.0,-2.0000000000000018,1,-0.9999999999999898,0.6666666666666599,-2.0000000000000018,1,-4.0000000000000036,0.6666666666666599,-6.666666666666677,1,-6.999999999999995,0.6666666666666599,-7.666666666666666,1,-1.3333333333333308,0.6666666666666599,-8.000000000000007,1,-3.3333333333333326,1.0000000000000009,-8.000000000000007,1.0,,,,,,,4.0,5.0,11.0,,,1,1,0,0,1,1,0,0,1,1
sz000016,2024-09-03,first_probe,1,首次试盘,1,-3.7174721189591087,0.3717472118959231,-4.460966542750933,1,-7.063197026022305,0.3717472118959231,-8.17843866171003,1,-5.576208178438657,0.3717472118959231,-10.03717472118959,1,-3.3457249070631967,0.3717472118959231,-10.03717472118959,1,19.330855018587357,35.315985130111535,-10.03717472118959,1,137.17472118959105,187.73234200743497,-10.03717472118959,1.0,12.0,12.0,13.0,13.0,16.0,17.0,1.0,2.0,3.0,4.0,,1,1,1,1,1,1,0,0,1,1
sz000016,2024-11-04,retest_probe,2,重新试盘,1,0.1434720229555264,5.451936872309893,-9.038737446197986,1,-8.464849354375891,5.451936872309893,-17.93400286944046,1,-12.912482065997121,5.451936872309893,-17.93400286944046,1,-28.98134863701578,5.451936872309893,-29.268292682926834,1,-24.677187948350067,5.451936872309893,-32.42467718794835,1,-12.912482065997121,5.451936872309893,-32.42467718794835,1.0,1.0,1.0,,,,,1.0,1.0,1.0,3.0,3.0,1,1,1,0,1,1,0,0,0,1
sz000016,2025-02-24,retest_probe,3,重新试盘,1,-2.010968921389389,0.9140767824497242,-4.753199268738573,1,4.387568555758681,6.581352833638032,-4.753199268738573,1,5.301645338208405,6.581352833638032,-8.775137111517362,1,-0.9140767824497242,11.700182815356497,-8.775137111517362,1,-11.334552102376605,11.700182815356497,-13.711151736745887,1,-10.054844606946977,11.700182815356497,-32.17550274223034,1.0,2.0,3.0,6.0,6.0,,,1.0,4.0,5.0,20.0,25.0,1,1,1,1,1,1,0,0,0,1
sz000016,2025-06-25,retest_probe,4,重新试盘,1,-2.131782945736438,-0.387596899224818,-2.7131782945736593,1,0.0,0.5813953488372103,-2.7131782945736593,1,-1.3565891472868241,1.3565891472868241,-2.7131782945736593,1,0.9689922480620172,4.263565891472854,-2.7131782945736593,1,-4.651162790697683,4.651162790697683,-4.8449612403100755,1,8.914728682170537,9.883720930232553,-7.945736434108531,3.0,6.0,33.0,38.0,,,,14.0,21.0,,,,1,1,1,1,1,0,0,0,1,0
sz000017,2025-11-26,first_probe,1,首次试盘,1,-5.692108667529117,-1.9404915912031084,-5.821474773609314,1,0.5174644243208126,4.657179818887447,-5.821474773609314,1,0.1293661060802087,4.657179818887447,-5.821474773609314,1,7.89133247089262,10.34928848641654,-5.821474773609314,1,7.244501940491577,15.13583441138422,-5.821474773609314,0,,,,2.0,3.0,8.0,8.0,10.0,17.0,,1.0,1.0,,,,1,1,1,1,1,0,0,0,1,0
sz000020,2025-05-22,first_probe,1,首次试盘,1,-2.5040387722132462,2.6655896607431284,-2.9079159935379795,1,-1.1308562197092087,2.6655896607431284,-2.9079159935379795,1,1.050080775444262,2.6655896607431284,-3.0694668820678617,1,1.5347334410339197,2.6655896607431284,-3.0694668820678617,1,10.258481421647826,34.733441033925686,-3.0694668820678617,1,8.319870759289172,34.733441033925686,-3.0694668820678617,1.0,11.0,11.0,12.0,12.0,18.0,18.0,4.0,,,,,1,1,1,1,0,0,0,0,0,0
sz000020,2025-06-26,retest_probe,2,重新试盘,1,-2.437275985663079,0.35842293906811484,-3.010752688172047,1,1.5770609318996431,5.3046594982078865,-3.010752688172047,1,0.0,5.3046594982078865,-3.010752688172047,1,-3.2258064516129004,5.3046594982078865,-4.157706093189962,1,-5.232974910394262,5.3046594982078865,-6.308243727598562,1,3.2974910394265367,5.3046594982078865,-6.308243727598562,1.0,2.0,2.0,,,,,1.0,13.0,,,,1,1,1,0,1,0,0,0,0,0
sz000025,2024-09-27,first_probe,1,首次试盘,1,8.354755784061684,9.254498714652959,0.8997429305912519,1,1.670951156812328,19.151670951156795,0.8997429305912519,1,-0.5784061696658127,19.151670951156795,-1.6709511568123392,1,1.9922879177377784,19.151670951156795,-1.6709511568123392,1,16.77377892030849,40.03856041131104,-1.6709511568123392,1,19.215938303341893,40.03856041131104,-1.6709511568123392,1.0,1.0,1.0,1.0,2.0,2.0,16.0,,,,,,1,1,1,1,0,0,0,0,0,0
sz000025,2025-04-01,retest_probe,2,重新试盘,1,2.2346368715083997,3.798882681564253,-1.2849162011173032,1,-7.932960893854735,8.212290502793307,-7.932960893854735,1,-14.748603351955303,8.212290502793307,-22.569832402234635,1,-2.178770949720654,8.212290502793307,-22.569832402234635,1,-6.424581005586583,18.491620111731866,-22.569832402234635,1,3.184357541899452,18.491620111731866,-22.569832402234635,1.0,1.0,2.0,2.0,12.0,12.0,,3.0,3.0,4.0,4.0,4.0,1,1,1,1,1,1,0,0,0,0
sz000031,2025-04-16,first_probe,1,首次试盘,1,-0.3676470588235392,2.941176470588225,-3.308823529411775,1,0.7352941176470562,2.941176470588225,-3.308823529411775,1,-0.3676470588235392,3.308823529411753,-3.308823529411775,1,-4.044117647058831,5.1470588235293935,-6.985294117647067,1,-1.4705882352941235,5.1470588235293935,-6.985294117647067,1,-2.573529411764719,5.1470588235293935,-6.985294117647067,1.0,4.0,7.0,,,,,1.0,8.0,,,,1,1,1,0,1,0,0,0,0,0
sz000031,2025-10-29,retest_probe,2,重新试盘,1,-7.012195121951215,-1.2195121951219412,-7.012195121951215,1,-9.756097560975608,-1.2195121951219412,-10.365853658536583,1,-8.231707317073166,-1.2195121951219412,-10.97560975609756,1,1.5243902439024515,1.8292682926829285,-10.97560975609756,1,-5.182926829268286,4.268292682926833,-10.97560975609756,1,-11.585365853658535,4.268292682926833,-14.634146341463417,9.0,13.0,,,,,,1.0,1.0,2.0,3.0,,1,1,0,0,1,1,0,0,1,1
sz000032,2025-04-18,first_probe,1,首次试盘,1,1.7961383026493083,2.6044005388415004,-2.5594970812752638,1,-0.6286484059272568,2.6044005388415004,-2.5594970812752638,1,-0.4490345756623215,2.6044005388415004,-8.352043107319263,1,3.8616973506959917,6.241580601706342,-8.352043107319263,1,-9.115401885945218,7.09474629546476,-10.193084867534797,1,-15.80601706331387,7.09474629546476,-16.210148181409966,1.0,8.0,9.0,,,,,4.0,5.0,5.0,20.0,40.0,1,1,1,0,1,1,0,0,1,1
sz000037,2025-04-25,first_probe,1,首次试盘,1,-1.5927189988623303,1.7064846416382284,-2.6166097838452584,1,-7.053469852104655,1.7064846416382284,-7.281001137656418,1,-2.6166097838452584,1.7064846416382284,-7.281001137656418,1,-3.5267349260523218,1.7064846416382284,-7.281001137656418,1,-2.1615472127417434,1.7064846416382284,-7.281001137656418,1,-2.7303754266211455,16.15472127417521,-7.281001137656418,1.0,21.0,21.0,22.0,22.0,22.0,,2.0,2.0,,,,1,1,1,1,1,0,0,0,1,0
sz000037,2025-05-30,retest_probe,2,重新试盘,1,-1.2917115177610294,-0.7534983853605848,-3.3369214208826548,1,-3.229278794402568,-0.5382131324004225,-4.198062432723349,1,-3.552206673842828,-0.5382131324004225,-5.166846071044118,1,0.5382131324004336,6.673842841765354,-5.2744886975242045,1,-7.857911733046274,6.673842841765354,-10.871905274488691,1,-0.21528525296016232,22.820236813778273,-10.871905274488691,7.0,9.0,9.0,25.0,25.0,26.0,26.0,1.0,4.0,14.0,15.0,,1,1,1,1,1,1,0,0,1,1
sz000037,2025-07-08,retest_probe,3,重新试盘,1,-1.424501424501412,3.5137701804368593,-3.893637226970559,1,-5.128205128205121,3.5137701804368593,-6.362773029439694,1,-10.446343779677115,3.5137701804368593,-10.731244064577394,1,-8.357075023741679,3.5137701804368593,-10.921177587844245,1,-12.155745489078818,3.5137701804368593,-15.004748338081676,1,-15.859449192782527,3.5137701804368593,-17.56885090218423,1.0,1.0,,,,,,1.0,2.0,5.0,5.0,19.0,1,1,0,0,1,1,0,0,1,1
sz000045,2025-11-26,first_probe,1,首次试盘,1,-2.2834645669291276,0.07874015748032814,-2.5196850393700676,1,-0.8661417322834652,0.07874015748032814,-2.9921259842519587,1,-3.543307086614167,0.07874015748032814,-3.937007874015752,1,-2.8346456692913358,0.07874015748032814,-5.826771653543295,1,-5.039370078740147,0.07874015748032814,-9.921259842519682,0,,,,1.0,,,,,,,5.0,6.0,14.0,,,1,1,0,0,1,1,0,0,1,1
sz000056,2024-12-10,first_probe,1,首次试盘,1,-4.120879120879117,0.0,-8.241758241758246,1,-2.197802197802201,3.8461538461538325,-8.241758241758246,1,-11.813186813186816,3.8461538461538325,-12.08791208791209,1,-10.989010989010984,6.868131868131866,-13.461538461538469,1,-27.1978021978022,6.868131868131866,-33.241758241758234,1,-12.362637362637363,6.868131868131866,-34.61538461538463,1.0,3.0,9.0,,,,,1.0,1.0,1.0,5.0,11.0,1,1,1,0,1,1,0,0,1,1
sz000056,2025-03-14,retest_probe,2,重新试盘,1,-0.8333333333333415,1.9444444444444375,-1.1111111111111072,1,4.166666666666674,8.333333333333325,-1.9444444444444486,1,0.0,8.333333333333325,-1.9444444444444486,1,0.8333333333333304,13.33333333333333,-12.777777777777777,1,-5.000000000000004,13.33333333333333,-23.611111111111114,1,-13.33333333333333,13.33333333333333,-23.611111111111114,1.0,2.0,3.0,3.0,7.0,,,9.0,10.0,10.0,10.0,15.0,1,1,1,1,1,1,0,0,0,0
sz000056,2025-04-11,retest_probe,3,重新试盘,1,4.268292682926833,5.487804878048785,0.6097560975609762,1,3.35365853658538,7.621951219512191,0.6097560975609762,1,1.8292682926829285,7.621951219512191,0.3048780487804992,1,-6.4024390243902385,7.621951219512191,-11.585365853658535,1,-2.7439024390243816,7.621951219512191,-11.585365853658535,1,-4.2682926829268215,7.621951219512191,-11.585365853658535,1.0,1.0,1.0,,,,,7.0,7.0,9.0,9.0,,1,1,1,0,1,1,0,0,0,1
sz000058,2024-11-04,first_probe,1,首次试盘,1,1.3468013468013407,2.805836139169471,-1.122334455667784,1,6.846240179573515,9.315375982042639,-1.122334455667784,1,5.723905723905731,9.315375982042639,-1.122334455667784,1,-3.8159371492704763,12.121212121212132,-4.938271604938271,1,15.937149270482598,15.937149270482598,-7.8563411896745095,1,-7.070707070707083,24.691358024691358,-9.876543209876553,1.0,2.0,2.0,3.0,6.0,20.0,21.0,9.0,11.0,37.0,,,1,1,1,1,1,1,0,0,0,0
sz000059,2024-10-24,first_probe,1,首次试盘,1,5.46875,7.421875,-1.3671875,1,4.4921875,11.328125,-1.3671875,1,4.8828125,11.328125,-1.3671875,1,4.1015625,11.328125,-1.5625,1,10.7421875,14.84375,-1.953125000000011,1,-2.148437500000011,14.84375,-3.3203125,1.0,1.0,1.0,2.0,2.0,,,38.0,,,,,1,1,1,1,0,0,0,0,0,0
sz000088,2024-11-26,first_probe,1,首次试盘,1,-0.7936507936507908,-0.7936507936507908,-4.960317460317465,1,1.7857142857142794,3.1746031746031855,-4.960317460317465,1,3.373015873015861,4.166666666666674,-4.960317460317465,1,0.1984126984126977,4.166666666666674,-4.960317460317465,1,-3.373015873015872,4.166666666666674,-4.960317460317465,1,-7.142857142857151,4.166666666666674,-9.92063492063492,2.0,2.0,,,,,,1.0,26.0,28.0,,,1,1,0,0,1,1,0,0,1,1
sz000096,2025-05-13,first_probe,1,首次试盘,1,-4.190260475651176,-0.11325028312570984,-5.209513023782564,1,-3.3975084937712396,-0.11325028312570984,-6.568516421291049,1,-3.737259343148358,1.925254813137034,-6.568516421291049,1,5.0396375990940045,7.870894677236695,-6.568516421291049,1,-21.63080407701019,8.720271800679491,-22.989807474518685,1,-27.010192525481315,8.720271800679491,-27.74631936579841,4.0,9.0,10.0,11.0,,,,1.0,1.0,12.0,12.0,13.0,1,1,1,1,1,1,0,0,1,1
sz000099,2024-11-22,first_probe,1,首次试盘,1,-3.5520974289580454,-0.2029769959404515,-6.968876860622464,1,-6.664411366711764,-0.2029769959404515,-11.33288227334235,1,-3.8227334235453325,0.8119079837618504,-11.33288227334235,1,-8.525033829499318,0.8119079837618504,-11.33288227334235,1,-12.347767253044651,0.8119079837618504,-14.81732070365358,1,-20.53450608930988,0.8119079837618504,-27.13125845737483,4.0,,,,,,,1.0,1.0,2.0,2.0,21.0,1,1,0,0,1,1,0,0,1,1
sz000151,2024-09-06,first_probe,1,首次试盘,1,9.967845659163977,9.967845659163977,0.5359056806002238,1,6.0021436227224,13.183279742765276,0.5359056806002238,1,8.145766345123251,13.183279742765276,0.5359056806002238,1,19.292604501607723,19.292604501607723,0.5359056806002238,1,36.12004287245445,48.12433011789925,0.5359056806002238,1,78.13504823151128,99.67845659163986,0.5359056806002238,1.0,1.0,1.0,1.0,2.0,7.0,11.0,,,,,,1,1,1,1,0,0,0,0,0,0
sz000151,2024-10-11,retest_probe,2,重新试盘,1,3.7360890302066796,6.359300476947549,-4.133545310015895,1,-3.338632750397452,6.359300476947549,-4.213036565977735,1,-3.338632750397452,6.359300476947549,-6.120826709061999,1,15.103338632750397,18.28298887122417,-6.120826709061999,1,35.532591414944356,48.09220985691574,-6.120826709061999,1,29.09379968203496,50.23847376788553,-6.120826709061999,1.0,1.0,1.0,8.0,8.0,9.0,11.0,1.0,5.0,,,,1,1,1,1,1,0,0,0,0,0
sz000151,2024-11-26,retest_probe,3,重新试盘,1,-9.971988795518216,-3.977591036414574,-9.971988795518216,1,-5.2100840336134375,-3.6414565826330625,-11.820728291316529,1,-10.196078431372547,-3.6414565826330625,-12.100840336134466,1,-7.45098039215687,-3.6414565826330625,-13.613445378151267,1,-18.31932773109244,-1.0644257703081306,-19.775910364145666,1,-25.658263305322137,-1.0644257703081306,-29.97198879551821,,,,,,,,1.0,1.0,1.0,2.0,19.0,0,0,0,0,1,1,1,1,1,1
sz000151,2025-07-11,retest_probe,4,重新试盘,1,-2.710622710622723,1.391941391941387,-2.710622710622723,1,-5.274725274725278,1.391941391941387,-6.227106227106227,1,-5.054945054945048,1.391941391941387,-6.227106227106227,1,-4.468864468864475,1.391941391941387,-6.227106227106227,1,-5.787545787545789,1.391941391941387,-7.619047619047626,1,-6.080586080586081,1.391941391941387,-8.791208791208794,1.0,,,,,,,2.0,2.0,37.0,,,1,1,0,0,1,1,0,0,1,1
sz000153,2025-07-02,first_probe,1,首次试盘,1,-2.1897810218978075,0.0,-3.211678832116782,1,-3.649635036496346,0.0,-4.379562043795615,1,-4.233576642335768,0.0,-4.671532846715321,1,-1.31386861313868,0.0,-4.671532846715321,1,6.715328467153281,17.956204379562045,-4.671532846715321,1,-1.4598540145985384,17.956204379562045,-4.671532846715321,1.0,17.0,18.0,18.0,18.0,19.0,,1.0,,,,,1,1,1,1,0,0,0,0,0,0
sz000155,2024-12-04,first_probe,1,首次试盘,1,-5.110602593440117,-1.449275362318836,-5.415713196033556,1,-5.415713196033556,-1.449275362318836,-8.31426392067124,1,-6.941266209000762,-1.449275362318836,-8.31426392067124,1,-9.382151029748275,-1.449275362318836,-9.992372234935154,1,-19.83218916857361,-1.449275362318836,-20.442410373760488,1,-14.492753623188392,-1.449275362318836,-20.97635392829901,,,,,,,,1.0,1.0,2.0,11.0,15.0,0,0,0,0,1,1,1,1,1,1
sz000158,2024-09-06,first_probe,1,首次试盘,1,-4.189189189189191,-1.8918918918918948,-5.270270270270283,1,6.351351351351342,14.189189189189166,-9.459459459459463,1,12.162162162162172,25.0,-9.459459459459463,1,48.37837837837837,75.40540540540542,-9.459459459459463,1,183.64864864864862,189.32432432432432,-9.459459459459463,1,322.83783783783775,438.91891891891896,-9.459459459459463,2.0,2.0,2.0,3.0,3.0,4.0,5.0,1.0,1.0,2.0,,,1,1,1,1,1,1,0,0,1,1
sz000301,2024-11-15,first_probe,1,首次试盘,1,-9.738955823293182,0.0,-10.040160642570283,1,-8.032128514056236,0.0,-12.449799196787147,1,-11.94779116465865,0.0,-12.449799196787147,1,-4.216867469879537,0.0,-12.650602409638568,1,-7.028112449799206,0.0,-12.650602409638568,1,-16.56626506024097,0.0,-20.180722891566273,1.0,,,,,,,1.0,1.0,1.0,1.0,26.0,1,1,0,0,1,1,0,0,1,1
sz000402,2024-10-24,first_probe,1,首次试盘,1,1.8575851393188847,4.643962848297201,0.0,1,0.6191950464396356,5.882352941176472,0.0,1,10.526315789473673,14.551083591331281,0.0,1,36.8421052631579,36.8421052631579,0.0,1,21.671826625387002,45.820433436532504,0.0,1,12.693498452012397,45.820433436532504,0.0,1.0,1.0,2.0,5.0,5.0,8.0,9.0,,,,,,1,1,1,1,0,0,0,0,0,0
sz000402,2025-10-17,retest_probe,2,重新试盘,1,0.996677740863805,1.9933554817275656,-0.6644518272425071,1,6.976744186046524,7.973421926910307,-0.6644518272425071,1,2.3255813953488413,7.973421926910307,-0.6644518272425071,1,0.33222591362127574,7.973421926910307,-0.6644518272425071,1,5.980066445182719,7.973421926910307,-0.6644518272425071,1,-6.976744186046513,7.973421926910307,-8.637873754152814,1.0,2.0,3.0,,,,,27.0,29.0,38.0,,,1,1,1,0,1,1,0,0,0,1
sz000417,2024-10-21,first_probe,1,首次试盘,1,0.39447731755424265,3.155818540433919,-3.3530571992110403,1,0.5917159763313418,3.155818540433919,-3.3530571992110403,1,9.664694280078878,11.242603550295849,-3.3530571992110403,1,3.5502958579881616,11.242603550295849,-3.3530571992110403,1,4.339250493096647,13.017751479289942,-3.3530571992110403,1,38.8560157790927,47.53451676528599,-3.3530571992110403,1.0,1.0,4.0,5.0,5.0,25.0,28.0,1.0,,,,,1,1,1,1,0,0,0,0,0,0
sz000419,2025-06-25,first_probe,1,首次试盘,1,-1.5490533562822706,-0.1721170395869165,-3.6144578313253017,1,-2.06540447504302,-0.1721170395869165,-3.6144578313253017,1,-0.8605851979345935,0.1721170395869276,-3.6144578313253017,1,0.0,0.1721170395869276,-3.6144578313253017,1,2.0654044750430423,3.958691910499157,-3.6144578313253017,1,1.376936316695354,15.3184165232358,-3.6144578313253017,5.0,18.0,34.0,35.0,35.0,35.0,,1.0,,,,,1,1,1,1,0,0,0,0,0,0
sz000420,2025-02-19,first_probe,1,首次试盘,1,1.9718309859154903,3.9436619718309807,-1.9718309859154903,1,7.042253521126751,8.450704225352123,-1.9718309859154903,1,6.760563380281703,8.450704225352123,-1.9718309859154903,1,9.014084507042263,17.746478873239436,-1.9718309859154903,1,10.422535211267615,17.746478873239436,-1.9718309859154903,1,-5.070422535211261,17.746478873239436,-13.239436619718303,1.0,1.0,3.0,3.0,6.0,7.0,,32.0,32.0,34.0,34.0,,1,1,1,1,1,1,0,0,0,0
sz000420,2025-04-30,retest_probe,2,重新试盘,1,3.038674033149169,3.314917127071837,-0.5524861878453025,1,2.7624309392265234,4.143646408839774,-0.5524861878453025,1,5.248618784530379,7.734806629834257,-0.5524861878453025,1,39.226519337016576,39.226519337016576,-0.5524861878453025,1,14.364640883977886,41.71270718232043,-0.5524861878453025,1,10.497237569060779,41.71270718232043,-0.5524861878453025,1.0,1.0,5.0,7.0,7.0,8.0,8.0,,,,,,1,1,1,1,0,0,0,0,0,0
sz000421,2024-09-02,first_probe,1,首次试盘,1,-1.4767932489451518,0.21097046413500742,-3.797468354430389,1,-1.0548523206751037,0.6329113924050445,-3.797468354430389,1,-2.742616033755274,3.586497890295348,-4.008438818565407,1,-4.641350210970474,3.586497890295348,-7.594936708860766,1,12.23628691983123,30.801687763713083,-7.594936708860766,1,25.31645569620253,30.801687763713083,-7.594936708860766,1.0,4.0,15.0,17.0,17.0,18.0,18.0,1.0,7.0,,,,1,1,1,1,1,0,0,0,1,0
sz000421,2024-11-29,retest_probe,2,重新试盘,1,-1.072386058981234,5.630026809651478,-4.9597855227882075,1,1.4745308310992078,16.353887399463794,-5.898123324396787,1,-3.351206434316356,16.353887399463794,-5.898123324396787,1,-6.434316353887393,16.353887399463794,-8.310991957104562,1,-4.4235924932975905,16.353887399463794,-22.252010723860593,1,-18.36461126005362,16.353887399463794,-22.252010723860593,1.0,1.0,1.0,2.0,3.0,3.0,,1.0,2.0,6.0,11.0,12.0,1,1,1,1,1,1,0,0,0,0
sz000421,2025-05-16,retest_probe,3,重新试盘,1,1.6155088852988664,5.8158319870759145,0.3231017770597644,1,5.977382875605808,10.662358642972514,0.3231017770597644,1,1.2924071082390798,10.662358642972514,0.3231017770597644,1,4.846526655896599,10.662358642972514,0.3231017770597644,1,5.8158319870759145,10.662358642972514,0.3231017770597644,1,9.693053311793198,14.701130856219692,0.3231017770597644,1.0,1.0,1.0,2.0,2.0,,,,,,,,1,1,1,1,0,0,0,0,0,0
sz000430,2024-09-27,first_probe,1,首次试盘,1,10.000000000000009,10.000000000000009,-1.9999999999999907,1,-5.285714285714283,18.571428571428573,-5.285714285714283,1,-11.285714285714288,18.571428571428573,-12.0,1,-13.142857142857146,18.571428571428573,-18.571428571428573,1,-1.7142857142857126,18.571428571428573,-18.571428571428573,1,-1.285714285714279,18.571428571428573,-18.571428571428573,1.0,1.0,1.0,1.0,1.0,2.0,,3.0,3.0,4.0,4.0,8.0,1,1,1,1,1,1,0,0,0,0
sz000501,2025-02-17,first_probe,1,首次试盘,1,-5.148741418764313,-1.0297482837528626,-5.263157894736848,1,-3.089244851258577,-1.0297482837528626,-5.377574370709393,1,-3.775743707093826,-1.0297482837528626,-5.377574370709393,1,-1.94508009153318,2.7459954233409745,-5.491990846681927,1,0.5720823798626817,2.8604118993134975,-5.491990846681927,1,10.869565217391287,28.718535469107543,-5.491990846681927,8.0,27.0,27.0,31.0,34.0,35.0,36.0,1.0,1.0,,,,1,1,1,1,1,0,0,0,1,0
sz000504,2024-09-26,first_probe,1,首次试盘,1,3.835978835978837,5.555555555555558,-0.6613756613756627,1,21.164021164021165,23.54497354497356,-0.6613756613756627,1,8.994708994709,23.54497354497356,-0.6613756613756627,1,11.111111111111116,23.54497354497356,-0.6613756613756627,1,36.904761904761905,44.44444444444444,-0.6613756613756627,1,37.830687830687836,50.66137566137567,-0.6613756613756627,1.0,1.0,1.0,2.0,2.0,3.0,3.0,,,,,,1,1,1,1,0,0,0,0,0,0
sz000504,2025-01-15,retest_probe,2,重新试盘,1,1.1261261261261257,5.405405405405395,0.0,1,3.490990990990972,5.405405405405395,-0.563063063063074,1,1.6891891891891664,8.783783783783772,-0.563063063063074,1,2.1396396396396344,8.783783783783772,-2.4774774774774855,1,5.292792792792778,10.135135135135108,-2.4774774774774855,1,14.75225225225223,25.450450450450447,-2.4774774774774855,1.0,1.0,1.0,5.0,17.0,27.0,31.0,,,,,,1,1,1,1,0,0,0,0,0,0
sz000504,2025-03-03,retest_probe,3,重新试盘,1,3.182751540041062,3.182751540041062,-1.4373716632443578,1,3.490759753593431,6.057494866529778,-1.4373716632443578,1,10.266940451745388,14.373716632443534,-1.4373716632443578,1,5.03080082135523,14.373716632443534,-1.4373716632443578,1,-2.361396303901442,14.373716632443534,-3.5934291581108835,1,-41.375770020533885,14.373716632443534,-44.25051334702259,1.0,1.0,2.0,4.0,4.0,,,20.0,24.0,25.0,25.0,25.0,1,1,1,1,1,1,0,0,0,0
sz000505,2024-10-14,first_probe,1,首次试盘,1,-1.1887072808320909,1.7830609212481363,-3.5661218424962837,1,-6.389301634472522,1.7830609212481363,-6.686478454680533,1,-5.349182763744431,1.7830609212481363,-9.063893016344727,1,-1.1887072808320909,1.7830609212481363,-9.063893016344727,1,-0.5943536404160454,4.606240713224352,-9.063893016344727,1,3.5661218424962726,13.67013372956909,-9.063893016344727,1.0,18.0,35.0,35.0,35.0,,,1.0,3.0,4.0,,,1,1,1,1,1,1,0,0,1,1
sz000516,2024-09-11,first_probe,1,首次试盘,1,1.3667425968109548,5.46697038724373,-0.4555808656036331,1,-6.378132118451008,5.46697038724373,-7.289293849658296,1,-5.9225512528473745,5.46697038724373,-7.289293849658296,1,12.98405466970387,15.03416856492028,-7.289293849658296,1,18.22323462414581,38.7243735763098,-7.289293849658296,1,29.84054669703873,49.43052391799545,-7.289293849658296,1.0,1.0,1.0,10.0,10.0,10.0,11.0,2.0,3.0,,,,1,1,1,1,1,0,0,0,0,0
sz000518,2024-09-02,first_probe,1,首次试盘,1,-2.8169014084507116,-2.3474178403755763,-7.511737089201875,1,-4.225352112676051,-2.3474178403755763,-7.511737089201875,1,-2.3474178403755763,0.46948356807512415,-7.511737089201875,1,-7.981220657276989,0.9389671361502261,-8.920187793427225,1,6.572769953051649,23.943661971831,-9.38967136150235,1,31.924882629107998,43.1924882629108,-9.38967136150235,5.0,17.0,17.0,18.0,18.0,19.0,19.0,1.0,1.0,10.0,,,1,1,1,1,1,1,0,0,1,1
sz000518,2024-12-25,retest_probe,2,重新试盘,1,-4.180064308681663,7.395498392282951,-7.395498392282962,1,-16.077170418006435,7.395498392282951,-16.398713826366553,1,-19.614147909967837,7.395498392282951,-19.935691318327965,1,-16.077170418006435,7.395498392282951,-23.472668810289388,1,-25.080385852090025,7.395498392282951,-27.331189710610936,1,-23.472668810289388,7.395498392282951,-27.331189710610936,1.0,1.0,1.0,,,,,1.0,1.0,2.0,2.0,3.0,1,1,1,0,1,1,0,0,0,1
sz000518,2025-04-03,retest_probe,3,重新试盘,1,-10.000000000000009,-10.000000000000009,-10.000000000000009,1,-19.23076923076923,-10.000000000000009,-26.15384615384616,1,-13.846153846153841,-9.615384615384615,-26.15384615384616,1,-17.692307692307686,-9.615384615384615,-26.15384615384616,1,-28.846153846153843,-9.615384615384615,-33.84615384615385,1,-11.538461538461553,-9.615384615384615,-33.84615384615385,,,,,,,,1.0,1.0,1.0,1.0,2.0,0,0,0,0,1,1,1,1,1,1
sz000520,2024-11-06,first_probe,1,首次试盘,1,-2.225755166931631,4.9284578696343395,-10.015898251192368,1,-6.677265500794915,4.9284578696343395,-11.605723370429255,1,-4.9284578696343395,4.9284578696343395,-11.605723370429255,1,-15.262321144674084,4.9284578696343395,-21.462639109697925,1,-16.85214626391096,4.9284578696343395,-21.462639109697925,1,-26.70906200317965,4.9284578696343395,-28.457869634340227,1.0,1.0,,,,,,1.0,1.0,1.0,1.0,7.0,1,1,0,0,1,1,0,0,1,1
sz000520,2025-06-24,retest_probe,2,重新试盘,1,-4.725897920604916,-0.9451795841209809,-5.482041587901698,1,-3.402646502835538,-0.5671077504725952,-7.183364839319473,1,-2.0793950850661713,-0.5671077504725952,-7.183364839319473,1,-4.914933837429103,-0.5671077504725952,-7.183364839319473,1,-6.427221172022679,-0.5671077504725952,-7.183364839319473,1,-8.50661625708885,-0.5671077504725952,-12.098298676748575,,,,,,,,1.0,1.0,21.0,25.0,,0,0,0,0,1,1,1,1,1,1
sz000520,2025-09-23,retest_probe,3,重新试盘,1,-0.21276595744680327,3.1914893617021267,-3.191489361702138,1,-4.468085106382979,3.1914893617021267,-4.893617021276608,1,-6.382978723404253,3.1914893617021267,-6.5957446808510785,1,-5.106382978723412,3.1914893617021267,-8.510638297872353,1,-3.82978723404257,3.1914893617021267,-8.510638297872353,1,-4.680851063829783,13.617021276595743,-8.510638297872353,1.0,1.0,28.0,32.0,32.0,,,1.0,4.0,8.0,,,1,1,1,1,1,1,0,0,1,1
sz000523,2024-12-20,first_probe,1,首次试盘,1,-6.936416184971095,-0.28901734104045396,-7.514450867052014,1,-7.8034682080924895,-0.28901734104045396,-9.826589595375722,1,-6.358381502890165,-0.28901734104045396,-9.826589595375722,1,-17.6300578034682,-0.28901734104045396,-19.36416184971098,1,-14.45086705202312,-0.28901734104045396,-22.83236994219653,1,-11.849710982658967,-0.28901734104045396,-22.83236994219653,,,,,,,,1.0,1.0,3.0,6.0,9.0,0,0,0,0,1,1,1,1,1,1
sz000526,2025-01-27,first_probe,1,首次试盘,1,8.709065021357375,9.397247271001419,0.8542952064546805,1,6.16990982439487,9.397247271001419,0.8542952064546805,1,11.604176554342672,17.465590887517802,0.8542952064546805,1,18.652112007593736,26.41196013289038,0.8542952064546805,1,18.652112007593736,28.310393925011866,0.8542952064546805,1,13.194114855244422,28.310393925011866,0.8542952064546805,1.0,1.0,1.0,1.0,4.0,5.0,7.0,,,,,,1,1,1,1,0,0,0,0,0,0
sz000531,2025-07-10,first_probe,1,首次试盘,1,-1.1747430249632762,1.6152716593245353,-2.05580029368575,1,-2.643171806167399,5.873715124816448,-3.2305433186490373,1,-2.3494860499265635,5.873715124816448,-3.2305433186490373,1,-3.083700440528636,5.873715124816448,-3.964757709251099,1,-5.580029368575623,5.873715124816448,-7.488986784140971,1,-6.754772393538911,5.873715124816448,-8.223201174743021,1.0,2.0,2.0,,,,,3.0,13.0,40.0,,,1,1,1,0,1,1,0,0,0,1
sz000531,2025-07-14,continuous_probe,2,连续试盘,1,-3.9130434782608803,-0.28985507246377384,-4.492753623188417,1,-3.6231884057971064,-0.28985507246377384,-4.492753623188417,1,-3.4782608695652195,-0.28985507246377384,-4.782608695652179,1,-5.797101449275366,-0.28985507246377384,-6.231884057971026,1,-6.811594202898563,-0.28985507246377384,-8.695652173913048,1,-6.231884057971026,-0.28985507246377384,-9.420289855072472,,,,,,,,1.0,6.0,13.0,,,0,0,0,0,1,1,1,1,1,1
sz000532,2025-02-07,first_probe,1,首次试盘,1,2.5391680172879516,8.58995137763372,-9.400324149108597,1,-0.6482982171799101,8.58995137763372,-9.400324149108597,1,-9.34629929767693,8.58995137763372,-10.480821177741772,1,-9.34629929767693,8.58995137763372,-12.425715829281469,1,-13.884386817936257,8.58995137763372,-17.77417612101567,1,-25.013506212857916,8.58995137763372,-25.013506212857916,1.0,1.0,1.0,1.0,,,,1.0,1.0,1.0,5.0,15.0,1,1,1,1,1,1,0,0,0,0
sz000534,2025-04-11,first_probe,1,首次试盘,1,0.3501400560224077,2.4509803921568762,0.1400560224089631,1,-2.170868347338928,5.112044817927175,-3.361344537815114,1,0.1400560224089631,5.112044817927175,-3.361344537815114,1,5.3221288515406195,6.372549019607843,-3.361344537815114,1,7.142857142857162,13.935574229691872,-3.361344537815114,1,-3.991596638655448,13.935574229691872,-5.742296918767497,1.0,3.0,3.0,11.0,14.0,,,3.0,38.0,,,,1,1,1,1,1,0,0,0,0,0
sz000536,2025-10-16,first_probe,1,首次试盘,1,-3.974895397489553,-0.20920502092051096,-4.184100418410042,1,0.0,0.0,-4.184100418410042,1,-0.4184100418410108,1.2552301255229992,-4.184100418410042,1,1.673640167364021,6.066945606694563,-4.184100418410042,1,1.0460251046024993,9.205020920502083,-4.184100418410042,1,8.158995815899583,38.07531380753137,-4.184100418410042,3.0,7.0,8.0,13.0,21.0,22.0,26.0,1.0,,,,,1,1,1,1,0,0,0,0,0,0
sz000545,2024-09-06,first_probe,1,首次试盘,1,-2.985074626865658,1.4925373134328401,-3.482587064676612,1,-1.990049751243772,1.4925373134328401,-5.970149253731338,1,-8.955223880596996,1.4925373134328401,-8.955223880596996,1,-5.472636815920396,1.4925373134328401,-13.93034825870646,1,5.472636815920406,27.86069651741294,-13.93034825870646,1,38.80597014925375,50.74626865671643,-13.93034825870646,1.0,13.0,13.0,14.0,14.0,14.0,15.0,1.0,2.0,5.0,6.0,,1,1,1,1,1,1,0,0,1,1
sz000545,2024-10-23,retest_probe,2,重新试盘,1,-2.16450216450218,3.0303030303030276,-3.0303030303030276,1,4.329004329004338,4.761904761904767,-3.0303030303030276,1,8.658008658008654,8.658008658008654,-3.0303030303030276,1,21.212121212121193,31.168831168831158,-3.0303030303030276,1,13.85281385281385,31.168831168831158,-3.0303030303030276,1,17.74891774891776,32.03463203463202,-3.0303030303030276,1.0,1.0,4.0,5.0,6.0,7.0,8.0,1.0,,,,,1,1,1,1,0,0,0,0,0,0
sz000545,2024-11-14,retest_probe,3,重新试盘,1,-4.104477611940305,-0.7462686567164201,-4.850746268656724,1,-5.97014925373135,-0.7462686567164201,-8.955223880597018,1,-0.7462686567164201,1.1194029850746245,-8.955223880597018,1,1.1194029850746245,5.597014925373123,-8.955223880597018,1,12.31343283582087,13.80597014925371,-8.955223880597018,1,-23.134328358208954,13.80597014925371,-26.49253731343284,5.0,8.0,8.0,16.0,17.0,,,1.0,2.0,3.0,28.0,28.0,1,1,1,1,1,1,0,0,1,1
sz000546,2025-04-14,first_probe,1,首次试盘,1,-0.6993006993007089,0.2331002331002363,-1.631701631701643,1,-2.7972027972028024,0.2331002331002363,-3.9627039627039617,1,-0.4662004662004726,0.2331002331002363,-3.9627039627039617,1,-3.7296037296037365,1.3986013986013957,-4.195804195804187,1,1.631701631701632,3.4965034965035002,-4.662004662004671,1,9.790209790209792,18.181818181818187,-4.662004662004671,1.0,15.0,29.0,29.0,29.0,34.0,,2.0,,,,,1,1,1,1,0,0,0,0,0,0
sz000551,2025-08-20,first_probe,1,首次试盘,1,-2.7755749405233954,0.5551149881046769,-3.409992069785883,1,-4.758128469468669,0.5551149881046769,-5.709754163362401,1,-7.375099127676443,0.5551149881046769,-7.375099127676443,1,-11.340206185567004,0.5551149881046769,-11.578112609040437,1,-8.881839809674851,0.5551149881046769,-13.005551149881034,1,-10.626486915146705,0.5551149881046769,-14.353687549563832,1.0,,,,,,,1.0,3.0,6.0,9.0,,1,1,0,0,1,1,0,0,1,1
sz000564,2024-11-01,first_probe,1,首次试盘,1,-2.0000000000000018,-0.5000000000000004,-4.0000000000000036,1,18.999999999999993,18.999999999999993,-4.0000000000000036,1,43.99999999999999,43.99999999999999,-4.0000000000000036,1,35.5,68.0,-4.0000000000000036,1,66.5,68.0,-4.0000000000000036,1,68.5,119.0,-4.0000000000000036,2.0,2.0,2.0,2.0,3.0,3.0,4.0,1.0,,,,,1,1,1,1,0,0,0,0,0,0
sz000564,2025-04-22,retest_probe,2,重新试盘,1,-3.484320557491294,-1.0452961672474004,-3.832752613240431,1,-5.226480836236935,-1.0452961672474004,-6.620209059233451,1,-4.529616724738672,-1.0452961672474004,-7.317073170731703,1,-7.66550522648084,-1.0452961672474004,-10.452961672473881,1,-14.28571428571429,-1.0452961672474004,-14.634146341463417,1,-23.69337979094077,-1.0452961672474004,-25.78397212543555,,,,,,,,1.0,2.0,10.0,10.0,21.0,0,0,0,0,1,1,1,1,1,1
sz000566,2024-09-20,first_probe,1,首次试盘,1,-7.828282828282829,-3.282828282828276,-8.585858585858585,1,-3.535353535353536,1.7676767676767735,-9.595959595959592,1,-0.7575757575757569,1.7676767676767735,-9.595959595959592,1,-2.777777777777779,19.696969696969703,-9.595959595959592,1,26.76767676767675,37.62626262626263,-9.595959595959592,1,29.54545454545454,79.54545454545456,-9.595959595959592,3.0,6.0,6.0,6.0,7.0,7.0,19.0,1.0,1.0,1.0,,,1,1,1,1,1,1,0,0,1,1
sz000570,2025-03-11,first_probe,1,首次试盘,1,0.0,4.677419354838719,-0.6451612903225823,1,3.70967741935484,10.000000000000009,-2.2580645161290436,1,1.6129032258064502,10.000000000000009,-2.2580645161290436,1,-9.838709677419356,10.000000000000009,-10.806451612903222,1,-18.870967741935484,10.000000000000009,-25.645161290322584,1,-10.322580645161295,10.000000000000009,-25.645161290322584,1.0,1.0,2.0,2.0,2.0,,,7.0,8.0,9.0,10.0,14.0,1,1,1,1,1,1,0,0,0,0
sz000571,2024-10-24,first_probe,1,首次试盘,1,1.6279069767441978,3.488372093023262,-0.6976744186046546,1,-3.48837209302324,3.488372093023262,-4.651162790697683,1,-6.04651162790697,3.488372093023262,-7.674418604651157,1,-7.906976744186045,3.488372093023262,-13.720930232558137,1,-8.604651162790688,3.488372093023262,-16.279069767441857,1,-19.767441860465105,3.488372093023262,-20.46511627906976,1.0,1.0,,,,,,2.0,4.0,6.0,6.0,17.0,1,1,0,0,1,1,0,0,1,1
sz000572,2025-10-17,first_probe,1,首次试盘,1,-2.196193265007329,5.1244509516837455,-4.099560761346998,1,-11.566617862371887,5.1244509516837455,-12.737920937042457,1,-16.98389458272328,5.1244509516837455,-18.44802342606149,1,-3.3674963396779,5.1244509516837455,-18.44802342606149,1,60.17569546120058,61.639824304538784,-18.44802342606149,1,34.114202049780374,76.1346998535871,-18.44802342606149,1.0,1.0,1.0,12.0,12.0,12.0,13.0,1.0,2.0,3.0,3.0,4.0,1,1,1,1,1,1,0,0,0,1
sz000573,2025-01-21,first_probe,1,首次试盘,1,1.3071895424836777,7.843137254901977,0.0,1,16.12200435729847,22.004357298474943,0.0,1,5.010893246187376,27.668845315904143,0.0,1,-7.4074074074074066,27.668845315904143,-12.418300653594782,1,16.99346405228759,27.668845315904143,-13.28976034858388,1,8.932461873638342,27.668845315904143,-13.28976034858388,1.0,1.0,1.0,2.0,2.0,3.0,3.0,6.0,6.0,7.0,7.0,,1,1,1,1,1,1,0,0,0,0
sz000576,2025-03-25,first_probe,1,首次试盘,1,-1.5424164524421635,1.1568123393316254,-1.9280205655527016,1,-5.9125964010282805,1.1568123393316254,-6.041131105398467,1,-5.012853470437029,1.1568123393316254,-9.640102827763497,1,-13.753213367609263,1.1568123393316254,-25.064267352185087,1,-7.969151670951158,1.1568123393316254,-25.064267352185087,1,11.696658097686363,42.41645244215937,-25.064267352185087,1.0,29.0,29.0,29.0,29.0,30.0,32.0,2.0,3.0,4.0,8.0,8.0,1,1,1,1,1,1,0,0,1,1
sz000584,2025-03-31,first_probe,1,首次试盘,1,-5.000000000000016,-2.7272727272727337,-5.000000000000016,1,-14.090909090909099,-2.7272727272727337,-14.090909090909099,1,-22.272727272727277,-2.7272727272727337,-22.272727272727277,1,-22.72727272727274,-2.7272727272727337,-31.818181818181824,1,-89.0909090909091,-2.7272727272727337,-90.45454545454545,0,,,,,,,,,,,1.0,1.0,2.0,3.0,4.0,0,0,0,0,1,1,1,1,1,1
sz000584,2025-04-10,retest_probe,2,重新试盘,1,-4.938271604938271,0.0,-4.938271604938271,1,4.938271604938271,4.938271604938271,-7.407407407407418,1,16.049382716049365,16.049382716049365,-7.407407407407418,1,-4.938271604938271,21.604938271604922,-7.407407407407418,1,-85.80246913580247,21.604938271604922,-87.03703703703704,0,,,,1.0,3.0,4.0,4.0,4.0,5.0,6.0,1.0,2.0,11.0,12.0,12.0,1,1,1,1,1,1,0,0,1,0
sz000590,2025-07-14,first_probe,1,首次试盘,1,0.0,10.02886002886003,-9.812409812409806,1,-6.060606060606055,10.02886002886003,-12.337662337662337,1,-12.554112554112551,10.02886002886003,-13.059163059163048,1,-10.101010101010088,10.02886002886003,-17.027417027417023,1,-5.555555555555558,10.02886002886003,-17.388167388167385,1,-12.337662337662337,10.02886002886003,-17.388167388167385,1.0,1.0,1.0,1.0,1.0,,,1.0,1.0,1.0,2.0,6.0,1,1,1,1,1,1,0,0,0,0
sz000592,2025-03-13,first_probe,1,首次试盘,1,6.1889250814332275,9.446254071661242,-0.32573289902279035,1,8.143322475570036,16.938110749185675,-0.32573289902279035,1,6.84039087947883,16.938110749185675,-0.32573289902279035,1,-3.583061889250816,16.938110749185675,-4.56026058631921,1,-0.6514657980456029,16.938110749185675,-11.40065146579804,1,0.6514657980456029,16.938110749185675,-11.40065146579804,1.0,1.0,1.0,1.0,2.0,2.0,,8.0,12.0,12.0,16.0,,1,1,1,1,1,1,0,0,0,0
sz000595,2024-09-13,first_probe,1,首次试盘,1,10.060362173038229,10.060362173038229,-4.828973843058337,1,22.535211267605625,22.535211267605625,-4.828973843058337,1,48.289738430583505,48.289738430583505,-4.828973843058337,1,67.80684104627768,82.49496981891349,-4.828973843058337,1,78.06841046277665,127.76659959758554,-4.828973843058337,1,64.38631790744466,150.90543259557347,-4.828973843058337,1.0,1.0,1.0,1.0,1.0,2.0,3.0,1.0,,,,,1,1,1,1,0,0,0,0,0,0
sz000595,2025-04-16,retest_probe,2,重新试盘,1,-3.2432432432432434,0.0,-3.963963963963957,1,-5.225225225225227,0.540540540540535,-11.531531531531524,1,-9.369369369369362,0.540540540540535,-11.531531531531524,1,-23.603603603603595,0.540540540540535,-26.486486486486484,1,-16.75675675675675,0.540540540540535,-27.387387387387385,1,-12.792792792792795,0.540540540540535,-27.387387387387385,1.0,,,,,,,1.0,2.0,3.0,3.0,7.0,1,1,0,0,1,1,0,0,1,1
sz000595,2025-05-06,retest_probe,3,重新试盘,1,-4.716981132075471,-2.8301886792452824,-4.952830188679247,1,-2.1226415094339535,0.0,-4.952830188679247,1,0.2358490566037652,5.660377358490565,-4.952830188679247,1,8.962264150943389,11.556603773584918,-4.952830188679247,1,17.924528301886777,24.764150943396213,-4.952830188679247,1,17.688679245283012,26.179245283018847,-4.952830188679247,2.0,5.0,5.0,10.0,10.0,12.0,13.0,1.0,,,,,1,1,1,1,0,0,0,0,0,0
sz000599,2024-10-15,first_probe,1,首次试盘,1,2.064220183486243,4.357798165137594,-2.2935779816513846,1,2.2935779816513735,4.357798165137594,-2.2935779816513846,1,2.9816513761467878,11.46788990825689,-2.2935779816513846,1,44.495412844036686,44.495412844036686,-2.2935779816513846,1,31.88073394495412,45.871559633027516,-2.2935779816513846,1,18.80733944954127,45.871559633027516,-2.2935779816513846,1.0,1.0,5.0,5.0,5.0,7.0,8.0,,,,,,1,1,1,1,0,0,0,0,0,0
sz000605,2024-11-27,first_probe,1,首次试盘,1,-7.2008113590263605,-1.6227180527383367,-7.910750507099385,1,-8.215010141987822,-1.6227180527383367,-11.257606490872208,1,-10.040567951318458,-1.6227180527383367,-11.257606490872208,1,-8.823529411764696,-1.6227180527383367,-11.257606490872208,1,-21.298174442190664,-1.6227180527383367,-22.81947261663285,1,-25.86206896551724,-1.6227180527383367,-30.933062880324545,,,,,,,,1.0,1.0,2.0,2.0,14.0,0,0,0,0,1,1,1,1,1,1
sz000605,2024-12-27,retest_probe,2,重新试盘,1,0.3759398496240518,1.2531328320801949,-2.8822055137844638,1,-2.8822055137844638,2.0050125313283207,-3.759398496240607,1,-10.77694235588973,2.0050125313283207,-14.661654135338352,1,-10.77694235588973,2.0050125313283207,-14.661654135338352,1,-8.897243107769437,2.0050125313283207,-14.661654135338352,1,-3.2581453634085267,2.0050125313283207,-14.661654135338352,1.0,,,,,,,3.0,4.0,4.0,4.0,,1,1,0,0,1,1,0,0,1,1
sz000605,2025-03-20,retest_probe,3,重新试盘,1,-1.6129032258064613,0.8684863523573227,-3.8461538461538547,1,-6.699751861042191,0.8684863523573227,-7.940446650124078,1,-6.823821339950376,0.8684863523573227,-7.940446650124078,1,-7.568238213399503,0.8684863523573227,-11.042183622828794,1,-11.290322580645162,0.8684863523573227,-25.55831265508686,1,12.034739454094279,16.62531017369726,-25.55831265508686,1.0,38.0,39.0,39.0,39.0,40.0,,1.0,2.0,6.0,7.0,11.0,1,1,1,1,1,1,0,0,1,1
sz000605,2025-09-17,retest_probe,4,重新试盘,1,-6.718346253229979,-3.3591731266149893,-8.268733850129205,1,-10.852713178294572,-3.3591731266149893,-11.240310077519378,1,-10.465116279069775,-3.3591731266149893,-13.953488372093027,1,-11.757105943152457,-3.3591731266149893,-13.953488372093027,1,-5.297157622739023,-3.3591731266149893,-14.72868217054264,1,-2.9715762273901825,-0.6459948320413411,-14.72868217054264,,,,,,,,1.0,1.0,1.0,2.0,,0,0,0,0,1,1,1,1,1,1
sz000608,2024-10-09,first_probe,1,首次试盘,1,-10.080645161290324,-5.241935483870963,-10.080645161290324,1,-13.306451612903224,-5.241935483870963,-18.145161290322587,1,-8.467741935483875,-5.241935483870963,-18.145161290322587,1,-11.290322580645151,-3.629032258064513,-18.145161290322587,1,0.8064516129032251,2.0161290322580516,-18.145161290322587,1,4.8387096774193505,34.2741935483871,-18.145161290322587,17.0,21.0,21.0,21.0,21.0,22.0,22.0,1.0,1.0,1.0,1.0,2.0,1,1,1,1,1,1,1,0,1,1
sz000608,2024-11-13,retest_probe,2,重新试盘,1,-2.7027027027026973,6.563706563706551,-2.7027027027026973,1,2.316602316602312,6.563706563706551,-7.335907335907333,1,0.38610038610038533,6.563706563706551,-7.335907335907333,1,-5.7915057915057915,6.563706563706551,-11.196911196911197,1,15.444015444015458,21.235521235521237,-11.196911196911197,1,-16.60231660231659,21.235521235521237,-24.32432432432432,1.0,1.0,1.0,17.0,17.0,18.0,18.0,2.0,2.0,8.0,10.0,36.0,1,1,1,1,1,1,0,0,0,1
sz000608,2024-12-20,retest_probe,3,重新试盘,1,-9.963099630996307,-1.1070110701106972,-9.963099630996307,1,-15.12915129151292,-1.1070110701106972,-17.343173431734304,1,-14.022140221402212,-1.1070110701106972,-17.343173431734304,1,-23.616236162361627,-1.1070110701106972,-27.67527675276753,1,-19.188191881918815,-1.1070110701106972,-28.044280442804425,1,-19.188191881918815,-1.1070110701106972,-28.044280442804425,,,,,,,,1.0,1.0,1.0,2.0,3.0,0,0,0,0,1,1,1,1,1,1
sz000608,2025-11-19,retest_probe,4,重新试盘,1,-5.035971223021574,-2.1582733812949506,-5.035971223021574,1,-10.79136690647482,-2.1582733812949506,-14.388489208633093,1,-5.39568345323741,-2.1582733812949506,-14.388489208633093,1,-2.877697841726601,-0.3597122302158251,-14.388489208633093,1,-15.827338129496404,-0.3597122302158251,-18.705035971223026,0,,,,,,,,,,,1.0,1.0,2.0,3.0,17.0,0,0,0,0,1,1,1,1,1,1
sz000619,2024-12-16,first_probe,1,首次试盘,1,0.8760951188986343,8.3854818523154,-5.38172715894869,1,-11.514392991239053,8.3854818523154,-11.889862327909896,1,-21.4017521902378,8.3854818523154,-21.4017521902378,1,-23.279098873591998,8.3854818523154,-24.906132665832292,1,-25.657071339173964,8.3854818523154,-29.16145181476846,1,-24.03003754693367,8.3854818523154,-30.03754693366709,1.0,1.0,1.0,1.0,,,,1.0,1.0,3.0,3.0,4.0,1,1,1,1,1,1,0,0,0,0
sz000619,2024-12-17,continuous_probe,2,连续试盘,1,-2.977667493796532,1.4888337468982549,-4.962779156327546,1,-14.888337468982627,1.4888337468982549,-16.25310173697271,1,-21.836228287841198,1.4888337468982549,-24.193548387096776,1,-23.697270471464016,1.4888337468982549,-25.55831265508686,1,-29.40446650124069,1.4888337468982549,-30.645161290322587,1,-25.806451612903224,1.4888337468982549,-30.645161290322587,1.0,,,,,,,1.0,2.0,2.0,2.0,3.0,1,1,0,0,1,1,0,0,1,1
sz000619,2025-01-06,retest_probe,3,重新试盘,1,-0.5847953216374324,4.532163742690076,-3.508771929824561,1,-1.023391812865504,4.532163742690076,-6.43274853801169,1,-16.374269005847953,4.532163742690076,-16.374269005847953,1,-7.602339181286544,4.532163742690076,-18.274853801169588,1,-9.35672514619883,4.532163742690076,-18.274853801169588,1,-1.900584795321636,4.532163742690076,-18.274853801169588,1.0,1.0,,,,,,1.0,2.0,5.0,5.0,5.0,1,1,0,0,1,1,0,0,1,1
sz000619,2025-01-09,continuous_probe,4,连续试盘,1,-6.20384047267356,3.101920236336797,-6.20384047267356,1,-12.259970457902503,3.101920236336797,-16.395864106351542,1,-7.533234859675031,3.101920236336797,-17.42983751846381,1,-12.555391432791719,3.101920236336797,-17.42983751846381,1,-10.044313146233375,3.101920236336797,-17.42983751846381,1,-3.3973412112259904,3.101920236336797,-17.42983751846381,1.0,1.0,,,,,,1.0,1.0,2.0,2.0,2.0,1,1,0,0,1,1,0,0,1,1
sz000620,2024-11-11,first_probe,1,首次试盘,1,-2.2222222222222143,0.8888888888888946,-4.8888888888888875,1,-9.333333333333327,0.8888888888888946,-9.333333333333327,1,-8.000000000000007,0.8888888888888946,-12.0,1,-12.0,0.8888888888888946,-14.222222222222225,1,3.111111111111109,9.333333333333327,-15.11111111111112,1,-9.777777777777786,39.1111111111111,-15.11111111111112,1.0,18.0,18.0,20.0,21.0,22.0,23.0,1.0,2.0,2.0,4.0,12.0,1,1,1,1,1,1,0,0,1,1
sz000620,2025-09-02,retest_probe,2,重新试盘,1,0.0,3.658536585365857,-0.6097560975609762,1,1.2195121951219523,3.658536585365857,-2.4390243902438935,1,1.8292682926829285,3.658536585365857,-2.4390243902438935,1,16.463414634146332,19.512195121951216,-2.4390243902438935,1,-1.2195121951219412,20.12195121951219,-4.2682926829268215,1,101.21951219512195,109.75609756097562,-4.2682926829268215,1.0,1.0,8.0,8.0,8.0,9.0,12.0,19.0,,,,,1,1,1,1,0,0,0,0,0,0
sz000626,2025-07-14,first_probe,1,首次试盘,1,-1.9471488178025131,1.112656467315709,-3.198887343532686,1,-0.13908205841447474,2.642559109874809,-3.198887343532686,1,5.841446453407517,16.82892906815021,-3.198887343532686,1,1.112656467315709,16.82892906815021,-3.198887343532686,1,0.0,16.82892906815021,-3.616133518776088,1,-4.033379694019468,16.82892906815021,-7.0931849791377015,1.0,4.0,4.0,4.0,5.0,5.0,,1.0,33.0,,,,1,1,1,1,1,0,0,0,0,0
sz000627,2025-04-30,first_probe,1,首次试盘,1,-5.109489051094895,-5.109489051094895,-5.109489051094895,1,-14.233576642335766,-5.109489051094895,-14.233576642335766,1,-22.62773722627738,-5.109489051094895,-22.62773722627738,1,-36.861313868613145,-5.109489051094895,-40.14598540145986,1,-49.27007299270074,-5.109489051094895,-49.27007299270074,0,,,,,,,,,,,1.0,1.0,2.0,3.0,4.0,0,0,0,0,1,1,1,1,1,1
sz000628,2024-10-17,first_probe,1,首次试盘,1,3.0097569042500494,6.499090458078394,1.3725814453448004,1,7.292872498759717,13.080866545394398,-0.7772449148337968,1,13.411609062344954,22.374731271704974,-0.7772449148337968,1,18.98462047296181,30.262940300975693,-0.7772449148337968,1,6.168347941127839,30.262940300975693,-0.7772449148337968,1,0.81031916652885,30.262940300975693,-8.96312220936002,1.0,1.0,1.0,2.0,2.0,4.0,5.0,22.0,22.0,22.0,,,1,1,1,1,1,1,0,0,0,0
sz000632,2025-05-14,first_probe,1,首次试盘,1,-1.7902813299232823,1.2787723785166127,-2.5575447570332477,1,-1.278772378516635,1.2787723785166127,-3.8363171355498826,1,-6.649616368286448,1.2787723785166127,-9.207161125319697,1,-8.43989769820972,1.2787723785166127,-10.741687979539638,1,-1.278772378516635,1.7902813299232712,-10.741687979539638,1,3.8363171355498604,9.462915601023013,-10.741687979539638,1.0,21.0,21.0,30.0,,,,2.0,4.0,5.0,7.0,,1,1,1,1,1,1,0,0,1,1
sz000632,2025-10-27,retest_probe,2,重新试盘,1,3.424657534246589,6.164383561643838,-0.22831050228310223,1,-7.305936073059371,6.164383561643838,-8.675799086757985,1,5.022831050228316,6.164383561643838,-8.675799086757985,1,23.972602739726035,23.972602739726035,-8.675799086757985,1,37.89954337899544,99.7716894977169,-8.675799086757985,1,37.89954337899544,99.7716894977169,-8.675799086757985,1.0,1.0,1.0,6.0,6.0,10.0,10.0,2.0,2.0,3.0,,,1,1,1,1,1,1,0,0,0,1
sz000632,2025-10-31,continuous_probe,3,连续试盘,1,10.047846889952151,10.047846889952151,0.23923444976077235,1,12.440191387559828,16.7464114832536,0.23923444976077235,1,18.18181818181821,18.18181818181821,0.23923444976077235,1,90.19138755980862,90.19138755980862,0.23923444976077235,1,48.086124401913885,109.33014354066985,0.23923444976077235,1,52.87081339712918,109.33014354066985,0.23923444976077235,1.0,1.0,1.0,1.0,1.0,2.0,6.0,,,,,,1,1,1,1,0,0,0,0,0,0
sz000635,2024-11-01,first_probe,1,首次试盘,1,10.056497175141255,10.056497175141255,1.242937853107362,1,4.85875706214689,20.22598870056498,1.242937853107362,1,14.802259887005654,20.22598870056498,1.242937853107362,1,1.1299435028248483,20.22598870056498,0.6779661016949268,1,-4.74576271186441,20.22598870056498,-10.734463276836149,1,-7.796610169491524,20.22598870056498,-10.734463276836149,1.0,1.0,1.0,1.0,1.0,2.0,2.0,11.0,12.0,16.0,18.0,,1,1,1,1,1,1,0,0,0,0
sz000638,2024-10-15,first_probe,1,首次试盘,1,-1.8018018018018056,0.22522522522521182,-4.054054054054069,1,-2.7027027027027084,0.22522522522521182,-5.180180180180194,1,2.4774774774774633,3.603603603603589,-5.180180180180194,1,18.243243243243224,26.801801801801783,-5.180180180180194,1,38.963963963963955,47.747747747747724,-5.180180180180194,1,34.68468468468468,47.747747747747724,-5.180180180180194,1.0,5.0,8.0,9.0,9.0,9.0,10.0,1.0,3.0,,,,1,1,1,1,1,0,0,0,1,0
sz000639,2025-06-11,first_probe,1,首次试盘,1,0.0,2.840909090909083,-1.1363636363636354,1,-5.113636363636365,2.840909090909083,-6.818181818181824,1,-8.52272727272727,2.840909090909083,-8.806818181818187,1,-8.238636363636365,2.840909090909083,-13.920454545454552,1,-5.9659090909090935,2.840909090909083,-13.920454545454552,1,-8.806818181818187,2.840909090909083,-13.920454545454552,1.0,,,,,,,2.0,2.0,5.0,6.0,,1,1,0,0,1,1,0,0,1,1
sz000656,2024-11-25,first_probe,1,首次试盘,1,-4.848484848484835,1.21212121212122,-4.848484848484835,1,-3.6363636363636265,1.21212121212122,-9.696969696969692,1,-0.60606060606061,1.21212121212122,-9.696969696969692,1,-4.848484848484835,1.21212121212122,-9.696969696969692,1,-0.60606060606061,9.696969696969715,-9.696969696969692,1,1.21212121212122,9.696969696969715,-9.696969696969692,1.0,16.0,17.0,17.0,,,,1.0,2.0,2.0,,,1,1,1,1,1,1,0,0,1,1
sz000665,2025-08-06,first_probe,1,首次试盘,1,2.127659574468077,6.219312602291316,-1.4729950900163824,1,-0.6546644844517169,6.219312602291316,-2.454991816693952,1,0.16366612111291534,6.219312602291316,-2.454991816693952,1,-2.9459901800327426,6.219312602291316,-5.400981996726683,1,4.091653027823239,12.274959083469717,-5.400981996726683,1,2.9459901800327204,12.274959083469717,-8.67430441898528,1.0,1.0,1.0,15.0,16.0,,,6.0,7.0,33.0,,,1,1,1,1,1,1,0,0,0,1
sz000668,2024-11-01,first_probe,1,首次试盘,1,4.383886255924185,6.99052132701421,-5.094786729857814,1,21.20853080568721,23.696682464454977,-5.094786729857814,1,11.611374407582954,25.710900473933652,-5.094786729857814,1,8.530805687203792,25.710900473933652,-5.094786729857814,1,8.175355450236976,25.710900473933652,-5.094786729857814,1,-17.654028436018955,25.710900473933652,-20.497630331753548,1.0,1.0,1.0,2.0,2.0,3.0,3.0,1.0,1.0,36.0,37.0,37.0,1,1,1,1,1,1,0,0,0,0
sz000670,2024-09-23,first_probe,1,首次试盘,1,0.8733624454148492,0.8733624454148492,-2.401746724890841,1,12.008733624454138,12.008733624454138,-2.401746724890841,1,26.419213973799117,26.637554585152824,-2.401746724890841,1,24.45414847161573,47.161572052401745,-2.401746724890841,1,35.58951965065502,47.161572052401745,-2.401746724890841,1,56.76855895196506,96.2882096069869,-2.401746724890841,1.0,2.0,2.0,3.0,3.0,4.0,5.0,,,,,,1,1,1,1,0,0,0,0,0,0
sz000670,2025-04-16,retest_probe,2,重新试盘,1,0.3044140030441289,3.5007610350076046,-3.3485540334855513,1,-3.1963470319634646,3.5007610350076046,-6.544901065449016,1,3.65296803652968,7.153729071537285,-6.544901065449016,1,-0.15220700152207556,11.111111111111093,-6.544901065449016,1,4.566210045662089,11.111111111111093,-6.544901065449016,1,2.130898021308969,15.068493150684926,-6.544901065449016,1.0,1.0,4.0,7.0,7.0,21.0,,1.0,2.0,,,,1,1,1,1,1,0,0,0,1,0
sz000677,2024-11-04,first_probe,1,首次试盘,1,-1.814882032667875,4.174228675136127,-6.533575317604345,1,-5.6261343012704135,6.533575317604368,-7.2595281306715,1,0.7259528130671544,6.533575317604368,-7.2595281306715,1,-17.24137931034483,6.533575317604368,-19.23774954627948,1,-14.700544464609798,6.533575317604368,-23.230490018148807,1,-24.31941923774954,6.533575317604368,-27.223230490018146,1.0,1.0,2.0,,,,,1.0,1.0,9.0,9.0,10.0,1,1,1,0,1,1,0,0,1,1
sz000678,2024-09-20,first_probe,1,首次试盘,1,1.2048192771084265,2.008032128514059,-4.81927710843374,1,-0.8032128514056214,4.216867469879526,-4.81927710843374,1,5.020080321285136,9.638554216867457,-4.81927710843374,1,7.63052208835342,26.10441767068272,-4.81927710843374,1,18.072289156626486,26.10441767068272,-4.81927710843374,1,16.86746987951806,39.55823293172689,-4.81927710843374,1.0,3.0,4.0,5.0,6.0,6.0,7.0,1.0,,,,,1,1,1,1,0,0,0,0,0,0
sz000678,2025-04-15,retest_probe,2,重新试盘,1,-4.873949579831938,0.25210084033613356,-5.7983193277310825,1,-6.554621848739506,0.25210084033613356,-8.235294117647063,1,-9.579831932773109,0.25210084033613356,-9.579831932773109,1,-4.453781512605048,9.41176470588234,-10.504201680672265,1,52.60504201680671,64.9579831932773,-10.504201680672265,1,38.319327731092436,64.9579831932773,-10.504201680672265,1.0,7.0,7.0,7.0,13.0,13.0,14.0,1.0,1.0,3.0,10.0,,1,1,1,1,1,1,0,0,1,1
sz000679,2025-01-17,first_probe,1,首次试盘,1,-3.5007610350076157,4.414003044140036,-4.109589041095896,1,-2.7397260273972712,4.414003044140036,-8.675799086757996,1,-8.82800608828006,4.414003044140036,-10.197869101978686,1,-3.5007610350076157,4.414003044140036,-14.30745814307459,1,5.022831050228316,5.175038051750369,-14.30745814307459,1,6.849315068493134,35.00761035007609,-14.30745814307459,1.0,1.0,11.0,21.0,21.0,21.0,22.0,1.0,2.0,3.0,5.0,,1,1,1,1,1,1,0,0,1,1
sz000680,2025-08-07,first_probe,1,首次试盘,1,-0.39564787339266827,0.8902077151335286,-1.3847675568743667,1,0.09891196834816984,1.0880316518298905,-1.3847675568743667,1,-2.9673590504450953,1.0880316518298905,-3.066271018793265,1,-2.1760633036597365,1.0880316518298905,-4.154302670623144,1,-7.814045499505429,1.0880316518298905,-8.20969337289812,1,1.8793273986152492,3.857566765578646,-8.20969337289812,1.0,35.0,,,,,,5.0,15.0,20.0,,,1,1,0,0,1,1,0,0,1,1
sz000685,2025-07-24,first_probe,1,首次试盘,1,-2.7439024390243816,0.20325203252031798,-2.9471544715447107,1,-2.7439024390243816,0.20325203252031798,-3.963414634146345,1,-4.674796747967469,0.20325203252031798,-5.081300813008127,1,-2.0325203252032464,0.20325203252031798,-5.081300813008127,1,3.658536585365857,6.707317073170738,-5.081300813008127,1,-2.8455284552845517,7.418699186991873,-5.081300813008127,1.0,12.0,14.0,,,,,2.0,5.0,,,,1,1,1,0,1,0,0,0,1,0
sz000695,2024-11-15,first_probe,1,首次试盘,1,10.017574692442865,10.017574692442865,10.017574692442865,1,15.817223198594021,15.817223198594021,-0.9666080843585334,1,35.06151142355007,35.06151142355007,-0.9666080843585334,1,5.88752196836555,48.594024604569405,-0.9666080843585334,1,4.48154657293498,48.594024604569405,-0.9666080843585334,1,-15.64147627416521,48.594024604569405,-20.210896309314595,1.0,1.0,1.0,1.0,1.0,3.0,4.0,23.0,24.0,27.0,28.0,34.0,1,1,1,1,1,1,0,0,0,0
sz000695,2025-02-18,retest_probe,2,重新试盘,1,-0.7285974499089298,-0.45537340619308253,-5.282331511839711,1,6.466302367941701,6.466302367941701,-5.282331511839711,1,3.4608378870673917,9.744990892531868,-5.282331511839711,1,7.377049180327866,12.021857923497258,-5.282331511839711,1,-0.7285974499089298,12.021857923497258,-5.282331511839711,1,-12.568306010928964,12.021857923497258,-26.77595628415301,3.0,3.0,3.0,4.0,7.0,,,1.0,1.0,24.0,24.0,33.0,1,1,1,1,1,1,0,0,1,0
sz000695,2025-11-18,retest_probe,3,重新试盘,1,5.929586164298928,7.967881408276711,-2.7177269919703595,1,-1.605929586164312,16.55342804200124,-3.2118591723286016,1,4.138357010500293,16.55342804200124,-3.2118591723286016,1,3.7677578752316254,18.900555898702898,-3.2118591723286016,1,-24.52130945027795,18.900555898702898,-24.83014206300186,0,,,,1.0,1.0,1.0,2.0,2.0,2.0,,3.0,12.0,12.0,13.0,15.0,1,1,1,1,1,1,0,0,0,0
sz000701,2025-06-09,first_probe,1,首次试盘,1,2.8831562974203306,8.345978755690432,-5.766312594840661,1,14.719271623672237,14.719271623672237,-5.766312594840661,1,22.458270106221544,26.7071320182094,-5.766312594840661,1,-7.587253414264039,26.7071320182094,-12.594840667678298,1,-4.855842185128989,26.7071320182094,-12.594840667678298,1,-7.435508345978759,26.7071320182094,-12.594840667678298,1.0,1.0,1.0,1.0,3.0,4.0,4.0,1.0,1.0,8.0,9.0,,1,1,1,1,1,1,0,0,0,0
sz000702,2025-04-03,first_probe,1,首次试盘,1,-9.956076134699854,-0.43923865300147247,-9.956076134699854,1,-0.43923865300147247,1.6105417276720324,-10.395314787701315,1,-1.6105417276720435,2.9282576866764387,-10.395314787701315,1,-5.856515373352855,2.9282576866764387,-10.395314787701315,1,-2.4890190336749662,2.9282576866764387,-10.395314787701315,1,0.5856515373352966,11.71303074670571,-10.395314787701315,3.0,28.0,28.0,29.0,29.0,,,1.0,1.0,1.0,2.0,,1,1,1,1,1,1,0,0,1,1
sz000702,2025-05-21,retest_probe,2,重新试盘,1,-3.518267929634644,0.0,-3.788903924221909,1,-2.841677943166443,0.0,-4.736129905277398,1,-7.713125845737478,0.0,-8.38971583220568,1,-7.036535859269277,0.0,-9.201623815967519,1,-4.059539918809197,3.653585926928282,-9.201623815967519,1,2.435723951285529,14.749661705006778,-9.201623815967519,1.0,14.0,30.0,35.0,35.0,,,1.0,5.0,5.0,,,1,1,1,1,1,1,0,0,1,1
sz000702,2025-07-02,retest_probe,3,重新试盘,1,3.9136302294197067,7.692307692307687,1.0796221322537214,1,-0.13495276653171517,7.692307692307687,-2.0242914979757165,1,1.4844804318488558,7.692307692307687,-2.0242914979757165,1,1.6194331983805599,14.439946018893401,-2.0242914979757165,1,4.453441295546567,14.439946018893401,-2.0242914979757165,1,5.128205128205132,14.439946018893401,-2.0242914979757165,1.0,1.0,1.0,6.0,6.0,,,,,,,,1,1,1,1,0,0,0,0,0,0
sz000709,2024-12-09,first_probe,1,首次试盘,1,-1.2448132780083054,2.9045643153526868,-1.6597510373444035,1,0.0,2.9045643153526868,-2.4896265560165998,1,-3.734439834024905,2.9045643153526868,-4.9792531120331995,1,-7.05394190871369,2.9045643153526868,-7.05394190871369,1,-10.788381742738595,2.9045643153526868,-12.863070539419086,1,-9.958506224066399,2.9045643153526868,-16.597510373444003,1.0,,,,,,,4.0,6.0,15.0,17.0,24.0,1,1,0,0,1,1,0,0,1,1
sz000710,2024-12-18,first_probe,1,首次试盘,1,-3.0476190476190546,0.0,-4.476190476190478,1,-11.61904761904763,0.0,-12.380952380952392,1,-15.809523809523807,0.0,-17.619047619047613,1,-20.666666666666668,0.0,-21.42857142857143,1,-19.333333333333325,0.0,-28.000000000000004,1,27.52380952380953,32.761904761904745,-28.000000000000004,1.0,32.0,32.0,32.0,32.0,36.0,36.0,1.0,3.0,3.0,3.0,5.0,1,1,1,1,1,1,0,0,1,1
sz000713,2024-11-01,first_probe,1,首次试盘,1,-2.990897269180759,-0.5201560468140465,-5.721716514954489,1,8.3224967490247,8.45253576072822,-5.721716514954489,1,5.33159947984394,10.273081924577365,-5.721716514954489,1,-5.331599479843952,10.273081924577365,-5.721716514954489,1,-2.86085825747725,10.273081924577365,-8.842652795838756,1,-2.4707412223667125,10.273081924577365,-12.353706111833551,3.0,3.0,3.0,3.0,4.0,,,1.0,1.0,11.0,38.0,,1,1,1,1,1,1,0,0,1,0
sz000716,2025-01-15,first_probe,1,首次试盘,1,5.8666666666666645,9.066666666666666,-2.6666666666666727,1,-0.5333333333333301,9.066666666666666,-2.6666666666666727,1,-3.066666666666673,9.066666666666666,-3.733333333333333,1,-8.133333333333336,9.066666666666666,-13.200000000000001,1,-3.066666666666673,9.066666666666666,-13.200000000000001,1,-8.133333333333336,9.066666666666666,-13.200000000000001,1.0,1.0,1.0,1.0,,,,4.0,7.0,8.0,8.0,,1,1,1,1,1,1,0,0,0,0
sz000720,2025-04-30,first_probe,1,首次试盘,1,0.9646302250803984,0.9646302250803984,-2.2508038585209,1,2.2508038585209,2.5723472668810254,-2.2508038585209,1,2.5723472668810254,3.8585209003215493,-2.2508038585209,1,8.038585209003223,8.36012861736335,-2.2508038585209,1,9.324758842443725,18.9710610932476,-2.2508038585209,1,12.86173633440515,18.9710610932476,-2.2508038585209,1.0,4.0,10.0,10.0,11.0,12.0,,,,,,,1,1,1,1,0,0,0,0,0,0
sz000720,2025-05-21,retest_probe,2,重新试盘,1,-0.5813953488372103,2.034883720930236,-1.744186046511631,1,-1.744186046511631,2.034883720930236,-4.360465116279066,1,-1.4534883720930147,2.034883720930236,-4.360465116279066,1,-1.4534883720930147,2.034883720930236,-4.360465116279066,1,-4.651162790697683,2.6162790697674465,-4.941860465116276,1,9.593023255813948,28.779069767441847,-5.813953488372081,1.0,30.0,31.0,33.0,34.0,34.0,35.0,2.0,21.0,,,,1,1,1,1,1,0,0,0,1,0
sz000721,2024-11-28,first_probe,1,首次试盘,1,2.5341130604288553,3.3138401559454245,-1.4619883040935755,1,-2.729044834307981,12.085769980506832,-2.826510721247555,1,-3.3138401559454134,12.085769980506832,-5.360623781676399,1,14.912280701754387,28.36257309941521,-5.360623781676399,1,-3.508771929824561,38.40155945419104,-10.331384015594548,1,-16.081871345029242,38.40155945419104,-22.027290448343074,1.0,1.0,2.0,2.0,2.0,9.0,10.0,4.0,5.0,19.0,19.0,27.0,1,1,1,1,1,1,0,0,0,0
sz000721,2024-12-18,retest_probe,2,重新试盘,1,-3.6771300448430466,-1.076233183856512,-7.264573991031398,1,-12.376681614349783,-0.8968609865470767,-12.645739910313903,1,-14.708520179372197,-0.8968609865470767,-17.48878923766817,1,-3.766816143497753,-0.8968609865470767,-17.48878923766817,1,-17.48878923766817,-0.8968609865470767,-28.251121076233186,1,-19.820627802690595,-0.8968609865470767,-28.251121076233186,,,,,,,,1.0,1.0,3.0,3.0,4.0,0,0,0,0,1,1,1,1,1,1
sz000722,2024-10-23,first_probe,1,首次试盘,1,-0.5736137667304075,2.9636711281070705,-1.9120458891013437,1,5.3537284894837445,8.891013384321212,-1.9120458891013437,1,1.5296367112810572,8.891013384321212,-1.9120458891013437,1,0.09560229445506607,8.891013384321212,-4.206500956022952,1,-0.3824091778202754,12.715105162523876,-4.206500956022952,1,3.2504780114722687,12.715105162523876,-4.49330783938815,1.0,2.0,2.0,3.0,14.0,,,7.0,,,,,1,1,1,1,0,0,0,0,0,0
sz000727,2025-11-24,first_probe,1,首次试盘,1,2.316602316602312,3.8610038610038755,-0.7722007722007707,1,0.7722007722007707,5.0193050193050315,-0.7722007722007707,1,11.583011583011604,11.583011583011604,-0.7722007722007707,1,9.652509652509655,12.741312741312738,-0.7722007722007707,1,0.38610038610038533,12.741312741312738,-2.7027027027026973,0,,,,1.0,1.0,2.0,5.0,5.0,,,,,,,,1,1,1,1,0,0,0,0,0,0
sz000737,2025-06-06,first_probe,1,首次试盘,1,-0.7446808510638281,-0.31914893617022155,-2.9787234042553346,1,0.8510638297872353,1.4893617021276562,-2.9787234042553346,1,-0.9574468085106314,1.4893617021276562,-2.9787234042553346,1,-5.638297872340436,1.4893617021276562,-5.85106382978724,1,21.80851063829785,41.48936170212767,-6.489361702127672,1,13.72340425531915,41.48936170212767,-6.489361702127672,2.0,15.0,15.0,15.0,16.0,16.0,17.0,8.0,9.0,,,,1,1,1,1,1,0,0,0,1,0
sz000750,2024-10-16,first_probe,1,首次试盘,1,-2.7906976744186074,1.3953488372093092,-3.023255813953485,1,2.0930232558139528,6.976744186046502,-3.2558139534883623,1,8.372093023255811,16.97674418604653,-3.2558139534883623,1,10.697674418604652,24.65116279069768,-3.2558139534883623,1,19.53488372093024,30.23255813953487,-3.2558139534883623,1,9.534883720930232,30.23255813953487,-3.2558139534883623,1.0,2.0,2.0,4.0,5.0,5.0,7.0,1.0,,,,,1,1,1,1,0,0,0,0,0,0
sz000753,2024-12-31,first_probe,1,首次试盘,1,2.0930232558139528,4.883720930232549,-3.023255813953485,1,-8.139534883720923,4.883720930232549,-10.465116279069765,1,-1.1627906976744096,4.883720930232549,-10.465116279069765,1,-1.3953488372092981,4.883720930232549,-10.465116279069765,1,-3.953488372093017,4.883720930232549,-10.465116279069765,1,2.0930232558139528,4.883720930232549,-10.465116279069765,1.0,1.0,,,,,,1.0,2.0,3.0,3.0,,1,1,0,0,1,1,0,0,1,1
sz000753,2025-03-24,retest_probe,2,重新试盘,1,-5.9047619047619015,-1.333333333333342,-6.666666666666665,1,1.5238095238095273,9.142857142857142,-7.619047619047626,1,-5.142857142857138,9.142857142857142,-10.476190476190473,1,-2.0952380952381056,10.285714285714276,-10.476190476190473,1,19.047619047619047,20.571428571428573,-11.809523809523814,1,0.3809523809523707,20.571428571428573,-11.809523809523814,2.0,2.0,3.0,3.0,7.0,17.0,18.0,1.0,1.0,5.0,5.0,,1,1,1,1,1,1,0,0,1,0
sz000759,2024-10-30,first_probe,1,首次试盘,1,1.7241379310344973,1.9704433497536922,-2.9556650246305383,1,0.9852216748768461,5.911330049261099,-2.9556650246305383,1,-0.49261083743841194,5.911330049261099,-2.9556650246305383,1,1.7241379310344973,10.591133004926135,-2.9556650246305383,1,-3.9408866995073843,10.591133004926135,-8.866995073891616,1,120.1970443349754,131.28078817733996,-8.866995073891616,1.0,2.0,2.0,6.0,7.0,24.0,24.0,12.0,12.0,13.0,,,1,1,1,1,1,1,0,0,0,0
sz000767,2024-11-08,first_probe,1,首次试盘,1,0.7017543859649145,5.263157894736836,-0.35087719298246833,1,3.8596491228070073,10.877192982456151,-2.1052631578947434,1,-8.070175438596493,10.877192982456151,-8.070175438596493,1,-7.719298245614037,10.877192982456151,-8.771929824561408,1,1.403508771929829,10.877192982456151,-10.526315789473696,1,-15.087719298245617,10.877192982456151,-16.84210526315789,1.0,1.0,1.0,2.0,2.0,,,4.0,5.0,5.0,13.0,39.0,1,1,1,1,1,1,0,0,0,0
sz000785,2024-12-26,first_probe,1,首次试盘,1,-1.269035532994922,4.5685279187817285,-3.2994923857867953,1,-9.390862944162437,4.5685279187817285,-9.898477157360407,1,5.8375634517766395,5.8375634517766395,-13.197969543147202,1,-7.868020304568535,11.421319796954311,-13.197969543147202,1,-11.675126903553302,11.421319796954311,-15.736040609137058,1,15.48223350253808,41.37055837563452,-17.25888324873097,1.0,1.0,5.0,6.0,8.0,27.0,28.0,1.0,2.0,3.0,4.0,11.0,1,1,1,1,1,1,0,0,1,1
sz000788,2024-09-10,first_probe,1,首次试盘,1,-3.153988868274582,0.18552875695734272,-3.3395176252319025,1,-2.9684601113172393,0.18552875695734272,-3.3395176252319025,1,-2.9684601113172393,0.18552875695734272,-6.493506493506485,1,2.9684601113172615,3.5250463821892453,-6.493506493506485,1,7.9777365491651375,25.974025974025984,-6.493506493506485,1,18.55287569573283,26.90166975881263,-6.493506493506485,1.0,9.0,11.0,12.0,12.0,12.0,13.0,1.0,4.0,,,,1,1,1,1,1,0,0,0,1,0
sz000790,2025-11-07,first_probe,1,首次试盘,1,2.1226415094339535,4.481132075471694,-0.9433962264150941,1,1.8867924528301883,4.481132075471694,-0.9433962264150941,1,6.603773584905648,9.905660377358494,-0.9433962264150941,1,-4.481132075471706,12.971698113207552,-5.4245283018868,1,1.6509433962264008,12.971698113207552,-5.4245283018868,0,,,,1.0,1.0,4.0,4.0,6.0,,,10.0,10.0,26.0,28.0,,1,1,1,1,1,1,0,0,0,0
sz000796,2024-12-24,first_probe,1,首次试盘,1,-3.8277511961722577,0.0,-4.784688995215303,1,1.674641148325362,6.459330143540676,-4.784688995215303,1,-3.1100478468899517,6.459330143540676,-4.784688995215303,1,-9.569377990430617,6.459330143540676,-14.114832535885169,1,-12.200956937799035,6.459330143540676,-15.78947368421052,1,-4.545454545454531,6.459330143540676,-16.74641148325359,1.0,3.0,3.0,,,,,1.0,6.0,7.0,7.0,13.0,1,1,1,0,1,1,0,0,0,1
sz000801,2025-02-14,first_probe,1,首次试盘,1,-3.100775193798444,0.8348240906380422,-4.233750745378662,1,-5.247465712581989,0.8348240906380422,-7.930828861061423,1,-1.0137149672033274,0.8348240906380422,-7.930828861061423,1,7.3345259391770945,10.852713178294572,-7.930828861061423,1,3.5778175313059046,25.819916517590947,-7.930828861061423,1,-11.32975551580203,25.819916517590947,-24.8062015503876,1.0,6.0,7.0,7.0,7.0,11.0,15.0,1.0,2.0,35.0,35.0,35.0,1,1,1,1,1,1,0,0,1,0
sz000802,2025-07-07,first_probe,1,首次试盘,1,0.6160164271047375,1.848049281314168,0.0,1,2.053388090349073,2.8747433264886935,0.0,1,1.848049281314168,3.901437371663241,0.0,1,2.4640657084188833,3.901437371663241,-0.8213552361396315,1,19.096509240246395,26.48870636550309,-0.8213552361396315,1,-1.2320328542094527,27.72073921971252,-5.338809034907587,1.0,4.0,14.0,15.0,15.0,16.0,17.0,38.0,38.0,,,,1,1,1,1,1,0,0,0,1,0
sz000802,2025-10-13,retest_probe,2,重新试盘,1,-1.106194690265483,1.5486725663716783,-1.9911504424778736,1,-2.212389380530966,1.5486725663716783,-2.65486725663715,1,-2.433628318584058,1.5486725663716783,-4.424778761061932,1,-1.106194690265483,2.8761061946902755,-4.424778761061932,1,2.212389380530988,4.646017699115057,-4.424778761061932,1,5.973451327433632,10.176991150442504,-4.424778761061932,1.0,16.0,35.0,40.0,40.0,,,4.0,,,,,1,1,1,1,0,0,0,0,0,0
sz000803,2025-09-09,first_probe,1,首次试盘,1,-2.7638190954773822,1.7587939698492372,-3.643216080402012,1,-3.015075376884424,1.7587939698492372,-5.778894472361806,1,-5.276381909547734,1.7587939698492372,-6.783919597989952,1,-15.577889447236181,1.7587939698492372,-17.0854271356784,1,-15.577889447236181,1.7587939698492372,-18.844221105527637,1,9.547738693467345,9.547738693467345,-18.844221105527637,1.0,40.0,40.0,40.0,,,,1.0,2.0,7.0,7.0,10.0,1,1,1,1,1,1,0,0,1,1
sz000809,2025-11-11,first_probe,1,首次试盘,1,4.986876640419946,9.973753280839915,0.7874015748031482,1,-2.099737532808399,9.973753280839915,-2.6246719160105014,1,-6.036745406824151,9.973753280839915,-7.874015748031504,1,-11.548556430446189,9.973753280839915,-16.2729658792651,1,-11.023622047244096,9.973753280839915,-16.2729658792651,0,,,,1.0,1.0,1.0,1.0,,,,4.0,5.0,6.0,7.0,9.0,1,1,1,1,1,1,0,0,0,0
sz000811,2024-11-06,first_probe,1,首次试盘,1,5.161290322580658,6.728110599078341,-0.4608294930875445,1,4.423963133640552,6.728110599078341,-0.4608294930875445,1,3.5023041474654404,10.875576036866352,-0.4608294930875445,1,1.2903225806451646,10.875576036866352,-4.239631336405525,1,-3.410138248847916,10.875576036866352,-7.373271889400912,1,11.797235023041486,27.46543778801844,-7.373271889400912,1.0,1.0,1.0,4.0,4.0,27.0,28.0,8.0,14.0,,,,1,1,1,1,1,0,0,0,0,0
sz000812,2024-10-31,first_probe,1,首次试盘,1,-4.357298474945537,1.3071895424836777,-5.228758169934644,1,-3.05010893246187,1.3071895424836777,-6.3180827886710205,1,1.089324618736387,1.5250544662309462,-6.3180827886710205,1,7.843137254901977,7.843137254901977,-6.3180827886710205,1,8.278867102396514,41.176470588235304,-6.3180827886710205,1,-0.6535947712418388,41.176470588235304,-6.3180827886710205,1.0,6.0,10.0,11.0,11.0,11.0,14.0,1.0,1.0,,,,1,1,1,1,1,0,0,0,1,0
sz000813,2025-03-14,first_probe,1,首次试盘,1,1.781170483460559,3.307888040712448,-4.325699745547085,1,-6.106870229007644,3.307888040712448,-6.61577608142494,1,-9.414758269720103,3.307888040712448,-10.178117048346069,1,-13.740458015267176,3.307888040712448,-14.503816793893131,1,-17.302798982188293,3.307888040712448,-29.007633587786263,1,-19.59287531806616,3.307888040712448,-29.007633587786263,1.0,1.0,,,,,,1.0,3.0,4.0,5.0,11.0,1,1,0,0,1,1,0,0,1,1
sz000815,2024-10-17,first_probe,1,首次试盘,1,1.8438177874186445,3.3622559652928263,-1.4099783080260386,1,2.2776572668112616,5.748373101952264,-1.4099783080260386,1,3.3622559652928263,12.472885032537938,-1.4099783080260386,1,11.171366594360087,19.30585683297179,-1.4099783080260386,1,7.049891540130138,19.30585683297179,-1.4099783080260386,1,31.344902386117113,49.132321041214745,-1.4099783080260386,1.0,1.0,2.0,4.0,4.0,7.0,23.0,,,,,,1,1,1,1,0,0,0,0,0,0
sz000816,2025-01-09,first_probe,1,首次试盘,1,-4.304635761589404,0.3311258278145601,-4.635761589403975,1,0.9933774834437026,1.324503311258285,-8.609271523178819,1,3.31125827814569,5.629139072847678,-8.609271523178819,1,-8.609271523178819,5.629139072847678,-8.609271523178819,1,7.947019867549665,13.576158940397365,-13.576158940397354,1,20.529801324503303,53.97350993377486,-13.576158940397354,1.0,5.0,5.0,17.0,17.0,21.0,22.0,1.0,2.0,2.0,11.0,,1,1,1,1,1,1,0,0,1,1
sz000818,2025-02-12,first_probe,1,首次试盘,1,10.000000000000009,10.000000000000009,0.5454545454545379,1,31.599999999999984,31.599999999999984,0.5454545454545379,1,41.99999999999999,41.99999999999999,0.5454545454545379,1,15.054545454545455,71.85454545454544,0.5454545454545379,1,18.945454545454552,71.85454545454544,0.5454545454545379,1,-16.327272727272724,71.85454545454544,-25.636363636363633,1.0,1.0,1.0,1.0,1.0,2.0,2.0,29.0,33.0,37.0,37.0,37.0,1,1,1,1,1,1,0,0,0,0
sz000818,2025-03-26,retest_probe,2,重新试盘,1,-2.4754277393520208,1.0921004732435513,-2.8758645795413096,1,-3.2398980706225045,1.0921004732435513,-6.589006188569346,1,-5.46050236621769,1.0921004732435513,-6.589006188569346,1,-16.235893702220594,1.0921004732435513,-25.555151073898795,1,-18.310884601383314,1.0921004732435513,-25.555151073898795,1,-16.454313796869315,1.0921004732435513,-25.555151073898795,1.0,,,,,,,2.0,3.0,7.0,7.0,7.0,1,1,0,0,1,1,0,0,1,1
sz000819,2025-09-01,first_probe,1,首次试盘,1,-1.1567379988432602,0.9253903990746215,-2.42914979757084,1,-3.528050896471946,0.9253903990746215,-4.916136495083856,1,0.46269519953732186,0.9253903990746215,-4.916136495083856,1,3.9907460960092678,5.494505494505497,-4.916136495083856,1,-2.1399652978600248,6.998264893001749,-5.783689994216312,1,3.3545401966454724,21.457489878542525,-5.783689994216312,1.0,10.0,10.0,23.0,23.0,23.0,24.0,2.0,16.0,,,,1,1,1,1,1,0,0,0,0,0
sz000819,2025-10-13,retest_probe,2,重新试盘,1,3.2653061224489743,6.2755102040816135,-1.6326530612244872,1,-7.244897959183683,6.2755102040816135,-8.163265306122458,1,-8.87755102040817,6.2755102040816135,-9.693877551020414,1,-3.826530612244894,6.2755102040816135,-9.693877551020414,1,2.0408163265306145,6.2755102040816135,-11.581632653061236,1,-14.438775510204094,6.2755102040816135,-15.306122448979586,1.0,1.0,1.0,,,,,2.0,3.0,3.0,13.0,38.0,1,1,1,0,1,1,0,0,0,1
sz000820,2025-11-25,first_probe,1,首次试盘,1,0.0,5.074626865671639,-2.68656716417911,1,3.5820895522387985,6.26865671641792,-3.5820895522388096,1,-0.5970149253731294,7.164179104477597,-3.5820895522388096,1,0.8955223880596996,7.164179104477597,-3.5820895522388096,1,1.1940298507462588,7.164179104477597,-6.268656716417908,0,,,,1.0,1.0,1.0,,,,,2.0,15.0,,,,1,1,1,0,1,0,0,0,0,0
sz000826,2025-05-19,first_probe,1,首次试盘,1,2.7322404371584508,2.7322404371584508,-1.0928961748633892,1,0.0,4.918032786885229,-1.0928961748633892,1,0.0,4.918032786885229,-3.2786885245901676,1,20.21857923497268,37.158469945355165,-3.2786885245901676,1,10.92896174863387,37.158469945355165,-3.2786885245901676,1,6.010928961748618,37.158469945355165,-3.2786885245901676,1.0,3.0,7.0,7.0,7.0,8.0,8.0,4.0,,,,,1,1,1,1,0,0,0,0,0,0
sz000826,2025-11-03,retest_probe,2,重新试盘,1,-1.171875000000011,2.734375,-1.953125000000011,1,-1.953125000000011,3.90625,-3.125,1,-1.953125000000011,3.90625,-3.125,1,-0.78125,4.296875,-3.515624999999989,1,-7.812500000000011,4.296875,-13.671875,1,-14.84375,4.296875,-19.14062500000001,1.0,2.0,,,,,,3.0,11.0,12.0,14.0,29.0,1,1,0,0,1,1,0,0,1,1
sz000831,2025-04-07,first_probe,1,首次试盘,1,5.0939963614311745,6.124924196482717,-5.215281989084275,1,5.003032140691355,9.035779260157684,-5.215281989084275,1,2.8805336567616857,9.035779260157684,-5.215281989084275,1,-3.6082474226804107,9.035779260157684,-5.215281989084275,1,-0.3941782898726376,9.035779260157684,-7.398423286840505,1,6.458459672528805,10.369921164342033,-7.398423286840505,1.0,1.0,1.0,2.0,39.0,,,1.0,1.0,,,,1,1,1,1,1,0,0,0,0,0
sz000837,2025-05-15,first_probe,1,首次试盘,1,-2.0319303338171224,1.3788098693759077,-3.5558780841799753,1,-2.1044992743105895,3.0478955007256836,-6.7489114658925935,1,-7.039187227866462,3.0478955007256836,-7.184325108853418,1,-10.812772133526849,3.0478955007256836,-11.973875181422343,1,-15.747460087082732,3.0478955007256836,-15.747460087082732,1,-13.13497822931784,3.0478955007256836,-19.95645863570392,1.0,3.0,,,,,,1.0,2.0,6.0,6.0,12.0,1,1,0,0,1,1,0,0,1,1
sz000838,2024-12-04,first_probe,1,首次试盘,1,0.0,1.1869436201780381,-1.4836795252225587,1,-5.637982195845693,1.1869436201780381,-7.121661721068251,1,5.044510385756684,8.605341246290799,-7.121661721068251,1,-7.121661721068251,8.605341246290799,-9.792284866468847,1,-17.80415430267063,8.605341246290799,-21.068249258160233,1,-26.706231454005934,8.605341246290799,-29.67359050445104,1.0,4.0,5.0,5.0,,,,2.0,3.0,10.0,11.0,13.0,1,1,1,1,1,1,0,0,1,0
sz000862,2024-11-05,first_probe,1,首次试盘,1,-1.9434628975265045,0.5300353356890497,-3.180212014134276,1,2.29681978798586,9.71731448763251,-3.3568904593639592,1,0.35335689045936647,9.71731448763251,-3.3568904593639592,1,-3.886925795052998,9.71731448763251,-6.360424028268552,1,-1.4134275618374548,9.71731448763251,-8.833922261484094,1,-12.720848056537093,9.71731448763251,-13.07420494699647,1.0,2.0,2.0,3.0,,,,1.0,9.0,16.0,34.0,,1,1,1,1,1,1,0,0,0,0
sz000862,2025-03-19,retest_probe,2,重新试盘,1,0.18761726078799779,0.9380863039399667,-1.6885553470919246,1,-0.18761726078798668,1.6885553470919357,-2.4390243902439046,1,-2.4390243902439046,1.6885553470919357,-3.752345215759856,1,-0.7504690431519689,2.62664165103188,-10.131332082551591,1,7.879924953095685,13.883677298311458,-10.131332082551591,1,9.56848030018762,29.080675422138835,-10.131332082551591,1.0,11.0,11.0,14.0,14.0,23.0,23.0,4.0,6.0,7.0,8.0,,1,1,1,1,1,1,0,0,1,1
sz000876,2025-02-17,first_probe,1,首次试盘,1,-0.7322175732217606,4.288702928870292,-1.1506276150627714,1,5.020920502092041,9.309623430962333,-2.7196652719665204,1,7.740585774058584,14.435146443514624,-2.7196652719665204,1,0.10460251046024993,14.435146443514624,-2.7196652719665204,1,2.1966527196652708,14.435146443514624,-2.7196652719665204,1,6.380753138075312,24.26778242677825,-3.661087866108781,1.0,1.0,2.0,2.0,5.0,35.0,36.0,25.0,,,,,1,1,1,1,0,0,0,0,0,0
sz000880,2024-11-12,first_probe,1,首次试盘,1,-0.18198362147406888,2.0018198362147466,-2.638762511373982,1,20.83712465878069,20.83712465878069,-2.638762511373982,1,19.654231119199284,35.122838944494994,-2.638762511373982,1,13.648771610555045,35.122838944494994,-2.638762511373982,1,11.555959963603279,35.122838944494994,-2.638762511373982,1,70.79162875341218,85.35031847133759,-2.638762511373982,1.0,2.0,2.0,2.0,3.0,3.0,3.0,,,,,,1,1,1,1,0,0,0,0,0,0
sz000880,2025-02-20,retest_probe,2,重新试盘,1,9.99580008399834,9.99580008399834,7.853842923141552,1,33.09533809323815,33.09533809323815,7.853842923141552,1,29.77740445191097,38.05123897522049,7.853842923141552,1,27.1734565308694,38.05123897522049,4.997900041999159,1,48.76102477950444,76.4804703905922,4.997900041999159,1,36.20327593448132,76.4804703905922,4.997900041999159,1.0,1.0,1.0,1.0,2.0,2.0,2.0,,,,,,1,1,1,1,0,0,0,0,0,0
sz000880,2025-04-01,retest_probe,3,重新试盘,1,7.174754391187843,7.889252753795772,-0.8931229532599061,1,10.747246204227444,15.510568621613551,-1.7564751414111401,1,5.686216135754685,15.510568621613551,-2.3221196784757425,1,2.619827329562363,21.19678475736826,-2.3221196784757425,1,5.061030068472738,21.19678475736826,-6.4900267936886085,1,-6.877046740101223,21.19678475736826,-7.115212860970543,1.0,1.0,1.0,2.0,2.0,2.0,8.0,12.0,16.0,,,,1,1,1,1,1,0,0,0,0,0
sz000881,2025-11-19,first_probe,1,首次试盘,1,-3.0303030303030276,-0.11655011655011815,-3.263403263403253,1,-6.526806526806528,-0.11655011655011815,-8.624708624708632,1,-1.9813519813519753,2.7972027972027913,-8.624708624708632,1,2.2144522144522005,7.808857808857805,-8.624708624708632,1,-1.1655011655011593,9.090909090909083,-8.624708624708632,0,,,,4.0,6.0,6.0,11.0,,,,1.0,2.0,3.0,,,1,1,1,1,1,1,0,0,1,1
sz000890,2024-12-11,first_probe,1,首次试盘,1,2.073732718894017,2.764976958525356,-1.1520737327188946,1,-3.686635944700467,2.764976958525356,-4.8387096774193505,1,-10.829493087557596,2.764976958525356,-13.364055299539167,1,-25.57603686635944,2.764976958525356,-27.88018433179723,1,-29.49308755760368,2.764976958525356,-35.944700460829495,1,-19.12442396313364,2.764976958525356,-35.944700460829495,1.0,,,,,,,2.0,4.0,4.0,4.0,8.0,1,1,0,0,1,1,0,0,1,1
sz000890,2025-05-22,retest_probe,2,重新试盘,1,-2.4390243902438935,2.7100271002709952,-2.981029810298097,1,1.6260162601626105,2.7100271002709952,-2.981029810298097,1,12.466124661246614,12.466124661246614,-2.981029810298097,1,9.214092140921416,12.466124661246614,-2.981029810298097,1,-1.6260162601625994,12.466124661246614,-2.981029810298097,1,8.130081300813007,25.47425474254743,-3.25203252032521,1.0,4.0,5.0,5.0,5.0,29.0,39.0,21.0,,,,,1,1,1,1,0,0,0,0,0,0
sz000901,2025-11-12,first_probe,1,首次试盘,1,0.6097560975609762,2.3373983739837456,-1.9308943089430874,1,-3.760162601626005,2.3373983739837456,-4.369918699186992,1,-8.07926829268293,2.3373983739837456,-8.638211382113814,1,-7.571138211382111,2.3373983739837456,-10.97560975609756,1,20.630081300813007,30.538617886178866,-10.97560975609756,0,,,,1.0,17.0,17.0,18.0,18.0,18.0,19.0,3.0,4.0,4.0,7.0,,1,1,1,1,1,1,0,0,1,1
sz000903,2025-05-07,first_probe,1,首次试盘,1,3.314917127071837,6.353591160220984,-2.7624309392265234,1,-0.5524861878453025,6.353591160220984,-2.7624309392265234,1,-0.8287292817679592,6.353591160220984,-4.143646408839774,1,15.469613259668492,15.469613259668492,-5.524861878453047,1,25.690607734806626,69.06077348066297,-5.524861878453047,1,29.281767955801087,69.06077348066297,-5.524861878453047,1.0,1.0,1.0,9.0,10.0,10.0,11.0,5.0,6.0,,,,1,1,1,1,1,0,0,0,0,0
sz000903,2025-06-03,retest_probe,2,重新试盘,1,-4.098360655737709,1.6393442622950838,-4.508196721311474,1,-9.83606557377048,1.6393442622950838,-10.45081967213114,1,-9.83606557377048,1.6393442622950838,-11.475409836065564,1,-11.88524590163934,1.6393442622950838,-14.959016393442614,1,-7.377049180327877,1.6393442622950838,-19.262295081967217,1,-37.295081967213115,1.6393442622950838,-39.54918032786885,1.0,,,,,,,1.0,2.0,2.0,3.0,12.0,1,1,0,0,1,1,0,0,1,1
sz000905,2025-05-13,first_probe,1,首次试盘,1,4.551045510455087,4.674046740467386,-2.2140221402214055,1,-2.4600246002460135,9.840098400983987,-2.7060270602706105,1,6.150061500615012,17.958179581795797,-2.7060270602706105,1,-3.075030750307517,17.958179581795797,-3.9360393603936172,1,1.3530135301353052,17.958179581795797,-3.9360393603936172,1,0.36900369003689537,17.958179581795797,-3.9360393603936172,1.0,1.0,2.0,2.0,5.0,5.0,,10.0,,,,,1,1,1,1,0,0,0,0,0,0
sz000908,2024-10-08,first_probe,1,首次试盘,1,4.938271604938271,4.938271604938271,0.30864197530864335,1,15.740740740740744,15.740740740740744,0.30864197530864335,1,27.777777777777768,27.777777777777768,0.30864197530864335,1,33.64197530864197,34.25925925925923,0.30864197530864335,1,57.71604938271604,69.1358024691358,0.30864197530864335,1,56.17283950617282,96.2962962962963,0.30864197530864335,1.0,1.0,2.0,2.0,2.0,3.0,4.0,,,,,,1,1,1,1,0,0,0,0,0,0
sz000908,2024-11-21,retest_probe,2,重新试盘,1,-4.974271012006859,0.34305317324183626,-4.974271012006859,1,-8.919382504288176,0.34305317324183626,-12.006861063464836,1,-17.83876500857633,0.34305317324183626,-17.83876500857633,1,-9.60548885077188,0.34305317324183626,-25.900514579759857,1,-27.958833619210978,0.34305317324183626,-28.130360205831895,1,-20.583190394511153,0.34305317324183626,-32.59005145797599,1.0,,,,,,,1.0,2.0,2.0,3.0,5.0,1,1,0,0,1,1,0,0,1,1
sz000908,2024-11-26,continuous_probe,3,连续试盘,1,-5.0847457627118615,-3.2015065913371,-5.0847457627118615,1,-14.312617702448204,-3.2015065913371,-14.312617702448204,1,-5.461393596986818,-3.2015065913371,-18.644067796610152,1,-4.896421845574384,3.9548022598870025,-18.644067796610152,1,-18.07909604519774,3.9548022598870025,-25.988700564971744,1,-14.124293785310737,3.9548022598870025,-25.988700564971744,7.0,7.0,,,,,,1.0,1.0,2.0,3.0,4.0,1,1,0,0,1,1,0,0,1,1
sz000910,2025-08-14,first_probe,1,首次试盘,1,0.774193548387081,2.709677419354839,-0.3870967741935516,1,2.0645161290322678,3.0967741935483906,-0.3870967741935516,1,3.2258064516129004,4.7741935483870845,-0.3870967741935516,1,4.645161290322575,6.193548387096781,-0.3870967741935516,1,9.677419354838701,10.967741935483865,-0.3870967741935516,1,2.8387096774193488,10.967741935483865,-0.3870967741935516,1.0,3.0,10.0,17.0,19.0,,,,,,,,1,1,1,1,0,0,0,0,0,0
sz000926,2025-05-07,first_probe,1,首次试盘,1,0.8968609865470878,2.2421524663676973,-2.2421524663677084,1,0.0,2.2421524663676973,-2.2421524663677084,1,-0.4484304932735328,2.2421524663676973,-2.2421524663677084,1,0.0,2.2421524663676973,-2.2421524663677084,1,-2.6905829596412634,2.2421524663676973,-4.932735426008961,1,-2.2421524663677084,2.2421524663676973,-9.417040358744389,1.0,,,,,,,12.0,26.0,30.0,,,1,1,0,0,1,1,0,0,1,1
sz000935,2024-10-15,first_probe,1,首次试盘,1,9.993674889310554,9.993674889310554,-1.8975332068311257,1,12.58697027197977,20.999367488931053,-1.8975332068311257,1,18.785578747628094,20.999367488931053,-1.8975332068311257,1,19.98734977862111,30.676786843769754,-1.8975332068311257,1,8.285895003162569,30.676786843769754,-1.8975332068311257,1,4.36432637571158,30.676786843769754,-3.478810879190386,1.0,1.0,1.0,1.0,2.0,2.0,2.0,31.0,,,,,1,1,1,1,0,0,0,0,0,0
sz000935,2025-11-11,retest_probe,2,重新试盘,1,-3.2288254562470864,-0.3275620028076798,-4.866635470285463,1,-6.270472625175483,-0.3275620028076798,-6.317267197005149,1,-4.305100608329438,1.4038371548900308,-7.908282639213859,1,10.388394946186242,13.897987833411317,-7.908282639213859,1,13.85119326158164,16.003743565746365,-7.908282639213859,0,,,,5.0,8.0,9.0,10.0,10.0,19.0,27.0,1.0,2.0,,,,1,1,1,1,1,0,0,0,1,0
sz000936,2025-01-06,first_probe,1,首次试盘,1,2.9027576197387495,3.338171262699574,-2.757619738751804,1,2.7576197387518153,4.644412191582004,-3.193033381712629,1,-5.3701015965166965,4.644412191582004,-8.708272859216247,1,4.208998548621201,5.224963715529762,-8.708272859216247,1,12.336719883889714,14.51378809869377,-8.708272859216247,1,6.531204644412192,17.85195936139332,-8.708272859216247,1.0,1.0,10.0,13.0,13.0,21.0,,2.0,5.0,5.0,,,1,1,1,1,1,1,0,0,1,1
sz000949,2024-12-19,first_probe,1,首次试盘,1,-0.43478260869563856,2.1739130434782705,-1.9565217391304346,1,-5.434782608695654,2.1739130434782705,-8.043478260869552,1,-9.347826086956513,2.1739130434782705,-10.434782608695647,1,-17.391304347826086,2.1739130434782705,-17.60869565217391,1,-9.782608695652161,2.1739130434782705,-20.434782608695645,1,-2.1739130434782483,2.1739130434782705,-20.434782608695645,1.0,,,,,,,2.0,2.0,2.0,4.0,10.0,1,1,0,0,1,1,0,0,1,1
sz000949,2025-05-15,retest_probe,2,重新试盘,1,-2.3640661938534424,-0.7092198581560294,-2.8368794326241176,1,-1.1820330969267268,3.0732860520094496,-4.491725768321519,1,-4.964539007092217,3.0732860520094496,-5.20094562647756,1,-4.964539007092217,3.0732860520094496,-6.382978723404264,1,-7.801418439716324,3.0732860520094496,-8.747044917257696,1,-7.328605200945637,3.0732860520094496,-11.583924349881801,2.0,2.0,,,,,,2.0,5.0,20.0,24.0,,1,1,0,0,1,1,0,0,1,1
sz000949,2025-09-09,retest_probe,3,重新试盘,1,0.4854368932038833,0.728155339805836,-1.2135922330097082,1,3.8834951456310662,6.310679611650483,-1.2135922330097082,1,6.553398058252413,8.980582524271853,-1.2135922330097082,1,1.213592233009697,8.980582524271853,-1.9417475728155331,1,3.398058252427183,16.262135922330103,-1.9417475728155331,1,30.097087378640786,34.70873786407766,-1.9417475728155331,1.0,2.0,3.0,5.0,13.0,16.0,37.0,,,,,,1,1,1,1,0,0,0,0,0,0
sz000951,2025-04-07,first_probe,1,首次试盘,1,4.29645542427497,4.726100966702473,-1.611170784103122,1,2.9538131041890514,7.250268528463999,-1.611170784103122,1,1.1815252416756072,7.250268528463999,-1.611170784103122,1,-2.470461868958118,7.250268528463999,-8.700322234156822,1,-7.894736842105276,7.250268528463999,-10.096670247046202,1,-4.618689581095592,7.250268528463999,-10.096670247046202,1.0,1.0,2.0,,,,,7.0,7.0,8.0,17.0,,1,1,1,0,1,1,0,0,0,1
sz000953,2024-11-01,first_probe,1,首次试盘,1,-2.426343154246091,3.11958405545929,-3.6395147313691534,1,-2.5996533795493826,3.11958405545929,-3.812824956672445,1,3.466204506065851,4.8526863084922045,-4.3327556325823195,1,-6.932409012131702,5.54592720970537,-6.932409012131702,1,2.4263431542461023,17.3310225303293,-12.99826689774697,1,-1.559792027729634,24.956672443674186,-12.99826689774697,1.0,1.0,7.0,18.0,18.0,18.0,27.0,1.0,10.0,11.0,11.0,,1,1,1,1,1,1,0,0,0,1
sz000953,2025-01-15,retest_probe,2,重新试盘,1,-0.37523452157599557,1.6885553470919357,-1.8761726078799223,1,1.6885553470919357,2.251407129455907,-2.4390243902439046,1,-1.5009380863039379,6.566604127579723,-2.4390243902439046,1,1.5009380863039379,6.566604127579723,-2.6266416510318913,1,-0.9380863039399556,6.941838649155718,-2.6266416510318913,1,1.3133208255159623,6.941838649155718,-5.253283302063794,1.0,4.0,4.0,,,,,21.0,29.0,,,,1,1,1,0,1,0,0,0,0,0
sz000953,2025-05-15,retest_probe,3,重新试盘,1,2.369668246445511,2.6856240126382325,-3.6334913112164413,1,4.423380726698256,10.268562401263836,-3.6334913112164413,1,13.112164296998419,26.38230647709321,-3.6334913112164413,1,26.856240126382303,38.54660347551342,-3.6334913112164413,1,10.268562401263836,46.28751974723537,-3.6334913112164413,1,16.429699842022117,46.28751974723537,-3.6334913112164413,1.0,2.0,3.0,3.0,3.0,5.0,5.0,1.0,,,,,1,1,1,1,0,0,0,0,0,0
sz000972,2024-11-15,first_probe,1,首次试盘,1,-7.006369426751602,0.31847133757960666,-7.006369426751602,1,-4.458598726114649,0.31847133757960666,-9.235668789808916,1,-6.050955414012737,0.31847133757960666,-9.235668789808916,1,4.777070063694255,6.687898089171984,-9.235668789808916,1,12.101910828025474,17.19745222929936,-9.235668789808916,1,-4.140127388535042,17.834394904458595,-20.700636942675153,1.0,9.0,10.0,11.0,11.0,19.0,,1.0,1.0,2.0,28.0,34.0,1,1,1,1,1,1,0,0,1,1
sz000972,2024-12-10,retest_probe,2,重新试盘,1,3.4782608695651973,4.347826086956519,-1.7391304347826098,1,2.0289855072463725,6.666666666666665,-1.7391304347826098,1,-2.898550724637683,7.246376811594213,-3.4782608695652195,1,-13.623188405797105,7.246376811594213,-15.362318840579714,1,-23.188405797101453,7.246376811594213,-27.826086956521735,1,-3.1884057971014568,15.94202898550725,-27.826086956521735,1.0,1.0,2.0,26.0,26.0,26.0,,5.0,6.0,9.0,9.0,10.0,1,1,1,1,1,1,0,0,0,1
sz000978,2025-09-22,first_probe,1,首次试盘,1,-5.452127659574457,-1.4627659574467988,-9.973404255319151,1,-11.303191489361698,-1.4627659574467988,-12.367021276595747,1,-12.89893617021276,-1.4627659574467988,-14.627659574468076,1,-17.154255319148927,-1.4627659574467988,-18.617021276595736,1,-15.292553191489356,-1.4627659574467988,-18.617021276595736,1,-10.239361702127658,-1.4627659574467988,-18.617021276595736,,,,,,,,1.0,1.0,1.0,2.0,7.0,0,0,0,0,1,1,1,1,1,1
sz000980,2024-09-05,first_probe,1,首次试盘,1,2.547770700636942,7.643312101910826,-1.9108280254777066,1,-3.821656050955413,7.643312101910826,-6.369426751592366,1,-5.732484076433131,7.643312101910826,-6.369426751592366,1,-5.095541401273884,7.643312101910826,-9.554140127388544,1,16.560509554140125,45.85987261146496,-9.554140127388544,1,81.52866242038218,103.82165605095541,-9.554140127388544,1.0,1.0,1.0,14.0,14.0,15.0,15.0,2.0,3.0,6.0,,,1,1,1,1,1,1,0,0,0,1
sz000980,2024-12-20,retest_probe,2,重新试盘,1,-9.27152317880794,-0.9933774834437026,-9.60264900662252,1,-15.2317880794702,-0.9933774834437026,-16.887417218543057,1,-12.91390728476821,-0.9933774834437026,-16.887417218543057,1,-29.13907284768211,-0.9933774834437026,-30.4635761589404,1,-25.16556291390729,-0.9933774834437026,-31.12582781456954,1,-20.860927152317878,-0.9933774834437026,-32.7814569536424,,,,,,,,1.0,1.0,1.0,2.0,3.0,0,0,0,0,1,1,1,1,1,1
sz000985,2025-06-13,first_probe,1,首次试盘,1,-0.43883708173341196,3.1267142073505116,-1.206801974766858,1,0.05485463521666123,4.827207899067476,-2.4684585847504104,1,11.738891936368635,16.895227646736146,-2.4684585847504104,1,-1.0970927043335132,16.895227646736146,-3.2364234777838674,1,3.894679100383991,16.895227646736146,-3.2364234777838674,1,3.894679100383991,16.895227646736146,-3.2364234777838674,1.0,1.0,4.0,4.0,4.0,5.0,,8.0,,,,,1,1,1,1,0,0,0,0,0,0
sz000989,2025-09-22,first_probe,1,首次试盘,1,-3.675048355899413,-0.5802707930367523,-5.125725338491294,1,-4.061895551257255,-0.5802707930367523,-5.512572533849136,1,-4.835589941972918,-0.5802707930367523,-5.802707930367501,1,-5.899419729206956,-0.5802707930367523,-8.607350096711809,1,-2.9013539651837617,-0.5802707930367523,-8.607350096711809,1,-8.12379110251451,4.835589941972929,-10.154738878143144,31.0,33.0,,,,,,1.0,1.0,9.0,39.0,,1,1,0,0,1,1,1,1,1,1
sz000993,2025-08-11,first_probe,1,首次试盘,1,-1.7101710171017026,-0.5400540054005254,-2.5202520252025185,1,-4.140414041404128,-0.4500450045004434,-4.320432043204303,1,-3.5103510351034983,-0.4500450045004434,-4.770477047704769,1,-1.3501350135013412,0.09000900090008201,-4.770477047704769,1,-3.960396039603953,1.0801080108010952,-7.650765076507648,1,-8.100810081008092,1.0801080108010952,-12.961296129612954,9.0,,,,,,,2.0,13.0,26.0,28.0,,1,1,0,0,1,1,0,0,1,1
sz000993,2025-11-11,retest_probe,2,重新试盘,1,-3.6602209944751496,2.5552486187845336,-5.524861878453047,1,0.34530386740330155,2.6933701657458453,-8.08011049723757,1,-7.872928176795579,4.972375690607733,-8.08011049723757,1,-18.439226519337016,4.972375690607733,-21.61602209944752,1,-2.209944751381221,4.972375690607733,-21.61602209944752,0,,,,1.0,4.0,,,,,,1.0,1.0,2.0,6.0,6.0,1,1,0,0,1,1,0,0,1,1
sz000995,2024-11-01,first_probe,1,首次试盘,1,3.3240997229917024,6.648199445983383,-6.301939058171746,1,2.4930747922437657,6.648199445983383,-6.301939058171746,1,6.371191135734078,12.742382271468156,-6.301939058171746,1,-4.501385041551254,12.742382271468156,-6.301939058171746,1,5.9556786703601095,12.742382271468156,-9.279778393351801,1,6.4404432132963985,30.817174515235468,-9.279778393351801,1.0,1.0,1.0,4.0,4.0,29.0,29.0,1.0,1.0,11.0,,,1,1,1,1,1,1,0,0,0,0
sz000995,2025-07-09,retest_probe,2,重新试盘,1,1.3605442176870763,1.8367346938775508,-1.292517006802718,1,5.306122448979589,11.4965986394558,-1.292517006802718,1,-0.340136054421758,11.4965986394558,-3.0612244897959107,1,0.612244897959191,11.4965986394558,-3.0612244897959107,1,-1.224489795918371,11.4965986394558,-3.2653061224489743,1,-1.632653061224476,11.4965986394558,-5.510204081632642,1.0,2.0,2.0,2.0,2.0,,,5.0,36.0,,,,1,1,1,1,1,0,0,0,0,0
sz001201,2025-07-01,first_probe,1,首次试盘,1,3.9722572509457654,4.665825977301408,0.12610340479193294,1,5.233291298865073,7.944514501891553,0.12610340479193294,1,3.1525851197982346,7.944514501891553,0.12610340479193294,1,5.548549810844894,12.105926860025228,0.12610340479193294,1,9.646910466582614,17.087011349306437,0.12610340479193294,1,8.13366960907944,17.087011349306437,0.12610340479193294,1.0,1.0,2.0,8.0,8.0,16.0,,,,,,,1,1,1,1,0,0,0,0,0,0
sz001202,2025-10-28,first_probe,1,首次试盘,1,-1.243339253996456,0.7696862048549358,-2.6050917702782783,1,-2.2498519834221353,0.7696862048549358,-3.1971580817051426,1,-1.243339253996456,0.7696862048549358,-3.1971580817051426,1,-2.131438721136769,0.7696862048549358,-3.1971580817051426,1,-9.295441089402011,12.078152753108352,-11.604499703966853,1,-7.815275310834813,12.078152753108352,-13.735938425103612,1.0,14.0,14.0,14.0,14.0,,,3.0,15.0,18.0,18.0,,1,1,1,1,1,1,0,0,1,1
sz001206,2025-05-07,first_probe,1,首次试盘,1,0.37715517241379004,2.31681034482758,-1.0775862068965525,1,0.969827586206895,2.5323275862069172,-1.346982758620685,1,2.4245689655172598,4.36422413793105,-1.346982758620685,1,31.19612068965518,35.93750000000002,-1.346982758620685,1,16.971982758620708,35.93750000000002,-1.346982758620685,1,18.48060344827587,35.93750000000002,-1.346982758620685,1.0,4.0,7.0,7.0,8.0,8.0,9.0,,,,,,1,1,1,1,0,0,0,0,0,0
sz001207,2025-07-10,first_probe,1,首次试盘,1,-0.3374103753690516,0.9700548291859956,-0.8435259384226068,1,-0.2108814846056517,0.9700548291859956,-0.8435259384226068,1,1.9822859552931282,3.0788696752425126,-0.8435259384226068,1,2.3618726275832946,7.507380851961187,-0.8857022353437438,1,10.16448755799242,13.116828342471521,-0.8857022353437438,1,-5.820328975115996,18.55757064529733,-6.832560101223118,1.0,5.0,8.0,17.0,17.0,22.0,,38.0,39.0,,,,1,1,1,1,1,0,0,0,0,0
sz001208,2025-10-29,first_probe,1,首次试盘,1,-3.274760383386588,-0.15974440894568342,-3.274760383386588,1,-1.2779552715655007,-0.15974440894568342,-3.753993610223638,1,1.437699680511173,1.8370607028753927,-3.753993610223638,1,-0.15974440894568342,3.1150159744409045,-3.753993610223638,1,-10.862619808306706,3.1150159744409045,-11.182108626198083,1,68.13099041533548,84.74440894568689,-11.261980830670925,4.0,8.0,30.0,30.0,30.0,31.0,32.0,1.0,15.0,17.0,17.0,,1,1,1,1,1,1,0,0,1,1
sz001209,2025-03-17,first_probe,1,首次试盘,1,-4.638124362895002,-0.5096839959225385,-5.657492354740057,1,-7.900101936799187,-0.5096839959225385,-8.103975535168196,1,-15.188583078491336,-0.5096839959225385,-16.666666666666664,1,-17.787971457696237,-0.5096839959225385,-19.41896024464832,1,-12.181447502548426,-0.5096839959225385,-34.352701325178394,1,-8.15494393476045,-0.5096839959225385,-34.352701325178394,,,,,,,,1.0,1.0,3.0,5.0,5.0,0,0,0,0,1,1,1,1,1,1
sz001216,2025-03-03,first_probe,1,首次试盘,1,-0.7412898443291294,-0.5930318754633013,-3.409933283914013,1,-1.630837657524098,-0.5930318754633013,-3.409933283914013,1,0.0741289844329085,1.7049666419570064,-3.409933283914013,1,3.55819125277983,4.37361008154189,-3.409933283914013,1,-1.3343217197924417,5.4114158636026755,-3.409933283914013,1,-6.152705707931805,5.4114158636026755,-21.423276501111943,4.0,9.0,12.0,,,,,1.0,24.0,24.0,25.0,25.0,1,1,1,0,1,1,0,0,1,1
sz001217,2025-04-16,first_probe,1,首次试盘,1,1.8884892086330929,3.866906474820153,-2.6978417266186994,1,-3.1474820143884807,3.866906474820153,-6.564748201438841,1,-3.7769784172661858,3.866906474820153,-6.564748201438841,1,-6.834532374100721,3.866906474820153,-7.82374100719424,1,3.0575539568345578,3.866906474820153,-7.82374100719424,1,8.5431654676259,13.219424460431672,-7.82374100719424,1.0,1.0,39.0,39.0,39.0,,,2.0,2.0,,,,1,1,1,1,1,0,0,0,1,0
sz001222,2025-01-06,first_probe,1,首次试盘,1,-0.41224970553592755,0.7067137809187329,-4.416961130742047,1,-4.181389870435814,0.7067137809187329,-5.71260306242638,1,-12.073027090694943,0.7067137809187329,-13.957597173144887,1,1.707891637220249,7.773851590106018,-13.957597173144887,1,-1.0600706713780883,7.773851590106018,-13.957597173144887,1,-8.951707891637216,7.773851590106018,-13.957597173144887,1.0,8.0,9.0,,,,,1.0,2.0,4.0,5.0,,1,1,1,0,1,1,0,0,1,1
sz001223,2025-08-11,first_probe,1,首次试盘,1,-2.3638666103841355,0.6964964119881678,-3.5669058674546283,1,0.5065428450822917,4.453355846348672,-3.5669058674546283,1,0.4643309413254526,4.453355846348672,-3.5669058674546283,1,12.45251160827352,21.950189953566902,-3.5669058674546283,1,9.750949767834527,21.950189953566902,-3.5669058674546283,1,6.500633178556359,21.950189953566902,-3.5669058674546283,1.0,2.0,7.0,8.0,8.0,8.0,9.0,1.0,,,,,1,1,1,1,0,0,0,0,0,0
sz001225,2025-07-22,first_probe,1,首次试盘,1,-0.8019246190858031,1.5503875968992498,-2.432504677893599,1,10.986367281475552,11.734830259288964,-2.432504677893599,1,19.4867682437851,29.61774926490246,-2.432504677893599,1,9.67655707030206,29.61774926490246,-2.432504677893599,1,7.5380914194065785,29.61774926490246,-2.432504677893599,1,10.932905640203172,29.61774926490246,-2.432504677893599,1.0,2.0,2.0,3.0,3.0,4.0,4.0,,,,,,1,1,1,1,0,0,0,0,0,0
sz001226,2025-11-21,first_probe,1,首次试盘,1,-0.9217737917289415,3.2137518684603794,-3.388141504733433,1,-1.7937219730941645,3.2137518684603794,-3.388141504733433,1,-0.3238664673642311,3.2137518684603794,-3.388141504733433,1,0.8968609865470878,4.583956153462876,-4.833084205281512,1,9.093173891380157,15.221723966118583,-4.833084205281512,0,,,,1.0,1.0,15.0,15.0,16.0,16.0,,1.0,,,,,1,1,1,1,0,0,0,0,0,0
sz001228,2025-10-21,first_probe,1,首次试盘,1,-1.5367727771679385,0.36589828027808746,-2.0856201975850586,1,-3.841931942919863,0.36589828027808746,-4.500548847420404,1,-4.427369191364794,0.36589828027808746,-5.598243688254656,1,-0.8049762166117747,2.7442371020856227,-5.598243688254656,1,3.878521770947696,9.732894255397007,-5.598243688254656,1,-7.354555433589461,9.732894255397007,-8.452250274423712,1.0,15.0,16.0,16.0,,,,2.0,4.0,39.0,,,1,1,1,1,1,1,0,0,1,1
sz001228,2025-11-12,retest_probe,2,重新试盘,1,-2.3627519110493433,-0.5559416261292527,-3.1271716469770783,1,0.8686587908269594,4.204308547602498,-3.5788742182070954,1,-3.891591382904802,4.204308547602498,-3.891591382904802,1,-7.783182765809594,4.204308547602498,-7.9221681723419035,1,-8.130646282140376,4.204308547602498,-9.31202223766504,0,,,,2.0,3.0,,,,,,1.0,7.0,11.0,21.0,,1,1,0,0,1,1,0,0,1,1
sz001230,2025-08-18,first_probe,1,首次试盘,1,1.8276762402088753,3.580753450205143,-1.8276762402088753,1,-4.513241327862727,3.580753450205143,-4.662439388287954,1,-6.751212234240955,3.580753450205143,-7.2734054457292086,1,-10.14546810891458,3.580753450205143,-10.85415889593435,1,-11.339052592316301,3.580753450205143,-14.621409921671013,1,-14.845207012308848,3.580753450205143,-19.09735173442745,1.0,1.0,,,,,,3.0,4.0,8.0,8.0,33.0,1,1,0,0,1,1,0,0,1,1
sz001234,2025-06-06,first_probe,1,首次试盘,1,-2.1963824289405576,0.602928509905265,-3.4453057708871526,1,4.048234280792418,4.048234280792418,-7.149009474590873,1,-7.3212747631352215,14.470284237726094,-7.364341085271309,1,-14.470284237726094,14.470284237726094,-14.771748492678727,1,-8.742463393626176,14.470284237726094,-16.06373815676142,1,-3.100775193798444,14.470284237726094,-16.06373815676142,1.0,3.0,4.0,4.0,4.0,,,1.0,2.0,6.0,8.0,11.0,1,1,1,1,1,1,0,0,1,0
sz001236,2025-04-01,first_probe,1,首次试盘,1,0.39486673247777215,2.4679170779861703,-1.7769002961500635,1,-11.253701875616983,2.4679170779861703,-11.253701875616983,1,-17.966436327739387,2.4679170779861703,-27.245804540967434,1,-17.86771964461994,2.4679170779861703,-27.245804540967434,1,-19.052319842053322,2.4679170779861703,-27.245804540967434,1,-5.034550839091823,2.4679170779861703,-27.245804540967434,1.0,,,,,,,3.0,3.0,3.0,3.0,4.0,1,1,0,0,1,1,0,0,1,1
sz001236,2025-04-17,retest_probe,2,重新试盘,1,-0.7117437722420017,2.3724792408066575,-1.7793594306049876,1,3.2028469750889688,6.049822064056931,-2.016607354685651,1,0.0,6.049822064056931,-2.016607354685651,1,2.9655990510083052,6.049822064056931,-3.7959667852906276,1,14.827995255041525,21.233689205219463,-3.7959667852906276,1,28.825622775800717,39.85765124555161,-3.7959667852906276,1.0,3.0,3.0,11.0,11.0,14.0,16.0,7.0,,,,,1,1,1,1,0,0,0,0,0,0
sz001255,2025-01-14,first_probe,1,首次试盘,1,-10.000000000000009,-3.834355828220859,-10.000000000000009,1,-1.0429447852760787,-1.0429447852760787,-14.66257668711657,1,-6.380368098159517,-0.06134969325154449,-14.66257668711657,1,-10.306748466257677,-0.06134969325154449,-14.66257668711657,1,-8.987730061349698,-0.06134969325154449,-14.66257668711657,1,-11.01226993865031,-0.06134969325154449,-14.66257668711657,,,,,,,,1.0,1.0,1.0,1.0,,0,0,0,0,1,1,1,1,1,1
sz001256,2025-04-29,first_probe,1,首次试盘,1,10.014374700527062,10.014374700527062,-0.9103977000479269,1,13.27264015333014,18.926689027311916,-0.9103977000479269,1,12.074748442740768,18.926689027311916,-0.9103977000479269,1,9.82271202683278,18.926689027311916,-0.9103977000479269,1,-1.1499760421658012,18.926689027311916,-1.4853857211308163,1,5.510301868711065,18.926689027311916,-3.737422137038815,1.0,1.0,1.0,1.0,1.0,3.0,,34.0,,,,,1,1,1,1,0,0,0,0,0,0
sz001259,2024-11-26,first_probe,1,首次试盘,1,0.2777777777777768,0.5952380952380931,-8.730158730158733,1,-8.174603174603167,4.761904761904767,-12.46031746031746,1,-6.269841269841258,4.761904761904767,-12.46031746031746,1,-3.4920634920634908,4.761904761904767,-12.46031746031746,1,-10.71428571428571,4.761904761904767,-12.53968253968254,1,-15.357142857142858,4.761904761904767,-24.325396825396815,1.0,2.0,,,,,,1.0,1.0,1.0,3.0,26.0,1,1,0,0,1,1,0,0,1,1
sz001260,2024-12-25,first_probe,1,首次试盘,1,3.4969325153374253,6.687116564417184,-1.3496932515337567,1,-0.4294478527607337,8.466257668711652,-1.3496932515337567,1,-3.9877300613496924,8.466257668711652,-4.907975460122705,1,-5.828220858895716,8.466257668711652,-9.509202453987731,1,2.085889570552135,8.466257668711652,-10.490797546012276,1,4.601226993865026,16.257668711656436,-10.490797546012276,1.0,1.0,1.0,2.0,24.0,25.0,,5.0,6.0,7.0,12.0,,1,1,1,1,1,1,0,0,0,0
sz001267,2024-10-21,first_probe,1,首次试盘,1,-1.1945392491467643,1.5358361774743923,-3.583617747440271,1,0.8532423208191142,3.924914675767921,-3.583617747440271,1,7.167235494880542,9.726962457337862,-3.583617747440271,1,21.501706484641623,42.662116040955624,-3.583617747440271,1,18.941979522184283,42.662116040955624,-3.583617747440271,1,53.75426621160408,75.59726962457336,-3.583617747440271,1.0,3.0,4.0,5.0,6.0,6.0,7.0,1.0,,,,,1,1,1,1,0,0,0,0,0,0
sz001268,2025-06-25,first_probe,1,首次试盘,1,0.3897116134060852,5.923616523772401,-1.8316445830085737,1,-1.363990646921287,5.923616523772401,-2.3382696804364778,1,-4.208885424785668,5.923616523772401,-4.871395167575998,1,10.24941543257989,11.964146531566634,-4.871395167575998,1,7.48246297739672,11.964146531566634,-4.871395167575998,1,39.82852689010132,41.816056118472325,-4.871395167575998,1.0,1.0,1.0,8.0,10.0,29.0,31.0,4.0,,,,,1,1,1,1,0,0,0,0,0,0
sz001269,2025-03-25,first_probe,1,首次试盘,1,1.5670103092783494,3.628865979381435,-1.855670103092777,1,8.78350515463917,8.78350515463917,-1.855670103092777,1,8.618556701030933,11.83505154639175,-1.855670103092777,1,-19.67010309278351,11.83505154639175,-25.731958762886585,1,-10.309278350515461,11.83505154639175,-25.731958762886585,1,-0.2886597938144386,11.83505154639175,-25.731958762886585,1.0,1.0,3.0,3.0,4.0,,,8.0,8.0,8.0,9.0,9.0,1,1,1,1,1,1,0,0,0,0
sz001269,2025-04-08,retest_probe,2,重新试盘,1,-2.64867566216892,-0.14992503748126884,-9.995002498750626,1,17.791104447776096,17.791104447776096,-9.995002498750626,1,16.641679160419788,24.937531234382803,-9.995002498750626,1,10.594702648675657,24.937531234382803,-9.995002498750626,1,10.094952523738133,24.937531234382803,-9.995002498750626,1,21.339330334832574,24.937531234382803,-9.995002498750626,2.0,2.0,2.0,3.0,3.0,3.0,4.0,1.0,1.0,1.0,,,1,1,1,1,1,1,0,0,1,1
sz001269,2025-06-20,retest_probe,3,重新试盘,1,2.5526197939991,2.8213166144200663,-1.7017465293327372,1,5.687416032243631,6.000895656068095,-1.7017465293327372,1,4.2095835199283504,6.493506493506507,-1.7017465293327372,1,18.092252575011216,35.78145991939097,-1.7017465293327372,1,20.197044334975377,40.97626511419617,-1.7017465293327372,1,29.87012987012987,40.97626511419617,-1.7017465293327372,1.0,2.0,2.0,6.0,6.0,7.0,7.0,,,,,,1,1,1,1,0,0,0,0,0,0
sz001277,2024-09-18,first_probe,1,首次试盘,1,0.0,0.6505576208178487,-1.951672862453535,1,-4.306071871127637,0.6505576208178487,-4.863692688971499,1,-1.5179677819083137,0.6505576208178487,-5.638166047087978,1,26.177199504337032,35.377942998760844,-5.638166047087978,1,11.741016109045855,35.377942998760844,-5.638166047087978,1,14.00247831474597,35.377942998760844,-5.638166047087978,1.0,7.0,7.0,7.0,7.0,8.0,9.0,3.0,4.0,,,,1,1,1,1,1,0,0,0,1,0
sz001277,2025-01-16,retest_probe,2,重新试盘,1,-1.4804845222072593,0.5383580080753791,-2.5302826379542287,1,2.1534320323014944,2.180349932705261,-2.5302826379542287,1,-1.1574697173620474,3.257065948855997,-2.5302826379542287,1,0.9959623149394581,3.257065948855997,-2.7725437415881626,1,0.24226110363392284,3.257065948855997,-2.7725437415881626,1,5.006729475100946,12.624495289367443,-2.7725437415881626,1.0,4.0,25.0,38.0,38.0,,,,,,,,1,1,1,1,0,0,0,0,0,0
sz001282,2024-09-02,first_probe,1,首次试盘,1,0.33277870216306127,1.6638935108152841,-2.32945091514144,1,0.88740987243483,1.6638935108152841,-2.32945091514144,1,-1.8857459789240139,1.6638935108152841,-3.9378813089295694,1,-6.267332224071009,1.6638935108152841,-7.986688851913481,1,9.373266777592892,25.45757071547421,-7.986688851913481,1,14.143094841930104,25.45757071547421,-7.986688851913481,1.0,17.0,17.0,18.0,18.0,18.0,19.0,5.0,9.0,,,,1,1,1,1,1,0,0,0,1,0
sz001282,2025-05-12,retest_probe,2,重新试盘,1,-2.0797227036395194,1.0745233968804113,-2.5996533795493937,1,-3.2928942807625705,1.0745233968804113,-5.9618717504332785,1,-3.9861351819757473,1.0745233968804113,-5.9618717504332785,1,-4.402079722703656,1.0745233968804113,-7.244367417677644,1,-1.9757365684575423,1.0745233968804113,-8.145580589254775,1,-29.91334488734836,1.0745233968804113,-34.28076256499133,1.0,,,,,,,2.0,3.0,14.0,28.0,32.0,1,1,0,0,1,1,0,0,1,1
sz001282,2025-07-08,retest_probe,3,重新试盘,1,2.2749752720079064,4.401582591493569,0.2472799208704357,1,2.621167161226512,4.401582591493569,0.2472799208704357,1,0.9396636993076246,6.379821958456988,-0.09891196834816984,1,1.6815034619188873,6.775469831849668,-0.09891196834816984,1,2.3244312561820024,6.775469831849668,-4.4510385756676545,1,1.8793273986152492,8.753709198813064,-4.4510385756676545,1.0,1.0,4.0,30.0,,,,16.0,,,,,1,1,1,1,0,0,0,0,0,0
sz001287,2025-07-17,first_probe,1,首次试盘,1,4.995458673932784,8.99182561307903,-3.6330608537692988,1,-6.539509536784749,8.99182561307903,-6.857402361489551,1,-6.857402361489551,8.99182561307903,-8.038147138964579,1,-7.992733878292457,8.99182561307903,-8.265213442325159,1,-3.5876475930971763,8.99182561307903,-10.26339691189827,1,-7.402361489554943,8.99182561307903,-12.261580381471383,1.0,1.0,1.0,1.0,,,,1.0,3.0,4.0,11.0,,1,1,1,1,1,1,0,0,0,0
sz001288,2024-12-06,first_probe,1,首次试盘,1,0.7499184871209597,3.488751222693165,-1.1737854581023943,1,2.5758069775024373,3.488751222693165,-1.1737854581023943,1,-0.6847081838930569,5.3798500163025675,-1.1737854581023943,1,8.053472448646893,9.87936093902837,-1.85849364199544,1,-3.1300945549396886,10.857515487447,-8.151287903488747,1,-2.5758069775024595,10.857515487447,-8.151287903488747,1.0,1.0,4.0,10.0,11.0,,,19.0,20.0,20.0,,,1,1,1,1,1,1,0,0,0,0
sz001288,2024-12-19,retest_probe,2,重新试盘,1,3.2398753894080867,4.984423676012462,-0.31152647975077885,1,-1.7133956386292892,5.919003115264787,-5.919003115264809,1,-4.548286604361373,5.919003115264787,-7.289719626168223,1,-8.16199376947041,5.919003115264787,-8.442367601246104,1,-6.7601246105919,5.919003115264787,-12.24299065420561,1,-5.389408099688476,5.919003115264787,-12.24299065420561,1.0,1.0,2.0,,,,,2.0,2.0,10.0,11.0,,1,1,1,0,1,1,0,0,0,1
sz001288,2025-03-03,retest_probe,3,重新试盘,1,1.0638297872340496,4.771115409413285,-1.5796260477111468,1,4.223081882656343,7.02772404900065,-1.5796260477111468,1,19.82591876208899,22.59832366215346,-1.5796260477111468,1,5.9638942617666,22.59832366215346,-1.5796260477111468,1,-3.3204384268214038,22.59832366215346,-4.577691811734363,1,-5.931656995486778,22.59832366215346,-28.52998065764023,1.0,1.0,3.0,4.0,4.0,5.0,5.0,19.0,23.0,24.0,24.0,25.0,1,1,1,1,1,1,0,0,0,0
sz001296,2025-06-06,first_probe,1,首次试盘,1,0.3867403314917084,0.6629834254143541,-1.8232044198895125,1,0.11049723756906271,2.099447513812147,-1.8232044198895125,1,2.0441988950276047,3.8674033149171283,-1.8232044198895125,1,12.430939226519344,18.78453038674033,-1.8232044198895125,1,3.646408839779003,20.883977900552473,-1.8232044198895125,1,10.939226519337009,24.033149171270708,-1.8232044198895125,1.0,5.0,6.0,6.0,6.0,10.0,11.0,,,,,,1,1,1,1,0,0,0,0,0,0
sz001300,2025-03-13,first_probe,1,首次试盘,1,0.7081038552321006,2.124311565696302,-1.3375295043273172,1,-0.393391030684509,2.124311565696302,-1.3375295043273172,1,-0.393391030684509,2.124311565696302,-1.730920535011804,1,-3.933910306845001,2.124311565696302,-7.159716758457913,1,-14.712824547600324,2.124311565696302,-26.82926829268293,1,4.799370574350892,7.002360346184089,-26.82926829268293,1.0,35.0,38.0,,,,,7.0,7.0,12.0,16.0,17.0,1,1,1,0,1,1,0,0,1,1
sz001311,2025-09-17,first_probe,1,首次试盘,1,-2.6123703419131727,1.0756819054936528,-3.2654629273914715,1,-4.3411448328851465,1.0756819054936528,-5.45524394928929,1,2.420284287360741,4.456396465616597,-5.45524394928929,1,0.8451786400307304,4.456396465616597,-5.45524394928929,1,-9.143296196696127,4.456396465616597,-11.140991164041502,1,-5.263157894736848,5.954667691125604,-11.71724932769881,1.0,5.0,35.0,,,,,1.0,2.0,12.0,16.0,,1,1,1,0,1,1,0,0,1,1
sz001314,2025-05-22,first_probe,1,首次试盘,1,-5.331882480957573,-0.13057671381937475,-5.549510337323182,1,-4.396082698585424,-0.13057671381937475,-6.594124047878136,1,-3.286180631120794,-0.13057671381937475,-6.594124047878136,1,-0.6311207834602928,0.9793253536452662,-7.116430903155613,1,-1.392818280739938,14.668117519042422,-7.116430903155613,1,1.2404787812840157,14.668117519042422,-7.116430903155613,9.0,14.0,17.0,18.0,18.0,,,1.0,1.0,,,,1,1,1,1,1,0,0,0,1,0
sz001316,2025-10-13,first_probe,1,首次试盘,1,-1.531531531531527,0.960960960960966,-1.9219219219219208,1,-3.963963963963957,0.960960960960966,-4.204204204204198,1,-6.546546546546539,0.960960960960966,-7.447447447447441,1,2.6426426426426453,3.1531531531531654,-7.447447447447441,1,5.795795795795788,7.177177177177185,-7.447447447447441,1,12.072072072072082,15.615615615615619,-7.447447447447441,1.0,10.0,11.0,23.0,23.0,35.0,,3.0,4.0,,,,1,1,1,1,1,0,0,0,1,0
sz001318,2024-12-11,first_probe,1,首次试盘,1,5.608856088560876,10.036900369003687,-2.509225092250922,1,-2.3616236162361637,10.036900369003687,-3.321033210332114,1,-9.446494464944655,10.036900369003687,-9.741697416974171,1,-14.760147601476014,10.036900369003687,-16.23616236162362,1,-19.77859778597787,10.036900369003687,-23.542435424354245,1,-17.85977859778598,10.036900369003687,-25.387453874538757,1.0,1.0,1.0,1.0,1.0,,,3.0,4.0,4.0,6.0,10.0,1,1,1,1,1,1,0,0,0,0
sz001318,2025-02-21,retest_probe,2,重新试盘,1,-4.02347024308466,0.3352891869237373,-4.02347024308466,1,-2.7661357921207053,0.3352891869237373,-4.77787091366304,1,-0.3352891869237151,2.514668901927908,-4.77787091366304,1,-4.191114836546516,2.514668901927908,-5.280804694048613,1,32.52305113160101,53.56244761106454,-5.699916177703268,1,27.409891031014254,53.56244761106454,-5.699916177703268,1.0,15.0,16.0,16.0,16.0,16.0,17.0,1.0,8.0,,,,1,1,1,1,1,0,0,0,1,0
sz001322,2025-11-18,first_probe,1,首次试盘,1,0.11547344110853786,1.3856812933025209,-0.46189376443419583,1,1.616628175519641,2.5404157043879882,-0.9237875288683584,1,0.0,4.041570438799069,-0.9237875288683584,1,0.4618937644341736,4.041570438799069,-1.2702078521939941,1,-4.272517321016178,4.041570438799069,-5.427251732101624,0,,,,1.0,4.0,24.0,27.0,27.0,,,12.0,17.0,,,,1,1,1,1,1,0,0,0,1,0
sz001324,2025-07-23,first_probe,1,首次试盘,1,10.00478697941598,10.00478697941598,-0.9095260890378265,1,9.956917185256087,16.17999042604117,-0.9095260890378265,1,5.217807563427468,16.17999042604117,-0.9095260890378265,1,2.249880325514586,16.17999042604117,-4.116802297750121,1,6.988989947343227,16.17999042604117,-4.116802297750121,1,-2.5370990904739155,16.17999042604117,-7.084729535663003,1.0,1.0,1.0,1.0,1.0,2.0,,8.0,26.0,,,,1,1,1,1,1,0,0,0,0,0
sz001330,2025-11-25,first_probe,1,首次试盘,1,0.0,2.5899280575539585,-0.7194244604316502,1,2.446043165467615,2.877697841726623,-2.7338129496402908,1,6.762589928057561,12.517985611510785,-2.7338129496402908,1,53.23741007194245,53.23741007194245,-2.7338129496402908,1,17.266187050359715,92.08633093525178,-2.7338129496402908,0,,,,1.0,4.0,4.0,4.0,5.0,6.0,7.0,,,,,,1,1,1,1,0,0,0,0,0,0
sz001332,2025-04-03,first_probe,1,首次试盘,1,-10.002375861249702,-3.207412687099076,-10.002375861249702,1,-11.451651223568549,-3.207412687099076,-20.21857923497269,1,-14.896650035637926,-3.207412687099076,-20.21857923497269,1,-18.484200522689477,-3.207412687099076,-20.21857923497269,1,-15.062960323117135,-3.207412687099076,-20.21857923497269,1,-11.903064861012124,3.516274649560458,-20.479923972440016,35.0,39.0,,,,,,1.0,1.0,1.0,1.0,2.0,1,1,0,0,1,1,1,1,1,1
sz001358,2025-08-06,first_probe,1,首次试盘,1,2.9375258585022657,5.006206040546113,0.0,1,3.1857674803475344,6.909391808026477,0.0,1,3.7649979313198134,6.909391808026477,0.0,1,3.020273065784007,6.909391808026477,0.0,1,1.903185767480342,16.797683078196112,0.0,1,32.60239966901115,35.99503516756308,0.0,1.0,1.0,1.0,14.0,14.0,14.0,26.0,,,,,,1,1,1,1,0,0,0,0,0,0
sz001359,2025-04-23,first_probe,1,首次试盘,1,-1.6698172652803933,0.5671077504725952,-2.488972904851916,1,-4.379332073093877,0.5671077504725952,-4.568367989918087,1,-2.961562696912401,0.5671077504725952,-5.229993698802771,1,3.339634530560809,3.339634530560809,-5.229993698802771,1,-3.5601764335223662,4.536862003780717,-5.229993698802771,1,-8.41209829867674,4.536862003780717,-13.264020163831125,1.0,10.0,,,,,,2.0,4.0,30.0,30.0,,1,1,0,0,1,1,0,0,1,1
sz001360,2024-10-24,first_probe,1,首次试盘,1,-4.188481675392664,-0.13089005235601414,-6.282722513089,1,-6.937172774869104,-0.13089005235601414,-7.264397905759157,1,-4.123036649214651,-0.13089005235601414,-7.59162303664922,1,-3.2068062827225186,3.337696335078544,-8.180628272251312,1,-4.450261780104714,3.337696335078544,-9.293193717277482,1,-8.70418848167539,3.337696335078544,-10.34031413612565,8.0,8.0,,,,,,1.0,1.0,6.0,40.0,,1,1,0,0,1,1,0,0,1,1
sz001360,2024-11-05,retest_probe,2,重新试盘,1,-1.5405224380442117,-0.46885465505693835,-2.8801071667783007,1,-1.272605492297385,0.602813127930335,-3.148024112525105,1,-1.1386470194239773,0.602813127930335,-3.148024112525105,1,-3.951774949765574,1.4735432016075078,-7.166778298727394,1,0.9377093101138767,4.554588077695909,-7.7026121902210365,1,-11.587407903549906,4.554588077695909,-12.123241795043537,3.0,20.0,,,,,,2.0,9.0,32.0,34.0,,1,1,0,0,1,1,0,0,1,1
sz001360,2025-11-06,retest_probe,3,重新试盘,1,0.3039513677811634,0.7902735562310026,-1.9452887537993901,1,0.7294832826747699,1.6413373860182379,-1.9452887537993901,1,1.0334346504559333,1.7629179331307032,-1.9452887537993901,1,0.4863221884498614,3.3434650455927084,-1.9452887537993901,1,4.133738601823711,7.902735562310026,-6.139817629179333,0,,,,1.0,7.0,15.0,21.0,21.0,22.0,22.0,11.0,11.0,,,,1,1,1,1,1,0,0,0,1,0
sz001376,2025-05-09,first_probe,1,首次试盘,1,0.15540015540016494,0.38850038850040125,-1.2432012432012307,1,-0.8547008547008517,0.7770007770007803,-2.175602175602176,1,-2.71950271950272,0.7770007770007803,-2.71950271950272,1,-6.371406371406363,0.7770007770007803,-6.449106449106445,1,-5.594405594405583,0.7770007770007803,-8.391608391608397,1,-3.651903651903643,0.7770007770007803,-11.033411033411033,1.0,,,,,,,6.0,10.0,13.0,30.0,,1,1,0,0,1,1,0,0,1,1
sz001382,2025-04-22,first_probe,1,首次试盘,1,-1.9421665947345845,0.4747518342684387,-2.4600776866637863,1,-4.186447993094533,1.4242555028053383,-7.164436771687532,1,-8.93396633577902,1.4242555028053383,-10.185584807941318,1,-5.049633146309896,1.4242555028053383,-10.185584807941318,1,-3.970651704790684,5.6538627535606345,-10.185584807941318,1,-12.645662494605103,5.6538627535606345,-14.846784635304278,1.0,19.0,19.0,,,,,2.0,2.0,5.0,5.0,,1,1,1,0,1,1,0,0,1,1
sz001389,2025-02-27,first_probe,1,首次试盘,1,-9.998392541392054,-1.6235331940202546,-9.998392541392054,1,-8.503456036007073,-1.6235331940202546,-13.245458929432575,1,-5.513583025237101,-1.6235331940202546,-13.245458929432575,1,-3.0863205272464223,-0.4018646519852065,-13.245458929432575,1,-16.637196592187752,-0.4018646519852065,-18.14820768365214,1,-23.80646198360392,-0.4018646519852065,-39.173766275518396,,,,,,,,1.0,1.0,1.0,2.0,17.0,0,0,0,0,1,1,1,1,1,1
sz001389,2025-03-12,retest_probe,2,重新试盘,1,2.221091895557814,5.0525601898948835,-0.6612410986775119,1,1.3055272973889531,5.0525601898948835,-2.1702271956595354,1,-3.136656493726675,5.0525601898948835,-3.8826720922346514,1,-11.902339776195314,5.0525601898948835,-12.021024075957943,1,-24.21159715157679,5.0525601898948835,-35.84265852831467,1,-14.32689047134621,5.0525601898948835,-35.84265852831467,1.0,1.0,1.0,,,,,5.0,7.0,7.0,8.0,13.0,1,1,1,0,1,1,0,0,0,1
sz001896,2024-11-12,first_probe,1,首次试盘,1,-0.22421524663677195,3.363228699551568,-2.6905829596412634,1,-6.278026905829604,3.363228699551568,-6.502242152466364,1,-4.932735426008961,3.363228699551568,-7.623318385650224,1,-7.847533632286985,3.363228699551568,-8.968609865470857,1,1.7937219730941756,6.950672645739897,-10.089686098654715,1,-10.986547085201792,16.143497757847534,-15.47085201793722,1.0,1.0,18.0,24.0,24.0,27.0,,2.0,3.0,9.0,11.0,38.0,1,1,1,1,1,1,0,0,1,1
sz002006,2024-10-29,first_probe,1,首次试盘,1,-2.119883040935666,1.5350877192982448,-3.3625730994152003,1,-7.236842105263164,1.5350877192982448,-7.4561403508771935,1,-2.4853801169590684,1.5350877192982448,-7.529239766081863,1,2.558479532163749,5.84795321637428,-7.529239766081863,1,14.692982456140346,33.26023391812867,-7.529239766081863,1,30.336257309941516,67.10526315789474,-7.529239766081863,1.0,9.0,9.0,15.0,15.0,16.0,16.0,1.0,3.0,,,,1,1,1,1,1,0,0,0,1,0
sz002020,2025-08-12,first_probe,1,首次试盘,1,0.15037593984963404,1.8045112781954753,-2.205513784461144,1,-0.4511278195488688,1.9548872180451093,-2.205513784461144,1,-4.561403508771933,1.9548872180451093,-5.062656641604002,1,2.3558897243108,3.95989974937343,-6.5664160401002425,1,-0.4010025062656575,9.523809523809534,-10.82706766917293,1,-7.719298245614025,13.283208020050141,-11.478696741854632,1.0,10.0,17.0,17.0,32.0,,,4.0,5.0,12.0,12.0,,1,1,1,1,1,1,0,0,1,1
sz002021,2024-12-13,first_probe,1,首次试盘,1,-5.487804878048774,-0.9146341463414531,-6.097560975609751,1,-10.97560975609756,-0.9146341463414531,-11.890243902439012,1,-9.451219512195108,-0.9146341463414531,-13.414634146341465,1,-19.817073170731703,-0.9146341463414531,-23.47560975609756,1,-26.52439024390243,-0.9146341463414531,-28.65853658536586,1,-21.95121951219512,-0.9146341463414531,-28.65853658536586,,,,,,,,1.0,1.0,2.0,2.0,6.0,0,0,0,0,1,1,1,1,1,1
sz002023,2025-07-23,first_probe,1,首次试盘,1,-0.08944543828264262,0.8944543828264706,-0.9838998211091132,1,-0.6261180679785316,0.8944543828264706,-1.2522361359570744,1,-0.7155635062611854,0.8944543828264706,-2.2361359570661876,1,2.2361359570661987,2.415026833631484,-3.3094812164579546,1,7.602862254025045,11.985688729874777,-3.3094812164579546,1,11.091234347048307,18.33631484794276,-3.3094812164579546,1.0,16.0,20.0,20.0,20.0,21.0,,7.0,,,,,1,1,1,1,0,0,0,0,0,0
sz002026,2025-04-02,first_probe,1,首次试盘,1,-3.9316239316239288,0.7692307692307665,-4.5299145299145245,1,-20.512820512820507,0.7692307692307665,-22.136752136752136,1,-17.26495726495726,0.7692307692307665,-28.205128205128194,1,-15.897435897435896,0.7692307692307665,-28.205128205128194,1,-10.427350427350424,0.7692307692307665,-28.205128205128194,1,1.9658119658119588,8.717948717948731,-28.205128205128194,1.0,29.0,30.0,30.0,,,,1.0,2.0,2.0,2.0,3.0,1,1,1,1,1,1,0,0,1,1
sz002029,2024-10-25,first_probe,1,首次试盘,1,-2.547770700636942,-2.2292993630573354,-4.617834394904463,1,-4.777070063694266,-1.273885350318471,-5.732484076433131,1,-6.369426751592366,-1.273885350318471,-7.006369426751602,1,-0.9554140127388644,2.070063694267521,-7.006369426751602,1,-2.7070063694267454,3.1847133757961776,-7.006369426751602,1,9.394904458598718,37.898089171974526,-7.006369426751602,9.0,12.0,22.0,25.0,25.0,26.0,26.0,1.0,3.0,,,,1,1,1,1,1,0,0,0,1,0
sz002029,2024-11-26,retest_probe,2,重新试盘,1,-0.46224961479198745,-0.46224961479198745,-3.081664098613257,1,10.169491525423723,10.169491525423723,-3.081664098613257,1,25.26964560862868,33.436055469953764,-3.081664098613257,1,10.015408320493059,33.436055469953764,-3.081664098613257,1,3.852080123266566,33.436055469953764,-3.081664098613257,1,-6.009244992295848,33.436055469953764,-12.63482280431434,2.0,3.0,3.0,3.0,3.0,4.0,4.0,1.0,27.0,28.0,32.0,,1,1,1,1,1,1,0,0,0,0
sz002029,2025-09-23,retest_probe,3,重新试盘,1,9.961190168175937,9.961190168175937,1.1642949547218562,1,8.926261319534268,29.366106080206976,1.1642949547218562,1,3.8809831824061947,29.366106080206976,1.0349288486416475,1,15.653298835705032,29.366106080206976,1.0349288486416475,1,15.653298835705032,32.47089262613194,1.0349288486416475,1,39.19793014230271,51.22897800776196,1.0349288486416475,1.0,1.0,1.0,1.0,2.0,2.0,2.0,,,,,,1,1,1,1,0,0,0,0,0,0
sz002029,2025-10-22,retest_probe,4,重新试盘,1,-2.8066528066527985,3.2224532224532254,-6.237006237006238,1,-7.0686070686070686,3.2224532224532254,-7.900207900207901,1,-7.0686070686070686,3.2224532224532254,-10.187110187110171,1,-4.261954261954248,3.2224532224532254,-10.187110187110171,1,12.577962577962598,21.517671517671523,-10.187110187110171,1,14.13721413721416,31.600831600831604,-10.187110187110171,1.0,1.0,15.0,15.0,16.0,16.0,19.0,1.0,1.0,4.0,5.0,,1,1,1,1,1,1,0,0,1,1
sz002031,2024-09-12,first_probe,1,首次试盘,1,-0.8438818565400852,1.6877637130801704,-2.1097046413502185,1,9.704641350210963,12.658227848101266,-2.1097046413502185,1,15.61181434599157,20.253164556962023,-2.1097046413502185,1,32.067510548523195,32.91139240506329,-2.1097046413502185,1,37.9746835443038,45.1476793248945,-2.1097046413502185,1,61.181434599156105,100.0,-2.1097046413502185,1.0,2.0,2.0,2.0,3.0,4.0,4.0,,,,,,1,1,1,1,0,0,0,0,0,0
sz002031,2024-12-09,retest_probe,2,重新试盘,1,10.045662100456632,10.045662100456632,-8.371385083713855,1,26.78843226788432,26.78843226788432,-8.371385083713855,1,2.739726027397249,29.375951293759517,-8.371385083713855,1,-17.04718417047184,29.375951293759517,-17.351598173515992,1,-26.027397260273965,29.375951293759517,-31.506849315068497,1,33.4855403348554,39.26940639269407,-31.506849315068497,1.0,1.0,1.0,1.0,1.0,2.0,2.0,1.0,1.0,1.0,8.0,10.0,1,1,1,1,1,1,0,0,0,0
sz002033,2025-02-10,first_probe,1,首次试盘,1,-1.573033707865179,-0.5617977528090012,-2.4719101123595544,1,-1.9101123595505642,-0.5617977528090012,-2.696629213483148,1,-2.8089887640449396,-0.5617977528090012,-3.370786516853941,1,-2.8089887640449396,-0.5617977528090012,-5.056179775280912,1,4.269662921348294,4.719101123595504,-5.056179775280912,1,2.4719101123595433,17.640449438202243,-5.056179775280912,16.0,20.0,22.0,25.0,26.0,28.0,,4.0,6.0,,,,1,1,1,1,1,0,1,0,1,0
sz002038,2025-04-18,first_probe,1,首次试盘,1,0.30864197530864335,0.92592592592593,-1.6975308641975384,1,1.8518518518518379,4.166666666666652,-1.6975308641975384,1,1.5432098765431945,4.166666666666652,-1.6975308641975384,1,1.2345679012345512,4.166666666666652,-1.6975308641975384,1,5.246913580246915,5.864197530864201,-1.6975308641975384,1,10.030864197530853,21.91358024691359,-1.6975308641975384,1.0,2.0,19.0,27.0,28.0,32.0,33.0,,,,,,1,1,1,1,0,0,0,0,0,0
sz002038,2025-07-18,retest_probe,2,重新试盘,1,1.1166253101736912,2.7295285359801413,-1.7369727047146455,1,-1.7369727047146455,2.7295285359801413,-1.985111662531014,1,-1.1166253101737023,2.7295285359801413,-1.985111662531014,1,3.4739454094292688,8.436724565756816,-1.985111662531014,1,0.3722084367245637,8.436724565756816,-1.985111662531014,1,-5.955334987593053,8.436724565756816,-8.8089330024814,1.0,7.0,7.0,9.0,,,,28.0,29.0,29.0,,,1,1,1,1,1,1,0,0,0,0
sz002046,2024-12-03,first_probe,1,首次试盘,1,-1.5829318651066626,4.817618719889882,-2.33998623537508,1,14.039917412250524,19.06400550584997,-2.890571231933925,1,4.8864418444597435,19.06400550584997,-2.890571231933925,1,-3.8540949759118925,19.06400550584997,-4.611149346180321,1,-3.6476256022023312,19.06400550584997,-5.712319339298,1,-4.817618719889882,19.06400550584997,-19.27047487955953,1.0,1.0,2.0,2.0,3.0,3.0,,10.0,11.0,22.0,22.0,23.0,1,1,1,1,1,1,0,0,0,0
sz002051,2024-11-15,first_probe,1,首次试盘,1,3.076923076923088,10.000000000000009,0.7692307692307665,1,-3.4065934065934167,10.000000000000009,-6.263736263736264,1,-1.8681318681318726,10.000000000000009,-6.263736263736264,1,-1.6483516483516536,10.000000000000009,-10.439560439560436,1,-4.2857142857142705,10.000000000000009,-10.439560439560436,1,-19.34065934065934,10.000000000000009,-20.879120879120872,1.0,1.0,1.0,1.0,1.0,,,2.0,2.0,7.0,8.0,34.0,1,1,1,1,1,1,0,0,0,0
sz002052,2024-09-06,first_probe,1,首次试盘,1,-5.092592592592604,-4.629629629629628,-5.092592592592604,1,-14.35185185185185,-4.629629629629628,-14.35185185185185,1,-15.277777777777779,-4.629629629629628,-18.518518518518523,1,-13.425925925925931,-4.629629629629628,-20.833333333333336,1,19.907407407407398,19.907407407407398,-20.833333333333336,1,81.48148148148147,91.66666666666663,-20.833333333333336,17.0,17.0,18.0,18.0,19.0,20.0,21.0,1.0,1.0,2.0,3.0,4.0,1,1,1,1,1,1,1,0,1,1
sz002052,2024-11-13,retest_probe,2,重新试盘,1,2.6246719160105014,4.7244094488189115,-0.2624671916010568,1,1.8372703412073532,4.7244094488189115,-2.3622047244094446,1,12.07349081364828,12.07349081364828,-2.3622047244094446,1,39.10761154855642,39.10761154855642,-2.3622047244094446,1,78.74015748031495,78.74015748031495,-2.3622047244094446,1,69.29133858267717,86.61417322834646,-2.3622047244094446,1.0,1.0,4.0,5.0,5.0,6.0,7.0,,,,,,1,1,1,1,0,0,0,0,0,0
sz002052,2024-12-31,retest_probe,3,重新试盘,1,-4.983922829581989,-1.2861736334405127,-4.983922829581989,1,4.5016077170418,4.8231511254019255,-4.983922829581989,1,3.2154340836012985,5.305466237942125,-4.983922829581989,1,6.430868167202575,13.665594855305475,-4.983922829581989,1,-15.916398713826352,13.665594855305475,-15.916398713826352,1,-37.45980707395498,13.665594855305475,-43.40836012861736,3.0,3.0,5.0,7.0,8.0,,,1.0,18.0,19.0,19.0,20.0,1,1,1,1,1,1,0,0,0,0
sz002052,2025-05-09,retest_probe,4,重新试盘,1,1.1591148577449806,2.6343519494204326,-1.5806111696522684,1,-4.952581664910438,2.6343519494204326,-4.952581664910438,1,-4.109589041095896,2.6343519494204326,-5.163329820864071,1,4.3203371970495175,12.539515279241309,-5.163329820864071,1,7.060063224446789,12.539515279241309,-8.113804004214964,1,30.663856691253955,33.82507903055847,-12.644889357218137,1.0,7.0,7.0,8.0,8.0,25.0,35.0,3.0,4.0,15.0,28.0,,1,1,1,1,1,1,0,0,1,0
sz002054,2024-11-27,first_probe,1,首次试盘,1,-6.3953488372092915,4.505813953488369,-7.1220930232558155,1,-8.430232558139538,4.505813953488369,-12.936046511627907,1,-10.610465116279066,4.505813953488369,-12.936046511627907,1,2.3255813953488413,8.866279069767447,-12.936046511627907,1,-15.697674418604656,8.866279069767447,-16.279069767441868,1,-13.808139534883724,8.866279069767447,-23.401162790697683,1.0,1.0,10.0,10.0,,,,1.0,1.0,2.0,2.0,20.0,1,1,1,1,1,1,0,0,1,1
sz002054,2024-12-12,retest_probe,2,重新试盘,1,-4.957507082152968,-0.5665722379603388,-4.957507082152968,1,-9.773371104815853,-0.5665722379603388,-10.056657223796039,1,-9.773371104815853,-0.5665722379603388,-11.47308781869688,1,-17.280453257790363,-0.5665722379603388,-18.41359773371105,1,-20.396600566572232,-0.5665722379603388,-25.35410764872521,1,-9.631728045325772,-0.5665722379603388,-25.35410764872521,,,,,,,,1.0,2.0,3.0,3.0,7.0,0,0,0,0,1,1,1,1,1,1
sz002054,2025-05-30,retest_probe,3,重新试盘,1,1.0542168674698926,2.259036144578319,-2.8614457831325213,1,1.0542168674698926,2.7108433734939874,-2.8614457831325213,1,3.1626506024096335,3.1626506024096335,-2.8614457831325213,1,0.3012048192771122,5.2710843373493965,-2.8614457831325213,1,3.6144578313253017,5.2710843373493965,-4.969879518072295,1,9.63855421686748,14.307228915662652,-4.969879518072295,1.0,5.0,8.0,23.0,23.0,,,13.0,,,,,1,1,1,1,0,0,0,0,0,0
sz002055,2024-12-30,first_probe,1,首次试盘,1,-9.999999999999998,-5.249999999999999,-9.999999999999998,1,-26.249999999999996,-5.249999999999999,-26.625,1,-24.250000000000004,-5.249999999999999,-31.499999999999993,1,-25.249999999999993,-5.249999999999999,-33.75,1,-27.125,-5.249999999999999,-33.75,1,-23.250000000000004,-5.249999999999999,-33.75,,,,,,,,1.0,1.0,1.0,2.0,2.0,0,0,0,0,1,1,1,1,1,1
sz002058,2025-04-08,first_probe,1,首次试盘,1,-3.105590062111807,-1.449275362318847,-10.041407867494833,1,-1.552795031055909,1.9668737060041463,-10.041407867494833,1,5.797101449275366,14.28571428571428,-10.041407867494833,1,-3.8302277432712306,14.28571428571428,-10.041407867494833,1,7.453416149068337,14.28571428571428,-16.5631469979296,1,23.188405797101442,24.12008281573499,-16.5631469979296,2.0,4.0,4.0,4.0,5.0,31.0,33.0,1.0,1.0,1.0,1.0,14.0,1,1,1,1,1,1,0,0,1,1
sz002060,2025-09-17,first_probe,1,首次试盘,1,-2.7989821882951738,0.0,-3.562340966921118,1,-3.8167938931297773,0.0,-6.61577608142494,1,9.160305343511443,16.53944020356233,-6.61577608142494,1,-1.526717557251911,16.53944020356233,-6.61577608142494,1,-2.0356234096692183,16.53944020356233,-6.61577608142494,1,-2.2900763358778664,16.53944020356233,-6.61577608142494,1.0,4.0,4.0,5.0,5.0,5.0,,1.0,2.0,,,,1,1,1,1,1,0,0,0,1,0
sz002064,2025-06-10,first_probe,1,首次试盘,1,-1.8624641833810962,-0.14326647564470996,-2.2922636103151928,1,-4.011461318051579,-0.14326647564470996,-4.297994269340988,1,-4.011461318051579,-0.14326647564470996,-5.0143266475644825,1,-5.300859598853869,-0.14326647564470996,-8.166189111747856,1,-3.4383954154727836,-0.14326647564470996,-8.166189111747856,1,6.017191977077352,15.616045845272208,-8.166189111747856,28.0,29.0,29.0,29.0,30.0,36.0,,2.0,4.0,9.0,,,1,1,1,1,1,1,1,1,1,1
sz002067,2024-12-03,first_probe,1,首次试盘,1,-2.2842639593908642,0.761421319796951,-3.8071065989847663,1,1.522842639593902,2.2842639593908753,-3.8071065989847663,1,-2.791878172588824,3.045685279187804,-3.8071065989847663,1,-4.060913705583758,5.329949238578702,-4.822335025380708,1,0.50761421319796,24.111675126903553,-12.436548223350252,1,2.538071065989844,24.111675126903553,-17.76649746192893,1.0,4.0,9.0,17.0,17.0,17.0,18.0,1.0,11.0,12.0,14.0,23.0,1,1,1,1,1,1,0,0,0,1
sz002067,2025-04-01,retest_probe,2,重新试盘,1,-3.5175879396984966,-2.010050251256279,-4.02010050251257,1,-14.070351758793976,-2.010050251256279,-14.070351758793976,1,-14.321608040201006,-2.010050251256279,-22.36180904522613,1,-13.567839195979904,-2.010050251256279,-22.36180904522613,1,-12.562814070351758,-2.010050251256279,-22.36180904522613,1,-6.281407035175879,-2.010050251256279,-22.36180904522613,,,,,,,,1.0,2.0,3.0,3.0,4.0,0,0,0,0,1,1,1,1,1,1
sz002067,2025-07-04,retest_probe,3,重新试盘,1,0.2525252525252597,1.7676767676767735,-1.262626262626254,1,3.2828282828282873,10.35353535353536,-1.262626262626254,1,0.5050505050504972,10.35353535353536,-1.262626262626254,1,3.0303030303030276,10.35353535353536,-1.262626262626254,1,10.1010101010101,28.535353535353526,-1.262626262626254,1,8.080808080808088,28.535353535353526,-1.262626262626254,1.0,3.0,3.0,3.0,3.0,12.0,12.0,,,,,,1,1,1,1,0,0,0,0,0,0
sz002067,2025-11-27,retest_probe,4,重新试盘,1,-2.108963093145877,-1.2302284710017597,-3.8664323374341114,1,-0.702987697715296,0.5272407732864526,-3.8664323374341114,1,-2.4604569420035194,0.5272407732864526,-4.920913884007039,1,-7.381370826010558,0.5272407732864526,-7.381370826010558,1,-0.17574692442883233,2.8119507908611396,-14.059753954305808,0,,,,2.0,,,,,,,1.0,9.0,11.0,13.0,,1,1,0,0,1,1,0,0,1,1
sz002072,2025-09-08,first_probe,1,首次试盘,1,-2.130325814536349,-1.0025062656641603,-5.137844611528819,1,0.0,1.5037593984962294,-5.137844611528819,1,7.14285714285714,8.771929824561386,-5.137844611528819,1,-3.1328320802004983,8.897243107769404,-5.513784461152882,1,-9.398496240601506,8.897243107769404,-12.907268170426068,1,-5.513784461152882,8.897243107769404,-12.907268170426068,2.0,5.0,5.0,5.0,,,,1.0,1.0,11.0,19.0,,1,1,1,1,1,1,0,0,1,0
sz002076,2025-01-20,first_probe,1,首次试盘,1,0.6289308176100628,5.031446540880502,-1.2578616352201255,1,10.377358490566024,14.779874213836464,-3.1446540880503138,1,-0.9433962264151052,14.779874213836464,-3.1446540880503138,1,5.974842767295585,14.779874213836464,-3.1446540880503138,1,21.698113207547177,30.503144654088054,-3.1446540880503138,1,12.264150943396213,34.905660377358494,-3.1446540880503138,1.0,1.0,1.0,2.0,3.0,14.0,19.0,2.0,,,,,1,1,1,1,0,0,0,0,0,0
sz002077,2025-09-01,first_probe,1,首次试盘,1,-1.2582384661473989,2.696225284601561,-3.05572198921511,1,-6.590772917914922,7.84901138406231,-8.568004793289408,1,0.11983223487117556,7.84901138406231,-9.40683043738767,1,4.553624925104849,10.84481725584181,-9.40683043738767,1,-0.17974835230677444,10.84481725584181,-9.40683043738767,1,2.9958058717795,10.84481725584181,-9.40683043738767,1.0,2.0,2.0,8.0,9.0,,,1.0,2.0,3.0,,,1,1,1,1,1,1,0,0,0,1
sz002077,2025-10-16,retest_probe,2,重新试盘,1,0.23966446974235112,3.355302576393049,-1.9772318753744855,1,3.0557219892150878,3.6548831635709877,-1.9772318753744855,1,0.11983223487117556,4.553624925104849,-1.9772318753744855,1,0.7189934092270756,4.553624925104849,-2.6363091671659733,1,11.563810665068907,15.03894547633311,-2.8759736369083355,1,-11.563810665068907,16.83642899940083,-12.402636309167182,1.0,1.0,12.0,12.0,19.0,20.0,,27.0,27.0,27.0,34.0,,1,1,1,1,1,1,0,0,1,1
sz002079,2025-03-18,first_probe,1,首次试盘,1,-1.933701657458553,-0.18416206261510082,-2.302025782688766,1,-5.432780847145491,-0.18416206261510082,-5.524861878453036,1,-6.906077348066297,-0.18416206261510082,-9.116022099447518,1,-7.826887661141802,-0.18416206261510082,-9.760589318600355,1,-16.20626151012892,-0.18416206261510082,-26.519337016574575,1,-10.497237569060758,-0.18416206261510082,-26.519337016574575,,,,,,,,2.0,3.0,4.0,13.0,13.0,0,0,0,0,1,1,1,1,1,1
sz002083,2025-06-11,first_probe,1,首次试盘,1,-2.0242914979757165,0.0,-2.429149797570851,1,-3.8461538461538547,0.0,-4.655870445344135,1,-5.465587044534425,0.0,-5.8704453441295605,1,-2.429149797570851,0.0,-7.894736842105276,1,0.4048582995951344,2.2267206477732726,-7.894736842105276,1,1.4170040485829816,4.048582995951411,-7.894736842105276,1.0,34.0,,,,,,2.0,5.0,,,,1,1,0,0,1,0,0,0,1,0
sz002084,2025-01-09,first_probe,1,首次试盘,1,-6.666666666666677,0.0,-6.666666666666677,1,-2.3333333333333317,0.0,-11.333333333333329,1,-2.0000000000000018,0.0,-11.333333333333329,1,-6.999999999999995,0.3333333333333188,-11.333333333333329,1,-2.3333333333333317,1.0000000000000009,-11.333333333333329,1,3.0000000000000027,3.3333333333333437,-11.333333333333329,1.0,40.0,,,,,,1.0,1.0,2.0,2.0,,1,1,0,0,1,1,0,0,1,1
sz002085,2024-11-22,first_probe,1,首次试盘,1,-4.238143289606455,-2.1190716448032387,-7.114026236125126,1,-3.1786074672048414,-1.8668012108980836,-9.334006054490418,1,-0.3531786074672083,3.2795156407668946,-9.334006054490418,1,-3.7336024217961783,3.2795156407668946,-9.334006054490418,1,-2.068617558022201,3.2795156407668946,-9.334006054490418,1,-12.51261352169526,10.393541876892032,-21.039354187689206,4.0,4.0,23.0,23.0,24.0,,,1.0,1.0,2.0,28.0,29.0,1,1,1,1,1,1,0,0,1,1
sz002086,2025-08-15,first_probe,1,首次试盘,1,1.0273972602739878,1.7123287671233056,-0.6849315068493178,1,0.6849315068493178,2.3972602739726234,-0.6849315068493178,1,-1.7123287671232834,2.3972602739726234,-2.397260273972601,1,-4.452054794520544,2.3972602739726234,-8.21917808219177,1,-4.794520547945213,2.3972602739726234,-8.56164383561644,1,-10.273972602739722,2.3972602739726234,-13.356164383561653,1.0,,,,,,,8.0,9.0,9.0,27.0,,1,1,0,0,1,1,0,0,1,1
sz002093,2025-06-03,first_probe,1,首次试盘,1,0.0,0.4553734061930603,-1.0928961748634003,1,5.1001821493624755,7.650273224043724,-1.0928961748634003,1,5.1001821493624755,10.018214936247727,-1.0928961748634003,1,5.373406193078312,14.29872495446267,-1.0928961748634003,1,5.555555555555558,14.29872495446267,-2.3679417122040025,1,12.112932604735892,32.05828779599271,-2.3679417122040025,1.0,3.0,3.0,4.0,4.0,22.0,23.0,,,,,,1,1,1,1,0,0,0,0,0,0
sz002093,2025-11-28,retest_probe,2,重新试盘,1,-0.7031249999999933,0.78125,-3.4375000000000044,1,-3.515625000000011,2.1874999999999867,-3.90625,1,2.34375,2.34375,-7.421875000000011,1,-3.359375000000009,11.796874999999996,-7.421875000000011,1,-9.765625,11.796874999999996,-13.046875000000002,0,,,,1.0,6.0,6.0,6.0,6.0,,,1.0,4.0,12.0,12.0,,1,1,1,1,1,1,0,0,1,0
sz002095,2025-06-10,first_probe,1,首次试盘,1,0.8902077151335286,3.80811078140455,-2.0771513353115667,1,-4.4510385756676545,3.80811078140455,-4.7972304648862485,1,-1.4836795252225365,3.80811078140455,-5.588526211671607,1,-2.3738872403560873,3.80811078140455,-9.495548961424326,1,6.0830860534124565,7.171117705242347,-9.495548961424326,1,2.3738872403560762,15.677546983184975,-9.495548961424326,1.0,1.0,19.0,21.0,21.0,27.0,,3.0,4.0,8.0,,,1,1,1,1,1,1,0,0,1,1
sz002098,2025-07-15,first_probe,1,首次试盘,1,2.548419979612637,4.485219164118237,-1.732925586136591,1,4.994903160040787,12.844036697247695,-1.732925586136591,1,1.83486238532109,12.844036697247695,-1.732925586136591,1,-1.834862385321101,12.844036697247695,-3.873598369011222,1,-2.548419979612637,12.844036697247695,-5.504587155963314,1,-5.198776758409784,12.844036697247695,-7.747196738022422,1.0,1.0,2.0,2.0,2.0,,,10.0,14.0,,,,1,1,1,1,1,0,0,0,0,0
sz002099,2025-05-28,first_probe,1,首次试盘,1,-1.4018691588784993,1.869158878504673,-2.024922118380057,1,-0.9345794392523255,3.1152647975077885,-3.89408099688473,1,-7.943925233644855,3.1152647975077885,-9.501557632398761,1,-7.320872274143298,3.1152647975077885,-9.501557632398761,1,-14.797507788162001,3.1152647975077885,-17.91277258566979,1,-3.738317757009346,3.1152647975077885,-17.91277258566979,1.0,2.0,,,,,,3.0,5.0,5.0,11.0,15.0,1,1,0,0,1,1,0,0,1,1
sz002102,2025-07-03,first_probe,1,首次试盘,1,0.8310249307479367,2.4930747922437657,-0.5540166204986208,1,3.878116343490312,5.540166204986163,-0.5540166204986208,1,6.094182825484773,8.033240997229928,-0.5540166204986208,1,13.850415512465396,15.512465373961227,-0.5540166204986208,1,11.911357340720219,18.559556786703602,-0.5540166204986208,1,16.620498614958446,22.71468144044322,-0.5540166204986208,1.0,2.0,3.0,4.0,9.0,9.0,33.0,,,,,,1,1,1,1,0,0,0,0,0,0
sz002103,2025-07-01,first_probe,1,首次试盘,1,-5.400696864111509,0.0,-5.400696864111509,1,-6.5331010452961635,0.0,-7.14285714285714,1,-5.923344947735187,0.0,-7.578397212543564,1,-8.710801393728218,0.0,-9.930313588850181,1,-10.19163763066202,0.0,-11.149825783972133,1,-6.5331010452961635,0.0,-13.153310104529615,1.0,,,,,,,1.0,1.0,8.0,15.0,,1,1,0,0,1,1,0,0,1,1
sz002105,2025-04-30,first_probe,1,首次试盘,1,3.8615179760319585,7.589880159786944,3.0625832223701854,1,6.125166444740349,11.8508655126498,2.3968042609853635,1,3.9946737683089095,11.8508655126498,0.665778961384822,1,22.902796271637825,22.902796271637825,0.5326231691078487,1,17.57656458055925,35.15312916111852,0.5326231691078487,1,4.660452729693754,35.15312916111852,-1.1984021304926706,1.0,1.0,1.0,3.0,3.0,10.0,10.0,,,,,,1,1,1,1,0,0,0,0,0,0
sz002114,2025-08-25,first_probe,1,首次试盘,1,0.38461538461538325,1.025641025641022,-2.179487179487183,1,-3.589743589743588,1.1538461538461497,-7.051282051282048,1,-0.8974358974358942,1.1538461538461497,-7.051282051282048,1,-0.2564102564102555,3.3333333333333437,-7.051282051282048,1,-5.897435897435899,9.487179487179475,-7.051282051282048,1,1.2820512820512997,9.487179487179475,-11.02564102564102,1.0,6.0,14.0,14.0,,,,2.0,3.0,21.0,21.0,,1,1,1,1,1,1,0,0,1,1
sz002115,2025-11-14,first_probe,1,首次试盘,1,-1.688102893890664,-0.1607717041800627,-4.340836012861726,1,-11.816720257234714,-0.1607717041800627,-11.816720257234714,1,-19.614147909967837,-0.1607717041800627,-19.7749196141479,1,-13.424437299035375,-0.1607717041800627,-19.7749196141479,1,-11.2540192926045,-0.1607717041800627,-19.7749196141479,0,,,,22.0,24.0,24.0,,,,,1.0,2.0,3.0,3.0,5.0,1,1,1,0,1,1,1,1,1,1
sz002116,2025-03-25,first_probe,1,首次试盘,1,-0.2873563218390718,0.3831417624521105,-1.8199233716475027,1,-3.544061302681989,0.3831417624521105,-3.9272030651340994,1,-2.777777777777768,0.3831417624521105,-5.555555555555558,1,-6.704980842911867,0.3831417624521105,-13.984674329501912,1,-3.3524904214559337,0.3831417624521105,-13.984674329501912,1,-2.203065134099602,3.6398467432950277,-13.984674329501912,1.0,35.0,,,,,,3.0,4.0,8.0,8.0,,1,1,0,0,1,1,0,0,1,1
sz002117,2025-06-24,first_probe,1,首次试盘,1,-0.2533783783783772,0.16891891891892552,-1.9425675675675658,1,-1.0135135135135087,2.1114864864864913,-1.9425675675675658,1,-1.9425675675675658,2.1114864864864913,-2.44932432432432,1,-2.0270270270270285,2.1114864864864913,-5.152027027027017,1,2.1114864864864913,6.841216216216228,-5.152027027027017,1,7.179054054054057,10.135135135135132,-5.152027027027017,1.0,16.0,16.0,33.0,33.0,,,6.0,8.0,,,,1,1,1,1,1,0,0,0,1,0
sz002126,2025-05-21,first_probe,1,首次试盘,1,-3.14419949403687,-0.5782435851102274,-3.6501626310083135,1,-6.432959884351286,-0.5782435851102274,-7.553306830502359,1,-9.288037585833031,-0.5782435851102274,-9.64943982652693,1,-6.7943621250451836,-0.5782435851102274,-11.456451029996394,1,-12.721358872425014,-0.5782435851102274,-13.118901337188305,1,-1.3371882905674037,0.18070112034693775,-18.684495843874238,40.0,,,,,,,1.0,2.0,4.0,7.0,21.0,1,1,0,0,1,1,1,1,1,1
sz002129,2024-10-29,first_probe,1,首次试盘,1,0.8278145695364225,3.8907284768211925,-5.5463576158940375,1,-2.4006622516556386,7.615894039735105,-5.5463576158940375,1,-3.145695364238421,7.615894039735105,-5.5463576158940375,1,0.0,7.615894039735105,-8.609271523178819,1,-16.39072847682119,7.615894039735105,-17.384105960264897,1,-22.84768211920529,7.615894039735105,-23.84105960264902,1.0,1.0,2.0,,,,,1.0,1.0,7.0,13.0,18.0,1,1,1,0,1,1,0,0,1,1
sz002131,2025-05-28,first_probe,1,首次试盘,1,0.5376344086021501,1.6129032258064502,-2.4193548387096864,1,-2.9569892473118364,1.6129032258064502,-4.301075268817211,1,-1.3440860215053863,1.6129032258064502,-4.301075268817211,1,-3.7634408602150615,1.6129032258064502,-5.107526881720437,1,-8.870967741935488,1.6129032258064502,-13.172043010752699,1,1.0752688172043001,8.870967741935477,-13.172043010752699,1.0,34.0,34.0,37.0,,,,3.0,8.0,12.0,15.0,,1,1,1,1,1,1,0,0,1,1
sz002131,2025-08-11,retest_probe,2,重新试盘,1,-1.243781094527352,0.7462686567164312,-1.741293532338295,1,-0.7462686567163979,3.9800995024875663,-2.238805970149238,1,10.44776119402988,10.44776119402988,-2.238805970149238,1,20.149253731343308,33.58208955223883,-2.238805970149238,1,35.07462686567165,54.22885572139307,-2.238805970149238,1,35.5721393034826,70.39800995024876,-2.238805970149238,1.0,2.0,5.0,5.0,5.0,6.0,6.0,,,,,,1,1,1,1,0,0,0,0,0,0
sz002134,2025-03-05,first_probe,1,首次试盘,1,4.010462074978194,5.492589363557099,-0.043591979075852105,1,-1.0462074978204061,5.884917175239757,-2.1360069747166643,1,-1.3077593722755076,5.884917175239757,-2.7462946817785605,1,-4.620749782040113,5.884917175239757,-7.061900610287708,1,-16.95727986050567,5.884917175239757,-19.354838709677423,1,-20.531822144725375,5.884917175239757,-40.36617262423714,1.0,1.0,1.0,,,,,6.0,9.0,12.0,17.0,18.0,1,1,1,0,1,1,0,0,0,1
sz002136,2024-11-21,first_probe,1,首次试盘,1,-4.117108874656905,2.653247941445569,-4.208600182982614,1,-1.2808783165599302,2.653247941445569,-4.208600182982614,1,0.09149130832570851,2.653247941445569,-5.763952424519658,1,0.27447392497714773,4.574565416285448,-5.763952424519658,1,-1.8298261665141702,4.574565416285448,-7.227813357731005,1,-10.521500457456545,4.574565416285448,-18.298261665141812,1.0,7.0,,,,,,1.0,4.0,24.0,28.0,30.0,1,1,0,0,1,1,0,0,1,1
sz002139,2025-08-27,first_probe,1,首次试盘,1,1.387054161162471,2.3778071334213946,-1.8494055482166538,1,-1.4531043593130843,2.3778071334213946,-1.8494055482166538,1,-5.416116248348746,2.3778071334213946,-6.142668428005282,1,-4.425363276089833,2.3778071334213946,-8.124174372523118,1,4.689564068692209,11.955085865257598,-8.124174372523118,1,-9.907529722589171,11.955085865257598,-9.97357992073976,1.0,15.0,16.0,16.0,16.0,,,4.0,4.0,6.0,,,1,1,1,1,1,1,0,0,1,1
sz002141,2024-09-10,first_probe,1,首次试盘,1,-5.109489051094895,-3.649635036496357,-5.109489051094895,1,-8.029197080291972,-3.649635036496357,-9.489051094890522,1,-7.299270072992703,-3.649635036496357,-11.678832116788328,1,-12.408759124087599,-3.649635036496357,-16.788321167883225,1,-15.328467153284686,-3.649635036496357,-18.248175182481752,1,16.058394160583944,22.627737226277354,-18.248175182481752,29.0,30.0,30.0,30.0,36.0,37.0,38.0,1.0,1.0,2.0,4.0,8.0,1,1,1,1,1,1,1,1,1,1
sz002144,2025-02-07,first_probe,1,首次试盘,1,-0.191387559808609,0.9569377990430672,-1.4354066985645786,1,0.1913875598086312,0.9569377990430672,-1.9138755980861122,1,-1.8181818181818188,0.9569377990430672,-2.8708133971291794,1,-1.2440191387559696,0.9569377990430672,-2.8708133971291794,1,7.272727272727297,11.291866028708153,-2.8708133971291794,1,-3.923444976076562,19.138755980861255,-3.923444976076562,1.0,15.0,15.0,16.0,19.0,28.0,,40.0,,,,,1,1,1,1,0,0,0,0,0,0
sz002146,2024-11-01,first_probe,1,首次试盘,1,-1.6483516483516536,3.8461538461538325,-6.593406593406604,1,19.23076923076923,19.23076923076923,-6.593406593406604,1,33.51648351648353,44.505494505494504,-6.593406593406604,1,9.340659340659329,46.703296703296694,-6.593406593406604,1,11.538461538461519,46.703296703296694,-6.593406593406604,1,-1.6483516483516536,46.703296703296694,-6.593406593406604,1.0,1.0,2.0,2.0,3.0,3.0,4.0,1.0,1.0,,,,1,1,1,1,1,0,0,0,1,0
sz002149,2025-01-13,first_probe,1,首次试盘,1,4.418344519015682,5.145413870246096,-1.6778523489932917,1,1.1744966442952975,8.389261744966436,-1.6778523489932917,1,2.2930648769574846,8.389261744966436,-1.6778523489932917,1,-4.921700223713643,8.389261744966436,-4.921700223713643,1,-4.921700223713643,8.389261744966436,-6.319910514541382,1,26.11856823266221,42.61744966442953,-6.319910514541382,1.0,1.0,1.0,2.0,23.0,33.0,33.0,7.0,11.0,,,,1,1,1,1,1,0,0,0,0,0
sz002153,2025-11-19,first_probe,1,首次试盘,1,-4.6222222222222165,-0.0888888888888828,-6.577777777777783,1,1.6888888888888953,1.6888888888888953,-9.599999999999998,1,20.266666666666655,20.266666666666655,-9.599999999999998,1,-2.0444444444444487,20.266666666666655,-9.599999999999998,1,-9.244444444444433,20.266666666666655,-11.466666666666658,0,,,,3.0,4.0,4.0,4.0,4.0,5.0,5.0,1.0,1.0,2.0,19.0,,1,1,1,1,1,1,0,0,1,1
sz002154,2025-11-14,first_probe,1,首次试盘,1,1.4150943396226356,2.3584905660377187,0.2358490566037652,1,1.6509433962264008,6.132075471698117,-0.9433962264150941,1,-5.4245283018868,6.132075471698117,-5.660377358490576,1,-3.0660377358490587,6.132075471698117,-6.839622641509435,1,-7.547169811320764,6.132075471698117,-8.018867924528305,0,,,,1.0,2.0,2.0,,,,,5.0,5.0,20.0,,,1,1,1,0,1,1,0,0,0,1
sz002156,2025-04-07,first_probe,1,首次试盘,1,-4.646295521138544,0.9208874005860235,-7.492674759313511,1,0.6697362913352878,2.9719547928003465,-10.004185851820846,1,9.250732524068649,10.757639179573042,-10.004185851820846,1,7.325240686479706,10.757639179573042,-10.004185851820846,1,10.087902888237753,11.259941398074492,-10.004185851820846,1,-0.0837170364169082,11.259941398074492,-10.004185851820846,1.0,4.0,4.0,4.0,4.0,,,1.0,1.0,2.0,2.0,,1,1,1,1,1,1,0,0,1,1
sz002156,2025-09-02,retest_probe,2,重新试盘,1,3.5735207967193983,8.758055067369664,-2.606912712360865,1,-5.653192735793788,8.758055067369664,-11.364967779730517,1,-8.582308142940832,8.758055067369664,-11.364967779730517,1,-1.991798476859985,8.758055067369664,-11.364967779730517,1,17.66256590509667,20.269478617457537,-11.364967779730517,1,17.633274751025183,40.56824838898654,-11.364967779730517,1.0,1.0,1.0,1.0,16.0,17.0,20.0,2.0,2.0,3.0,3.0,,1,1,1,1,1,1,0,0,0,0
sz002160,2025-03-28,first_probe,1,首次试盘,1,-4.8309178743961345,1.2077294685990614,-6.28019323671497,1,-4.589371980676315,1.2077294685990614,-6.28019323671497,1,-14.251207729468597,1.2077294685990614,-14.251207729468597,1,-12.56038647342994,1.2077294685990614,-27.053140096618357,1,-11.835748792270529,1.2077294685990614,-27.053140096618357,1,-5.797101449275354,2.1739130434782705,-27.053140096618357,1.0,,,,,,,1.0,1.0,5.0,5.0,6.0,1,1,0,0,1,1,0,0,1,1
sz002161,2025-06-13,first_probe,1,首次试盘,1,-1.1173184357541888,0.9776536312849249,-3.6312849162011163,1,-4.60893854748603,0.9776536312849249,-8.519553072625708,1,-12.849162011173188,0.9776536312849249,-12.988826815642451,1,-8.379888268156432,0.9776536312849249,-13.966480446927376,1,-9.77653631284916,0.9776536312849249,-13.966480446927376,1,10.754189944134062,18.29608938547487,-13.966480446927376,1.0,23.0,23.0,30.0,30.0,31.0,,1.0,2.0,3.0,5.0,,1,1,1,1,1,1,0,0,1,1
sz002162,2024-09-19,first_probe,1,首次试盘,1,-2.950819672131144,0.3278688524590345,-3.60655737704918,1,-2.2950819672131084,0.3278688524590345,-5.573770491803276,1,2.2950819672131306,2.2950819672131306,-5.573770491803276,1,9.836065573770503,26.885245901639365,-5.573770491803276,1,11.8032786885246,26.885245901639365,-5.573770491803276,1,16.72131147540985,34.0983606557377,-5.573770491803276,1.0,6.0,6.0,6.0,7.0,7.0,8.0,1.0,2.0,,,,1,1,1,1,1,0,0,0,1,0
sz002162,2025-02-27,retest_probe,2,重新试盘,1,5.277044854881274,10.026385224274414,-2.37467018469657,1,5.277044854881274,15.567282321899722,-2.37467018469657,1,4.221635883905006,15.567282321899722,-2.37467018469657,1,21.899736147757267,27.968337730870708,-2.37467018469657,1,12.137203166226907,51.978891820580465,-2.37467018469657,1,9.234828496042201,51.978891820580465,-15.567282321899734,1.0,1.0,1.0,1.0,1.0,2.0,7.0,26.0,27.0,27.0,28.0,28.0,1,1,1,1,1,1,0,0,0,0
sz002162,2025-04-25,retest_probe,3,重新试盘,1,-5.5555555555555465,0.24154589371983004,-5.5555555555555465,1,-4.589371980676315,0.24154589371983004,-6.763285024154586,1,0.9661835748792313,6.038647342995174,-6.763285024154586,1,2.1739130434782705,6.038647342995174,-6.763285024154586,1,-1.6908212560386326,7.246376811594213,-6.763285024154586,1,3.1400966183574797,19.806763285024154,-6.763285024154586,1.0,5.0,5.0,22.0,23.0,23.0,,1.0,1.0,,,,1,1,1,1,1,0,0,0,1,0
sz002162,2025-11-26,retest_probe,4,重新试盘,1,5.590062111801242,9.937888198757761,-1.242236024844734,1,3.31262939958592,9.937888198757761,-1.242236024844734,1,7.660455486542439,12.62939958592133,-1.242236024844734,1,6.62525879917184,13.871635610766052,-1.242236024844734,1,-2.898550724637672,15.527950310559003,-9.523809523809524,0,,,,1.0,1.0,1.0,1.0,5.0,11.0,,12.0,12.0,13.0,,,1,1,1,1,1,1,0,0,0,0
sz002163,2025-05-09,first_probe,1,首次试盘,1,-2.5470653377629993,-0.6644518272425071,-3.543743078626782,1,-4.540420819490587,-0.6644518272425071,-6.201550387596888,1,-3.875968992248058,-0.6644518272425071,-6.201550387596888,1,-8.748615725359898,-0.6644518272425071,-8.859357696566983,1,-2.5470653377629993,2.436323366555926,-10.077519379844968,1,3.100775193798455,9.302325581395344,-10.077519379844968,19.0,33.0,33.0,39.0,,,,1.0,3.0,9.0,11.0,,1,1,1,1,1,1,1,0,1,1
sz002163,2025-10-20,retest_probe,2,重新试盘,1,1.8298261665141924,3.385178408051237,-3.6596523330283626,1,-0.7319304666056681,3.385178408051237,-3.6596523330283626,1,-3.934126258005488,3.385178408051237,-4.117108874656905,1,31.473010064043905,31.473010064043905,-4.117108874656905,1,43.3668801463861,65.32479414455628,-4.117108874656905,1,46.84354986276305,73.10155535224156,-4.117108874656905,1.0,1.0,7.0,7.0,8.0,8.0,9.0,1.0,,,,,1,1,1,1,0,0,0,0,0,0
sz002164,2025-05-08,first_probe,1,首次试盘,1,6.07621009268795,9.98970133882593,-2.1627188465499603,1,2.2657054582904124,14.418125643666313,-2.1627188465499603,1,2.0597322348094638,14.418125643666313,-2.1627188465499603,1,-5.56127703398559,14.418125643666313,-6.28218331616891,1,-9.371781668383106,14.418125643666313,-11.637487126673541,1,-7.929969104016488,14.418125643666313,-15.75695159629249,1.0,1.0,1.0,1.0,2.0,,,6.0,10.0,12.0,16.0,31.0,1,1,1,1,1,1,0,0,0,0
sz002164,2025-09-10,retest_probe,2,重新试盘,1,0.35945363048166534,1.1502516175413424,-2.3005032350826737,1,-2.3005032350826737,1.1502516175413424,-2.5161754133716685,1,5.17613227893603,7.620416966211363,-2.588066139468004,1,14.162473040977709,16.319194823867722,-2.9475197699496802,1,-0.5751258087706712,16.319194823867722,-5.463695183321349,1,-10.999281092739032,16.319194823867722,-11.35873472322071,1.0,4.0,5.0,6.0,6.0,10.0,,17.0,17.0,25.0,39.0,,1,1,1,1,1,1,0,0,0,0
sz002165,2025-08-21,first_probe,1,首次试盘,1,-3.3570701932858604,-1.831129196337744,-4.883011190233977,1,-3.560528992878942,-1.831129196337744,-5.28992878942014,1,2.0345879959308144,2.0345879959308144,-8.036622583926768,1,6.714140386571721,11.597151576805697,-8.036622583926768,1,-5.086469989827059,11.597151576805697,-8.036622583926768,1,-13.326551373346906,11.597151576805697,-15.564598168870802,5.0,6.0,6.0,10.0,10.0,,,1.0,3.0,5.0,23.0,23.0,1,1,1,1,1,1,0,0,1,1
sz002165,2025-11-17,retest_probe,2,重新试盘,1,-3.532008830022082,-0.551876379690952,-4.856512141280367,1,-6.732891832229592,-0.551876379690952,-7.174392935982343,1,-13.024282560706412,-0.551876379690952,-15.011037527593817,1,-10.375275938189855,-0.551876379690952,-15.011037527593817,1,-16.335540838852104,-0.551876379690952,-19.646799116997794,0,,,,,,,,,,,1.0,2.0,4.0,4.0,5.0,0,0,0,0,1,1,1,1,1,1
sz002172,2024-10-30,first_probe,1,首次试盘,1,0.3278688524590345,1.6393442622950838,-0.6557377049180357,1,-2.6229508196721207,1.6393442622950838,-3.60655737704918,1,4.918032786885251,5.573770491803298,-3.60655737704918,1,7.540983606557372,17.04918032786886,-3.60655737704918,1,7.868852459016407,17.04918032786886,-3.60655737704918,1,13.442622950819683,43.27868852459018,-3.60655737704918,1.0,5.0,5.0,6.0,6.0,7.0,23.0,2.0,,,,,1,1,1,1,0,0,0,0,0,0
sz002172,2024-11-08,retest_probe,2,重新试盘,1,-2.0588235294117574,0.0,-4.411764705882348,1,-3.529411764705881,3.8235294117646923,-5.294117647058815,1,-8.823529411764696,3.8235294117646923,-8.823529411764696,1,-7.352941176470584,3.8235294117646923,-11.764705882352944,1,8.823529411764719,9.411764705882364,-11.764705882352944,1,-8.823529411764696,28.52941176470589,-14.411764705882346,1.0,2.0,16.0,16.0,21.0,23.0,26.0,1.0,3.0,5.0,6.0,,1,1,1,1,1,1,0,0,1,1
sz002172,2025-02-28,retest_probe,3,重新试盘,1,2.2922636103151817,3.151862464183375,-0.5730659025787954,1,-0.5730659025787954,3.151862464183375,-1.7191977077363862,1,-1.7191977077363862,3.151862464183375,-2.5787965616045905,1,16.045845272206293,18.911174785100293,-2.5787965616045905,1,-2.2922636103151928,18.911174785100293,-3.4383954154727836,1,-2.865329512893988,18.911174785100293,-20.057306590257884,1.0,1.0,6.0,7.0,7.0,10.0,,16.0,21.0,25.0,25.0,26.0,1,1,1,1,1,1,0,0,0,0
sz002172,2025-03-11,retest_probe,4,重新试盘,1,-0.8042895442359144,3.217158176943702,-3.4852546916890104,1,8.579088471849872,11.260053619302957,-3.4852546916890104,1,1.8766756032171594,11.260053619302957,-3.4852546916890104,1,-8.042895442359244,11.260053619302957,-9.651474530831095,1,-17.158176943699733,11.260053619302957,-25.201072386058975,1,-1.8766756032171594,11.260053619302957,-25.201072386058975,1.0,1.0,3.0,3.0,3.0,,,1.0,8.0,9.0,14.0,18.0,1,1,1,1,1,1,0,0,0,0
sz002172,2025-06-11,retest_probe,5,重新试盘,1,1.758241758241752,9.23076923076922,-5.714285714285705,1,4.615384615384621,11.86813186813187,-5.714285714285705,1,-8.131868131868137,11.86813186813187,-8.791208791208781,1,-15.384615384615374,11.86813186813187,-18.461538461538463,1,-14.28571428571428,11.86813186813187,-18.461538461538463,1,-6.593406593406592,11.86813186813187,-18.461538461538463,1.0,1.0,1.0,1.0,2.0,,,1.0,1.0,5.0,6.0,6.0,1,1,1,1,1,1,0,0,0,0
sz002173,2024-10-14,first_probe,1,首次试盘,1,0.5657708628005631,4.526166902404527,-1.5558698727015652,1,2.6874115983026803,9.900990099009888,-1.5558698727015652,1,4.667609618104662,9.900990099009888,-1.5558698727015652,1,8.203677510608198,9.900990099009888,-1.5558698727015652,1,48.51485148514851,54.03111739745403,-1.5558698727015652,1,34.93635077793491,58.4158415841584,-1.5558698727015652,1.0,1.0,2.0,2.0,11.0,11.0,12.0,,,,,,1,1,1,1,0,0,0,0,0,0
sz002173,2024-11-11,retest_probe,2,重新试盘,1,-1.61904761904762,6.666666666666665,-2.857142857142869,1,-9.333333333333337,6.666666666666665,-9.523809523809524,1,-21.523809523809522,6.666666666666665,-22.095238095238102,1,-20.190476190476183,6.666666666666665,-23.904761904761905,1,-9.142857142857153,6.666666666666665,-23.904761904761905,1,-21.047619047619058,18.1904761904762,-25.904761904761898,1.0,1.0,1.0,28.0,28.0,28.0,,2.0,2.0,3.0,4.0,5.0,1,1,1,1,1,1,0,0,0,1
sz002173,2024-11-12,continuous_probe,3,连续试盘,1,1.4520813165537216,4.065827686350443,-4.065827686350431,1,-12.778315585672795,4.065827686350443,-13.165537270087125,1,-19.845111326234278,4.065827686350443,-22.652468538238136,1,-13.552758954501453,4.065827686350443,-22.652468538238136,1,-5.42110358180059,4.065827686350443,-22.652468538238136,1,-11.713455953533403,20.13552758954502,-24.685382381413355,1.0,1.0,25.0,26.0,27.0,27.0,27.0,1.0,2.0,2.0,3.0,4.0,1,1,1,1,1,1,0,0,1,1
sz002173,2024-12-27,retest_probe,4,重新试盘,1,-8.149779735682827,-2.8634361233480177,-9.58149779735682,1,-11.563876651982385,-2.8634361233480177,-14.317180616740089,1,-7.709251101321579,-2.8634361233480177,-14.317180616740089,1,-7.709251101321579,0.7709251101321701,-14.317180616740089,1,-8.810572687224683,1.2114537444933848,-14.317180616740089,1,8.81057268722467,24.22907488986783,-14.317180616740089,7.0,24.0,24.0,24.0,24.0,25.0,29.0,1.0,1.0,1.0,2.0,,1,1,1,1,1,1,0,0,1,1
sz002173,2025-04-16,retest_probe,5,重新试盘,1,-2.3051591657519133,0.8781558726673966,-3.073545554335888,1,1.5367727771679496,3.9517014270032957,-3.841931942919863,1,-0.3293084522502654,3.9517014270032957,-3.841931942919863,1,0.5488474204171423,3.9517014270032957,-6.147091108671776,1,11.964873765093298,18.33150384193194,-6.147091108671776,1,38.74862788144897,40.175631174533486,-6.147091108671776,1.0,2.0,11.0,12.0,12.0,12.0,22.0,1.0,8.0,,,,1,1,1,1,1,0,0,0,1,0
sz002173,2025-04-18,continuous_probe,6,连续试盘,1,0.43431053203040193,1.411509229098784,-2.8230184581976236,1,-1.4115092290988174,1.411509229098784,-2.8230184581976236,1,-3.2573289902280256,1.411509229098784,-4.668838219326831,1,9.771986970684022,14.983713355048845,-7.166123778501632,1,14.549402823018465,27.3615635179153,-7.166123778501632,1,47.557003257328965,50.9229098805646,-7.166123778501632,1.0,9.0,9.0,10.0,10.0,14.0,20.0,4.0,6.0,,,,1,1,1,1,1,0,0,0,1,0
sz002173,2025-05-21,retest_probe,7,重新试盘,1,-2.0853080568720483,2.7488151658767723,-3.5071090047393505,1,-1.2322274881516715,2.7488151658767723,-5.118483412322283,1,-1.706161137440776,2.7488151658767723,-5.118483412322283,1,7.962085308056865,21.042654028436015,-5.118483412322283,1,28.815165876777236,31.753554502369653,-5.118483412322283,1,36.39810426540284,59.71563981042654,-5.118483412322283,1.0,7.0,7.0,7.0,7.0,8.0,8.0,1.0,3.0,,,,1,1,1,1,1,0,0,0,1,0
sz002175,2024-10-10,first_probe,1,首次试盘,1,-6.074766355140204,-0.9345794392523366,-7.00934579439253,1,-5.140186915887868,-0.9345794392523366,-7.00934579439253,1,-4.205607476635532,-0.9345794392523366,-7.00934579439253,1,2.8037383177570208,3.738317757009346,-7.00934579439253,1,40.65420560747661,48.13084112149531,-7.00934579439253,1,111.68224299065419,161.21495327102798,-7.00934579439253,8.0,9.0,11.0,11.0,12.0,12.0,13.0,1.0,1.0,,,,1,1,1,1,1,0,0,0,1,0
sz002175,2025-02-27,retest_probe,2,重新试盘,1,-9.10623946037099,-1.8549747048903775,-9.94940978077572,1,-11.804384485666098,-1.8549747048903775,-14.839797639123098,1,-7.251264755480602,-1.8549747048903775,-14.839797639123098,1,-3.8785834738617075,3.7099494097807773,-14.839797639123098,1,-13.322091062394604,3.7099494097807773,-14.839797639123098,1,-26.475548060708253,3.7099494097807773,-38.95446880269814,8.0,9.0,,,,,,1.0,1.0,1.0,2.0,21.0,1,1,0,0,1,1,0,0,1,1
sz002179,2025-08-14,first_probe,1,首次试盘,1,2.484013772749649,3.246433841613383,-1.5740285292670797,1,1.2297097884899078,3.861288735858337,-1.5740285292670797,1,1.795376291195283,4.476143630103291,-1.5740285292670797,1,3.1972454500737824,4.476143630103291,-1.5740285292670797,1,-2.7299557304476085,5.730447614363032,-4.943433349729465,1,-5.87801278898179,5.730447614363032,-6.148548942449583,1.0,1.0,12.0,,,,,15.0,23.0,,,,1,1,1,0,1,0,0,0,1,0
sz002181,2025-10-30,first_probe,1,首次试盘,1,10.020876826722326,10.020876826722326,0.20876826722338038,1,33.08977035490606,33.08977035490606,0.20876826722338038,1,23.59081419624216,46.03340292275575,0.20876826722338038,1,2.8183716075156573,46.03340292275575,0.20876826722338038,1,-3.3402922755741193,46.03340292275575,-7.41127348643007,1,-10.96033402922757,46.03340292275575,-15.448851774530281,1.0,1.0,1.0,1.0,1.0,2.0,2.0,14.0,15.0,26.0,30.0,34.0,1,1,1,1,1,1,0,0,0,0
sz002186,2024-11-28,first_probe,1,首次试盘,1,3.634751773049638,5.496453900709231,-0.35460992907800915,1,11.436170212765973,23.04964539007093,-0.35460992907800915,1,8.599290780141855,23.04964539007093,-0.35460992907800915,1,24.55673758865249,28.457446808510657,-0.35460992907800915,1,6.205673758865249,34.308510638297875,-0.35460992907800915,1,-3.6347517730496492,34.308510638297875,-12.056737588652478,1.0,1.0,1.0,2.0,2.0,3.0,3.0,25.0,26.0,26.0,31.0,,1,1,1,1,1,1,0,0,0,0
sz002186,2025-08-19,retest_probe,2,重新试盘,1,8.003369839932617,10.025273799494538,-0.5897219882055493,1,5.223251895534964,10.025273799494538,-0.5897219882055493,1,18.618365627632706,25.695029486099408,-0.5897219882055493,1,15.922493681550144,28.812131423757382,-0.5897219882055493,1,7.160909856781816,28.812131423757382,-0.5897219882055493,1,-2.780117944397642,28.812131423757382,-8.340353833192914,1.0,1.0,1.0,1.0,1.0,4.0,5.0,25.0,29.0,33.0,,,1,1,1,1,1,1,0,0,0,0
sz002191,2025-04-11,first_probe,1,首次试盘,1,0.0,2.156334231805923,-0.8086253369272156,1,-2.96495956873315,2.156334231805923,-3.7735849056603765,1,-3.2345013477088957,2.156334231805923,-4.312668463611868,1,-2.156334231805934,2.156334231805923,-4.312668463611868,1,0.26954177897575704,2.156334231805923,-4.85175202156335,1,8.355795148247957,14.555256064690036,-4.85175202156335,1.0,29.0,34.0,34.0,34.0,,,3.0,,,,,1,1,1,1,0,0,0,0,0,0
sz002193,2024-09-05,first_probe,1,首次试盘,1,-2.3076923076922995,4.871794871794877,-2.564102564102566,1,0.0,4.871794871794877,-4.871794871794865,1,-1.2820512820512775,4.871794871794877,-4.871794871794865,1,1.2820512820512997,4.871794871794877,-6.923076923076921,1,10.512820512820497,34.87179487179486,-6.923076923076921,1,31.538461538461537,36.410256410256416,-6.923076923076921,1.0,1.0,11.0,12.0,14.0,15.0,15.0,2.0,7.0,,,,1,1,1,1,1,0,0,0,1,0
sz002193,2025-01-10,retest_probe,2,重新试盘,1,4.29184549356223,6.4377682403433445,-4.14878397711016,1,2.002861230329045,11.587982832618016,-4.14878397711016,1,-4.57796852646638,11.587982832618016,-4.57796852646638,1,-12.160228898426329,11.587982832618016,-16.452074391988557,1,-5.4363376251788225,11.587982832618016,-16.452074391988557,1,-10.586552217453505,11.587982832618016,-16.452074391988557,1.0,1.0,1.0,2.0,2.0,,,1.0,6.0,6.0,7.0,10.0,1,1,1,1,1,1,0,0,0,0
sz002193,2025-04-15,retest_probe,3,重新试盘,1,-3.035714285714286,0.0,-5.535714285714278,1,-10.357142857142854,0.0,-12.678571428571427,1,-10.357142857142854,0.0,-12.678571428571427,1,-12.678571428571427,0.0,-17.321428571428566,1,0.3571428571428559,6.964285714285734,-17.321428571428566,1,3.214285714285725,6.964285714285734,-17.321428571428566,1.0,16.0,16.0,,,,,1.0,1.0,2.0,2.0,9.0,1,1,1,0,1,1,0,0,1,1
sz002193,2025-05-14,retest_probe,4,重新试盘,1,0.8833922261484162,2.8268551236749095,-1.7667844522968323,1,1.7667844522968101,2.8268551236749095,-1.7667844522968323,1,1.9434628975264934,4.59363957597172,-1.7667844522968323,1,-0.7067137809187329,4.59363957597172,-2.473498233215554,1,3.7102473498233257,5.653710247349819,-2.6501766784452374,1,8.303886925795045,10.600706713780905,-6.7137809187279185,1.0,4.0,18.0,33.0,33.0,,,25.0,25.0,,,,1,1,1,1,1,0,0,0,1,0
sz002194,2025-04-17,first_probe,1,首次试盘,1,10.047846889952151,10.047846889952151,0.0,1,25.933014354066984,33.110047846889955,0.0,1,37.51196172248803,42.39234449760767,0.0,1,21.244019138756,51.29186602870814,0.0,1,40.66985645933015,57.320574162679435,0.0,1,38.851674641148335,61.3397129186603,0.0,1.0,1.0,1.0,1.0,1.0,2.0,2.0,,,,,,1,1,1,1,0,0,0,0,0,0
sz002195,2024-11-15,first_probe,1,首次试盘,1,-5.590062111801242,0.31055900621117516,-6.211180124223603,1,-2.1739130434782705,0.31055900621117516,-8.385093167701863,1,0.0,7.14285714285714,-8.385093167701863,1,14.28571428571428,19.875776397515523,-8.385093167701863,1,40.37267080745339,84.1614906832298,-8.385093167701863,1,23.60248447204969,84.1614906832298,-8.385093167701863,1.0,4.0,5.0,7.0,7.0,7.0,11.0,1.0,1.0,2.0,,,1,1,1,1,1,1,0,0,1,1
sz002196,2025-02-07,first_probe,1,首次试盘,1,-1.5898251192368762,-0.15898251192368873,-2.5437201907790197,1,-1.9077901430842648,-0.15898251192368873,-2.861685214626386,1,-5.564387917329084,-0.15898251192368873,-6.200317965023839,1,4.9284578696343395,7.790143084260737,-6.200317965023839,1,27.344992050874396,27.344992050874396,-6.200317965023839,1,23.529411764705866,106.5182829888712,-6.200317965023839,8.0,9.0,9.0,11.0,11.0,14.0,19.0,4.0,5.0,,,,1,1,1,1,1,0,0,0,1,0
sz002196,2025-04-25,retest_probe,2,重新试盘,1,-5.146316851664978,2.5227043390514625,-5.852674066599395,1,6.054490413723501,14.026236125126147,-7.870837537840558,1,10.89808274470232,14.026236125126147,-7.870837537840558,1,6.458123107971758,14.026236125126147,-7.870837537840558,1,-5.247225025227042,14.026236125126147,-7.870837537840558,1,-8.577194752774975,14.026236125126147,-16.54894046417761,1.0,2.0,3.0,3.0,3.0,,,1.0,1.0,22.0,23.0,36.0,1,1,1,1,1,1,0,0,1,0
sz002204,2025-03-28,first_probe,1,首次试盘,1,-9.942363112391938,-5.619596541786754,-9.942363112391938,1,-11.95965417867435,-5.619596541786754,-12.968299711815568,1,-22.622478386167156,-5.619596541786754,-22.622478386167156,1,-15.994236311239195,-5.619596541786754,-27.52161383285303,1,-13.11239193083573,-3.458213256484155,-27.52161383285303,1,-11.38328530259366,-3.458213256484155,-27.52161383285303,,,,,,,,1.0,1.0,1.0,2.0,5.0,0,0,0,0,1,1,1,1,1,1
sz002205,2024-12-17,first_probe,1,首次试盘,1,10.029211295034091,10.029211295034091,5.842259006815964,1,2.2395326192794496,21.032132424537497,0.48685491723468033,1,-6.621226874391429,21.032132424537497,-11.489776046738065,1,-13.242453748782857,21.032132424537497,-15.774099318403112,1,-19.47419668938656,21.032132424537497,-27.45861733203505,1,-9.347614410905546,21.032132424537497,-27.45861733203505,1.0,1.0,1.0,1.0,1.0,2.0,2.0,4.0,4.0,5.0,5.0,6.0,1,1,1,1,1,1,0,0,0,0
sz002205,2025-06-30,retest_probe,2,重新试盘,1,-1.1304347826087024,2.2608695652173827,-1.565217391304341,1,3.2173913043478164,5.65217391304349,-4.086956521739138,1,4.347826086956519,9.82608695652174,-4.086956521739138,1,0.08695652173913437,13.043478260869556,-4.086956521739138,1,27.21739130434784,29.47826086956522,-4.086956521739138,1,26.086956521739136,48.43478260869565,-4.086956521739138,1.0,2.0,3.0,5.0,7.0,16.0,17.0,2.0,,,,,1,1,1,1,0,0,0,0,0,0
sz002208,2024-11-25,first_probe,1,首次试盘,1,-9.999999999999998,-2.200000000000002,-9.999999999999998,1,-14.100000000000001,-2.200000000000002,-17.699999999999992,1,-14.000000000000002,-2.200000000000002,-18.000000000000004,1,-10.500000000000009,-2.200000000000002,-18.000000000000004,1,-26.200000000000003,-2.200000000000002,-26.5,1,-31.799999999999994,-2.200000000000002,-36.6,,,,,,,,1.0,1.0,1.0,2.0,2.0,0,0,0,0,1,1,1,1,1,1
sz002210,2025-04-25,first_probe,1,首次试盘,1,-5.660377358490565,0.0,-7.169811320754715,1,-6.037735849056592,0.0,-7.169811320754715,1,-5.660377358490565,0.0,-7.169811320754715,1,-3.396226415094339,0.0,-7.169811320754715,1,-5.283018867924538,3.396226415094361,-7.169811320754715,1,-0.37735849056602655,7.169811320754715,-13.584905660377355,1.0,14.0,39.0,,,,,1.0,1.0,32.0,35.0,,1,1,1,0,1,1,0,0,1,1
sz002210,2025-10-31,retest_probe,2,重新试盘,1,5.952380952380953,10.000000000000009,0.7142857142857117,1,4.761904761904767,13.571428571428545,0.7142857142857117,1,-0.7142857142857229,13.571428571428545,-0.7142857142857229,1,0.952380952380949,13.571428571428545,-0.7142857142857229,1,-10.238095238095246,13.571428571428545,-13.33333333333333,1,-10.952380952380947,13.571428571428545,-15.714285714285714,1.0,1.0,1.0,1.0,1.0,,,12.0,13.0,15.0,16.0,30.0,1,1,1,1,1,1,0,0,0,0
sz002211,2025-02-20,first_probe,1,首次试盘,1,4.106280193236711,8.937198067632846,0.9661835748792313,1,1.449275362318847,8.937198067632846,-3.1400966183574908,1,4.589371980676349,10.6280193236715,-3.1400966183574908,1,-2.1739130434782594,10.6280193236715,-6.28019323671497,1,-0.9661835748792313,10.6280193236715,-6.28019323671497,1,-17.87439613526569,10.6280193236715,-32.850241545893724,1.0,1.0,1.0,1.0,4.0,,,3.0,7.0,22.0,22.0,31.0,1,1,1,1,1,1,0,0,0,0
sz002211,2025-02-21,continuous_probe,2,连续试盘,1,-4.640371229698359,-2.088167053364265,-6.03248259860788,1,2.5522041763341052,6.264501160092828,-6.960556844547561,1,-6.264501160092795,6.264501160092828,-6.960556844547561,1,-4.408352668213444,6.264501160092828,-9.976798143851507,1,-7.42459396751739,6.264501160092828,-9.976798143851507,1,-29.00232018561484,6.264501160092828,-35.49883990719257,2.0,3.0,3.0,,,,,1.0,1.0,6.0,21.0,21.0,1,1,1,0,1,1,0,0,1,1
sz002213,2025-10-23,first_probe,1,首次试盘,1,9.981078524124886,9.981078524124886,-0.42573320719015983,1,33.11258278145694,33.11258278145694,-0.42573320719015983,1,27.578051087984857,39.120151371807,-0.42573320719015983,1,32.78145695364238,39.545884578997146,-0.42573320719015983,1,73.32071901608326,73.32071901608326,-0.42573320719015983,1,25.543992431409634,73.32071901608326,-0.42573320719015983,1.0,1.0,1.0,1.0,2.0,2.0,2.0,,,,,,1,1,1,1,0,0,0,0,0,0
sz002218,2024-09-03,first_probe,1,首次试盘,1,0.0,1.7182130584192379,-1.3745704467354014,1,-2.0618556701030966,1.7182130584192379,-2.4054982817869552,1,-2.0618556701030966,1.7182130584192379,-4.123711340206193,1,0.0,1.7182130584192379,-4.810996563573888,1,21.305841924398617,40.2061855670103,-4.810996563573888,1,31.615120274914087,40.2061855670103,-4.810996563573888,1.0,14.0,14.0,16.0,16.0,16.0,17.0,4.0,,,,,1,1,1,1,0,0,0,0,0,0
sz002225,2024-12-10,first_probe,1,首次试盘,1,-1.002004008016033,4.008016032064132,-1.2024048096192508,1,10.821643286573156,13.426853707414832,-1.2024048096192508,1,3.8076152304609145,13.426853707414832,-1.2024048096192508,1,0.4008016032064132,13.426853707414832,-2.605210420841686,1,11.222444889779549,13.827655310621223,-7.414829659318634,1,10.42084168336672,20.240480961923836,-7.414829659318634,1.0,1.0,2.0,3.0,3.0,21.0,23.0,11.0,11.0,,,,1,1,1,1,1,0,0,0,0,0
sz002226,2024-09-18,first_probe,1,首次试盘,1,-0.25839793281654533,0.7751937984496138,-3.3591731266149893,1,-2.067183462532296,0.7751937984496138,-3.6175710594315236,1,1.8087855297157507,5.167958656330751,-3.6175710594315236,1,13.953488372093027,30.23255813953487,-3.6175710594315236,1,17.829457364341074,30.23255813953487,-3.6175710594315236,1,42.1188630490956,52.97157622739017,-3.6175710594315236,1.0,5.0,5.0,7.0,7.0,8.0,9.0,1.0,,,,,1,1,1,1,0,0,0,0,0,0
sz002227,2025-02-14,first_probe,1,首次试盘,1,0.35906642728904536,1.346499102333909,-2.064631956912033,1,-1.7055655296229877,3.859964093357271,-3.052064631956908,1,-0.35906642728905647,3.859964093357271,-3.052064631956908,1,12.387791741472153,12.387791741472153,-3.052064631956908,1,14.991023339317767,43.62657091561939,-3.052064631956908,1,1.077199281867136,52.60323159784559,-18.22262118491922,1.0,2.0,6.0,6.0,10.0,11.0,11.0,3.0,36.0,36.0,36.0,37.0,1,1,1,1,1,1,0,0,0,0
sz002231,2024-11-13,first_probe,1,首次试盘,1,-5.810397553516822,-0.4587155963302836,-5.9633027522935755,1,-14.220183486238525,-0.4587155963302836,-15.290519877675845,1,-8.868501529051986,-0.4587155963302836,-15.290519877675845,1,-7.4923547400611685,-0.4587155963302836,-15.290519877675845,1,9.02140672782874,14.525993883792054,-15.290519877675845,1,-15.749235474006118,27.37003058103975,-25.993883792048933,16.0,17.0,17.0,18.0,18.0,21.0,22.0,1.0,1.0,2.0,2.0,3.0,1,1,1,1,1,1,1,0,1,1
sz002231,2024-12-05,retest_probe,2,重新试盘,1,9.952606635071092,9.952606635071092,9.952606635071092,1,17.851500789889418,18.325434439178512,5.371248025276465,1,23.85466034755135,23.85466034755135,5.371248025276465,1,7.109004739336489,31.595576619273302,4.265402843601884,1,-18.95734597156399,31.595576619273302,-19.431279620853093,1,-6.00315955766193,31.595576619273302,-23.538704581358616,1.0,1.0,1.0,1.0,2.0,2.0,5.0,13.0,13.0,14.0,14.0,20.0,1,1,1,1,1,1,0,0,0,0
sz002231,2025-08-21,retest_probe,3,重新试盘,1,5.032822757111588,5.032822757111588,-5.03282275711161,1,0.0,10.065645514223199,-5.03282275711161,1,-9.84682713347922,10.065645514223199,-9.84682713347922,1,-5.470459518599558,10.065645514223199,-12.035010940919054,1,-14.22319474835887,10.065645514223199,-14.442013129102849,1,-22.75711159737419,10.065645514223199,-37.85557986870898,1.0,1.0,1.0,2.0,2.0,,,1.0,1.0,5.0,6.0,21.0,1,1,1,1,1,1,0,0,0,0
sz002235,2025-06-05,first_probe,1,首次试盘,1,-3.2312925170067897,0.1700680272108901,-3.2312925170067897,1,-2.8911564625850317,0.8503401360544283,-4.5918367346938656,1,6.632653061224492,6.632653061224492,-4.5918367346938656,1,39.62585034013608,48.80952380952381,-4.5918367346938656,1,67.34693877551021,98.29931972789116,-4.5918367346938656,1,36.56462585034013,98.29931972789116,-4.5918367346938656,1.0,5.0,5.0,6.0,6.0,6.0,7.0,1.0,,,,,1,1,1,1,0,0,0,0,0,0
sz002235,2025-11-13,retest_probe,2,重新试盘,1,4.633204633204646,9.652509652509655,-1.287001287001277,1,3.0888030888030826,9.652509652509655,-1.287001287001277,1,9.523809523809534,9.652509652509655,-1.5444015444015302,1,21.235521235521237,22.265122265122272,-1.5444015444015302,1,35.13513513513513,84.55598455598457,-1.5444015444015302,0,,,,1.0,1.0,1.0,1.0,6.0,6.0,7.0,,,,,,1,1,1,1,0,0,0,0,0,0
sz002239,2024-12-05,first_probe,1,首次试盘,1,1.1869436201780381,3.264094955489605,-2.670623145400597,1,-0.5934718100890191,3.264094955489605,-2.670623145400597,1,-0.29673590504452063,3.264094955489605,-2.670623145400597,1,9.198813056379818,24.03560830860534,-5.934718100890213,1,-15.727002967359061,24.03560830860534,-15.727002967359061,1,-5.341246290801194,24.03560830860534,-18.397626112759646,1.0,1.0,8.0,9.0,9.0,9.0,10.0,6.0,8.0,18.0,19.0,20.0,1,1,1,1,1,1,0,0,0,0
sz002245,2025-01-15,first_probe,1,首次试盘,1,0.08695652173913437,4.0000000000000036,-1.2173913043478257,1,2.1739130434782705,4.0000000000000036,-3.4782608695652195,1,4.782608695652191,6.347826086956521,-3.4782608695652195,1,6.869565217391305,16.34782608695653,-3.4782608695652195,1,19.999999999999996,22.52173913043478,-3.4782608695652195,1,28.52173913043479,44.95652173913045,-3.4782608695652195,1.0,1.0,4.0,6.0,6.0,6.0,19.0,2.0,,,,,1,1,1,1,0,0,0,0,0,0
sz002247,2024-11-26,first_probe,1,首次试盘,1,0.0,0.0,-5.633802816901401,1,2.1126760563380254,4.225352112676051,-5.633802816901401,1,9.859154929577475,11.267605633802823,-5.633802816901401,1,10.915492957746476,17.6056338028169,-5.633802816901401,1,-4.929577464788726,19.01408450704225,-8.098591549295776,1,-10.2112676056338,19.01408450704225,-20.070422535211264,1.0,2.0,4.0,4.0,4.0,6.0,,1.0,1.0,20.0,21.0,27.0,1,1,1,1,1,1,0,0,1,0
sz002247,2025-01-16,retest_probe,2,重新试盘,1,-6.204379562043805,-0.7299270072992692,-8.394160583941623,1,-5.474452554744536,-0.36496350364964014,-8.394160583941623,1,-6.934306569343073,-0.36496350364964014,-8.394160583941623,1,-0.7299270072992692,0.36496350364962904,-8.394160583941623,1,-2.554744525547459,4.014598540145986,-8.394160583941623,1,-3.284671532846728,4.014598540145986,-8.759124087591253,10.0,14.0,,,,,,1.0,1.0,1.0,,,1,1,0,0,1,1,0,0,1,1
sz002248,2025-05-14,first_probe,1,首次试盘,1,1.9813519813519864,4.895104895104896,-2.0979020979020935,1,3.7296037296037365,8.158508158508159,-2.0979020979020935,1,9.440559440559436,11.421911421911425,-2.0979020979020935,1,4.079254079254069,11.421911421911425,-2.0979020979020935,1,1.5151515151515138,11.421911421911425,-2.0979020979020935,1,3.6130536130536184,11.421911421911425,-6.99300699300699,1.0,1.0,2.0,2.0,4.0,,,22.0,25.0,,,,1,1,1,1,1,0,0,0,0,0
sz002253,2024-10-24,first_probe,1,首次试盘,1,7.838014369693025,9.274983670803394,-4.637491835401708,1,30.50293925538863,30.50293925538863,-4.637491835401708,1,57.93598954931416,57.93598954931416,-4.637491835401708,1,37.68778576094054,64.467668190725,-4.637491835401708,1,20.770738079686456,64.467668190725,-4.637491835401708,1,5.878510777269752,64.467668190725,-4.637491835401708,1.0,1.0,1.0,1.0,2.0,2.0,3.0,1.0,,,,,1,1,1,1,0,0,0,0,0,0
sz002263,2024-11-28,first_probe,1,首次试盘,1,-2.1126760563380254,0.0,-3.169014084507038,1,2.8169014084507005,7.7464788732394485,-3.169014084507038,1,4.225352112676051,7.7464788732394485,-3.169014084507038,1,8.098591549295776,9.507042253521124,-3.169014084507038,1,-13.380281690140839,9.507042253521124,-14.436619718309851,1,-19.01408450704225,9.507042253521124,-21.830985915492953,1.0,2.0,2.0,6.0,,,,1.0,15.0,17.0,17.0,24.0,1,1,1,1,1,1,0,0,0,0
sz002269,2025-03-14,first_probe,1,首次试盘,1,-0.9345794392523366,2.3364485981308247,-0.9345794392523366,1,-3.2710280373831946,2.3364485981308247,-3.738317757009346,1,-4.672897196261683,2.3364485981308247,-5.140186915887868,1,-14.018691588785048,2.3364485981308247,-14.485981308411223,1,-14.018691588785048,2.3364485981308247,-30.841121495327105,1,-13.551401869158875,2.3364485981308247,-30.841121495327105,1.0,,,,,,,3.0,5.0,6.0,6.0,11.0,1,1,0,0,1,1,0,0,1,1
sz002269,2025-04-17,retest_probe,2,重新试盘,1,-3.7234042553191404,-0.5319148936170137,-4.7872340425531785,1,-3.7234042553191404,0.5319148936170137,-5.851063829787229,1,-7.978723404255317,0.5319148936170137,-8.510638297872342,1,-4.7872340425531785,0.5319148936170137,-12.234042553191493,1,0.0,5.85106382978724,-12.234042553191493,1,2.659574468085113,6.382978723404253,-12.234042553191493,2.0,13.0,13.0,,,,,1.0,2.0,5.0,6.0,,1,1,1,0,1,1,0,0,1,1
sz002269,2025-04-21,continuous_probe,3,连续试盘,1,-1.0928961748633892,1.0928961748633892,-1.6393442622950838,1,-5.464480874316946,1.0928961748633892,-6.0109289617486406,1,-9.289617486338809,1.0928961748633892,-9.836065573770503,1,-0.5464480874316946,1.0928961748633892,-9.836065573770503,1,-1.0928961748633892,8.743169398907092,-9.836065573770503,1,-2.732240437158473,9.289617486338786,-9.836065573770503,1.0,11.0,11.0,11.0,,,,2.0,3.0,4.0,,,1,1,1,1,1,1,0,0,1,1
sz002269,2025-05-09,retest_probe,4,重新试盘,1,-0.5405405405405461,3.2432432432432323,-2.1621621621621623,1,-1.0810810810810811,3.2432432432432323,-3.2432432432432434,1,-2.1621621621621623,4.86486486486486,-3.2432432432432434,1,-5.945945945945952,4.86486486486486,-5.945945945945952,1,-2.1621621621621623,4.86486486486486,-6.486486486486487,1,-1.0810810810810811,8.108108108108091,-6.486486486486487,1.0,1.0,25.0,26.0,,,,3.0,10.0,,,,1,1,1,1,1,0,0,0,1,0
sz002269,2025-06-05,retest_probe,5,重新试盘,1,-2.717391304347827,-1.0869565217391353,-2.717391304347827,1,-2.1739130434782594,0.0,-3.8043478260869623,1,-0.5434782608695676,0.5434782608695565,-3.8043478260869623,1,-2.1739130434782594,8.695652173913038,-4.891304347826086,1,0.5434782608695565,8.695652173913038,-5.434782608695654,1,2.1739130434782483,13.586956521739113,-5.434782608695654,3.0,7.0,7.0,8.0,24.0,,,2.0,12.0,,,,1,1,1,1,1,0,0,0,0,0
sz002272,2025-07-17,first_probe,1,首次试盘,1,-1.3452914798206317,0.8968609865470878,-2.600896860986557,1,1.7937219730941534,5.560538116591918,-2.78026905829597,1,2.4215246636771326,10.134529147982052,-2.78026905829597,1,8.699551569506724,10.134529147982052,-2.78026905829597,1,21.434977578475323,30.85201793721972,-2.78026905829597,1,48.43049327354261,91.6591928251121,-2.78026905829597,1.0,3.0,3.0,4.0,4.0,11.0,13.0,,,,,,1,1,1,1,0,0,0,0,0,0
sz002278,2025-03-28,first_probe,1,首次试盘,1,-10.04273504273504,-7.264957264957261,-10.04273504273504,1,-15.064102564102555,-6.94444444444443,-16.987179487179482,1,-26.709401709401703,-6.94444444444443,-26.709401709401703,1,-20.940170940170933,-6.94444444444443,-33.653846153846146,1,-13.354700854700852,-6.94444444444443,-33.653846153846146,1,-2.350427350427342,1.8162393162393098,-33.653846153846146,40.0,,,,,,,1.0,1.0,1.0,1.0,3.0,1,1,0,0,1,1,1,1,1,1
sz002279,2025-07-01,first_probe,1,首次试盘,1,-2.5373134328358193,-0.5970149253731294,-3.13432835820896,1,-4.029850746268659,-0.5970149253731294,-4.477611940298509,1,-1.6417910447761197,0.0,-4.6268656716418,1,6.417910447761188,11.940298507462677,-4.6268656716418,1,6.7164179104477695,11.940298507462677,-4.6268656716418,1,14.029850746268657,19.402985074626855,-4.6268656716418,5.0,8.0,8.0,8.0,9.0,27.0,,1.0,,,,,1,1,1,1,0,0,0,0,0,0
sz002285,2025-04-08,first_probe,1,首次试盘,1,6.161137440758302,9.952606635071092,-7.5829383886255926,1,7.582938388625604,11.848341232227488,-7.5829383886255926,1,7.109004739336489,11.848341232227488,-7.5829383886255926,1,12.796208530805696,14.691943127962093,-7.5829383886255926,1,8.056872037914697,23.696682464454977,-7.5829383886255926,1,9.478672985782,23.696682464454977,-7.5829383886255926,1.0,1.0,1.0,1.0,2.0,12.0,13.0,1.0,1.0,,,,1,1,1,1,1,0,0,0,0,0
sz002289,2025-05-30,first_probe,1,首次试盘,1,1.324503311258285,3.8410596026489996,-4.834437086092713,1,-7.4172185430463555,6.423841059602653,-7.4172185430463555,1,-5.761589403973499,6.423841059602653,-12.38410596026489,1,19.73509933774833,19.73509933774833,-12.38410596026489,1,7.284768211920523,25.695364238410612,-12.38410596026489,1,26.490066225165563,33.642384105960275,-12.38410596026489,1.0,1.0,2.0,8.0,9.0,10.0,11.0,1.0,3.0,4.0,4.0,,1,1,1,1,1,1,0,0,0,1
sz002290,2024-12-25,first_probe,1,首次试盘,1,3.909691629955958,7.378854625550657,-0.770925110132159,1,-6.057268722466969,7.378854625550657,-6.38766519823789,1,-7.213656387665191,7.378854625550657,-9.140969162995594,1,-12.389867841409696,7.378854625550657,-20.539647577092513,1,-11.343612334801756,7.378854625550657,-20.649779735682817,1,36.563876651982376,46.03524229074889,-20.649779735682817,1.0,1.0,1.0,32.0,33.0,33.0,33.0,3.0,3.0,4.0,6.0,7.0,1,1,1,1,1,1,0,0,0,1
sz002290,2025-04-11,retest_probe,2,重新试盘,1,1.6054076890578806,3.210815378115739,-0.08449514152937265,1,-0.5492184199408667,3.210815378115739,-2.6193493874102303,1,3.041825095057038,4.478242501056173,-2.6193493874102303,1,7.984790874524705,9.505703422053235,-2.6193493874102303,1,37.55809040980142,43.21926489226868,-2.6193493874102303,1,44.190959019856365,56.991972961554694,-2.6193493874102303,1.0,1.0,6.0,8.0,11.0,14.0,15.0,,,,,,1,1,1,1,0,0,0,0,0,0
sz002290,2025-05-13,retest_probe,3,重新试盘,1,-1.4527845036319542,0.4842615012106588,-3.813559322033888,1,-2.754237288135586,0.4842615012106588,-4.751815980629537,1,-6.90072639225181,0.4842615012106588,-7.536319612590791,1,-7.324455205811131,0.4842615012106588,-9.412832929782077,1,7.203389830508478,12.46973365617432,-9.957627118644064,1,-6.658595641646492,12.46973365617432,-10.290556900726388,1.0,15.0,16.0,19.0,19.0,,,1.0,4.0,8.0,32.0,,1,1,1,1,1,1,0,0,1,1
sz002290,2025-05-21,retest_probe,4,重新试盘,1,-0.09658725048292682,3.6703155183515968,-0.8048937540244716,1,-2.350289761751445,3.6703155183515968,-3.6381197681905952,1,-2.0927237604636106,3.6703155183515968,-3.6381197681905952,1,10.27044430135222,13.74758531873792,-4.217643271088212,1,-0.9980682549903364,19.639407598197025,-4.217643271088212,1,1.5453960077269846,19.639407598197025,-4.571796522858973,1.0,1.0,9.0,9.0,10.0,13.0,,3.0,,,,,1,1,1,1,0,0,0,0,0,0
sz002291,2024-09-23,first_probe,1,首次试盘,1,2.521008403361358,2.941176470588247,-3.1512605042016695,1,4.4117647058823595,7.3529411764706065,-3.1512605042016695,1,19.327731092436974,19.327731092436974,-3.1512605042016695,1,10.294117647058831,31.30252100840336,-3.1512605042016695,1,26.890756302521023,31.30252100840336,-3.1512605042016695,1,44.95798319327733,59.243697478991606,-3.1512605042016695,1.0,2.0,2.0,4.0,4.0,5.0,6.0,1.0,,,,,1,1,1,1,0,0,0,0,0,0
sz002291,2025-01-09,retest_probe,2,重新试盘,1,-7.053291536050155,-0.4702194357366851,-7.210031347962387,1,-0.7836990595611271,-0.4702194357366851,-11.755485893416928,1,20.062695924764885,20.062695924764885,-11.755485893416928,1,-3.6050156739811823,32.131661442006276,-11.755485893416928,1,14.420062695924774,32.131661442006276,-11.755485893416928,1,12.695924764890298,32.131661442006276,-11.755485893416928,4.0,4.0,4.0,4.0,5.0,5.0,5.0,1.0,1.0,2.0,2.0,,1,1,1,1,1,1,0,0,1,1
sz002291,2025-09-16,retest_probe,3,重新试盘,1,-2.5796661608497695,-0.4552352048558417,-2.8831562974203306,1,-5.159332321699539,-0.4552352048558417,-7.132018209408186,1,-8.952959028831565,-0.4552352048558417,-10.318664643399089,1,0.4552352048558417,10.9256449165402,-10.318664643399089,1,7.132018209408186,11.836115326251907,-10.318664643399089,1,7.132018209408186,11.836115326251907,-10.318664643399089,8.0,9.0,9.0,9.0,9.0,,,2.0,2.0,5.0,5.0,,1,1,1,1,1,1,0,0,1,1
sz002291,2025-11-24,retest_probe,4,重新试盘,1,-1.0322580645161339,2.4516129032258194,-2.580645161290329,1,-0.1290322580645098,19.741935483870954,-3.3548387096774213,1,-3.483870967741931,19.741935483870954,-6.838709677419363,1,-11.096774193548386,19.741935483870954,-14.709677419354838,1,-18.58064516129033,19.741935483870954,-21.41935483870968,0,,,,1.0,2.0,2.0,2.0,3.0,3.0,,2.0,4.0,7.0,7.0,13.0,1,1,1,1,1,1,0,0,0,0
sz002298,2025-10-16,first_probe,1,首次试盘,1,-10.007468259895447,0.0,-10.007468259895447,1,-10.455563853622108,0.0,-13.666915608663178,1,-14.7124719940254,0.0,-16.280806572068705,1,-12.247946228528761,0.0,-16.280806572068705,1,-4.032860343539957,0.821508588498876,-16.280806572068705,1,-24.122479462285284,3.808812546676621,-24.570575056011958,1.0,24.0,,,,,,1.0,1.0,1.0,1.0,5.0,1,1,0,0,1,1,0,0,1,1
sz002300,2024-11-05,first_probe,1,首次试盘,1,1.2658227848101111,4.339963833634708,-1.446654611211573,1,1.6274864376130127,4.339963833634708,-1.446654611211573,1,1.8083182640144635,4.339963833634708,-1.446654611211573,1,-1.446654611211573,4.339963833634708,-4.520795660036169,1,7.775768535262206,9.041591320072339,-4.520795660036169,1,-3.4358047016274984,10.126582278481,-4.882459312839071,1.0,1.0,19.0,20.0,25.0,,,9.0,,,,,1,1,1,1,0,0,0,0,0,0
sz002302,2024-09-19,first_probe,1,首次试盘,1,-3.0088495575221197,-1.415929203539823,-3.539823008849563,1,-0.707964601769917,-0.5309734513274433,-4.601769911504439,1,6.5486725663716605,6.725663716814156,-4.601769911504439,1,23.008849557522115,31.150442477876105,-4.601769911504439,1,27.96460176991151,58.40707964601768,-4.601769911504439,1,28.141592920353986,58.40707964601768,-4.601769911504439,4.0,4.0,4.0,6.0,6.0,7.0,7.0,1.0,,,,,1,1,1,1,0,0,0,0,0,0
sz002302,2024-12-23,retest_probe,2,重新试盘,1,1.379310344827589,2.758620689655178,-1.7931034482758568,1,-2.758620689655178,2.758620689655178,-4.137931034482756,1,-3.5862068965517246,2.758620689655178,-4.137931034482756,1,-14.068965517241372,2.758620689655178,-16.137931034482754,1,-17.37931034482758,2.758620689655178,-20.137931034482758,1,-11.310344827586217,2.758620689655178,-20.137931034482758,1.0,,,,,,,2.0,6.0,6.0,7.0,8.0,1,1,0,0,1,1,0,0,1,1
sz002306,2024-12-24,first_probe,1,首次试盘,1,-6.172839506172845,0.92592592592593,-9.876543209876553,1,-3.703703703703709,1.2345679012345512,-9.876543209876553,1,-11.111111111111116,1.2345679012345512,-11.728395061728403,1,-13.271604938271608,2.777777777777768,-18.827160493827165,1,-24.691358024691368,2.777777777777768,-25.308641975308653,1,-11.111111111111116,2.777777777777768,-38.88888888888889,1.0,,,,,,,1.0,1.0,1.0,4.0,8.0,1,1,0,0,1,1,0,0,1,1
sz002306,2025-02-18,retest_probe,2,重新试盘,1,0.363636363636366,1.454545454545464,-4.3636363636363695,1,-4.3636363636363695,1.454545454545464,-6.545454545454554,1,-4.3636363636363695,1.454545454545464,-8.363636363636362,1,-2.5454545454545396,10.18181818181818,-8.363636363636362,1,22.545454545454557,30.181818181818176,-8.363636363636362,1,-23.272727272727277,35.63636363636364,-23.272727272727277,1.0,7.0,8.0,8.0,8.0,19.0,20.0,1.0,3.0,5.0,28.0,29.0,1,1,1,1,1,1,0,0,1,1
sz002306,2025-04-10,retest_probe,3,重新试盘,1,-2.857142857142869,0.40816326530610514,-4.489795918367356,1,-9.387755102040817,0.40816326530610514,-9.387755102040817,1,-18.36734693877552,0.40816326530610514,-18.36734693877552,1,-29.795918367346943,0.40816326530610514,-30.204081632653068,1,-29.387755102040824,0.40816326530610514,-36.73469387755103,1,-18.36734693877552,0.40816326530610514,-36.73469387755103,1.0,,,,,,,1.0,2.0,2.0,4.0,5.0,1,1,0,0,1,1,0,0,1,1
sz002307,2024-11-15,first_probe,1,首次试盘,1,-2.6634382566586012,1.6949152542373058,-4.600484261501214,1,-1.6949152542372947,1.6949152542373058,-6.0532687651331685,1,-4.600484261501214,1.6949152542373058,-6.0532687651331685,1,0.4842615012106588,3.3898305084745672,-7.506053268765134,1,1.2106537530266248,10.169491525423723,-7.506053268765134,1,-17.67554479418886,17.9176755447942,-18.401937046004836,1.0,10.0,17.0,17.0,17.0,28.0,,1.0,2.0,32.0,32.0,34.0,1,1,1,1,1,1,0,0,1,1
sz002307,2025-08-13,retest_probe,2,重新试盘,1,-10.035211267605625,-1.4084507042253502,-10.035211267605625,1,-14.084507042253513,-1.4084507042253502,-16.021126760563387,1,-15.492957746478876,-1.4084507042253502,-16.901408450704224,1,-17.957746478873236,-1.4084507042253502,-17.957746478873236,1,-16.19718309859155,-1.4084507042253502,-21.478873239436613,1,-12.323943661971814,-1.4084507042253502,-23.767605633802813,,,,,,,,1.0,1.0,1.0,1.0,2.0,0,0,0,0,1,1,1,1,1,1
sz002309,2025-07-09,first_probe,1,首次试盘,1,-6.182795698924726,-0.26881720430108613,-7.795698924731187,1,-10.483870967741938,1.6129032258064502,-11.290322580645174,1,-12.096774193548388,1.6129032258064502,-13.978494623655912,1,-12.903225806451612,1.6129032258064502,-13.978494623655912,1,-13.440860215053762,1.6129032258064502,-16.129032258064512,1,-17.741935483870975,1.6129032258064502,-17.741935483870975,2.0,,,,,,,1.0,1.0,3.0,3.0,14.0,1,1,0,0,1,1,0,0,1,1
sz002309,2025-07-11,continuous_probe,2,连续试盘,1,-5.665722379603388,-1.6997167138810054,-6.515580736543914,1,-7.365439093484416,-1.6997167138810054,-9.348441926345597,1,-7.082152974504252,-1.6997167138810054,-9.348441926345597,1,-9.065155807365432,-1.6997167138810054,-9.348441926345597,1,-7.082152974504252,-1.6997167138810054,-11.614730878186963,1,-10.76487252124646,-1.6997167138810054,-13.881019830028318,,,,,,,,1.0,1.0,2.0,12.0,,0,0,0,0,1,1,1,1,1,1
sz002310,2024-12-06,first_probe,1,首次试盘,1,-4.109589041095885,-2.2831050228310446,-5.022831050228305,1,-4.5662100456621,-2.2831050228310446,-8.219178082191792,1,-4.109589041095885,-1.3698630136986245,-8.219178082191792,1,-4.109589041095885,-0.45662100456620447,-8.219178082191792,1,-24.200913242009136,-0.45662100456620447,-28.31050228310502,1,-20.091324200913242,-0.45662100456620447,-28.31050228310502,,,,,,,,1.0,1.0,2.0,12.0,17.0,0,0,0,0,1,1,1,1,1,1
sz002312,2025-05-27,first_probe,1,首次试盘,1,-3.267411865864156,-0.7738607050731039,-3.6113499570077368,1,-3.6113499570077368,-0.7738607050731039,-4.385210662080841,1,-2.4075666380051652,-0.7738607050731039,-4.557179707652637,1,-2.579535683576961,-0.6878761822871837,-4.557179707652637,1,0.7738607050730817,3.009458297506451,-4.729148753224422,1,-0.7738607050731039,3.009458297506451,-4.729148753224422,12.0,19.0,,,,,,1.0,,,,,1,1,0,0,0,0,1,0,0,0
sz002313,2025-06-04,first_probe,1,首次试盘,1,0.7611798287345373,1.4272121788772685,-3.4253092293054177,1,-4.662226450999052,2.5689819219790744,-6.755470980019018,1,-3.9010466222645146,2.5689819219790744,-9.134157944814458,1,-10.180780209324459,2.5689819219790744,-12.274024738344425,1,-5.3282588011417715,8.468125594671738,-17.031398667935292,1,-7.897240723120835,8.468125594671738,-17.031398667935292,1.0,19.0,19.0,19.0,,,,1.0,2.0,4.0,10.0,12.0,1,1,1,1,1,1,0,0,1,1
sz002316,2025-06-13,first_probe,1,首次试盘,1,1.6632016632016633,2.2869022869022926,-2.2869022869022704,1,6.2370062370062485,7.484407484407485,-2.2869022869022704,1,-1.663201663201641,7.484407484407485,-2.2869022869022704,1,3.7422037422037535,7.484407484407485,-3.7422037422037313,1,10.81081081081081,16.008316008316026,-3.7422037422037313,1,12.05821205821207,16.008316008316026,-3.7422037422037313,1.0,2.0,2.0,12.0,12.0,19.0,,6.0,,,,,1,1,1,1,0,0,0,0,0,0
sz002319,2024-12-16,first_probe,1,首次试盘,1,-0.8384146341463339,-0.304878048780477,-4.2682926829268215,1,-2.4390243902438935,4.115853658536595,-4.2682926829268215,1,-13.338414634146345,4.115853658536595,-14.253048780487799,1,-18.064024390243894,4.115853658536595,-22.02743902439024,1,-18.90243902439024,4.115853658536595,-24.61890243902438,1,-16.99695121951219,4.115853658536595,-24.61890243902438,2.0,2.0,,,,,,1.0,4.0,5.0,5.0,6.0,1,1,0,0,1,1,0,0,1,1
sz002320,2024-10-15,first_probe,1,首次试盘,1,-0.5597014925373234,0.3731343283581934,-3.171641791044777,1,-0.1865671641791189,1.1194029850746245,-3.358208955223896,1,1.1194029850746245,1.1194029850746245,-3.358208955223896,1,4.104477611940283,7.462686567164178,-3.358208955223896,1,16.604477611940283,23.320895522388053,-3.358208955223896,1,20.149253731343286,38.24626865671641,-3.358208955223896,1.0,6.0,8.0,12.0,12.0,15.0,17.0,1.0,,,,,1,1,1,1,0,0,0,0,0,0
sz002321,2024-12-13,first_probe,1,首次试盘,1,10.135135135135132,10.135135135135132,0.33783783783785104,1,5.743243243243246,19.594594594594604,0.33783783783785104,1,3.040540540540526,19.594594594594604,-4.391891891891886,1,-13.17567567567568,19.594594594594604,-17.229729729729726,1,-26.01351351351352,19.594594594594604,-28.040540540540547,1,-19.256756756756754,19.594594594594604,-28.040540540540547,1.0,1.0,1.0,1.0,1.0,2.0,,5.0,6.0,7.0,7.0,8.0,1,1,1,1,1,1,0,0,0,0
sz002321,2024-12-20,continuous_probe,2,连续试盘,1,-9.836065573770492,-2.6229508196721207,-9.836065573770492,1,-19.34426229508196,-2.6229508196721207,-19.672131147540973,1,-15.73770491803279,-2.6229508196721207,-19.672131147540973,1,-25.573770491803273,-2.6229508196721207,-29.508196721311474,1,-23.606557377049175,-2.6229508196721207,-30.16393442622951,1,-9.836065573770492,-2.6229508196721207,-30.16393442622951,,,,,,,,1.0,1.0,1.0,2.0,2.0,0,0,0,0,1,1,1,1,1,1
sz002321,2025-09-12,retest_probe,3,重新试盘,1,-1.0344827586206806,0.6896551724137945,-2.4137931034482696,1,-1.724137931034475,0.6896551724137945,-2.758620689655178,1,-4.137931034482767,0.6896551724137945,-4.827586206896561,1,1.379310344827589,6.896551724137945,-4.827586206896561,1,-1.724137931034475,6.896551724137945,-4.827586206896561,1,12.068965517241391,18.965517241379317,-7.586206896551717,1.0,8.0,8.0,35.0,36.0,36.0,,4.0,23.0,,,,1,1,1,1,1,0,0,0,0,0
sz002321,2025-11-14,retest_probe,4,重新试盘,1,-1.812688821752273,3.0211480362537735,-2.4169184290030232,1,6.042296072507547,6.042296072507547,-5.740181268882171,1,-2.114803625377637,16.616314199395752,-5.740181268882171,1,-16.012084592145026,16.616314199395752,-18.126888217522662,1,-27.49244712990937,16.616314199395752,-27.49244712990937,0,,,,1.0,1.0,3.0,4.0,4.0,4.0,,2.0,2.0,6.0,6.0,7.0,1,1,1,1,1,1,0,0,1,0
sz002323,2025-07-08,first_probe,1,首次试盘,1,0.5952380952380931,1.1904761904761862,-2.3809523809523836,1,0.5952380952380931,2.3809523809523725,-2.3809523809523836,1,-4.166666666666652,2.3809523809523725,-5.952380952380942,1,-1.1904761904761862,2.3809523809523725,-5.952380952380942,1,-2.9761904761904767,4.166666666666674,-5.952380952380942,1,14.28571428571428,18.452380952380953,-5.952380952380942,1.0,12.0,29.0,29.0,30.0,30.0,,5.0,5.0,,,,1,1,1,1,1,0,0,0,1,0
sz002326,2025-11-06,first_probe,1,首次试盘,1,10.026109660574424,10.026109660574424,-0.20887728459529908,1,30.75718015665796,30.75718015665796,-0.20887728459529908,1,56.396866840731086,56.396866840731086,-0.20887728459529908,1,46.109660574412544,72.32375979112274,-0.20887728459529908,1,19.582245430809397,72.32375979112274,-0.20887728459529908,0,,,,1.0,1.0,1.0,1.0,1.0,2.0,2.0,,,,,,1,1,1,1,0,0,0,0,0,0
sz002328,2024-12-09,first_probe,1,首次试盘,1,-0.16286644951140072,2.28013029315961,-1.140065146579794,1,0.9771986970684043,2.442996742671011,-1.3029315960912058,1,-1.140065146579794,2.442996742671011,-2.7687296416938123,1,-8.469055374592827,2.442996742671011,-8.957654723127028,1,-8.306188925081425,3.9087947882736174,-14.657980456026054,1,1.4657980456026287,3.9087947882736174,-16.12377850162865,1.0,16.0,,,,,,6.0,6.0,10.0,18.0,24.0,1,1,0,0,1,1,0,0,1,1
sz002339,2024-09-24,first_probe,1,首次试盘,1,0.16420361247946325,1.806239737274229,-2.6272577996716007,1,4.10509031198687,5.090311986863716,-3.1198686371100126,1,19.047619047619047,23.481116584564866,-3.1198686371100126,1,3.776683087027921,23.481116584564866,-3.1198686371100126,1,12.151067323481124,23.481116584564866,-3.1198686371100126,1,22.003284072249585,27.58620689655171,-3.1198686371100126,1.0,3.0,3.0,4.0,4.0,5.0,5.0,2.0,,,,,1,1,1,1,0,0,0,0,0,0
sz002339,2024-12-20,retest_probe,2,重新试盘,1,-9.999999999999998,-2.117647058823524,-9.999999999999998,1,-16.117647058823525,-2.117647058823524,-17.41176470588236,1,-13.058823529411768,-2.117647058823524,-17.41176470588236,1,-24.588235294117645,-2.117647058823524,-27.41176470588236,1,-17.76470588235294,-2.117647058823524,-27.764705882352946,1,-8.94117647058823,-2.117647058823524,-27.764705882352946,,,,,,,,1.0,1.0,1.0,2.0,3.0,0,0,0,0,1,1,1,1,1,1
sz002342,2025-04-01,first_probe,1,首次试盘,1,-6.864564007421148,-3.153988868274582,-10.018552875695729,1,-22.82003710575139,-3.153988868274582,-22.82003710575139,1,-19.294990723562154,-3.153988868274582,-28.7569573283859,1,-21.892393320964743,-3.153988868274582,-28.7569573283859,1,-15.027829313543595,-3.153988868274582,-28.7569573283859,1,7.421150278293132,16.69758812615956,-28.7569573283859,23.0,23.0,27.0,38.0,38.0,39.0,,1.0,1.0,1.0,1.0,3.0,1,1,1,1,1,1,1,1,1,1
sz002342,2025-10-20,retest_probe,2,重新试盘,1,-0.9324009324009341,2.447552447552437,-2.0979020979020935,1,-8.041958041958042,2.447552447552437,-8.508158508158514,1,-4.662004662004671,2.447552447552437,-8.508158508158514,1,-6.876456876456871,2.447552447552437,-8.624708624708632,1,-10.023310023310028,2.447552447552437,-13.752913752913754,1,-14.801864801864806,2.447552447552437,-17.132867132867126,1.0,,,,,,,2.0,2.0,3.0,16.0,24.0,1,1,0,0,1,1,0,0,1,1
sz002342,2025-11-19,retest_probe,3,重新试盘,1,-3.116883116883118,-1.81818181818183,-3.116883116883118,1,-4.935064935064936,-1.81818181818183,-7.662337662337659,1,-6.493506493506496,-1.81818181818183,-7.662337662337659,1,-4.545454545454552,-1.81818181818183,-7.662337662337659,1,-9.870129870129862,-1.81818181818183,-12.337662337662337,0,,,,25.0,27.0,27.0,27.0,29.0,30.0,30.0,1.0,2.0,19.0,20.0,,1,1,1,1,1,1,1,1,1,1
sz002345,2025-02-17,first_probe,1,首次试盘,1,-2.2108843537414935,1.3605442176870763,-2.2108843537414935,1,12.244897959183664,13.265306122448983,-2.2108843537414935,1,12.244897959183664,14.62585034013606,-2.2108843537414935,1,12.074829931972797,19.727891156462583,-2.2108843537414935,1,47.10884353741498,62.75510204081633,-2.2108843537414935,1,59.35374149659862,62.75510204081633,-2.2108843537414935,1.0,2.0,2.0,3.0,3.0,6.0,12.0,,,,,,1,1,1,1,0,0,0,0,0,0
sz002348,2024-11-29,first_probe,1,首次试盘,1,-0.23640661938535423,4.964539007092195,-4.728132387706863,1,-5.437352245862892,4.964539007092195,-5.910165484633579,1,4.964539007092195,10.401891252955075,-7.092198581560294,1,15.839243498817957,19.621749408983426,-7.092198581560294,1,-24.34988179669031,19.621749408983426,-26.4775413711584,1,-23.64066193853429,19.621749408983426,-36.64302600472813,1.0,1.0,5.0,5.0,5.0,7.0,,1.0,3.0,14.0,16.0,16.0,1,1,1,1,1,1,0,0,1,0
sz002348,2025-01-15,retest_probe,2,重新试盘,1,9.904153354632594,9.904153354632594,-0.9584664536741117,1,5.111821086261981,11.501597444089473,-0.9584664536741117,1,1.2779552715654896,11.501597444089473,-0.9584664536741117,1,7.028753993610226,11.501597444089473,-0.9584664536741117,1,27.795527156549515,27.795527156549515,-0.9584664536741117,1,20.766773162939288,35.78274760383386,-0.9584664536741117,1.0,1.0,1.0,1.0,2.0,13.0,13.0,,,,,,1,1,1,1,0,0,0,0,0,0
sz002348,2025-02-19,retest_probe,3,重新试盘,1,9.890109890109876,9.890109890109876,-0.5494505494505475,1,6.318681318681318,10.439560439560424,-0.5494505494505475,1,6.868131868131866,11.813186813186816,-0.5494505494505475,1,4.9450549450549275,16.758241758241766,-0.5494505494505475,1,5.219780219780223,16.758241758241766,-0.5494505494505475,1,-12.362637362637363,16.758241758241766,-28.296703296703306,1.0,1.0,1.0,1.0,2.0,6.0,,23.0,23.0,28.0,28.0,32.0,1,1,1,1,1,1,0,0,0,0
sz002348,2025-04-15,retest_probe,4,重新试盘,1,-2.1341463414634054,1.5243902439024515,-3.963414634146334,1,-2.1341463414634054,1.5243902439024515,-4.2682926829268215,1,-2.4390243902438935,1.5243902439024515,-4.2682926829268215,1,-3.963414634146334,3.658536585365857,-5.182926829268286,1,4.878048780487809,9.756097560975618,-5.182926829268286,1,29.87804878048781,31.09756097560976,-5.182926829268286,1.0,9.0,14.0,14.0,22.0,22.0,37.0,1.0,8.0,,,,1,1,1,1,1,0,0,0,1,0
sz002348,2025-09-12,retest_probe,5,重新试盘,1,1.526717557251911,3.307888040712448,-0.5089058524173073,1,2.035623409669207,5.852417302798973,-0.5089058524173073,1,-1.7811704834605702,5.852417302798973,-2.5445292620865145,1,-1.7811704834605702,5.852417302798973,-7.888040712468191,1,7.379134860050884,8.396946564885477,-7.888040712468191,1,18.575063613231556,25.190839694656475,-7.888040712468191,1.0,1.0,2.0,20.0,21.0,25.0,32.0,6.0,6.0,,,,1,1,1,1,1,0,0,0,0,0
sz002354,2025-05-12,first_probe,1,首次试盘,1,-3.750000000000009,1.1111111111111072,-4.1666666666666625,1,-8.750000000000002,1.1111111111111072,-9.166666666666668,1,-7.638888888888884,1.1111111111111072,-9.583333333333343,1,-9.999999999999998,1.1111111111111072,-12.63888888888889,1,-10.138888888888896,1.1111111111111072,-13.888888888888884,1,-9.027777777777779,1.1111111111111072,-18.61111111111111,1.0,,,,,,,1.0,2.0,3.0,9.0,26.0,1,1,0,0,1,1,0,0,1,1
sz002355,2025-02-10,first_probe,1,首次试盘,1,-1.2195121951219523,0.5420054200542035,-2.981029810298097,1,-2.57452574525745,0.5420054200542035,-2.981029810298097,1,-2.0325203252032464,0.5420054200542035,-3.387533875338755,1,-2.7100271002710064,0.5420054200542035,-5.1490514905149,1,-1.6260162601625994,2.981029810298108,-8.130081300813007,1,-28.72628726287263,5.284552845528445,-30.216802168021673,1.0,28.0,28.0,,,,,5.0,6.0,16.0,32.0,35.0,1,1,1,0,1,1,0,0,1,1
sz002356,2024-10-18,first_probe,1,首次试盘,1,4.113924050632911,6.962025316455689,-3.4810126582278555,1,1.2658227848101333,6.962025316455689,-3.4810126582278555,1,4.746835443037978,6.962025316455689,-3.4810126582278555,1,1.8987341772152,11.708860759493668,-3.4810126582278555,1,14.556962025316444,14.873417721518978,-3.4810126582278555,1,32.59493670886076,53.79746835443038,-3.4810126582278555,1.0,1.0,1.0,9.0,9.0,21.0,21.0,1.0,,,,,1,1,1,1,0,0,0,0,0,0
sz002360,2025-05-26,first_probe,1,首次试盘,1,-1.3565891472868241,-0.387596899224818,-2.7131782945736593,1,-1.3565891472868241,-0.387596899224818,-2.9069767441860517,1,-0.7751937984496138,-0.19379844961240345,-2.9069767441860517,1,2.3255813953488413,8.52713178294573,-2.9069767441860517,1,3.2945736434108586,8.52713178294573,-4.651162790697683,1,24.418604651162788,24.418604651162788,-4.651162790697683,6.0,6.0,6.0,6.0,39.0,40.0,40.0,17.0,,,,,1,1,1,1,0,0,0,0,0,0
sz002361,2024-12-03,first_probe,1,首次试盘,1,-2.8508771929824595,1.0964912280701844,-3.50877192982455,1,0.0,1.7543859649122862,-3.9473684210526216,1,5.701754385964919,5.701754385964919,-3.9473684210526216,1,-6.359649122807021,6.359649122807021,-6.798245614035081,1,19.517543859649145,19.517543859649145,-12.71929824561403,1,12.061403508771939,40.570175438596515,-12.71929824561403,1.0,5.0,5.0,19.0,20.0,20.0,21.0,1.0,10.0,12.0,14.0,,1,1,1,1,1,1,0,0,0,1
sz002363,2025-09-26,first_probe,1,首次试盘,1,0.5089058524172962,1.2722646310432628,-2.2900763358778664,1,-3.9440203562341014,1.2722646310432628,-4.19847328244275,1,-4.325699745547085,1.2722646310432628,-8.905852417302807,1,-0.7633587786259555,1.2722646310432628,-8.905852417302807,1,9.160305343511443,11.704834605597947,-8.905852417302807,1,17.811704834605592,19.59287531806615,-8.905852417302807,1.0,12.0,13.0,13.0,13.0,28.0,,3.0,5.0,5.0,,,1,1,1,1,1,1,0,0,1,1
sz002364,2025-01-27,first_probe,1,首次试盘,1,-9.962825278810406,-4.386617100371748,-9.962825278810406,1,-5.947955390334569,-3.494423791821555,-14.052044609665415,1,7.583643122676587,10.18587360594796,-14.052044609665415,1,17.472118959107807,32.267657992565056,-14.052044609665415,1,30.706319702602226,52.04460966542752,-14.052044609665415,1,10.18587360594796,52.26765799256508,-14.052044609665415,4.0,4.0,5.0,5.0,5.0,6.0,7.0,1.0,1.0,1.0,2.0,,1,1,1,1,1,1,0,0,1,1
sz002369,2025-04-14,first_probe,1,首次试盘,1,-2.604756511891282,1.925254813137034,-4.077010192525476,1,-7.701019252548125,1.925254813137034,-7.927519818799544,1,-4.983012457531133,1.925254813137034,-7.927519818799544,1,-5.889014722536801,1.925254813137034,-8.720271800679502,1,5.2095130237825416,12.684031710079257,-8.720271800679502,1,-3.284258210645541,12.684031710079257,-8.720271800679502,1.0,13.0,13.0,14.0,15.0,,,1.0,2.0,6.0,,,1,1,1,1,1,1,0,0,1,1
sz002369,2025-08-22,retest_probe,2,重新试盘,1,3.821656050955413,9.008189262966336,-2.456778889899902,1,6.460418562329373,12.55686988171063,-3.0937215650591487,1,1.364877161055511,12.55686988171063,-3.0937215650591487,1,-8.826205641492269,12.55686988171063,-13.011828935395808,1,-10.464058234758877,12.55686988171063,-13.011828935395808,1,-18.47133757961783,12.55686988171063,-23.930846223839865,1.0,1.0,1.0,1.0,3.0,,,2.0,8.0,8.0,9.0,22.0,1,1,1,1,1,1,0,0,0,0
sz002370,2024-12-10,first_probe,1,首次试盘,1,1.0152284263959421,3.045685279187804,-1.269035532994922,1,0.2538071065989911,7.868020304568524,-1.269035532994922,1,-3.0456852791878153,7.868020304568524,-5.837563451776651,1,-19.035532994923855,7.868020304568524,-21.065989847715738,1,-15.228426395939088,7.868020304568524,-27.41116751269036,1,-12.182741116751272,7.868020304568524,-27.41116751269036,1.0,1.0,2.0,,,,,5.0,5.0,7.0,9.0,9.0,1,1,1,0,1,1,0,0,0,1
sz002370,2025-01-09,retest_probe,2,重新试盘,1,-6.727828746177378,0.3058103975535076,-6.727828746177378,1,-6.727828746177378,0.3058103975535076,-12.538226299694188,1,-7.339449541284415,0.3058103975535076,-12.538226299694188,1,0.917431192660545,6.727828746177367,-12.538226299694188,1,6.727828746177367,9.480122324159023,-12.538226299694188,1,5.198776758409784,9.480122324159023,-12.538226299694188,1.0,7.0,7.0,15.0,,,,1.0,1.0,2.0,2.0,,1,1,1,1,1,1,0,0,1,1
sz002370,2025-04-16,retest_probe,3,重新试盘,1,0.9584664536741228,2.2364217252396346,-1.2779552715655007,1,3.833865814696491,5.111821086261981,-1.2779552715655007,1,4.792332268370614,5.7507987220447365,-1.2779552715655007,1,0.0,8.626198083067083,-1.2779552715655007,1,8.626198083067083,9.26517571884984,-1.2779552715655007,1,23.961661341853045,28.43450479233225,-1.2779552715655007,1.0,3.0,3.0,7.0,21.0,30.0,32.0,,,,,,1,1,1,1,0,0,0,0,0,0
sz002374,2024-10-22,first_probe,1,首次试盘,1,4.878048780487809,5.691056910569103,-1.2195121951219412,1,9.756097560975618,13.414634146341475,-1.2195121951219412,1,7.72357723577235,15.040650406504064,-1.2195121951219412,1,15.44715447154472,17.07317073170731,-1.2195121951219412,1,23.57723577235773,59.34959349593496,-1.2195121951219412,1,38.617886178861795,65.85365853658539,-1.2195121951219412,1.0,1.0,1.0,3.0,3.0,5.0,12.0,,,,,,1,1,1,1,0,0,0,0,0,0
sz002374,2025-02-21,retest_probe,2,重新试盘,1,0.366300366300365,2.19780219780219,-1.831501831501825,1,1.46520146520146,2.19780219780219,-1.831501831501825,1,1.831501831501825,8.791208791208804,-1.831501831501825,1,-2.197802197802201,8.791208791208804,-5.860805860805862,1,0.366300366300365,8.791208791208804,-5.860805860805862,1,-9.157509157509159,8.791208791208804,-27.83882783882784,1.0,4.0,5.0,5.0,,,,7.0,8.0,24.0,26.0,30.0,1,1,1,1,1,1,0,0,0,0
sz002374,2025-07-11,retest_probe,3,重新试盘,1,-2.6666666666666727,0.0,-2.9999999999999916,1,-3.6666666666666625,0.0,-6.333333333333336,1,-4.999999999999993,0.0,-6.333333333333336,1,-3.6666666666666625,0.0,-6.333333333333336,1,-6.999999999999995,0.0,-8.333333333333337,1,-4.666666666666675,7.000000000000006,-13.0,1.0,38.0,38.0,,,,,2.0,2.0,16.0,25.0,,1,1,1,0,1,1,0,0,1,1
sz002374,2025-11-05,retest_probe,4,重新试盘,1,-4.53172205438066,0.6042296072507503,-5.135951661631422,1,5.1359516616314105,5.1359516616314105,-6.344410876132933,1,27.190332326283983,27.190332326283983,-6.344410876132933,1,6.646525679758297,39.87915407854985,-6.344410876132933,1,3.0211480362537735,39.87915407854985,-6.344410876132933,1,8.761329305135956,39.87915407854985,-6.344410876132933,1.0,3.0,3.0,4.0,4.0,4.0,5.0,1.0,1.0,,,,1,1,1,1,1,0,0,0,1,0
sz002376,2025-06-09,first_probe,1,首次试盘,1,-2.328767123287667,0.136986301369868,-3.835616438356171,1,18.08219178082191,18.08219178082191,-3.835616438356171,1,14.520547945205475,28.63013698630139,-3.835616438356171,1,0.6849315068493178,28.63013698630139,-3.835616438356171,1,7.9452054794520555,28.63013698630139,-3.835616438356171,1,3.835616438356171,28.63013698630139,-3.835616438356171,1.0,2.0,2.0,3.0,3.0,3.0,4.0,1.0,,,,,1,1,1,1,0,0,0,0,0,0
sz002379,2025-09-12,first_probe,1,首次试盘,1,-3.6243822075782584,0.0,-4.1186161449752845,1,-6.64470071389347,0.0,-8.456891817682589,1,-4.832509610104352,0.0,-9.93959362987371,1,-6.095551894563423,0.0,-10.049423393739708,1,-0.10982976386600951,5.8758923668314145,-10.049423393739708,1,19.000549148819324,28.940142778693012,-10.049423393739708,1.0,17.0,18.0,23.0,24.0,27.0,34.0,1.0,2.0,2.0,7.0,,1,1,1,1,1,1,0,0,1,1
sz002383,2025-04-24,first_probe,1,首次试盘,1,3.488372093023262,3.488372093023262,-2.674418604651163,1,2.4418604651162967,5.581395348837215,-2.674418604651163,1,1.9767441860465196,5.581395348837215,-2.674418604651163,1,1.744186046511631,16.162790697674435,-2.674418604651163,1,7.093023255813957,18.37209302325582,-2.674418604651163,1,19.883720930232563,25.930232558139533,-2.674418604651163,1.0,1.0,3.0,6.0,7.0,7.0,23.0,,,,,,1,1,1,1,0,0,0,0,0,0
sz002389,2025-06-04,first_probe,1,首次试盘,1,-2.5673940949935914,-0.04278990158322893,-3.7227214377406947,1,-4.107830551989733,-0.04278990158322893,-5.391527599486523,1,-3.637141634574248,-0.04278990158322893,-7.10312366281558,1,1.7115960633290461,5.519897304236188,-7.10312366281558,1,5.990586221651695,12.323491655969177,-8.643560119811722,1,8.729139922978169,13.008130081300816,-8.643560119811722,7.0,8.0,10.0,18.0,18.0,,,1.0,2.0,14.0,,,1,1,1,1,1,1,0,0,1,1
sz002398,2025-02-05,first_probe,1,首次试盘,1,-8.392857142857135,-4.642857142857137,-9.999999999999998,1,-1.0714285714285676,1.9642857142857295,-12.857142857142856,1,1.7857142857143016,5.35714285714286,-12.857142857142856,1,13.57142857142859,20.357142857142875,-12.857142857142856,1,-4.821428571428566,20.357142857142875,-12.857142857142856,1,-11.607142857142849,20.357142857142875,-14.821428571428575,2.0,4.0,4.0,7.0,9.0,10.0,10.0,1.0,1.0,1.0,2.0,,1,1,1,1,1,1,0,0,1,1
sz002400,2025-07-10,first_probe,1,首次试盘,1,-2.354399008674102,-1.115241635687736,-2.726146220570025,1,-3.7174721189591198,-1.115241635687736,-5.2044609665427455,1,-3.4696406443618377,-1.115241635687736,-5.2044609665427455,1,-3.345724907063208,-1.115241635687736,-5.4522924411400275,1,-2.726146220570025,-0.12391573729862992,-5.4522924411400275,1,-3.345724907063208,8.674101610904582,-5.4522924411400275,27.0,29.0,29.0,29.0,,,,2.0,3.0,,,,1,1,1,1,1,0,1,1,1,0
sz002402,2025-10-23,first_probe,1,首次试盘,1,8.215187415032045,9.730044668867732,0.6603223926975987,1,6.836278889104674,10.662264517382013,0.6603223926975987,1,9.361040978830836,12.643231695474855,0.6603223926975987,1,-5.80695280637017,15.498154981549806,-10.604000776849876,1,5.923480287434457,15.498154981549806,-12.196543018061757,1,-24.548456010875896,15.498154981549806,-26.568265682656822,1.0,1.0,1.0,1.0,3.0,6.0,,7.0,7.0,8.0,9.0,34.0,1,1,1,1,1,1,0,0,0,0
sz002403,2025-09-05,first_probe,1,首次试盘,1,4.750450992182809,7.456404088995794,-3.7282020444978747,1,4.509921828021657,10.402886349969931,-3.7282020444978747,1,0.30066145520144527,10.402886349969931,-3.7282020444978747,1,-7.456404088995782,10.402886349969931,-7.997594708358379,1,-14.01082381238724,10.402886349969931,-17.618761274804573,1,-18.821407095610343,10.402886349969931,-20.625375826819003,1.0,1.0,1.0,2.0,2.0,,,1.0,7.0,11.0,12.0,20.0,1,1,1,1,1,1,0,0,0,0
sz002404,2025-03-13,first_probe,1,首次试盘,1,3.400309119010836,3.554868624420404,-1.081916537867067,1,2.3183925811437467,3.554868624420404,-1.081916537867067,1,0.9273570324574987,3.554868624420404,-1.081916537867067,1,0.9273570324574987,3.554868624420404,-2.3183925811437356,1,-12.055641421947438,3.554868624420404,-24.42040185471407,1,4.173106646058744,4.173106646058744,-24.42040185471407,1.0,1.0,,,,,,11.0,11.0,16.0,16.0,17.0,1,1,0,0,1,1,0,0,1,1
sz002406,2025-05-08,first_probe,1,首次试盘,1,-2.0539152759948665,1.1553273427471034,-2.8241335044929317,1,-0.25673940949936247,5.6482670089858855,-2.8241335044929317,1,-1.412066752246477,5.6482670089858855,-2.8241335044929317,1,-1.0269576379974388,8.087291399229791,-2.8241335044929317,1,-1.2836970474967901,8.087291399229791,-4.236200256739409,1,-5.006418485237485,8.087291399229791,-12.836970474967913,1.0,2.0,2.0,7.0,,,,12.0,22.0,25.0,29.0,,1,1,1,1,1,1,0,0,0,0
sz002408,2025-05-15,first_probe,1,首次试盘,1,-1.4644351464435212,0.0,-2.301255230125532,1,-1.2552301255230214,0.0,-2.9288702928870425,1,-2.7196652719665204,0.0,-3.765690376569053,1,-3.765690376569053,0.0,-5.230125523012552,1,-3.974895397489553,0.0,-5.230125523012552,1,-1.4644351464435212,1.2552301255229992,-7.740585774058584,1.0,,,,,,,5.0,8.0,,,,1,1,0,0,1,0,0,0,1,0
sz002426,2024-12-02,first_probe,1,首次试盘,1,-5.111821086261969,-0.31948881789136685,-5.750798722044714,1,-3.833865814696491,-0.31948881789136685,-7.028753993610215,1,6.709265175718859,16.293929712460063,-7.028753993610215,1,18.21086261980831,41.853035143769986,-7.028753993610215,1,-10.223642172523961,41.853035143769986,-11.82108626198084,1,-7.348242811501593,41.853035143769986,-18.53035143769969,4.0,4.0,4.0,5.0,5.0,5.0,7.0,1.0,1.0,17.0,17.0,22.0,1,1,1,1,1,1,0,0,1,0
sz002426,2025-02-26,retest_probe,2,重新试盘,1,-3.208556149732622,-1.6042780748663166,-6.149732620320869,1,-5.3475935828877,-1.6042780748663166,-10.69518716577541,1,-1.8716577540107027,-1.0695187165775444,-10.69518716577541,1,0.2673796791443861,6.149732620320858,-10.69518716577541,1,-9.090909090909093,6.149732620320858,-11.764705882352954,1,-29.946524064171122,6.149732620320858,-39.572192513369,6.0,9.0,9.0,,,,,1.0,1.0,2.0,2.0,22.0,1,1,1,0,1,1,0,0,1,1
sz002426,2025-03-03,continuous_probe,3,连续试盘,1,-0.28248587570621764,0.28248587570620654,-3.3898305084745783,1,3.1073446327683607,5.932203389830515,-3.3898305084745783,1,1.9774011299434902,7.34463276836157,-3.3898305084745783,1,5.084745762711873,12.146892655367235,-3.3898305084745783,1,-12.711864406779661,12.146892655367235,-15.254237288135597,1,-27.401129943502834,12.146892655367235,-36.15819209039549,1.0,2.0,3.0,6.0,6.0,,,1.0,16.0,19.0,19.0,20.0,1,1,1,1,1,1,0,0,0,0
sz002428,2025-04-07,first_probe,1,首次试盘,1,2.1470746108427363,5.0993022007514766,-5.636070853462161,1,3.3279656468062413,6.548577563070324,-5.636070853462161,1,6.226516371443913,7.890499194847034,-5.636070853462161,1,2.898550724637694,7.890499194847034,-5.636070853462161,1,4.29414922168545,7.890499194847034,-5.636070853462161,1,1.449275362318847,8.427267847557696,-5.636070853462161,1.0,1.0,1.0,22.0,,,,1.0,1.0,,,,1,1,1,1,1,0,0,0,0,0
sz002431,2024-11-08,first_probe,1,首次试盘,1,-0.40322580645160144,6.048387096774199,-2.4193548387096753,1,-6.854838709677413,6.048387096774199,-8.870967741935488,1,-0.8064516129032251,8.064516129032274,-8.870967741935488,1,-9.677419354838701,8.064516129032274,-9.677419354838701,1,4.435483870967727,8.064516129032274,-15.322580645161288,1,-21.370967741935488,17.741935483870975,-25.0,1.0,1.0,1.0,5.0,23.0,27.0,,2.0,2.0,3.0,11.0,13.0,1,1,1,1,1,1,0,0,0,1
sz002436,2025-03-13,first_probe,1,首次试盘,1,-1.6335227272727293,0.0,-3.90625,1,1.5625,4.119318181818188,-3.90625,1,-6.463068181818188,4.119318181818188,-6.676136363636365,1,-9.517045454545459,4.119318181818188,-11.931818181818176,1,-22.940340909090917,4.119318181818188,-34.232954545454554,1,-9.659090909090907,4.119318181818188,-34.232954545454554,1.0,3.0,,,,,,1.0,5.0,6.0,7.0,12.0,1,1,0,0,1,1,0,0,1,1
sz002437,2025-05-30,first_probe,1,首次试盘,1,-0.6849315068493178,2.0547945205479534,-2.397260273972601,1,-4.452054794520544,2.3972602739726234,-5.47945205479452,1,4.109589041095885,4.109589041095885,-6.5068493150684965,1,3.424657534246589,11.301369863013711,-6.5068493150684965,1,-2.397260273972601,11.301369863013711,-6.5068493150684965,1,16.43835616438356,23.28767123287672,-6.5068493150684965,1.0,5.0,6.0,6.0,6.0,34.0,39.0,3.0,3.0,,,,1,1,1,1,1,0,0,0,1,0
sz002438,2024-10-17,first_probe,1,首次试盘,1,2.6200873362445476,4.8034934497816595,-2.707423580786017,1,15.283842794759828,17.729257641921414,-2.707423580786017,1,12.57641921397381,17.729257641921414,-2.707423580786017,1,18.42794759825328,19.825327510917035,-2.707423580786017,1,18.42794759825328,28.12227074235809,-2.707423580786017,1,12.052401746724906,28.12227074235809,-2.707423580786017,1.0,1.0,2.0,2.0,2.0,3.0,11.0,,,,,,1,1,1,1,0,0,0,0,0,0
sz002441,2025-10-09,first_probe,1,首次试盘,1,0.7551240560949246,1.2944983818770295,-1.6181229773462813,1,-1.2944983818770184,1.2944983818770295,-4.746494066882412,1,2.481121898597638,4.207119741100329,-4.746494066882412,1,2.8047464940668787,4.207119741100329,-4.746494066882412,1,11.111111111111116,12.729234088457385,-4.746494066882412,1,-0.6472491909384925,13.16073354908307,-4.746494066882412,1.0,5.0,16.0,16.0,18.0,,,2.0,,,,,1,1,1,1,0,0,0,0,0,0
sz002442,2025-11-21,first_probe,1,首次试盘,1,2.070063694267521,2.547770700636942,0.31847133757960666,1,3.025477707006363,5.254777070063699,0.31847133757960666,1,5.414012738853491,7.165605095541405,0.31847133757960666,1,9.07643312101909,13.057324840764316,0.31847133757960666,1,0.15923566878981443,13.057324840764316,-5.414012738853502,0,,,,1.0,2.0,3.0,6.0,7.0,,,18.0,18.0,,,,1,1,1,1,1,0,0,0,0,0
sz002443,2025-06-23,first_probe,1,首次试盘,1,-1.3677811550151908,-0.911854103343468,-4.103343465045595,1,-3.039513677811556,-0.455927051671734,-4.103343465045595,1,-3.3434650455926973,-0.455927051671734,-4.4072948328267465,1,1.823708206686936,2.7355623100303816,-4.5592705167173175,1,3.951367781155013,4.5592705167173175,-4.5592705167173175,1,7.446808510638303,9.422492401215798,-4.5592705167173175,8.0,11.0,21.0,35.0,,,,1.0,,,,,1,1,1,1,0,0,0,0,0,0
sz002446,2025-04-23,first_probe,1,首次试盘,1,4.866562009419151,6.436420722135017,-2.5117739403453743,1,0.0,6.436420722135017,-2.5117739403453743,1,0.47095761381477086,6.436420722135017,-2.5117739403453743,1,8.791208791208781,9.733124018838302,-2.5117739403453743,1,6.750392464678168,9.733124018838302,-2.5117739403453743,1,9.733124018838302,11.302982731554145,-2.5117739403453743,1.0,1.0,1.0,10.0,27.0,,,,,,,,1,1,1,1,0,0,0,0,0,0
sz002448,2025-08-05,first_probe,1,首次试盘,1,1.3029315960912058,1.8458197611292082,-0.8686210640608039,1,0.10857763300760048,1.8458197611292082,-0.8686210640608039,1,0.8686210640607817,1.8458197611292082,-0.8686210640608039,1,7.274701411509232,9.66340933767642,-0.8686210640608039,1,16.06948968512485,21.17263843648207,-0.8686210640608039,1,20.41259500542887,28.121606948968502,-0.8686210640608039,1.0,6.0,9.0,10.0,13.0,18.0,20.0,,,,,,1,1,1,1,0,0,0,0,0,0
sz002453,2025-10-17,first_probe,1,首次试盘,1,0.589101620029453,1.9145802650957222,-0.589101620029453,1,0.14727540500736325,3.6818851251841034,-0.589101620029453,1,-1.3254786450662692,3.6818851251841034,-2.5036818851251863,1,-2.798232695139913,3.8291605301914444,-5.154639175257724,1,8.39469808541975,14.432989690721643,-5.154639175257724,1,-4.270986745213545,24.742268041237114,-6.038291605301915,1.0,2.0,18.0,18.0,18.0,24.0,24.0,9.0,9.0,,,,1,1,1,1,1,0,0,0,1,0
sz002455,2024-10-24,first_probe,1,首次试盘,1,2.709677419354839,3.8709677419354938,-0.1290322580645098,1,3.612903225806452,9.161290322580662,-0.1290322580645098,1,3.48387096774192,9.161290322580662,-0.1290322580645098,1,15.612903225806463,17.419354838709666,-0.1290322580645098,1,13.935483870967747,24.51612903225806,-0.1290322580645098,1,3.8709677419354938,24.51612903225806,-0.1290322580645098,1.0,1.0,2.0,3.0,9.0,10.0,14.0,,,,,,1,1,1,1,0,0,0,0,0,0
sz002456,2024-11-01,first_probe,1,首次试盘,1,10.012594458438272,10.012594458438272,-6.738035264483633,1,4.534005037783384,15.8690176322418,-6.738035264483633,1,9.193954659949611,15.8690176322418,-6.738035264483633,1,0.5037783375314797,18.639798488664972,-6.738035264483633,1,-15.680100755667503,18.639798488664972,-18.136020151133504,1,-20.717884130982377,18.639798488664972,-23.677581863979857,1.0,1.0,1.0,1.0,1.0,2.0,,1.0,1.0,12.0,17.0,18.0,1,1,1,1,1,1,0,0,0,0
sz002470,2025-02-24,first_probe,1,首次试盘,1,-2.9126213592232997,0.9708737864077666,-3.398058252427183,1,-3.398058252427183,0.9708737864077666,-4.8543689320388435,1,-6.310679611650494,0.9708737864077666,-7.281553398058261,1,-9.223300970873783,0.9708737864077666,-9.223300970873783,1,-12.135922330097081,0.9708737864077666,-13.592233009708742,1,-17.47572815533981,0.9708737864077666,-24.271844660194176,1.0,,,,,,,1.0,4.0,7.0,11.0,25.0,1,1,0,0,1,1,0,0,1,1
sz002474,2024-11-05,first_probe,1,首次试盘,1,0.31496062992126816,3.149606299212593,-0.7874015748031482,1,7.401574803149624,14.803149606299225,-1.5748031496062964,1,12.913385826771663,19.685039370078748,-1.5748031496062964,1,-1.1023622047244053,19.685039370078748,-5.1968503937007915,1,13.70078740157481,19.685039370078748,-5.1968503937007915,1,-5.6692913385826715,43.937007874015755,-5.826771653543295,1.0,1.0,2.0,2.0,2.0,4.0,25.0,9.0,10.0,,,,1,1,1,1,1,0,0,0,0,0
sz002476,2025-08-21,first_probe,1,首次试盘,1,-1.7452006980802848,1.2216404886561838,-2.443280977312401,1,-1.919720767888311,1.2216404886561838,-3.664921465968596,1,-7.853403141361259,1.2216404886561838,-10.645724258289713,1,-3.4904013961605584,1.2216404886561838,-10.645724258289713,1,5.410122164048858,5.410122164048858,-10.645724258289713,1,3.664921465968596,12.390924956369975,-10.645724258289713,1.0,20.0,20.0,31.0,31.0,,,2.0,4.0,5.0,5.0,,1,1,1,1,1,1,0,0,1,1
sz002476,2025-09-19,retest_probe,2,重新试盘,1,-1.1824324324324342,1.520270270270263,-2.533783783783794,1,-2.195945945945943,1.6891891891891886,-6.081081081081086,1,-3.378378378378377,1.6891891891891886,-6.081081081081086,1,3.040540540540526,7.094594594594583,-6.756756756756765,1,-1.0135135135135087,8.783783783783793,-6.756756756756765,1,3.040540540540526,8.783783783783793,-6.756756756756765,1.0,10.0,10.0,11.0,,,,2.0,2.0,,,,1,1,1,1,1,0,0,0,1,0
sz002478,2024-12-20,first_probe,1,首次试盘,1,-3.136531365313655,0.5535055350553542,-3.5055350553505393,1,-0.5535055350553542,0.5535055350553542,-3.5055350553505393,1,0.7380073800737907,2.398523985239853,-3.5055350553505393,1,-4.428044280442811,2.398523985239853,-5.719557195571944,1,-6.642066420664216,2.398523985239853,-10.516605166051662,1,-7.380073800738018,2.398523985239853,-10.516605166051662,1.0,,,,,,,1.0,9.0,12.0,15.0,,1,1,0,0,1,1,0,0,1,1
sz002479,2025-04-22,first_probe,1,首次试盘,1,-1.679104477611959,2.238805970149249,-2.425373134328357,1,6.5298507462686395,10.634328358208943,-2.425373134328357,1,-0.7462686567164201,10.634328358208943,-2.425373134328357,1,-1.8656716417910557,10.634328358208943,-4.104477611940305,1,-5.4104477611940265,10.634328358208943,-5.4104477611940265,1,-8.768656716417922,10.634328358208943,-9.888059701492546,1.0,3.0,3.0,3.0,3.0,,,6.0,20.0,38.0,,,1,1,1,1,1,1,0,0,0,0
sz002482,2025-09-02,first_probe,1,首次试盘,1,-2.1390374331550777,2.1390374331550666,-2.67379679144385,1,-0.5347593582887722,2.1390374331550666,-3.7433155080213942,1,-0.5347593582887722,2.1390374331550666,-3.7433155080213942,1,7.486631016042766,8.021390374331538,-3.7433155080213942,1,-6.417112299465244,14.438502673796783,-8.02139037433156,1,1.6042780748662944,17.647058823529417,-8.02139037433156,1.0,8.0,8.0,9.0,12.0,32.0,,2.0,15.0,19.0,,,1,1,1,1,1,1,0,0,0,0
sz002482,2025-09-18,retest_probe,2,重新试盘,1,-4.5000000000000036,1.0000000000000009,-5.500000000000005,1,-9.499999999999996,1.0000000000000009,-11.5,1,-11.5,1.0000000000000009,-12.0,1,-10.499999999999998,1.0000000000000009,-14.000000000000002,1,-2.500000000000002,10.000000000000009,-14.000000000000002,1,-9.999999999999998,10.000000000000009,-14.000000000000002,1.0,19.0,20.0,20.0,20.0,,,1.0,1.0,3.0,3.0,,1,1,1,1,1,1,0,0,1,1
sz002487,2025-01-17,first_probe,1,首次试盘,1,-1.0055304172951196,1.3071895424836555,-1.4580191050779234,1,1.9105077928607272,3.066867772750115,-1.7094017094017033,1,0.9552538964303636,3.066867772750115,-1.7094017094017033,1,1.1563599798893875,3.066867772750115,-3.6199095022624417,1,-0.8547008547008628,3.066867772750115,-3.6199095022624417,1,21.317244846656603,26.194067370537955,-3.6199095022624417,1.0,3.0,25.0,25.0,25.0,36.0,39.0,8.0,,,,,1,1,1,1,0,0,0,0,0,0
sz002489,2025-04-29,first_probe,1,首次试盘,1,4.179104477611939,6.865671641791038,2.3880597014925398,1,8.955223880597018,13.432835820895516,2.3880597014925398,1,8.059701492537318,13.432835820895516,2.3880597014925398,1,24.477611940298495,32.23880597014923,2.3880597014925398,1,13.134328358208958,32.23880597014923,2.3880597014925398,1,9.253731343283578,32.23880597014923,2.3880597014925398,1.0,1.0,1.0,2.0,3.0,7.0,9.0,,,,,,1,1,1,1,0,0,0,0,0,0
sz002491,2024-11-21,first_probe,1,首次试盘,1,-2.16450216450218,4.112554112554112,-2.3809523809523836,1,-2.3809523809523836,4.112554112554112,-5.411255411255411,1,-0.8658008658008698,4.112554112554112,-5.411255411255411,1,3.0303030303030276,4.112554112554112,-5.411255411255411,1,5.627705627705626,7.3593073593073655,-5.411255411255411,1,-3.2467532467532534,29.87012987012987,-14.28571428571429,1.0,1.0,13.0,21.0,21.0,21.0,26.0,2.0,2.0,30.0,31.0,,1,1,1,1,1,1,0,0,1,1
sz002491,2025-01-08,retest_probe,2,重新试盘,1,0.22421524663676085,2.914798206278024,-2.0179372197309364,1,-5.829596412556048,2.914798206278024,-10.986547085201792,1,1.1210762331838486,2.914798206278024,-10.986547085201792,1,2.2421524663676973,4.932735426008961,-10.986547085201792,1,10.089686098654704,12.780269058295968,-10.986547085201792,1,15.246636771300448,22.64573991031389,-10.986547085201792,1.0,6.0,11.0,11.0,12.0,22.0,26.0,2.0,2.0,3.0,3.0,,1,1,1,1,1,1,0,0,1,1
sz002492,2025-06-20,first_probe,1,首次试盘,1,4.318936877076429,8.97009966777409,1.82724252491695,1,-1.9933554817275656,8.97009966777409,-3.6544850498338777,1,-2.9900332225913595,8.97009966777409,-4.15282392026578,1,-2.491694352159457,8.97009966777409,-4.15282392026578,1,4.485049833887045,8.97009966777409,-4.15282392026578,1,27.740863787375435,31.06312292358804,-4.15282392026578,1.0,1.0,1.0,1.0,25.0,27.0,34.0,3.0,,,,,1,1,1,1,0,0,0,0,0,0
sz002492,2025-06-23,continuous_probe,2,连续试盘,1,-5.732484076433131,-2.866242038216571,-6.050955414012737,1,-7.643312101910837,-2.866242038216571,-8.121019108280269,1,-6.6878980891719735,-2.866242038216571,-8.121019108280269,1,-5.254777070063699,-2.866242038216571,-8.121019108280269,1,2.3885350318471277,3.6624203821655987,-8.121019108280269,1,19.426751592356673,25.636942675159236,-8.121019108280269,13.0,15.0,21.0,24.0,24.0,33.0,35.0,1.0,1.0,3.0,,,1,1,1,1,1,1,1,0,1,1
sz002495,2025-05-14,first_probe,1,首次试盘,1,1.1450381679389166,2.2900763358778553,-0.3816793893129833,1,4.580152671755733,4.961832061068705,-1.9083969465648942,1,4.198473282442738,8.778625954198471,-1.9083969465648942,1,3.8167938931297662,8.778625954198471,-1.9083969465648942,1,1.1450381679389166,9.923664122137389,-1.9083969465648942,1,0.7633587786259444,9.923664122137389,-8.3969465648855,1.0,3.0,4.0,5.0,,,,22.0,25.0,27.0,,,1,1,1,1,1,1,0,0,0,0
sz002495,2025-06-04,retest_probe,2,重新试盘,1,-2.1818181818181848,4.0000000000000036,-2.5454545454545396,1,0.727272727272732,4.727272727272713,-2.5454545454545396,1,-1.4545454545454528,4.727272727272713,-3.6363636363636376,1,-8.000000000000007,4.727272727272713,-8.363636363636362,1,-5.454545454545457,4.727272727272713,-12.727272727272732,1,-1.8181818181818077,4.727272727272713,-12.727272727272732,1.0,1.0,,,,,,4.0,7.0,10.0,11.0,,1,1,0,0,1,1,0,0,1,1
sz002496,2024-09-27,first_probe,1,首次试盘,1,6.493506493506485,7.3593073593073655,1.7316017316017396,1,-5.627705627705626,16.883116883116877,-5.627705627705626,1,-12.987012987013003,16.883116883116877,-14.28571428571429,1,-12.554112554112551,16.883116883116877,-16.01731601731602,1,-6.926406926406936,16.883116883116877,-16.01731601731602,1,-0.8658008658008698,16.883116883116877,-16.01731601731602,1.0,1.0,1.0,2.0,2.0,2.0,,3.0,3.0,4.0,4.0,10.0,1,1,1,1,1,1,0,0,0,0
sz002496,2024-12-10,retest_probe,2,重新试盘,1,5.976095617529897,6.374501992031889,-1.9920318725099584,1,-0.3984063745019806,6.374501992031889,-1.9920318725099584,1,-4.7808764940238895,6.374501992031889,-5.179282868525892,1,-20.717131474103578,6.374501992031889,-23.904382470119522,1,-29.880478087649397,6.374501992031889,-33.86454183266932,1,-35.0597609561753,6.374501992031889,-46.21513944223107,1.0,1.0,1.0,,,,,5.0,5.0,7.0,9.0,9.0,1,1,1,0,1,1,0,0,0,1
sz002501,2024-09-23,first_probe,1,首次试盘,1,0.92592592592593,0.92592592592593,-1.851851851851849,1,10.185185185185164,10.185185185185164,-1.851851851851849,1,27.777777777777768,27.777777777777768,-1.851851851851849,1,12.037037037037024,40.74074074074075,-1.851851851851849,1,37.962962962962955,40.74074074074075,-1.851851851851849,1,50.0,107.40740740740739,-1.851851851851849,1.0,2.0,2.0,2.0,3.0,4.0,5.0,,,,,,1,1,1,1,0,0,0,0,0,0
sz002510,2024-12-10,first_probe,1,首次试盘,1,2.1929824561403466,5.263157894736836,-3.0701754385964897,1,5.84795321637428,12.42690058479532,-3.0701754385964897,1,-5.116959064327475,12.42690058479532,-5.847953216374258,1,-11.695906432748536,12.42690058479532,-14.327485380116956,1,-22.660818713450293,12.42690058479532,-27.046783625730985,1,-13.450292397660812,12.42690058479532,-27.046783625730985,1.0,1.0,1.0,2.0,2.0,,,1.0,5.0,7.0,7.0,15.0,1,1,1,1,1,1,0,0,0,0
sz002510,2024-12-25,retest_probe,2,重新试盘,1,0.31645569620253333,1.8987341772152,-2.2151898734177333,1,-3.639240506329122,2.0569620253164445,-3.797468354430378,1,-11.55063291139241,2.0569620253164445,-12.816455696202544,1,-12.816455696202544,2.0569620253164445,-21.044303797468356,1,-12.9746835443038,2.0569620253164445,-21.044303797468356,1,-9.177215189873422,5.854430379746844,-21.044303797468356,1.0,32.0,32.0,,,,,3.0,4.0,4.0,5.0,6.0,1,1,1,0,1,1,0,0,1,1
sz002512,2025-10-29,first_probe,1,首次试盘,1,-1.7341040462427904,5.587668593448947,-9.441233140655115,1,-9.826589595375735,5.587668593448947,-14.065510597302511,1,1.9267822736030782,6.936416184971095,-14.065510597302511,1,1.9267822736030782,15.028901734104029,-14.065510597302511,1,16.377649325626198,24.66281310211944,-14.065510597302511,1,14.065510597302499,61.271676300578015,-14.065510597302511,1.0,1.0,1.0,9.0,9.0,9.0,14.0,1.0,1.0,1.0,2.0,,1,1,1,1,1,1,0,0,0,1
sz002512,2025-11-19,retest_probe,2,重新试盘,1,-3.0927835051546504,0.0,-8.934707903780081,1,-14.26116838487973,0.0,-19.07216494845362,1,3.7800687285223233,3.7800687285223233,-19.07216494845362,1,-1.2027491408934776,10.137457044673525,-19.07216494845362,1,-0.3436426116838587,43.8144329896907,-19.07216494845362,0,,,,1.0,5.0,6.0,6.0,8.0,12.0,13.0,1.0,1.0,1.0,2.0,3.0,1,1,1,1,1,1,0,0,1,1
sz002514,2025-04-08,first_probe,1,首次试盘,1,4.859813084112163,5.23364485981308,-9.906542056074752,1,9.345794392523366,12.149532710280386,-9.906542056074752,1,10.093457943925245,12.897196261682243,-9.906542056074752,1,8.41121495327104,12.897196261682243,-9.906542056074752,1,-0.747663551401867,12.897196261682243,-19.439252336448597,1,9.906542056074773,27.10280373831777,-19.439252336448597,1.0,1.0,1.0,2.0,2.0,22.0,23.0,1.0,1.0,1.0,15.0,15.0,1,1,1,1,1,1,0,0,0,1
sz002515,2024-09-27,first_probe,1,首次试盘,1,7.1111111111111125,7.55555555555556,-0.22222222222221255,1,-0.666666666666671,16.888888888888886,-0.666666666666671,1,-2.8888888888888853,16.888888888888886,-3.3333333333333437,1,-1.5555555555555656,16.888888888888886,-3.77777777777778,1,3.777777777777769,16.888888888888886,-3.77777777777778,1,10.000000000000009,16.888888888888886,-3.77777777777778,1.0,1.0,1.0,2.0,2.0,2.0,,5.0,,,,,1,1,1,1,0,0,0,0,0,0
sz002515,2025-09-24,retest_probe,2,重新试盘,1,-3.689567430025442,0.3816793893129722,-8.3969465648855,1,0.7633587786259444,7.506361323155208,-8.3969465648855,1,2.2900763358778553,7.506361323155208,-8.3969465648855,1,-11.195928753180661,7.506361323155208,-13.358778625954205,1,-16.030534351145043,7.506361323155208,-18.575063613231546,1,-20.48346055979644,7.506361323155208,-26.081424936386778,1.0,2.0,2.0,,,,,1.0,1.0,1.0,8.0,11.0,1,1,1,0,1,1,0,0,1,1
sz002519,2025-06-18,first_probe,1,首次试盘,1,-4.01529636711283,0.0,-4.780114722753348,1,-0.19120458891014325,1.1472275334607929,-7.839388145315485,1,3.0592734225621365,4.97131931166348,-7.839388145315485,1,3.824091778202665,8.604206500956014,-7.839388145315485,1,-3.824091778202676,10.516252390057357,-7.839388145315485,1,6.883365200764802,10.516252390057357,-7.839388145315485,1.0,5.0,6.0,6.0,11.0,,,1.0,2.0,,,,1,1,1,1,1,0,0,0,1,0
sz002520,2024-12-09,first_probe,1,首次试盘,1,-10.01221001221001,0.0,-10.01221001221001,1,-13.308913308913306,0.0,-15.01831501831501,1,-16.97191697191697,0.0,-18.315018315018307,1,-25.03052503052503,0.0,-25.03052503052503,1,-32.967032967032964,0.0,-36.63003663003662,1,-11.843711843711846,0.0,-36.63003663003662,1.0,,,,,,,1.0,1.0,1.0,1.0,2.0,1,1,0,0,1,1,0,0,1,1
sz002520,2025-04-08,retest_probe,2,重新试盘,1,4.562737642585546,8.745247148288971,-10.076045627376418,1,9.125475285171113,10.836501901140693,-10.076045627376418,1,13.688212927756659,15.209125475285168,-10.076045627376418,1,7.034220532319391,15.209125475285168,-10.076045627376418,1,23.193916349809896,29.467680608365022,-10.076045627376418,1,21.482889733840295,46.38783269961979,-10.076045627376418,1.0,1.0,1.0,1.0,2.0,5.0,19.0,1.0,1.0,1.0,1.0,,1,1,1,1,1,1,0,0,0,0
sz002522,2025-02-27,first_probe,1,首次试盘,1,-10.049423393739708,1.6474464579901094,-10.049423393739708,1,-16.30971993410214,1.6474464579901094,-19.604612850082383,1,-13.34431630971994,1.6474464579901094,-19.604612850082383,1,-16.144975288303133,1.6474464579901094,-19.604612850082383,1,-19.9341021416804,1.6474464579901094,-22.89950576606261,1,-25.205930807248766,1.6474464579901094,-40.85667215815486,1.0,,,,,,,1.0,1.0,1.0,1.0,2.0,1,1,0,0,1,1,0,0,1,1
sz002523,2025-03-21,first_probe,1,首次试盘,1,2.6004728132387633,5.437352245862881,-5.20094562647756,1,-1.1820330969267268,5.437352245862881,-6.382978723404264,1,-9.219858156028382,5.437352245862881,-9.456264775413715,1,-24.34988179669031,5.437352245862881,-24.34988179669031,1,-20.56737588652483,5.437352245862881,-34.75177304964541,1,-14.184397163120577,5.437352245862881,-34.75177304964541,1.0,1.0,1.0,,,,,1.0,1.0,5.0,6.0,6.0,1,1,1,0,1,1,0,0,0,1
sz002523,2025-09-30,retest_probe,2,重新试盘,1,3.6082474226803996,5.670103092783507,-0.5154639175257714,1,5.154639175257736,5.670103092783507,-1.2886597938144284,1,4.89690721649485,6.185567010309279,-1.2886597938144284,1,13.144329896907214,18.29896907216495,-1.2886597938144284,1,17.52577319587627,21.134020618556715,-1.2886597938144284,1,5.154639175257736,21.134020618556715,-1.2886597938144284,1.0,1.0,1.0,9.0,9.0,10.0,20.0,,,,,,1,1,1,1,0,0,0,0,0,0
sz002526,2024-11-06,first_probe,1,首次试盘,1,2.6755852842809347,4.682274247491636,-3.0100334448160626,1,1.0033444816053505,4.682274247491636,-3.0100334448160626,1,-2.6755852842809347,4.682274247491636,-5.35117056856188,1,-5.35117056856188,4.682274247491636,-11.036789297658867,1,60.535117056856166,60.535117056856166,-11.7056856187291,1,16.722408026755843,94.314381270903,-11.7056856187291,1.0,1.0,16.0,16.0,17.0,17.0,17.0,1.0,5.0,7.0,8.0,,1,1,1,1,1,1,0,0,1,1
sz002528,2025-02-06,first_probe,1,首次试盘,1,-1.1857707509881354,0.7905138339920903,-5.138339920948609,1,3.9525691699604737,5.928853754940722,-5.138339920948609,1,2.7667984189723382,5.928853754940722,-5.138339920948609,1,4.347826086956541,7.905138339920947,-5.138339920948609,1,1.1857707509881577,10.671936758893285,-5.138339920948609,1,-5.928853754940711,10.671936758893285,-7.905138339920937,1.0,2.0,3.0,12.0,14.0,,,1.0,1.0,,,,1,1,1,1,1,0,0,0,1,0
sz002528,2025-11-17,retest_probe,2,重新试盘,1,3.3639143730886722,4.892966360856277,-0.6116207951070374,1,-3.3639143730886834,4.892966360856277,-4.892966360856277,1,-5.810397553516822,4.892966360856277,-8.25688073394496,1,-5.5045871559633035,4.892966360856277,-8.25688073394496,1,-11.926605504587162,4.892966360856277,-13.455657492354733,0,,,,1.0,1.0,,,,,,3.0,4.0,5.0,13.0,22.0,1,1,0,0,1,1,0,0,1,1
sz002531,2025-03-17,first_probe,1,首次试盘,1,-0.3916449086161955,0.5221932114882533,-1.3054830287206332,1,0.6527415143602999,2.3498694516971286,-1.5665796344647487,1,2.872062663185382,5.7441253263707415,-1.5665796344647487,1,-4.8302872062663145,5.7441253263707415,-5.352480417754569,1,-8.355091383812018,5.7441253263707415,-20.365535248041777,1,-14.490861618798956,5.7441253263707415,-20.365535248041777,1.0,4.0,4.0,,,,,8.0,10.0,14.0,14.0,15.0,1,1,1,0,1,1,0,0,0,1
sz002538,2024-11-15,first_probe,1,首次试盘,1,-3.200000000000003,4.159999999999986,-3.520000000000001,1,12.159999999999993,12.159999999999993,-3.520000000000001,1,7.8400000000000025,18.879999999999985,-3.520000000000001,1,3.3600000000000074,18.879999999999985,-3.520000000000001,1,2.400000000000002,18.879999999999985,-3.520000000000001,1,-16.000000000000004,18.879999999999985,-18.239999999999988,1.0,1.0,3.0,3.0,3.0,4.0,,1.0,26.0,28.0,32.0,35.0,1,1,1,1,1,1,0,0,0,0
sz002540,2025-11-20,first_probe,1,首次试盘,1,-6.573426573426577,-0.6993006993007089,-6.99300699300699,1,-4.475524475524484,-0.6993006993007089,-6.99300699300699,1,-8.951048951048957,-0.6993006993007089,-9.230769230769232,1,2.3776223776223793,6.573426573426566,-9.93006993006993,1,-7.272727272727275,6.573426573426566,-9.93006993006993,0,,,,7.0,9.0,9.0,,,,,1.0,1.0,5.0,,,1,1,1,0,1,1,0,0,1,1
sz002542,2024-11-08,first_probe,1,首次试盘,1,-10.016155088852985,-10.016155088852985,-10.016155088852985,1,-17.285945072697906,-10.016155088852985,-27.14054927302101,1,-32.79483037156704,-10.016155088852985,-32.95638126009693,1,-22.94022617124395,-10.016155088852985,-38.610662358642976,1,-16.155088852988687,-4.684975767366717,-38.610662358642976,1,-44.74959612277868,-4.684975767366717,-45.718901453958004,,,,,,,,1.0,1.0,1.0,1.0,2.0,0,0,0,0,1,1,1,1,1,1
sz002542,2025-03-03,retest_probe,2,重新试盘,1,-2.2222222222222143,-1.4814814814814725,-3.2098765432098775,1,0.9876543209876631,2.2222222222222143,-3.2098765432098775,1,-1.2345679012345623,3.70370370370372,-3.2098765432098775,1,-3.2098765432098775,3.70370370370372,-5.679012345679013,1,-16.049382716049376,3.70370370370372,-17.037037037037038,1,-25.67901234567902,3.70370370370372,-35.80246913580246,3.0,4.0,,,,,,1.0,8.0,14.0,15.0,20.0,1,1,0,0,1,1,0,0,1,1
sz002544,2025-04-07,first_probe,1,首次试盘,1,0.40858018386109585,2.3493360572012234,-2.7068437180796656,1,3.6772216547497516,7.150153217568955,-3.524004085801824,1,5.362614913176711,7.201225740551576,-3.524004085801824,1,5.209397344228828,7.201225740551576,-3.524004085801824,1,19.91828396322779,21.654749744637392,-3.524004085801824,1,18.74361593462719,31.716036772216547,-3.524004085801824,1.0,2.0,3.0,18.0,18.0,18.0,19.0,2.0,,,,,1,1,1,1,0,0,0,0,0,0
sz002547,2024-09-20,first_probe,1,首次试盘,1,10.074626865671643,10.074626865671643,0.3731343283581934,1,16.417910447761198,23.50746268656716,0.3731343283581934,1,22.76119402985075,26.119402985074625,0.3731343283581934,1,19.402985074626855,47.76119402985073,0.3731343283581934,1,31.343283582089555,47.76119402985073,0.3731343283581934,1,70.89552238805969,116.41791044776117,0.3731343283581934,1.0,1.0,1.0,1.0,1.0,2.0,3.0,,,,,,1,1,1,1,0,0,0,0,0,0
sz002547,2025-02-19,retest_probe,2,重新试盘,1,-4.212454212454208,-0.5494505494505586,-4.945054945054938,1,1.46520146520146,3.4798534798534897,-5.494505494505486,1,0.9157509157509125,6.227106227106227,-5.494505494505486,1,-7.326007326007334,6.227106227106227,-13.003663003663002,1,-9.523809523809511,6.227106227106227,-13.919413919413914,1,-28.57142857142857,6.227106227106227,-40.10989010989011,2.0,3.0,4.0,,,,,1.0,2.0,7.0,8.0,26.0,1,1,1,0,1,1,0,0,1,1
sz002549,2025-06-17,first_probe,1,首次试盘,1,-3.1600407747196746,-1.4271151885830835,-3.567787971457692,1,-7.237512742099906,-1.4271151885830835,-8.970438328236497,1,-3.1600407747196746,-1.3251783893985847,-10.49949031600409,1,15.494393476044843,15.494393476044843,-10.49949031600409,1,13.659531090723753,39.65341488277267,-10.49949031600409,1,39.14373088685015,39.65341488277267,-10.49949031600409,6.0,9.0,10.0,10.0,10.0,10.0,11.0,1.0,2.0,2.0,4.0,,1,1,1,1,1,1,0,0,1,1
sz002552,2025-07-07,first_probe,1,首次试盘,1,9.986504723346833,9.986504723346833,-1.4844804318488558,1,8.232118758434549,14.70985155195681,-1.4844804318488558,1,14.777327935222683,14.777327935222683,-1.4844804318488558,1,11.538461538461542,18.286099865047234,-1.4844804318488558,1,17.07152496626181,23.684210526315773,-1.4844804318488558,1,11.808367071524973,23.684210526315773,-1.4844804318488558,1.0,1.0,1.0,1.0,2.0,6.0,11.0,,,,,,1,1,1,1,0,0,0,0,0,0
sz002553,2025-03-31,first_probe,1,首次试盘,1,2.9931305201177594,6.427870461236518,0.14720314033367377,1,-6.7713444553483715,6.427870461236518,-7.311089303238461,1,-21.835132482826303,6.427870461236518,-24.435721295387623,1,-3.2875368007850736,6.427870461236518,-29.6368989205103,1,-2.796859666339546,8.439646712463222,-29.6368989205103,1,9.126594700686951,34.396467124632004,-29.6368989205103,1.0,1.0,1.0,12.0,22.0,22.0,23.0,2.0,2.0,4.0,4.0,4.0,1,1,1,1,1,1,0,0,0,1
sz002559,2024-11-14,first_probe,1,首次试盘,1,-3.4303534303534278,1.3513513513513598,-3.9501039501039448,1,-3.2224532224532143,1.3513513513513598,-9.251559251559238,1,-2.3908523908523716,1.3513513513513598,-9.251559251559238,1,-6.964656964656967,1.3513513513513598,-12.681912681912666,1,6.2370062370062485,27.02702702702704,-12.681912681912666,1,-11.746361746361734,27.02702702702704,-16.735966735966734,1.0,13.0,13.0,14.0,14.0,14.0,15.0,1.0,2.0,2.0,9.0,36.0,1,1,1,1,1,1,0,0,1,1
sz002560,2025-06-17,first_probe,1,首次试盘,1,-0.899742930591263,0.5141388174807249,-2.0565552699228773,1,-7.969151670951158,0.5141388174807249,-8.354755784061696,1,-4.884318766066842,0.5141388174807249,-8.611825192802058,1,0.7712082262210762,2.570694087403602,-8.611825192802058,1,1.285347043701801,2.8277634961439535,-8.611825192802058,1,5.784061696658105,15.295629820051415,-8.611825192802058,1.0,23.0,24.0,24.0,25.0,25.0,,2.0,2.0,3.0,,,1,1,1,1,1,1,0,0,1,1
sz002562,2025-04-23,first_probe,1,首次试盘,1,5.977011494252893,10.114942528735638,1.1494252873563315,1,11.954022988505763,14.022988505747126,-0.6896551724137834,1,3.9080459770114873,14.022988505747126,-0.6896551724137834,1,7.126436781609202,18.39080459770117,-0.6896551724137834,1,5.517241379310356,18.39080459770117,-0.6896551724137834,1,10.804597701149433,18.39080459770117,-1.6091954022988353,1.0,1.0,1.0,1.0,1.0,7.0,,,,,,,1,1,1,1,0,0,0,0,0,0
sz002563,2025-09-16,first_probe,1,首次试盘,1,-1.7421602787456525,0.0,-1.9163763066202155,1,0.522648083623678,1.21951219512193,-3.310104529616731,1,4.181184668989557,6.794425087108014,-3.310104529616731,1,-1.7421602787456525,6.794425087108014,-3.310104529616731,1,-5.749128919860624,6.794425087108014,-6.445993031358888,1,4.006968641114983,7.491289198606266,-9.059233449477356,1.0,4.0,4.0,,,,,2.0,18.0,21.0,,,1,1,1,0,1,1,0,0,0,1
sz002565,2025-01-17,first_probe,1,首次试盘,1,0.33003300330034513,1.320132013201314,-1.9801980198019709,1,-1.3201320132013028,4.950495049504955,-1.9801980198019709,1,-2.640264026402628,4.950495049504955,-3.3003300330032848,1,4.620462046204632,4.950495049504955,-3.3003300330032848,1,1.650165016501659,4.950495049504955,-3.3003300330032848,1,3.300330033003296,9.24092409240924,-3.3003300330032848,1.0,3.0,32.0,32.0,,,,5.0,,,,,1,1,1,1,0,0,0,0,0,0
sz002566,2025-05-30,first_probe,1,首次试盘,1,1.6009852216748888,2.832512315270952,-2.216748768472887,1,-1.477832512315258,6.773399014778336,-2.216748768472887,1,-0.9852216748768461,6.773399014778336,-3.0788177339901357,1,-2.8325123152709297,6.773399014778336,-5.541871921182262,1,-3.9408866995073843,6.773399014778336,-8.866995073891616,1,3.817733990147798,6.773399014778336,-8.866995073891616,1.0,2.0,2.0,,,,,4.0,10.0,14.0,,,1,1,1,0,1,1,0,0,0,1
sz002570,2025-03-05,first_probe,1,首次试盘,1,-1.5086206896551602,-0.8620689655172376,-2.5862068965517238,1,-4.956896551724133,1.9396551724138122,-5.603448275862066,1,-6.465517241379304,1.9396551724138122,-7.543103448275856,1,9.913793103448265,20.474137931034498,-10.560344827586189,1,1.2931034482758674,20.905172413793128,-10.560344827586189,1,39.2241379310345,70.04310344827587,-10.560344827586189,2.0,8.0,8.0,8.0,9.0,9.0,9.0,2.0,3.0,6.0,6.0,,1,1,1,1,1,1,0,0,1,1
sz002570,2025-05-21,retest_probe,2,重新试盘,1,-5.813953488372081,0.8720930232558155,-6.104651162790697,1,-6.83139534883721,0.8720930232558155,-9.011627906976749,1,-3.3430232558139483,0.8720930232558155,-9.011627906976749,1,-10.029069767441856,0.8720930232558155,-10.75581395348838,1,-11.91860465116279,0.8720930232558155,-13.0813953488372,1,-9.156976744186041,0.8720930232558155,-15.406976744186041,1.0,,,,,,,1.0,1.0,3.0,7.0,22.0,1,1,0,0,1,1,0,0,1,1
sz002570,2025-06-10,retest_probe,3,重新试盘,1,-2.8125000000000067,-0.46875000000000666,-3.90625,1,-5.000000000000004,-0.46875000000000666,-5.781250000000004,1,2.0312499999999956,6.25,-6.562499999999993,1,-4.843750000000002,6.25,-9.062499999999996,1,0.0,7.031249999999978,-9.062499999999996,1,10.624999999999996,29.6875,-9.062499999999996,5.0,5.0,5.0,35.0,35.0,36.0,37.0,1.0,3.0,8.0,,,1,1,1,1,1,1,0,0,1,1
sz002577,2025-01-23,first_probe,1,首次试盘,1,1.603206412825653,1.6533066132264462,-2.8056112224449037,1,-3.206412825651306,1.6533066132264462,-5.811623246492992,1,17.13426853707414,17.13426853707414,-5.811623246492992,1,18.286573146292582,31.713426853707418,-5.811623246492992,1,25.551102204408814,50.300601202404806,-5.811623246492992,1,10.37074148296593,50.300601202404806,-5.811623246492992,1.0,4.0,4.0,5.0,5.0,5.0,6.0,2.0,2.0,,,,1,1,1,1,1,0,0,0,1,0
sz002577,2025-04-08,retest_probe,2,重新试盘,1,4.628571428571426,4.7428571428571376,-9.542857142857141,1,9.028571428571407,11.31428571428572,-9.542857142857141,1,12.914285714285722,14.628571428571412,-9.542857142857141,1,11.257142857142854,14.628571428571412,-9.542857142857141,1,22.171428571428574,25.71428571428571,-9.542857142857141,1,16.400000000000013,25.71428571428571,-9.542857142857141,1.0,1.0,2.0,2.0,2.0,16.0,16.0,1.0,1.0,1.0,,,1,1,1,1,1,1,0,0,1,1
sz002577,2025-06-18,retest_probe,3,重新试盘,1,-0.7755695588948175,1.5026660203587117,-1.4541929229277772,1,-2.3751817741153536,1.5026660203587117,-5.719825496849252,1,1.696558410082405,1.8904507998061204,-5.719825496849252,1,-0.8240426563257297,2.1812893843916603,-5.719825496849252,1,-0.6301502666020364,2.1812893843916603,-5.719825496849252,1,2.859912748424631,6.495395055744058,-5.719825496849252,1.0,28.0,35.0,,,,,2.0,3.0,,,,1,1,1,0,1,0,0,0,1,0
sz002578,2025-03-05,first_probe,1,首次试盘,1,1.238390092879249,2.1671826625387025,-0.6191950464396245,1,4.643962848297201,7.739938080495357,-0.6191950464396245,1,5.263157894736836,8.668730650154789,-0.6191950464396245,1,4.024767801857587,8.668730650154789,-0.6191950464396245,1,0.6191950464396356,13.003095975232192,-2.1671826625386914,1,-6.811145510835914,13.003095975232192,-25.386996904024763,1.0,2.0,2.0,5.0,17.0,,,22.0,22.0,22.0,23.0,23.0,1,1,1,1,1,1,0,0,0,0
sz002580,2025-05-14,first_probe,1,首次试盘,1,-4.166666666666674,-0.15432098765433278,-4.243827160493829,1,-5.169753086419771,-0.15432098765433278,-6.404320987654321,1,5.092592592592582,5.092592592592582,-6.558641975308655,1,9.259259259259256,15.663580246913567,-6.558641975308655,1,7.638888888888884,28.16358024691357,-6.558641975308655,1,3.549382716049365,28.16358024691357,-6.558641975308655,5.0,5.0,5.0,6.0,6.0,7.0,14.0,1.0,2.0,,,,1,1,1,1,1,0,0,0,1,0
sz002582,2025-02-26,first_probe,1,首次试盘,1,10.051282051282051,10.051282051282051,0.9230769230769154,1,9.025641025641029,29.43589743589743,0.9230769230769154,1,4.205128205128217,29.43589743589743,-0.7179487179487243,1,9.435897435897434,29.43589743589743,-0.7179487179487243,1,2.2564102564102573,29.43589743589743,-1.4358974358974375,1,23.076923076923084,29.43589743589743,-9.230769230769232,1.0,1.0,1.0,1.0,1.0,2.0,2.0,22.0,22.0,23.0,,,1,1,1,1,1,1,0,0,0,0
sz002582,2025-05-26,retest_probe,2,重新试盘,1,0.9293680297397744,4.832713754646845,-1.3940520446096727,1,-1.6728624535315983,4.832713754646845,-3.903345724907059,1,-2.230483271375472,4.832713754646845,-5.390334572490707,1,-3.810408921933084,4.832713754646845,-5.390334572490707,1,-8.736059479553903,4.832713754646845,-13.011152416356886,1,-10.315985130111516,4.832713754646845,-13.011152416356886,1.0,1.0,,,,,,3.0,5.0,16.0,17.0,,1,1,0,0,1,1,0,0,1,1
sz002583,2024-11-04,first_probe,1,首次试盘,1,-2.276707530647981,3.76532399299474,-6.873905429071803,1,-8.450087565674258,6.742556917688258,-8.450087565674258,1,-8.274956217162877,6.742556917688258,-13.04728546409808,1,-13.309982486865145,6.742556917688258,-15.849387040280217,1,-20.57793345008756,15.411558669001746,-25.744308231173374,1,-35.72679509632224,15.411558669001746,-37.08406304728547,1.0,1.0,2.0,13.0,13.0,13.0,,1.0,1.0,3.0,4.0,9.0,1,1,1,1,1,1,0,0,1,1
sz002585,2025-05-16,first_probe,1,首次试盘,1,-0.9615384615384581,-0.576923076923086,-2.3076923076923106,1,-2.115384615384619,-0.19230769230769162,-2.3076923076923106,1,-3.653846153846163,-0.19230769230769162,-4.230769230769226,1,-3.4615384615384714,-0.19230769230769162,-4.230769230769226,1,-3.8461538461538547,1.7307692307692246,-4.615384615384621,1,8.846153846153836,10.576923076923084,-5.961538461538474,17.0,26.0,27.0,37.0,38.0,,,4.0,22.0,,,,1,1,1,1,1,0,1,0,1,0
sz002587,2024-09-04,first_probe,1,首次试盘,1,-1.232394366197176,1.232394366197198,-2.464788732394363,1,-3.873239436619713,1.232394366197198,-4.577464788732389,1,-6.690140845070425,1.232394366197198,-6.866197183098588,1,-7.042253521126751,1.232394366197198,-8.978873239436613,1,2.2887323943661997,25.880281690140848,-8.978873239436613,1,15.845070422535223,25.880281690140848,-8.978873239436613,1.0,13.0,13.0,16.0,16.0,17.0,17.0,3.0,4.0,7.0,,,1,1,1,1,1,1,0,0,1,1
sz002591,2025-01-09,first_probe,1,首次试盘,1,-7.272727272727275,-0.20202020202019222,-7.272727272727275,1,1.6161616161616266,1.8181818181818077,-11.919191919191919,1,3.4343434343434343,5.050505050505061,-11.919191919191919,1,0.8080808080808133,5.656565656565671,-11.919191919191919,1,4.444444444444429,8.888888888888879,-11.919191919191919,1,11.313131313131297,19.797979797979792,-11.919191919191919,3.0,4.0,5.0,19.0,23.0,23.0,,1.0,1.0,2.0,2.0,,1,1,1,1,1,1,0,0,1,1
sz002593,2024-12-25,first_probe,1,首次试盘,1,-0.8944543828264706,1.7889087656529634,-3.756708407871201,1,-7.155635062611799,1.7889087656529634,-7.334525939177105,1,-8.765652951699465,1.7889087656529634,-10.196779964221825,1,-7.155635062611799,1.7889087656529634,-16.10017889087656,1,-11.270125223613592,1.7889087656529634,-16.99463327370304,1,-0.536672629695889,13.595706618962433,-16.99463327370304,1.0,27.0,28.0,34.0,35.0,,,1.0,3.0,4.0,5.0,7.0,1,1,1,1,1,1,0,0,1,1
sz002593,2025-03-04,retest_probe,2,重新试盘,1,-1.0544815465729385,0.17574692442881013,-3.514938488576458,1,1.7574692442882123,3.866432337434089,-3.514938488576458,1,3.690685413005279,8.963093145869937,-3.514938488576458,1,-1.405975395430581,8.963093145869937,-3.514938488576458,1,-14.586994727592273,8.963093145869937,-17.223198594024613,1,-17.223198594024613,8.963093145869937,-36.20386643233744,1.0,3.0,4.0,4.0,,,,1.0,14.0,14.0,14.0,19.0,1,1,1,1,1,1,0,0,0,0
sz002595,2025-03-18,first_probe,1,首次试盘,1,5.74691126918756,6.420816173717703,0.561587420441767,1,7.3380756271059555,9.022837888431301,0.561587420441767,1,8.873081242980142,10.071134406589287,0.561587420441767,1,11.755896667914634,12.87907150879819,0.561587420441767,1,1.96555597154624,14.18944215649569,-6.065144140771251,1,13.141145638337704,15.33133657806065,-6.065144140771251,1.0,1.0,1.0,2.0,5.0,39.0,,13.0,15.0,,,,1,1,1,1,1,0,0,0,0,0
sz002596,2025-02-18,first_probe,1,首次试盘,1,1.775147928994092,4.4378698224851965,0.0,1,2.366863905325456,4.4378698224851965,-0.2958579881656709,1,0.887573964497057,4.7337278106508895,-0.2958579881656709,1,5.02958579881656,13.905325443786998,-0.2958579881656709,1,15.680473372781067,20.71005917159765,-0.2958579881656709,1,-2.9585798816568087,21.00591715976332,-15.97633136094675,1.0,1.0,7.0,7.0,7.0,14.0,19.0,33.0,33.0,34.0,34.0,35.0,1,1,1,1,1,1,0,0,0,0
sz002596,2025-03-05,retest_probe,2,重新试盘,1,1.3698630136986356,2.7397260273972712,-0.8219178082191747,1,1.6438356164383494,6.849315068493156,-1.3698630136986245,1,2.191780821917799,6.849315068493156,-1.3698630136986245,1,7.671232876712342,11.780821917808225,-1.3698630136986245,1,-6.57534246575342,12.05479452054794,-10.136986301369866,1,1.9178082191780854,12.05479452054794,-22.191780821917806,1.0,3.0,3.0,8.0,8.0,,,13.0,14.0,18.0,18.0,23.0,1,1,1,1,1,1,0,0,0,0
sz002596,2025-03-10,continuous_probe,3,连续试盘,1,0.26954177897575704,0.8086253369272267,-2.156334231805934,1,-1.8867924528301883,2.425876010781658,-2.425876010781669,1,4.851752021563338,9.973045822102433,-2.425876010781669,1,-5.121293800539084,10.242587601078167,-5.121293800539084,1,-15.363881401617252,10.242587601078167,-19.137466307277627,1,1.3477088948786964,10.242587601078167,-23.450134770889484,1.0,4.0,5.0,5.0,9.0,,,10.0,10.0,11.0,15.0,19.0,1,1,1,1,1,1,0,0,0,0
sz002596,2025-04-14,retest_probe,4,重新试盘,1,-2.60869565217392,-0.28985507246377384,-3.7681159420289934,1,-2.60869565217392,-0.28985507246377384,-6.086956521739129,1,-1.1594202898550732,-0.28985507246377384,-6.086956521739129,1,-0.28985507246377384,3.768115942028971,-6.086956521739129,1,6.666666666666665,12.753623188405804,-6.086956521739129,1,5.217391304347818,12.753623188405804,-6.086956521739129,6.0,6.0,13.0,13.0,14.0,,,1.0,2.0,,,,1,1,1,1,1,0,0,0,1,0
sz002597,2025-03-14,first_probe,1,首次试盘,1,3.8945712037765423,4.878048780487809,-0.7081038552321117,1,0.3540519276160392,4.996066089693163,-0.7081038552321117,1,-2.2423288749016557,4.996066089693163,-3.0291109362706625,1,-1.9669551534225005,5.350118017309202,-3.0291109362706625,1,-6.569630212431166,5.350118017309202,-16.050354051927616,1,-2.202989771833208,5.350118017309202,-16.050354051927616,1.0,1.0,8.0,,,,,5.0,15.0,15.0,15.0,16.0,1,1,1,0,1,1,0,0,0,1
sz002598,2024-10-23,first_probe,1,首次试盘,1,-1.5240328253223745,0.23446658851116187,-2.1101992966002348,1,1.2895662368112681,1.2895662368112681,-2.2274325908557935,1,-0.4689331770222682,2.579132473622514,-2.2274325908557935,1,4.572098475967179,6.682297772567414,-2.2274325908557935,1,5.861664712778425,9.613130128956637,-2.2274325908557935,1,14.067995310668246,45.134818288393916,-2.2274325908557935,1.0,6.0,10.0,12.0,23.0,24.0,24.0,,,,,,1,1,1,1,0,0,0,0,0,0
sz002607,2025-04-16,first_probe,1,首次试盘,1,-1.6233766233766267,0.0,-2.5974025974025983,1,0.32467532467532756,0.9740259740259605,-3.2467532467532534,1,-0.32467532467532756,2.922077922077926,-3.2467532467532534,1,-2.272727272727282,2.922077922077926,-4.870129870129869,1,-0.6493506493506551,2.922077922077926,-4.870129870129869,1,-5.519480519480513,2.922077922077926,-7.467532467532467,1.0,,,,,,,2.0,27.0,,,,1,1,0,0,1,0,0,0,1,0
sz002609,2025-03-25,first_probe,1,首次试盘,1,-0.5268703898840932,1.1591148577449806,-2.002107481559534,1,-3.161222339304537,1.8967334035827177,-4.320337197049529,1,-4.109589041095896,1.8967334035827177,-7.165437302423605,1,-16.543730242360375,3.2665964172813533,-23.1822971548999,1,4.109589041095907,10.537407797681775,-23.1822971548999,1,6.533192834562684,14.120126448893577,-23.1822971548999,1.0,6.0,16.0,18.0,19.0,,,2.0,4.0,8.0,8.0,9.0,1,1,1,1,1,1,0,0,1,1
sz002611,2025-07-18,first_probe,1,首次试盘,1,4.058192955589579,4.287901990811638,-1.3782542113323082,1,1.4548238897396537,13.32312404287903,-1.3782542113323082,1,2.52679938744258,13.32312404287903,-1.3782542113323082,1,4.287901990811638,13.32312404287903,-1.3782542113323082,1,45.63552833078099,57.88667687595712,-1.3782542113323082,1,36.217457886676875,60.336906584992356,-1.3782542113323082,1.0,1.0,2.0,2.0,2.0,13.0,14.0,,,,,,1,1,1,1,0,0,0,0,0,0
sz002612,2024-12-20,first_probe,1,首次试盘,1,-1.4975041597337757,3.050471436494706,-4.048807542983923,1,-5.324459234608991,3.050471436494706,-7.210205213533005,1,-4.99168053244593,3.050471436494706,-7.210205213533005,1,-13.255684969495285,3.050471436494706,-15.585135884636713,1,-13.976705490848595,3.050471436494706,-20.29950083194676,1,-16.638935108153085,3.050471436494706,-20.29950083194676,1.0,1.0,,,,,,1.0,3.0,6.0,8.0,10.0,1,1,0,0,1,1,0,0,1,1
sz002613,2024-12-06,first_probe,1,首次试盘,1,0.0,0.8888888888888946,-1.3333333333333197,1,0.4444444444444251,2.6666666666666616,-2.0000000000000018,1,0.22222222222221255,4.444444444444451,-2.0000000000000018,1,-3.9999999999999925,4.444444444444451,-6.666666666666665,1,-16.44444444444445,4.444444444444451,-20.88888888888889,1,-5.333333333333334,4.444444444444451,-20.88888888888889,1.0,4.0,,,,,,7.0,7.0,11.0,11.0,19.0,1,1,0,0,1,1,0,0,1,1
sz002614,2025-11-17,first_probe,1,首次试盘,1,-2.207792207792203,-0.5194805194805197,-3.2467532467532423,1,-5.3246753246753205,-0.5194805194805197,-6.1038961038961,1,-7.792207792207795,-0.5194805194805197,-9.220779220779217,1,-4.285714285714281,0.6493506493506551,-9.220779220779217,1,-4.935064935064936,9.740259740259738,-9.220779220779217,0,,,,8.0,14.0,15.0,16.0,,,,1.0,2.0,4.0,22.0,,1,1,1,1,1,1,0,0,1,1
sz002622,2024-12-10,first_probe,1,首次试盘,1,1.3812154696132506,2.20994475138121,-3.8674033149171283,1,-0.2762430939226568,4.972375690607733,-3.8674033149171283,1,-8.563535911602216,4.972375690607733,-8.839779005524873,1,-16.022099447513817,4.972375690607733,-20.16574585635359,1,-26.243093922651937,4.972375690607733,-32.87292817679558,1,-21.546961325966862,4.972375690607733,-33.42541436464088,1.0,2.0,,,,,,1.0,5.0,5.0,6.0,10.0,1,1,0,0,1,1,0,0,1,1
sz002629,2025-04-16,first_probe,1,首次试盘,1,-0.8333333333333304,3.125,-6.874999999999998,1,19.999999999999996,19.999999999999996,-6.874999999999998,1,17.500000000000004,21.04166666666667,-6.874999999999998,1,7.08333333333333,21.04166666666667,-6.874999999999998,1,4.583333333333339,21.04166666666667,-6.874999999999998,1,24.374999999999993,43.75000000000002,-6.874999999999998,1.0,1.0,2.0,2.0,3.0,3.0,5.0,1.0,1.0,,,,1,1,1,1,1,0,0,0,1,0
sz002629,2025-10-24,retest_probe,2,重新试盘,1,-5.440696409140367,-1.9586507072905324,-6.964091403699657,1,4.787812840043548,7.290533188248105,-6.964091403699657,1,-6.311207834602827,12.404787812840045,-7.616974972796509,1,-7.508161044613704,12.404787812840045,-10.010881392818282,1,-8.05223068552775,12.404787812840045,-10.010881392818282,1,-21.653971708378663,12.404787812840045,-25.788900979325348,2.0,2.0,3.0,5.0,5.0,,,1.0,1.0,6.0,6.0,22.0,1,1,1,1,1,1,0,0,1,0
sz002633,2025-05-26,first_probe,1,首次试盘,1,1.895043731778423,2.988338192419815,-1.6034985422740622,1,2.3323615160349753,6.4868804664723,-1.6034985422740622,1,23.760932944606417,23.760932944606417,-1.6034985422740622,1,-1.093294460641403,23.760932944606417,-2.76967930029155,1,-2.405247813411082,23.760932944606417,-8.309037900874639,1,20.991253644314867,23.83381924198249,-8.309037900874639,1.0,2.0,2.0,4.0,4.0,5.0,5.0,13.0,17.0,19.0,,,1,1,1,1,1,1,0,0,0,0
sz002634,2025-02-18,first_probe,1,首次试盘,1,-1.0810810810810811,1.621621621621605,-2.7027027027027084,1,-1.6216216216216273,1.621621621621605,-2.972972972972987,1,2.43243243243243,4.054054054054057,-3.2432432432432434,1,0.2702702702702675,5.675675675675684,-3.2432432432432434,1,8.108108108108091,10.270270270270277,-5.405405405405405,1,-9.999999999999998,13.783783783783775,-28.10810810810811,1.0,5.0,6.0,19.0,19.0,,,4.0,13.0,29.0,29.0,33.0,1,1,1,1,1,1,0,0,0,1
sz002636,2025-11-07,first_probe,1,首次试盘,1,10.02444987775062,10.02444987775062,0.0,1,8.312958435207829,18.826405867970664,0.0,1,1.833740831295838,18.826405867970664,0.0,1,-13.63080684596576,18.826405867970664,-13.691931540342296,1,-3.0562347188264005,18.826405867970664,-14.79217603911981,0,,,,1.0,1.0,1.0,1.0,1.0,2.0,,7.0,8.0,8.0,10.0,,1,1,1,1,1,1,0,0,0,0
sz002638,2025-06-30,first_probe,1,首次试盘,1,-2.6615969581748944,0.7604562737642651,-4.562737642585557,1,-5.323193916349799,0.7604562737642651,-6.4638783269961975,1,-7.224334600760452,0.7604562737642651,-8.365019011406838,1,-6.083650190114054,0.7604562737642651,-8.365019011406838,1,-9.885931558935358,0.7604562737642651,-12.547528517110273,1,-7.604562737642572,0.7604562737642651,-16.349809885931542,1.0,,,,,,,1.0,2.0,5.0,12.0,33.0,1,1,0,0,1,1,0,0,1,1
sz002639,2024-11-06,first_probe,1,首次试盘,1,8.972503617945016,9.985528219971052,1.447178002894356,1,3.9073806078147477,11.432706222865407,1.447178002894356,1,0.0,11.432706222865407,-1.881331403762665,1,-0.14471780028942893,11.432706222865407,-7.52532561505066,1,2.894356005788712,11.432706222865407,-7.52532561505066,1,-4.630969609261948,47.322720694645426,-7.52532561505066,1.0,1.0,1.0,1.0,2.0,27.0,27.0,6.0,8.0,,,,1,1,1,1,1,0,0,0,0,0
sz002639,2025-04-08,retest_probe,2,重新试盘,1,-2.0775623268697974,3.878116343490312,-9.972299168975063,1,-0.27700831024930483,3.878116343490312,-9.972299168975063,1,13.573407202216071,19.390581717451518,-9.972299168975063,1,3.6011080332410073,19.390581717451518,-9.972299168975063,1,17.036011080332415,21.468144044321335,-9.972299168975063,1,81.30193905817175,90.02770083102493,-9.972299168975063,1.0,1.0,4.0,4.0,5.0,5.0,18.0,1.0,1.0,1.0,,,1,1,1,1,1,1,0,0,1,1
sz002639,2025-11-06,retest_probe,3,重新试盘,1,4.412864622288715,9.648466716529548,-2.3186237845923663,1,5.459985041136872,14.88406881077038,-2.3186237845923663,1,2.916978309648477,14.88406881077038,-2.3186237845923663,1,7.703814510097251,27.82348541510846,-2.3186237845923663,1,10.695587135377727,27.82348541510846,-3.2161555721765156,0,,,,1.0,1.0,1.0,1.0,2.0,7.0,8.0,16.0,,,,,1,1,1,1,0,0,0,0,0,0
sz002640,2024-11-06,first_probe,1,首次试盘,1,5.214723926380382,8.895705521472387,-6.7484662576687064,1,0.0,8.895705521472387,-6.7484662576687064,1,-0.9202453987730008,8.895705521472387,-6.7484662576687064,1,-4.294478527607348,8.895705521472387,-13.80368098159509,1,90.18404907975462,90.18404907975462,-13.80368098159509,1,29.447852760736204,130.06134969325154,-13.80368098159509,1.0,1.0,1.0,1.0,13.0,13.0,14.0,1.0,1.0,7.0,8.0,,1,1,1,1,1,1,0,0,0,0
sz002640,2024-12-10,retest_probe,2,重新试盘,1,-7.857142857142851,-1.4285714285714346,-9.82142857142857,1,-2.499999999999991,4.464285714285721,-9.82142857142857,1,-8.035714285714269,4.8214285714285765,-9.82142857142857,1,-16.78571428571428,4.8214285714285765,-20.714285714285708,1,-20.714285714285708,4.8214285714285765,-32.14285714285714,1,-12.857142857142856,4.8214285714285765,-32.14285714285714,2.0,3.0,,,,,,1.0,1.0,1.0,6.0,6.0,1,1,0,0,1,1,0,0,1,1
sz002640,2025-01-13,retest_probe,3,重新试盘,1,5.829596412556048,8.071748878923767,-0.8968609865470878,1,26.00896860986548,28.026905829596416,-0.8968609865470878,1,11.434977578475337,28.026905829596416,-0.8968609865470878,1,-4.7085201793722,28.026905829596416,-4.932735426008961,1,-1.1210762331838486,28.026905829596416,-6.950672645739897,1,-4.7085201793722,28.026905829596416,-8.968609865470857,1.0,1.0,1.0,1.0,2.0,2.0,3.0,10.0,11.0,29.0,,,1,1,1,1,1,1,0,0,0,0
sz002640,2025-01-27,retest_probe,4,重新试盘,1,3.0588235294117583,5.1764705882352935,-2.35294117647058,1,4.941176470588227,7.76470588235294,-2.35294117647058,1,10.8235294117647,13.882352941176457,-2.35294117647058,1,3.7647058823529367,19.999999999999996,-2.35294117647058,1,-1.4117647058823457,19.999999999999996,-4.235294117647048,1,-27.52941176470588,19.999999999999996,-27.52941176470588,1.0,1.0,1.0,4.0,4.0,6.0,,19.0,33.0,34.0,34.0,39.0,1,1,1,1,1,1,0,0,0,0
sz002642,2024-11-28,first_probe,1,首次试盘,1,1.122194513715713,2.8678304239401653,-2.6184538653366562,1,4.488778054862852,4.862842892768082,-2.6184538653366562,1,2.6184538653366785,4.862842892768082,-2.6184538653366562,1,9.476309226932656,13.840399002493786,-2.6184538653366562,1,-7.605985037406482,13.840399002493786,-11.471321695760594,1,-5.610972568578543,13.840399002493786,-23.815461346633406,1.0,3.0,6.0,8.0,10.0,,,14.0,18.0,19.0,19.0,25.0,1,1,1,1,1,1,0,0,0,0
sz002642,2025-05-12,retest_probe,2,重新试盘,1,-1.4030612244897878,1.5306122448979664,-1.5306122448979553,1,-3.0612244897959218,1.5306122448979664,-3.9540816326530615,1,-2.0408163265306145,1.5306122448979664,-4.081632653061229,1,-4.5918367346938656,1.5306122448979664,-7.525510204081631,1,-2.8061224489795866,1.5306122448979664,-7.525510204081631,1,-1.1479591836734637,1.5306122448979664,-10.71428571428571,1.0,,,,,,,3.0,9.0,28.0,29.0,,1,1,0,0,1,1,0,0,1,1
sz002642,2025-08-26,retest_probe,3,重新试盘,1,-2.0431328036322305,2.724177071509648,-2.0431328036322305,1,-1.7026106696935384,2.724177071509648,-3.4052213393870656,1,7.945516458569801,18.955732122587964,-3.4052213393870656,1,2.2701475595913623,18.955732122587964,-4.086265607264483,1,9.761634506242899,36.2088535754824,-4.086265607264483,1,1.8161180476730987,36.2088535754824,-4.086265607264483,1.0,4.0,4.0,4.0,5.0,5.0,13.0,2.0,,,,,1,1,1,1,0,0,0,0,0,0
sz002645,2025-03-18,first_probe,1,首次试盘,1,9.948320413436695,9.948320413436695,-0.5167958656330796,1,5.943152454780343,20.54263565891472,-0.5167958656330796,1,8.397932816537468,20.54263565891472,-0.5167958656330796,1,24.677002583979334,32.558139534883715,-0.5167958656330796,1,-5.68475452196383,32.558139534883715,-7.4935400516795925,1,8.139534883720923,32.558139534883715,-11.498708010335923,1.0,1.0,1.0,1.0,2.0,2.0,2.0,20.0,20.0,21.0,28.0,,1,1,1,1,1,1,0,0,0,0
sz002646,2025-07-21,first_probe,1,首次试盘,1,2.2727272727272707,3.754940711462451,-2.4703557312252933,1,3.8537549407114735,12.45059288537551,-2.4703557312252933,1,0.29644268774704496,12.45059288537551,-2.4703557312252933,1,-1.7786561264822143,12.45059288537551,-2.766798418972327,1,-0.29644268774703386,12.45059288537551,-3.06324110671935,1,-0.7905138339920903,12.45059288537551,-3.359683794466406,1.0,1.0,2.0,2.0,2.0,,,19.0,,,,,1,1,1,1,0,0,0,0,0,0
sz002654,2025-04-07,first_probe,1,首次试盘,1,-6.580086580086597,1.0389610389610393,-9.956709956709965,1,-2.0779220779220786,1.0389610389610393,-15.84415584415584,1,3.116883116883118,6.320346320346304,-15.84415584415584,1,-0.17316017316018062,6.320346320346304,-15.84415584415584,1,3.8961038961038863,6.320346320346304,-15.84415584415584,1,4.935064935064926,11.255411255411252,-15.84415584415584,1.0,5.0,5.0,28.0,28.0,,,1.0,1.0,1.0,2.0,2.0,1,1,1,1,1,1,0,0,1,1
sz002654,2025-06-11,retest_probe,2,重新试盘,1,-0.8326394671107407,1.4154870940882525,-1.0824313072439584,1,-3.080766028309734,1.4154870940882525,-5.661948376353032,1,-0.41631973355535923,1.4154870940882525,-5.661948376353032,1,3.2472939217318864,6.577851790174871,-5.661948376353032,1,0.9991673605328932,7.41049125728559,-5.661948376353032,1,-1.9983347210657754,7.41049125728559,-5.661948376353032,1.0,10.0,10.0,,,,,2.0,2.0,,,,1,1,1,0,1,0,0,0,1,0
sz002657,2024-12-24,first_probe,1,首次试盘,1,-8.193579300431242,-0.8624820316243342,-8.241494968854823,1,-8.241494968854823,-0.8624820316243342,-11.212266411116435,1,-12.218495448011502,-0.8624820316243342,-12.314326784858654,1,-16.81839961667466,-0.8624820316243342,-22.807858169621475,1,-15.189266890273123,-0.8624820316243342,-23.478677527551504,1,-1.772879731672261,9.1998083373263,-23.478677527551504,24.0,27.0,28.0,31.0,,,,1.0,1.0,1.0,2.0,6.0,1,1,1,1,1,1,1,1,1,1
sz002657,2025-06-06,retest_probe,2,重新试盘,1,-2.9691211401425166,1.3460015835312644,-3.6025336500395855,1,-4.908946951702308,1.3460015835312644,-7.046714172604918,1,-8.709422011084733,1.3460015835312644,-9.342834520981802,1,-4.5526524148852054,7.957244655581941,-9.342834520981802,1,8.630245447347583,21.931908155186065,-9.342834520981802,1,13.143309580364203,38.44022169437844,-9.342834520981802,1.0,7.0,7.0,12.0,12.0,13.0,14.0,1.0,2.0,5.0,,,1,1,1,1,1,1,0,0,1,1
sz002659,2025-03-05,first_probe,1,首次试盘,1,1.0000000000000009,2.0000000000000018,-1.0000000000000009,1,-0.8000000000000007,4.600000000000004,-1.0000000000000009,1,-1.0000000000000009,4.600000000000004,-4.0000000000000036,1,-3.599999999999992,4.600000000000004,-5.199999999999994,1,-10.600000000000009,4.600000000000004,-13.00000000000001,1,-3.200000000000003,4.600000000000004,-26.0,1.0,2.0,,,,,,4.0,6.0,13.0,13.0,22.0,1,1,0,0,1,1,0,0,1,1
sz002662,2024-11-15,first_probe,1,首次试盘,1,-6.112469437652813,1.2224938875305513,-6.845965770171148,1,-2.933985330073341,1.2224938875305513,-6.845965770171148,1,-8.312958435207818,1.2224938875305513,-8.557457212713926,1,-3.17848410757946,1.2224938875305513,-10.268948655256727,1,0.7334963325183352,8.557457212713949,-10.268948655256727,1,-14.180929095354522,8.557457212713949,-15.403422982885084,1.0,15.0,16.0,17.0,,,,1.0,1.0,5.0,8.0,40.0,1,1,1,1,1,1,0,0,1,1
sz002663,2025-07-04,first_probe,1,首次试盘,1,-0.5235602094240788,0.5235602094240788,-2.617801047120405,1,1.0471204188481575,1.5706806282722585,-2.617801047120405,1,3.141361256544495,6.28272251308899,-2.617801047120405,1,-4.188481675392664,6.28272251308899,-4.712041884816742,1,-5.235602094240832,6.28272251308899,-6.282722513089,1,-2.617801047120405,6.28272251308899,-6.282722513089,1.0,5.0,5.0,,,,,7.0,17.0,,,,1,1,1,0,1,0,0,0,0,0
sz002663,2025-09-02,retest_probe,2,重新试盘,1,-2.0000000000000018,1.0000000000000009,-2.500000000000002,1,4.0000000000000036,5.000000000000004,-3.500000000000003,1,2.0000000000000018,5.000000000000004,-3.500000000000003,1,12.00000000000001,12.00000000000001,-3.500000000000003,1,2.499999999999991,13.99999999999999,-3.500000000000003,1,24.0,25.0,-3.500000000000003,1.0,3.0,3.0,9.0,9.0,29.0,30.0,2.0,,,,,1,1,1,1,0,0,0,0,0,0
sz002664,2024-10-24,first_probe,1,首次试盘,1,2.080237741456159,3.6404160475482783,-2.8974739970282326,1,1.7830609212481363,6.240713224368499,-2.8974739970282326,1,2.0059435364041533,6.240713224368499,-2.8974739970282326,1,14.784546805349175,32.838038632986624,-2.8974739970282326,1,6.90936106983655,32.838038632986624,-2.8974739970282326,1,-1.634472511144136,32.838038632986624,-4.011887072808329,1.0,1.0,3.0,7.0,7.0,8.0,8.0,24.0,,,,,1,1,1,1,0,0,0,0,0,0
sz002664,2025-07-28,retest_probe,2,重新试盘,1,3.394495412844023,5.504587155963292,-0.3669724770642313,1,-1.3302752293577913,5.504587155963292,-2.3853211009174258,1,0.917431192660545,5.504587155963292,-4.5412844036697315,1,8.25688073394495,12.018348623853225,-4.5412844036697315,1,28.57798165137615,33.348623853211,-4.5412844036697315,1,47.706422018348626,63.44036697247708,-4.5412844036697315,1.0,1.0,1.0,9.0,9.0,15.0,16.0,4.0,,,,,1,1,1,1,0,0,0,0,0,0
sz002667,2024-09-10,first_probe,1,首次试盘,1,10.078740157480315,10.078740157480315,0.7874015748031704,1,5.1968503937007915,21.10236220472441,0.7874015748031704,1,4.409448818897643,21.10236220472441,-2.0472440944881876,1,11.181102362204731,21.10236220472441,-6.141732283464563,1,22.047244094488192,46.7716535433071,-6.141732283464563,1,73.07086614173231,100.31496062992127,-6.141732283464563,1.0,1.0,1.0,1.0,1.0,2.0,2.0,7.0,7.0,,,,1,1,1,1,1,0,0,0,0,0
sz002667,2025-02-05,retest_probe,2,重新试盘,1,1.2578616352201255,1.2578616352201255,-1.8867924528301883,1,6.8134171907756835,7.756813417190789,-1.8867924528301883,1,8.071278825995831,9.538784067085949,-1.8867924528301883,1,5.3459119496855445,10.062893081761025,-1.8867924528301883,1,6.708595387840677,16.35220125786163,-1.8867924528301883,1,31.656184486373174,37.31656184486374,-1.8867924528301883,1.0,2.0,2.0,5.0,8.0,16.0,35.0,,,,,,1,1,1,1,0,0,0,0,0,0
sz002671,2025-05-23,first_probe,1,首次试盘,1,1.4084507042253724,1.8779342723004744,-1.1737089201877882,1,5.39906103286385,7.7464788732394485,-1.1737089201877882,1,5.39906103286385,10.093896713615047,-1.1737089201877882,1,5.868544600938974,11.267605633802823,-1.1737089201877882,1,6.572769953051649,11.267605633802823,-1.1737089201877882,1,23.474178403755875,23.474178403755875,-1.1737089201877882,1.0,2.0,2.0,4.0,4.0,35.0,40.0,,,,,,1,1,1,1,0,0,0,0,0,0
sz002676,2024-11-28,first_probe,1,首次试盘,1,5.124223602484457,5.900621118012417,-1.552795031055909,1,9.1614906832298,18.788819875776387,-1.552795031055909,1,7.298136645962727,18.788819875776387,-1.552795031055909,1,10.248447204968937,18.788819875776387,-1.552795031055909,1,-4.503105590062118,18.788819875776387,-9.627329192546586,1,-5.279503105590077,18.788819875776387,-18.788819875776397,1.0,1.0,1.0,2.0,2.0,3.0,,14.0,14.0,19.0,24.0,26.0,1,1,1,1,1,1,0,0,0,0
sz002682,2024-12-05,first_probe,1,首次试盘,1,-5.4635761589403975,-0.4966887417218624,-6.622516556291391,1,-8.609271523178819,-0.4966887417218624,-10.099337748344372,1,-2.814569536423839,-0.4966887417218624,-10.099337748344372,1,-18.21192052980132,6.788079470198682,-19.701986754966892,1,-34.10596026490066,6.788079470198682,-34.10596026490066,1,-26.986754966887418,6.788079470198682,-37.41721854304636,6.0,6.0,6.0,,,,,1.0,1.0,2.0,2.0,9.0,1,1,1,0,1,1,0,0,1,1
sz002682,2025-05-27,retest_probe,2,重新试盘,1,1.7751479289940697,5.917159763313595,-0.9861932938856177,1,-2.1696252465483346,7.692307692307687,-2.7613412228796985,1,3.3530571992110403,16.17357001972386,-2.7613412228796985,1,-3.9447731755424043,16.17357001972386,-6.508875739644971,1,-5.7199211045364855,16.17357001972386,-9.27021696252467,1,-4.536489151873779,16.17357001972386,-9.27021696252467,1.0,1.0,1.0,5.0,5.0,5.0,,7.0,9.0,12.0,,,1,1,1,1,1,1,0,0,0,0
sz002682,2025-06-18,retest_probe,3,重新试盘,1,-5.316973415132919,-1.4314928425357754,-5.521472392638027,1,-2.0449897750511203,-1.2269938650306678,-5.9304703476482645,1,-2.249488752556228,-0.4089979550102152,-5.9304703476482645,1,1.4314928425357865,5.316973415132931,-5.9304703476482645,1,-3.271983640081788,5.316973415132931,-5.9304703476482645,1,-1.0224948875255602,5.316973415132931,-5.9304703476482645,10.0,10.0,10.0,,,,,1.0,1.0,,,,1,1,1,0,1,0,0,0,1,0
sz002685,2025-01-09,first_probe,1,首次试盘,1,-3.490136570561453,3.9453717754172946,-3.793626707132014,1,1.365705614567525,3.9453717754172946,-7.132018209408186,1,1.9726858877086473,6.828528072837625,-7.132018209408186,1,-1.8209408194233667,6.828528072837625,-7.132018209408186,1,3.3383915022761723,9.104704097116855,-7.132018209408186,1,-0.30349013657055,12.89833080424887,-7.132018209408186,1.0,1.0,5.0,17.0,24.0,,,1.0,2.0,,,,1,1,1,1,1,0,0,0,1,0
sz002689,2024-10-22,first_probe,1,首次试盘,1,0.6329113924050667,1.8987341772152,-1.2658227848101222,1,-0.9493670886076,1.8987341772152,-2.2151898734177333,1,-0.6329113924050667,3.797468354430378,-2.5316455696202556,1,10.126582278481,15.506329113924044,-4.113924050632923,1,14.556962025316444,33.22784810126582,-4.113924050632923,1,37.9746835443038,74.68354430379745,-4.113924050632923,1.0,5.0,7.0,10.0,10.0,10.0,11.0,8.0,,,,,1,1,1,1,0,0,0,0,0,0
sz002691,2024-12-11,first_probe,1,首次试盘,1,0.6006006006006093,2.102102102102088,-1.3513513513513487,1,-3.7537537537537524,2.102102102102088,-4.8048048048048075,1,-11.261261261261257,2.102102102102088,-14.26426426426427,1,-23.57357357357358,2.102102102102088,-25.525525525525527,1,-26.726726726726735,2.102102102102088,-34.38438438438438,1,85.73573573573572,106.30630630630628,-34.38438438438438,1.0,26.0,27.0,27.0,27.0,28.0,28.0,3.0,4.0,4.0,4.0,8.0,1,1,1,1,1,1,0,0,1,1
sz002691,2025-02-14,retest_probe,2,重新试盘,1,6.305578011317703,9.620048504446244,-8.488278092158442,1,5.092966855295078,14.793856103476145,-8.488278092158442,1,-1.9401778496362043,14.793856103476145,-8.488278092158442,1,-21.746160064672594,14.793856103476145,-22.312045270816494,1,-21.907841552142273,14.793856103476145,-25.141471301535965,1,-36.37833468067906,14.793856103476145,-48.50444624090541,1.0,1.0,1.0,1.0,2.0,,,1.0,1.0,1.0,6.0,7.0,1,1,1,1,1,1,0,0,0,0
sz002691,2025-08-29,retest_probe,3,重新试盘,1,-1.6778523489932917,1.7897091722595126,-2.237136465324374,1,7.158836689038028,10.290827740492169,-2.237136465324374,1,8.83668903803132,10.738255033557053,-2.237136465324374,1,-0.22371364653243075,10.738255033557053,-2.572706935123026,1,-10.961968680089484,10.738255033557053,-14.76510067114093,1,-5.7046979865771785,10.738255033557053,-14.76510067114093,1.0,2.0,2.0,2.0,3.0,,,11.0,14.0,15.0,16.0,,1,1,1,1,1,1,0,0,0,0
sz002692,2025-01-15,first_probe,1,首次试盘,1,-4.592901878914402,-1.4613778705636848,-6.054279749478075,1,15.448851774530281,15.448851774530281,-7.51565762004176,1,14.822546972860117,39.665970772442606,-7.51565762004176,1,-2.2964509394572064,39.665970772442606,-8.350730688935293,1,-1.0438413361169019,39.665970772442606,-8.350730688935293,1,17.536534446764087,39.665970772442606,-8.350730688935293,2.0,2.0,2.0,3.0,3.0,3.0,4.0,1.0,1.0,9.0,,,1,1,1,1,1,1,0,0,1,0
sz002692,2025-05-26,retest_probe,2,重新试盘,1,2.564102564102555,3.5502958579881616,-1.183431952662728,1,5.325443786982231,7.495069033530566,-1.183431952662728,1,0.5917159763313418,7.495069033530566,-1.183431952662728,1,0.39447731755424265,7.495069033530566,-1.183431952662728,1,-4.3392504930966584,7.495069033530566,-9.467455621301779,1,3.155818540433919,7.495069033530566,-9.467455621301779,1.0,1.0,2.0,,,,,13.0,16.0,17.0,,,1,1,1,0,1,1,0,0,0,1
sz002693,2024-11-04,first_probe,1,首次试盘,1,-0.825627476882429,5.019815059445176,-7.5297225891677755,1,-7.595772787318367,5.019815059445176,-14.20079260237781,1,-8.520475561426688,5.019815059445176,-14.20079260237781,1,-25.594451783355353,5.019815059445176,-27.311756935270804,1,-18.89035667107002,5.019815059445176,-27.311756935270804,1,-42.998678996036986,5.019815059445176,-43.196829590488775,1.0,1.0,1.0,,,,,1.0,1.0,3.0,3.0,6.0,1,1,1,0,1,1,0,0,0,1
sz002693,2024-11-13,retest_probe,2,重新试盘,1,-0.4587155963302725,3.544620517097563,-3.252710592160135,1,-6.046705587989987,3.544620517097563,-8.215179316096744,1,13.678065054211853,13.678065054211853,-8.215179316096744,1,0.08340283569641116,30.108423686405338,-8.215179316096744,1,-5.379482902418675,30.108423686405338,-8.215179316096744,1,-32.94412010008341,30.108423686405338,-36.19683069224353,1.0,1.0,5.0,5.0,5.0,6.0,6.0,1.0,2.0,2.0,23.0,28.0,1,1,1,1,1,1,0,0,1,1
sz002696,2025-03-27,first_probe,1,首次试盘,1,-4.387568555758669,-0.9140767824497242,-4.570383912248632,1,-5.301645338208405,-0.9140767824497242,-8.40950639853748,1,-3.8391224862888484,-0.9140767824497242,-8.40950639853748,1,3.8391224862888373,3.8391224862888373,-16.453382084095058,1,-8.59232175502742,6.581352833638032,-16.453382084095058,1,5.850091407678248,10.786106032906773,-16.453382084095058,10.0,10.0,11.0,31.0,31.0,,,1.0,2.0,2.0,6.0,7.0,1,1,1,1,1,1,0,0,1,1
sz002700,2024-11-14,first_probe,1,首次试盘,1,-0.9560229445506829,0.8604206500955947,-3.0592734225621476,1,-2.6768642447418833,2.1032504780114536,-4.110898661567896,1,-2.103250478011476,3.0592734225621365,-4.110898661567896,1,-1.6252390057361565,3.0592734225621365,-5.353728489483755,1,2.1988527724665197,9.94263862332696,-5.353728489483755,1,-3.632887189292555,9.94263862332696,-8.317399617590826,1.0,5.0,14.0,18.0,,,,1.0,9.0,37.0,,,1,1,1,1,1,1,0,0,1,1
sz002702,2024-11-28,first_probe,1,首次试盘,1,2.2172949002217335,4.212860310421296,-0.44345898004433115,1,1.9955654101995624,7.095343680709543,-0.44345898004433115,1,0.8869179600886845,7.095343680709543,-1.1086474501108556,1,43.90243902439026,43.90243902439026,-1.1086474501108556,1,0.22172949002217113,58.09312638580933,-4.6563192904656265,1,-9.534368070953436,58.09312638580933,-14.855875831485587,1.0,1.0,2.0,6.0,6.0,8.0,9.0,19.0,26.0,26.0,26.0,,1,1,1,1,1,1,0,0,0,0
sz002702,2025-04-29,retest_probe,2,重新试盘,1,-2.2222222222222143,0.7407407407407529,-2.4691358024691246,1,0.9876543209876631,2.716049382716057,-2.4691358024691246,1,3.2098765432098775,4.938271604938271,-2.4691358024691246,1,3.9506172839506304,5.9259259259259345,-2.4691358024691246,1,3.9506172839506304,8.888888888888902,-2.4691358024691246,1,3.2098765432098775,9.135802469135811,-2.716049382716046,1.0,4.0,9.0,12.0,,,,,,,,,1,1,1,1,0,0,0,0,0,0
sz002703,2025-09-16,first_probe,1,首次试盘,1,2.8718703976436055,4.491899852724601,-1.9882179675994038,1,-3.8291605301914555,4.860088365243009,-4.786450662739328,1,5.449189985272462,5.449189985272462,-6.111929307805597,1,3.4609720176730585,11.045655375552288,-6.111929307805597,1,-2.135493372606778,11.045655375552288,-6.553755522827687,1,-6.038291605301915,11.045655375552288,-6.848306332842413,1.0,1.0,5.0,6.0,8.0,,,3.0,4.0,,,,1,1,1,1,1,0,0,0,1,0
sz002708,2024-09-02,first_probe,1,首次试盘,1,1.1936339522546469,1.724137931034475,-1.8567639257294433,1,-1.9893899204244114,3.4482758620689724,-2.652519893899208,1,-2.3872679045092826,3.4482758620689724,-3.05039787798409,1,-6.10079575596817,3.4482758620689724,-8.090185676392581,1,2.1220159151193574,18.965517241379317,-13.793103448275868,1,42.44031830238728,53.18302387267906,-13.793103448275868,1.0,2.0,18.0,18.0,19.0,19.0,28.0,5.0,9.0,10.0,13.0,,1,1,1,1,1,1,0,0,1,1
sz002708,2025-04-08,retest_probe,2,重新试盘,1,0.1980198019801982,2.3762376237623783,-9.999999999999998,1,3.960396039603964,6.138613861386144,-9.999999999999998,1,5.148514851485153,8.415841584158423,-9.999999999999998,1,1.1881188118811892,8.415841584158423,-9.999999999999998,1,21.8811881188119,24.752475247524753,-9.999999999999998,1,1.8811881188118829,24.752475247524753,-9.999999999999998,1.0,2.0,2.0,4.0,11.0,13.0,16.0,1.0,1.0,1.0,,,1,1,1,1,1,1,0,0,1,1
sz002713,2024-09-05,first_probe,1,首次试盘,1,-3.529411764705881,1.5686274509803866,-3.529411764705881,1,-3.137254901960773,1.5686274509803866,-6.666666666666665,1,-7.05882352941175,1.5686274509803866,-7.4509803921568585,1,-5.098039215686267,1.5686274509803866,-11.764705882352933,1,21.176470588235308,37.64705882352941,-11.764705882352933,1,78.43137254901961,117.64705882352943,-11.764705882352933,1.0,11.0,12.0,14.0,14.0,14.0,15.0,1.0,2.0,6.0,7.0,,1,1,1,1,1,1,0,0,1,1
sz002713,2025-04-28,retest_probe,2,重新试盘,1,4.938271604938271,4.938271604938271,1.4814814814814836,1,15.555555555555545,15.555555555555545,1.4814814814814836,1,27.407407407407412,27.407407407407412,1.4814814814814836,1,17.28395061728396,33.827160493827165,1.4814814814814836,1,18.024691358024715,33.827160493827165,1.4814814814814836,1,9.135802469135811,33.827160493827165,1.4814814814814836,1.0,1.0,2.0,2.0,2.0,3.0,4.0,,,,,,1,1,1,1,0,0,0,0,0,0
sz002715,2025-06-23,first_probe,1,首次试盘,1,-0.27995520716685984,3.3594624860022515,-0.8398656215005573,1,2.4636058230683267,4.703247480403139,-2.9675251959686566,1,3.3034714445688618,4.871220604703264,-2.9675251959686566,1,0.44792833146698463,8.06270996640539,-2.9675251959686566,1,6.718924972004481,9.182530795072786,-2.9675251959686566,1,3.8633818589025815,9.742441209406504,-7.78275475923853,1.0,1.0,6.0,8.0,,,,28.0,28.0,,,,1,1,1,1,1,0,0,0,0,0
sz002717,2024-11-04,first_probe,1,首次试盘,1,0.0,5.0793650793650835,-7.619047619047614,1,5.0793650793650835,5.0793650793650835,-12.698412698412698,1,-0.6349206349206327,14.285714285714302,-12.698412698412698,1,11.428571428571432,14.285714285714302,-12.698412698412698,1,13.015873015873014,19.999999999999996,-12.698412698412698,1,11.746031746031749,80.0,-12.698412698412698,1.0,1.0,1.0,4.0,4.0,11.0,21.0,1.0,1.0,3.0,3.0,,1,1,1,1,1,1,0,0,0,1
sz002717,2024-12-10,retest_probe,2,重新试盘,1,5.405405405405395,9.582309582309566,-6.6339066339066495,1,11.302211302211296,11.302211302211296,-6.6339066339066495,1,16.70761670761669,22.35872235872236,-6.6339066339066495,1,12.776412776412771,39.3120393120393,-6.6339066339066495,1,-12.776412776412782,39.3120393120393,-28.501228501228503,1,-5.405405405405405,39.3120393120393,-28.501228501228503,1.0,1.0,1.0,1.0,3.0,4.0,4.0,1.0,1.0,12.0,13.0,15.0,1,1,1,1,1,1,0,0,0,0
sz002717,2024-12-23,retest_probe,3,重新试盘,1,-9.999999999999998,-7.4509803921568585,-9.999999999999998,1,-25.294117647058822,-7.4509803921568585,-27.058823529411757,1,-30.980392156862735,-7.4509803921568585,-31.372549019607842,1,-36.66666666666666,-7.4509803921568585,-42.941176470588225,1,-34.90196078431372,-7.4509803921568585,-42.941176470588225,1,-25.294117647058822,-7.4509803921568585,-42.941176470588225,,,,,,,,1.0,1.0,1.0,2.0,2.0,0,0,0,0,1,1,1,1,1,1
sz002717,2024-12-25,continuous_probe,4,连续试盘,1,-7.748184019370452,-1.4527845036319542,-9.927360774818395,1,-14.769975786924938,-1.4527845036319542,-15.254237288135586,1,-18.401937046004836,-1.4527845036319542,-24.697336561743345,1,-16.94915254237288,-1.4527845036319542,-29.539951573849876,1,-21.791767554479414,-1.4527845036319542,-29.539951573849876,1,-9.443099273607736,10.411622276029053,-29.539951573849876,30.0,32.0,32.0,32.0,32.0,,,1.0,1.0,1.0,2.0,3.0,1,1,1,1,1,1,1,1,1,1
sz002723,2024-12-19,first_probe,1,首次试盘,1,-2.6315789473684292,0.6265664160400863,-3.508771929824561,1,-8.646616541353392,0.6265664160400863,-11.528822055137855,1,-12.406015037593987,0.6265664160400863,-16.541353383458645,1,-17.29323308270677,0.6265664160400863,-21.55388471177946,1,-14.786967418546372,0.6265664160400863,-22.305764411027575,1,10.526315789473673,12.656641604010034,-22.305764411027575,1.0,38.0,38.0,40.0,40.0,,,1.0,2.0,2.0,2.0,4.0,1,1,1,1,1,1,0,0,1,1
sz002724,2025-08-15,first_probe,1,首次试盘,1,2.8742514970059974,2.9940119760478945,-0.9580838323353325,1,-0.11976047904190823,3.113772455089814,-1.4371257485029876,1,-1.0778443113772407,3.113772455089814,-2.1556886227544925,1,-0.9580838323353325,3.113772455089814,-6.467065868263477,1,-5.988023952095811,3.113772455089814,-9.221556886227544,1,-8.023952095808385,3.113772455089814,-16.167664670658677,1.0,2.0,,,,,,8.0,9.0,13.0,24.0,35.0,1,1,0,0,1,1,0,0,1,1
sz002725,2024-10-16,first_probe,1,首次试盘,1,-4.751847940865906,-1.1615628299894487,-4.96304118268216,1,15.205913410770844,15.205913410770844,-5.913410770855343,1,15.205913410770844,26.187961985216468,-5.913410770855343,1,85.53326293558605,85.53326293558605,-5.913410770855343,1,40.12671594508974,103.59028511087645,-5.913410770855343,1,42.66103484688488,103.59028511087645,-5.913410770855343,2.0,2.0,3.0,3.0,3.0,3.0,4.0,1.0,2.0,,,,1,1,1,1,1,0,0,0,1,0
sz002725,2025-04-25,retest_probe,2,重新试盘,1,-1.074306177260509,1.1638316920322467,-1.5219337511190645,1,2.86481647269472,4.118173679498671,-2.32766338406446,1,7.072515666965096,9.221128021486113,-2.32766338406446,1,5.550581915846009,9.221128021486113,-2.32766338406446,1,6.535362578334825,14.50313339301701,-2.32766338406446,1,6.266786034019689,14.50313339301701,-2.32766338406446,1.0,3.0,4.0,5.0,13.0,,,,,,,,1,1,1,1,0,0,0,0,0,0
sz002725,2025-08-21,retest_probe,3,重新试盘,1,-4.272445820433424,-0.7430340557275428,-5.510835913312684,1,-6.563467492260056,-0.7430340557275428,-6.625386996904014,1,-8.173374613003093,-0.7430340557275428,-11.02167182662538,1,-11.269349845201226,-0.7430340557275428,-13.003095975232181,1,-8.544891640866869,-0.7430340557275428,-13.684210526315788,1,2.1052631578947434,6.439628482972148,-13.684210526315788,29.0,29.0,29.0,,,,,1.0,1.0,4.0,5.0,,1,1,1,0,1,1,1,1,1,1
sz002730,2025-01-13,first_probe,1,首次试盘,1,6.317300789662594,9.332376166547029,-7.250538406317297,1,22.75664034458005,27.063890882986353,-7.250538406317297,1,48.52835606604453,48.52835606604453,-7.250538406317297,1,65.47020818377602,97.70279971284997,-7.250538406317297,1,36.82699210337401,97.70279971284997,-7.250538406317297,1,42.569992821249095,97.70279971284997,-7.250538406317297,1.0,1.0,1.0,1.0,2.0,2.0,3.0,1.0,1.0,,,,1,1,1,1,1,0,0,0,0,0
sz002733,2025-06-11,first_probe,1,首次试盘,1,-1.0545905707196157,0.0,-2.2332506203474045,1,-2.2332506203474045,0.0,-3.5359801488833775,1,-2.79156327543425,0.0,-4.094292803970223,1,4.1563275434242986,4.466501240694787,-5.210918114143926,1,2.5434243176178706,5.893300248138944,-5.210918114143926,1,8.188585607940446,11.166253101736977,-5.210918114143926,1.0,10.0,11.0,40.0,40.0,,,2.0,8.0,,,,1,1,1,1,1,0,0,0,1,0
sz002735,2025-03-28,first_probe,1,首次试盘,1,-1.8867924528301772,3.113207547169816,-7.641509433962268,1,3.301886792452824,8.867924528301874,-7.641509433962268,1,-12.547169811320757,8.867924528301874,-12.547169811320757,1,-15.283018867924525,8.867924528301874,-29.150943396226413,1,-11.509433962264136,8.867924528301874,-29.150943396226413,1,106.13207547169812,106.13207547169812,-29.150943396226413,1.0,1.0,2.0,3.0,30.0,31.0,32.0,1.0,1.0,5.0,5.0,6.0,1,1,1,1,1,1,0,0,1,0
sz002738,2025-07-17,first_probe,1,首次试盘,1,4.146191646191633,5.52825552825551,0.7678132678132776,1,10.073710073710075,10.196560196560188,0.7678132678132776,1,18.550368550368557,18.857493857493868,0.7678132678132776,1,11.056511056511042,23.6179361179361,0.7678132678132776,1,22.266584766584764,32.92383292383292,0.7678132678132776,1,29.361179361179346,38.45208845208843,0.7678132678132776,1.0,1.0,1.0,3.0,3.0,5.0,6.0,,,,,,1,1,1,1,0,0,0,0,0,0
sz002757,2024-10-23,first_probe,1,首次试盘,1,-1.0393466963622866,-0.6681514476614692,-2.6726057906458878,1,4.677060133630273,5.642167780252416,-2.6726057906458878,1,2.821083890126208,6.7557535263548685,-2.6726057906458878,1,-1.8559762435040872,6.7557535263548685,-5.56792873051225,1,51.818856718633995,51.818856718633995,-5.56792873051225,1,12.546399406087595,51.818856718633995,-5.56792873051225,2.0,3.0,3.0,16.0,16.0,17.0,17.0,7.0,7.0,,,,1,1,1,1,1,0,0,0,0,0
sz002760,2025-04-18,first_probe,1,首次试盘,1,-0.2718868950516651,0.16313213703100793,-1.5769439912996175,1,0.6525285481239873,2.6644915715062556,-1.5769439912996175,1,-0.4893964110929794,2.6644915715062556,-3.4801522566612286,1,7.014681892332786,7.558455682436116,-3.4801522566612286,1,7.830342577487759,15.443175638934203,-3.4801522566612286,1,-2.066340402392597,15.443175638934203,-3.4801522566612286,1.0,8.0,9.0,11.0,12.0,14.0,,4.0,,,,,1,1,1,1,0,0,0,0,0,0
sz002761,2024-12-06,first_probe,1,首次试盘,1,1.3133208255159623,4.878048780487809,-2.157598499061919,1,0.2814258911819856,4.971857410881797,-2.157598499061919,1,-4.596622889305813,4.971857410881797,-4.596622889305813,1,-9.380863039399623,4.971857410881797,-10.600375234521586,1,-22.983114446529072,4.971857410881797,-24.76547842401502,1,-17.636022514071303,4.971857410881797,-27.204502814258912,1.0,1.0,,,,,,5.0,6.0,7.0,9.0,13.0,1,1,0,0,1,1,0,0,1,1
sz002762,2024-09-19,first_probe,1,首次试盘,1,-1.773049645390068,0.7092198581560183,-2.3049645390070927,1,-0.7092198581560294,0.7092198581560183,-4.07801418439716,1,7.624113475177308,7.978723404255317,-4.07801418439716,1,14.539007092198597,38.47517730496455,-4.07801418439716,1,30.14184397163122,38.47517730496455,-4.07801418439716,1,24.113475177304977,57.44680851063833,-4.07801418439716,1.0,4.0,5.0,6.0,6.0,6.0,7.0,2.0,,,,,1,1,1,1,0,0,0,0,0,0
sz002766,2025-01-10,first_probe,1,首次试盘,1,-0.18050541516244634,0.5415162454873723,-4.151624548736466,1,7.942238267148016,9.386281588447654,-4.151624548736466,1,13.176895306859194,20.036101083032488,-4.151624548736466,1,11.913357400722013,20.036101083032488,-4.151624548736466,1,18.050541516245477,25.270758122743686,-4.151624548736466,1,22.563176895306867,25.270758122743686,-4.151624548736466,1.0,2.0,2.0,3.0,4.0,4.0,5.0,1.0,,,,,1,1,1,1,0,0,0,0,0,0
sz002768,2025-08-01,first_probe,1,首次试盘,1,-1.538461538461533,0.6993006993007089,-8.867132867132877,1,9.23076923076922,11.832167832167828,-8.867132867132877,1,10.685314685314683,12.111888111888103,-8.867132867132877,1,27.608391608391592,28.111888111888096,-8.867132867132877,1,35.04895104895105,45.73426573426573,-8.867132867132877,1,29.510489510489514,49.650349650349646,-8.867132867132877,1.0,2.0,2.0,3.0,3.0,8.0,10.0,1.0,1.0,1.0,,,1,1,1,1,1,1,0,0,1,1
sz002771,2025-11-24,first_probe,1,首次试盘,1,2.3121387283236983,3.988439306358371,-2.254335260115614,1,-1.7919075144508856,3.988439306358371,-3.8150289017341077,1,-1.2716763005780507,3.988439306358371,-3.8150289017341077,1,-7.57225433526012,3.988439306358371,-11.387283236994229,1,-13.641618497109832,3.988439306358371,-17.34104046242775,0,,,,1.0,1.0,,,,,,3.0,7.0,8.0,8.0,16.0,1,1,0,0,1,1,0,0,1,1
sz002777,2024-09-09,first_probe,1,首次试盘,1,7.0789259560618545,9.519934906427995,-1.3832384052074875,1,6.102522375915376,9.519934906427995,-1.3832384052074875,1,1.057770545158676,9.519934906427995,-1.3832384052074875,1,13.018714401952813,17.168429617575278,-1.3832384052074875,1,56.712774613506944,70.87062652563061,-1.3832384052074875,1,88.03905614320587,103.66151342554923,-1.3832384052074875,1.0,1.0,1.0,1.0,8.0,10.0,12.0,,,,,,1,1,1,1,0,0,0,0,0,0
sz002777,2024-10-11,retest_probe,2,重新试盘,1,7.839616995810883,8.318372232196293,-1.9748653500897828,1,15.260323159784562,15.260323159784562,-1.9748653500897828,1,19.68880909634949,25.673249551166965,-1.9748653500897828,1,34.82944344703771,36.98384201077198,-1.9748653500897828,1,39.43746259724716,44.524236983842,-1.9748653500897828,1,25.014961101137033,49.79054458408139,-1.9748653500897828,1.0,1.0,1.0,1.0,2.0,3.0,4.0,,,,,,1,1,1,1,0,0,0,0,0,0
sz002778,2024-12-30,first_probe,1,首次试盘,1,-3.6955322669608326,2.0408163265306145,-3.6955322669608326,1,-1.2134583563154888,6.0672917815775,-3.6955322669608326,1,1.2686155543298439,6.0672917815775,-6.729178157749582,1,-1.4340871483728534,6.0672917815775,-7.832322118036394,1,-6.343077771649197,6.0672917815775,-9.652509652509655,1,12.520683949255385,21.290678433535582,-9.652509652509655,1.0,2.0,2.0,36.0,36.0,37.0,37.0,1.0,4.0,19.0,,,1,1,1,1,1,1,0,0,0,1
sz002779,2025-05-19,first_probe,1,首次试盘,1,-4.0000000000000036,0.952380952380949,-4.285714285714293,1,-11.079365079365077,0.952380952380949,-11.38095238095238,1,-14.214285714285712,0.952380952380949,-15.357142857142858,1,-22.896825396825392,0.952380952380949,-23.111111111111114,1,-39.214285714285715,0.952380952380949,-45.38888888888889,1,-38.01587301587303,0.952380952380949,-45.38888888888889,1.0,,,,,,,1.0,2.0,2.0,2.0,5.0,1,1,0,0,1,1,0,0,1,1
sz002780,2024-11-06,first_probe,1,首次试盘,1,9.999999999999986,9.999999999999986,0.707964601769917,1,14.955752212389385,18.31858407079645,0.707964601769917,1,12.123893805309738,20.619469026548675,0.707964601769917,1,10.973451327433615,20.619469026548675,0.707964601769917,1,16.19469026548672,27.256637168141594,0.707964601769917,1,17.345132743362825,41.5929203539823,-0.4424778761062065,1.0,1.0,1.0,1.0,2.0,2.0,4.0,,,,,,1,1,1,1,0,0,0,0,0,0
sz002786,2025-09-03,first_probe,1,首次试盘,1,-0.27881040892192566,1.0223048327137496,-3.810408921933084,1,1.2081784386617223,2.4163568773234223,-3.810408921933084,1,-3.438661710037172,2.4163568773234223,-3.810408921933084,1,-6.8773234200743545,2.4163568773234223,-8.457249070631967,1,-15.427509293680297,2.4163568773234223,-16.356877323420072,1,-12.546468401486987,2.4163568773234223,-18.401486988847594,1.0,,,,,,,1.0,8.0,9.0,12.0,18.0,1,1,0,0,1,1,0,0,1,1
sz002789,2025-11-05,first_probe,1,首次试盘,1,-5.016447368421051,-1.5625,-5.016447368421051,1,-5.838815789473695,-1.5625,-10.361842105263152,1,-6.825657894736848,1.2335526315789602,-10.361842105263152,1,3.5361842105263053,9.046052631578938,-10.361842105263152,1,-14.309210526315796,9.046052631578938,-16.529605263157897,1,-13.815789473684204,9.046052631578938,-37.335526315789465,5.0,9.0,10.0,10.0,,,,1.0,1.0,2.0,3.0,16.0,1,1,1,1,1,1,0,0,1,1
sz002790,2024-12-02,first_probe,1,首次试盘,1,-2.8169014084507116,-0.23474178403755097,-3.5211267605633645,1,-5.164319248826288,-0.23474178403755097,-6.103286384976525,1,-4.577464788732377,-0.23474178403755097,-6.220657276995301,1,0.0,3.6384976525821733,-6.220657276995301,1,-13.0281690140845,3.6384976525821733,-14.084507042253513,1,-14.436619718309851,3.6384976525821733,-21.126760563380277,6.0,8.0,,,,,,1.0,2.0,13.0,15.0,22.0,1,1,0,0,1,1,0,0,1,1
sz002798,2025-09-12,first_probe,1,首次试盘,1,-1.0510510510510551,1.2012012012011963,-1.8018018018018056,1,-1.0510510510510551,1.2012012012011963,-2.7027027027026973,1,-3.3033033033032955,1.2012012012011963,-4.654654654654666,1,-4.504504504504503,1.2012012012011963,-8.108108108108103,1,-9.30930930930931,1.2012012012011963,-10.06006006006006,1,-1.6516516516516533,1.2012012012011963,-10.06006006006006,1.0,,,,,,,4.0,7.0,7.0,20.0,,1,1,0,0,1,1,0,0,1,1
sz002799,2024-09-12,first_probe,1,首次试盘,1,1.506024096385561,4.06626506024097,-2.7108433734939763,1,5.120481927710863,7.078313253012047,-2.7108433734939763,1,2.7108433734939874,10.692771084337348,-2.7108433734939763,1,19.57831325301207,21.987951807228924,-2.7108433734939763,1,11.746987951807242,31.32530120481929,-2.7108433734939763,1,16.26506024096386,42.31927710843373,-2.7108433734939763,1.0,1.0,2.0,4.0,4.0,10.0,10.0,,,,,,1,1,1,1,0,0,0,0,0,0
sz002799,2024-09-20,continuous_probe,2,连续试盘,1,-3.672316384180785,0.4237288135593209,-3.9548022598870136,1,-2.259887005649719,0.4237288135593209,-4.6610169491525415,1,4.802259887005644,5.225988700564965,-4.6610169491525415,1,5.36723163841808,23.163841807909602,-4.6610169491525415,1,8.47457627118644,23.163841807909602,-4.6610169491525415,1,13.418079096045176,33.47457627118644,-4.6610169491525415,1.0,5.0,5.0,6.0,6.0,7.0,7.0,1.0,,,,,1,1,1,1,0,0,0,0,0,0
sz002799,2025-05-09,retest_probe,3,重新试盘,1,-3.39195979899497,-1.3819095477387022,-4.396984924623116,1,-3.5175879396984966,-0.12562814070351536,-4.648241206030157,1,-3.8944723618090427,-0.12562814070351536,-5.150753768844218,1,-3.39195979899497,0.37688442211054607,-5.150753768844218,1,3.1407035175879505,7.788944723618085,-5.150753768844218,1,7.286432160804002,13.94472361809045,-5.150753768844218,7.0,20.0,20.0,25.0,29.0,,,1.0,4.0,,,,1,1,1,1,1,0,0,0,1,0
sz002799,2025-11-18,retest_probe,4,重新试盘,1,-0.33222591362125353,2.7685492801771794,-1.5503875968992165,1,-5.647840531561455,2.7685492801771794,-6.0908084163898035,1,1.9933554817275878,7.198228128460693,-6.0908084163898035,1,3.875968992248069,11.074197120708739,-6.0908084163898035,1,-4.318936877076396,11.074197120708739,-8.194905869324476,0,,,,1.0,5.0,5.0,10.0,10.0,,,3.0,3.0,19.0,,,1,1,1,1,1,1,0,0,1,0
sz002799,2025-11-27,retest_probe,5,重新试盘,1,-0.6493506493506551,1.0822510822510845,-1.7316017316017285,1,1.5151515151515138,8.54978354978353,-3.2467532467532534,1,-3.2467532467532534,8.54978354978353,-3.6796536796536827,1,-6.277056277056281,8.54978354978353,-6.385281385281383,1,-3.8961038961038863,8.54978354978353,-10.28138528138529,0,,,,1.0,3.0,3.0,3.0,,,,3.0,6.0,11.0,12.0,,1,1,1,1,1,1,0,0,0,0
sz002800,2025-03-12,first_probe,1,首次试盘,1,-0.9751773049645363,0.9751773049645474,-2.393617021276595,1,1.8617021276595924,1.9503546099290947,-2.393617021276595,1,0.44326241134753364,5.2304964539007015,-2.393617021276595,1,-5.939716312056742,5.2304964539007015,-11.347517730496449,1,28.63475177304966,28.63475177304966,-13.918439716312047,1,10.017730496453915,41.48936170212767,-13.918439716312047,1.0,4.0,4.0,19.0,19.0,19.0,20.0,8.0,8.0,8.0,8.0,,1,1,1,1,1,1,0,0,0,1
sz002809,2025-03-21,first_probe,1,首次试盘,1,-2.1134593993325845,3.4482758620689724,-4.449388209121253,1,-0.6674082313681939,3.4482758620689724,-7.897664071190224,1,-3.6707452725250334,3.4482758620689724,-7.897664071190224,1,-16.68520578420467,3.4482758620689724,-16.68520578420467,1,17.24137931034482,17.24137931034482,-26.362625139043384,1,60.622914349276954,104.5606229143493,-26.362625139043384,1.0,1.0,19.0,20.0,20.0,20.0,21.0,1.0,2.0,6.0,6.0,10.0,1,1,1,1,1,1,0,0,1,1
sz002809,2025-06-16,retest_probe,2,重新试盘,1,-0.6037735849056647,2.490566037735853,-1.8867924528301883,1,-8.150943396226417,3.018867924528301,-8.679245283018865,1,-4.603773584905657,3.018867924528301,-10.867924528301886,1,-1.4339622641509342,3.018867924528301,-10.867924528301886,1,-4.3018867924528355,13.056603773584907,-10.867924528301886,1,-6.188679245283025,13.056603773584907,-10.867924528301886,1.0,2.0,11.0,12.0,12.0,,,2.0,3.0,3.0,4.0,,1,1,1,1,1,1,0,0,1,1
sz002811,2025-02-13,first_probe,1,首次试盘,1,4.222821203953275,4.941599281221909,-2.066486972147352,1,1.3477088948786964,14.375561545372872,-2.066486972147352,1,1.7070979335130243,14.375561545372872,-2.066486972147352,1,-2.066486972147352,14.375561545372872,-4.492362982929022,1,-4.85175202156335,14.375561545372872,-9.973045822102433,1,-21.203953279424994,14.375561545372872,-32.52470799640612,1.0,1.0,2.0,2.0,2.0,,,10.0,12.0,12.0,26.0,32.0,1,1,1,1,1,1,0,0,0,0
sz002816,2025-04-28,first_probe,1,首次试盘,1,4.995539696699369,4.995539696699369,3.0330062444246186,1,15.789473684210531,15.789473684210531,3.0330062444246186,1,27.653880463871538,27.653880463871538,3.0330062444246186,1,50.04460303300624,50.04460303300624,3.0330062444246186,1,65.12042818911685,82.3371989295272,3.0330062444246186,1,62.979482604817115,82.3371989295272,3.0330062444246186,1.0,1.0,2.0,2.0,2.0,3.0,4.0,,,,,,1,1,1,1,0,0,0,0,0,0
sz002819,2025-08-19,first_probe,1,首次试盘,1,-1.3238916256157585,-0.49261083743841194,-3.5714285714285587,1,-0.030788177339891032,8.528325123152714,-3.5714285714285587,1,-3.2635467980295374,8.528325123152714,-3.633004926108363,1,-8.62068965517241,8.528325123152714,-9.359605911330037,1,-8.805418719211811,8.528325123152714,-13.331280788177335,1,-13.084975369458117,8.528325123152714,-15.055418719211811,2.0,2.0,2.0,2.0,,,,1.0,6.0,10.0,11.0,37.0,1,1,1,1,1,1,0,0,0,0
sz002820,2025-10-23,first_probe,1,首次试盘,1,-3.203661327231122,-0.30511060259343914,-3.3562166285278416,1,-0.9153318077803174,-0.30511060259343914,-4.04271548436308,1,-6.025934401220434,-0.30511060259343914,-6.178489702517154,1,2.6697177726926036,4.729214340198329,-6.178489702517154,1,2.3646071700991644,18.840579710144922,-6.178489702517154,1,-3.58504958047291,18.840579710144922,-10.450038138825324,7.0,9.0,11.0,12.0,12.0,13.0,,1.0,4.0,36.0,36.0,,1,1,1,1,1,1,0,0,1,1
sz002823,2025-02-24,first_probe,1,首次试盘,1,1.6414141414141437,4.040404040404044,-0.18939393939393367,1,4.292929292929282,5.429292929292928,-0.18939393939393367,1,0.37878787878788955,5.429292929292928,-1.1994949494949503,1,-0.31565656565657463,5.429292929292928,-1.1994949494949503,1,-1.0732323232323204,7.828282828282829,-5.113636363636365,1,-19.38131313131314,7.828282828282829,-32.51262626262626,1.0,1.0,3.0,,,,,11.0,14.0,25.0,25.0,29.0,1,1,1,0,1,1,0,0,0,1
sz002824,2025-06-26,first_probe,1,首次试盘,1,3.2738095238095344,4.166666666666652,-0.059523809523820415,1,0.6547619047619024,9.464285714285703,-0.952380952380949,1,-0.29761904761904656,9.464285714285703,-1.72619047619047,1,-0.29761904761904656,9.464285714285703,-2.9761904761904767,1,0.29761904761904656,9.464285714285703,-3.571428571428581,1,15.714285714285726,20.952380952380945,-3.571428571428581,1.0,1.0,2.0,2.0,30.0,31.0,32.0,13.0,,,,,1,1,1,1,0,0,0,0,0,0
sz002825,2025-02-12,first_probe,1,首次试盘,1,-2.450408401400239,0.7001166861143604,-2.5670945157526326,1,-0.4667444574095736,0.7001166861143604,-4.0840140023337135,1,-1.6336056009334965,0.7001166861143604,-4.0840140023337135,1,1.4002333722286986,2.450408401400228,-4.0840140023337135,1,2.100350058343059,7.234539089848302,-4.0840140023337135,1,-4.900816802800467,12.952158693115523,-22.987164527421243,1.0,12.0,12.0,23.0,23.0,,,2.0,37.0,37.0,37.0,38.0,1,1,1,1,1,1,0,0,1,1
sz002827,2025-07-04,first_probe,1,首次试盘,1,5.803571428571419,8.065476190476195,-0.08928571428571397,1,4.821428571428554,8.36309523809522,-0.08928571428571397,1,13.988095238095234,16.041666666666664,-0.08928571428571397,1,14.851190476190478,23.005952380952376,-0.08928571428571397,1,38.51190476190476,84.22619047619047,-0.08928571428571397,1,26.517857142857125,84.22619047619047,-0.08928571428571397,1.0,1.0,1.0,1.0,4.0,5.0,6.0,,,,,,1,1,1,1,0,0,0,0,0,0
sz002828,2025-10-23,first_probe,1,首次试盘,1,-5.87748344370862,2.2350993377483475,-6.622516556291391,1,-5.3807947019867575,2.2350993377483475,-8.526490066225156,1,-7.615894039735094,2.2350993377483475,-8.526490066225156,1,-2.814569536423839,2.2350993377483475,-8.526490066225156,1,-3.062913907284759,3.9735099337748325,-8.526490066225156,1,-12.25165562913908,3.9735099337748325,-15.72847682119206,1.0,14.0,,,,,,1.0,1.0,2.0,21.0,39.0,1,1,0,0,1,1,0,0,1,1
sz002829,2024-10-17,first_probe,1,首次试盘,1,1.060267857142838,2.790178571428581,-3.7388392857142905,1,6.863839285714257,10.49107142857142,-3.7388392857142905,1,5.58035714285714,14.00669642857142,-3.7388392857142905,1,12.44419642857142,14.00669642857142,-3.7388392857142905,1,19.308035714285698,24.66517857142856,-3.7388392857142905,1,36.04910714285712,43.58258928571428,-3.7388392857142905,1.0,2.0,2.0,2.0,3.0,13.0,15.0,1.0,,,,,1,1,1,1,0,0,0,0,0,0
sz002836,2025-09-22,first_probe,1,首次试盘,1,-2.162162162162151,0.0,-5.729729729729726,1,-1.1891891891891881,2.5945945945945903,-5.729729729729726,1,3.8918918918918965,4.540540540540539,-5.729729729729726,1,14.5945945945946,18.37837837837837,-5.729729729729726,1,17.729729729729726,28.540540540540537,-5.729729729729726,1,51.02702702702704,74.4864864864865,-5.729729729729726,1.0,5.0,6.0,6.0,6.0,10.0,17.0,1.0,1.0,,,,1,1,1,1,1,0,0,0,1,0
sz002838,2024-09-26,first_probe,1,首次试盘,1,6.730769230769229,9.829059829059839,0.5341880341880323,1,20.72649572649574,29.059829059829067,0.5341880341880323,1,12.5,29.059829059829067,0.5341880341880323,1,7.9059829059829,29.059829059829067,0.5341880341880323,1,41.987179487179496,71.90170940170941,0.5341880341880323,1,41.55982905982907,71.90170940170941,0.5341880341880323,1.0,1.0,1.0,1.0,2.0,2.0,3.0,,,,,,1,1,1,1,0,0,0,0,0,0
sz002838,2025-04-14,retest_probe,2,重新试盘,1,-2.1403091557669396,0.9512485136742077,-3.4482758620689724,1,-2.9131985731272403,0.9512485136742077,-6.123662306777655,1,-4.340071343638529,0.9512485136742077,-7.074910820451841,1,-9.512485136741965,0.9512485136742077,-9.98810939357907,1,3.388822829964333,5.826397146254458,-9.98810939357907,1,6.896551724137923,16.884661117717002,-9.98810939357907,1.0,16.0,20.0,21.0,21.0,24.0,,1.0,2.0,9.0,,,1,1,1,1,1,1,0,0,1,1
sz002842,2024-12-02,first_probe,1,首次试盘,1,-4.6571798188874585,-1.0349288486416586,-5.045278137128085,1,-5.950840879689534,-1.0349288486416586,-8.02069857697283,1,-3.1047865459249757,-1.0349288486416586,-8.02069857697283,1,-5.692108667529117,-1.0349288486416586,-8.02069857697283,1,-17.335058214747747,-1.0349288486416586,-20.181112548512292,1,-14.618369987063396,-1.0349288486416586,-25.355756791720573,,,,,,,,1.0,1.0,3.0,11.0,15.0,0,0,0,0,1,1,1,1,1,1
sz002843,2025-02-18,first_probe,1,首次试盘,1,2.6365348399246757,3.5028248587570587,-1.6572504708098013,1,17.36346516007532,17.36346516007532,-1.6572504708098013,1,10.65913370998115,17.36346516007532,-1.6572504708098013,1,-1.0922787193973549,17.36346516007532,-3.992467043314507,1,2.824858757062154,17.36346516007532,-5.536723163841817,1,-23.502824858757066,17.36346516007532,-38.79472693032015,1.0,1.0,2.0,3.0,3.0,3.0,,9.0,15.0,23.0,23.0,24.0,1,1,1,1,1,1,0,0,0,0
sz002846,2025-02-07,first_probe,1,首次试盘,1,1.4672686230248422,2.1444695259593916,-1.3544018058690654,1,4.740406320541757,5.8690744920993465,-1.3544018058690654,1,-0.4514672686230181,6.659142212189617,-1.3544018058690654,1,-0.4514672686230181,6.659142212189617,-1.9187358916478603,1,7.787810383747185,10.609480812641102,-3.4988713318284237,1,-10.948081264108344,37.810383747178356,-10.948081264108344,1.0,2.0,2.0,16.0,19.0,21.0,22.0,11.0,40.0,40.0,40.0,,1,1,1,1,1,1,0,0,0,1
sz002848,2024-12-23,first_probe,1,首次试盘,1,-9.949748743718578,-7.537688442211055,-9.949748743718578,1,-19.2964824120603,-7.537688442211055,-27.135678391959793,1,-21.20603015075376,-7.537688442211055,-27.135678391959793,1,-27.236180904522612,-7.537688442211055,-33.66834170854271,1,-28.14070351758793,-7.537688442211055,-34.472361809045225,1,-30.050251256281403,-7.537688442211055,-44.723618090452256,,,,,,,,1.0,1.0,1.0,2.0,2.0,0,0,0,0,1,1,1,1,1,1
sz002848,2025-02-25,retest_probe,2,重新试盘,1,-1.4164305949008416,0.4249291784702569,-2.2662889518413443,1,-1.1331444759206666,4.107648725212476,-6.232294617563728,1,-2.6912181303116123,4.107648725212476,-6.232294617563728,1,-3.541076487252126,4.107648725212476,-7.082152974504252,1,-15.722379603399428,4.107648725212476,-17.13881019830028,1,-23.229461756373937,4.107648725212476,-37.677053824362595,1.0,3.0,,,,,,2.0,2.0,19.0,19.0,20.0,1,1,0,0,1,1,0,0,1,1
sz002853,2024-12-13,first_probe,1,首次试盘,1,7.334963325183375,9.453952730236349,-0.08149959250203231,1,-0.6519967400163029,9.453952730236349,-6.193969030154845,1,-4.482477587612054,9.453952730236349,-6.193969030154845,1,-5.78647106764465,9.453952730236349,-17.277913610431938,1,-19.070904645476773,9.453952730236349,-23.30888345558272,1,-5.21597392013039,9.453952730236349,-23.30888345558272,1.0,1.0,1.0,1.0,,,,2.0,3.0,7.0,7.0,8.0,1,1,1,1,1,1,0,0,0,0
sz002855,2025-02-24,first_probe,1,首次试盘,1,4.837209302325585,9.999999999999986,-2.372093023255817,1,-0.0465116279069866,9.999999999999986,-2.372093023255817,1,-7.348837209302317,9.999999999999986,-7.906976744186045,1,-6.325581395348834,9.999999999999986,-8.511627906976738,1,-11.813953488372086,9.999999999999986,-13.90697674418604,1,-24.372093023255804,9.999999999999986,-37.302325581395344,1.0,1.0,1.0,1.0,,,,4.0,4.0,6.0,14.0,25.0,1,1,1,1,1,1,0,0,0,0
sz002855,2025-06-18,retest_probe,2,重新试盘,1,0.6820566631689617,2.833158447009465,-2.9380902413431165,1,-1.836306400839438,2.833158447009465,-4.6694648478488805,1,-0.6295907660020861,2.833158447009465,-4.6694648478488805,1,-0.3672612801678965,5.876180482686255,-4.6694648478488805,1,-5.351521511017832,5.876180482686255,-7.712486883525704,1,-1.9937040923399763,5.876180482686255,-8.184679958027274,1.0,9.0,9.0,,,,,2.0,16.0,29.0,,,1,1,1,0,1,1,0,0,0,1
sz002855,2025-08-20,retest_probe,3,重新试盘,1,-0.7920792079207928,3.3663366336633693,-2.1287128712871306,1,-1.8811881188118718,3.3663366336633693,-2.1287128712871306,1,-2.4752475247524774,3.3663366336633693,-3.069306930693072,1,-7.524752475247521,3.3663366336633693,-7.871287128712867,1,-5.940594059405935,3.3663366336633693,-9.207920792079205,1,-14.900990099009892,3.3663366336633693,-19.950495049504934,1.0,1.0,,,,,,4.0,6.0,11.0,24.0,27.0,1,1,0,0,1,1,0,0,1,1
sz002855,2025-11-25,retest_probe,4,重新试盘,1,1.1524358302776205,2.3572551073860692,-5.028810895756941,1,-2.776322682032484,2.3572551073860692,-5.028810895756941,1,2.0429544264012556,6.966998428496596,-5.028810895756941,1,-2.671555788370883,6.966998428496596,-5.028810895756941,1,-14.772132006286022,6.966998428496596,-15.086432687270811,0,,,,1.0,4.0,4.0,,,,,1.0,1.0,11.0,12.0,17.0,1,1,1,0,1,1,0,0,1,1
sz002857,2024-11-15,first_probe,1,首次试盘,1,-0.8097165991902799,4.3724696356275405,-2.7530364372469585,1,4.129554655870438,5.182186234817809,-2.7530364372469585,1,-0.16194331983805377,6.477732793522284,-2.7530364372469585,1,9.068825910931189,13.36032388663968,-2.7530364372469585,1,19.59514170040486,23.643724696356273,-2.7530364372469585,1,-4.048582995951422,23.643724696356273,-12.469635627530362,1.0,1.0,3.0,9.0,9.0,14.0,20.0,28.0,34.0,35.0,35.0,,1,1,1,1,1,1,0,0,0,0
sz002858,2024-11-13,first_probe,1,首次试盘,1,-9.27007299270073,-3.795620437956204,-9.85401459854014,1,-14.30656934306569,-3.795620437956204,-15.109489051094883,1,-8.978102189781012,-3.795620437956204,-15.328467153284675,1,-2.5547445255474477,-1.7518248175182327,-15.328467153284675,1,1.3138686131386912,3.5766423357664223,-15.328467153284675,1,-19.12408759124087,14.08759124087593,-25.620437956204377,12.0,19.0,22.0,22.0,22.0,,,1.0,1.0,1.0,2.0,3.0,1,1,1,1,1,1,1,0,1,1
sz002861,2024-12-17,first_probe,1,首次试盘,1,9.992810927390373,9.992810927390373,-4.6010064701653475,1,4.529115744069001,16.175413371675052,-4.6010064701653475,1,-8.267433501078358,16.175413371675052,-10.42415528396836,1,1.294033069734013,16.175413371675052,-15.74406901509705,1,-23.652048885693755,16.175413371675052,-31.34435657800143,1,16.103522645578707,38.030194104960444,-31.34435657800143,1.0,1.0,1.0,1.0,2.0,2.0,25.0,1.0,5.0,5.0,5.0,6.0,1,1,1,1,1,1,0,0,0,0
sz002862,2025-03-27,first_probe,1,首次试盘,1,-1.6827783745076985,-0.10741138560688146,-2.3988542785535194,1,3.7952022914428785,7.268170426065157,-6.373075546007878,1,-5.155746509129977,7.268170426065157,-6.373075546007878,1,-19.835302542069456,7.268170426065157,-30.86287146437523,1,-17.25742928750448,7.268170426065157,-30.86287146437523,1,-23.98854278553526,7.268170426065157,-37.307554600787675,2.0,3.0,3.0,,,,,2.0,2.0,6.0,6.0,7.0,1,1,1,0,1,1,0,0,1,1
sz002864,2025-09-17,first_probe,1,首次试盘,1,-3.322784810126589,1.1708860759493511,-4.113924050632911,1,-4.715189873417724,1.1708860759493511,-5.727848101265831,1,-5.601265822784818,1.1708860759493511,-7.81645569620254,1,-6.9620253164556996,1.1708860759493511,-8.987341772151902,1,-0.9493670886076,2.0569620253164445,-9.462025316455701,1,7.879746835443036,35.69620253164558,-9.462025316455701,1.0,31.0,34.0,34.0,34.0,35.0,35.0,1.0,2.0,7.0,,,1,1,1,1,1,1,0,0,1,1
sz002866,2025-11-10,first_probe,1,首次试盘,1,-1.0796915167095134,0.7712082262210984,-1.5424164524421635,1,4.010282776349627,7.7120822622108065,-2.930591259640103,1,6.221079691516707,9.357326478149108,-2.930591259640103,1,1.3367609254498758,13.676092544987139,-2.930591259640103,1,-0.20565552699228773,13.676092544987139,-2.930591259640103,0,,,,1.0,3.0,3.0,5.0,6.0,,,22.0,22.0,24.0,25.0,27.0,1,1,1,1,1,1,0,0,0,0
sz002868,2024-12-13,first_probe,1,首次试盘,1,-2.849462365591404,1.0752688172043001,-4.301075268817211,1,-12.096774193548388,1.0752688172043001,-13.33333333333333,1,-12.956989247311823,1.0752688172043001,-16.129032258064523,1,-11.290322580645174,1.0752688172043001,-25.107526881720432,1,-19.677419354838722,18.118279569892447,-25.107526881720432,1,-9.731182795698935,18.118279569892447,-25.107526881720432,1.0,12.0,12.0,13.0,13.0,13.0,,1.0,2.0,2.0,2.0,4.0,1,1,1,1,1,1,0,0,1,1
sz002868,2025-11-20,retest_probe,2,重新试盘,1,-4.990925589836648,-4.990925589836648,-4.990925589836648,1,-5.217785843920142,-4.990925589836648,-9.732304900181488,1,-2.722323049001807,4.49183303085301,-9.732304900181488,1,-16.401996370235928,4.49183303085301,-16.56079854809437,1,-20.462794918330296,4.49183303085301,-26.202359346642467,0,,,,5.0,5.0,,,,,,1.0,2.0,2.0,7.0,10.0,1,1,0,0,1,1,0,0,1,1
sz002871,2025-01-02,first_probe,1,首次试盘,1,-4.36205016357688,2.399127589967298,-4.689203925845142,1,-2.2900763358778553,2.399127589967298,-9.705561613958569,1,-2.726281352235549,2.399127589967298,-9.705561613958569,1,1.1995637949836269,2.72628135223556,-9.705561613958569,1,7.088331515812429,8.287895310796078,-9.705561613958569,1,8.72410032715376,10.796074154852775,-9.705561613958569,1.0,12.0,12.0,20.0,39.0,,,1.0,2.0,2.0,,,1,1,1,1,1,1,0,0,1,1
sz002875,2024-12-02,first_probe,1,首次试盘,1,-0.6570302233902869,-0.06570302233902536,-3.088042049934303,1,-4.796320630749018,-0.06570302233902536,-6.044678055190533,1,-6.7674113009198456,-0.06570302233902536,-7.752956636005271,1,9.395532194480927,16.16294349540077,-7.752956636005271,1,-12.877792378449415,16.16294349540077,-15.243101182654407,1,-20.82785808147175,16.16294349540077,-26.01839684625493,7.0,8.0,9.0,9.0,9.0,10.0,,1.0,2.0,16.0,16.0,17.0,1,1,1,1,1,1,0,0,1,0
sz002875,2025-10-10,retest_probe,2,重新试盘,1,-0.9513150531617276,0.16787912702853625,-5.092333519865699,1,8.617795187465017,9.121432568550647,-5.092333519865699,1,1.958589815332945,13.766088416340217,-5.092333519865699,1,-0.11191941801902416,13.766088416340217,-5.092333519865699,1,1.5668718522663605,13.766088416340217,-5.092333519865699,1,-8.17011751538892,13.766088416340217,-11.583659764969223,1.0,3.0,3.0,3.0,4.0,,,1.0,1.0,30.0,30.0,,1,1,1,1,1,1,0,0,1,0
sz002876,2024-09-02,first_probe,1,首次试盘,1,0.6913580246913575,1.6790123456790207,-0.7407407407407307,1,-0.1481481481481528,2.0246913580246995,-2.172839506172841,1,-5.135802469135797,2.0246913580246995,-5.629629629629629,1,-10.469135802469143,2.0246913580246995,-11.950617283950626,1,13.728395061728405,26.172839506172842,-11.950617283950626,1,36.69135802469137,42.419753086419746,-11.950617283950626,1.0,17.0,17.0,18.0,18.0,19.0,19.0,4.0,5.0,9.0,10.0,,1,1,1,1,1,1,0,0,1,1
sz002877,2025-02-17,first_probe,1,首次试盘,1,-3.1624863685932314,-0.10905125408942062,-3.8167938931297662,1,1.0905125408942062,1.1995637949836269,-3.8167938931297662,1,-0.5452562704471142,2.399127589967298,-3.8167938931297662,1,-7.306434023991271,2.399127589967298,-8.069792802617236,1,-0.6543075245365348,2.399127589967298,-8.178844056706646,1,-15.59432933478735,5.234460196292257,-29.443838604143945,3.0,22.0,23.0,,,,,1.0,9.0,10.0,34.0,34.0,1,1,1,0,1,1,0,0,1,1
sz002877,2025-08-26,retest_probe,2,重新试盘,1,-1.6268980477223471,1.5184381778741818,-1.9522776572668321,1,-3.2537960954446943,1.5184381778741818,-5.856832971800441,1,-3.579175704989157,1.5184381778741818,-5.856832971800441,1,-0.9761388286333994,1.5184381778741818,-7.375271149674633,1,-5.0976138828633495,1.5184381778741818,-8.134490238611713,1,-6.616052060737543,1.5184381778741818,-12.147505422993499,1.0,,,,,,,2.0,2.0,20.0,28.0,,1,1,0,0,1,1,0,0,1,1
sz002881,2024-12-30,first_probe,1,首次试盘,1,-1.7704918032786843,0.8196721311475308,-4.78688524590164,1,3.2786885245901676,10.360655737704905,-4.78688524590164,1,-7.180327868852466,10.360655737704905,-14.098360655737707,1,2.4918032786885203,10.360655737704905,-14.098360655737707,1,45.114754098360656,45.114754098360656,-14.098360655737707,1,76.59016393442624,139.34426229508196,-14.098360655737707,1.0,3.0,3.0,3.0,3.0,15.0,19.0,1.0,4.0,5.0,5.0,,1,1,1,1,1,1,0,0,0,0
sz002882,2024-11-12,first_probe,1,首次试盘,1,10.000000000000009,10.000000000000009,-1.758241758241763,1,1.1538461538461497,10.000000000000009,-2.1428571428571463,1,-2.032967032967037,10.000000000000009,-10.989010989010994,1,-5.54945054945054,10.000000000000009,-10.989010989010994,1,-2.9120879120879017,10.000000000000009,-10.989010989010994,1,-13.296703296703294,10.000000000000009,-19.94505494505494,1.0,1.0,1.0,1.0,1.0,,,4.0,5.0,5.0,5.0,37.0,1,1,1,1,1,1,0,0,0,0
sz002884,2025-01-20,first_probe,1,首次试盘,1,-0.9047365620010517,0.05321979776478081,-1.915912719531665,1,-4.89622139435869,0.05321979776478081,-5.055880787653,1,-3.618946248004251,0.05321979776478081,-5.268759978712067,1,-4.470463012240556,0.05321979776478081,-7.3975518893028225,1,-5.960617349654063,0.05321979776478081,-7.3975518893028225,1,-4.5236828100053135,0.05321979776478081,-8.302288451303873,1.0,,,,,,,2.0,3.0,28.0,,,1,1,0,0,1,1,0,0,1,1
sz002884,2025-08-15,retest_probe,2,重新试盘,1,2.4512534818941667,4.679665738161565,-0.5013927576601684,1,-1.3370473537604344,4.679665738161565,-2.116991643454036,1,-3.231197771587735,4.679665738161565,-3.899721448467963,1,-1.949860724233976,4.679665738161565,-6.685236768802227,1,-4.735376044568229,4.679665738161565,-7.409470752089131,1,-5.84958217270195,4.679665738161565,-7.799442896935926,1.0,1.0,,,,,,5.0,8.0,,,,1,1,0,0,1,0,0,0,1,0
sz002885,2025-01-20,first_probe,1,首次试盘,1,1.0886469673405896,1.7884914463452528,-1.1664074650077683,1,-1.5552099533436947,3.265940902021769,-1.710730948678063,1,-2.954898911353021,3.265940902021769,-2.954898911353021,1,5.44323483670297,6.1430793157076335,-3.1104199066873894,1,7.309486780715413,9.64230171073095,-3.1104199066873894,1,11.041990668740276,39.968895800933126,-3.1104199066873894,1.0,2.0,10.0,11.0,22.0,27.0,33.0,6.0,,,,,1,1,1,1,0,0,0,0,0,0
sz002885,2025-03-19,retest_probe,2,重新试盘,1,-6.367495451788963,-2.001212856276524,-6.549423893268635,1,-10.491206791995145,-2.001212856276524,-12.97756215888417,1,-12.613705275924792,-2.001212856276524,-14.069132807762275,1,-16.97998787143723,-2.001212856276524,-19.16312916919344,1,-24.56033959975742,-2.001212856276524,-38.87204366282595,1,-16.798059429957533,-2.001212856276524,-38.87204366282595,,,,,,,,1.0,1.0,2.0,2.0,6.0,0,0,0,0,1,1,1,1,1,1
sz002885,2025-10-27,retest_probe,3,重新试盘,1,0.48859934853420217,4.31596091205213,-1.1807817589576497,1,-0.16286644951140072,7.003257328990231,-1.1807817589576497,1,8.509771986970694,9.8127035830619,-2.280130293159599,1,37.0114006514658,52.11726384364821,-2.280130293159599,1,-2.646579804560256,52.11726384364821,-3.9902280130293177,1,7.003257328990231,52.11726384364821,-3.9902280130293177,1.0,1.0,2.0,4.0,6.0,6.0,7.0,20.0,,,,,1,1,1,1,0,0,0,0,0,0
sz002890,2025-03-20,first_probe,1,首次试盘,1,-7.171000788022064,-3.0732860520094496,-8.037825059101655,1,-14.105594956658784,-3.0732860520094496,-15.839243498817968,1,-12.923561859732068,-3.0732860520094496,-15.839243498817968,1,-14.657210401891252,-3.0732860520094496,-18.045705279747825,1,-11.58392434988179,-3.0732860520094496,-25.92592592592592,1,1.4184397163120588,2.6792750197005555,-25.92592592592592,38.0,,,,,,,1.0,1.0,1.0,2.0,3.0,1,1,0,0,1,1,1,1,1,1
sz002891,2025-04-07,first_probe,1,首次试盘,1,7.5716603569497165,8.491076257436458,0.8653326122228133,1,12.979989183342354,19.334775554353723,0.8653326122228133,1,20.63277447268794,23.580313683071942,0.8653326122228133,1,33.098972417523,33.098972417523,0.8653326122228133,1,50.216333153055714,62.790697674418624,0.8653326122228133,1,74.31043807463493,100.10816657652785,0.8653326122228133,1.0,1.0,1.0,1.0,2.0,3.0,5.0,,,,,,1,1,1,1,0,0,0,0,0,0
sz002892,2024-12-11,first_probe,1,首次试盘,1,-5.2950075642965055,-0.8572869389813276,-6.202723146747335,1,-13.11144730206757,-0.8572869389813276,-13.918305597579417,1,-15.93545133635904,-0.8572869389813276,-17.750882501260712,1,-20.121028744326775,-0.8572869389813276,-20.978315683308114,1,-22.49117498739284,-0.8572869389813276,-30.2571860816944,1,-13.11144730206757,-0.8572869389813276,-30.2571860816944,,,,,,,,1.0,1.0,2.0,3.0,4.0,0,0,0,0,1,1,1,1,1,1
sz002893,2025-11-21,first_probe,1,首次试盘,1,0.9353078721745955,2.338269680436489,-1.0132501948558081,1,-1.1691348402182444,4.754481683554168,-1.7147310989867548,1,1.0911925175370207,8.729540140296166,-1.9485580670303926,1,8.729540140296166,13.484021823850355,-1.9485580670303926,1,-10.288386593920496,13.484021823850355,-12.704598597038197,0,,,,1.0,3.0,4.0,4.0,9.0,,,13.0,14.0,17.0,17.0,,1,1,1,1,1,1,0,0,0,0
sz002898,2025-08-11,first_probe,1,首次试盘,1,0.8668730650154943,4.705882352941182,-1.0526315789473606,1,-5.263157894736825,4.705882352941182,-8.049535603715164,1,-8.049535603715164,4.705882352941182,-9.164086687306494,1,-6.996904024767792,4.705882352941182,-9.597523219814242,1,-12.383900928792556,4.705882352941182,-13.126934984520123,1,-18.328173374612998,4.705882352941182,-20.55727554179566,1.0,1.0,,,,,,2.0,3.0,3.0,12.0,21.0,1,1,0,0,1,1,0,0,1,1
sz002899,2024-11-08,first_probe,1,首次试盘,1,10.015898251192379,10.015898251192379,0.8479067302596732,1,15.898251192368829,20.72072072072073,0.8479067302596732,1,6.995230524642282,22.310545839957598,0.8479067302596732,1,1.2188659247482692,22.310545839957598,0.8479067302596732,1,6.624271330153686,22.310545839957598,0.8479067302596732,1,8.53206147323795,40.540540540540526,0.8479067302596732,1.0,1.0,1.0,1.0,1.0,2.0,2.0,,,,,,1,1,1,1,0,0,0,0,0,0
sz002899,2024-12-19,retest_probe,2,重新试盘,1,4.792746113989632,10.017271157167528,-0.3454231433506094,1,-12.305699481865295,10.017271157167528,-12.867012089810014,1,-7.253886010362698,10.017271157167528,-15.371329879101891,1,-5.051813471502598,10.017271157167528,-15.371329879101891,1,-3.0656303972366183,10.017271157167528,-15.371329879101891,1,8.54922279792747,21.76165803108807,-15.371329879101891,1.0,1.0,1.0,1.0,1.0,30.0,34.0,2.0,2.0,3.0,3.0,4.0,1,1,1,1,1,1,0,0,0,0
sz002899,2025-06-30,retest_probe,3,重新试盘,1,3.786191536748329,4.944320712694883,-1.469933184855221,1,8.24053452115814,9.888641425389766,-1.469933184855221,1,10.868596881959913,12.20489977728285,-1.469933184855221,1,7.928730512249449,12.383073496659257,-1.469933184855221,1,1.2026726057906334,12.383073496659257,-1.6481069042316276,1,3.697104677060148,12.383073496659257,-2.271714922048984,1.0,1.0,3.0,3.0,5.0,,,,,,,,1,1,1,1,0,0,0,0,0,0
sz002900,2024-10-30,first_probe,1,首次试盘,1,-3.168316831683171,-1.4851485148514865,-4.059405940594063,1,17.22772277227722,17.22772277227722,-4.059405940594063,1,13.762376237623775,26.534653465346537,-4.059405940594063,1,9.80198019801981,26.534653465346537,-4.059405940594063,1,7.425742574257432,26.534653465346537,-4.059405940594063,1,-1.9801980198019709,26.534653465346537,-4.059405940594063,2.0,2.0,2.0,3.0,3.0,3.0,4.0,1.0,,,,,1,1,1,1,0,0,0,0,0,0
sz002902,2024-09-04,first_probe,1,首次试盘,1,-1.6450648055832406,-0.8474576271186307,-2.6919242273180433,1,-9.371884346959114,-0.8474576271186307,-10.269192422731798,1,-6.87936191425722,-0.8474576271186307,-10.967098703888334,1,-10.967098703888334,-0.8474576271186307,-13.160518444665993,1,-7.27816550348952,16.05184446660022,-16.999002991026924,1,30.508474576271194,38.03589232303093,-16.999002991026924,16.0,16.0,16.0,17.0,17.0,17.0,28.0,2.0,2.0,3.0,3.0,11.0,1,1,1,1,1,1,1,0,1,1
sz002902,2024-11-04,retest_probe,2,重新试盘,1,2.0273065784029765,2.896152254861395,-2.358295407529998,1,9.72279685560611,9.72279685560611,-2.358295407529998,1,12.949937939594536,14.563508481588737,-2.358295407529998,1,-7.364501448076133,14.563508481588737,-8.978071990070347,1,-2.0273065784029876,14.563508481588737,-9.474555233760872,1,3.847745138601577,14.563508481588737,-9.474555233760872,1.0,2.0,3.0,3.0,4.0,,,10.0,10.0,10.0,,,1,1,1,1,1,1,0,0,0,0
sz002902,2025-03-27,retest_probe,3,重新试盘,1,-2.804691483936772,-0.05099439061702071,-2.804691483936772,1,-2.3967363590005064,-0.05099439061702071,-4.844467108618044,1,-4.538500764915865,-0.05099439061702071,-5.099439061703215,1,-14.329423763386018,-0.05099439061702071,-27.33299337072922,1,-13.819479857215711,-0.05099439061702071,-27.33299337072922,1,-7.343192248852615,-0.05099439061702071,-27.33299337072922,,,,,,,,2.0,5.0,6.0,6.0,7.0,0,0,0,0,1,1,1,1,1,1
sz002908,2024-10-30,first_probe,1,首次试盘,1,-0.4390779363336872,1.6465422612513825,-2.3051591657519133,1,-3.4028540065861534,1.6465422612513825,-6.476399560922063,1,-0.6586169045005308,1.866081229418226,-6.476399560922063,1,11.855104281009886,18.551042810098807,-6.476399560922063,1,1.9758507135016368,18.551042810098807,-6.476399560922063,1,4.610318331503849,24.47859495060374,-6.476399560922063,1.0,6.0,6.0,6.0,7.0,7.0,37.0,2.0,2.0,,,,1,1,1,1,1,0,0,0,1,0
sz002909,2025-08-21,first_probe,1,首次试盘,1,-1.9471488178025131,0.9735744089012455,-3.477051460361613,1,-3.198887343532686,0.9735744089012455,-3.7552155771905515,1,2.0862308762169546,6.536856745479835,-3.894297635605015,1,-9.040333796940203,6.536856745479835,-10.848400556328242,1,-8.344923504867873,6.536856745479835,-10.848400556328242,1,-8.205841446453421,6.536856745479835,-15.020862308762172,1.0,4.0,4.0,,,,,1.0,8.0,9.0,9.0,23.0,1,1,1,0,1,1,0,0,0,1
sz002910,2025-01-02,first_probe,1,首次试盘,1,-7.181571815718158,2.57452574525745,-7.5880758807588045,1,-5.962059620596194,2.57452574525745,-12.601626016260159,1,0.5420054200542035,2.57452574525745,-12.601626016260159,1,-3.1165311653116423,5.284552845528445,-12.601626016260159,1,6.50406504065042,7.5880758807588045,-12.601626016260159,1,24.52574525745257,96.07046070460706,-12.601626016260159,1.0,6.0,8.0,21.0,22.0,26.0,30.0,1.0,1.0,2.0,2.0,,1,1,1,1,1,1,0,0,1,1
sz002910,2025-04-18,retest_probe,2,重新试盘,1,3.5031847133758065,5.095541401273884,-3.397027600849256,1,2.547770700636942,13.906581740976653,-3.397027600849256,1,-9.87261146496815,13.906581740976653,-9.87261146496815,1,-4.883227176220794,13.906581740976653,-13.800424628450115,1,0.10615711252652815,13.906581740976653,-13.800424628450115,1,-6.369426751592355,13.906581740976653,-13.800424628450115,1.0,1.0,1.0,2.0,2.0,,,1.0,4.0,5.0,6.0,,1,1,1,1,1,1,0,0,0,0
sz002910,2025-04-24,continuous_probe,3,连续试盘,1,-6.90789473684209,-2.960526315789469,-6.90789473684209,1,-7.2368421052631415,-2.960526315789469,-10.964912280701755,1,-3.3991228070175294,-2.960526315789469,-10.964912280701755,1,-1.9736842105263164,0.8771929824561431,-10.964912280701755,1,2.412280701754388,5.263157894736836,-10.964912280701755,1,0.5482456140351033,5.701754385964919,-10.964912280701755,7.0,15.0,16.0,,,,,1.0,1.0,2.0,2.0,,1,1,1,0,1,1,0,0,1,1
sz002913,2025-01-09,first_probe,1,首次试盘,1,-4.922279792746121,1.2953367875647714,-4.922279792746121,1,7.081174438687388,8.635578583765113,-7.037996545768566,1,3.1951640759930955,8.635578583765113,-7.037996545768566,1,7.772020725388606,11.355785837651112,-7.037996545768566,1,22.45250431778929,28.540587219343692,-7.037996545768566,1,26.252158894645937,36.485319516407586,-7.037996545768566,1.0,2.0,3.0,3.0,9.0,14.0,14.0,1.0,2.0,,,,1,1,1,1,1,0,0,0,1,0
sz002913,2025-07-18,retest_probe,2,重新试盘,1,-1.0209869540555805,0.5104934770277847,-2.977878615995455,1,-3.4032898468519424,1.6449234259784618,-3.5734543391945484,1,-1.5031196823596216,1.6449234259784618,-4.480998298355077,1,11.911514463981865,17.044809982983566,-4.480998298355077,1,12.365286443562118,27.283040272263204,-4.480998298355077,1,21.100397050482144,27.283040272263204,-4.480998298355077,1.0,7.0,7.0,7.0,8.0,8.0,19.0,3.0,,,,,1,1,1,1,0,0,0,0,0,0
sz002915,2025-08-08,first_probe,1,首次试盘,1,9.9961846623426,9.9961846623426,-2.0984357115604757,1,15.223197252956888,19.038534910339557,-2.0984357115604757,1,19.114841663487205,24.036627241510857,-2.0984357115604757,1,6.753147653567337,25.29568866844716,-2.0984357115604757,1,-0.45784051888592137,25.29568866844716,-9.27127050743991,1,-0.6867607783288765,25.29568866844716,-9.27127050743991,1.0,1.0,1.0,1.0,2.0,2.0,4.0,14.0,19.0,19.0,,,1,1,1,1,1,1,0,0,0,0
sz002919,2025-05-30,first_probe,1,首次试盘,1,1.544163063619508,4.38542310067942,0.3705991352686677,1,3.2118591723286016,5.250154416306341,0.3705991352686677,1,2.4706609017912218,5.250154416306341,0.3705991352686677,1,3.458925262507706,6.670784434836308,0.3705991352686677,1,4.323656578134649,6.670784434836308,-2.470660901791244,1,3.644224830142062,8.091414453366275,-2.470660901791244,1.0,1.0,3.0,21.0,,,,,,,,,1,1,1,1,0,0,0,0,0,0
sz002919,2025-10-13,retest_probe,2,重新试盘,1,6.295399515738498,7.869249394673128,2.9055690072639306,1,5.932203389830515,12.167070217917676,2.9055690072639306,1,6.779661016949157,12.167070217917676,2.9055690072639306,1,8.474576271186463,12.167070217917676,2.9055690072639306,1,18.038740920096853,19.249394673123476,2.9055690072639306,1,38.01452784503632,47.09443099273609,2.9055690072639306,1.0,1.0,1.0,2.0,2.0,20.0,21.0,,,,,,1,1,1,1,0,0,0,0,0,0
sz002920,2024-09-09,first_probe,1,首次试盘,1,2.520725969079085,4.234819628052877,0.10082903876316163,1,0.9746807080438957,6.990813354246006,0.10082903876316163,1,5.086264844275146,6.990813354246006,-0.26887743670177544,1,10.687878108895355,12.34595563522294,-0.26887743670177544,1,25.84584360295765,56.84517140936589,-0.26887743670177544,1,50.997087161102385,61.886623347524086,-0.26887743670177544,1.0,1.0,2.0,8.0,9.0,12.0,12.0,,,,,,1,1,1,1,0,0,0,0,0,0
sz002921,2025-07-23,first_probe,1,首次试盘,1,0.9784735812133016,2.3483365949119372,-0.2609262883235597,1,3.5877364644487875,4.89236790606653,-1.3698630136986356,1,-0.0652315720808816,4.89236790606653,-1.3698630136986356,1,20.67840834964123,27.33202870189171,-1.82648401826484,1,13.111545988258321,27.33202870189171,-1.82648401826484,1,7.371167645140253,27.33202870189171,-1.82648401826484,1.0,3.0,8.0,9.0,9.0,9.0,10.0,,,,,,1,1,1,1,0,0,0,0,0,0
sz002923,2025-04-08,first_probe,1,首次试盘,1,-9.999999999999998,-4.430379746835444,-9.999999999999998,1,-11.265822784810132,-1.13924050632912,-13.544303797468359,1,-8.924050632911396,-1.13924050632912,-15.696202531645575,1,-21.64556962025316,-1.13924050632912,-24.177215189873415,1,-23.291139240506343,-1.13924050632912,-28.03797468354431,1,-17.911392405063285,-1.13924050632912,-28.03797468354431,,,,,,,,1.0,1.0,1.0,3.0,5.0,0,0,0,0,1,1,1,1,1,1
sz002925,2025-03-11,first_probe,1,首次试盘,1,2.28739002932552,6.099706744868039,-2.639296187683282,1,0.9970674486803333,6.099706744868039,-2.639296187683282,1,-1.5249266862170208,6.099706744868039,-2.639296187683282,1,-8.797653958944284,6.099706744868039,-9.384164222873903,1,-22.287390029325515,6.099706744868039,-28.504398826979482,1,-3.1085043988269834,6.099706744868039,-28.504398826979482,1.0,1.0,1.0,,,,,7.0,8.0,9.0,12.0,18.0,1,1,1,0,1,1,0,0,0,1
sz002927,2024-09-11,first_probe,1,首次试盘,1,-0.46860356138707093,1.6869728209934376,-1.5932521087160256,1,-4.779756326148076,1.6869728209934376,-6.747891283973761,1,-4.686035613870665,1.6869728209934376,-6.747891283973761,1,6.185567010309279,7.4039362699156674,-6.747891283973761,1,8.341143392689787,26.42924086223055,-6.747891283973761,1,16.49484536082475,30.459231490159322,-6.747891283973761,1.0,10.0,10.0,11.0,11.0,11.0,12.0,2.0,3.0,,,,1,1,1,1,1,0,0,0,1,0
sz002928,2025-07-23,first_probe,1,首次试盘,1,-0.11350737797957144,0.6810442678774065,-0.9080590238365494,1,-2.95119182746878,2.0431328036322416,-3.0646992054483735,1,-2.8376844494892195,2.0431328036322416,-4.426787741203187,1,-3.518728717366637,2.0431328036322416,-5.788876276958,1,2.724177071509648,3.745743473325769,-5.788876276958,1,13.053348467650405,13.62088535754824,-5.788876276958,1.0,18.0,21.0,25.0,34.0,,,3.0,6.0,,,,1,1,1,1,1,0,0,0,1,0
sz002930,2025-04-17,first_probe,1,首次试盘,1,-2.0161290322580627,0.7056451612903247,-2.116935483870963,1,1.310483870967749,3.629032258064502,-2.7217741935483875,1,-2.0161290322580627,3.629032258064502,-2.7217741935483875,1,-6.955645161290313,3.629032258064502,-8.870967741935488,1,2.0161290322580516,6.3508064516129,-8.870967741935488,1,12.903225806451601,23.38709677419355,-8.870967741935488,1.0,3.0,19.0,29.0,39.0,39.0,40.0,7.0,7.0,7.0,,,1,1,1,1,1,1,0,0,1,1
sz002930,2025-11-25,retest_probe,2,重新试盘,1,1.6695957820738183,3.2513181019331983,-1.2302284710017597,1,1.9332161687170446,3.690685413005279,-1.2302284710017597,1,2.4604569420035194,3.690685413005279,-1.2302284710017597,1,6.590509666080835,8.260105448154654,-1.2302284710017597,1,-3.7785588752196952,9.050966608084355,-3.7785588752196952,0,,,,1.0,1.0,10.0,10.0,,,,20.0,,,,,1,1,1,1,0,0,0,0,0,0
sz002931,2025-04-29,first_probe,1,首次试盘,1,-5.634638196915775,0.8303677342823335,-5.990510083036771,1,-6.761565836298922,0.8303677342823335,-8.956109134045075,1,-8.540925266903908,0.8303677342823335,-9.2526690391459,1,-5.634638196915775,0.8303677342823335,-9.2526690391459,1,-9.90510083036773,0.8303677342823335,-11.032028469750887,1,-5.397390272835112,0.8303677342823335,-15.717674970343998,1.0,,,,,,,1.0,1.0,3.0,18.0,32.0,1,1,0,0,1,1,0,0,1,1
sz002933,2025-06-03,first_probe,1,首次试盘,1,-0.14876524843795425,1.9934543290687445,-0.892591490627781,1,-0.8330853912526082,1.9934543290687445,-1.3388872359416881,1,-1.7851829812555842,1.9934543290687445,-3.302588515322824,1,-4.195180005950605,1.9934543290687445,-6.426658732520085,1,7.5870276703362105,8.747396608152336,-6.962213626896752,1,9.43171675096699,10.62183873847069,-6.962213626896752,1.0,15.0,19.0,20.0,39.0,,,5.0,6.0,,,,1,1,1,1,1,0,0,0,1,0
sz002942,2025-06-09,first_probe,1,首次试盘,1,-0.9304871373836843,1.2041598248494711,-3.0103995621237,1,-1.7515051997810671,1.2041598248494711,-3.4482758620689613,1,-3.1198686371100126,1.2041598248494711,-4.269293924466345,1,-7.006020799124258,1.2041598248494711,-8.866995073891626,1,-1.8062397372742067,5.199781061850017,-8.866995073891626,1,1.3683634373289566,25.779967159277504,-8.866995073891626,1.0,18.0,18.0,35.0,35.0,35.0,36.0,1.0,7.0,9.0,,,1,1,1,1,1,1,0,0,1,1
sz002951,2025-07-17,first_probe,1,首次试盘,1,-3.789126853377267,2.416254805052165,-4.503020318506312,1,-8.56672158154861,4.3382756727073035,-8.56672158154861,1,-7.578253706754545,4.3382756727073035,-10.214168039538707,1,-11.587040087863809,4.3382756727073035,-13.783635365183978,1,-8.12740252608457,4.3382756727073035,-18.01208127402527,1,-10.378912685337728,9.170785282811632,-18.01208127402527,1.0,2.0,22.0,22.0,,,,1.0,3.0,3.0,4.0,11.0,1,1,1,1,1,1,0,0,1,1
sz002952,2024-10-21,first_probe,1,首次试盘,1,1.3709361535448439,7.246376811594191,1.0575793184488758,1,7.8339208773991365,7.8339208773991365,-2.6243634939287164,1,16.529573051312173,18.605562083822957,-2.6243634939287164,1,4.6220133176654965,18.605562083822957,-2.6243634939287164,1,-3.0943987465726686,18.605562083822957,-4.191147669408535,1,2.9377203290246845,18.605562083822957,-5.797101449275366,1.0,1.0,1.0,4.0,4.0,4.0,,20.0,27.0,,,,1,1,1,1,1,0,0,0,0,0
sz002953,2025-08-25,first_probe,1,首次试盘,1,9.970457902511098,9.970457902511098,-5.686853766617428,1,8.124076809453484,19.645494830132936,-5.686853766617428,1,13.515509601181686,19.645494830132936,-5.686853766617428,1,-3.0280649926144654,19.645494830132936,-6.573116691285074,1,-1.2555391432791718,19.645494830132936,-7.459379615952733,1,-3.323485967503692,19.645494830132936,-8.27178729689807,1.0,1.0,1.0,1.0,2.0,2.0,,1.0,1.0,33.0,,,1,1,1,1,1,1,0,0,0,0
sz002956,2025-04-10,first_probe,1,首次试盘,1,1.346045989904665,1.6825574873808202,-1.8508132361188867,1,4.935501962983757,11.497476163768926,-1.8508132361188867,1,5.103757711721824,11.497476163768926,-1.8508132361188867,1,6.505888951205829,11.497476163768926,-1.8508132361188867,1,19.51766685361751,24.62142456533931,-1.8508132361188867,1,34.660684240044894,42.120022434099845,-1.8508132361188867,1.0,2.0,2.0,2.0,2.0,16.0,18.0,,,,,,1,1,1,1,0,0,0,0,0,0
sz002956,2025-11-14,retest_probe,2,重新试盘,1,3.4054487179487003,4.086538461538458,-2.8846153846153966,1,3.084935897435903,4.4070512820512775,-2.8846153846153966,1,-2.644230769230771,5.168269230769229,-3.165064102564097,1,3.4054487179487003,5.769230769230771,-3.165064102564097,1,-4.086538461538458,5.769230769230771,-7.05128205128206,0,,,,1.0,1.0,4.0,30.0,31.0,,,5.0,14.0,,,,1,1,1,1,1,0,0,0,0,0
sz002961,2025-06-06,first_probe,1,首次试盘,1,8.993212669683249,10.011312217194579,-1.0180995475113086,1,2.149321266968318,10.011312217194579,-1.0180995475113086,1,5.260180995475117,14.649321266968318,-1.0180995475113086,1,-7.635746606334848,14.649321266968318,-7.86199095022625,1,11.25565610859729,28.2239819004525,-8.03167420814479,1,20.192307692307686,46.38009049773755,-8.03167420814479,1.0,1.0,1.0,1.0,1.0,14.0,15.0,9.0,10.0,11.0,,,1,1,1,1,1,1,0,0,0,0
sz002963,2025-02-27,first_probe,1,首次试盘,1,-2.864363942712722,0.9267059814658918,-3.2013479359730312,1,-0.16849199663016012,2.611625947767493,-3.5383319292333626,1,0.4212299915754114,2.611625947767493,-3.5383319292333626,1,1.7691659646166924,2.611625947767493,-3.5383319292333626,1,-4.970513900589724,3.4540859309182936,-7.497893850042114,1,-9.267059814658808,3.4540859309182936,-24.178601516427968,1.0,12.0,,,,,,1.0,17.0,22.0,26.0,27.0,1,1,0,0,1,1,0,0,1,1
sz002963,2025-11-18,retest_probe,2,重新试盘,1,-1.8052516411378616,5.032822757111588,-3.7746170678337077,1,-11.32385120350109,5.032822757111588,-11.76148796498907,1,-20.29540481400438,5.032822757111588,-27.35229759299782,1,-14.551422319474849,5.032822757111588,-27.35229759299782,1,-22.921225382932175,5.032822757111588,-27.35229759299782,0,,,,1.0,1.0,1.0,,,,,1.0,2.0,3.0,3.0,4.0,1,1,1,0,1,1,0,0,0,1
sz002969,2025-05-27,first_probe,1,首次试盘,1,-0.5813953488372103,1.1627906976744207,-2.6162790697674354,1,-2.9069767441860517,1.1627906976744207,-3.1976744186046457,1,7.558139534883734,7.558139534883734,-4.069767441860472,1,6.686046511627897,18.313953488372103,-4.069767441860472,1,2.3255813953488413,18.313953488372103,-4.069767441860472,1,4.3604651162790775,18.313953488372103,-4.069767441860472,1.0,5.0,5.0,6.0,6.0,6.0,,3.0,,,,,1,1,1,1,0,0,0,0,0,0
sz002970,2024-12-10,first_probe,1,首次试盘,1,-2.023182297154902,-0.021074815595378826,-3.7302423603793544,1,-2.5922023182297194,-0.021074815595378826,-3.7302423603793544,1,-7.797681770284514,-0.021074815595378826,-8.219178082191792,1,-1.8545837723919933,0.7376185458377149,-8.788198103266598,1,-5.353003161222347,5.036880927291887,-13.15068493150685,1,0.042149631190713244,7.397260273972606,-13.15068493150685,9.0,11.0,13.0,,,,,1.0,4.0,5.0,17.0,,1,1,1,0,1,1,0,0,1,1
sz002971,2025-11-06,first_probe,1,首次试盘,1,-2.457757296466978,6.502816180235538,-2.816180235535082,1,0.025601638504868518,6.502816180235538,-6.605222734255001,1,0.1536098310291667,6.502816180235538,-6.605222734255001,1,-20.60931899641577,6.502816180235538,-21.915002560163856,1,-18.945212493599595,6.502816180235538,-23.604710701484898,0,,,,1.0,1.0,1.0,,,,,2.0,2.0,6.0,7.0,8.0,1,1,1,0,1,1,0,0,0,1
sz002975,2024-12-17,first_probe,1,首次试盘,1,3.329334133173356,4.559088182363524,-2.969406118776252,1,5.248950209958014,13.677264547090573,-2.969406118776252,1,-2.3695260947810604,13.677264547090573,-5.518896220755853,1,-8.638272345530895,13.677264547090573,-8.788242351529707,1,-14.277144571085799,13.677264547090573,-22.61547690461908,1,2.639472105578866,13.677264547090573,-22.61547690461908,1.0,1.0,2.0,2.0,2.0,,,5.0,5.0,10.0,11.0,11.0,1,1,1,1,1,1,0,0,0,0
sz002975,2025-05-20,retest_probe,2,重新试盘,1,-2.2346368715083775,-0.6517690875232796,-2.917442582247043,1,-3.5692116697703224,0.6207324643078937,-4.531346989447538,1,0.7759155803848561,3.0105524518932336,-4.531346989447538,1,0.9621353196772153,4.841713221601496,-4.531346989447538,1,-1.1793916821849715,5.741775294847917,-4.531346989447538,1,8.814400993171944,10.67659838609558,-4.717566728739908,3.0,5.0,12.0,28.0,40.0,,,2.0,,,,,1,1,1,1,0,0,0,0,0,0
sz002977,2025-11-27,first_probe,1,首次试盘,1,-1.4293139293139245,1.793139293139312,-5.145530145530142,1,-0.23388773388772766,2.5207900207900424,-5.145530145530142,1,-4.6257796257796135,2.5207900207900424,-5.795218295218286,1,6.2370062370062485,15.410602910602922,-5.795218295218286,1,12.006237006237019,19.152806652806674,-5.795218295218286,0,,,,1.0,6.0,7.0,7.0,7.0,7.0,,1.0,1.0,24.0,,,1,1,1,1,1,1,0,0,1,0
sz002979,2024-09-03,first_probe,1,首次试盘,1,0.5344995140913689,2.2837706511176004,-1.5549076773566428,1,-2.0408163265306034,2.2837706511176004,-2.526724975704564,1,-1.3605442176870652,2.2837706511176004,-4.616132167152576,1,-8.066083576287642,2.2837706511176004,-10.835762876579192,1,22.44897959183674,38.24101068999028,-10.981535471331384,1,43.440233236151606,60.252672497570444,-10.981535471331384,1.0,16.0,16.0,17.0,17.0,18.0,18.0,4.0,7.0,8.0,9.0,,1,1,1,1,1,1,0,0,1,1
sz002985,2025-04-16,first_probe,1,首次试盘,1,9.99156829679595,9.99156829679595,-1.0118043844856595,1,19.983136593591922,23.73524451939293,-1.0118043844856595,1,13.448566610455327,23.73524451939293,-1.0118043844856595,1,10.413153456998314,23.73524451939293,-1.0118043844856595,1,14.080944350758863,23.73524451939293,-1.0118043844856595,1,16.357504215851606,23.73524451939293,-1.0118043844856595,1.0,1.0,1.0,1.0,2.0,2.0,3.0,,,,,,1,1,1,1,0,0,0,0,0,0
sz002998,2025-03-26,first_probe,1,首次试盘,1,-0.8633093525179936,0.8633093525179714,-1.2949640287769792,1,-5.755395683453246,0.8633093525179714,-8.05755395683454,1,-3.30935251798562,0.8633093525179714,-8.05755395683454,1,-12.661870503597116,0.8633093525179714,-24.604316546762583,1,-2.4460431654676262,0.8633093525179714,-24.604316546762583,1,3.7410071942445944,4.748201438848931,-24.604316546762583,1.0,30.0,,,,,,2.0,3.0,3.0,7.0,8.0,1,1,0,0,1,1,0,0,1,1
sz002999,2024-12-17,first_probe,1,首次试盘,1,-3.8737446197991354,1.434720229555242,-4.304160688665704,1,-7.317073170731703,1.434720229555242,-8.177905308464839,1,-12.912482065997121,1.434720229555242,-15.064562410329984,1,-15.064562410329984,1.434720229555242,-16.929698708751793,1,-15.064562410329984,1.434720229555242,-22.66857962697274,1,-6.169296987087513,1.434720229555242,-22.66857962697274,1.0,,,,,,,1.0,2.0,3.0,4.0,5.0,1,1,0,0,1,1,0,0,1,1
sz003001,2025-04-07,first_probe,1,首次试盘,1,-5.817655571635305,-0.40520984081041656,-8.13314037626628,1,3.328509406657032,6.512301013024602,-15.22431259044862,1,7.930535455861087,11.403762662807537,-15.22431259044862,1,11.490593342981214,18.08972503617945,-15.22431259044862,1,21.70767004341534,23.53111432706223,-15.22431259044862,1,13.169319826338644,23.53111432706223,-15.22431259044862,2.0,3.0,3.0,4.0,4.0,8.0,12.0,1.0,1.0,1.0,2.0,2.0,1,1,1,1,1,1,0,0,1,1
sz003007,2025-03-20,first_probe,1,首次试盘,1,10.014144271570014,10.014144271570014,-4.384724186704392,1,-4.667609618104662,14.398868458274382,-4.667609618104662,1,-8.628005657708638,14.398868458274382,-9.476661951909481,1,-11.541725601131548,14.398868458274382,-12.927864214992923,1,-21.188118811881196,14.398868458274382,-32.10749646393211,1,-16.124469589816137,14.398868458274382,-32.10749646393211,1.0,1.0,1.0,1.0,1.0,,,1.0,4.0,4.0,6.0,11.0,1,1,1,1,1,1,0,0,0,0
sz003007,2025-05-15,retest_probe,2,重新试盘,1,-0.34399724802202103,0.8943928448572391,-1.4791881664946716,1,2.579979360165119,3.302373581011353,-1.4791881664946716,1,0.10319917440659854,7.32714138286894,-1.4791881664946716,1,0.2751977984176035,7.32714138286894,-3.3711730306157595,1,-0.687994496044031,8.634330925352597,-3.439972480220155,1,3.7151702786377694,9.115927072583418,-3.439972480220155,1.0,3.0,4.0,16.0,,,,6.0,,,,,1,1,1,1,0,0,0,0,0,0
sz003009,2025-06-19,first_probe,1,首次试盘,1,-1.0392609699768962,1.108545034642039,-3.394919168591226,1,-1.5935334872979157,3.879907621247103,-3.394919168591226,1,10.06928406466512,17.367205542725173,-3.394919168591226,1,6.766743648960749,18.63741339491918,-3.394919168591226,1,9.330254041570463,18.63741339491918,-3.394919168591226,1,9.376443418013869,18.63741339491918,-3.394919168591226,1.0,2.0,4.0,4.0,5.0,5.0,,1.0,,,,,1,1,1,1,0,0,0,0,0,0
sz003012,2024-12-30,first_probe,1,首次试盘,1,0.15151515151516914,3.4848484848484906,-1.0606060606060508,1,-6.818181818181812,5.606060606060614,-7.57575757575758,1,-8.18181818181818,5.606060606060614,-9.696969696969692,1,-9.545454545454547,5.606060606060614,-14.090909090909086,1,-8.636363636363631,5.606060606060614,-14.090909090909086,1,-9.696969696969692,5.606060606060614,-14.090909090909086,1.0,1.0,2.0,,,,,3.0,3.0,4.0,6.0,,1,1,1,0,1,1,0,0,0,1
sz003015,2025-04-02,first_probe,1,首次试盘,1,-2.7210884353741527,0.0,-5.380333951762529,1,-21.212121212121215,0.0,-21.212121212121215,1,-20.841063698206565,0.0,-29.066171923314787,1,-19.294990723562154,0.0,-29.066171923314787,1,-8.719851576994442,0.0,-29.066171923314787,1,-12.244897959183687,0.0,-29.066171923314787,1.0,,,,,,,1.0,1.0,2.0,2.0,3.0,1,1,0,0,1,1,0,0,1,1
sz003016,2025-11-26,first_probe,1,首次试盘,1,-1.950162513542797,1.8418201516793076,-2.0585048754062973,1,-2.275189599133265,1.8418201516793076,-3.4669555796316365,1,13.651137594799568,13.651137594799568,-5.525460455037923,1,38.56988082340194,38.56988082340194,-5.525460455037923,1,11.917659804983739,38.56988082340194,-5.525460455037923,0,,,,1.0,4.0,4.0,5.0,5.0,6.0,6.0,2.0,4.0,,,,1,1,1,1,1,0,0,0,0,0
sz003021,2024-11-15,first_probe,1,首次试盘,1,-6.260109996764795,6.227758007117434,-6.988029763830472,1,13.442251698479456,13.442251698479456,-7.910061468780327,1,14.606923325784527,17.971530249110334,-7.910061468780327,1,19.86412164348106,23.455192494338384,-7.910061468780327,1,26.10805564542218,44.72662568747978,-7.910061468780327,1,39.097379488838556,53.29990294403104,-7.910061468780327,1.0,1.0,1.0,3.0,3.0,5.0,6.0,1.0,1.0,,,,1,1,1,1,1,0,0,0,0,0
sz003023,2024-11-20,first_probe,1,首次试盘,1,-4.423963133640552,-0.41474654377879894,-5.483870967741922,1,-8.34101382488479,-0.41474654377879894,-12.304147465437776,1,-8.018433179723495,-0.41474654377879894,-12.304147465437776,1,-6.4976958525345685,-0.41474654377879894,-12.304147465437776,1,-12.442396313364057,1.4746543778801913,-13.502304147465438,1,-17.465437788018434,1.4746543778801913,-22.718894009216594,13.0,,,,,,,1.0,1.0,2.0,2.0,25.0,1,1,0,0,1,1,1,0,1,1
sz003026,2025-08-29,first_probe,1,首次试盘,1,-2.051282051282044,1.205128205128192,-2.564102564102566,1,-8.435897435897433,1.205128205128192,-8.461538461538453,1,-9.794871794871796,1.205128205128192,-13.282051282051277,1,-9.333333333333337,1.205128205128192,-13.333333333333341,1,-3.2820512820512904,1.205128205128192,-14.051282051282044,1,-9.615384615384615,1.205128205128192,-14.102564102564108,1.0,,,,,,,2.0,2.0,3.0,4.0,,1,1,0,0,1,1,0,0,1,1
sz003027,2025-11-20,first_probe,1,首次试盘,1,-6.1418685121107375,0.9083044982698851,-6.401384083044981,1,-6.401384083044981,0.9083044982698851,-6.747404844290672,1,-7.26643598615917,0.9083044982698851,-9.212802768166096,1,-12.5,0.9083044982698851,-12.586505190311414,1,-16.6955017301038,0.9083044982698851,-18.814878892733567,0,,,,1.0,27.0,27.0,,,,,1.0,1.0,4.0,9.0,16.0,1,1,1,0,1,1,0,0,1,1
sz003030,2024-12-13,first_probe,1,首次试盘,1,-2.190580503833528,0.8214676889375605,-3.1215772179627566,1,-10.624315443592558,0.8214676889375605,-11.281489594742622,1,-9.912376779846666,0.8214676889375605,-13.198247535596941,1,-13.30777656078862,0.8214676889375605,-17.30558598028479,1,-21.57721796276013,0.8214676889375605,-25.136911281489603,1,-13.581599123767807,31.76341730558596,-25.136911281489603,1.0,25.0,25.0,25.0,26.0,26.0,27.0,1.0,2.0,2.0,3.0,6.0,1,1,1,1,1,1,0,0,1,1
sz003030,2025-01-27,retest_probe,2,重新试盘,1,0.9090909090909038,1.558441558441559,-2.2727272727272707,1,2.2727272727272707,3.5714285714285587,-2.2727272727272707,1,4.675324675324677,5.454545454545445,-2.2727272727272707,1,2.467532467532463,5.974025974025965,-2.2727272727272707,1,7.272727272727275,9.545454545454547,-2.2727272727272707,1,5.32467532467531,16.428571428571416,-2.2727272727272707,1.0,3.0,5.0,18.0,28.0,34.0,,,,,,,1,1,1,1,0,0,0,0,0,0
sz003030,2025-03-24,retest_probe,3,重新试盘,1,-0.9877977919814152,2.208018593840788,-4.067402672864606,1,-2.5566531086577693,2.208018593840788,-4.067402672864606,1,-6.9726902963393345,2.208018593840788,-8.483439860546193,1,21.44102266124346,24.346310284718164,-8.483439860546193,1,16.502033701336426,31.20278907611851,-8.483439860546193,1,10.981987216734467,31.20278907611851,-8.483439860546193,1.0,8.0,9.0,9.0,9.0,9.0,10.0,1.0,4.0,5.0,,,1,1,1,1,1,1,0,0,1,1
sz003036,2025-06-17,first_probe,1,首次试盘,1,2.696793002915454,3.6443148688046545,-0.8746355685131268,1,2.915451895043719,6.049562682215748,-0.8746355685131268,1,4.37317784256559,6.049562682215748,-0.8746355685131268,1,1.6763848396501357,6.4868804664723,-0.8746355685131268,1,11.734693877551017,27.186588921282784,-0.8746355685131268,1,28.57142857142856,60.276967930029144,-0.8746355685131268,1.0,1.0,2.0,12.0,12.0,13.0,13.0,,,,,,1,1,1,1,0,0,0,0,0,0
sz003036,2025-08-08,retest_probe,2,重新试盘,1,-0.3767491926802813,3.06781485468246,-3.067814854682438,1,-5.812701829924638,3.06781485468246,-8.503767491926794,1,-7.642626480086101,3.06781485468246,-8.988159311087184,1,-6.673842841765332,3.06781485468246,-8.988159311087184,1,-9.956942949407955,3.06781485468246,-18.191603875134554,1,-9.257265877287402,15.446716899892365,-18.191603875134554,1.0,1.0,22.0,22.0,23.0,23.0,,1.0,2.0,3.0,13.0,14.0,1,1,1,1,1,1,0,0,1,1
sz003039,2025-04-10,first_probe,1,首次试盘,1,-1.295896328293733,0.43196544276455917,-2.807775377969768,1,-1.0079193664506825,0.7199424046076208,-2.807775377969768,1,-3.311735061195109,0.7199424046076208,-4.391648668106562,1,-3.311735061195109,0.7199424046076208,-5.111591072714184,1,-0.5759539236861011,3.0957523398128073,-5.111591072714184,1,0.07199424046075986,4.10367170626349,-5.111591072714184,1.0,13.0,,,,,,4.0,6.0,,,,1,1,0,0,1,0,0,0,1,0
sz003040,2024-12-30,first_probe,1,首次试盘,1,-5.903527717782575,-0.14398848092153083,-5.903527717782575,1,-0.5039596832253412,4.391648668106551,-8.927285817134633,1,-3.0237580993520474,4.391648668106551,-8.927285817134633,1,-11.01511879049677,4.391648668106551,-18.574514038876888,1,3.8156947444204503,7.127429805615559,-18.574514038876888,1,-2.3038156947444266,9.143268538516924,-18.574514038876888,3.0,3.0,19.0,23.0,,,,1.0,1.0,2.0,8.0,9.0,1,1,1,1,1,1,0,0,1,1
sz003040,2025-08-12,retest_probe,2,重新试盘,1,-1.3788098693759077,2.503628447024675,-3.8461538461538436,1,-1.7416545718432541,5.805515239477499,-3.8461538461538436,1,0.6168359941944868,5.805515239477499,-5.442670537010164,1,-7.293178519593601,5.805515239477499,-7.656023222060959,1,-16.291727140783742,5.805515239477499,-19.375907111756163,1,-24.346879535558774,5.805515239477499,-31.168359941944846,1.0,2.0,2.0,,,,,1.0,4.0,11.0,11.0,12.0,1,1,1,0,1,1,0,0,0,1
sz003041,2024-12-24,first_probe,1,首次试盘,1,-5.545617173524153,-2.003577817531299,-9.838998211091232,1,-3.1127012522361386,-1.073345259391778,-11.949910554561715,1,-4.04293381037567,-0.9660107334525936,-11.949910554561715,1,-5.545617173524153,-0.9660107334525936,-11.949910554561715,1,6.440071556350624,9.087656529516996,-11.949910554561715,1,-8.407871198568861,10.769230769230775,-11.949910554561715,18.0,19.0,19.0,19.0,22.0,,,1.0,1.0,1.0,2.0,,1,1,1,1,1,1,1,0,1,1
sz003043,2025-08-21,first_probe,1,首次试盘,1,-0.14973262032085266,0.449197860962558,-0.5775401069518793,1,-0.8128342245989351,0.9625668449197988,-2.67379679144385,1,3.700534759358276,6.951871657754016,-2.67379679144385,1,6.3101604278074985,11.87165775401069,-2.67379679144385,1,12.342245989304823,15.358288770053473,-2.67379679144385,1,7.336898395721914,23.35828877005348,-4.256684491978612,1.0,4.0,4.0,6.0,7.0,12.0,21.0,34.0,,,,,1,1,1,1,0,0,0,0,0,0
