symbol,trade_date,event_role,probe_index,bar_high_ret_pct,amount_vs_day_median,same_day_pullback_ratio,oib_ratio,probe_strength_score,next_open_hold_1d_close_pct,next_open_hold_1d_high_pct,next_open_hold_1d_low_pct,next_open_hold_2d_close_pct,next_open_hold_2d_high_pct,next_open_hold_2d_low_pct,next_open_hold_3d_close_pct,next_open_hold_3d_high_pct,next_open_hold_3d_low_pct,next_open_hold_5d_close_pct,next_open_hold_5d_high_pct,next_open_hold_5d_low_pct,next_open_hold_10d_close_pct,next_open_hold_10d_high_pct,next_open_hold_10d_low_pct,strat_t5_s5_ret,strat_t5_s5_days,strat_t8_s5_ret,strat_t8_s5_days,strat_t8_s8_ret,strat_t8_s8_days,strat_t10_s5_ret,strat_t10_s5_days
sh600165,2025-11-14,first_probe,1,5.378973105134466,28.125936452933747,0.7727272727272733,0.4280522184466016,82.32687408735353,-0.7263922518159882,1.6949152542373058,-2.4213075060532607,3.874092009685226,4.358353510895885,-2.4213075060532607,-1.2106537530266248,4.358353510895885,-2.4213075060532607,-3.874092009685226,4.358353510895885,-6.0532687651331685,-4.1162227602905554,4.358353510895885,-8.47457627118644,-5.0,4,-5.0,4,-3.874092009685226,5,-5.0,4
sh600178,2025-02-11,first_probe,1,7.372549019607844,31.766198500105325,0.8404255319148931,0.31421367860105126,77.75241689271613,1.51878497202238,2.31814548361311,-0.9592326139088669,1.918465227817756,3.9168665067945696,-0.9592326139088669,-0.23980815347721673,3.9168665067945696,-1.4388489208633115,-5.195843325339733,3.9168665067945696,-5.275779376498802,-0.7194244604316502,3.9168665067945696,-5.915267785771383,-5.0,5,-5.0,5,-5.195843325339733,5,-5.0,5
sh600200,2025-04-22,first_probe,1,5.787037037037046,15.287659849006976,0.5199999999999996,0.2764969705825365,68.67323976938077,9.172259507829983,9.172259507829983,-0.22371364653243075,-1.7897091722595126,9.172259507829983,-1.7897091722595126,-11.633109619686788,9.172259507829983,-11.633109619686788,-28.411633109619682,9.172259507829983,-28.411633109619682,-37.80760626398211,9.172259507829983,-41.38702460850111,5.0,1,8.0,1,8.0,1,-5.0,3
sh600241,2025-01-02,first_probe,1,9.850746268656717,41.764453034268776,0.4848484848484852,0.48039836392051494,77.26732669698855,-4.491017964071853,5.389221556886237,-4.940119760479044,-6.287425149700598,5.389221556886237,-12.72455089820359,-1.6467065868263409,5.389221556886237,-12.72455089820359,6.586826347305386,6.586826347305386,-12.72455089820359,5.688622754491024,10.32934131736527,-12.72455089820359,5.0,1,-5.0,2,-8.0,2,-5.0,2
sh600243,2025-08-22,first_probe,1,4.878048780487809,13.892745850867973,0.8636363636363629,0.2976251868170006,69.19011238596278,3.6876355748373113,3.6876355748373113,0.0,8.893709327548782,8.893709327548782,0.0,3.4707158351409806,13.665943600867681,0.0,0.433839479392617,13.665943600867681,-1.7353579175705014,0.2169197396963085,13.665943600867681,-9.327548806941444,5.0,2,8.0,2,8.0,2,10.0,3
sh600289,2025-04-09,first_probe,1,9.473684210526322,33.10158149576791,1.111111111111112,0.3775392972774062,85.71377786079103,4.778761061946901,4.778761061946901,-4.2477876106194685,10.088495575221224,10.088495575221224,-4.2477876106194685,15.575221238938042,15.575221238938042,-4.2477876106194685,27.43362831858407,27.43362831858407,-4.2477876106194685,12.566371681415923,29.734513274336273,-4.2477876106194685,5.0,2,8.0,2,8.0,2,10.0,2
sh600289,2025-04-25,retest_probe,2,6.097560975609739,26.926462733695587,0.8571428571428575,0.4701056238497887,85.26645671367017,5.555555555555558,5.555555555555558,-0.17361111111110494,0.3472222222222321,5.555555555555558,-0.17361111111110494,0.868055555555558,5.555555555555558,-4.687499999999989,2.430555555555558,5.555555555555558,-4.687499999999989,0.694444444444442,5.555555555555558,-4.687499999999989,5.0,1,2.430555555555558,5,2.430555555555558,5,2.430555555555558,5
sh600303,2025-04-21,first_probe,1,8.994708994709,23.88643129367034,0.47058823529411764,0.4085997086749337,77.95520944965494,6.329113924050622,8.354430379746836,0.0,13.164556962025298,16.962025316455698,0.0,14.936708860759484,20.253164556962023,0.0,3.2911392405063244,20.253164556962023,0.0,7.594936708860756,20.253164556962023,-2.27848101265824,5.0,1,8.0,1,8.0,1,10.0,2
sh600310,2025-04-30,first_probe,1,5.515587529976029,17.342232514227877,0.6086956521739144,0.559467060849642,71.88016110554157,1.6431924882629234,2.5821596244131495,-1.8779342723004744,3.0516431924882514,6.103286384976525,-1.8779342723004744,3.7558685446009488,6.103286384976525,-1.8779342723004744,3.7558685446009488,6.103286384976525,-1.8779342723004744,3.2863849765258246,6.103286384976525,-1.8779342723004744,5.0,2,3.7558685446009488,5,3.7558685446009488,5,3.7558685446009488,5
sh600353,2025-04-08,first_probe,1,6.979695431472077,28.69955200075483,1.0363636363636357,0.518517666635413,79.39053295639044,6.318681318681318,8.516483516483508,-2.8846153846153855,7.692307692307687,12.5,-2.8846153846153855,10.71428571428572,13.598901098901095,-2.8846153846153855,13.461538461538458,19.23076923076923,-2.8846153846153855,14.423076923076916,19.23076923076923,-2.8846153846153855,5.0,1,8.0,1,8.0,1,10.0,2
sh600353,2025-09-02,retest_probe,2,8.020050125313283,14.351552898247784,1.4562499999999998,0.2641828004633039,77.07360452906258,-4.153846153846152,2.051282051282044,-4.61538461538461,-10.51282051282052,2.051282051282044,-12.769230769230766,-9.230769230769232,2.051282051282044,-12.769230769230766,-12.15384615384616,2.051282051282044,-14.051282051282044,-7.2820512820512935,2.051282051282044,-15.333333333333321,-5.0,2,-5.0,2,-8.0,2,-5.0,2
sh600355,2025-04-16,first_probe,1,10.191082802547768,19.426382525467325,0.5000000000000007,0.2726130591223572,81.33161434264808,0.0,2.1874999999999867,-1.562500000000011,-1.562500000000011,2.1874999999999867,-2.8125000000000067,-1.8750000000000044,2.1874999999999867,-3.4375000000000044,-3.749999999999998,2.1874999999999867,-4.687500000000011,-21.250000000000004,2.1874999999999867,-21.250000000000004,-3.749999999999998,5,-3.749999999999998,5,-3.749999999999998,5,-3.749999999999998,5
sh600360,2025-05-06,first_probe,1,8.072487644151561,22.74777012096218,0.40816326530612157,0.5634310980119681,77.51374672002169,3.7617554858934144,4.858934169279006,-0.7836990595611271,4.545454545454541,5.1724137931034475,-0.7836990595611271,2.1943573667711602,5.1724137931034475,-0.7836990595611271,0.9404388714733702,5.3291536050156685,-0.7836990595611271,1.4106583072100332,5.3291536050156685,-0.7836990595611271,5.0,2,0.9404388714733702,5,0.9404388714733702,5,0.9404388714733702,5
sh600381,2025-04-21,first_probe,1,5.3333333333333455,67.26521931019177,0.7500000000000011,0.46203212039177494,83.39451750452636,0.0,0.0,0.0,-4.986149584487531,0.0,-4.986149584487531,-9.69529085872577,0.0,-9.69529085872577,-18.282548476454284,0.0,-18.282548476454284,4.155124653739617,4.432132963988922,-18.282548476454284,-5.0,3,-5.0,3,-8.0,3,-5.0,3
sh600396,2025-07-08,first_probe,1,4.922279792746109,34.18491903004437,1.4210526315789478,0.2695526034583104,74.9727533213973,6.756756756756754,11.351351351351347,-0.2702702702702786,-1.8918918918918948,11.351351351351347,-2.1621621621621623,-1.8918918918918948,11.351351351351347,-5.135135135135149,5.135135135135127,11.351351351351347,-5.135135135135149,-1.3513513513513598,11.351351351351347,-5.135135135135149,5.0,1,8.0,1,8.0,1,10.0,1
sh600408,2025-10-30,first_probe,1,5.813953488372103,19.611780353046914,2.199999999999998,0.3535815304506168,77.28133114045578,0.0,4.5016077170418,-0.3215434083601254,9.967845659163999,9.967845659163999,-0.3215434083601254,20.900321543408353,20.900321543408353,-0.3215434083601254,33.762057877813525,44.37299035369777,-0.3215434083601254,82.9581993569132,82.9581993569132,-0.3215434083601254,5.0,2,8.0,2,8.0,2,10.0,3
sh600530,2025-01-06,first_probe,1,9.125475285171113,214.80791564760472,1.0,0.28084907609034937,89.90636432999773,0.0,0.0,0.0,-4.439746300211434,0.0,-8.245243128964075,-8.668076109936573,0.0,-11.416490486257924,-1.9027484143763318,2.325581395348819,-11.416490486257924,1.2684989429175397,13.742071881606744,-11.416490486257924,-5.0,2,-5.0,2,-8.0,2,-5.0,2
sh600594,2025-08-25,first_probe,1,6.493506493506485,23.880689774599986,0.8333333333333338,0.8232931403111287,83.57944261585241,-1.505376344086029,0.6451612903225712,-1.505376344086029,-4.301075268817211,0.6451612903225712,-4.301075268817211,-4.946236559139794,0.6451612903225712,-9.677419354838712,-4.301075268817211,0.6451612903225712,-9.677419354838712,-5.376344086021501,0.6451612903225712,-9.677419354838712,-5.0,3,-5.0,3,-8.0,3,-5.0,3
sh600629,2024-11-15,first_probe,1,13.313313313313312,19.027754457821327,1.3082706766917294,0.28236115960534913,79.6470474424146,-9.926854754440972,0.10449320794148065,-9.926854754440972,-15.36050156739812,0.10449320794148065,-18.913270637408573,-12.121212121212121,0.10449320794148065,-18.913270637408573,-17.45036572622779,0.10449320794148065,-18.913270637408573,-20.167189132706376,0.10449320794148065,-24.973876698014628,-5.0,1,-5.0,1,-8.0,1,-5.0,1
sh600629,2025-10-09,retest_probe,2,8.448275862068954,16.787794622006313,1.2857142857142856,0.26700460512398333,78.08037136605363,16.627450980392155,20.901960784313722,-0.07843137254901489,15.019607843137251,20.901960784313722,-0.07843137254901489,20.666666666666657,26.509803921568608,-0.07843137254901489,46.03921568627452,46.03921568627452,-0.07843137254901489,30.039215686274503,60.50980392156862,-0.07843137254901489,5.0,1,8.0,1,8.0,1,10.0,1
sh600629,2025-10-17,retest_probe,3,5.291005291005302,18.17831975797875,0.8499999999999979,0.2892737488193289,72.03791099122937,-4.097938144329882,1.2371134020618735,-11.623711340206178,5.489690721649487,5.489690721649487,-11.623711340206178,-5.051546391752559,5.489690721649487,-11.623711340206178,-23.092783505154635,5.489690721649487,-23.092783505154635,-40.670103092783506,5.489690721649487,-42.293814432989684,-5.0,1,-5.0,1,-8.0,1,-5.0,1
sh600653,2024-11-04,first_probe,1,10.762331838565032,18.489618031993505,0.9166666666666666,0.2625800983318153,85.26049071016615,4.504504504504481,7.2072072072072,-1.3513513513513598,1.3513513513513375,7.2072072072072,-1.3513513513513598,11.711711711711704,11.711711711711704,-1.3513513513513598,14.4144144144144,29.729729729729716,-1.3513513513513598,0.9009009009008917,29.729729729729716,-4.954954954954971,5.0,1,8.0,3,8.0,3,10.0,3
sh600696,2025-03-19,first_probe,1,6.04651162790697,16.692873237503665,0.5897435897435891,0.2989982104044489,70.96117012587226,1.920122887864828,2.841781874039939,-1.3056835637480835,2.764976958525356,6.451612903225801,-1.3056835637480835,-7.5268817204301115,6.451612903225801,-7.5268817204301115,-12.749615975422424,6.451612903225801,-25.038402457757293,-30.337941628264208,6.451612903225801,-33.25652841781874,5.0,2,-5.0,3,-8.0,4,-5.0,3
sh600698,2024-09-24,first_probe,1,6.80851063829786,32.05493275530899,1.0625000000000016,0.3175806380898185,78.64763388025541,1.7467248908296984,3.7117903930131035,-2.183406113537112,-0.4366812227074357,3.7117903930131035,-3.493449781659397,1.7467248908296984,3.7117903930131035,-3.493449781659397,12.227074235807844,19.432314410480345,-3.493449781659397,5.676855895196509,19.432314410480345,-3.9301310043668103,5.0,4,8.0,4,8.0,4,10.0,4
sh600716,2024-09-25,first_probe,1,6.484641638225264,26.023765554764786,1.105263157894737,2.395482447143865,85.33872715940889,5.517241379310356,5.862068965517242,-1.0344827586206806,8.965517241379327,10.000000000000009,-1.0344827586206806,18.620689655172406,19.3103448275862,-1.0344827586206806,15.517241379310342,30.34482758620689,-1.0344827586206806,12.068965517241391,30.34482758620689,-1.0344827586206806,5.0,1,8.0,2,8.0,2,10.0,2
sh600745,2025-11-10,first_probe,1,6.400000000000006,22.641610540763978,0.5277777777777783,0.3647190956087749,72.8373859870222,0.10822510822510178,3.203463203463186,-3.1385281385281405,-4.5021645021645185,3.203463203463186,-5.692640692640694,-4.09090909090909,3.203463203463186,-5.692640692640694,-4.978354978354982,3.203463203463186,-5.692640692640694,-11.601731601731602,3.203463203463186,-15.58441558441559,-5.0,2,-5.0,2,-4.978354978354982,5,-5.0,2
sh600798,2025-05-30,first_probe,1,6.266318537859017,13.568312271345043,0.9583333333333343,0.26697455710980367,75.90548955096982,-0.2666666666666595,2.400000000000002,-2.6666666666666727,2.6666666666666616,2.6666666666666616,-2.6666666666666727,0.5333333333333412,2.6666666666666616,-2.6666666666666727,0.8000000000000007,2.6666666666666616,-2.6666666666666727,13.33333333333333,22.13333333333334,-2.6666666666666727,0.8000000000000007,5,0.8000000000000007,5,0.8000000000000007,5,0.8000000000000007,5
sh600829,2025-03-11,first_probe,1,5.200945626477527,21.701223426188147,0.6136363636363633,0.29642291857295083,71.11899494343687,-1.0489510489510523,1.5151515151515138,-1.8648018648018683,-3.263403263403253,1.5151515151515138,-3.7296037296037365,-1.8648018648018683,1.5151515151515138,-4.545454545454552,-2.6806526806526842,1.5151515151515138,-4.545454545454552,-6.876456876456871,1.5151515151515138,-9.440559440559449,-2.6806526806526842,5,-2.6806526806526842,5,-2.6806526806526842,5,-2.6806526806526842,5
sh600831,2025-11-10,first_probe,1,8.108108108108114,26.00243581975389,0.5128205128205126,0.2617158275719063,74.1154015111789,10.663983903420537,10.663983903420537,-0.4024144869215207,7.243460764587528,13.88329979879277,-0.4024144869215207,9.05432595573441,13.88329979879277,-0.4024144869215207,6.639839034205242,13.88329979879277,-0.4024144869215207,-6.438631790744454,13.88329979879277,-9.05432595573441,5.0,1,8.0,1,8.0,1,10.0,1
sh600839,2025-02-14,first_probe,1,6.3993831919815,17.76433453097199,1.3855421686746991,0.408580028181728,77.22388811982674,-2.014504431909747,3.948428686543104,-3.3037872683319924,-7.574536663980657,3.948428686543104,-8.21917808219178,-4.99597099113619,3.948428686543104,-8.863819500402903,-1.8533440773569776,3.948428686543104,-8.863819500402903,-9.186140209508464,5.560032232070911,-11.361804995970992,-5.0,2,-5.0,2,-8.0,2,-5.0,2
sh600857,2024-11-13,first_probe,1,8.015267175572527,32.50137252194492,1.2063492063492063,0.25416004758134425,80.91896157414456,-3.9735099337748325,1.5894039735099286,-4.635761589403964,-5.033112582781452,1.5894039735099286,-5.695364238410594,-7.814569536423843,1.5894039735099286,-7.947019867549665,-3.31125827814569,1.5894039735099286,-8.874172185430462,-0.6622516556291314,1.5894039735099286,-8.874172185430462,-5.0,2,-5.0,2,-8.0,4,-5.0,2
sh600865,2024-12-06,first_probe,1,5.418719211822642,22.908610347601716,0.9090909090909108,0.6604895486935389,75.74493120658246,-2.07920792079207,1.5841584158415856,-3.960396039603964,-0.3960396039603853,2.079207920792081,-3.960396039603964,7.6237623762376305,9.504950495049513,-3.960396039603964,5.841584158415847,14.95049504950494,-3.960396039603964,-6.831683168316827,14.95049504950494,-7.227722772277234,5.0,3,8.0,3,8.0,3,10.0,4
sh600892,2025-04-02,first_probe,1,9.740259740259738,30.41441944206637,0.5333333333333327,4.9300758350358285,80.58101031709509,2.684563758389258,4.697986577181212,0.0,-7.7181208053691215,4.697986577181212,-7.7181208053691215,-6.375838926174493,4.697986577181212,-10.067114093959727,-2.348993288590595,4.697986577181212,-15.436241610738255,-1.0067114093959662,7.38255033557047,-15.436241610738255,-5.0,2,-5.0,2,-8.0,3,-5.0,2
sh600981,2024-09-25,first_probe,1,6.000000000000005,33.11673656209116,1.0,0.3882577340480077,78.91845168783473,4.545454545454541,7.070707070707072,0.0,8.585858585858585,8.585858585858585,0.0,17.17171717171717,18.181818181818166,0.0,11.111111111111116,28.787878787878785,0.0,5.050505050505061,28.787878787878785,0.0,5.0,1,8.0,2,8.0,2,10.0,3
sh601008,2025-06-24,first_probe,1,6.569343065693434,19.69259988430901,0.8222222222222222,0.36162173014641386,75.13273068268289,-1.6034985422740622,1.4577259475218707,-1.895043731778423,-3.0612244897959218,1.4577259475218707,-3.0612244897959218,-4.081632653061229,1.4577259475218707,-5.976676384839652,-2.6239067055393694,1.4577259475218707,-5.976676384839652,-3.0612244897959218,1.4577259475218707,-6.413994169096215,-5.0,3,-5.0,3,-2.6239067055393694,5,-5.0,3
sh601727,2024-11-11,first_probe,1,8.032490974729246,16.27539573775275,1.0112359550561796,0.28757803980411956,77.07691312223334,-1.3059701492537323,7.089552238805963,-5.783582089552253,-0.0932835820895539,7.089552238805963,-5.783582089552253,-9.794776119402993,7.089552238805963,-9.888059701492546,-18.097014925373145,7.089552238805963,-18.097014925373145,-15.391791044776127,7.089552238805963,-22.294776119402993,-5.0,1,-5.0,1,-8.0,3,-5.0,1
sh601908,2024-11-15,first_probe,1,8.359133126934992,53.055611585621094,0.7777777777777776,0.3084171450885316,78.04682453326798,-4.012345679012352,0.30864197530864335,-5.864197530864212,-2.77777777777779,0.30864197530864335,-7.098765432098775,-1.851851851851849,0.30864197530864335,-7.098765432098775,-6.481481481481499,0.30864197530864335,-7.098765432098775,-2.77777777777779,0.30864197530864335,-7.716049382716051,-5.0,1,-5.0,1,-6.481481481481499,5,-5.0,1
sh603001,2024-12-23,first_probe,1,5.890804597701149,13.876377888367772,0.7073170731707316,0.29934214513247,69.9768125275768,0.0,0.0,0.0,-10.047095761381474,0.0,-10.047095761381474,-18.995290423861853,0.0,-18.995290423861853,-18.681318681318693,0.0,-23.861852433281015,-22.919937205651486,0.0,-23.861852433281015,-5.0,2,-5.0,2,-8.0,2,-5.0,2
sh603007,2024-11-18,first_probe,1,9.581564584596736,101.40456171431802,1.0,0.3207371397012569,81.71672523685544,0.0,0.0,0.0,-4.977664326738984,0.0,-4.977664326738984,-9.700063816209315,0.0,-9.700063816209315,-18.506700701978307,0.0,-18.506700701978307,-13.911933631142304,0.0,-25.59029993618379,-5.0,3,-5.0,3,-8.0,3,-5.0,3
sh603030,2024-12-11,first_probe,1,10.540540540540523,16.866966616075832,0.9230769230769235,0.28892871212521454,77.38131848109504,-2.228412256267409,2.785515320334264,-3.899721448467963,-4.73537604456824,2.785515320334264,-5.292479108635096,-4.73537604456824,2.785515320334264,-7.520891364902504,-12.256267409470755,2.785515320334264,-12.8133704735376,-23.11977715877438,2.785515320334264,-24.5125348189415,-5.0,2,-5.0,2,-8.0,4,-5.0,2
sh603032,2025-07-23,first_probe,1,5.4313099041533475,27.261815227805897,1.3823529411764712,0.30692801347379856,76.326598429251,0.32948929159801743,2.251510159253156,-0.05491488193301031,0.27457440966502933,2.251510159253156,-1.7023613399231308,0.5491488193300365,2.251510159253156,-1.9220208676551387,-1.5925315760571102,2.251510159253156,-2.8006589785832037,3.8989566172432877,3.8989566172432877,-3.4047226798462393,-1.5925315760571102,5,-1.5925315760571102,5,-1.5925315760571102,5,-1.5925315760571102,5
sh603045,2025-04-17,first_probe,1,6.8370165745856415,18.066807832742594,0.6868686868686882,8.31489458686528,78.00851019609976,0.06779661016949046,1.4915254237288122,-2.3728813559321993,2.3728813559322104,2.7118644067796627,-2.3728813559321993,4.677966101694908,7.118644067796609,-2.3728813559321993,2.1016949152542486,7.118644067796609,-2.3728813559321993,2.033898305084758,7.118644067796609,-3.1186440677966165,5.0,3,2.1016949152542486,5,2.1016949152542486,5,2.1016949152542486,5
sh603086,2025-08-20,first_probe,1,6.969990319457886,26.751493763160678,0.6666666666666666,0.31955513692789217,75.67803459683051,-2.392344497607657,0.5741626794258492,-2.6794258373205704,-4.019138755980856,0.5741626794258492,-4.688995215310987,-3.540669856459322,0.5741626794258492,-5.167464114832532,-7.559808612440189,0.5741626794258492,-7.751196172248798,-11.67464114832535,0.5741626794258492,-11.866028708133957,-5.0,3,-5.0,3,-7.559808612440189,5,-5.0,3
sh603093,2025-06-30,first_probe,1,7.503290917068894,13.698447449073724,1.2690058479532167,0.2617385256556476,75.16145322223811,-9.16334661354582,0.7968127490039834,-10.579902611775127,-11.55378486055777,0.7968127490039834,-12.571934484285086,-12.881806108897742,0.7968127490039834,-14.475431606905708,-7.038512616201864,0.7968127490039834,-14.741035856573703,10.712704736609124,23.948649845064196,-14.741035856573703,-5.0,1,-5.0,1,-8.0,1,-5.0,1
sh603095,2025-01-02,first_probe,1,6.230802983764816,35.01908210205173,1.0845070422535192,0.5681680458086045,79.3640796433252,-3.0436700485222845,2.3378914865460843,-3.3965593295103846,-2.249669166299084,2.3378914865460843,-6.131451257168063,1.1027790030877727,2.3378914865460843,-6.131451257168063,1.9408910454344896,7.5430083811204085,-6.131451257168063,-4.543449492721663,7.5430083811204085,-12.70401411557125,-5.0,2,-5.0,2,1.9408910454344896,5,-5.0,2
sh603108,2025-04-28,first_probe,1,6.607929515418509,36.682362903836605,0.5523809523809537,0.3018875486567545,73.91972710790964,6.9385270846013425,9.555690809494832,-1.339013998782712,10.286062081558134,11.138161898965325,-1.339013998782712,15.581253804017026,15.763846622032872,-1.339013998782712,15.094339622641506,18.928788800973816,-1.339013998782712,11.929397443700562,22.76323797930615,-1.339013998782712,5.0,1,8.0,1,8.0,1,10.0,2
sh603110,2024-11-20,first_probe,1,8.000000000000007,19.078883560513468,0.7720588235294126,0.2768613360909095,76.72328017503564,0.6547619047619024,6.785714285714284,0.0,4.523809523809508,9.404761904761894,-2.3214285714285743,2.083333333333326,9.404761904761894,-5.7738095238095255,13.690476190476186,16.666666666666675,-5.7738095238095255,-0.7738095238095211,24.404761904761884,-5.7738095238095255,5.0,1,8.0,2,8.0,2,-5.0,3
sh603122,2025-11-21,first_probe,1,10.271646859083194,36.1087535842458,1.0,0.40205583577810866,84.18341999328027,-0.047147571900052476,3.206034889203213,-0.047147571900052476,0.5657708628005631,9.759547383309751,-9.476661951909481,-2.8288543140028377,9.759547383309751,-9.476661951909481,12.305516265912297,14.52145214521452,-9.476661951909481,25.082508250825075,25.082508250825075,-9.476661951909481,-5.0,2,-5.0,2,-8.0,2,-5.0,2
sh603155,2025-06-25,first_probe,1,12.953060011883565,33.83538027276227,0.6467889908256872,0.30211816254996815,77.76935587489542,5.535924617196719,11.896348645465249,-2.8268551236749095,9.952885747938755,14.016489988221426,-2.8268551236749095,13.486454652532377,20.965842167255587,-2.8268551236749095,5.653710247349819,20.965842167255587,-2.8268551236749095,-3.769140164899887,20.965842167255587,-6.478209658421674,5.0,1,8.0,1,8.0,1,10.0,1
sh603232,2025-10-31,first_probe,1,9.336609336609335,17.27849897889254,1.4473684210526334,0.29379463482263507,78.88166268615416,2.2667829119441985,6.582388840453346,-4.925893635571066,8.02092414995641,11.159546643417606,-4.925893635571066,1.2205754141237923,11.159546643417606,-4.925893635571066,16.695727986050567,21.665213600697463,-4.925893635571066,1.525719267654746,21.665213600697463,-5.0566695727986,5.0,1,8.0,2,8.0,2,10.0,2
sh603266,2025-09-17,first_probe,1,7.642089093702009,19.011520426191677,0.9396984924623111,0.2645866655709505,76.9502288586941,-3.955453149001531,1.9585253456221308,-5.337941628264209,-5.337941628264209,1.9585253456221308,-6.298003072196623,-4.608294930875578,1.9585253456221308,-6.298003072196623,3.1105990783410142,7.526881720430101,-6.298003072196623,-4.646697388632881,7.526881720430101,-6.298003072196623,-5.0,1,-5.0,1,3.1105990783410142,5,-5.0,1
sh603353,2025-06-06,first_probe,1,7.725856697819311,33.85243371382927,0.7822580645161291,0.3948423211799471,77.8195060454022,-1.8170805572380377,0.8479709267110724,-2.180496668685661,-2.9073288915808626,0.8479709267110724,-4.542701393095106,-2.786190187764992,0.8479709267110724,-4.542701393095106,7.450030284675924,7.450030284675924,-4.542701393095106,7.328891580860075,18.231374924288303,-4.542701393095106,5.0,5,7.450030284675924,5,7.450030284675924,5,7.450030284675924,5
sh603386,2025-09-03,first_probe,1,5.670446964643094,14.342004133058618,1.2941176470588236,2.829066520667631,77.96891751912558,-2.985074626865669,2.7815468113975506,-4.138398914518316,2.3744911804613356,2.849389416553594,-4.138398914518316,4.748982360922649,6.51289009497964,-4.138398914518316,-0.47489823609226933,6.51289009497964,-4.138398914518316,3.7991858887381325,7.734056987788329,-4.138398914518316,5.0,3,-0.47489823609226933,5,-0.47489823609226933,5,-0.47489823609226933,5
sh603416,2025-04-07,first_probe,1,6.0594795539033575,133.4934387646252,1.0337423312883434,0.2704158178472006,78.34813513100714,-4.259956409748367,4.359025163463448,-4.259956409748367,-4.9336239350109,4.359025163463448,-13.829998018624924,0.39627501486032557,4.398652664949476,-13.829998018624924,2.991876362195356,5.666732712502465,-13.829998018624924,-4.814741430552805,5.666732712502465,-13.829998018624924,-5.0,2,-5.0,2,-8.0,2,-5.0,2
sh603499,2024-11-13,first_probe,1,5.251141552511429,15.495746506465261,0.5217391304347822,0.25294866533622046,67.53662382314099,-3.9966461710452705,5.058692006707655,-4.946897708216891,-3.2699832308552335,5.058692006707655,-7.602012297372829,-10.117384013415332,5.058692006707655,-12.85634432643935,-5.925097820011194,5.058692006707655,-12.85634432643935,-7.490217998882054,5.058692006707655,-13.359418669647848,5.0,1,-5.0,2,-8.0,3,-5.0,2
sh603500,2025-01-03,first_probe,1,14.041994750656151,28.281210051872627,0.6355140186915889,0.34788214983176524,80.354473163298,11.518987341772146,11.518987341772146,-3.544303797468362,22.658227848101255,22.658227848101255,-3.544303797468362,13.924050632911378,22.658227848101255,-3.544303797468362,-6.20253164556962,22.658227848101255,-6.20253164556962,-12.151898734177212,22.658227848101255,-14.683544303797468,5.0,1,8.0,1,8.0,1,10.0,1
sh603517,2025-09-25,first_probe,1,10.466004583651657,37.91274115944809,0.46715328467153294,0.6352274104293765,78.86164570330737,-0.22404779686333587,1.1949215832711024,-1.2696041822255366,-3.6594473487677415,1.1949215832711024,-3.9581777445855226,0.9708737864077666,1.1949215832711024,-3.9581777445855226,3.286034353995526,5.526512322628818,-3.9581777445855226,0.821508588498876,8.14040328603436,-3.9581777445855226,5.0,5,3.286034353995526,5,3.286034353995526,5,3.286034353995526,5
sh603580,2025-03-25,first_probe,1,7.446808510638281,90.84101490641581,0.714285714285715,0.38783511239954366,77.84627751687557,-1.1093502377179099,0.4226096143687297,-5.1241415742208085,-3.6978341257263514,0.4226096143687297,-5.1241415742208085,-6.3919704173269976,0.4226096143687297,-6.4976228209191795,-5.81088219757,0.4226096143687297,-9.086106708927622,-17.168515583729526,0.4226096143687297,-25.67353407290015,-5.0,1,-5.0,1,-8.0,4,-5.0,1
sh603588,2025-05-19,first_probe,1,5.123674911660769,16.583740315329763,0.37931034482758724,0.27182597478313103,75.4200038949433,-1.6778523489932806,1.5100671140939603,-2.5167785234899376,-2.348993288590595,1.5100671140939603,-3.691275167785235,-4.697986577181212,1.5100671140939603,-5.033557046979864,-5.033557046979864,1.5100671140939603,-6.879194630872487,-4.53020134228187,1.5100671140939603,-7.214765100671139,-5.0,3,-5.0,3,-5.033557046979864,5,-5.0,3
sh603683,2025-01-10,first_probe,1,6.431535269709543,14.742843875971243,0.9677419354838717,0.7166566298099967,77.85113530262329,6.217070600632235,8.851422550052689,0.0,10.221285563751326,14.857744994731291,0.0,5.690200210748153,14.857744994731291,0.0,5.584826132771337,14.857744994731291,0.0,5.374077976817704,14.857744994731291,0.0,5.0,1,8.0,1,8.0,1,10.0,2
sh603759,2025-11-06,first_probe,1,5.175983436852993,19.885731934832236,0.9733333333333339,0.29826197334217613,72.9377381481355,8.35030549898168,8.35030549898168,-2.511880515953846,-2.511880515953846,11.81262729124235,-2.511880515953846,-12.28784792939579,11.81262729124235,-12.28784792939579,-20.23082145281738,11.81262729124235,-20.773930753564162,-26.20502376103192,11.81262729124235,-26.816021724372042,5.0,1,8.0,1,8.0,1,10.0,2
sh603813,2025-11-19,first_probe,1,7.015167930660882,49.156374167679665,0.4440154440154441,0.39510639421835897,77.9126905972394,3.9752194114610173,3.9752194114610173,-0.05162622612288059,-1.1615900877645968,6.324212700051612,-1.2132163138874552,-4.026845637583898,6.324212700051612,-5.627258647392875,4.130098089829648,6.324212700051612,-5.627258647392875,-1.032524522457401,6.324212700051612,-5.627258647392875,5.0,2,-5.0,3,4.130098089829648,5,-5.0,3
sh603825,2025-09-12,first_probe,1,4.849660523763344,31.784341012000016,1.0199999999999996,0.33259487052267217,75.65975188296493,1.6488845780795236,2.5218234723569433,-1.0669253152279512,3.103782735208549,4.55868089233753,-1.0669253152279512,-0.4849660523763455,4.55868089233753,-1.0669253152279512,-2.9097963142580063,4.55868089233753,-4.170708050436467,-5.62560620756547,4.55868089233753,-8.826382153249268,-2.9097963142580063,5,-2.9097963142580063,5,-2.9097963142580063,5,-2.9097963142580063,5
sh603898,2025-05-09,first_probe,1,6.361085126286237,56.72861300773151,0.8382352941176452,0.3998566517623248,77.2248454390679,-1.7592592592592715,1.6666666666666607,-2.777777777777779,-0.18518518518519933,1.9444444444444375,-2.777777777777779,-0.9259259259259411,1.9444444444444375,-2.777777777777779,-0.5555555555555647,1.9444444444444375,-2.777777777777779,6.018518518518512,8.98148148148148,-2.777777777777779,-0.5555555555555647,5,-0.5555555555555647,5,-0.5555555555555647,5,-0.5555555555555647,5
sh603998,2025-06-09,first_probe,1,5.998125585754455,16.662841568545627,0.5625000000000013,0.27592240514778715,73.29552906366335,-3.24032403240323,0.8100810081008047,-4.320432043204303,-3.4203420342034163,0.8100810081008047,-4.320432043204303,0.09000900090008201,1.3501350135013634,-4.320432043204303,-5.13051305130513,1.3501350135013634,-5.670567056705666,-11.881188118811881,1.3501350135013634,-13.591359135913594,-5.0,5,-5.0,5,-5.13051305130513,5,-5.0,5
sh605003,2025-08-21,first_probe,1,13.855421686747004,23.407148302582062,0.6739130434782609,0.7500293364035349,81.73946528849311,4.001667361400596,4.877032096706979,-2.959566486035836,13.422259274697801,13.422259274697801,-2.959566486035836,12.546894539391417,24.760316798666125,-2.959566486035836,0.458524385160497,24.760316798666125,-2.959566486035836,-5.335556481867432,24.760316798666125,-6.4610254272613465,5.0,2,8.0,2,8.0,2,10.0,2
sh605005,2024-09-02,first_probe,1,9.492419248516804,18.4838775601617,0.7569444444444446,6.159513458129213,89.23545492984005,-1.3444302176696454,0.1920614596671033,-2.8169014084507005,-2.7528809218950068,0.1920614596671033,-3.0729833546734864,-2.688860435339313,0.1920614596671033,-3.3290653008962834,-4.673495518565929,0.1920614596671033,-5.761843790012799,-5.633802816901401,0.1920614596671033,-6.466069142125475,-5.0,5,-5.0,5,-4.673495518565929,5,-5.0,5
sh605081,2025-04-11,first_probe,1,6.028368794326244,14.82074250652496,1.3235294117647034,0.38965107103816116,75.50246174450149,3.457943925233664,5.700934579439254,0.0,7.663551401869162,10.280373831775712,0.0,3.2710280373831946,10.280373831775712,0.0,1.0280373831775824,10.280373831775712,-0.8411214953271018,-1.121495327102795,10.280373831775712,-3.738317757009335,5.0,1,8.0,2,8.0,2,10.0,2
sh605118,2024-09-02,first_probe,1,8.183079056865461,45.45553027591731,0.7966101694915252,0.5288140160325412,79.6265972935687,-4.780361757105944,3.0361757105943132,-6.072351421188637,-7.105943152454774,3.0361757105943132,-9.366925064599485,-6.330749354005172,3.0361757105943132,-9.366925064599485,-8.46253229974161,3.0361757105943132,-10.465116279069775,-11.304909560723509,3.0361757105943132,-13.501291989664077,-5.0,1,-5.0,1,-8.0,2,-5.0,1
sh605298,2025-08-14,first_probe,1,8.998302207130738,21.406553882341534,1.2783018867924527,0.254533122346614,79.0245270399831,4.940449933833246,8.072342302602543,-2.161446846052062,1.543890604322895,8.072342302602543,-2.161446846052062,-1.8526687251874785,8.072342302602543,-2.9554477282752623,-2.293780326422601,8.072342302602543,-4.234671371857079,22.893692104102325,26.37847375385971,-4.234671371857079,5.0,1,8.0,1,8.0,1,-2.293780326422601,5
sh605303,2025-11-25,first_probe,1,4.929577464788726,19.42743067563914,0.7428571428571434,0.255621928435564,70.19761784787181,-3.9963252181901776,0.22967386311438798,-4.45567294441892,-3.307303628847036,2.710151584749654,-4.45567294441892,6.384933394579706,6.384933394579706,-4.45567294441892,-1.5617822691777694,10.840606338998615,-4.45567294441892,-7.762976573265967,10.840606338998615,-16.49058337161231,5.0,3,8.0,4,8.0,4,10.0,4
sh605369,2025-05-21,first_probe,1,10.421430904933015,295.74130189478575,1.2789968652037622,0.3441603765611678,83.03660461175232,0.0,3.028037383177562,0.0,-2.0560747663551426,3.028037383177562,-3.10280373831775,-2.691588785046728,3.028037383177562,-3.2523364485981365,-2.8411214953271036,3.028037383177562,-3.2523364485981365,1.4579439252336401,3.028037383177562,-3.6635514018691584,-2.8411214953271036,5,-2.8411214953271036,5,-2.8411214953271036,5,-2.8411214953271036,5
sz000004,2024-12-23,first_probe,1,7.001102535832415,18.128626290232624,1.0708661417322833,0.7627173360297689,80.70801544977057,-0.06150061500616033,1.9680196801967753,-0.06150061500616033,-10.024600246002468,1.9680196801967753,-10.024600246002468,-4.489544895448971,1.9680196801967753,-19.003690036900377,-15.436654366543678,1.9680196801967753,-19.003690036900377,-19.372693726937285,1.9680196801967753,-25.584255842558434,-5.0,2,-5.0,2,-8.0,2,-5.0,2
sz000004,2024-12-31,retest_probe,2,5.159883720930236,16.50607608101685,0.8873239436619719,0.3265222350910434,75.91231431898986,3.277494537509096,4.806991988346687,-2.9133284777858703,-6.773488710852149,4.879825200291332,-7.06482155863074,-8.812818645302267,4.879825200291332,-11.871813546977428,-2.4034959941733436,4.879825200291332,-11.871813546977428,-2.2578295702840534,4.879825200291332,-13.546977421704309,-5.0,2,-5.0,2,-8.0,3,-5.0,2
sz000007,2024-09-27,first_probe,1,6.72268907563025,17.901234682473937,0.4999999999999989,0.2587428889934403,75.54377463915253,5.451713395638613,5.451713395638613,-2.6479750778816147,13.08411214953271,16.043613707165115,-2.6479750778816147,11.52647975077883,19.937694704049846,-2.6479750778816147,0.6230529595015577,19.937694704049846,-2.6479750778816147,2.492211838006231,19.937694704049846,-2.6479750778816147,5.0,1,8.0,2,8.0,2,10.0,2
sz000007,2024-11-11,retest_probe,2,5.8666666666666645,17.236032765744035,0.7272727272727273,0.42664135368015826,76.55318006201959,1.049868766404205,2.887139107611536,-2.099737532808399,-0.6561679790026198,2.887139107611536,-3.8057742782152237,-2.2309711286089273,2.887139107611536,-3.8057742782152237,-7.349081364829402,2.887139107611536,-7.874015748031504,-7.349081364829402,2.887139107611536,-11.41732283464567,-5.0,4,-5.0,4,-7.349081364829402,5,-5.0,4
sz000008,2025-08-21,first_probe,1,9.965635738831624,25.000223754421604,0.6896551724137936,0.31878522349368876,85.0532037872399,0.33670033670032407,1.0101010101009944,-1.0101010101010166,0.6734006734006703,1.683501683501687,-1.0101010101010166,0.0,1.683501683501687,-1.0101010101010166,-3.0303030303030387,1.683501683501687,-5.723905723905731,-6.060606060606066,1.683501683501687,-6.734006734006737,-5.0,5,-5.0,5,-3.0303030303030387,5,-5.0,5
sz000016,2024-09-03,first_probe,1,6.741573033707882,16.68357677135481,0.8888888888888888,0.6809367996183204,82.92379492674365,-3.7174721189591087,0.3717472118959231,-4.460966542750933,-3.3457249070631967,0.3717472118959231,-5.576208178438657,-7.063197026022305,0.3717472118959231,-8.17843866171003,-5.576208178438657,0.3717472118959231,-10.03717472118959,-3.3457249070631967,0.3717472118959231,-10.03717472118959,-5.0,2,-5.0,2,-8.0,3,-5.0,2
sz000016,2024-11-04,retest_probe,2,7.173601147776187,94.57758719575261,1.0,0.6223465392926134,90.31787909191675,-0.14306151645206988,5.150214592274671,-9.298998569384842,-9.01287553648068,5.150214592274671,-10.014306151645213,-8.72675250357654,5.150214592274671,-18.168812589413452,-13.16165951359084,5.150214592274671,-18.168812589413452,-29.184549356223176,5.150214592274671,-29.47067238912733,-5.0,1,-5.0,1,-8.0,1,-5.0,1
sz000016,2025-02-24,retest_probe,3,5.311355311355315,14.941492533969463,0.965517241379311,0.4469899381038647,80.19193607569034,-0.18621973929235924,2.7932960893854553,-2.979515828677848,3.5381750465549144,6.145251396648055,-2.979515828677848,6.331471135940414,8.566108007448792,-2.979515828677848,7.2625698324022325,8.566108007448792,-7.076350093109863,0.9310986964618184,13.780260707635005,-7.076350093109863,5.0,2,8.0,3,8.0,3,-5.0,5
sz000016,2025-06-25,retest_probe,4,6.324110671936767,14.144920205635707,0.6874999999999987,0.7332541246177284,82.47646925332984,-0.5905511811023723,1.1811023622047223,-1.1811023622047334,0.3937007874015741,1.1811023622047223,-1.1811023622047334,1.5748031496062964,2.1653543307086576,-1.1811023622047334,0.19685039370078705,2.952755905511828,-1.1811023622047334,2.5590551181102317,5.905511811023612,-1.1811023622047334,0.19685039370078705,5,0.19685039370078705,5,0.19685039370078705,5,0.19685039370078705,5
sz000017,2025-11-26,first_probe,1,8.279430789133224,13.777576388205894,1.0,0.2659964357601996,77.25459147685746,-3.1872509960159445,0.6640106241699861,-3.3200531208499307,2.39043824701195,4.913678618857897,-3.3200531208499307,3.1872509960159334,7.436918990703845,-3.3200531208499307,2.7888446215139417,7.436918990703845,-3.3200531208499307,10.756972111553775,13.280212483399723,-3.3200531208499307,5.0,3,2.7888446215139417,5,2.7888446215139417,5,2.7888446215139417,5
sz000020,2025-05-22,first_probe,1,8.0858085808581,34.409715931905836,0.7346938775510189,0.43592902066871003,83.22683839432759,-4.1302621127879195,0.9531374106433788,-4.527402700555994,-2.4622716441620396,0.9531374106433788,-4.527402700555994,-2.779984114376488,0.9531374106433788,-4.527402700555994,-0.6354249404289081,0.9531374106433788,-4.686258935663224,-0.1588562351072298,0.9531374106433788,-4.686258935663224,-0.6354249404289081,5,-0.6354249404289081,5,-0.6354249404289081,5,-0.6354249404289081,5
sz000020,2025-06-26,retest_probe,2,4.890148830616603,16.142762437232438,1.2318840579710142,0.45914768643610954,79.42377149097263,-2.2972002871500363,0.5025125628140614,-2.871500358937551,2.5843503230437825,5.4558506819813335,-2.871500358937551,1.7229002153625217,5.4558506819813335,-2.871500358937551,0.1435750179468842,5.4558506819813335,-2.871500358937551,-3.086862885857855,5.4558506819813335,-4.02010050251257,5.0,2,0.1435750179468842,5,0.1435750179468842,5,0.1435750179468842,5
sz000025,2024-09-27,first_probe,1,7.4747474747474785,15.323538059842281,0.3603603603603603,0.42563027100531214,71.80010540989402,3.0562347188264116,3.9119804400977953,-4.0342298288508545,7.457212713936423,13.325183374083128,-4.0342298288508545,-3.3007334963325086,13.325183374083128,-4.0342298288508545,-5.4400977995109905,13.325183374083128,-6.479217603911969,-2.9951100244498763,13.325183374083128,-6.479217603911969,5.0,2,8.0,2,8.0,2,10.0,2
sz000025,2025-04-01,retest_probe,2,4.878048780487809,32.67105701654365,1.1590909090909092,0.438634988729474,79.29430147118073,1.7797552836485098,3.3370411568409253,-1.724137931034475,1.8353726362625,7.730812013348176,-1.724137931034475,-8.342602892102335,7.730812013348176,-8.342602892102335,-15.127919911012244,7.730812013348176,-22.91434927697442,-2.61401557285873,7.730812013348176,-22.91434927697442,5.0,2,-5.0,3,-8.0,3,-5.0,3
sz000031,2025-04-16,first_probe,1,5.494505494505497,23.920703644582122,1.0666666666666653,0.7007374947894408,84.50178147571651,0.0,3.3210332103321027,-2.9520295202952074,1.1070110701107083,3.3210332103321027,-2.9520295202952074,1.1070110701107083,3.3210332103321027,-2.9520295202952074,0.0,3.690036900368998,-2.9520295202952074,-3.690036900369009,5.535055350553497,-6.642066420664216,0.0,5,0.0,5,0.0,5,0.0,5
sz000031,2025-10-29,retest_probe,2,9.206349206349218,24.56417984732627,0.5517241379310349,0.8427852940124696,86.4666349644025,-5.572755417956666,0.3095975232198178,-5.572755417956666,-8.049535603715164,0.3095975232198178,-8.049535603715164,-8.359133126934982,0.3095975232198178,-8.978328173374617,-6.811145510835914,0.3095975232198178,-9.597523219814242,3.095975232198156,3.4055727554179516,-9.597523219814242,-5.0,1,-5.0,1,-8.0,2,-5.0,1
sz000032,2025-04-18,first_probe,1,5.42528735632184,20.107383191642683,0.5593220338983054,0.3122033526556026,74.46555239437768,1.2053571428571663,2.008928571428581,-3.125,-1.1160714285714302,2.008928571428581,-3.125,-1.2053571428571441,2.008928571428581,-3.125,-1.026785714285705,2.008928571428581,-8.883928571428568,3.2589285714285765,5.625000000000013,-8.883928571428568,-5.0,4,-5.0,4,-8.0,5,-5.0,4
sz000037,2025-04-25,first_probe,1,6.227967097532305,18.63751908193383,0.47169811320754773,0.9192096827217024,82.81037124090741,-2.3702031602708673,0.9029345372460584,-3.386004514672669,-5.756207674943569,0.9029345372460584,-6.772009029345371,-7.787810383747173,0.9029345372460584,-8.013544018058683,-3.386004514672669,0.9029345372460584,-8.013544018058683,-4.288939051918728,0.9029345372460584,-8.013544018058683,-5.0,2,-5.0,2,-8.0,3,-5.0,2
sz000037,2025-05-30,retest_probe,2,8.964781216648898,21.952460409395684,1.0952380952380951,0.39475842272731565,86.20687861155174,1.4380530973451489,1.9911504424778848,-0.6637168141592764,-0.11061946902655162,1.9911504424778848,-0.6637168141592764,-0.5530973451327359,2.212389380530988,-1.5486725663716672,-0.8849557522123686,2.212389380530988,-2.5442477876106095,3.31858407079646,9.623893805309747,-2.65486725663715,-0.8849557522123686,5,-0.8849557522123686,5,-0.8849557522123686,5,-0.8849557522123686,5
sz000037,2025-07-08,retest_probe,3,7.947019867549665,39.15661075459704,1.0476190476190488,0.32894720408680633,79.51286205775938,2.5691699604743157,7.707509881422947,0.0,1.679841897233203,7.707509881422947,-2.5691699604743046,-1.2845849802371467,7.707509881422947,-2.5691699604743046,-6.818181818181812,7.707509881422947,-7.114624505928846,-4.644268774703542,7.707509881422947,-7.3122529644268575,5.0,1,-5.0,5,-6.818181818181812,5,-5.0,5
sz000045,2025-11-26,first_probe,1,5.31400966183575,33.87963926695572,0.5757575757575768,0.4967224088696884,78.46185879357672,-1.5079365079365026,0.8730158730158921,-1.7460317460317398,-0.8730158730158699,0.8730158730158921,-2.2222222222222143,-0.07936507936507908,0.8730158730158921,-2.2222222222222143,-2.777777777777779,0.8730158730158921,-3.1746031746031744,-2.0634920634920673,0.8730158730158921,-5.079365079365072,-2.777777777777779,5,-2.777777777777779,5,-2.777777777777779,5,-2.777777777777779,5
sz000056,2024-12-10,first_probe,1,12.668463611859826,15.662501371164486,1.1489361702127656,0.6210859947704658,80.33848650558497,2.346041055718473,6.74486803519061,-2.052785923753675,3.8123167155425186,6.74486803519061,-2.052785923753675,4.398826979472137,10.850439882697938,-2.052785923753675,-5.865102639296193,10.850439882697938,-6.158357771260992,-4.985337243401755,14.07624633431086,-7.624633431085048,5.0,1,8.0,3,8.0,3,10.0,3
sz000056,2025-03-14,retest_probe,2,8.450704225352123,13.397447183654954,0.8333333333333326,0.6106166071393311,84.5533802295372,-0.8333333333333415,1.9444444444444375,-1.1111111111111072,0.8333333333333304,3.3333333333333437,-1.9444444444444486,4.166666666666674,8.333333333333325,-1.9444444444444486,0.0,8.333333333333325,-1.9444444444444486,0.8333333333333304,13.33333333333333,-12.777777777777777,5.0,3,8.0,3,8.0,3,0.0,5
sz000056,2025-04-11,retest_probe,3,7.8125,21.186780191790874,0.6800000000000015,0.6309359028207312,86.50519254072107,3.6363636363636376,4.8484848484848575,0.0,3.0303030303030276,6.969696969696959,0.0,2.7272727272727337,6.969696969696959,0.0,1.21212121212122,6.969696969696959,-0.3030303030302939,-6.969696969696971,6.969696969696959,-12.121212121212121,5.0,2,1.21212121212122,5,1.21212121212122,5,1.21212121212122,5
sz000058,2024-11-04,first_probe,1,4.938271604938271,64.11841488672951,1.0,1.1537949639953033,83.07964033306735,1.3468013468013407,2.805836139169471,-1.122334455667784,6.060606060606055,6.509539842873169,-1.122334455667784,6.846240179573515,9.315375982042639,-1.122334455667784,5.723905723905731,9.315375982042639,-1.122334455667784,-3.8159371492704763,12.121212121212132,-4.938271604938271,5.0,2,8.0,3,8.0,3,5.723905723905731,5
sz000059,2024-10-24,first_probe,1,8.163265306122437,35.30169569923796,0.4499999999999999,0.3261140067878018,78.31147059331288,6.930693069306937,8.910891089108919,0.0,11.089108910891099,11.881188118811892,0.0,5.940594059405946,12.871287128712883,0.0,6.336633663366342,12.871287128712883,0.0,5.5445544554455495,12.871287128712883,-0.1980198019801982,5.0,1,8.0,1,8.0,1,10.0,2
sz000088,2024-11-26,first_probe,1,7.942973523421593,32.150452200590465,0.6666666666666666,2.448121279527541,85.37377966248118,0.6036217303823088,0.6036217303823088,-3.621730382293753,3.621730382293764,4.627766599597605,-3.621730382293753,3.2193158953722323,4.627766599597605,-3.621730382293753,4.8289738430583595,5.633802816901423,-3.621730382293753,1.6096579476861272,5.633802816901423,-3.621730382293753,5.0,4,4.8289738430583595,5,4.8289738430583595,5,4.8289738430583595,5
sz000096,2025-05-13,first_probe,1,7.683352735739235,27.849964661689242,0.6363636363636361,0.44599130630232825,78.85986605151578,-4.081632653061218,0.0,-5.102040816326547,-4.53514739229025,0.0,-6.462585034013612,-3.287981859410438,0.0,-6.462585034013612,-3.6281179138322073,2.0408163265306145,-6.462585034013612,5.158730158730163,7.993197278911568,-6.462585034013612,-5.0,1,-5.0,1,-3.6281179138322073,5,-5.0,1
sz000099,2024-11-22,first_probe,1,7.655502392344493,16.291359296854175,0.8660714285714297,0.6811880694400148,79.5735069483698,-0.24492652204337606,3.2190342897130853,-3.778866340097964,-7.452764170748772,3.2190342897130853,-8.117564730580817,-3.4639608117564724,3.2190342897130853,-8.292512246326089,-0.5248425472358265,4.26871938418476,-8.292512246326089,-5.388383484954506,4.26871938418476,-8.292512246326089,-5.0,2,-5.0,2,-8.0,2,-5.0,2
sz000151,2024-09-06,first_probe,1,7.543103448275867,29.04718282532918,0.9285714285714277,0.463347359710016,86.8715242342837,7.098121085594977,7.098121085594977,-2.087682672233815,3.0271398747390377,10.229645093945727,-2.087682672233815,3.235908141962418,10.229645093945727,-2.087682672233815,5.323590814196244,10.229645093945727,-2.087682672233815,16.179540709812112,16.179540709812112,-2.087682672233815,5.0,1,8.0,2,8.0,2,10.0,2
sz000151,2024-10-11,retest_probe,2,6.646058732612059,40.20652517647603,1.4186046511627894,0.4823847726937902,81.53212671345817,5.4119547657512035,8.077544426494354,-2.584814216478193,2.5848142164781818,8.077544426494354,-2.584814216478193,-1.7770597738287597,8.077544426494354,-2.6655896607431395,-1.7770597738287597,8.077544426494354,-4.604200323101781,16.96284329563813,20.19386106623586,-4.604200323101781,5.0,1,8.0,1,8.0,1,-1.7770597738287597,5
sz000151,2024-11-26,retest_probe,3,9.947643979057585,17.22709817851761,0.6140350877192976,0.2804781346732384,76.91109155565722,-5.470588235294116,0.8235294117647118,-5.470588235294116,-4.470588235294127,0.8235294117647118,-7.058823529411762,-0.47058823529411153,1.17647058823529,-7.4117647058823515,-5.705882352941172,1.17647058823529,-7.705882352941185,-2.8235294117647136,1.17647058823529,-9.294117647058819,-5.0,1,-5.0,1,-5.705882352941172,5,-5.0,1
sz000151,2025-07-11,retest_probe,4,10.62691131498472,23.25072617205342,0.5899280575539568,0.46695337475618914,81.96140065906606,-1.7024426350851218,2.4426350851221246,-1.7024426350851218,-4.663212435233155,2.4426350851221246,-5.255366395262762,-4.293116210214654,2.4426350851221246,-5.255366395262762,-4.071058475203548,2.4426350851221246,-5.255366395262762,-3.478904515173953,2.4426350851221246,-5.255366395262762,-5.0,2,-5.0,2,-4.071058475203548,5,-5.0,2
sz000153,2025-07-02,first_probe,1,5.524079320113318,15.885641887810968,1.5384615384615377,0.2764320468629774,76.84665885504585,-1.179941002949858,1.0324483775811188,-2.212389380530977,-2.507374631268433,1.0324483775811188,-3.392330383480835,-2.6548672566371723,1.0324483775811188,-3.392330383480835,-3.244837758112107,1.0324483775811188,-3.687315634218291,-0.2949852507374673,1.0324483775811188,-3.687315634218291,-3.244837758112107,5,-3.244837758112107,5,-3.244837758112107,5,-3.244837758112107,5
sz000155,2024-12-04,first_probe,1,6.194690265486735,15.09933436870445,1.5357142857142871,0.5961781729609006,80.93847756127045,-2.124311565696313,1.6522423288748866,-2.4390243902439046,-3.7765538945712107,1.6522423288748866,-5.42879622344612,-2.4390243902439046,1.6522423288748866,-5.42879622344612,-4.012588512981918,1.6522423288748866,-5.42879622344612,-6.530291109362707,1.6522423288748866,-7.159716758457913,-5.0,2,-5.0,2,-4.012588512981918,5,-5.0,2
sz000158,2024-09-06,first_probe,1,7.713884992987374,21.107416360756545,0.509090909090908,0.5979527289139696,83.58653851426239,-1.253481894150421,1.1142061281337101,-2.36768802228412,8.635097493036215,8.635097493036215,-6.685236768802227,9.610027855153213,17.68802228412256,-6.685236768802227,15.598885793871876,28.830083565459617,-6.685236768802227,52.924791086351,80.77994428969362,-6.685236768802227,-5.0,2,-5.0,2,8.0,2,-5.0,2
sz000301,2024-11-15,first_probe,1,5.864509605662294,13.410584982415392,0.8793103448275857,0.6285336690012445,77.07008079146314,-9.738955823293182,0.0,-10.040160642570283,-9.738955823293182,0.0,-12.449799196787147,-8.032128514056236,0.0,-12.449799196787147,-11.94779116465865,0.0,-12.449799196787147,-4.216867469879537,0.0,-12.650602409638568,-5.0,1,-5.0,1,-8.0,1,-5.0,1
sz000402,2024-10-24,first_probe,1,6.230529595015577,16.041901354278583,0.9,0.37501420163608634,78.03498195110754,1.8575851393188847,4.643962848297201,0.0,4.953560371517041,5.572755417956654,0.0,0.6191950464396356,5.882352941176472,0.0,10.526315789473673,14.551083591331281,0.0,36.8421052631579,36.8421052631579,0.0,5.0,2,8.0,5,8.0,5,10.0,5
sz000402,2025-10-17,retest_probe,2,4.950495049504955,30.465468962363037,1.133333333333333,0.574005870279542,83.91195750403664,0.33003300330034513,1.320132013201314,-1.3201320132013028,3.300330033003296,3.630363036303641,-1.3201320132013028,6.270627062706291,7.26072607260726,-1.3201320132013028,1.650165016501659,7.26072607260726,-1.3201320132013028,-0.3300330033003229,7.26072607260726,-1.3201320132013028,5.0,3,1.650165016501659,5,1.650165016501659,5,1.650165016501659,5
sz000417,2024-10-21,first_probe,1,6.339468302658502,30.561098975484988,0.4193548387096764,1.3064777200293212,84.71050526123184,2.4144869215291687,5.231388329979891,-1.4084507042253391,2.012072434607659,5.231388329979891,-1.4084507042253391,2.6156941649899457,5.231388329979891,-1.4084507042253391,11.87122736418511,13.480885311871216,-1.4084507042253391,5.633802816901423,13.480885311871216,-1.4084507042253391,5.0,1,8.0,4,8.0,4,10.0,5
sz000419,2025-06-25,first_probe,1,7.460035523978692,26.805572278373678,0.5714285714285721,0.3318395848218959,80.11429211101826,-1.2089810017271163,0.17271157167528806,-3.2815198618307506,-1.2089810017271163,0.17271157167528806,-3.2815198618307506,-1.7271157167530138,0.17271157167528806,-3.2815198618307506,-0.5181347150259086,0.5181347150259086,-3.2815198618307506,0.3454231433505983,0.5181347150259086,-3.2815198618307506,-0.5181347150259086,5,-0.5181347150259086,5,-0.5181347150259086,5,-0.5181347150259086,5
sz000420,2025-02-19,first_probe,1,4.885057471264376,26.065045363050324,0.5882352941176479,0.5944614343858805,79.30486119828393,2.259887005649719,4.237288135593209,-1.6949152542372947,2.5423728813559254,4.237288135593209,-1.6949152542372947,7.34463276836157,8.757062146892647,-1.6949152542372947,7.062146892655363,8.757062146892647,-1.6949152542372947,9.322033898305083,18.07909604519773,-1.6949152542372947,5.0,3,8.0,3,8.0,3,7.062146892655363,5
sz000420,2025-04-30,retest_probe,2,5.36723163841808,29.23525323486601,0.5789473684210521,0.356957609961996,78.56284505844161,2.754820936639124,3.03030303030305,-0.8264462809917328,2.4793388429752206,3.8567493112947604,-0.8264462809917328,2.4793388429752206,3.8567493112947604,-0.8264462809917328,4.958677685950419,7.438016528925617,-0.8264462809917328,38.84297520661158,38.84297520661158,-0.8264462809917328,5.0,5,4.958677685950419,5,4.958677685950419,5,4.958677685950419,5
sz000421,2024-09-02,first_probe,1,8.478260869565224,35.51933156902282,0.6410256410256401,0.45282147707820386,83.58505868856433,-0.4264392324093924,1.2793176972281328,-2.771855010660995,-2.3454157782516027,1.2793176972281328,-2.771855010660995,0.0,1.705756929637503,-2.771855010660995,-1.7057569296375252,4.690831556503183,-2.9850746268656803,-3.6247334754797578,4.690831556503183,-6.609808102345427,-1.7057569296375252,5,-1.7057569296375252,5,-1.7057569296375252,5,-1.7057569296375252,5
sz000421,2024-11-29,retest_probe,2,12.466124661246614,13.558912470980264,0.9130434782608695,0.39835499036692873,77.49275488298495,3.797468354430378,10.829817158931077,-0.2812939521800395,14.205344585091396,14.205344585091396,-1.2658227848101333,6.469760900140642,22.08157524613219,-1.2658227848101333,1.4064697609001309,22.08157524613219,-1.2658227848101333,-1.828410689170179,22.08157524613219,-3.797468354430389,5.0,1,8.0,1,8.0,1,10.0,1
sz000421,2025-05-16,retest_probe,3,5.228758169934644,13.480598832931054,0.7812499999999993,0.6128458299633284,79.68842540952649,-3.081664098613257,0.9244992295839749,-4.314329738058554,2.7734976887519247,5.546995377503849,-4.314329738058554,1.0785824345146189,5.546995377503849,-4.314329738058554,-3.3898305084745894,5.546995377503849,-4.314329738058554,0.0,5.546995377503849,-4.314329738058554,5.0,2,-3.3898305084745894,5,-3.3898305084745894,5,-3.3898305084745894,5
sz000430,2024-09-27,first_probe,1,7.669616519174038,28.768700719228356,0.5769230769230771,0.7194482395898169,78.60385556927687,10.000000000000009,10.000000000000009,-1.9999999999999907,5.285714285714294,18.571428571428573,-1.9999999999999907,-5.285714285714283,18.571428571428573,-5.285714285714283,-11.285714285714288,18.571428571428573,-12.0,-13.142857142857146,18.571428571428573,-18.571428571428573,5.0,1,8.0,1,8.0,1,10.0,1
sz000501,2025-02-17,first_probe,1,6.949352179034163,18.509860162467415,0.5762711864406779,0.5991888435198711,78.20611508184842,-3.4924330616996624,0.6984866123399325,-3.60884749708964,-2.4447031431897415,0.6984866123399325,-3.725261932479629,-1.3969732246798539,0.6984866123399325,-3.725261932479629,-2.0954598370197863,0.6984866123399325,-3.725261932479629,-0.2328288707799664,4.540162980209561,-3.8416763678696175,-2.0954598370197863,5,-2.0954598370197863,5,-2.0954598370197863,5,-2.0954598370197863,5
sz000504,2024-09-26,first_probe,1,4.904632152588562,14.961729405443615,0.3888888888888901,0.6063451640143773,75.34609324809011,3.289473684210531,5.000000000000004,-1.1842105263157876,11.710526315789483,13.157894736842103,-1.1842105263157876,20.52631578947368,22.894736842105257,-1.1842105263157876,8.421052631578952,22.894736842105257,-1.1842105263157876,10.526315789473696,22.894736842105257,-1.1842105263157876,5.0,1,8.0,2,8.0,2,10.0,2
sz000504,2025-01-15,retest_probe,2,5.116279069767438,21.087043800620034,0.3636363636363603,0.3541093061519222,68.63466427480995,1.1261261261261257,5.405405405405395,0.0,3.716216216216206,5.405405405405395,-0.563063063063074,3.490990990990972,5.405405405405395,-0.563063063063074,1.6891891891891664,8.783783783783772,-0.563063063063074,2.1396396396396344,8.783783783783772,-2.4774774774774855,5.0,1,8.0,5,8.0,5,1.6891891891891664,5
sz000504,2025-03-03,retest_probe,3,7.419017763845348,23.452472072727904,0.7605633802816899,0.7181739583282908,79.72380381594449,4.687500000000022,4.687500000000022,0.0,4.583333333333339,7.6041666666666785,0.0,5.000000000000004,7.6041666666666785,0.0,11.875000000000014,16.041666666666686,0.0,6.562500000000004,16.041666666666686,0.0,5.0,2,8.0,4,8.0,4,10.0,4
sz000505,2024-10-14,first_probe,1,4.740061162079501,22.059910767870015,0.3870967741935464,0.3943467626789791,71.62540464226946,1.21765601217656,4.26179604261796,-1.21765601217656,-1.0654490106544956,4.26179604261796,-1.82648401826484,-4.109589041095896,4.26179604261796,-4.414003044140036,-3.0441400304414,4.26179604261796,-6.849315068493156,1.21765601217656,4.26179604261796,-6.849315068493156,-5.0,4,-5.0,4,-3.0441400304414,5,-5.0,4
sz000516,2024-09-11,first_probe,1,6.756756756756754,20.67553907321094,1.1666666666666692,0.5545799051200144,79.93856097172444,0.0,4.044943820224711,-1.7977528089887618,-4.943820224719097,4.044943820224711,-5.168539325842703,-7.640449438202246,4.044943820224711,-8.539325842696622,-7.191011235955058,4.044943820224711,-8.539325842696622,11.460674157303362,13.483146067415719,-8.539325842696622,-5.0,2,-5.0,2,-8.0,3,-5.0,2
sz000518,2024-09-02,first_probe,1,8.866995073891637,35.94960114976899,0.4444444444444444,8.118991747524754,82.22630549072574,2.9850746268656803,3.4825870646766344,-1.990049751243772,0.0,3.4825870646766344,-1.990049751243772,1.4925373134328401,3.4825870646766344,-1.990049751243772,3.4825870646766344,6.467661691542315,-1.990049751243772,-2.487562189054715,6.9651741293532465,-3.482587064676612,5.0,5,3.4825870646766344,5,3.4825870646766344,5,3.4825870646766344,5
sz000518,2024-12-25,retest_probe,2,10.84745762711863,17.663210780973863,0.5000000000000007,1.2206971780033398,83.34352667467536,-8.024691358024693,3.0864197530864113,-11.111111111111116,-14.506172839506181,3.0864197530864113,-16.666666666666664,-19.444444444444454,3.0864197530864113,-19.753086419753085,-22.839506172839506,3.0864197530864113,-23.148148148148152,-19.444444444444454,3.0864197530864113,-26.543209876543216,-5.0,1,-5.0,1,-8.0,1,-5.0,1
sz000518,2025-04-03,retest_probe,3,6.719367588932812,16.757041530660427,0.5882352941176463,0.6374805704976617,78.93203285153425,0.0,0.0,0.0,-8.974358974358976,0.0,-9.829059829059828,-10.256410256410241,0.0,-17.948717948717952,-4.273504273504258,0.42735042735044804,-17.948717948717952,-8.547008547008538,0.42735042735044804,-17.948717948717952,-5.0,2,-5.0,2,-8.0,2,-5.0,2
sz000520,2024-11-06,first_probe,1,10.866372980910421,15.131031529635392,1.702702702702702,0.7020376147237508,82.5757263820093,0.654664484451728,8.01963993453354,-7.364975450081834,-5.073649754500831,8.01963993453354,-7.364975450081834,-3.9279869067103124,8.01963993453354,-9.001636661211144,-2.127659574468088,8.01963993453354,-9.001636661211144,-12.765957446808518,8.01963993453354,-19.14893617021276,-5.0,1,-5.0,1,8.0,1,-5.0,1
sz000520,2025-06-24,retest_probe,2,6.782945736434098,20.537729765422363,0.6285714285714284,0.38546780766439875,74.31188072388015,-3.4482758620689613,0.3831417624521105,-4.214559386973171,-1.3409961685823646,0.766283524904221,-5.938697318007657,-2.1072796934865745,0.766283524904221,-5.938697318007657,-0.7662835249042099,0.766283524904221,-5.938697318007657,-3.6398467432950055,0.766283524904221,-5.938697318007657,-5.0,2,-5.0,2,-0.7662835249042099,5,-5.0,2
sz000520,2025-09-23,retest_probe,3,5.627705627705626,22.58027955536138,0.6923076923076917,0.6425290353955546,80.66416916710611,1.2958963282937441,4.751619870410373,-1.7278617710583144,-1.943844492440605,4.751619870410373,-2.1598272138228847,-3.0237580993520474,4.751619870410373,-3.455723542116629,-4.967602591792641,4.751619870410373,-5.183585313174954,-3.6717062634989195,4.751619870410373,-7.127429805615549,-5.0,5,-5.0,5,-4.967602591792641,5,-5.0,5
sz000523,2024-12-20,first_probe,1,5.217391304347818,15.699594175120255,0.9444444444444455,0.3082629276582628,77.49005046750553,-6.122448979591832,0.5830903790087438,-6.705539358600587,-4.956268221574356,0.5830903790087438,-6.99708454810496,-6.99708454810496,0.5830903790087438,-9.037900874635573,-5.539358600583089,0.5830903790087438,-9.037900874635573,-16.90962099125365,0.5830903790087438,-18.65889212827989,-5.0,1,-5.0,1,-8.0,3,-5.0,1
sz000526,2025-01-27,first_probe,1,7.20308359431463,29.883296099544975,0.7892976588628755,0.5400851995991517,86.33110419181156,6.534883720930229,7.20930232558139,-1.1627906976744207,6.279069767441858,7.20930232558139,-1.1627906976744207,4.04651162790699,7.20930232558139,-1.1627906976744207,9.372093023255811,15.116279069767447,-1.1627906976744207,16.279069767441868,23.883720930232567,-1.1627906976744207,5.0,1,8.0,4,8.0,4,10.0,4
sz000531,2025-07-10,first_probe,1,5.489614243323437,14.040002072222205,0.8108108108108125,0.6717305647396477,81.08486521497579,-2.0378457059679667,0.727802037845704,-2.911208151382827,0.4366812227074357,4.949053857350805,-2.911208151382827,-3.493449781659397,4.949053857350805,-4.0756914119359555,-3.2023289665211063,4.949053857350805,-4.0756914119359555,-3.9301310043668214,4.949053857350805,-4.8034934497816595,-3.2023289665211063,5,-3.2023289665211063,5,-3.2023289665211063,5,-3.2023289665211063,5
sz000531,2025-07-14,continuous_probe,2,6.973293768545985,18.87600003632443,0.6595744680851059,0.3672966181656763,77.14556970516814,-3.0701754385964897,0.5847953216374213,-3.654970760233922,-1.900584795321636,0.5847953216374213,-3.654970760233922,-2.777777777777768,0.5847953216374213,-3.654970760233922,-2.631578947368418,0.5847953216374213,-3.9473684210526216,-4.970760233918126,0.5847953216374213,-5.409356725146197,-2.631578947368418,5,-2.631578947368418,5,-2.631578947368418,5,-2.631578947368418,5
sz000532,2025-02-07,first_probe,1,9.604519774011289,28.874482613242087,0.5235294117647044,0.3155984281557694,76.57258057622722,13.110846245530382,19.785458879618602,-0.05959475566150729,5.840286054827182,19.785458879618602,-0.05959475566150729,9.594755661501786,19.785458879618602,-0.05959475566150729,0.0,19.785458879618602,-1.2514898688915421,0.0,19.785458879618602,-3.396901072705605,5.0,1,8.0,1,8.0,1,10.0,1
sz000534,2025-04-11,first_probe,1,6.000000000000005,17.09841507133244,0.6666666666666674,0.6437738190884215,80.29642488920425,-0.4861111111111094,1.5972222222222276,-0.694444444444442,-1.8749999999999933,1.5972222222222276,-2.2916666666666696,-2.9861111111111116,4.236111111111107,-4.1666666666666625,-0.694444444444442,4.236111111111107,-4.1666666666666625,4.444444444444429,5.486111111111103,-4.1666666666666625,-0.694444444444442,5,-0.694444444444442,5,-0.694444444444442,5,-0.694444444444442,5
sz000536,2025-10-16,first_probe,1,4.721030042918439,28.311951812926416,0.4545454545454534,0.2625671304234757,75.01226029693025,-2.9598308668076223,0.8456659619450191,-3.1712473572938715,-1.6913319238900604,0.8456659619450191,-3.1712473572938715,1.0570824524312794,1.0570824524312794,-3.1712473572938715,0.6342494714587588,2.325581395348819,-3.1712473572938715,2.74841437632134,7.188160676532762,-3.1712473572938715,0.6342494714587588,5,0.6342494714587588,5,0.6342494714587588,5,0.6342494714587588,5
sz000545,2024-09-06,first_probe,1,6.499999999999995,34.26701028578587,0.9230769230769247,0.3161593812361992,84.88914305746242,-3.9408866995073843,0.49261083743843415,-4.433497536945808,-4.433497536945808,0.49261083743843415,-6.896551724137923,-2.9556650246305383,0.49261083743843415,-6.896551724137923,-9.85221674876846,0.49261083743843415,-9.85221674876846,-6.4039408866995,0.49261083743843415,-14.778325123152703,-5.0,2,-5.0,2,-8.0,5,-5.0,2
sz000545,2024-10-23,retest_probe,2,6.278026905829592,27.80138513871025,0.42857142857142855,0.6967228955557845,81.37914087847864,-0.8771929824561431,4.385964912280715,-1.754385964912264,1.3157894736842257,4.385964912280715,-1.754385964912264,5.701754385964919,6.140350877192979,-1.754385964912264,10.087719298245613,10.087719298245613,-1.754385964912264,22.807017543859654,32.89473684210527,-1.754385964912264,5.0,3,8.0,5,8.0,5,10.0,5
sz000545,2024-11-14,retest_probe,3,5.185185185185182,14.3964448474197,1.1428571428571432,0.45143906693482716,81.57540761567877,-2.6515151515151603,0.7575757575757569,-3.409090909090917,-6.060606060606066,0.7575757575757569,-6.439393939393934,-4.545454545454552,0.7575757575757569,-7.57575757575758,0.7575757575757569,2.651515151515138,-7.57575757575758,2.651515151515138,7.196969696969702,-7.57575757575758,-5.0,2,-5.0,2,0.7575757575757569,5,-5.0,2
sz000546,2025-04-14,first_probe,1,6.459330143540676,61.52959041536951,0.5925925925925921,0.39303393437530654,77.97530679845386,-0.4672897196261738,0.4672897196261516,-1.4018691588785215,-2.570093457943934,0.4672897196261516,-3.738317757009346,-2.570093457943934,0.4672897196261516,-3.738317757009346,-0.23364485981309802,0.4672897196261516,-3.738317757009346,-3.5046728971962704,1.635514018691575,-3.971962616822433,-0.23364485981309802,5,-0.23364485981309802,5,-0.23364485981309802,5,-0.23364485981309802,5
sz000551,2025-08-20,first_probe,1,5.024311183144259,17.25037417758147,0.5645161290322595,0.3201042240948596,74.19272204110553,-2.852614896988903,0.47543581616482644,-3.4865293185419977,-3.1695721077654393,0.47543581616482644,-4.041204437400947,-4.83359746434231,0.47543581616482644,-5.78446909667194,-7.448494453248811,0.47543581616482644,-7.448494453248811,-11.410459587955623,0.47543581616482644,-11.648177496038025,-5.0,3,-5.0,3,-7.448494453248811,5,-5.0,3
sz000564,2024-11-01,first_probe,1,5.076142131979688,17.83077173775964,0.6999999999999993,0.4116793441934601,79.49705671755311,-1.0101010101010055,0.5050505050504972,-3.0303030303030276,9.090909090909104,9.090909090909104,-3.0303030303030276,20.2020202020202,20.2020202020202,-3.0303030303030276,45.45454545454546,45.45454545454546,-3.0303030303030276,36.86868686868687,69.6969696969697,-3.0303030303030276,5.0,2,8.0,2,8.0,2,10.0,3
sz000564,2025-04-22,retest_probe,2,7.581227436823101,30.516915217411825,0.5238095238095233,0.49361354966022075,83.75628335468774,-1.4234875444839923,1.0676156583629748,-1.7793594306049876,-3.558718861209964,1.0676156583629748,-3.9145907473309594,-3.2028469750889577,1.0676156583629748,-4.62633451957295,-2.491103202846967,1.0676156583629748,-5.3380782918149405,-5.693950177935947,1.0676156583629748,-8.54092526690392,-5.0,5,-5.0,5,-2.491103202846967,5,-5.0,5
sz000566,2024-09-20,first_probe,1,5.392156862745101,19.859028752229907,1.5454545454545465,0.4756888841143425,78.38020694042923,-3.693931398416894,1.055408970976246,-4.485488126649074,-1.055408970976257,1.055408970976246,-5.54089709762533,0.79155672823219,6.33245382585752,-5.54089709762533,3.693931398416894,6.33245382585752,-5.54089709762533,1.58311345646438,25.065963060686023,-5.54089709762533,-5.0,2,-5.0,2,3.693931398416894,5,-5.0,2
sz000570,2025-03-11,first_probe,1,7.475083056478415,14.227668472391963,0.5999999999999989,0.6958606220067465,82.18892242236197,-0.9584664536741117,3.6741214057508076,-1.5974440894568676,8.94568690095847,8.94568690095847,-3.194888178913746,2.715654952076685,8.94568690095847,-3.194888178913746,0.6389776357827559,8.94568690095847,-3.194888178913746,-10.702875399361023,8.94568690095847,-11.661341853035134,5.0,2,8.0,2,8.0,2,0.6389776357827559,5
sz000571,2024-10-24,first_probe,1,6.779661016949157,17.29076701812445,0.3928571428571436,0.28243044633748193,73.06827741176967,0.9237875288683695,2.771362586605086,-1.3856812933025542,-1.1547344110854452,2.771362586605086,-5.0808314087759765,-4.157043879907619,2.771362586605086,-5.311778290993086,-6.6974595842956175,2.771362586605086,-8.314087759815237,-8.545034642032334,2.771362586605086,-14.318706697459582,-5.0,2,-5.0,2,-8.0,5,-5.0,2
sz000572,2025-10-17,first_probe,1,8.543417366946793,33.70030501340101,1.5081967213114744,0.253978480144908,81.91104952478004,-3.1884057971014568,4.057971014492745,-5.072463768115954,-4.492753623188417,4.057971014492745,-8.2608695652174,-12.463768115942031,4.057971014492745,-13.623188405797105,-17.82608695652175,4.057971014492745,-19.275362318840582,-4.34782608695653,4.057971014492745,-19.275362318840582,-5.0,1,-5.0,1,-8.0,2,-5.0,1
sz000573,2025-01-21,first_probe,1,5.3097345132743445,22.90835730056298,0.7083333333333324,0.3246120701142757,77.31727194606879,-3.124999999999989,3.125,-4.374999999999996,6.666666666666665,6.666666666666665,-4.374999999999996,11.041666666666682,16.666666666666675,-4.374999999999996,0.4166666666666874,22.083333333333343,-4.374999999999996,-11.458333333333325,22.083333333333343,-16.250000000000007,5.0,2,8.0,3,8.0,3,10.0,3
sz000576,2025-03-25,first_probe,1,4.846938775510212,19.24006046562069,1.157894736842104,0.5597502345172056,82.6662046026386,-1.2886597938144284,1.4175257731958713,-1.675257731958757,-1.5463917525773252,1.4175257731958713,-3.994845360824739,-5.670103092783496,1.4175257731958713,-5.79896907216495,-4.768041237113407,1.4175257731958713,-9.40721649484535,-13.530927835051543,1.4175257731958713,-24.871134020618555,-5.0,3,-5.0,3,-8.0,4,-5.0,3
sz000584,2025-03-31,first_probe,1,8.636363636363642,29.046733991405485,1.0,1.0207540270564457,92.15158820073592,0.0,2.392344497607679,0.0,-4.784688995215303,2.392344497607679,-4.784688995215303,-9.569377990430617,2.392344497607679,-9.569377990430617,-18.181818181818176,2.392344497607679,-18.181818181818176,-18.66028708133971,2.392344497607679,-28.229665071770327,-5.0,3,-5.0,3,-8.0,3,-5.0,3
sz000584,2025-04-10,retest_probe,2,8.974358974358964,14.06180936984203,0.5714285714285707,2.0943433110233305,76.24075086184995,0.0,5.1948051948051965,0.0,5.1948051948051965,5.1948051948051965,-2.5974025974025983,10.389610389610393,10.389610389610393,-2.5974025974025983,22.077922077922075,22.077922077922075,-2.5974025974025983,0.0,27.922077922077925,-2.5974025974025983,5.0,1,8.0,3,8.0,3,10.0,3
sz000590,2025-07-14,first_probe,1,9.182935647143896,18.05869991577058,0.976377952755906,0.41510244936651286,79.63974237627014,1.9117647058823461,12.132352941176471,-8.088235294117641,-8.308823529411757,12.132352941176471,-8.308823529411757,-4.264705882352937,12.132352941176471,-10.661764705882348,-10.882352941176476,12.132352941176471,-11.397058823529404,-8.382352941176464,12.132352941176471,-15.441176470588236,-5.0,1,-5.0,1,-8.0,1,-5.0,1
sz000592,2025-03-13,first_probe,1,5.863192182410426,14.600355228382796,1.0,0.41088570727920426,81.85707479052114,6.5359477124183,9.803921568627437,0.0,14.379084967320255,17.320261437908478,0.0,8.496732026143782,17.320261437908478,0.0,7.189542483660127,17.320261437908478,0.0,-3.26797385620915,17.320261437908478,-4.248366013071891,5.0,1,8.0,1,8.0,1,10.0,2
sz000595,2024-09-13,first_probe,1,7.802874743326482,14.006839712810107,0.7368421052631587,0.9726749982656627,85.29680125058174,13.485477178423233,13.485477178423233,-1.8672199170124415,14.937759336099576,22.199170124481316,-1.8672199170124415,26.34854771784232,26.34854771784232,-1.8672199170124415,52.90456431535269,52.90456431535269,-1.8672199170124415,73.02904564315351,88.17427385892115,-1.8672199170124415,5.0,1,8.0,1,8.0,1,10.0,1
sz000595,2025-04-16,retest_probe,2,6.691449814126393,14.978780458104978,0.5277777777777783,0.29265560302344634,71.5319880364861,-1.104972375690605,2.20994475138121,-1.8416206261510082,-2.946593001841624,2.20994475138121,-3.130755064456725,-3.130755064456725,2.7624309392265234,-9.576427255985266,-7.366482504604043,2.7624309392265234,-9.576427255985266,-21.915285451197043,2.7624309392265234,-24.861878453038667,-5.0,3,-5.0,3,-8.0,3,-5.0,3
sz000595,2025-05-06,retest_probe,3,9.068627450980404,117.65058690368159,0.5675675675675673,1.2292162897613306,90.61641169332594,-0.49261083743841194,1.4778325123152802,-0.7389162561576179,3.2019704433497775,4.4334975369458185,-0.7389162561576179,2.2167487684729315,4.4334975369458185,-0.7389162561576179,4.679802955665036,10.344827586206918,-0.7389162561576179,13.793103448275868,16.50246305418721,-0.7389162561576179,5.0,4,8.0,5,8.0,5,10.0,5
sz000599,2024-10-15,first_probe,1,6.018518518518512,15.835290562053132,0.8461538461538459,0.49123274034243575,82.49036541357853,3.971962616822422,6.308411214953269,-0.4672897196261738,2.3364485981308247,6.308411214953269,-0.4672897196261738,4.205607476635498,6.308411214953269,-0.4672897196261738,4.90654205607477,13.551401869158886,-0.4672897196261738,47.19626168224298,47.19626168224298,-0.4672897196261738,5.0,1,8.0,5,8.0,5,10.0,5
sz000605,2024-11-27,first_probe,1,5.268490374873358,18.494241652185746,1.0192307692307687,0.4479288257441053,74.23403551228911,-4.687499999999989,1.041666666666674,-5.416666666666659,-6.874999999999998,1.041666666666674,-8.854166666666663,-5.729166666666652,1.041666666666674,-8.854166666666663,-7.604166666666668,1.041666666666674,-8.854166666666663,-6.354166666666661,1.041666666666674,-8.854166666666663,-5.0,1,-5.0,1,-8.0,2,-5.0,1
sz000605,2024-12-27,retest_probe,2,4.732254047322559,26.09620512501915,1.131578947368418,0.27645299686245994,80.19088122780997,-0.24906600249064992,0.6226650062266526,-3.486924034869232,-1.1207970112079524,0.8717310087173136,-3.486924034869232,-3.486924034869232,1.3698630136986356,-4.358655043586546,-11.332503113325021,1.3698630136986356,-15.193026151930255,-11.332503113325021,1.3698630136986356,-15.193026151930255,-5.0,4,-5.0,4,-8.0,4,-5.0,4
sz000605,2025-03-20,retest_probe,3,7.097591888466415,15.026433963422816,0.6964285714285697,0.41414767865628715,78.96202868406694,-2.098765432098759,0.37037037037037646,-4.320987654320985,-6.296296296296289,0.37037037037037646,-7.777777777777772,-7.160493827160497,0.37037037037037646,-8.39506172839506,-7.283950617283952,0.37037037037037646,-8.39506172839506,-8.024691358024683,0.37037037037037646,-11.481481481481481,-5.0,2,-5.0,2,-8.0,3,-5.0,2
sz000605,2025-09-17,retest_probe,4,10.655737704918034,207.64645458730377,0.4615384615384612,0.5827271390547281,84.23374419300788,-2.9569892473118364,0.5376344086021501,-4.569892473118287,-6.317204301075274,0.5376344086021501,-6.989247311827961,-7.258064516129037,0.5376344086021501,-7.6612903225806495,-6.854838709677424,0.5376344086021501,-10.483870967741938,-8.1989247311828,0.5376344086021501,-10.483870967741938,-5.0,2,-5.0,2,-8.0,4,-5.0,2
sz000608,2024-10-09,first_probe,1,6.024096385542155,104.99866212307153,1.0666666666666682,0.5037046331663358,85.49976060366369,0.0,5.381165919282527,0.0,-6.726457399103136,5.381165919282527,-8.968609865470857,-3.58744394618834,5.381165919282527,-8.968609865470857,1.7937219730941756,5.381165919282527,-8.968609865470857,-1.3452914798206206,7.17488789237668,-8.968609865470857,5.0,1,-5.0,2,-8.0,2,-5.0,2
sz000608,2024-11-13,retest_probe,2,6.949806949806958,14.014048837705268,1.0,0.591255405542504,77.29327706863423,-6.666666666666677,2.2222222222222143,-6.666666666666677,-10.74074074074074,2.2222222222222143,-11.111111111111116,-1.85185185185186,2.2222222222222143,-11.111111111111116,-3.703703703703709,2.2222222222222143,-11.111111111111116,-9.629629629629633,2.2222222222222143,-14.814814814814826,-5.0,1,-5.0,1,-8.0,2,-5.0,1
sz000608,2024-12-20,retest_probe,3,5.8394160583941535,22.782989750773922,1.187500000000002,0.34584361285621845,80.78332062232387,-8.614232209737827,0.3745318352059934,-8.614232209737827,-10.861423220973787,0.3745318352059934,-12.734082397003743,-13.857677902621724,0.3745318352059934,-16.104868913857672,-12.734082397003743,0.3745318352059934,-16.104868913857672,-22.47191011235955,0.3745318352059934,-26.591760299625467,-5.0,1,-5.0,1,-8.0,1,-5.0,1
sz000608,2025-11-19,retest_probe,4,5.1470588235293935,15.480192207597966,0.5714285714285733,0.495727843132327,75.22021936529032,-2.941176470588236,0.0,-2.941176470588236,-7.720588235294135,0.0,-7.720588235294135,-8.823529411764708,0.0,-12.50000000000001,-3.308823529411775,0.0,-12.50000000000001,-0.7352941176470562,1.8382352941176405,-12.50000000000001,-5.0,2,-5.0,2,-8.0,3,-5.0,2
sz000619,2024-12-16,first_probe,1,6.220095693779926,19.786329520288817,1.7115384615384581,0.3869269986352153,81.00146123374668,1.6393442622950838,9.20554854981086,-4.6658259773013855,-1.387137452711218,9.20554854981086,-4.6658259773013855,-10.844892812105922,9.20554854981086,-11.223203026481709,-20.807061790668346,9.20554854981086,-20.807061790668346,-22.698612862547286,9.20554854981086,-24.33795712484237,5.0,1,8.0,1,8.0,1,-5.0,3
sz000619,2024-12-17,continuous_probe,2,8.114856429463169,15.794710548345602,0.923076923076922,0.9242893231677297,81.5158336417225,-2.127659574468088,2.377972465581979,-4.130162703379225,-11.514392991239053,2.377972465581979,-11.889862327909896,-14.142678347934911,2.377972465581979,-15.519399249061328,-21.151439299123908,2.377972465581979,-23.529411764705877,-23.028785982478094,2.377972465581979,-24.906132665832292,-5.0,2,-5.0,2,-8.0,2,-5.0,2
sz000619,2025-01-06,retest_probe,3,9.701492537313428,14.090584368823368,0.7846153846153849,0.3192944716386738,79.68721911104782,2.102102102102088,7.357357357357364,-0.9009009009009028,0.7507507507507505,7.357357357357364,-3.9039039039039047,1.6516516516516422,7.357357357357364,-3.9039039039039047,-14.114114114114118,7.357357357357364,-14.114114114114118,-5.1051051051051015,7.357357357357364,-16.066066066066064,5.0,1,-5.0,5,-8.0,5,-5.0,5
sz000619,2025-01-09,continuous_probe,4,7.902735562310026,15.38408860880538,0.6346153846153852,0.7768931039749328,80.87646362438491,-6.480117820324017,2.798232695139924,-6.480117820324017,-15.758468335787922,2.798232695139924,-15.758468335787922,-12.51840942562592,2.798232695139924,-16.642120765832104,-7.805596465390286,2.798232695139924,-17.673048600883657,-12.812960235640647,2.798232695139924,-17.673048600883657,-5.0,1,-5.0,1,-8.0,2,-5.0,1
sz000620,2024-11-11,first_probe,1,6.249999999999978,16.16569273357021,0.9285714285714299,0.2972297975409579,75.20389691405668,-2.2222222222222143,0.8888888888888946,-4.8888888888888875,-6.2222222222222285,0.8888888888888946,-8.000000000000007,-9.333333333333327,0.8888888888888946,-9.333333333333327,-8.000000000000007,0.8888888888888946,-12.0,-12.0,0.8888888888888946,-14.222222222222225,-5.0,2,-5.0,2,-8.0,2,-5.0,2
sz000620,2025-09-02,retest_probe,2,5.555555555555536,59.23969986634301,0.7777777777777797,0.7708973936124224,85.29587760367919,0.0,3.658536585365857,-0.6097560975609762,0.0,3.658536585365857,-1.2195121951219412,1.2195121951219523,3.658536585365857,-2.4390243902438935,1.8292682926829285,3.658536585365857,-2.4390243902438935,16.463414634146332,19.512195121951216,-2.4390243902438935,1.8292682926829285,5,1.8292682926829285,5,1.8292682926829285,5,1.8292682926829285,5
sz000626,2025-07-14,first_probe,1,6.685633001422464,30.94719528875892,0.6595744680851059,0.30462795196120135,74.9896108468659,-1.810584958217265,1.253481894150421,-3.064066852367686,0.1392757660167332,1.253481894150421,-3.064066852367686,0.0,2.785515320334264,-3.064066852367686,5.988857938718661,16.991643454039007,-3.064066852367686,1.253481894150421,16.991643454039007,-3.064066852367686,5.0,4,8.0,4,8.0,4,10.0,4
sz000627,2025-04-30,first_probe,1,5.474452554744524,145.66576103208135,1.0,0.9930936788983136,89.55324380821904,0.0,0.0,0.0,-4.999999999999993,0.0,-4.999999999999993,-9.615384615384615,0.0,-9.615384615384615,-18.461538461538463,0.0,-18.461538461538463,-33.46153846153847,0.0,-36.92307692307693,-5.0,3,-5.0,3,-8.0,3,-5.0,3
sz000628,2024-10-17,first_probe,1,6.940222897669712,17.84741433344176,0.6958637469586374,0.635445469977706,75.92365708452124,1.6150081566068453,5.057096247960868,0.0,4.241435562805873,11.549755301794452,-2.1207177814029365,5.840130505709618,11.549755301794452,-2.1207177814029365,11.876019575856445,20.717781402936385,-2.1207177814029365,17.37357259380099,28.499184339314844,-2.1207177814029365,5.0,1,8.0,2,8.0,2,10.0,2
sz000632,2025-05-14,first_probe,1,6.544502617801062,15.732672353787807,0.6399999999999995,0.40188371643316184,76.37453320216146,-1.538461538461544,1.538461538461533,-2.3076923076922995,-0.512820512820511,1.538461538461533,-3.589743589743588,-1.025641025641022,1.538461538461533,-3.589743589743588,-6.41025641025641,1.538461538461533,-8.974358974358976,-8.205128205128197,1.538461538461533,-10.51282051282051,-5.0,4,-5.0,4,-8.0,5,-5.0,4
sz000632,2025-10-27,retest_probe,2,7.551487414187652,19.334925419822977,0.9696969696969704,0.33271866248429666,83.55292702386694,1.3422818791946511,4.026845637583909,-2.237136465324374,-5.369127516778505,4.026845637583909,-7.829977628635342,-9.172259507829983,4.026845637583909,-10.5145413870246,2.9082774049216997,4.026845637583909,-10.5145413870246,21.476510067114084,21.476510067114084,-10.5145413870246,-5.0,2,-5.0,2,-8.0,3,-5.0,2
sz000632,2025-10-31,continuous_probe,3,5.811138014527861,23.704387298126022,0.7916666666666676,0.26256156280746257,75.39315220184808,8.747044917257663,8.747044917257663,-0.9456264775413725,11.820330969267134,15.36643026004727,-0.9456264775413725,11.111111111111093,15.36643026004727,-0.9456264775413725,16.784869976359328,16.784869976359328,-0.9456264775413725,87.94326241134752,87.94326241134752,-0.9456264775413725,5.0,1,8.0,1,8.0,1,10.0,2
sz000635,2024-11-01,first_probe,1,8.646188850967018,20.15901778282632,0.9210526315789469,0.39457146576224716,81.313926735748,7.624309392265194,7.624309392265194,-0.9944751381215422,8.39779005524861,17.56906077348066,-0.9944751381215422,2.5414364640883758,17.56906077348066,-0.9944751381215422,12.26519337016574,17.56906077348066,-0.9944751381215422,-1.1049723756906271,17.56906077348066,-1.5469613259668558,5.0,1,8.0,2,8.0,2,10.0,2
sz000638,2024-10-15,first_probe,1,6.575963718820854,13.785213661418426,0.8965517241379302,0.3139695731217821,76.28358996822342,-0.22883295194507935,1.8306636155606348,-2.517162471395884,-2.517162471395884,1.8306636155606348,-2.7459954233409634,-1.1441647597253968,1.8306636155606348,-3.661327231121281,4.118993135011428,5.263157894736836,-3.661327231121281,20.13729977116705,28.832951945080087,-3.661327231121281,5.0,5,4.118993135011428,5,4.118993135011428,5,4.118993135011428,5
sz000639,2025-06-11,first_probe,1,5.084745762711873,21.370571904977837,1.1111111111111112,0.30372042268082483,78.28281214982007,0.0,2.840909090909083,-1.1363636363636354,-5.9659090909090935,2.840909090909083,-6.25,-5.113636363636365,2.840909090909083,-6.818181818181824,-8.52272727272727,2.840909090909083,-8.806818181818187,-8.238636363636365,2.840909090909083,-13.920454545454552,-5.0,2,-5.0,2,-8.0,5,-5.0,2
sz000656,2024-11-25,first_probe,1,5.421686746987953,18.165904731749528,1.1111111111111112,0.47874865874271705,80.18986581917082,-5.421686746987941,0.6024096385542244,-5.421686746987941,-8.43373493975903,0.6024096385542244,-10.24096385542168,-4.216867469879504,0.6024096385542244,-10.24096385542168,-1.2048192771084376,0.6024096385542244,-10.24096385542168,-5.421686746987941,0.6024096385542244,-10.24096385542168,-5.0,1,-5.0,1,-8.0,2,-5.0,1
sz000665,2025-08-06,first_probe,1,8.674304418985269,13.843187250483508,1.0,0.301662211542073,79.06804683803722,2.970297029702973,7.095709570957109,-0.660066006600657,-0.4950495049504844,7.095709570957109,-0.8250825082508184,0.16501650165017256,7.095709570957109,-1.650165016501648,0.990099009900991,7.095709570957109,-1.650165016501648,-2.1452145214521434,7.095709570957109,-4.62046204620461,5.0,1,0.990099009900991,5,0.990099009900991,5,0.990099009900991,5
sz000668,2024-11-01,first_probe,1,9.585798816568047,17.243240000492897,1.0123456790123455,0.5819936527002728,82.03480442735827,6.272617611580245,8.92641737032569,-3.3775633293124163,16.887816646562136,16.887816646562136,-3.3775633293124163,23.401688781664664,25.93486127864899,-3.3775633293124163,13.630880579010874,27.98552472858866,-3.3775633293124163,10.494571773220752,27.98552472858866,-3.3775633293124163,5.0,1,8.0,1,8.0,1,10.0,2
sz000670,2024-09-23,first_probe,1,4.9438202247190866,17.495630061320107,0.4090909090909089,1.0249590240216537,76.00318792499255,2.212389380530988,2.212389380530988,-1.106194690265483,3.0973451327433787,7.5221238938053325,-1.106194690265483,13.495575221238942,13.495575221238942,-1.106194690265483,28.097345132743378,28.31858407079646,-1.106194690265483,26.106194690265493,49.11504424778763,-1.106194690265483,5.0,2,8.0,3,8.0,3,10.0,3
sz000670,2025-04-16,retest_probe,2,5.900621118012417,16.587440862238804,0.6578947368421054,0.5987265173242636,74.00598154559049,3.779527559055129,7.086614173228356,0.0,-2.3622047244094446,7.086614173228356,-2.3622047244094446,0.15748031496063408,7.086614173228356,-3.307086614173227,7.244094488188968,10.866141732283463,-3.307086614173227,3.307086614173227,14.960629921259837,-3.307086614173227,5.0,1,8.0,4,8.0,4,10.0,4
sz000677,2024-11-04,first_probe,1,5.989110707803991,203.7920873608876,1.0,0.61805194120541,88.85682447965912,3.244274809160297,9.541984732824439,-1.717557251908397,5.534351145038174,12.022900763358768,-1.717557251908397,-0.7633587786259555,12.022900763358768,-2.4809160305343525,5.916030534351147,12.022900763358768,-2.4809160305343525,-12.977099236641232,12.022900763358768,-15.07633587786259,5.0,1,8.0,1,8.0,1,10.0,2
sz000678,2024-09-20,first_probe,1,5.976095617529897,13.705778743619993,1.1333333333333302,0.3494822413174825,77.33094415064208,1.8181818181818077,2.626262626262621,-4.242424242424237,0.40404040404038444,2.626262626262621,-4.242424242424237,-0.20202020202019222,4.8484848484848575,-4.242424242424237,5.656565656565671,10.303030303030303,-4.242424242424237,8.28282828282829,26.868686868686865,-4.242424242424237,5.0,4,8.0,5,8.0,5,10.0,5
sz000678,2025-04-15,retest_probe,2,5.0643776824034425,14.148602508140824,0.5762711864406779,0.43949684820609053,70.74061959272926,-2.832618025751077,2.403433476394845,-3.776824034334758,-5.150214592274671,2.403433476394845,-5.2360515021459335,-4.549356223175971,2.403433476394845,-6.266094420600865,-7.639484978540779,2.403433476394845,-7.639484978540779,-2.403433476394856,11.759656652360517,-8.58369098712446,-5.0,2,-5.0,2,-7.639484978540779,5,-5.0,2
sz000679,2025-01-17,first_probe,1,9.707241910631748,17.144546015734065,0.8730158730158729,1.1142216291907647,85.6384838332187,-3.6474164133738607,4.255319148936176,-4.255319148936176,-5.927051671732519,4.255319148936176,-6.382978723404253,-2.8875379939209744,4.255319148936176,-8.814589665653493,-8.966565349544076,4.255319148936176,-10.334346504559267,-3.6474164133738607,4.255319148936176,-14.437689969604861,-5.0,2,-5.0,2,-8.0,3,-5.0,2
sz000680,2025-08-07,first_probe,1,5.369807497467094,15.079705975946098,0.5471698113207553,0.567311136390175,77.67586693596937,-0.2970297029702862,0.990099009900991,-1.2871287128712772,0.1980198019801982,1.1881188118811892,-1.2871287128712772,0.1980198019801982,1.1881188118811892,-1.2871287128712772,-2.8712871287128627,1.1881188118811892,-2.970297029702962,-2.07920792079207,1.1881188118811892,-4.059405940594063,-2.8712871287128627,5,-2.8712871287128627,5,-2.8712871287128627,5,-2.8712871287128627,5
sz000685,2025-07-24,first_probe,1,6.118143459915615,32.11950092272754,0.37931034482758724,0.5229247741274875,79.71085866699289,-2.1472392638036686,0.8179959100204526,-2.351738241308776,-1.2269938650306678,0.8179959100204526,-3.271983640081788,-2.1472392638036686,0.8179959100204526,-3.3742331288343586,-4.089979550102241,0.8179959100204526,-4.498977505112467,-1.4314928425357754,0.8179959100204526,-4.498977505112467,-4.089979550102241,5,-4.089979550102241,5,-4.089979550102241,5,-4.089979550102241,5
sz000695,2024-11-15,first_probe,1,9.269162210338667,17.996528065841794,0.8461538461538459,0.49579180695932173,78.10987746772732,0.0,0.0,0.0,-4.313099041533541,0.0,-9.984025559105437,5.271565495207664,5.271565495207664,-9.984025559105437,22.763578274760388,22.763578274760388,-9.984025559105437,-3.753993610223638,35.063897763578275,-9.984025559105437,-5.0,2,-5.0,2,-8.0,2,-5.0,2
sz000695,2025-02-18,retest_probe,2,4.766187050359716,17.878654517518257,1.2641509433962235,0.4983657790023427,77.90884556776574,2.539981185324547,2.822201317027262,-2.1636876763875823,0.0,2.822201317027262,-2.1636876763875823,9.97177798682971,9.97177798682971,-2.1636876763875823,6.8673565380997115,13.35841956726247,-2.1636876763875823,10.912511759172139,15.710253998118539,-2.1636876763875823,5.0,3,8.0,3,8.0,3,10.0,4
sz000695,2025-11-18,retest_probe,3,9.250000000000004,23.64732469209057,0.8716216216216208,0.48691695777921284,81.37311245330146,4.0024257125530704,6.003638568829617,-4.48756822316555,5.579138872043665,14.432989690721666,-4.48756822316555,-3.395997574287435,14.432989690721666,-4.97271073377804,2.2437841115827917,14.432989690721666,-4.97271073377804,1.8799272286234237,16.737416616130997,-4.97271073377804,5.0,1,8.0,2,8.0,2,10.0,2
sz000701,2025-06-09,first_probe,1,12.168486739469575,23.46251012999838,0.7692307692307697,0.27685752755145376,83.67221206742776,7.278481012658222,12.974683544303778,-1.7405063291139333,8.702531645569621,12.974683544303778,-1.7405063291139333,19.620253164556956,19.620253164556956,-1.7405063291139333,27.68987341772151,32.12025316455696,-1.7405063291139333,-3.639240506329122,32.12025316455696,-8.860759493670889,5.0,1,8.0,1,8.0,1,10.0,1
sz000702,2025-04-03,first_probe,1,9.40298507462687,18.258098498033203,0.7936507936507938,0.8555666806190529,83.90981484260364,-5.238828967642528,4.776579352850541,-5.238828967642528,2.003081664098616,4.776579352850541,-5.701078582434516,4.776579352850541,6.933744221879823,-5.701078582434516,3.5439137134052334,8.320493066255775,-5.701078582434516,-0.924499229583986,8.320493066255775,-5.701078582434516,-5.0,1,-5.0,1,8.0,4,-5.0,1
sz000702,2025-05-21,retest_probe,2,4.951856946354893,19.56648759749307,0.6666666666666666,0.4639471355454631,74.47780680294703,-3.518267929634644,0.0,-3.788903924221909,-4.465493910690121,0.0,-4.736129905277398,-2.841677943166443,0.0,-4.736129905277398,-7.713125845737478,0.0,-8.38971583220568,-7.036535859269277,0.0,-9.201623815967519,-5.0,5,-5.0,5,-8.0,5,-5.0,5
sz000702,2025-07-02,retest_probe,3,6.094182825484773,37.393672506215296,0.5681818181818177,0.39011086307269993,81.00295469589798,2.5299600532623145,6.258322237017322,-0.26631158455392434,-1.8641810918774926,6.258322237017322,-2.26364846870839,-1.464713715046595,6.258322237017322,-3.3288948069240987,0.13315579227695107,6.258322237017322,-3.3288948069240987,0.26631158455392434,12.91611185086552,-3.3288948069240987,5.0,1,0.13315579227695107,5,0.13315579227695107,5,0.13315579227695107,5
sz000709,2024-12-09,first_probe,1,7.916666666666661,23.7435370159991,0.9473684210526303,0.43123254118867194,86.2399975830684,-3.6437246963562875,0.4048582995951344,-4.048582995951422,-1.2145748987854366,0.4048582995951344,-4.858299595141702,-2.429149797570851,0.4048582995951344,-4.858299595141702,-6.072874493927138,0.4048582995951344,-7.287449392712553,-9.311740890688258,0.4048582995951344,-9.311740890688258,-5.0,4,-5.0,4,-6.072874493927138,5,-5.0,4
sz000710,2024-12-18,first_probe,1,4.816955684007707,22.866379208038293,0.7600000000000016,0.3543895007975441,76.81201116298328,-1.4520813165537327,1.645692158760892,-2.9041626331074655,-1.742497579864466,1.645692158760892,-2.9041626331074655,-10.164569215876096,1.645692158760892,-10.939012584704756,-14.424007744433688,1.645692158760892,-16.26331074540174,-19.361084220716364,1.645692158760892,-20.13552758954501,-5.0,3,-5.0,3,-8.0,3,-5.0,3
sz000713,2024-11-01,first_probe,1,4.993429697766105,15.499087584654873,0.7894736842105261,0.28824026739939573,75.52541255939389,-1.8421052631578894,0.657894736842124,-4.6052631578947345,-0.2631578947368318,0.657894736842124,-4.6052631578947345,9.60526315789474,9.736842105263154,-4.6052631578947345,6.578947368421062,11.578947368421066,-4.6052631578947345,-4.210526315789465,11.578947368421066,-4.6052631578947345,5.0,3,8.0,3,8.0,3,10.0,4
sz000716,2025-01-15,first_probe,1,7.02479338842974,14.350980894013912,0.5294117647058817,0.6550939547317987,80.22513677364974,6.864064602960984,10.094212651413192,-1.749663526244949,1.211305518169592,10.094212651413192,-1.749663526244949,0.40376850605652326,10.094212651413192,-1.749663526244949,-2.1534320323014833,10.094212651413192,-2.826379542395696,-7.267833109017497,10.094212651413192,-12.382234185733509,5.0,1,8.0,1,8.0,1,10.0,1
sz000720,2025-04-30,first_probe,1,5.573770491803298,30.154177843787934,0.6470588235294122,0.533873307563897,74.48025403207895,1.6181229773462924,1.6181229773462924,-1.6181229773462702,2.912621359223322,2.912621359223322,-1.6181229773462702,2.912621359223322,3.2362459546925626,-1.6181229773462702,3.2362459546925626,4.530744336569592,-1.6181229773462702,8.737864077669899,9.061488673139163,-1.6181229773462702,3.2362459546925626,5,3.2362459546925626,5,3.2362459546925626,5,3.2362459546925626,5
sz000720,2025-05-21,retest_probe,2,7.246376811594213,27.676334678083965,1.040000000000001,1.0569990910577503,85.18831634345409,-0.291545189504383,2.3323615160349753,-1.4577259475218707,-4.081632653061229,2.3323615160349753,-4.081632653061229,-1.4577259475218707,2.3323615160349753,-4.081632653061229,-1.1661807580174988,2.3323615160349753,-4.081632653061229,-1.1661807580174988,2.3323615160349753,-4.081632653061229,-1.1661807580174988,5,-1.1661807580174988,5,-1.1661807580174988,5,-1.1661807580174988,5
sz000721,2024-11-28,first_probe,1,7.600000000000007,21.90310136456794,0.6578947368421054,0.7445969252749586,84.65571217651923,3.9525691699604737,4.743083003952564,-0.09881422924901129,4.051383399209496,13.636363636363647,-0.09881422924901129,-1.383399209486158,13.636363636363647,-1.4822134387351693,-1.9762845849802257,13.636363636363647,-4.051383399209474,16.501976284584984,30.13833992094863,-4.051383399209474,5.0,2,8.0,2,8.0,2,10.0,2
sz000721,2024-12-18,retest_probe,2,8.695652173913038,13.615964145061241,0.3804347826086953,0.3072670636299213,72.06977947553386,-1.377410468319562,1.2855831037649201,-5.050505050505061,-1.0101010101010166,1.469237832874204,-5.050505050505061,-10.284664830119382,1.469237832874204,-10.560146923783286,-12.672176308539951,1.469237832874204,-15.518824609733716,-1.4692378328741929,1.469237832874204,-15.518824609733716,-5.0,1,-5.0,1,-8.0,3,-5.0,1
sz000722,2024-10-23,first_probe,1,6.476938174681068,21.052549892506693,0.5909090909090889,0.30071771344256976,78.04605684511681,0.38610038610038533,3.9575289575289663,-0.9652509652509633,5.501930501930508,7.91505791505791,-0.9652509652509633,6.370656370656369,9.94208494208495,-0.9652509652509633,2.5096525096525157,9.94208494208495,-0.9652509652509633,1.0617760617760652,9.94208494208495,-3.2818532818532753,5.0,2,8.0,3,8.0,3,2.5096525096525157,5
sz000727,2025-11-24,first_probe,1,5.0193050193050315,19.942602028266414,1.0,0.5198914904848367,81.24165973737406,2.316602316602312,3.8610038610038755,-0.7722007722007707,2.316602316602312,5.0193050193050315,-0.7722007722007707,0.7722007722007707,5.0193050193050315,-0.7722007722007707,11.583011583011604,11.583011583011604,-0.7722007722007707,9.652509652509655,12.741312741312738,-0.7722007722007707,5.0,2,8.0,5,8.0,5,10.0,5
sz000737,2025-06-06,first_probe,1,5.070118662351675,17.416530301899982,0.7234042553191476,0.415062012510321,79.38031616912957,1.193058568329719,1.626898047722336,-1.0845986984815759,1.3015184381778733,2.711496746203901,-1.0845986984815759,2.819956616052055,3.4707158351409806,-1.0845986984815759,0.9761388286334105,3.4707158351409806,-1.0845986984815759,-3.7960954446854767,3.4707158351409806,-4.013015184381786,0.9761388286334105,5,0.9761388286334105,5,0.9761388286334105,5,0.9761388286334105,5
sz000750,2024-10-16,first_probe,1,8.71670702179177,19.302773922588827,0.5277777777777783,0.2659530729737143,76.89173760729531,-3.0162412993039456,1.1600928074246175,-3.24825986078886,5.104408352668233,6.728538283062657,-3.480278422273775,1.8561484918793614,6.728538283062657,-3.480278422273775,8.120649651972167,16.705336426914165,-3.480278422273775,10.440835266821358,24.361948955916503,-3.480278422273775,5.0,2,8.0,5,8.0,5,10.0,5
sz000753,2024-12-31,first_probe,1,7.71084337349397,25.396477636801745,0.5312500000000008,0.551117835872651,82.50374227339589,4.523809523809508,7.380952380952377,-0.7142857142857229,-2.3809523809523947,7.380952380952377,-3.571428571428581,-5.952380952380953,7.380952380952377,-8.333333333333337,1.1904761904761862,7.380952380952377,-8.333333333333337,0.952380952380949,7.380952380952377,-8.333333333333337,5.0,1,-5.0,3,-8.0,3,-5.0,3
sz000753,2025-03-24,retest_probe,2,7.707509881422947,35.15603484873446,0.5128205128205126,0.25677528606290095,74.59985462663813,-2.564102564102566,2.1696252465483123,-3.3530571992110403,7.100591715976323,7.100591715976323,-4.3392504930966584,5.128205128205132,13.017751479289942,-4.3392504930966584,-1.7751479289940808,13.017751479289942,-7.297830374753456,1.380670611439827,14.201183431952646,-7.297830374753456,5.0,2,8.0,3,8.0,3,10.0,3
sz000759,2024-10-30,first_probe,1,6.329113924050622,16.751076649769292,0.5600000000000023,0.30785843905316734,74.79166219945974,2.481389578163773,2.7295285359801413,-2.2332506203474045,3.2258064516129004,6.699751861042169,-2.2332506203474045,1.7369727047146233,6.699751861042169,-2.2332506203474045,0.2481389578163684,6.699751861042169,-2.2332506203474045,2.481389578163773,11.414392059553347,-2.2332506203474045,5.0,2,0.2481389578163684,5,0.2481389578163684,5,0.2481389578163684,5
sz000767,2024-11-08,first_probe,1,7.526881720430101,25.730082196288095,0.714285714285714,0.88015469260211,87.31519994575527,-0.692041522491349,3.806228373702414,-1.730103806228378,9.342560553633227,9.342560553633227,-3.460207612456745,2.422145328719716,9.342560553633227,-3.460207612456745,-9.342560553633216,9.342560553633227,-9.342560553633216,-8.996539792387548,9.342560553633227,-10.034602076124566,5.0,2,8.0,2,8.0,2,-5.0,4
sz000785,2024-12-26,first_probe,1,5.44041450777204,13.348532070487641,0.6190476190476194,0.32637709886509664,71.25195061971145,1.3020833333333481,7.291666666666674,-0.78125,-2.864583333333326,7.291666666666674,-3.90625,-7.03125,7.291666666666674,-7.5520833333333375,8.59375,8.59375,-10.9375,-5.46875,14.322916666666652,-10.9375,5.0,1,-5.0,3,-8.0,4,-5.0,3
sz000788,2024-09-10,first_probe,1,9.125475285171113,22.341971582124714,0.7291666666666671,0.6593927371423738,82.19485751078824,-2.4299065420560706,0.9345794392523477,-2.61682242990654,-1.121495327102795,0.9345794392523477,-2.61682242990654,-2.24299065420559,0.9345794392523477,-2.61682242990654,-2.24299065420559,0.9345794392523477,-5.794392523364477,3.738317757009346,4.299065420560755,-5.794392523364477,-5.0,4,-5.0,4,-2.24299065420559,5,-5.0,4
sz000790,2025-11-07,first_probe,1,5.463182897862251,19.708180019165084,0.8695652173913035,0.8609458339203094,80.44481353981207,-1.3667425968109215,0.9111617312072884,-4.328018223234609,-0.4555808656036331,0.9111617312072884,-4.328018223234609,-1.5945330296127436,0.9111617312072884,-4.328018223234609,2.9612756264236983,6.150341685649208,-4.328018223234609,-7.744874715261951,9.111617312072905,-8.656036446469251,5.0,4,2.9612756264236983,5,2.9612756264236983,5,2.9612756264236983,5
sz000796,2024-12-24,first_probe,1,6.733167082294278,14.133748347603762,0.37037037037037174,0.6117988307005676,78.2271432743478,-3.5971223021582843,0.23980815347721673,-4.55635491606714,-0.959232613908878,0.7194244604316502,-4.55635491606714,1.918465227817756,6.714628297362113,-4.55635491606714,-2.877697841726623,6.714628297362113,-4.55635491606714,-9.35251798561152,6.714628297362113,-13.90887290167866,5.0,3,-2.877697841726623,5,-2.877697841726623,5,-2.877697841726623,5
sz000801,2025-02-14,first_probe,1,9.461152882205504,25.90497599236645,0.4635761589403975,0.5330922407982147,83.86055961225414,0.8064516129032251,4.900744416873448,-0.3722084367245748,-3.8461538461538547,4.900744416873448,-4.218362282878418,-1.4267990074441683,4.900744416873448,-4.218362282878418,2.977667493796532,4.900744416873448,-4.218362282878418,11.662531017369716,15.322580645161278,-4.218362282878418,2.977667493796532,5,2.977667493796532,5,2.977667493796532,5,2.977667493796532,5
sz000802,2025-07-07,first_probe,1,5.263157894736836,18.289801035576296,0.5199999999999996,0.6947365535818409,78.92469650830323,-1.0101010101010055,0.20202020202020332,-1.6161616161616155,0.40404040404038444,1.0101010101010166,-1.6161616161616155,0.40404040404038444,1.2121212121211977,-1.6161616161616155,0.20202020202020332,2.2222222222222143,-1.6161616161616155,0.8080808080808133,2.2222222222222143,-2.4242424242424288,0.20202020202020332,5,0.20202020202020332,5,0.20202020202020332,5,0.20202020202020332,5
sz000802,2025-10-13,retest_probe,2,5.251141552511429,16.835808509194063,0.39130434782608947,0.48913507294254843,73.3579232391273,-0.8869179600886956,1.7738359201773912,-1.7738359201773801,-1.1086474501108556,1.7738359201773912,-2.4390243902438935,-1.9955654101995512,1.7738359201773912,-2.4390243902438935,-2.2172949002217224,1.7738359201773912,-4.212860310421274,-0.8869179600886956,3.10421286031044,-4.212860310421274,-2.2172949002217224,5,-2.2172949002217224,5,-2.2172949002217224,5,-2.2172949002217224,5
sz000803,2025-09-09,first_probe,1,6.838709677419352,32.153272287486274,0.60377358490566,0.3620085767857702,78.08616173850709,-1.401273885350307,3.1847133757961776,-2.292993630573248,-2.165605095541401,3.1847133757961776,-4.458598726114649,-1.6560509554140124,3.1847133757961776,-4.458598726114649,-3.9490445859872603,3.1847133757961776,-5.4777070063694255,-14.394904458598724,3.1847133757961776,-15.923566878980889,-5.0,5,-5.0,5,-3.9490445859872603,5,-5.0,5
sz000809,2025-11-11,first_probe,1,9.333333333333327,19.242599695853944,0.8285714285714283,0.32965159723139875,81.55362372469637,2.564102564102577,7.435897435897454,-1.538461538461544,-1.025641025641022,7.435897435897454,-3.589743589743588,-4.358974358974354,7.435897435897454,-4.871794871794865,-8.205128205128197,7.435897435897454,-10.000000000000009,-13.589743589743586,7.435897435897454,-18.205128205128208,5.0,1,-5.0,4,-8.0,5,-5.0,4
sz000811,2024-11-06,first_probe,1,4.726598702502338,13.914172420169209,0.88235294117647,2.3991311569879112,79.63893400747936,3.821656050955413,5.368516833484982,-1.7288444040036377,1.455868971792551,5.368516833484982,-1.7288444040036377,3.0937215650591376,5.368516833484982,-1.7288444040036377,2.1838034576888044,9.463148316651493,-1.7288444040036377,0.0,9.463148316651493,-5.459508644222022,5.0,1,8.0,4,8.0,4,2.1838034576888044,5
sz000812,2024-10-31,first_probe,1,5.543237250554323,18.698471562693467,0.6799999999999997,0.3450384282387004,79.61063748050337,-3.7280701754385914,1.9736842105263275,-4.6052631578947345,-3.9473684210526216,1.9736842105263275,-5.701754385964907,-2.412280701754377,1.9736842105263275,-5.701754385964907,1.7543859649122862,2.192982456140369,-5.701754385964907,8.55263157894739,8.55263157894739,-5.701754385964907,-5.0,2,-5.0,2,1.7543859649122862,5,-5.0,2
sz000813,2025-03-14,first_probe,1,7.329842931937169,18.422602279994422,0.6071428571428558,0.34708686058483623,76.84248305048722,4.986876640419946,6.5616797900262425,-1.3123359580052618,0.7874015748031482,6.5616797900262425,-1.3123359580052618,-3.149606299212604,6.5616797900262425,-3.6745406824147064,-6.5616797900262425,6.5616797900262425,-7.349081364829402,-11.023622047244096,6.5616797900262425,-11.811023622047244,5.0,1,-5.0,4,-6.5616797900262425,5,-5.0,4
sz000815,2024-10-17,first_probe,1,4.856512141280356,13.820668778738598,0.6363636363636356,0.6871531465456935,77.2138044153585,2.960526315789491,4.495614035087714,-0.3289473684210509,5.153508771929838,6.907894736842124,-0.3289473684210509,3.3991228070175517,6.907894736842124,-0.3289473684210509,4.495614035087714,13.706140350877206,-0.3289473684210509,12.390350877193,20.61403508771931,-0.3289473684210509,5.0,2,8.0,4,8.0,4,10.0,4
sz000816,2025-01-09,first_probe,1,5.723905723905731,13.489965165941722,0.7058823529411774,0.46996051171632813,78.98843848588353,-3.6666666666666625,1.0000000000000009,-4.0000000000000036,-4.999999999999993,1.0000000000000009,-8.000000000000007,1.6666666666666607,2.0000000000000018,-8.000000000000007,4.0000000000000036,6.333333333333324,-8.000000000000007,-8.000000000000007,6.333333333333324,-8.000000000000007,-5.0,2,-5.0,2,-8.0,2,-5.0,2
sz000818,2025-02-12,first_probe,1,6.533776301218164,16.608133442237037,0.7683615819209039,0.28037789318159234,73.00660898033564,9.324177809902423,9.324177809902423,-0.07228044813879508,18.901337188290547,19.98554391037224,-0.07228044813879508,30.7914709071196,30.7914709071196,-0.07228044813879508,41.12757499096493,41.12757499096493,-0.07228044813879508,14.34766895554751,70.79869895193349,-0.07228044813879508,5.0,1,8.0,1,8.0,1,10.0,2
sz000818,2025-03-26,retest_probe,2,5.163447251114395,13.664582616993366,0.6043165467625912,0.4738838501346387,75.58131997815518,-1.5797207935341673,2.0205731080088274,-1.983835415135926,-3.8574577516531816,2.0205731080088274,-3.967670830271852,-2.351212343864806,2.0205731080088274,-5.73108008817046,-4.592211609110953,2.0205731080088274,-5.73108008817046,-15.466568699485661,2.0205731080088274,-24.871418074944895,-5.0,3,-5.0,3,-4.592211609110953,5,-5.0,3
sz000819,2025-09-01,first_probe,1,4.815032295948329,20.648217980942277,0.6829268292682952,0.27628427183885323,76.67141677937913,-0.9849362688296726,1.1008111239860785,-2.2595596755504044,-2.607184241019711,1.1008111239860785,-2.9548088064889955,-3.360370799536516,1.1008111239860785,-4.750869061413676,0.6373117033603659,1.1008111239860785,-4.750869061413676,4.171494785631502,5.677867902665112,-4.750869061413676,0.6373117033603659,5,0.6373117033603659,5,0.6373117033603659,5,0.6373117033603659,5
sz000819,2025-10-13,retest_probe,2,7.581967213114749,18.17231952312055,0.9459459459459447,0.27001084423097044,80.58972599979677,3.688524590163933,6.7110655737704805,-1.2295081967213073,-1.690573770491799,6.7110655737704805,-4.4057377049180335,-6.86475409836066,6.7110655737704805,-7.786885245901642,-8.504098360655743,6.7110655737704805,-9.323770491803284,-3.432377049180313,6.7110655737704805,-9.323770491803284,5.0,1,-5.0,3,-8.0,4,-5.0,3
sz000820,2025-11-25,first_probe,1,9.259259259259256,59.46363531719096,0.6333333333333335,1.2616471960634748,90.51222903672166,1.5151515151515138,6.666666666666665,-1.2121212121212088,5.4545454545454675,6.666666666666665,-2.1212121212121127,5.151515151515174,7.878787878787885,-2.1212121212121127,0.909090909090926,8.787878787878789,-2.1212121212121127,2.4242424242424176,8.787878787878789,-2.1212121212121127,5.0,1,8.0,4,8.0,4,0.909090909090926,5
sz000826,2025-05-19,first_probe,1,5.027932960893855,24.935098663811264,0.5555555555555545,0.2752621106486576,76.17807319800959,2.1739130434782483,2.1739130434782483,-1.6304347826086918,1.0869565217391353,2.1739130434782483,-1.6304347826086918,-0.5434782608695676,4.347826086956519,-1.6304347826086918,-0.5434782608695676,4.347826086956519,-3.8043478260869623,19.565217391304344,36.413043478260846,-3.8043478260869623,-0.5434782608695676,5,-0.5434782608695676,5,-0.5434782608695676,5,-0.5434782608695676,5
sz000826,2025-11-03,retest_probe,2,10.612244897959178,37.71514390177532,0.5769230769230771,0.3434936965326217,78.3747009799084,-2.692307692307705,1.1538461538461497,-3.4615384615384714,0.0,2.3076923076922995,-4.230769230769226,-3.4615384615384714,2.3076923076922995,-4.615384615384621,-3.4615384615384714,2.3076923076922995,-4.615384615384621,-2.3076923076923106,2.6923076923076827,-4.999999999999993,-3.4615384615384714,5,-3.4615384615384714,5,-3.4615384615384714,5,-3.4615384615384714,5
sz000831,2025-04-07,first_probe,1,6.105512744516872,20.560466030404633,1.3689320388349548,0.2541446108677361,78.88843852541268,5.413625304136227,6.447688564476883,-4.92700729927008,6.538929440389296,9.36739659367396,-4.92700729927008,5.322384428223836,9.36739659367396,-4.92700729927008,3.193430656934293,9.36739659367396,-4.92700729927008,-3.3150851581508656,9.36739659367396,-4.92700729927008,5.0,1,8.0,2,8.0,2,3.193430656934293,5
sz000837,2025-05-15,first_probe,1,5.014749262536866,14.056375353737309,0.6764705882352956,0.2908808782606382,75.22336978979983,0.972326103216159,4.4876589379207354,-0.5983545250560995,-1.1219147344801672,4.4876589379207354,-3.889304412864625,0.8975317875841604,6.207928197456991,-3.889304412864625,-4.188481675392664,6.207928197456991,-4.338070306656694,-8.077786088257287,6.207928197456991,-9.274495138369476,5.0,3,-4.188481675392664,5,-4.188481675392664,5,-4.188481675392664,5
sz000838,2024-12-04,first_probe,1,5.588235294117649,15.8007067352643,1.1578947368421042,0.6537780693786484,84.88415488072167,0.8982035928143839,2.095808383233533,-0.5988023952095856,-1.4970059880239472,2.095808383233533,-2.395209580838331,-4.79041916167664,2.095808383233533,-6.287425149700598,5.988023952095811,9.580838323353301,-6.287425149700598,-6.287425149700598,9.580838323353301,-8.982035928143706,-5.0,3,-5.0,3,8.0,5,-5.0,3
sz000862,2024-11-05,first_probe,1,6.193078324225865,17.469180243686743,0.5,0.3030069666672704,73.80891675961061,-0.7155635062611854,1.7889087656529634,-1.9677996422182376,4.6511627906976605,9.302325581395365,-2.146690518783545,3.5778175313059046,11.091234347048307,-2.146690518783545,1.610017889087656,11.091234347048307,-2.146690518783545,-2.683363148479423,11.091234347048307,-5.187835420393561,5.0,2,8.0,2,8.0,2,10.0,3
sz000862,2025-03-19,retest_probe,2,6.358381502890165,23.6571812338661,0.5757575757575757,0.4591043560849975,81.88603422973499,0.18761726078799779,0.9380863039399667,-1.6885553470919246,-0.18761726078798668,0.9380863039399667,-1.6885553470919246,-0.18761726078798668,1.6885553470919357,-2.4390243902439046,-2.4390243902439046,1.6885553470919357,-3.752345215759856,-0.7504690431519689,2.62664165103188,-10.131332082551591,-2.4390243902439046,5,-2.4390243902439046,5,-2.4390243902439046,5,-2.4390243902439046,5
sz000876,2025-02-17,first_probe,1,10.276243093922655,19.08943067459684,0.4516129032258065,0.7586839582106679,80.21756943568343,-4.81444332998997,0.0,-5.215646940822483,4.714142427281831,4.714142427281831,-6.720160481444337,0.7021063189568633,4.814443329989948,-6.720160481444337,3.3099297893681046,9.729187562688058,-6.720160481444337,-4.012036108324979,9.729187562688058,-6.720160481444337,-5.0,1,-5.0,1,8.0,5,-5.0,1
sz000880,2024-11-12,first_probe,1,5.454545454545445,15.588912099504778,1.0166666666666664,0.27471412547266977,77.81159410818942,0.09124087591241281,2.2810218978102093,-2.3722627737226443,10.127737226277356,10.127737226277356,-2.3722627737226443,21.167883211678816,21.167883211678816,-2.3722627737226443,19.98175182481752,35.49270072992699,-2.3722627737226443,13.959854014598537,35.49270072992699,-2.3722627737226443,5.0,2,8.0,2,8.0,2,10.0,2
sz000880,2025-02-20,retest_probe,2,6.872852233676974,23.244101270951056,0.6687500000000011,0.692613744612898,78.71074107186712,1.4722975590856446,1.4722975590856446,-0.5036807438977053,11.623401782254938,11.623401782254938,-0.5036807438977053,22.781867493219686,22.781867493219686,-0.5036807438977053,19.721038357225872,27.353738860906617,-0.5036807438977053,17.31886865555987,27.353738860906617,-3.138318481208824,5.0,2,8.0,2,8.0,2,10.0,2
sz000880,2025-04-01,retest_probe,3,6.007810153199156,31.088650723132332,0.8499999999999979,0.341636868637597,79.31470631293047,5.109489051094895,5.8102189781021885,-2.8029197080291945,7.153284671532845,13.284671532846716,-3.649635036496346,8.613138686131405,13.284671532846716,-3.649635036496346,3.649635036496357,13.284671532846716,-4.204379562043792,0.6423357664233631,18.861313868613138,-4.204379562043792,5.0,1,8.0,2,8.0,2,10.0,2
sz000881,2025-11-19,first_probe,1,6.52431791221828,35.52862671281064,0.727272727272727,0.3843783206006731,81.1887390031536,-0.952380952380949,2.0238095238095166,-1.1904761904761862,-5.35714285714286,2.0238095238095166,-5.35714285714286,-4.52380952380953,2.0238095238095166,-6.666666666666677,0.11904761904761862,5.000000000000004,-6.666666666666677,4.404761904761889,10.119047619047606,-6.666666666666677,-5.0,2,-5.0,2,0.11904761904761862,5,-5.0,2
sz000890,2024-12-11,first_probe,1,5.41176470588236,19.23500125226346,0.6086956521739144,0.7901936460391376,82.00532242332442,3.263403263403264,3.9627039627039506,0.0,-2.0979020979020935,3.9627039627039506,-2.3310023310023187,-2.564102564102566,3.9627039627039506,-3.7296037296037365,-9.790209790209792,3.9627039627039506,-12.354312354312357,-24.708624708624704,3.9627039627039506,-27.039627039627046,-5.0,4,-5.0,4,-8.0,4,-5.0,4
sz000890,2025-05-22,retest_probe,2,6.382978723404253,25.79955022224853,1.2916666666666659,0.3803944626118021,84.9899898905787,-5.013192612137207,0.0,-5.54089709762533,-2.638522427440637,0.0,-5.54089709762533,-1.055408970976257,0.0,-5.54089709762533,9.49868073878628,9.49868073878628,-5.54089709762533,6.33245382585752,9.49868073878628,-5.54089709762533,-5.0,1,-5.0,1,8.0,5,-5.0,1
sz000901,2025-11-12,first_probe,1,5.882352941176472,17.513029598736836,0.42857142857142855,0.419775930713076,71.48667429636295,2.0618556701031077,3.8144329896907303,-0.5154639175257603,-1.2886597938144284,3.8144329896907303,-1.546391752577303,-2.3711340206185483,3.8144329896907303,-2.989690721649474,-6.752577319587627,3.8144329896907303,-7.319587628865976,-6.237113402061844,3.8144329896907303,-9.690721649484535,-5.0,4,-5.0,4,-6.752577319587627,5,-5.0,4
sz000903,2025-05-07,first_probe,1,7.365439093484416,15.704947054103508,0.653846153846153,0.5668067876538984,83.62349785330504,6.25,9.375,0.0,1.9886363636363535,9.375,0.0,2.2727272727272707,9.375,0.0,1.9886363636363535,9.375,-1.4204545454545414,18.75,18.75,-2.840909090909094,5.0,1,8.0,1,8.0,1,1.9886363636363535,5
sz000903,2025-06-03,retest_probe,2,10.245901639344268,21.88169805723419,1.0,1.6231754557376377,87.11653642720205,-3.3057851239669422,2.4793388429751984,-3.7190082644628086,-5.991735537190079,2.4793388429751984,-8.05785123966941,-9.090909090909083,2.4793388429751984,-9.710743801652889,-9.090909090909083,2.4793388429751984,-10.743801652892548,-11.157024793388427,2.4793388429751984,-14.256198347107429,-5.0,2,-5.0,2,-8.0,2,-5.0,2
sz000905,2025-05-13,first_probe,1,6.194690265486735,36.70524654356141,0.5510204081632641,0.4809659936257581,78.43745699775228,6.649937264742789,6.775407779171894,-0.25094102885820924,2.3839397741530766,12.045169385194487,-0.25094102885820924,-0.5018820577164407,12.045169385194487,-0.7528230865746499,8.281053952321216,20.326223337515682,-0.7528230865746499,-1.129234629861986,20.326223337515682,-2.0075282308657516,5.0,1,8.0,2,8.0,2,10.0,2
sz000908,2024-10-08,first_probe,1,5.555555555555536,62.54201700219001,1.0,0.6333109835296956,82.58764109856249,3.9755351681957096,3.9755351681957096,-0.6116207951070374,9.174311926605494,9.174311926605494,-0.6116207951070374,14.678899082568808,14.678899082568808,-0.6116207951070374,26.60550458715596,26.60550458715596,-0.6116207951070374,32.415902140672785,33.0275229357798,-0.6116207951070374,5.0,2,8.0,2,8.0,2,10.0,3
sz000908,2024-11-21,retest_probe,2,6.711409395973167,20.625061858531016,1.3249999999999995,0.5732444374759851,80.15992019465511,-3.484320557491294,1.9163763066202044,-3.484320557491294,-8.362369337979104,1.9163763066202044,-8.362369337979104,-7.491289198606276,1.9163763066202044,-10.627177700348433,-16.55052264808362,1.9163763066202044,-16.55052264808362,-8.18815331010454,1.9163763066202044,-24.73867595818815,-5.0,2,-5.0,2,-8.0,2,-5.0,2
sz000908,2024-11-26,continuous_probe,3,7.184466019417468,89.98162532141187,0.5675675675675687,0.3932166826648542,78.57884256853157,-1.5625,0.390625,-1.5625,-6.4453125,0.390625,-6.4453125,-11.1328125,0.390625,-11.1328125,-1.953125000000011,0.390625,-15.625,-1.3671875,7.8125,-15.625,-5.0,2,-5.0,2,-8.0,3,-5.0,2
sz000910,2025-08-14,first_probe,1,5.174644243208282,22.21589000075026,0.9500000000000011,0.4991318179843734,77.41523523008199,0.6443298969072142,2.577319587628879,-0.5154639175257714,0.5154639175257714,2.577319587628879,-0.5154639175257714,1.9329896907216648,2.9639175257732076,-0.5154639175257714,3.0927835051546504,4.639175257731942,-0.5154639175257714,4.510309278350522,6.056701030927836,-0.5154639175257714,3.0927835051546504,5,3.0927835051546504,5,3.0927835051546504,5,3.0927835051546504,5
sz000926,2025-05-07,first_probe,1,6.278026905829592,36.57322359967737,1.0,0.33207139720162443,84.66850977257945,0.44642857142855874,1.7857142857142572,-2.67857142857143,-0.8928571428571397,1.7857142857142572,-2.67857142857143,-0.44642857142858094,1.7857142857142572,-2.67857142857143,-0.8928571428571397,1.7857142857142572,-2.67857142857143,-0.44642857142858094,1.7857142857142572,-2.67857142857143,-0.8928571428571397,5,-0.8928571428571397,5,-0.8928571428571397,5,-0.8928571428571397,5
sz000935,2024-10-15,first_probe,1,5.670103092783507,22.79173190511393,0.6704545454545441,0.4407664404250269,74.52492604497117,12.121212121212132,12.121212121212132,0.0,19.406834300451315,23.339780786589294,0.0,14.764667956157318,23.339780786589294,0.0,21.08317214700195,23.339780786589294,0.0,22.308188265635074,33.204384268214056,0.0,5.0,1,8.0,1,8.0,1,10.0,1
sz000935,2025-11-11,retest_probe,2,5.759162303664911,37.456474014433816,0.702479338842975,0.25712875891432585,75.30422465574456,-2.4528301886792447,0.4716981132075526,-4.103773584905667,-3.8679245283018915,0.4716981132075526,-4.8113207547169745,-5.518867924528292,0.4716981132075526,-5.566037735849061,-3.5377358490566,2.2169811320754906,-7.169811320754715,11.273584905660371,14.811320754716984,-7.169811320754715,-5.0,3,-5.0,3,-3.5377358490566,5,-5.0,3
sz000936,2025-01-06,first_probe,1,6.6765578635014755,15.108613575699033,0.666666666666668,0.31202512793783005,75.57973142362863,4.264705882352948,4.705882352941182,-1.4705882352941124,1.4705882352941346,4.705882352941182,-1.9117647058823461,4.117647058823537,6.029411764705883,-1.9117647058823461,-4.117647058823537,6.029411764705883,-7.499999999999996,5.588235294117649,6.617647058823528,-7.499999999999996,5.0,3,-5.0,5,-4.117647058823537,5,-5.0,5
sz000949,2024-12-19,first_probe,1,6.72268907563025,14.08919831500574,1.5,0.39715918853404586,83.96441478261151,1.55210643015522,4.212860310421296,0.0,-5.543237250554323,4.212860310421296,-6.208425720620825,-3.5476718403547713,4.212860310421296,-6.208425720620825,-7.538802660753873,4.212860310421296,-8.64745011086474,-15.742793791574282,4.212860310421296,-15.964523281596444,-5.0,2,-5.0,2,-8.0,4,-5.0,2
sz000949,2025-05-15,retest_probe,2,7.7669902912621325,28.296795231241173,0.6562499999999993,0.36526815455759026,82.93747971486881,-0.959232613908878,0.7194244604316502,-1.4388489208633004,2.3980815347721673,4.556354916067162,-3.1175059952038398,0.23980815347721673,4.556354916067162,-3.1175059952038398,-3.5971223021582843,4.556354916067162,-3.83693045563549,-3.5971223021582843,4.556354916067162,-5.035971223021585,-3.5971223021582843,5,-3.5971223021582843,5,-3.5971223021582843,5,-3.5971223021582843,5
sz000949,2025-09-09,retest_probe,3,4.88997555012225,33.54874109345026,0.8499999999999989,0.38241945508657504,81.67048151507022,0.4854368932038833,0.728155339805836,-1.2135922330097082,2.669902912621369,3.15533980582523,-1.2135922330097082,3.8834951456310662,6.310679611650483,-1.2135922330097082,6.553398058252413,8.980582524271853,-1.2135922330097082,1.213592233009697,8.980582524271853,-1.9417475728155331,5.0,3,8.0,5,8.0,5,6.553398058252413,5
sz000951,2025-04-07,first_probe,1,5.826859045504995,17.777496214614235,0.4285714285714276,0.5301865147512156,72.44735898263947,5.257452574525767,5.691056910569103,-0.7046070460704601,7.046070460704601,8.238482384823854,-0.7046070460704601,3.9024390243902474,8.238482384823854,-0.7046070460704601,2.1138211382113914,8.238482384823854,-0.7046070460704601,-1.5718157181571768,8.238482384823854,-7.859078590785906,5.0,1,8.0,2,8.0,2,2.1138211382113914,5
sz000953,2024-11-01,first_probe,1,10.214168039538718,17.488835300566052,1.4838709677419366,0.5615507505130755,81.76886886990741,-1.9163763066202155,3.658536585365857,-3.135888501742168,-0.6968641114982632,3.658536585365857,-3.135888501742168,-2.0905923344947785,3.658536585365857,-3.310104529616731,4.006968641114983,5.400696864111487,-3.832752613240431,-6.445993031358888,6.097560975609739,-6.445993031358888,5.0,5,4.006968641114983,5,4.006968641114983,5,4.006968641114983,5
sz000953,2025-01-15,retest_probe,2,5.513307984790883,22.89221445285806,0.7586206896551715,0.39989899745247226,78.36088025235478,-0.747663551401867,1.3084112149532867,-2.24299065420559,-0.18691588785045843,1.3084112149532867,-2.8037383177569986,1.3084112149532867,1.869158878504673,-2.8037383177569986,-1.869158878504662,6.168224299065428,-2.8037383177569986,1.1214953271028172,6.168224299065428,-2.990654205607468,5.0,4,-1.869158878504662,5,-1.869158878504662,5,-1.869158878504662,5
sz000953,2025-05-15,retest_probe,3,6.16113744075828,22.651466213461646,1.0,0.25846201388844164,81.44757759667402,1.8867924528301883,2.2012578616352085,-4.088050314465419,2.8301886792452713,3.459119496855334,-4.088050314465419,3.9308176100628867,9.748427672955984,-4.088050314465419,12.578616352201255,25.786163522012572,-4.088050314465419,26.257861635220102,37.89308176100627,-4.088050314465419,5.0,3,8.0,3,8.0,3,10.0,4
sz000972,2024-11-15,first_probe,1,7.7170418006430985,14.645706126521105,0.8749999999999991,0.37450447166327944,82.82938521805686,-6.709265175718848,0.6389776357827559,-6.709265175718848,-6.38977635782747,0.6389776357827559,-8.94568690095846,-4.153354632587858,0.6389776357827559,-8.94568690095846,-5.750798722044714,0.6389776357827559,-8.94568690095846,5.111821086261981,7.028753993610226,-8.94568690095846,-5.0,1,-5.0,1,-8.0,2,-5.0,1
sz000972,2024-12-10,retest_probe,2,5.294117647058827,20.604929206038573,0.722222222222221,0.46915799997819513,80.6401979101538,5.000000000000004,5.882352941176472,-0.2941176470588225,7.647058823529429,8.235294117647074,-0.2941176470588225,3.529411764705892,8.235294117647074,-0.2941176470588225,-1.4705882352941124,8.823529411764719,-2.0588235294117574,-12.352941176470589,8.823529411764719,-14.117647058823534,5.0,1,8.0,2,8.0,2,-1.4705882352941124,5
sz000978,2025-09-22,first_probe,1,5.297157622739013,31.72820448713127,1.53658536585366,0.25356199338194346,76.88230396335842,-3.788903924221909,0.27063599458727605,-8.38971583220568,-7.983761840324766,0.27063599458727605,-10.013531799729359,-9.742895805142082,0.27063599458727605,-10.825439783491198,-11.366711772665761,0.27063599458727605,-13.125845737483077,-15.696887686062233,0.27063599458727605,-17.185385656292283,-5.0,1,-5.0,1,-8.0,1,-5.0,1
sz000980,2024-09-05,first_probe,1,5.769230769230771,20.35237519105208,0.8888888888888886,0.2804151062586254,77.20842139113108,4.545454545454541,9.740259740259738,0.0,-1.9480519480519543,9.740259740259738,-2.5974025974025983,-1.9480519480519543,9.740259740259738,-4.545454545454552,-3.8961038961038974,9.740259740259738,-4.545454545454552,-3.2467532467532534,9.740259740259738,-7.792207792207795,5.0,1,8.0,1,8.0,1,-3.8961038961038974,5
sz000980,2024-12-20,retest_probe,2,5.7046979865771785,20.355940320375684,0.7647058823529409,0.3329861230178501,81.20955572573183,-8.053691275167774,0.3355704697986628,-8.389261744966447,-10.067114093959727,0.3355704697986628,-12.416107382550335,-14.093959731543626,0.3355704697986628,-15.771812080536918,-11.74496644295302,0.3355704697986628,-15.771812080536918,-28.18791946308724,0.3355704697986628,-29.53020134228188,-5.0,1,-5.0,1,-8.0,1,-5.0,1
sz000985,2025-06-13,first_probe,1,7.170650361311859,14.063311042531186,0.8139534883720919,0.9364087426093651,84.22994599674591,-1.1976047904191711,2.3407729994556314,-1.9597169297768113,0.925421883505706,4.028307022319,-3.21175830157866,-0.7076755579749738,4.028307022319,-3.21175830157866,10.887316276537828,16.0043549265106,-3.21175830157866,-1.8508437670114342,16.0043549265106,-3.9738704409363113,5.0,4,8.0,4,8.0,4,10.0,5
sz000989,2025-09-22,first_probe,1,5.325443786982231,29.615003620866833,0.6296296296296303,0.2654481206139443,73.83775577135454,-3.0185004868549026,0.09737098344693162,-4.479065238558899,-3.40798442064264,0.09737098344693162,-4.868549172346636,-3.40798442064264,0.09737098344693162,-4.868549172346636,-4.186952288218104,0.09737098344693162,-5.160662122687432,-5.258033106134363,0.09737098344693162,-7.984420642648493,-5.0,5,-5.0,5,-4.186952288218104,5,-5.0,5
sz000993,2025-08-11,first_probe,1,5.417814508723606,14.67322839853493,0.6271186440677985,0.2821730590277906,71.90652083341851,0.18348623853210455,1.3761467889908285,-0.6422018348623881,1.0091743119265972,1.4678899082568808,-1.2844036697247763,-2.2935779816513735,1.4678899082568808,-2.477064220183478,-1.6513761467889854,1.4678899082568808,-2.9357798165137616,0.5504587155963359,2.0183486238531945,-2.9357798165137616,-1.6513761467889854,5,-1.6513761467889854,5,-1.6513761467889854,5,-1.6513761467889854,5
sz000993,2025-11-11,retest_probe,2,10.999999999999988,20.948544625426845,1.3151515151515152,0.3087588703264456,82.51105828182797,-4.713114754098369,1.434426229508201,-6.557377049180335,-3.073770491803285,1.434426229508201,-9.084699453551915,-0.7513661202185884,1.571038251366108,-9.084699453551915,-8.879781420765031,3.82513661202184,-9.084699453551915,-19.33060109289617,3.82513661202184,-22.472677595628422,-5.0,1,-5.0,1,-8.0,2,-5.0,1
sz000995,2024-11-01,first_probe,1,7.997118155619587,16.900832443031163,0.4954954954954964,0.5443393982698911,76.63684835541201,3.3957033957033866,6.722106722106735,-6.237006237006238,2.4255024255024127,6.722106722106735,-6.237006237006238,2.564102564102577,6.722106722106735,-6.237006237006238,6.444906444906451,12.820512820512842,-6.237006237006238,-4.435204435204443,12.820512820512842,-6.237006237006238,-5.0,1,-5.0,1,8.0,4,-5.0,1
sz000995,2025-07-09,retest_probe,2,7.671043538355216,22.845501904536633,0.7927927927927939,0.36041627898557077,80.06700884746306,1.3605442176870763,1.8367346938775508,-1.292517006802718,6.462585034013624,11.4965986394558,-1.292517006802718,5.306122448979589,11.4965986394558,-1.292517006802718,-0.340136054421758,11.4965986394558,-3.0612244897959107,0.612244897959191,11.4965986394558,-3.0612244897959107,5.0,2,8.0,2,8.0,2,10.0,2
sz001201,2025-07-01,first_probe,1,5.814696485622983,32.534980918232506,0.7692307692307698,0.7420509498771247,79.01610798523623,2.358783364369943,3.0415890751086305,-1.4276846679081245,3.476101800124165,6.26939788950962,-1.4276846679081245,3.6002482929857305,6.26939788950962,-1.4276846679081245,1.5518311607697122,6.26939788950962,-1.4276846679081245,3.910614525139655,10.366232153941656,-1.4276846679081245,5.0,2,1.5518311607697122,5,1.5518311607697122,5,1.5518311607697122,5
sz001202,2025-10-28,first_probe,1,9.320505111244737,22.792095783966605,0.832258064516128,0.3966246027622925,82.76139430304342,-1.243339253996456,0.7696862048549358,-2.6050917702782783,-1.243339253996456,0.7696862048549358,-2.6050917702782783,-2.2498519834221353,0.7696862048549358,-3.1971580817051426,-1.243339253996456,0.7696862048549358,-3.1971580817051426,-2.131438721136769,0.7696862048549358,-3.1971580817051426,-1.243339253996456,5,-1.243339253996456,5,-1.243339253996456,5,-1.243339253996456,5
sz001206,2025-05-07,first_probe,1,5.113024757804108,19.79891735472051,1.0210526315789468,0.2572536338085544,74.49970514391651,0.1612903225806317,2.0967741935483675,-1.2903225806451757,-0.43010752688172893,2.0967741935483675,-1.5591397849462507,0.7526881720429923,2.311827956989254,-1.5591397849462507,2.204301075268811,4.139784946236547,-1.5591397849462507,30.91397849462365,35.64516129032258,-1.5591397849462507,2.204301075268811,5,2.204301075268811,5,2.204301075268811,5,2.204301075268811,5
sz001207,2025-07-10,first_probe,1,6.1172472387425625,21.318260016675733,0.8819444444444434,0.5193336942250839,80.48458001886428,-0.7142857142857229,0.588235294117645,-1.2184873949579789,-0.6722689075630228,0.588235294117645,-1.2184873949579789,-0.588235294117645,0.588235294117645,-1.2184873949579789,1.5966386554621792,2.6890756302521135,-1.2184873949579789,1.9747899159663795,7.100840336134451,-1.260504201680679,1.5966386554621792,5,1.5966386554621792,5,1.5966386554621792,5,1.5966386554621792,5
sz001208,2025-10-29,first_probe,1,5.012126111560233,18.73260977534447,0.758064516129032,0.26159082250224264,75.56195354877114,-3.1200000000000006,0.0,-3.1200000000000006,-3.4399999999999986,0.0,-3.599999999999992,-1.1200000000000099,0.0,-3.599999999999992,1.6000000000000014,2.0000000000000018,-3.599999999999992,0.0,3.279999999999994,-3.599999999999992,1.6000000000000014,5,1.6000000000000014,5,1.6000000000000014,5,1.6000000000000014,5
sz001209,2025-03-17,first_probe,1,9.90251410979992,42.4932234452964,0.9326424870466309,0.36727204746131387,83.91659933615954,-4.051282051282046,0.10256410256410664,-5.076923076923068,-6.461538461538474,0.10256410256410664,-6.871794871794867,-7.333333333333336,0.10256410256410664,-7.538461538461528,-14.66666666666666,0.10256410256410664,-16.153846153846153,-17.28205128205129,0.10256410256410664,-18.92307692307692,-5.0,1,-5.0,1,-8.0,4,-5.0,1
sz001216,2025-03-03,first_probe,1,6.592592592592594,18.690537562763495,1.0112359550561796,0.6835373427031693,86.70178451876717,0.8283132530120474,0.9789156626506035,-1.882530120481929,-0.1506024096385561,0.9789156626506035,-1.882530120481929,-0.07530120481927804,0.9789156626506035,-1.882530120481929,1.6566265060240948,3.3132530120482118,-1.882530120481929,5.19578313253013,6.024096385542177,-1.882530120481929,1.6566265060240948,5,1.6566265060240948,5,1.6566265060240948,5,1.6566265060240948,5
sz001217,2025-04-16,first_probe,1,6.617647058823528,16.84625338466356,0.6666666666666683,0.4174261674486508,75.46663249990343,3.0000000000000027,5.000000000000004,-1.6363636363636358,-3.1818181818181746,5.000000000000004,-5.545454545454542,-2.090909090909099,5.000000000000004,-5.545454545454542,-2.7272727272727337,5.000000000000004,-5.545454545454542,-5.818181818181822,5.000000000000004,-6.818181818181824,5.0,1,-5.0,2,-2.7272727272727337,5,-5.0,2
sz001222,2025-01-06,first_probe,1,7.2672672672672745,14.385443077309434,0.727272727272726,0.39136322876399776,76.28534328328378,0.4753416518122444,1.6042780748663388,-3.5650623885917887,-1.6042780748663055,1.6042780748663388,-4.872251931075445,-3.3273915626856776,1.6042780748663388,-4.872251931075445,-11.289364230540698,1.6042780748663388,-13.190730837789655,2.614379084967333,8.734402852049916,-13.190730837789655,-5.0,4,-5.0,4,-8.0,4,-5.0,4
sz001223,2025-08-11,first_probe,1,5.663678110649473,20.766670469588398,0.3629343629343616,0.8284903542365569,78.55454116902384,-2.2607225860976077,0.802873441791685,-3.465032748785124,2.493133319247831,4.563701669131648,-3.465032748785124,0.6127192055778607,4.563701669131648,-3.465032748785124,0.5704627086414504,4.563701669131648,-3.465032748785124,12.571307838580182,22.079019649271082,-3.465032748785124,0.5704627086414504,5,0.5704627086414504,5,0.5704627086414504,5,0.5704627086414504,5
sz001225,2025-07-22,first_probe,1,7.20986330742428,18.728508785388346,0.962825278810411,0.39364477730501624,83.41092659101042,-1.3031914893617103,1.0372340425532034,-2.92553191489362,3.1914893617021267,4.94680851063829,-2.92553191489362,10.425531914893615,11.170212765957444,-2.92553191489362,18.882978723404253,28.962765957446802,-2.92553191489362,9.122340425531906,28.962765957446802,-2.92553191489362,5.0,3,8.0,3,8.0,3,10.0,3
sz001226,2025-11-21,first_probe,1,10.59190031152648,16.78949200068064,0.6029411764705886,0.5962196457481588,80.0466757757312,-2.834107011971654,1.2215978499877878,-5.25287075494747,-2.565355484974341,1.2215978499877878,-5.25287075494747,-3.689225506963101,1.2215978499877878,-5.25287075494747,-2.247740043977531,1.2215978499877878,-5.25287075494747,-1.0505741509894917,2.565355484974341,-6.669924260933291,-5.0,1,-5.0,1,-2.247740043977531,5,-5.0,1
sz001228,2025-10-21,first_probe,1,9.070034443168783,20.897754674094884,0.4936708860759499,0.37352119367970843,76.96207776299507,-0.5543237250554278,1.367331855136733,-1.1086474501108556,-2.2542498152254176,1.367331855136733,-3.2150776053215036,-2.8824833702882358,1.367331855136733,-3.5476718403547602,-3.47376201034737,1.367331855136733,-4.6563192904656265,0.18477457501848704,3.7694013303769314,-4.6563192904656265,-3.47376201034737,5,-3.47376201034737,5,-3.47376201034737,5,-3.47376201034737,5
sz001228,2025-11-12,retest_probe,2,6.428571428571428,22.779069413608795,0.5666666666666662,0.3713516746584343,76.53449424702455,-1.7482517482517501,0.06993006993005757,-2.5174825174825277,-0.3146853146853146,2.2377622377622197,-2.9720279720279796,1.5034965034965042,4.860139860139845,-2.9720279720279796,-3.286713286713294,4.860139860139845,-3.286713286713294,-7.202797202797207,4.860139860139845,-7.342657342657343,-3.286713286713294,5,-3.286713286713294,5,-3.286713286713294,5,-3.286713286713294,5
sz001230,2025-08-18,first_probe,1,7.250187828700216,16.75707460347644,0.9015544041450789,0.5146033846297938,77.6223275200451,1.7897091722595126,3.5421327367636035,-1.864280387770323,-2.162565249813575,3.5421327367636035,-2.7591349739000792,-4.548844146159581,3.5421327367636035,-4.697986577181212,-6.785980611483966,3.5421327367636035,-7.3079791200596596,-10.17897091722595,3.5421327367636035,-10.887397464578674,-5.0,4,-5.0,4,-6.785980611483966,5,-5.0,4
sz001234,2025-06-06,first_probe,1,8.450067781292358,48.3426080546199,0.41711229946524103,0.8720356184445959,83.22703801023528,-2.782534246575341,0.0,-4.023972602739711,-5.9931506849315035,0.0,-7.705479452054798,3.424657534246589,3.424657534246589,-7.705479452054798,-7.8767123287671215,13.78424657534245,-7.919520547945192,-14.982876712328764,13.78424657534245,-15.282534246575342,-5.0,2,-5.0,2,8.0,4,-5.0,2
sz001236,2025-04-01,first_probe,1,7.106598984771595,18.529567323808056,0.599999999999999,0.6103902093461876,82.31416751402725,0.7928642220019766,2.87413280475719,-1.3875123885034757,-0.9910802775024763,2.87413280475719,-1.3875123885034757,-10.90188305252725,2.87413280475719,-10.90188305252725,-17.641228939544096,2.87413280475719,-26.957383548067394,-17.542120911793845,2.87413280475719,-26.957383548067394,-5.0,3,-5.0,3,-8.0,3,-5.0,3
sz001236,2025-04-17,retest_probe,2,5.149700598802398,27.83442027159623,0.8139534883720927,0.35585784986009306,78.32307704951972,-0.82938388625593,2.251184834123232,-1.8957345971563955,2.369668246445511,2.8436018957346043,-2.132701421800942,3.08056872037914,5.924170616113744,-2.132701421800942,-0.11848341232226778,5.924170616113744,-2.132701421800942,2.8436018957346043,5.924170616113744,-3.90995260663507,5.0,3,-0.11848341232226778,5,-0.11848341232226778,5,-0.11848341232226778,5
sz001255,2025-01-14,first_probe,1,10.511273420133382,53.794443103726465,0.6646525679758298,0.4970003138809091,85.26425304310814,-6.411483253588523,0.0,-6.411483253588523,-6.443381180223295,0.0,-11.259968102073369,2.90271132376394,2.90271132376394,-11.259968102073369,-2.6475279106858096,3.923444976076551,-11.259968102073369,-6.730462519936209,3.923444976076551,-11.259968102073369,-5.0,1,-5.0,1,-8.0,2,-5.0,1
sz001256,2025-04-29,first_probe,1,7.14285714285714,14.198535281997108,1.086666666666666,0.31938728194408145,78.32768103634425,9.073634204275539,9.073634204275539,-1.7577197149643786,12.779097387173376,13.966745843230388,-1.7577197149643786,12.304038004750595,17.909738717339675,-1.7577197149643786,11.116389548693583,17.909738717339675,-1.7577197149643786,8.883610451306412,17.909738717339675,-1.7577197149643786,5.0,1,8.0,1,8.0,1,10.0,2
sz001259,2024-11-26,first_probe,1,8.597108245408357,49.79949864421929,1.1772727272727277,0.6040726054935676,83.77052936449346,1.7310789049919562,2.0531400966183666,-7.4074074074074066,-5.716586151368752,6.2801932367149815,-7.4074074074074066,-6.843800322061188,6.2801932367149815,-11.191626409017719,-4.911433172302737,6.2801932367149815,-11.191626409017719,-2.093397745571657,6.2801932367149815,-11.191626409017719,-5.0,1,-5.0,1,-8.0,3,-5.0,1
sz001260,2024-12-25,first_probe,1,5.741898806139867,69.3994029692071,2.2772277227722744,0.42038031492868744,83.74299468620652,4.522924411400253,7.744733581164809,-0.3717472118959231,3.4076827757125283,9.541511771995047,-0.3717472118959231,0.5576208178438735,9.541511771995047,-0.3717472118959231,-3.0359355638166052,9.541511771995047,-3.9653035935563796,-4.894671623296166,9.541511771995047,-8.612143742255274,5.0,1,8.0,2,8.0,2,-3.0359355638166052,5
sz001267,2024-10-21,first_probe,1,8.348134991118993,13.562890668930415,0.5106382978723393,0.8070536683243963,78.81631160551328,-1.3628620102214661,1.3628620102214661,-3.7478705281090208,0.34071550255536653,2.2146507666098714,-3.7478705281090208,0.6814310051107331,3.747870528109032,-3.7478705281090208,6.984667802385003,9.540034071550242,-3.7478705281090208,21.294718909710397,42.419080068143074,-3.7478705281090208,5.0,4,8.0,5,8.0,5,6.984667802385003,5
sz001268,2025-06-25,first_probe,1,5.157936825269882,14.143846675411416,0.4961240310077527,0.3358187132472409,72.59692916212211,1.4173228346456845,7.007874015748028,-0.8267716535433012,-0.9842519685039353,7.007874015748028,-1.3385826771653564,-0.35433070866142113,7.007874015748028,-1.3385826771653564,-3.22834645669291,7.007874015748028,-3.897637795275588,11.377952755905518,13.110236220472448,-3.897637795275588,5.0,1,-3.22834645669291,5,-3.22834645669291,5,-3.22834645669291,5
sz001269,2025-03-25,first_probe,1,6.16153205661949,21.552377429708116,0.8445945945945944,0.35369072063714485,79.48314790277044,1.7768595041322222,3.842975206611565,-1.6528925619834656,-0.9090909090909038,3.842975206611565,-1.6528925619834656,9.008264462809912,9.008264462809912,-1.6528925619834656,8.84297520661157,12.066115702479351,-1.6528925619834656,-19.50413223140496,12.066115702479351,-25.578512396694208,5.0,3,8.0,3,8.0,3,10.0,4
sz001269,2025-04-08,retest_probe,2,6.243756243756238,20.69736898391289,1.0079999999999985,0.4258039770928464,77.47953367432976,0.4123711340206171,2.989690721649496,-7.164948453608233,10.463917525773203,10.463917525773203,-7.164948453608233,21.494845360824755,21.494845360824755,-7.164948453608233,20.30927835051548,28.865979381443307,-7.164948453608233,14.072164948453603,28.865979381443307,-7.164948453608233,-5.0,1,-5.0,1,8.0,2,-5.0,1
sz001269,2025-06-20,retest_probe,3,5.087014725568939,24.994165978993507,1.0701754385964928,0.2598766593479932,76.68062289171934,4.138244656662127,4.41109595270579,-0.18190086402910532,6.730331969076864,6.821282401091411,-0.18190086402910532,7.321509777171453,7.639836289222379,-0.18190086402910532,5.820827648931348,8.14006366530242,-0.18190086402910532,19.918144611186904,37.88085493406095,-0.18190086402910532,5.0,2,8.0,4,8.0,4,5.820827648931348,5
sz001277,2024-09-18,first_probe,1,6.708268330733258,19.300797586310342,0.8930232558139519,0.7961314892282289,86.63891818288408,1.1278195488721776,1.7857142857142794,-0.8458646616541499,-1.5664160401002492,1.7857142857142794,-1.8483709273183102,-3.2268170426065224,1.7857142857142794,-3.790726817042611,-0.4072681704260783,1.7857142857142794,-4.573934837092731,27.600250626566392,36.904761904761905,-4.573934837092731,-0.4072681704260783,5,-0.4072681704260783,5,-0.4072681704260783,5,-0.4072681704260783,5
sz001277,2025-01-16,retest_probe,2,5.691056910569103,27.448618035951185,0.880952380952381,0.32825935690017255,79.00290530606819,-1.8766756032171483,0.13404825737266535,-2.922252010723847,-0.053619302949048375,0.37533512064342744,-2.922252010723847,1.7426273458445163,1.7694369973190405,-2.922252010723847,-1.5549597855227804,2.8418230563002744,-2.922252010723847,0.5898123324396876,2.8418230563002744,-3.1635388739946424,-1.5549597855227804,5,-1.5549597855227804,5,-1.5549597855227804,5,-1.5549597855227804,5
sz001282,2024-09-02,first_probe,1,7.661520869068039,33.19212891296925,0.5970149253731323,7.9379236914233715,80.90444368548194,1.5151515151515138,2.8619528619528545,-1.1784511784511786,1.3468013468013407,2.8619528619528545,-1.1784511784511786,2.076318742985417,2.8619528619528545,-1.1784511784511786,-0.729517396184054,2.8619528619528545,-2.805836139169471,-5.162738496071839,2.8619528619528545,-6.90235690235691,-0.729517396184054,5,-0.729517396184054,5,-0.729517396184054,5,-0.729517396184054,5
sz001282,2025-05-12,retest_probe,2,7.247899159663862,24.47812365708161,0.8599033816425108,0.4173630136819619,78.62650586639445,-3.1207133058984926,0.0,-3.6351165980795574,-4.595336076817558,0.0,-5.521262002743487,-4.320987654320996,0.0,-6.961591220850483,-5.006858710562412,0.0,-6.961591220850483,-5.418381344307277,0.0,-8.230452674897116,-5.0,2,-5.0,2,-5.006858710562412,5,-5.0,2
sz001282,2025-07-08,retest_probe,3,5.711422845691394,35.28024986021547,0.7719298245614054,0.6819767200186413,80.891628882568,1.3725490196078383,3.480392156862755,-0.637254901960782,1.3725490196078383,3.480392156862755,-0.637254901960782,1.71568627450982,3.480392156862755,-0.637254901960782,0.04901960784313708,5.44117647058826,-0.9803921568627416,0.7843137254901933,5.833333333333335,-0.9803921568627416,5.0,4,0.04901960784313708,5,0.04901960784313708,5,0.04901960784313708,5
sz001287,2025-07-17,first_probe,1,5.263157894736836,32.41694779610373,1.801652892561982,0.43317610652747646,79.22857126559197,4.995458673932784,8.99182561307903,-3.6330608537692988,-2.906448683015439,8.99182561307903,-3.6330608537692988,-6.539509536784749,8.99182561307903,-6.857402361489551,-6.857402361489551,8.99182561307903,-8.038147138964579,-7.992733878292457,8.99182561307903,-8.265213442325159,5.0,1,8.0,1,8.0,1,-5.0,3
sz001288,2024-12-06,first_probe,1,7.027027027027022,16.138601210936894,0.4855769230769225,0.7302027385747073,74.28669816105523,0.7499184871209597,3.488751222693165,-1.1737854581023943,1.6628627323117096,3.488751222693165,-1.1737854581023943,2.5758069775024373,3.488751222693165,-1.1737854581023943,-0.6847081838930569,5.3798500163025675,-1.1737854581023943,8.053472448646893,9.87936093902837,-1.85849364199544,5.0,4,-0.6847081838930569,5,-0.6847081838930569,5,-0.6847081838930569,5
sz001288,2024-12-19,retest_probe,2,5.105296745373322,18.423938497709525,0.5249999999999984,0.8163517261996094,77.18112700939143,3.175591531755928,4.919053549190555,-0.37359900373598043,-0.31133250311330407,5.853051058530512,-5.977584059775831,-1.7745952677459376,5.853051058530512,-5.977584059775831,-4.607721046077195,5.853051058530512,-7.347447073474456,-8.21917808219177,5.853051058530512,-8.499377334993763,-5.0,2,-5.0,2,-4.607721046077195,5,-5.0,2
sz001288,2025-03-03,retest_probe,3,6.485424172944643,23.665889852604565,0.7525252525252529,0.7257813535689199,84.23328092822528,1.620745542949753,5.348460291734192,-1.0372771474878473,2.1069692058346856,5.348460291734192,-1.0372771474878473,4.797406807131277,7.617504051863855,-1.0372771474878473,20.486223662884928,23.273905996758515,-1.0372771474878473,6.547811993516994,23.273905996758515,-1.0372771474878473,5.0,1,8.0,4,8.0,4,10.0,4
sz001296,2025-06-06,first_probe,1,6.186726659167596,18.90460085528317,0.7090909090909082,0.6836836628837168,80.82630473964029,0.6648199445983494,0.941828254847632,-1.5512465373961226,0.6094182825484795,2.382271468144048,-1.5512465373961226,0.3878116343490223,2.382271468144048,-1.5512465373961226,2.3268698060941784,4.155124653739617,-1.5512465373961226,12.742382271468156,19.11357340720221,-1.5512465373961226,2.3268698060941784,5,2.3268698060941784,5,2.3268698060941784,5,2.3268698060941784,5
sz001300,2025-03-13,first_probe,1,7.264296754250399,26.74942304911161,1.244680851063828,0.30111239021653396,80.17831162394148,-1.2345679012345734,0.15432098765431057,-3.240740740740755,-1.6975308641975384,0.15432098765431057,-3.240740740740755,-2.314814814814825,0.15432098765431057,-3.240740740740755,-2.314814814814825,0.15432098765431057,-3.6265432098765427,-5.7870370370370345,0.15432098765431057,-8.950617283950614,-2.314814814814825,5,-2.314814814814825,5,-2.314814814814825,5,-2.314814814814825,5
sz001311,2025-09-17,first_probe,1,7.880220646178104,23.03330995535712,0.6749999999999989,0.4501257709357083,80.02546977776244,-2.6871401151631447,0.998080614203456,-3.33973128598849,-4.56813819577736,0.998080614203456,-5.143953934740885,-4.414587332053754,0.998080614203456,-5.5278310940499065,2.3416506717850227,4.376199616122833,-5.5278310940499065,0.7677543186180413,4.376199616122833,-5.5278310940499065,-5.0,2,-5.0,2,2.3416506717850227,5,-5.0,2
sz001314,2025-05-22,first_probe,1,4.814487632508824,22.578272085326574,0.6926605504587148,0.6207274364847117,78.65217420716318,-4.185022026431717,1.0792951541850337,-4.405286343612335,-2.2026431718061623,1.0792951541850337,-5.462555066079289,-3.237885462555068,1.0792951541850337,-5.462555066079289,-2.114537444933917,1.0792951541850337,-5.462555066079289,0.5726872246696102,2.2026431718061623,-5.99118942731277,-5.0,2,-5.0,2,-2.114537444933917,5,-5.0,2
sz001316,2025-10-13,first_probe,1,8.359133126934992,29.915467229908447,0.62962962962963,0.4053975267710659,77.9395545284402,-1.056125528062768,1.4484007242003605,-1.4484007242003716,-0.8147254073627153,1.4484007242003605,-2.051901025950509,-3.5003017501508804,1.4484007242003605,-3.741701870850944,-6.095353047676522,1.4484007242003605,-7.00060350030175,3.1382015691007847,3.6511768255884203,-7.00060350030175,-5.0,4,-5.0,4,-6.095353047676522,5,-5.0,4
sz001318,2024-12-11,first_probe,1,4.8387096774193505,24.94033890505961,1.136363636363636,0.3137017562149408,75.91288140221585,7.756024096385561,12.274096385542176,-0.5271084337349241,0.9036144578313365,12.274096385542176,-0.5271084337349241,-0.3765060240963791,12.274096385542176,-1.3554216867469826,-7.605421686746983,12.274096385542176,-7.906626506024084,-13.027108433734934,12.274096385542176,-14.533132530120485,5.0,1,8.0,1,8.0,1,10.0,1
sz001318,2025-02-21,retest_probe,2,7.941929974380879,39.473742950750356,0.7634408602150549,1.2569477638939714,84.29428000855481,-4.02347024308466,0.3352891869237373,-4.02347024308466,-2.430846605196979,0.3352891869237373,-4.77787091366304,-2.7661357921207053,0.3352891869237373,-4.77787091366304,-0.3352891869237151,2.514668901927908,-4.77787091366304,-4.191114836546516,2.514668901927908,-5.280804694048613,-0.3352891869237151,5,-0.3352891869237151,5,-0.3352891869237151,5,-0.3352891869237151,5
sz001322,2025-11-18,first_probe,1,4.772991850989516,25.767789248965023,0.8292682926829262,0.3220009817401369,72.19028676015668,-1.1402508551881407,0.11402508551880963,-1.710376282782211,-0.5701254275940593,0.11402508551880963,-2.1664766248574607,0.3420752565564511,1.2542759407069726,-2.1664766248574607,-1.2542759407069504,2.736602052451542,-2.1664766248574607,-0.7981755986317007,2.736602052451542,-2.5085518814139007,-1.2542759407069504,5,-1.2542759407069504,5,-1.2542759407069504,5,-1.2542759407069504,5
sz001324,2025-07-23,first_probe,1,4.837164750957856,23.155758359744095,0.9900990099009885,0.36992794584779765,76.14867329820106,10.746987951807242,10.746987951807242,-0.24096385542169418,7.325301204819268,16.963855421686745,-0.24096385542169418,10.698795180722875,16.963855421686745,-0.24096385542169418,5.92771084337349,16.963855421686745,-0.24096385542169418,2.9397590361445847,16.963855421686745,-3.469879518072283,5.0,1,8.0,1,8.0,1,10.0,1
sz001330,2025-11-25,first_probe,1,5.240174672489095,17.92714464844033,0.7777777777777778,0.327534657369221,77.0049007406543,-0.5722460658083017,2.002861230329045,-1.2875536480686622,-1.716738197424894,2.002861230329045,-3.2904148783977183,1.859799713876975,2.2889842632331847,-3.2904148783977183,6.151645207439205,11.874105865522179,-3.2904148783977183,52.36051502145922,52.36051502145922,-3.2904148783977183,5.0,4,8.0,4,8.0,4,10.0,5
sz001332,2025-04-03,first_probe,1,8.70519385515729,15.012007939895994,0.6974789915966372,0.870176908909607,79.3232657947529,-5.252626313156561,1.9009504752376394,-5.252626313156561,-12.281140570285132,1.9009504752376394,-14.732366183091528,-6.7783891945972785,1.9009504752376394,-16.008004002000998,-10.405202601300644,1.9009504752376394,-16.008004002000998,-14.18209104552275,1.9009504752376394,-16.008004002000998,-5.0,1,-5.0,1,-8.0,2,-5.0,1
sz001358,2025-08-06,first_probe,1,4.813729593972371,19.001708626758976,0.7565217391304335,0.5923826290554577,77.0232930209374,2.9375258585022657,5.006206040546113,0.0,2.647910633016126,6.909391808026477,0.0,3.1857674803475344,6.909391808026477,0.0,3.7649979313198134,6.909391808026477,0.0,3.020273065784007,6.909391808026477,0.0,5.0,1,3.7649979313198134,5,3.7649979313198134,5,3.7649979313198134,5
sz001359,2025-04-23,first_probe,1,6.315789473684208,18.682719418137445,0.8030303030303042,0.5965884335563946,77.81311311601574,-1.0149064383127238,1.2369172216936342,-1.839517919441802,-1.9663812242308953,1.2369172216936342,-3.2350142721217834,-3.7424674912781453,1.2369172216936342,-3.9327624484617907,-2.315255312400888,1.2369172216936342,-4.59879479860451,4.027909927053597,4.027909927053597,-4.59879479860451,-2.315255312400888,5,-2.315255312400888,5,-2.315255312400888,5,-2.315255312400888,5
sz001360,2024-10-24,first_probe,1,5.33245556287032,25.130666284207084,0.8888888888888892,1.53121319751983,84.01499006816807,-2.917771883289122,1.1936339522546469,-5.03978779840849,-3.5145888594164454,1.1936339522546469,-5.03978779840849,-5.702917771883287,1.1936339522546469,-6.034482758620685,-2.851458885941638,1.1936339522546469,-6.366047745358094,-1.9230769230769273,4.708222811671092,-6.962864721485418,-5.0,1,-5.0,1,-2.851458885941638,5,-5.0,1
sz001360,2024-11-05,retest_probe,2,6.689189189189171,29.188163359566058,0.8686868686868695,0.5319569145307084,78.58518886976576,-0.27137042062416183,0.8141112618724522,-1.6282225237449155,0.33921302578017176,0.8141112618724522,-1.8995929443690551,0.0,1.8995929443690551,-1.8995929443690551,0.13568521031206426,1.8995929443690551,-1.8995929443690551,-2.7137042062415184,2.7815468113975506,-5.97014925373135,0.13568521031206426,5,0.13568521031206426,5,0.13568521031206426,5,0.13568521031206426,5
sz001360,2025-11-06,retest_probe,3,4.779411764705888,28.699581763243195,0.8333333333333348,0.4417281999979879,80.19095028709968,0.6097560975609762,1.097560975609757,-1.6463414634146356,0.4268292682926944,1.097560975609757,-1.6463414634146356,1.0365853658536706,1.9512195121951237,-1.6463414634146356,1.3414634146341697,2.073170731707319,-1.6463414634146356,0.7926829268292801,3.658536585365857,-1.6463414634146356,1.3414634146341697,5,1.3414634146341697,5,1.3414634146341697,5,1.3414634146341697,5
sz001376,2025-05-09,first_probe,1,5.661881977671457,28.502759175090404,0.5352112676056343,0.6445903326459624,78.21553554125154,0.3112840466926059,0.5447470817120603,-1.0894941634241206,-0.7782101167315147,0.9338521400778177,-1.0894941634241206,-0.7003891050583633,0.9338521400778177,-2.0233463035019494,-2.5680933852140098,0.9338521400778177,-2.5680933852140098,-6.225680933852129,0.9338521400778177,-6.303501945525292,-2.5680933852140098,5,-2.5680933852140098,5,-2.5680933852140098,5,-2.5680933852140098,5
sz001382,2025-04-22,first_probe,1,5.401844532279321,13.718231587271351,0.674796747967478,0.32847630859603355,72.8808347020076,-2.195436934997852,0.21523891519588112,-2.712010331467929,-6.844597503228577,0.21523891519588112,-7.404218682737829,-4.4339216530348775,1.162290142057687,-7.404218682737829,-9.169177787343951,1.162290142057687,-10.417563495479987,-5.294877313818336,1.162290142057687,-10.417563495479987,-5.0,2,-5.0,2,-8.0,5,-5.0,2
sz001389,2025-02-27,first_probe,1,5.637982195845703,18.061574370320688,1.5041551246537397,0.4060172769471121,77.09454536781477,-7.698648203099234,0.8902077151335508,-7.698648203099234,-7.237059017474435,0.8902077151335508,-11.02868447082097,-6.165512693702602,0.8902077151335508,-11.02868447082097,-3.0992416749093255,0.8902077151335508,-11.02868447082097,-0.6099571381470437,2.1430926475436873,-11.02868447082097,-5.0,1,-5.0,1,-8.0,2,-5.0,1
sz001389,2025-03-12,retest_probe,2,4.857044436789537,15.009609022217681,0.6737588652482289,0.6409297381268,77.14583752227064,2.9015190305512917,5.751834784092846,0.0,2.1164021164021163,5.751834784092846,-1.5190305512886138,1.9798600443761583,5.751834784092846,-1.5190305512886138,-2.491892814473462,5.751834784092846,-3.2428742106161534,-11.31592421915003,5.751834784092846,-11.435398532172725,5.0,1,-2.491892814473462,5,-2.491892814473462,5,-2.491892814473462,5
sz001896,2024-11-12,first_probe,1,5.909090909090908,29.464129050516487,0.7692307692307705,0.405148621973355,82.48381968966572,0.6787330316742057,4.2986425339366585,-1.8099547511312264,-3.6199095022624417,4.2986425339366585,-3.8461538461538436,-5.429864253393668,4.2986425339366585,-5.65610859728507,-4.072398190045245,4.2986425339366585,-6.7873303167420795,-7.01357466063347,4.2986425339366585,-8.144796380090503,-5.0,3,-5.0,3,-4.072398190045245,5,-5.0,3
sz002006,2024-10-29,first_probe,1,7.313432835820888,15.708448240088043,0.7142857142857151,0.6739437281609609,80.76221104961677,-0.37202380952380265,3.3482142857143016,-1.636904761904756,-1.1160714285714302,3.3482142857143016,-2.8273809523809423,-5.58035714285714,3.3482142857143016,-5.803571428571419,-0.7440476190476164,3.3482142857143016,-5.877976190476186,4.389880952380953,7.738095238095255,-5.877976190476186,-5.0,3,-5.0,3,-0.7440476190476164,5,-5.0,3
sz002020,2025-08-12,first_probe,1,6.19195046439629,19.39002596740305,0.5249999999999995,0.46830116909156966,75.00840512647822,0.8072653884964698,2.472250252270425,-1.5640766902119019,-0.6054490413723523,2.6236125126135157,-1.5640766902119019,0.20181634712410634,2.6236125126135157,-1.5640766902119019,-3.9354187689202846,2.6236125126135157,-4.439959636730572,3.027245206861773,4.64177598385469,-5.953582240161448,-3.9354187689202846,5,-3.9354187689202846,5,-3.9354187689202846,5,-3.9354187689202846,5
sz002021,2024-12-13,first_probe,1,5.642633228840133,17.291920397443324,0.5000000000000012,0.3543534199704536,77.50987014215205,-4.61538461538461,0.0,-5.230769230769228,-9.23076923076922,0.0,-9.53846153846154,-10.153846153846157,0.0,-11.076923076923073,-8.615384615384613,0.0,-12.615384615384617,-19.07692307692308,0.0,-22.769230769230774,-5.0,1,-5.0,1,-8.0,2,-5.0,1
sz002023,2025-07-23,first_probe,1,8.768656716417912,22.240404081779968,0.5106382978723412,0.8132069291130521,82.16889505562025,-0.3568242640499597,0.6244424620874156,-1.2488849241748534,-1.2488849241748534,0.6244424620874156,-1.5165031222123204,-0.8920606601249048,0.6244424620874156,-1.5165031222123204,-0.9812667261373864,0.6244424620874156,-2.4977698483496957,1.9625334522747506,2.140945584299714,-3.5682426404995526,-0.9812667261373864,5,-0.9812667261373864,5,-0.9812667261373864,5,-0.9812667261373864,5
sz002026,2025-04-02,first_probe,1,5.457746478873249,15.768213421690383,0.45161290322580755,0.5790902902740139,78.11000203976417,-2.260869565217394,2.521739130434786,-2.869565217391301,-12.00000000000001,2.521739130434786,-12.00000000000001,-19.130434782608685,2.521739130434786,-20.782608695652183,-15.826086956521745,2.521739130434786,-26.956521739130434,-14.43478260869565,2.521739130434786,-26.956521739130434,-5.0,2,-5.0,2,-8.0,2,-5.0,2
sz002029,2024-10-25,first_probe,1,6.0655737704917945,33.746848304151726,0.513513513513512,0.513252327721946,77.49451958752022,0.16366612111291534,0.49099836333876823,-1.9639934533551617,-2.127659574468088,1.4729950900163713,-2.2913256955810257,-2.127659574468088,1.4729950900163713,-3.109656301145669,-3.764320785597386,1.4729950900163713,-4.418985270049102,1.8003273322422242,4.909983633387882,-4.418985270049102,-3.764320785597386,5,-3.764320785597386,5,-3.764320785597386,5,-3.764320785597386,5
sz002029,2024-11-26,retest_probe,2,5.520504731861209,13.916763553141722,0.5714285714285711,0.36563977719021007,72.92301366602312,0.9374999999999911,0.9374999999999911,-1.7187500000000022,1.5625,3.5937499999999956,-1.7187500000000022,11.71875,11.71875,-1.7187500000000022,27.031249999999996,35.31249999999999,-1.7187500000000022,11.562499999999986,35.31249999999999,-1.7187500000000022,5.0,3,8.0,3,8.0,3,10.0,3
sz002029,2025-09-23,retest_probe,3,11.564625850340127,18.078398149588143,0.5529411764705872,0.4610970162844141,83.03150838997747,8.695652173913038,8.695652173913038,0.0,19.565217391304344,19.565217391304344,0.0,7.672634271099743,27.877237851662407,0.0,2.6854219948849067,27.877237851662407,-0.12787723785167016,14.32225063938617,27.877237851662407,-0.12787723785167016,5.0,1,8.0,1,8.0,1,10.0,2
sz002029,2025-10-22,retest_probe,4,5.427974947807934,19.28071267788028,0.9230769230769247,0.26215739823185114,74.54431054640204,0.6458557588805203,6.889128094725527,-2.906350914962319,-1.7222820236813652,6.889128094725527,-2.906350914962319,-3.7674919268030127,6.889128094725527,-4.628632938643696,-3.7674919268030127,6.889128094725527,-6.99677072120558,-0.8611410118406715,6.889128094725527,-6.99677072120558,5.0,1,-5.0,4,-3.7674919268030127,5,-5.0,4
sz002031,2024-09-12,first_probe,1,8.69565217391306,37.43402969360206,0.6499999999999989,0.5269930290067875,87.68834563698482,0.0,2.553191489361706,-1.276595744680864,10.212765957446802,10.212765957446802,-1.276595744680864,10.63829787234043,13.617021276595743,-1.276595744680864,16.595744680851077,21.27659574468086,-1.276595744680864,33.19148936170211,34.04255319148935,-1.276595744680864,5.0,2,8.0,2,8.0,2,10.0,2
sz002031,2024-12-09,retest_probe,2,6.515151515151518,20.271711287675586,1.0697674418604635,0.3343497170037308,77.00030402791933,10.889570552147255,10.889570552147255,-7.668711656441718,16.104294478527613,21.932515337423332,-7.668711656441718,27.760736196319023,27.760736196319023,-7.668711656441718,3.527607361963203,30.368098159509206,-7.668711656441718,-16.41104294478527,30.368098159509206,-16.71779141104295,-5.0,1,-5.0,1,8.0,1,-5.0,1
sz002033,2025-02-10,first_probe,1,8.215962441314574,19.60112788271732,0.45714285714285685,0.26453032167623497,74.82710709876962,-0.454545454545463,0.5681818181818121,-1.363636363636378,-0.909090909090915,0.5681818181818121,-1.5909090909090984,-0.7954545454545436,0.5681818181818121,-1.5909090909090984,-1.7045454545454586,0.5681818181818121,-2.272727272727282,-1.7045454545454586,0.5681818181818121,-3.9772727272727404,-1.7045454545454586,5,-1.7045454545454586,5,-1.7045454545454586,5,-1.7045454545454586,5
sz002038,2025-04-18,first_probe,1,6.279434850863419,34.626066109724185,0.7249999999999989,0.3341640220735394,81.39689374239306,0.9316770186335255,1.552795031055898,-1.0869565217391353,4.192546583850931,4.813664596273282,-1.0869565217391353,2.4844720496894235,4.813664596273282,-1.0869565217391353,2.1739130434782483,4.813664596273282,-1.0869565217391353,1.8633540372670732,4.813664596273282,-1.0869565217391353,2.1739130434782483,5,2.1739130434782483,5,2.1739130434782483,5,2.1739130434782483,5
sz002038,2025-07-18,retest_probe,2,7.008760951188986,18.62732874937584,0.8749999999999996,0.8012981887478411,83.5832284296785,2.130325814536338,3.7593984962405846,-0.7518796992481258,0.3759398496240518,3.7593984962405846,-0.7518796992481258,-0.7518796992481258,3.7593984962405846,-1.0025062656641603,-0.12531328320802837,3.7593984962405846,-1.0025062656641603,4.5112781954887105,9.523809523809511,-1.0025062656641603,-0.12531328320802837,5,-0.12531328320802837,5,-0.12531328320802837,5,-0.12531328320802837,5
sz002046,2024-12-03,first_probe,1,6.205923836389293,16.50151254274433,0.6022727272727281,0.3044071711592907,73.52028956978972,-1.8531228551818768,4.5298558682223655,-2.6080988332189525,7.96156485929993,7.96156485929993,-3.157172271791353,13.726835964310236,18.737131091283455,-3.157172271791353,4.598490048043935,18.737131091283455,-3.157172271791353,-4.11805078929307,18.737131091283455,-4.873026767330135,5.0,2,8.0,3,8.0,3,10.0,3
sz002051,2024-11-15,first_probe,1,8.51063829787233,16.06607097347219,0.7763157894736843,0.3000241804415593,79.62564232225819,-6.293706293706281,0.0,-8.391608391608385,-12.487512487512486,0.0,-14.785214785214794,-12.187812187812197,0.0,-14.785214785214794,-10.78921078921079,0.0,-14.785214785214794,-10.589410589410598,0.0,-18.581418581418575,-5.0,1,-5.0,1,-8.0,1,-5.0,1
sz002052,2024-09-06,first_probe,1,10.232558139534898,75.52032478624373,0.9545454545454536,0.8636434151925718,93.34436684818641,0.0,0.4878048780487809,0.0,-4.8780487804877986,0.4878048780487809,-4.8780487804877986,-9.756097560975597,0.4878048780487809,-9.756097560975597,-10.731707317073159,0.4878048780487809,-14.146341463414625,-8.780487804878035,0.4878048780487809,-16.58536585365853,-5.0,3,-5.0,3,-8.0,3,-5.0,3
sz002052,2024-11-13,retest_probe,2,5.52631578947369,23.493301899057375,0.9523809523809512,0.9276505821912944,77.24535798750365,2.894736842105261,5.000000000000004,0.0,0.263157894736854,5.000000000000004,0.0,2.1052631578947434,5.000000000000004,-2.1052631578947323,12.368421052631561,12.368421052631561,-2.1052631578947323,39.47368421052633,39.47368421052633,-2.1052631578947323,5.0,1,8.0,5,8.0,5,10.0,5
sz002052,2024-12-31,retest_probe,3,7.615894039735105,50.52771172400756,0.6086956521739136,0.9385905450119472,89.05293999261508,-0.8389261744966459,3.0201342281879207,-0.8389261744966459,4.194630872483218,4.194630872483218,-0.8389261744966459,9.060402684563762,9.395973154362402,-0.8389261744966459,7.718120805369133,9.899328859060397,-0.8389261744966459,11.073825503355717,18.62416107382552,-0.8389261744966459,5.0,3,8.0,3,8.0,3,7.718120805369133,5
sz002052,2025-05-09,retest_probe,4,5.075593952483803,15.273536371545525,0.5106382978723402,0.7688121344803812,73.3850168692454,-0.10405827263266776,1.3527575442247697,-2.809573361082207,-1.2486992715920797,1.3527575442247697,-3.6420395421435936,-6.139438085327786,1.3527575442247697,-6.139438085327786,-5.306971904266389,1.3527575442247697,-6.347554630593121,3.017689906347565,11.134235171696162,-6.347554630593121,-5.0,3,-5.0,3,-5.306971904266389,5,-5.0,3
sz002054,2024-11-27,first_probe,1,9.457579972183595,21.41242989516988,1.4558823529411773,0.40430253534250293,83.60151215464494,-3.3033033033032955,7.957957957957951,-4.054054054054057,-6.45645645645645,7.957957957957951,-10.06006006006006,-5.405405405405405,7.957957957957951,-10.06006006006006,-7.657657657657657,7.957957957957951,-10.06006006006006,5.705705705705699,12.462462462462454,-10.06006006006006,5.0,1,-5.0,2,-8.0,2,-5.0,2
sz002054,2024-12-12,retest_probe,2,9.024745269286761,22.11702360815949,0.693548387096775,0.40571631600723057,82.90792414891298,-3.453237410071941,1.0071942446043147,-3.453237410071941,-4.172661870503602,1.0071942446043147,-4.604316546762599,-8.345323741007194,1.0071942446043147,-8.63309352517987,-8.345323741007194,1.0071942446043147,-10.07194244604317,-15.971223021582738,1.0071942446043147,-17.122302158273385,-5.0,3,-5.0,3,-8.0,3,-5.0,3
sz002054,2025-05-30,retest_probe,3,6.574923547400613,38.3934054803505,0.767441860465117,0.2861601833231465,82.5684204569812,3.549382716049365,4.7839506172839386,-0.462962962962965,4.166666666666652,4.7839506172839386,-0.462962962962965,3.549382716049365,5.246913580246915,-0.462962962962965,5.709876543209869,5.709876543209869,-0.462962962962965,2.777777777777768,7.870370370370372,-0.462962962962965,5.0,3,5.709876543209869,5,5.709876543209869,5,5.709876543209869,5
sz002055,2024-12-30,first_probe,1,10.013003901170347,70.57318470121578,0.5974025974025982,0.5589122227285374,89.13033786071226,-2.7027027027027084,2.43243243243243,-2.7027027027027084,-12.297297297297295,2.43243243243243,-12.432432432432428,-20.270270270270274,2.43243243243243,-20.675675675675677,-18.108108108108112,2.43243243243243,-25.945945945945947,-19.189189189189182,2.43243243243243,-28.37837837837839,-5.0,2,-5.0,2,-8.0,2,-5.0,2
sz002058,2025-04-08,first_probe,1,6.107660455486541,24.797208264767214,1.0,0.37666206645360023,78.236280799035,2.857142857142847,4.615384615384621,-4.505494505494512,5.604395604395607,7.912087912087928,-4.505494505494512,4.505494505494512,8.241758241758234,-4.505494505494512,12.307692307692308,21.31868131868131,-4.505494505494512,2.0879120879120805,21.31868131868131,-4.505494505494512,5.0,2,8.0,3,8.0,3,10.0,4
sz002060,2025-09-17,first_probe,1,9.711286089238836,15.851762805175102,0.6756756756756751,0.8189837114820336,86.54178290999063,-2.3017902813299296,0.5115089514066584,-3.069053708439895,-4.347826086956519,0.5115089514066584,-5.115089514066495,-3.3248081841432353,0.5115089514066584,-6.1381074168798015,9.718670076726333,17.13554987212276,-6.1381074168798015,-1.0230179028132946,17.13554987212276,-6.1381074168798015,-5.0,2,-5.0,2,8.0,5,-5.0,2
sz002064,2025-06-10,first_probe,1,5.441176470588238,27.993821225587425,0.513513513513512,0.8666849946155236,79.26882963099348,-0.29112081513829047,1.455604075691408,-0.727802037845704,-0.8733624454148492,1.455604075691408,-1.6011644832605532,-2.4745269286754024,1.455604075691408,-2.765647743813693,-2.4745269286754024,1.455604075691408,-3.493449781659397,-3.784570596797665,1.455604075691408,-6.6957787481804925,-2.4745269286754024,5,-2.4745269286754024,5,-2.4745269286754024,5,-2.4745269286754024,5
sz002067,2024-12-03,first_probe,1,7.512953367875652,24.550163273845143,0.724137931034483,0.26915367036718607,83.31742564427634,-0.5167958656330796,2.5839793281653867,-2.067183462532296,1.033591731266159,2.5839793281653867,-2.067183462532296,3.3591731266149782,4.134366925064592,-2.067183462532296,-1.033591731266148,4.909560723514206,-2.067183462532296,-2.3255813953488413,7.235142118863047,-3.100775193798455,-1.033591731266148,5,-1.033591731266148,5,-1.033591731266148,5,-1.033591731266148,5
sz002067,2025-04-01,retest_probe,2,5.141388174807182,20.65146604541889,0.5500000000000002,0.2664672992793402,77.06121246645232,-1.285347043701801,0.25706940874035134,-1.799485861182526,-2.313624678663251,0.25706940874035134,-3.084832904884316,-12.082262210796923,0.25706940874035134,-12.082262210796923,-12.339331619537274,0.25706940874035134,-20.565552699228796,-11.568123393316199,0.25706940874035134,-20.565552699228796,-5.0,3,-5.0,3,-8.0,3,-5.0,3
sz002067,2025-07-04,retest_probe,3,4.797979797979801,22.133119774923742,1.0,0.6271095887214256,83.3727166906187,1.0178117048346147,2.5445292620865256,-0.5089058524173073,1.0178117048346147,2.5445292620865256,-0.5089058524173073,4.071246819338414,11.19592875318065,-0.5089058524173073,1.2722646310432628,11.19592875318065,-0.5089058524173073,3.8167938931297662,11.19592875318065,-0.5089058524173073,5.0,3,8.0,3,8.0,3,10.0,3
sz002067,2025-11-27,retest_probe,4,5.5755395683453335,18.259437364967592,0.5806451612903207,0.8251865100277529,81.82700637561967,-0.17921146953404632,0.7168458781362075,-1.971326164874554,1.2544802867383575,2.3297491039426577,-1.971326164874554,1.2544802867383575,2.508960573476693,-1.971326164874554,-0.5376344086021501,2.508960573476693,-3.046594982078854,-5.55555555555557,2.508960573476693,-5.55555555555557,-0.5376344086021501,5,-0.5376344086021501,5,-0.5376344086021501,5,-0.5376344086021501,5
sz002072,2025-09-08,first_probe,1,6.727037516170764,18.123195713483415,0.5192307692307688,1.1275161180652729,78.96429727723867,-0.8883248730964466,0.2538071065989911,-3.934010152284262,2.15736040609138,2.538071065989844,-3.934010152284262,1.2690355329949332,2.7918781725888353,-3.934010152284262,8.502538071066002,10.152284263959398,-3.934010152284262,-1.9035532994923776,10.279187817258872,-4.314720812182737,5.0,5,8.0,5,8.0,5,10.0,5
sz002076,2025-01-20,first_probe,1,5.519480519480524,14.855115070329449,0.4117647058823522,0.5433103682222168,75.92064193220833,0.31347962382446415,4.702194357366762,-1.5673981191222541,5.0156739811912265,9.090909090909083,-3.4482758620689613,10.03134796238243,14.420062695924774,-3.4482758620689613,-1.2539184952978122,14.420062695924774,-3.4482758620689613,5.642633228840133,14.420062695924774,-3.4482758620689613,5.0,2,8.0,2,8.0,2,10.0,3
sz002077,2025-09-01,first_probe,1,5.868118572292791,13.52830806874169,0.8350515463917523,0.656037655924579,77.35300440497377,1.7283950617283939,5.802469135802468,-0.12345679012345512,4.629629629629628,11.111111111111116,-2.654320987654324,-3.765432098765431,11.111111111111116,-5.802469135802468,3.1481481481481666,11.111111111111116,-6.666666666666665,7.716049382716039,14.197530864197528,-6.666666666666665,5.0,1,8.0,2,8.0,2,10.0,2
sz002077,2025-10-16,retest_probe,2,5.173463177115045,16.394946142228353,0.6941176470588222,0.49323408326259005,79.47777127324305,2.261613691931541,5.440097799511001,0.0,3.606356968215163,5.440097799511001,0.0,5.134474327628369,5.745721271393656,0.0,2.1393643031784926,6.662591687041575,0.0,2.750611246943757,6.662591687041575,-0.672371638141811,5.0,1,2.1393643031784926,5,2.1393643031784926,5,2.1393643031784926,5
sz002079,2025-03-18,first_probe,1,7.0754716981132,25.042339121892354,0.6533333333333337,0.3948186427216607,83.68145615677763,-0.8379888268156388,0.9310986964618184,-1.2104283054003795,-1.862197392923659,0.9310986964618184,-1.9553072625698387,-4.3761638733705865,0.9310986964618184,-4.469273743016766,-5.865921787709505,0.9310986964618184,-8.100558659217882,-6.797020484171323,0.9310986964618184,-8.752327746741152,-5.0,4,-5.0,4,-8.0,4,-5.0,4
sz002083,2025-06-11,first_probe,1,5.544147843942504,27.227737728308554,0.7407407407407393,0.2586515777519699,78.19706301568588,-1.6260162601625994,0.40650406504065817,-2.0325203252032464,-3.861788617886164,0.40650406504065817,-3.861788617886164,-3.455284552845528,0.40650406504065817,-4.268292682926833,-5.081300813008127,0.40650406504065817,-5.487804878048774,-2.0325203252032464,0.40650406504065817,-7.520325203252032,-5.0,5,-5.0,5,-5.081300813008127,5,-5.0,5
sz002084,2025-01-09,first_probe,1,6.10169491525423,16.84309676798287,0.7222222222222228,0.6164923551353296,82.42156957319568,-5.723905723905731,1.0101010101009944,-5.723905723905731,-5.050505050505061,1.0101010101009944,-10.437710437710434,-1.3468013468013518,1.0101010101009944,-10.437710437710434,-1.0101010101010166,1.0101010101009944,-10.437710437710434,-6.060606060606066,1.3468013468013407,-10.437710437710434,-5.0,1,-5.0,1,-8.0,2,-5.0,1
sz002085,2024-11-22,first_probe,1,5.408112168252388,18.0206476265882,1.1388888888888873,0.3112983936068266,74.70236746760033,-1.6580310880829008,0.5181347150258864,-4.611398963730573,-5.544041450777204,0.5181347150258864,-6.062176165803113,-0.5699481865284906,0.7772020725388629,-6.891191709844568,2.3316062176165664,6.06217616580309,-6.891191709844568,-1.1398963730570033,6.06217616580309,-6.891191709844568,-5.0,2,-5.0,2,2.3316062176165664,5,-5.0,2
sz002086,2025-08-15,first_probe,1,6.028368794326244,31.716392896231085,0.4117647058823537,0.9351086769488801,84.06186116223418,1.3745704467353903,2.0618556701030855,-0.3436426116838587,0.3436426116838476,2.0618556701030855,-0.3436426116838587,1.0309278350515427,2.749140893470803,-0.3436426116838587,-1.3745704467354014,2.749140893470803,-2.0618556701030966,-4.123711340206193,2.749140893470803,-7.9037800687285165,-1.3745704467354014,5,-1.3745704467354014,5,-1.3745704467354014,5,-1.3745704467354014,5
sz002093,2025-06-03,first_probe,1,4.726598702502338,20.833508858422366,0.6274509803921555,0.34418858882349235,76.27003734327815,0.273972602739736,0.7305936073059405,-0.8219178082191747,1.552511415525104,1.82648401826484,-0.8219178082191747,5.388127853881275,7.9452054794520555,-0.8219178082191747,5.388127853881275,10.319634703196346,-0.8219178082191747,5.662100456621011,14.611872146118742,-0.8219178082191747,5.0,3,8.0,4,8.0,4,10.0,4
sz002093,2025-11-28,retest_probe,2,4.89174017642342,13.91534935498533,0.45901639344262235,0.6356185288433991,73.20708659987893,0.7131537242472286,2.2187004754358197,-2.0602218700475405,0.8716323296355188,3.645007923930277,-2.0602218700475405,-2.1394611727416746,3.645007923930277,-2.5356576862123448,3.803486529318545,3.803486529318545,-6.101426307448488,-1.9809825673534065,13.391442155309052,-6.101426307448488,-5.0,4,-5.0,4,3.803486529318545,5,-5.0,4
sz002095,2025-06-10,first_probe,1,8.094519859225734,15.45090874247031,0.7950310559006221,0.5799379289069745,84.49143437712033,1.74563591022443,4.688279301745624,-1.2468827930174564,0.3491271820448949,4.688279301745624,-1.2468827930174564,-3.6408977556109723,4.688279301745624,-3.990024937655867,-0.6483790523690747,4.688279301745624,-4.788029925187032,-1.5461346633416584,4.688279301745624,-8.728179551122196,-0.6483790523690747,5,-0.6483790523690747,5,-0.6483790523690747,5,-0.6483790523690747,5
sz002098,2025-07-15,first_probe,1,8.110992529348993,15.633389505084814,0.4210526315789469,0.37682176877679924,74.77265485677212,4.356846473029052,6.327800829875518,0.0,8.506224066390033,14.834024896265552,0.0,6.846473029045641,14.834024896265552,0.0,3.6307053941908585,14.834024896265552,0.0,-0.10373443983402453,14.834024896265552,-2.178423236514526,5.0,1,8.0,2,8.0,2,10.0,2
sz002099,2025-05-28,first_probe,1,6.18238021638331,16.403652176264913,1.1249999999999996,0.35849847497945986,77.75933237903565,-1.0937500000000044,2.1874999999999867,-1.7187500000000022,-0.9375000000000022,3.4375000000000044,-1.7187500000000022,-0.6249999999999978,3.4375000000000044,-3.5937500000000067,-7.656249999999998,3.4375000000000044,-9.218750000000009,-7.03125,3.4375000000000044,-9.218750000000009,-5.0,5,-5.0,5,-8.0,5,-5.0,5
sz002102,2025-07-03,first_probe,1,5.865921787709505,25.691121037492593,0.8571428571428581,0.2996156286489435,78.82501863076283,1.1111111111111072,2.77777777777779,-0.2777777777777879,1.9444444444444375,3.6111111111110983,-0.2777777777777879,4.166666666666674,5.833333333333335,-0.2777777777777879,6.388888888888888,8.333333333333325,-0.2777777777777879,14.166666666666682,15.833333333333321,-0.2777777777777879,5.0,3,8.0,4,8.0,4,6.388888888888888,5
sz002103,2025-07-01,first_probe,1,5.240549828178698,32.45134855059362,1.2622950819672136,0.25271027514345457,77.51844392687096,-4.148278905560465,1.3239187996469504,-4.148278905560465,-4.236540158870261,1.3239187996469504,-5.030891438658436,-5.295675198587812,1.3239187996469504,-5.913503971756395,-4.677846425419229,1.3239187996469504,-6.354810238305387,-7.502206531332744,1.3239187996469504,-8.73786407766991,-5.0,2,-5.0,2,-4.677846425419229,5,-5.0,2
sz002105,2025-04-30,first_probe,1,4.8128342245989275,21.55540803115792,0.9166666666666683,0.4678751955211985,77.0533210399164,0.12836970474967568,3.7227214377406836,-0.6418485237483895,0.12836970474967568,3.7227214377406836,-1.2836970474967901,2.310654685494229,7.830551989730439,-1.2836970474967901,0.25673940949935137,7.830551989730439,-2.9525032092426295,18.48523748395379,18.48523748395379,-3.0808729139923052,5.0,3,0.25673940949935137,5,0.25673940949935137,5,0.25673940949935137,5
sz002114,2025-08-25,first_probe,1,6.38852672750978,14.467867830669372,0.7346938775510208,0.6429229278084567,79.9961862547111,2.08604954367666,2.7379400260756137,-0.521512385919165,-1.5645371577574951,2.7379400260756137,-1.5645371577574951,-1.9556714471968717,2.8683181225554133,-5.475880052151238,0.7822685788787531,2.8683181225554133,-5.475880052151238,1.4341590612777066,5.084745762711873,-5.475880052151238,-5.0,3,-5.0,3,0.7822685788787531,5,-5.0,3
sz002115,2025-11-14,first_probe,1,5.370219690805533,15.025299782458312,0.7727272727272723,0.8688072740520493,82.31331700788611,1.4096185737976885,2.985074626865658,-1.3266998341625258,-2.9021558872305064,2.985074626865658,-4.726368159203986,-9.03814262023217,2.985074626865658,-9.03814262023217,-17.081260364842453,2.985074626865658,-17.24709784411277,-10.696517412935336,2.985074626865658,-17.24709784411277,-5.0,3,-5.0,3,-8.0,3,-5.0,3
sz002116,2025-03-25,first_probe,1,4.780487804878053,64.07340037710394,0.6122448979591849,0.32258595998926237,76.66151828775848,0.9699321047526688,1.6488845780795236,-0.5819592628516057,-0.9699321047526688,1.6488845780795236,-1.1639185257032114,-2.3278370514064006,1.6488845780795236,-2.715809893307475,-1.5518913676042745,1.6488845780795236,-4.3646944713870095,-5.52861299709021,1.6488845780795236,-12.900096993210475,-1.5518913676042745,5,-1.5518913676042745,5,-1.5518913676042745,5,-1.5518913676042745,5
sz002117,2025-06-24,first_probe,1,5.498281786941561,14.028928585832615,0.6875000000000006,0.27286893145346,77.24998092339848,1.0265183917878673,1.4542343883661157,-0.6843455945252375,2.224123182207016,3.1650983746792205,-0.6843455945252375,0.2566295979469668,3.4217279726261873,-0.6843455945252375,-0.6843455945252375,3.4217279726261873,-1.197604790419149,-0.7698887938408894,3.4217279726261873,-3.9349871685200988,-0.6843455945252375,5,-0.6843455945252375,5,-0.6843455945252375,5,-0.6843455945252375,5
sz002126,2025-05-21,first_probe,1,8.11220621683093,16.916193872104603,0.39719626168224187,0.5028006274207271,78.76816267403687,-2.0825721592985014,0.5115089514066584,-2.59408111070516,-4.165144318597003,0.5115089514066584,-4.274753379612717,-5.407380343441726,0.5115089514066584,-6.540007307270745,-8.293752283522105,0.5115089514066584,-8.659115820241148,-5.772743880160769,0.5115089514066584,-10.48593350383632,-5.0,3,-5.0,3,-8.0,4,-5.0,3
sz002129,2024-10-29,first_probe,1,6.550907655880023,31.457184697402234,1.7108433734939756,0.37173405018916256,81.09598156727316,5.090595340811044,8.283002588438325,-1.5530629853321765,9.318377911993103,12.165660051768779,-1.5530629853321765,1.725625539257969,12.165660051768779,-1.5530629853321765,0.9490940465918918,12.165660051768779,-1.5530629853321765,4.227782571182059,12.165660051768779,-4.745470232959459,5.0,1,8.0,1,8.0,1,10.0,2
sz002131,2025-05-28,first_probe,1,5.555555555555558,39.738883964241786,0.3999999999999987,0.3617645749084364,75.49856804811145,1.9073569482289,2.9972752043596618,-1.0899182561307952,-1.3623978201634857,2.9972752043596618,-1.6348773841961872,-1.6348773841961872,2.9972752043596618,-2.997275204359673,0.0,2.9972752043596618,-2.997275204359673,-2.4523160762942697,2.9972752043596618,-3.8147138964577665,0.0,5,0.0,5,0.0,5,0.0,5
sz002131,2025-08-11,retest_probe,2,4.797979797979801,20.929825752126636,0.6842105263157922,0.564200580020312,80.73233290858781,-0.9975062344139585,0.9975062344139696,-1.4962593516209433,1.2468827930174564,4.239401496259343,-1.4962593516209433,-0.4987531172069737,4.239401496259343,-1.995012468827917,10.723192019950133,10.723192019950133,-1.995012468827917,20.448877805486298,33.915211970074836,-1.995012468827917,5.0,5,8.0,5,8.0,5,10.0,5
sz002134,2025-03-05,first_probe,1,6.269453090262345,20.266677835953352,0.6808510638297852,0.48373693795116324,78.90572508729863,4.05582206716093,5.538595726122986,0.0,1.8316615787178359,5.931094635848222,0.0,-1.003052769297863,5.931094635848222,-2.093327518534671,-1.2647187091146983,5.931094635848222,-2.703881378107287,-4.579153946794601,5.931094635848222,-7.021369385085041,5.0,1,-1.2647187091146983,5,-1.2647187091146983,5,-1.2647187091146983,5
sz002136,2024-11-21,first_probe,1,6.04651162790697,30.474744701474943,0.7230769230769236,0.45578653379405115,82.77303394654444,-4.292237442922364,2.4657534246575574,-4.383561643835609,-0.8219178082191747,2.4657534246575574,-4.383561643835609,-1.4611872146118698,2.4657534246575574,-4.383561643835609,-0.09132420091324533,2.4657534246575574,-5.936073059360714,0.09132420091324533,4.383561643835621,-5.936073059360714,-5.0,4,-5.0,4,-0.09132420091324533,5,-5.0,4
sz002139,2025-08-27,first_probe,1,4.796320630748996,19.124481927760055,1.1095890410958906,0.2990478328242162,74.8514838852284,1.320132013201314,2.310231023102305,-1.9141914191419196,0.3300330033003229,2.310231023102305,-1.9141914191419196,-1.5181518151815232,2.310231023102305,-1.9141914191419196,-5.478547854785476,2.310231023102305,-6.204620462046206,-4.488448844884485,2.310231023102305,-8.184818481848188,-5.0,4,-5.0,4,-5.478547854785476,5,-5.0,4
sz002141,2024-09-10,first_probe,1,5.594405594405605,31.637943521075393,1.7499999999999973,0.9962109724854978,86.41973504134418,0.0,1.538461538461533,0.0,-1.538461538461544,1.538461538461533,-3.8461538461538547,-3.076923076923077,1.538461538461533,-4.615384615384621,-2.3076923076923106,1.538461538461533,-6.923076923076932,-7.692307692307699,1.538461538461533,-12.307692307692319,-5.0,4,-5.0,4,-2.3076923076923106,5,-5.0,4
sz002144,2025-02-07,first_probe,1,8.365758754863828,20.916790572491966,0.8023255813953492,0.2730735053129002,79.97146570501744,-0.5719733079122991,0.5719733079122991,-1.8112488083889322,-0.19065776930409228,0.5719733079122991,-2.2878932316491962,-0.19065776930409228,0.5719733079122991,-2.2878932316491962,-2.192564346997139,0.5719733079122991,-3.24118207816968,-1.62059103908484,0.5719733079122991,-3.24118207816968,-2.192564346997139,5,-2.192564346997139,5,-2.192564346997139,5,-2.192564346997139,5
sz002146,2024-11-01,first_probe,1,8.426966292134818,18.874602929901044,0.733333333333333,0.273605211140857,78.01495964223597,-4.7872340425531785,0.5319148936170137,-9.57446808510638,4.78723404255319,4.78723404255319,-9.57446808510638,15.42553191489362,15.42553191489362,-9.57446808510638,29.255319148936177,39.893617021276604,-9.57446808510638,5.85106382978724,42.02127659574468,-9.57446808510638,-5.0,1,-5.0,1,-8.0,1,-5.0,1
sz002149,2025-01-13,first_probe,1,5.132543711223914,18.35583394470884,0.8351648351648367,0.39431092407700796,73.6309504494689,4.359977641140311,5.086640581330348,-1.732811626607056,2.1799888205701556,8.328675237562866,-1.732811626607056,1.1179429849077716,8.328675237562866,-1.732811626607056,2.235885969815521,8.328675237562866,-1.732811626607056,-4.974846282839573,8.328675237562866,-4.974846282839573,5.0,1,8.0,2,8.0,2,2.235885969815521,5
sz002153,2025-11-19,first_probe,1,7.533632286995506,16.46848650685119,0.8809523809523814,0.5043131826231741,82.31141578265772,-4.367201426024958,0.17825311942958333,-6.327985739750453,-7.3083778966131945,0.17825311942958333,-9.35828877005348,1.9607843137254832,1.9607843137254832,-9.35828877005348,20.58823529411764,20.58823529411764,-9.35828877005348,-1.782531194295911,20.58823529411764,-9.35828877005348,-5.0,1,-5.0,1,-8.0,2,-5.0,1
sz002154,2025-11-14,first_probe,1,5.660377358490565,22.003664536583255,1.0,0.28991306751966883,81.31709271638266,0.0,0.9302325581395321,-1.1627906976744096,2.55813953488373,4.651162790697683,-2.3255813953488302,0.23255813953488857,4.651162790697683,-2.3255813953488302,-6.744186046511624,4.651162790697683,-6.976744186046513,-4.418604651162783,4.651162790697683,-8.139534883720923,-5.0,5,-5.0,5,-6.744186046511624,5,-5.0,5
sz002156,2025-04-07,first_probe,1,4.872969596001653,22.89147041987576,1.1025641025641035,0.622681491087618,75.80139181027137,-3.269639065817409,2.3779193205944793,-6.157112526539277,-0.2972399150743099,2.3779193205944793,-8.704883227176218,2.123142250530785,4.458598726114649,-8.704883227176218,10.828025477707005,12.35668789808917,-8.704883227176218,8.87473460721868,12.35668789808917,-8.704883227176218,-5.0,1,-5.0,1,-8.0,2,-5.0,1
sz002156,2025-09-02,retest_probe,2,6.737275669314502,17.811137196282836,0.9344978165938871,0.32473267507025866,75.95561976288286,4.276024771453857,9.495723975228554,-1.946328516661744,-6.163373636095537,9.495723975228554,-6.163373636095537,-5.0132704217044965,9.495723975228554,-10.763786493659676,-7.962253022707156,9.495723975228554,-10.763786493659676,-1.327042170451187,9.495723975228554,-10.763786493659676,5.0,1,8.0,1,8.0,1,-5.0,2
sz002160,2025-03-28,first_probe,1,9.620253164556969,17.21151030789993,0.5000000000000012,0.6530735101369929,83.28221186825826,-2.2332506203474045,3.970223325062028,-3.7220843672456705,-2.7295285359801524,3.970223325062028,-3.7220843672456705,-1.985111662531014,3.970223325062028,-3.7220843672456705,-11.910669975186117,3.970223325062028,-11.910669975186117,-10.173697270471472,3.970223325062028,-25.0620347394541,-5.0,5,-5.0,5,-8.0,5,-5.0,5
sz002161,2025-06-13,first_probe,1,12.371134020618557,20.92338710029263,0.5595238095238093,0.4052586354568654,83.61727947998443,1.724137931034475,3.8793103448276023,-0.8620689655172376,-2.442528735632188,3.8793103448276023,-3.3045977011494143,-1.867816091954022,3.8793103448276023,-5.890804597701149,-10.344827586206895,3.8793103448276023,-10.488505747126432,-5.747126436781613,3.8793103448276023,-11.494252873563216,-5.0,3,-5.0,3,-8.0,5,-5.0,3
sz002162,2024-09-19,first_probe,1,5.351170568561869,20.139825181211563,0.6250000000000018,0.39139998536235,78.32599719463596,-2.950819672131144,0.3278688524590345,-3.60655737704918,-4.590163934426217,0.3278688524590345,-5.573770491803276,-2.2950819672131084,0.3278688524590345,-5.573770491803276,2.2950819672131306,2.2950819672131306,-5.573770491803276,9.836065573770503,26.885245901639365,-5.573770491803276,-5.0,2,-5.0,2,2.2950819672131306,5,-5.0,2
sz002162,2025-02-27,retest_probe,2,6.417112299465244,18.630664944066456,0.7916666666666672,0.4240256941766842,80.90858173228676,1.7857142857143016,6.3775510204081565,-5.612244897959173,5.612244897959173,11.734693877551017,-5.612244897959173,1.7857142857143016,11.734693877551017,-5.612244897959173,0.7653061224489832,11.734693877551017,-5.612244897959173,17.85714285714286,23.72448979591837,-5.612244897959173,-5.0,1,-5.0,1,8.0,2,-5.0,1
sz002162,2025-04-25,retest_probe,3,6.5693430656934115,18.225831569029744,0.8888888888888911,0.8139067787780822,87.08144015813417,-5.5555555555555465,0.24154589371983004,-5.5555555555555465,-5.797101449275354,0.24154589371983004,-6.763285024154586,-4.589371980676315,0.24154589371983004,-6.763285024154586,0.9661835748792313,6.038647342995174,-6.763285024154586,2.1739130434782705,6.038647342995174,-6.763285024154586,-5.0,1,-5.0,1,0.9661835748792313,5,-5.0,1
sz002162,2025-11-26,retest_probe,4,10.169491525423746,46.1952418955536,0.7708333333333329,0.521871196263931,88.75709136935662,5.590062111801242,9.937888198757761,-1.242236024844734,4.347826086956519,9.937888198757761,-1.242236024844734,3.31262939958592,9.937888198757761,-1.242236024844734,7.660455486542439,12.62939958592133,-1.242236024844734,6.62525879917184,13.871635610766052,-1.242236024844734,5.0,1,8.0,1,8.0,1,10.0,5
sz002163,2025-05-09,first_probe,1,6.896551724137945,16.42745963378281,0.4500000000000012,0.8035779595504314,80.32608847101262,-1.3452914798206206,0.5605381165919354,-2.354260089686089,-3.4753363228699596,0.5605381165919354,-3.58744394618834,-3.363228699551579,0.5605381165919354,-5.044843049327341,-2.6905829596412634,0.5605381165919354,-5.044843049327341,-7.623318385650224,0.5605381165919354,-7.735426008968604,-5.0,3,-5.0,3,-2.6905829596412634,5,-5.0,3
sz002163,2025-10-20,retest_probe,2,6.007393715341958,15.771505197487263,0.8307692307692317,0.35500845561236444,77.22282608619011,2.4861878453038777,4.05156537753224,-3.038674033149169,-1.104972375690605,4.05156537753224,-3.038674033149169,-0.09208103130754486,4.05156537753224,-3.038674033149169,-3.3149171270718147,4.05156537753224,-3.4990791896869156,32.32044198895028,32.32044198895028,-3.4990791896869156,-3.3149171270718147,5,-3.3149171270718147,5,-3.3149171270718147,5,-3.3149171270718147,5
sz002164,2025-05-08,first_probe,1,4.95951417004048,14.406372906052189,1.3469387755102051,0.40707247354919707,76.13260483596495,8.307045215562582,12.302839116719234,-0.1051524710830698,13.564668769716093,16.824395373291278,-0.1051524710830698,4.416403785488954,16.824395373291278,-0.1051524710830698,4.206098843322814,16.824395373291278,-0.1051524710830698,-3.5751840168243953,16.824395373291278,-4.3112513144058955,5.0,1,8.0,1,8.0,1,10.0,1
sz002164,2025-09-10,retest_probe,2,6.32818248712288,15.551377841834997,0.6279069767441855,0.38201609476273224,72.1241089421307,0.5039596832253412,1.2958963282937441,-2.1598272138228958,-1.9438444924406162,1.2958963282937441,-2.1598272138228958,-2.1598272138228958,1.2958963282937441,-2.3758099352051865,5.327573794096474,7.77537796976242,-2.4478041756659463,14.326853851691856,16.48668106551474,-2.807775377969768,5.0,5,5.327573794096474,5,5.327573794096474,5,5.327573794096474,5
sz002165,2025-08-21,first_probe,1,5.452674897119336,13.588935137294207,0.7924528301886801,0.44702759474738435,79.86698334693267,-1.5544041450777257,0.0,-3.1088082901554515,-2.0725388601036343,0.0,-3.1088082901554515,-1.761658031088087,0.0,-3.5233160621761628,3.937823834196874,3.937823834196874,-6.3212435233160775,8.704663212435237,13.678756476683951,-6.3212435233160775,-5.0,4,-5.0,4,3.937823834196874,5,-5.0,4
sz002165,2025-11-17,retest_probe,2,4.966139954853288,26.42076614850344,0.5454545454545443,0.4819381645408595,80.38484463871143,-2.6726057906458767,0.33407572383072903,-4.008908685968837,-3.897550111358572,0.33407572383072903,-5.233853006681521,-5.902004454343002,0.33407572383072903,-6.347438752783963,-12.249443207126953,0.33407572383072903,-14.253897550111361,-9.576837416481077,0.33407572383072903,-14.253897550111361,-5.0,2,-5.0,2,-8.0,4,-5.0,2
sz002172,2024-10-30,first_probe,1,5.762711864406778,14.129309605873523,0.4117647058823548,0.5511760680485543,78.2148120252714,-0.6493506493506551,0.6493506493506551,-1.6233766233766267,-4.220779220779214,0.6493506493506551,-4.220779220779214,-3.57142857142857,0.6493506493506551,-4.545454545454552,3.8961038961039085,4.545454545454541,-4.545454545454552,6.493506493506485,15.909090909090896,-4.545454545454552,3.8961038961039085,5,3.8961038961039085,5,3.8961038961039085,5,3.8961038961039085,5
sz002172,2024-11-08,retest_probe,2,6.886227544910173,18.221595150635558,0.7391304347826084,0.33094337563857,81.09298153809445,-0.29940119760478723,1.7964071856287456,-2.6946107784431073,1.4970059880239583,5.688622754491024,-2.6946107784431073,-1.7964071856287456,5.688622754491024,-3.59281437125748,-7.18562874251496,5.688622754491024,-7.18562874251496,-5.688622754491012,5.688622754491024,-10.179640718562865,5.0,2,-5.0,5,-7.18562874251496,5,-5.0,5
sz002172,2025-02-28,retest_probe,3,10.000000000000009,31.066460295031156,0.7352941176470582,0.4007908717339282,85.39748771459116,2.2922636103151817,3.151862464183375,-0.5730659025787954,1.1461318051575908,3.151862464183375,-0.8595988538682042,-0.5730659025787954,3.151862464183375,-1.7191977077363862,-1.7191977077363862,3.151862464183375,-2.5787965616045905,16.045845272206293,18.911174785100293,-2.5787965616045905,-1.7191977077363862,5,-1.7191977077363862,5,-1.7191977077363862,5,-1.7191977077363862,5
sz002172,2025-03-11,retest_probe,4,8.611111111111104,22.688309244260545,0.580645161290323,0.3391470207163559,84.1704855728812,-1.5957446808510523,2.393617021276606,-4.255319148936165,1.5957446808510634,3.7234042553191626,-4.255319148936165,7.71276595744681,10.372340425531924,-4.255319148936165,1.0638297872340496,10.372340425531924,-4.255319148936165,-8.776595744680836,10.372340425531924,-10.372340425531911,5.0,3,8.0,3,8.0,3,10.0,3
sz002172,2025-06-11,retest_probe,5,8.478260869565224,39.64642246791108,1.1282051282051275,0.287597367717473,81.00096748608856,6.436781609195408,14.252873563218404,-1.3793103448275779,17.01149425287356,17.01149425287356,-1.3793103448275779,9.425287356321842,17.01149425287356,-1.3793103448275779,-3.9080459770114984,17.01149425287356,-4.597701149425271,-11.494252873563205,17.01149425287356,-14.712643678160909,5.0,1,8.0,1,8.0,1,10.0,1
sz002173,2024-10-14,first_probe,1,6.413994169096204,19.847660737894973,0.5227272727272723,0.5153356610550945,79.303202891209,1.1379800853485111,5.120910384068278,-0.9957325746799417,7.25462304409672,10.526315789473673,-0.9957325746799417,3.271692745376953,10.526315789473673,-0.9957325746799417,5.263157894736836,10.526315789473673,-0.9957325746799417,8.819345661450928,10.526315789473673,-0.9957325746799417,5.0,1,8.0,2,8.0,2,10.0,2
sz002173,2024-11-11,retest_probe,2,5.523255813953498,16.19655892724131,0.6842105263157902,0.32439977214225457,77.59294138288027,-2.822201317027284,5.362182502351831,-4.0451552210724495,-1.411100658513642,5.362182502351831,-6.773283160865484,-10.442144873000947,5.362182502351831,-10.630291627469434,-22.483537158984014,5.362182502351831,-23.047977422389476,-21.16650987770461,5.362182502351831,-24.835371589840083,5.0,1,-5.0,2,-8.0,3,-5.0,2
sz002173,2024-11-12,continuous_probe,3,8.317214700193421,15.85529817437663,1.011627906976744,0.2603107577271816,82.53907681523205,3.7623762376237657,6.435643564356441,-1.8811881188118718,-5.742574257425748,6.435643564356441,-5.940594059405935,-10.792079207920791,6.435643564356441,-11.188118811881175,-18.019801980198025,6.435643564356441,-20.891089108910887,-11.584158415841584,6.435643564356441,-20.891089108910887,5.0,1,-5.0,2,-8.0,3,-5.0,2
sz002173,2024-12-27,retest_probe,4,5.221339387060153,18.957245441215765,0.4130434782608693,0.39710352368311147,73.97903683752996,-5.119453924914663,0.34129692832765013,-6.598407281001117,-9.442548350398173,0.34129692832765013,-9.556313993174047,-8.646188850967008,0.34129692832765013,-11.49032992036404,-4.664391353811126,0.34129692832765013,-11.49032992036404,-4.664391353811126,4.095563139931757,-11.49032992036404,-5.0,1,-5.0,1,-8.0,2,-5.0,1
sz002173,2025-04-16,retest_probe,5,8.810068649885583,21.332215397946822,0.5194805194805202,0.3004237252562051,80.1029576030731,0.33821871476888976,3.6076662908681056,-0.4509582863585049,3.8331454340473803,6.764374295377684,-1.2401352874858995,4.284103720405863,6.764374295377684,-1.2401352874858995,2.367531003382206,6.764374295377684,-1.2401352874858995,3.269447576099216,6.764374295377684,-3.6076662908680834,5.0,2,2.367531003382206,5,2.367531003382206,5,2.367531003382206,5
sz002173,2025-04-18,continuous_probe,6,5.810055865921804,16.553418428044555,0.4999999999999983,0.5076398222382843,79.15545281859215,0.7625272331154731,1.7429193899782147,-2.505446623093688,-1.7429193899782147,1.7429193899782147,-2.505446623093688,-1.0893246187363759,1.7429193899782147,-2.505446623093688,-2.941176470588236,1.7429193899782147,-4.357298474945537,10.130718954248351,15.35947712418302,-6.862745098039202,-2.941176470588236,5,-2.941176470588236,5,-2.941176470588236,5,-2.941176470588236,5
sz002173,2025-05-21,retest_probe,7,7.614678899082561,44.63580639292545,1.4216867469879513,0.38183958937173873,83.29711923815955,0.0,4.937076476282676,-1.4520813165537327,-1.2584704743465736,4.937076476282676,-1.645692158760892,0.871248789932233,4.937076476282676,-3.0977734753146247,0.38722168441431837,4.937076476282676,-3.0977734753146247,10.26137463697967,23.620522749273952,-3.0977734753146247,0.38722168441431837,5,0.38722168441431837,5,0.38722168441431837,5,0.38722168441431837,5
sz002175,2024-10-10,first_probe,1,8.133971291866015,14.069458109978864,0.7058823529411747,0.6205527580060795,84.54205876021808,-5.188679245283034,0.0,-6.132075471698117,-3.301886792452846,0.0,-6.132075471698117,-4.245283018867941,0.0,-6.132075471698117,-3.301886792452846,0.0,-6.132075471698117,3.7735849056603765,4.716981132075482,-6.132075471698117,-5.0,1,-5.0,1,-3.301886792452846,5,-5.0,1
sz002175,2025-02-27,retest_probe,2,6.529209621993126,18.410148878329842,0.7105263157894751,0.33880404263712205,80.120157554158,-7.388316151202757,0.0,-8.247422680412376,-10.65292096219932,0.0,-13.230240549828187,-10.137457044673537,0.0,-13.230240549828187,-5.498281786941583,0.0,-13.230240549828187,-2.0618556701030966,5.670103092783507,-13.230240549828187,-5.0,1,-5.0,1,-8.0,1,-5.0,1
sz002179,2025-08-14,first_probe,1,6.813627254509025,18.446444085903458,0.72794117647059,0.3181370333706677,75.40121158626775,3.3225886436895724,4.09124721051326,-0.7686585668236878,3.520952144805367,4.711133151500113,-0.7686585668236878,2.0580213240763756,4.711133151500113,-0.7686585668236878,2.628316389784291,5.331019092486988,-0.7686585668236878,4.041656335234323,5.331019092486988,-0.7686585668236878,5.0,5,2.628316389784291,5,2.628316389784291,5,2.628316389784291,5
sz002181,2025-10-30,first_probe,1,5.241521068859201,13.61960836463366,1.2941176470588243,0.41507711115926055,78.2411074165354,7.88126919140224,7.88126919140224,-1.7400204708290734,18.62845445240533,18.62845445240533,-1.7400204708290734,30.50153531218014,30.50153531218014,-1.7400204708290734,21.187308085977484,43.193449334698066,-1.7400204708290734,0.8188331627430934,43.193449334698066,-1.7400204708290734,5.0,1,8.0,2,8.0,2,10.0,2
sz002186,2024-11-28,first_probe,1,5.595667870036092,18.92098231888156,0.6774193548387104,0.41892264408920926,75.73814495424746,2.63388937664617,4.477611940298498,-1.3169446883230962,12.906057945566275,12.906057945566275,-1.3169446883230962,10.35996488147497,21.861281826163292,-1.3169446883230962,7.550482879719045,21.861281826163292,-1.3169446883230962,23.353819139596133,27.216856892010522,-1.3169446883230962,5.0,2,8.0,2,8.0,2,10.0,2
sz002186,2025-08-19,retest_probe,2,5.0556983718937465,19.080292654563674,0.6610169491525435,0.2692222836652054,71.85312592209812,6.922435362802326,8.92410341951626,-1.5846538782318564,2.5020850708924014,8.92410341951626,-1.5846538782318564,4.170141784820691,8.92410341951626,-1.5846538782318564,17.431192660550465,24.4370308590492,-1.5846538782318564,14.76230191826522,27.522935779816503,-1.5846538782318564,5.0,1,8.0,1,8.0,1,10.0,4
sz002191,2025-04-11,first_probe,1,5.219780219780223,33.178871005349414,0.6315789473684218,0.3976061252219354,78.26849028931349,-1.5915119363395291,0.5305039787798504,-2.3872679045092826,-2.1220159151193685,0.5305039787798504,-2.917771883289122,-4.50928381962864,0.5305039787798504,-5.305039787798416,-4.774535809018577,0.5305039787798504,-5.835543766578255,-3.7135278514588865,0.5305039787798504,-5.835543766578255,-5.0,3,-5.0,3,-4.774535809018577,5,-5.0,3
sz002193,2024-09-05,first_probe,1,6.153846153846154,15.021981837606837,1.0,0.7805293912556596,84.9826868190317,-4.2713567839196,2.7638190954773822,-4.522613065326642,-4.522613065326642,2.7638190954773822,-6.783919597989952,-2.010050251256279,2.7638190954773822,-6.783919597989952,-3.2663316582914548,2.7638190954773822,-6.783919597989952,-0.7537688442211032,2.7638190954773822,-8.793969849246231,-5.0,2,-5.0,2,-3.2663316582914548,5,-5.0,2
sz002193,2025-01-10,retest_probe,2,7.544378698224841,14.669655287492992,0.5490196078431362,0.27908652683643226,72.92105096397242,7.52212389380531,9.734513274336276,-1.179941002949858,11.799410029498514,15.04424778761062,-1.179941002949858,5.162241887905594,15.04424778761062,-1.179941002949858,-1.6224188790560534,15.04424778761062,-1.6224188790560534,-9.43952802359883,15.04424778761062,-13.864306784660773,5.0,1,8.0,1,8.0,1,10.0,2
sz002193,2025-04-15,retest_probe,3,5.026929982046657,20.949725517415448,0.8928571428571449,0.6605336039064942,78.57827813845934,-2.6881720430107614,0.35842293906809264,-5.197132616487455,-6.630824372759858,0.35842293906809264,-12.365591397849474,-10.035842293906816,0.35842293906809264,-12.365591397849474,-10.035842293906816,0.35842293906809264,-12.365591397849474,-12.365591397849474,0.35842293906809264,-17.025089605734767,-5.0,1,-5.0,1,-8.0,2,-5.0,1
sz002193,2025-05-14,retest_probe,4,4.873646209386284,18.219698990977005,0.5555555555555545,0.6978878764412972,75.90408677083826,0.35149384885764245,2.284710017574687,-2.2847100175747093,-1.2302284710017597,2.284710017574687,-2.2847100175747093,1.2302284710017375,2.284710017574687,-2.2847100175747093,1.4059753954305698,4.042179261862899,-2.2847100175747093,-1.2302284710017597,4.042179261862899,-2.987697715289994,1.4059753954305698,5,1.4059753954305698,5,1.4059753954305698,5,1.4059753954305698,5
sz002194,2025-04-17,first_probe,1,6.949806949806958,20.356353684086006,0.8750000000000003,0.6893633511127215,85.53225830893885,10.047846889952151,10.047846889952151,0.0,21.05263157894739,21.05263157894739,0.0,25.933014354066984,33.110047846889955,0.0,37.51196172248803,42.39234449760767,0.0,21.244019138756,51.29186602870814,0.0,5.0,1,8.0,1,8.0,1,10.0,1
sz002195,2024-11-15,first_probe,1,5.312499999999987,15.427631988653472,0.8823529411764705,0.5670637286664542,81.83092501670279,-5.29595015576324,0.6230529595015577,-5.919003115264799,-4.672897196261683,0.6230529595015577,-8.099688473520239,-1.869158878504673,0.6230529595015577,-8.099688473520239,0.31152647975078995,7.476635514018692,-8.099688473520239,14.641744548286617,20.249221183800614,-8.099688473520239,-5.0,1,-5.0,1,-8.0,2,-5.0,1
sz002196,2025-02-07,first_probe,1,7.072368421052633,19.20389152461949,0.511627906976744,0.30281044127910867,74.70244662212437,-1.118210862619795,0.31948881789138905,-2.076677316293929,-1.4376996805111841,0.31948881789138905,-2.396166134185296,-1.4376996805111841,0.31948881789138905,-2.396166134185296,-5.111821086261969,0.31948881789138905,-5.750798722044714,5.4313099041533475,8.306709265175716,-5.750798722044714,-5.0,5,-5.0,5,-5.111821086261969,5,-5.0,5
sz002196,2025-04-25,retest_probe,2,7.294832826747721,14.437260288176732,0.9444444444444432,0.79944148812725,81.79723006947833,-2.8925619834710647,4.958677685950419,-3.615702479338845,6.818181818181812,6.818181818181812,-5.681818181818166,8.574380165289263,16.73553719008265,-5.681818181818166,13.533057851239683,16.73553719008265,-5.681818181818166,8.987603305785141,16.73553719008265,-5.681818181818166,-5.0,2,-5.0,2,8.0,3,-5.0,2
sz002204,2025-03-28,first_probe,1,4.899135446685876,74.32400523110275,1.0,0.4756463574195596,79.27272714148921,-2.49609984399376,2.1840873634945357,-2.49609984399376,-4.368174726989082,2.1840873634945357,-5.460218408736361,-4.680187207488295,2.1840873634945357,-5.7722308892355745,-16.224648985959433,2.1840873634945357,-16.224648985959433,-9.048361934477377,2.1840873634945357,-21.528861154446176,-5.0,2,-5.0,2,-8.0,5,-5.0,2
sz002205,2024-12-17,first_probe,1,10.010010010010006,24.267895764330913,0.7200000000000006,0.6230104188366594,82.17855065432556,1.8935978358882055,1.8935978358882055,-1.9837691614066788,3.3363390441839558,12.082957619476996,-1.9837691614066788,-5.320108205590623,12.082957619476996,-6.943192064923354,-13.52569882777277,12.082957619476996,-18.034265103697024,-19.657348963029754,12.082957619476996,-22.00180342651037,5.0,2,8.0,2,8.0,2,10.0,2
sz002205,2025-06-30,retest_probe,2,6.666666666666665,27.023771976960017,1.6249999999999996,0.4869906444254939,81.70061162368378,-1.55844155844157,1.8181818181818077,-1.9913419913419994,0.952380952380949,2.7705627705627567,-4.5021645021645185,2.7705627705627567,5.1948051948051965,-4.5021645021645185,3.8961038961038863,9.350649350649354,-4.5021645021645185,-0.34632034632035014,12.554112554112539,-4.5021645021645185,5.0,3,8.0,5,8.0,5,3.8961038961038863,5
sz002208,2024-11-25,first_probe,1,8.796764408493418,22.78172820088919,0.8735632183908051,0.275975470034509,77.77114911739623,-6.542056074766367,1.5576323987538832,-6.542056074766367,-11.007268951194193,1.5576323987538832,-14.537902388369684,-10.799584631360338,1.5576323987538832,-14.537902388369684,-10.695742471443415,1.5576323987538832,-14.849428868120473,-7.061266874351002,1.5576323987538832,-14.849428868120473,-5.0,1,-5.0,1,-8.0,2,-5.0,1
sz002210,2025-04-25,first_probe,1,6.563706563706551,13.355592319535994,0.6470588235294114,0.39068766997611615,78.94238011260062,-5.30303030303031,0.37878787878786735,-6.818181818181824,-4.924242424242442,0.37878787878786735,-6.818181818181824,-5.681818181818176,0.37878787878786735,-6.818181818181824,-5.30303030303031,0.37878787878786735,-6.818181818181824,-3.0303030303030276,0.37878787878786735,-6.818181818181824,-5.0,1,-5.0,1,-5.30303030303031,5,-5.0,1
sz002210,2025-10-31,retest_probe,2,5.32687651331718,15.771178694789173,0.6818181818181802,0.8549160635185888,82.02268366391763,3.7296037296037365,7.692307692307687,-1.3986013986013845,7.9254079254079235,11.188811188811187,-1.3986013986013845,2.564102564102577,11.188811188811187,-1.3986013986013845,-2.7972027972028024,11.188811188811187,-2.7972027972028024,-1.1655011655011593,11.188811188811187,-2.7972027972028024,5.0,1,8.0,2,8.0,2,10.0,2
sz002211,2025-02-20,first_probe,1,7.268170426065157,17.98921162393338,0.4827586206896571,0.3755454325341849,78.7782702537343,2.8639618138424527,7.637231503579933,-0.23866348448688957,-1.9093078758949944,7.637231503579933,-3.341288782816243,0.23866348448686736,7.637231503579933,-4.295942720763735,3.341288782816232,9.30787589498805,-4.295942720763735,-3.341288782816243,9.30787589498805,-7.398568019093088,5.0,1,8.0,4,8.0,4,3.341288782816232,5
sz002211,2025-02-21,continuous_probe,2,6.117647058823517,22.50004465601659,0.7692307692307705,0.5250263560824281,81.77646628141903,-1.6746411483253398,0.9569377990430672,-3.1100478468899517,0.4784688995215447,4.066985645933019,-4.066985645933007,5.741626794258381,9.569377990430628,-4.066985645933007,-3.349282296650713,9.569377990430628,-4.066985645933007,-1.4354066985645786,9.569377990430628,-7.177033492822959,5.0,3,8.0,3,8.0,3,-3.349282296650713,5
sz002213,2025-10-23,first_probe,1,7.481662591687055,13.837748167981063,0.5490196078431367,0.25736403784998035,74.9516742497056,7.7386468952734155,7.7386468952734155,-2.4559777571825703,18.535681186283593,18.535681186283593,-2.4559777571825703,30.3985171455051,30.3985171455051,-2.4559777571825703,24.976830398517148,36.283595922150155,-2.4559777571825703,30.07414272474516,36.70064874884154,-2.4559777571825703,5.0,1,8.0,2,8.0,2,10.0,2
sz002218,2024-09-03,first_probe,1,7.017543859649122,42.959717211375214,0.6999999999999993,0.44463967198468873,83.58944484389271,0.6920415224913601,2.422145328719716,-0.692041522491349,0.0,2.422145328719716,-1.384083044982698,-1.384083044982698,2.422145328719716,-1.730103806228378,-1.384083044982698,2.422145328719716,-3.460207612456745,0.6920415224913601,2.422145328719716,-4.152249134948105,-1.384083044982698,5,-1.384083044982698,5,-1.384083044982698,5,-1.384083044982698,5
sz002225,2024-12-10,first_probe,1,5.691056910569103,18.09963466823862,0.7499999999999992,0.3305648128852327,78.63118680098789,-1.002004008016033,4.008016032064132,-1.2024048096192508,6.212424849699394,6.613226452905807,-1.2024048096192508,10.821643286573156,13.426853707414832,-1.2024048096192508,3.8076152304609145,13.426853707414832,-1.2024048096192508,0.4008016032064132,13.426853707414832,-2.605210420841686,5.0,2,8.0,3,8.0,3,10.0,3
sz002226,2024-09-18,first_probe,1,5.454545454545445,20.042326637558574,0.9047619047619044,0.5170261081423665,80.71653399699521,0.0,1.0362694300518172,-3.1088082901554293,-1.813471502590669,1.0362694300518172,-3.1088082901554293,-1.813471502590669,1.0362694300518172,-3.3678756476683946,2.0725388601036343,5.44041450777204,-3.3678756476683946,14.248704663212441,30.569948186528496,-3.3678756476683946,5.0,5,2.0725388601036343,5,2.0725388601036343,5,2.0725388601036343,5
sz002227,2025-02-14,first_probe,1,7.826887661141813,30.526284790957252,0.6705882352941168,0.26014269817164715,79.75614836231844,1.821493624772308,2.823315118397063,-0.6375227686703178,-1.0928961748634003,5.373406193078312,-1.3661202185792365,-0.2732240437158584,5.373406193078312,-1.6393442622950838,1.0928961748633892,5.373406193078312,-1.6393442622950838,14.025500910746814,14.025500910746814,-1.6393442622950838,5.0,2,1.0928961748633892,5,1.0928961748633892,5,1.0928961748633892,5
sz002231,2024-11-13,first_probe,1,5.031446540880502,19.0602181947941,0.43749999999999983,0.282785726231589,72.65024433844249,-5.376344086021501,0.0,-5.529953917050678,-9.677419354838712,0.0,-9.984639016897079,-13.824884792626724,0.0,-14.900153609831024,-8.448540706605224,0.0,-14.900153609831024,-7.066052227342546,0.0,-14.900153609831024,-5.0,1,-5.0,1,-8.0,2,-5.0,1
sz002231,2024-12-05,retest_probe,2,5.144694533762073,15.922776551454058,0.6562499999999993,0.6959736684435999,80.76692788065515,0.0,0.0,0.0,-2.5862068965517238,7.6149425287356465,-3.87931034482758,7.183908045977017,7.6149425287356465,-4.1666666666666625,12.643678160919535,12.643678160919535,-4.1666666666666625,-2.5862068965517238,19.683908045977017,-5.1724137931034475,5.0,2,8.0,5,8.0,5,10.0,5
sz002231,2025-08-21,retest_probe,3,5.208333333333326,21.175042111656378,1.9199999999999982,0.4587126308754151,76.65506891812521,9.839816933638446,9.839816933638446,-0.6864988558352492,9.153318077803196,15.102974828375281,-0.6864988558352492,4.576659038901609,15.102974828375281,-0.6864988558352492,-5.720823798627006,15.102974828375281,-5.720823798627006,-1.1441647597253968,15.102974828375281,-8.00915331807781,5.0,1,8.0,1,8.0,1,10.0,2
sz002235,2025-06-05,first_probe,1,6.643356643356646,25.495494944116498,0.5789473684210521,0.5839177925553516,84.90217169952277,-3.3955857385398858,0.0,-3.3955857385398858,-1.6977928692699429,0.679117147707986,-3.5653650254668934,-3.056027164685904,0.679117147707986,-4.753820033955847,6.451612903225801,6.451612903225801,-4.753820033955847,39.38879456706283,48.556876061120555,-4.753820033955847,5.0,5,6.451612903225801,5,6.451612903225801,5,6.451612903225801,5
sz002235,2025-11-13,retest_probe,2,6.233421750663126,41.74369909189907,0.5106382978723412,0.4001337412200683,82.31411895516142,5.997392438070426,11.082138200782254,0.0,6.779661016949157,11.082138200782254,0.0,4.432855280312897,11.082138200782254,0.0,10.951760104302476,11.082138200782254,-0.26075619295957697,22.816166883963483,23.859191655801837,-0.26075619295957697,5.0,1,8.0,1,8.0,1,10.0,1
sz002239,2024-12-05,first_probe,1,5.105105105105112,13.517133778434244,0.7647058823529409,0.8394859187343442,80.23546181100414,2.402402402402415,4.504504504504503,-1.501501501501512,1.8018018018018056,4.504504504504503,-1.501501501501512,0.6006006006006093,4.504504504504503,-1.501501501501512,0.9009009009008917,4.504504504504503,-1.501501501501512,10.510510510510507,25.525525525525516,-4.8048048048048075,0.9009009009008917,5,0.9009009009008917,5,0.9009009009008917,5,0.9009009009008917,5
sz002245,2025-01-15,first_probe,1,7.671721677074039,14.574129866191576,0.6627906976744193,0.48136256713548053,78.55451242521015,0.08695652173913437,4.0000000000000036,-1.2173913043478257,-1.6521739130434754,4.0000000000000036,-3.4782608695652195,2.1739130434782705,4.0000000000000036,-3.4782608695652195,4.782608695652191,6.347826086956521,-3.4782608695652195,6.869565217391305,16.34782608695653,-3.4782608695652195,5.0,4,4.782608695652191,5,4.782608695652191,5,4.782608695652191,5
sz002247,2024-11-26,first_probe,1,6.737588652482263,17.924779741913287,0.894736842105263,0.4054146352538876,84.75951783211828,1.0676156583629748,1.0676156583629748,-4.62633451957295,2.8469750889679846,4.982206405693956,-4.62633451957295,3.2028469750889688,5.3380782918149405,-4.62633451957295,11.032028469750887,12.455516014234869,-4.62633451957295,12.099644128113884,18.861209964412808,-4.62633451957295,5.0,3,8.0,4,8.0,4,10.0,4
sz002247,2025-01-16,retest_probe,2,8.208955223880587,20.54341999429775,0.7272727272727267,0.5310957148469916,84.65176691871986,-4.814814814814827,0.7407407407407307,-7.037037037037052,-4.444444444444451,0.7407407407407307,-7.037037037037052,-4.074074074074085,1.1111111111111072,-7.037037037037052,-5.55555555555557,1.1111111111111072,-7.037037037037052,0.7407407407407307,1.8518518518518379,-7.037037037037052,-5.0,1,-5.0,1,-5.55555555555557,5,-5.0,1
sz002248,2025-05-14,first_probe,1,7.342657342657355,19.702172393888965,1.0,0.4165069388000141,82.6408889933008,2.219626168224287,5.1401869158878455,-1.869158878504673,4.789719626168232,8.411214953271017,-1.869158878504673,3.971962616822422,8.411214953271017,-1.869158878504673,9.696261682243001,11.682242990654213,-1.869158878504673,4.322429906542036,11.682242990654213,-1.869158878504673,5.0,1,8.0,2,8.0,2,10.0,4
sz002253,2024-10-24,first_probe,1,5.847953216374258,20.626081929918552,1.088888888888889,0.5001773630490326,82.03682944224289,9.99333777481679,11.45902731512325,-2.731512325116592,20.98600932711525,20.98600932711525,-2.731512325116592,33.111259160559634,33.111259160559634,-2.731512325116592,61.09260493004665,61.09260493004665,-2.731512325116592,40.43970686209193,67.75483011325782,-2.731512325116592,5.0,1,8.0,1,8.0,1,10.0,1
sz002263,2024-11-28,first_probe,1,5.000000000000004,15.299249768154159,0.7142857142857143,0.379435516038532,73.41454064704345,-1.4184397163120588,0.7092198581560183,-2.4822695035460973,5.673758865248235,8.510638297872353,-2.4822695035460973,3.546099290780136,8.510638297872353,-2.4822695035460973,4.964539007092195,8.510638297872353,-2.4822695035460973,8.865248226950362,10.283687943262422,-2.4822695035460973,5.0,2,8.0,2,8.0,2,4.964539007092195,5
sz002269,2025-03-14,first_probe,1,4.761904761904767,28.447185150385135,0.6,1.2265053714049412,82.82996985673762,-0.9345794392523366,2.3364485981308247,-0.9345794392523366,-2.336448598130858,2.3364485981308247,-2.8037383177570097,-3.2710280373831946,2.3364485981308247,-3.738317757009346,-4.672897196261683,2.3364485981308247,-5.140186915887868,-14.018691588785048,2.3364485981308247,-14.485981308411223,-5.0,5,-5.0,5,-4.672897196261683,5,-5.0,5
sz002269,2025-04-17,retest_probe,2,4.86486486486486,33.30212279576008,0.6666666666666683,0.9208171824111919,83.65056533597753,-2.6881720430107503,0.5376344086021501,-3.7634408602150615,-1.6129032258064502,1.6129032258064502,-4.838709677419361,-2.6881720430107503,1.6129032258064502,-4.838709677419361,-6.989247311827961,1.6129032258064502,-7.5268817204301115,-3.7634408602150615,1.6129032258064502,-11.290322580645174,-5.0,5,-5.0,5,-6.989247311827961,5,-5.0,5
sz002269,2025-04-21,continuous_probe,3,4.999999999999982,44.3880319305042,0.6666666666666659,0.8711955382823544,84.13632047324285,0.0,2.20994475138121,-0.5524861878453025,-2.209944751381221,2.20994475138121,-2.209944751381221,-4.41988950276243,2.20994475138121,-4.972375690607745,-8.287292817679571,2.20994475138121,-8.839779005524873,0.5524861878453136,2.20994475138121,-8.839779005524873,-5.0,4,-5.0,4,-8.0,4,-5.0,4
sz002269,2025-05-09,retest_probe,4,8.15217391304348,34.07679300772448,0.9333333333333332,0.5294473785471785,89.1043274137467,-2.127659574468077,1.5957446808510634,-3.7234042553191404,-1.5957446808510523,1.5957446808510634,-3.7234042553191404,-2.659574468085102,1.5957446808510634,-4.7872340425531785,-3.7234042553191404,3.1914893617021267,-4.7872340425531785,-7.4468085106382915,3.1914893617021267,-7.4468085106382915,-3.7234042553191404,5,-3.7234042553191404,5,-3.7234042553191404,5,-3.7234042553191404,5
sz002269,2025-06-05,retest_probe,5,7.2625698324022325,65.13439963688539,0.6153846153846148,0.7301910001256199,87.67851583239212,-1.104972375690605,0.5524861878453136,-1.104972375690605,0.0,0.5524861878453136,-1.6574585635359185,-0.5524861878453025,1.6574585635359185,-2.209944751381221,1.104972375690605,2.20994475138121,-2.209944751381221,-0.5524861878453025,10.497237569060779,-3.314917127071826,1.104972375690605,5,1.104972375690605,5,1.104972375690605,5,1.104972375690605,5
sz002272,2025-07-17,first_probe,1,6.893382352941169,16.446962264909207,0.6400000000000006,0.7156804670615842,83.89941655091641,-0.4524886877828149,1.8099547511312153,-1.7194570135746767,1.3574660633484115,2.262443438914019,-1.9004524886877872,2.714932126696823,6.515837104072397,-1.9004524886877872,3.3484162895927483,11.131221719456995,-1.9004524886877872,9.683257918552023,11.131221719456995,-1.9004524886877872,5.0,3,8.0,4,8.0,4,10.0,4
sz002278,2025-03-28,first_probe,1,5.448717948717952,173.64680370563687,1.0,0.7906300550696069,87.59704302768976,-0.23696682464454666,2.8436018957346043,-0.23696682464454666,-3.672985781990501,3.199052132701441,-4.976303317535546,-5.805687203791465,3.199052132701441,-7.9383886255924185,-18.72037914691942,3.199052132701441,-18.72037914691942,-12.32227488151658,3.199052132701441,-26.42180094786729,-5.0,3,-5.0,3,-8.0,4,-5.0,3
sz002279,2025-07-01,first_probe,1,6.269113149847105,23.941258569375016,0.6097560975609754,0.3122014184303398,79.75345414460307,-1.6566265060240837,0.3012048192771122,-2.259036144578308,-1.6566265060240837,0.3012048192771122,-2.259036144578308,-3.1626506024096335,0.3012048192771122,-3.6144578313252906,-0.7530120481927693,0.9036144578313365,-3.765060240963858,7.37951807228916,12.95180722891567,-3.765060240963858,-0.7530120481927693,5,-0.7530120481927693,5,-0.7530120481927693,5,-0.7530120481927693,5
sz002285,2025-04-08,first_probe,1,6.220095693779926,14.776848411504593,0.8461538461538464,0.47824802808078953,81.6917290446753,9.268292682926859,13.170731707317085,-4.8780487804877986,12.682926829268304,15.121951219512209,-4.8780487804877986,10.73170731707318,15.121951219512209,-4.8780487804877986,10.2439024390244,15.121951219512209,-4.8780487804877986,16.09756097560977,18.048780487804894,-4.8780487804877986,5.0,1,8.0,1,8.0,1,10.0,1
sz002289,2025-05-30,first_probe,1,5.277221108884422,33.24362522349914,0.8354430379746847,1.2431723978435463,87.01150977430541,6.471816283924858,9.116214335421024,0.0,2.435629784272808,11.830201809324992,0.0,-2.713987473903956,11.830201809324992,-2.713987473903956,-0.9742519137091121,11.830201809324992,-7.933194154488509,25.817675713291564,25.817675713291564,-7.933194154488509,5.0,1,8.0,1,8.0,1,10.0,2
sz002290,2024-12-25,first_probe,1,9.324399776661064,15.584968215612827,0.8502994011976046,0.26409717100508967,78.23669848698934,4.254143646408837,7.734806629834257,-0.44198895027625085,3.1491712707182318,7.734806629834257,-0.44198895027625085,-5.745856353591172,7.734806629834257,-6.077348066298349,-6.906077348066297,7.734806629834257,-8.839779005524873,-12.099447513812155,7.734806629834257,-20.276243093922663,5.0,1,-5.0,3,-8.0,4,-5.0,3
sz002290,2025-04-11,retest_probe,2,5.146096816397727,16.205500469649774,0.37288135593220156,0.4162874486791657,71.2331399637362,0.16659725114536172,1.7492711370262315,-1.4993752603082222,0.2915451895043608,1.7492711370262315,-2.6239067055393694,-1.9575177009579448,1.7492711370262315,-3.998334027488548,1.5826738858808698,2.9987505206164,-3.998334027488548,6.455643481882545,7.955018742190756,-3.998334027488548,1.5826738858808698,5,1.5826738858808698,5,1.5826738858808698,5,1.5826738858808698,5
sz002290,2025-05-13,retest_probe,3,4.758961681087759,17.693913295874093,0.5584415584415584,0.38732911574385304,69.82797704927849,-1.6016923541855577,0.3324267150196514,-3.9588999697793947,-2.870957993351475,0.3324267150196514,-4.895738893925672,-2.901178603807797,0.3324267150196514,-4.895738893925672,-7.041402236325178,0.3324267150196514,-7.676035055908137,-7.464490782713817,0.3324267150196514,-9.54971290420068,-5.0,4,-5.0,4,-7.041402236325178,5,-5.0,4
sz002290,2025-05-21,retest_probe,4,5.803142032702779,18.7710802876491,1.071823204419891,0.8363676785098528,79.93303495165752,-0.22508038585209444,3.536977491961424,-0.932475884244377,-2.2186495176848897,3.536977491961424,-2.893890675241162,-2.4758842443730056,3.536977491961424,-3.762057877813507,-2.2186495176848897,3.536977491961424,-3.762057877813507,10.12861736334405,13.601286173633431,-4.340836012861738,-2.2186495176848897,5,-2.2186495176848897,5,-2.2186495176848897,5,-2.2186495176848897,5
sz002291,2024-09-23,first_probe,1,5.1948051948051965,16.771035970119215,0.4166666666666685,0.46325828539818964,72.11084339489085,4.2735042735042805,4.700854700854706,-1.4957264957264793,3.6324786324786418,9.1880341880342,-1.4957264957264793,6.196581196581197,9.1880341880342,-1.4957264957264793,21.36752136752136,21.36752136752136,-1.4957264957264793,12.17948717948718,33.54700854700856,-1.4957264957264793,5.0,2,8.0,2,8.0,2,10.0,4
sz002291,2025-01-09,retest_probe,2,6.6343042071197456,21.95975973796523,0.5121951219512193,0.3474370739441862,77.60933314815055,-4.662379421221862,2.0900321543408262,-4.8231511254019255,-7.556270096463013,2.0900321543408262,-9.485530546623789,1.768488745980723,2.0900321543408262,-9.485530546623789,23.151125401929274,23.151125401929274,-9.485530546623789,-1.125401929260439,35.53054662379422,-9.485530546623789,-5.0,2,-5.0,2,-8.0,2,-5.0,2
sz002291,2025-09-16,retest_probe,3,5.1004636785162205,16.490121061705366,0.6363636363636361,0.601457267417224,79.52416826592345,-1.834862385321101,0.3058103975535076,-2.1406727828746086,-5.351681957186538,0.3058103975535076,-5.9633027522935755,-4.434250764525993,0.3058103975535076,-6.422018348623848,-8.25688073394496,0.3058103975535076,-9.633027522935777,1.2232415902140747,11.773700305810397,-9.633027522935777,-5.0,2,-5.0,2,-8.0,5,-5.0,2
sz002291,2025-11-24,retest_probe,4,7.816711590296488,19.506328296148403,0.43103448275862066,0.25497620092986845,76.9412146252109,1.5894039735099286,5.1655629139072845,0.0,11.788079470198664,11.788079470198664,-0.7947019867549643,2.516556291390737,22.913907284768207,-0.7947019867549643,-0.9271523178807861,22.913907284768207,-4.37086092715232,-8.74172185430464,22.913907284768207,-12.450331125827807,5.0,1,8.0,2,8.0,2,10.0,2
sz002298,2025-10-16,first_probe,1,6.896551724137923,13.889560430203783,0.9456521739130427,0.33140036077003654,77.04308497627879,-9.398496240601506,0.6766917293232977,-9.398496240601506,-12.030075187969935,0.6766917293232977,-12.781954887218049,-9.849624060150376,0.6766917293232977,-13.082706766917296,-14.135338345864668,0.6766917293232977,-15.714285714285714,-11.654135338345872,0.6766917293232977,-15.714285714285714,-5.0,1,-5.0,1,-8.0,1,-5.0,1
sz002300,2024-11-05,first_probe,1,5.175600739371533,22.34058872355122,0.5714285714285714,0.8405784166034056,79.63041080777136,1.2658227848101111,4.339963833634708,-1.446654611211573,2.5316455696202445,4.339963833634708,-1.446654611211573,1.6274864376130127,4.339963833634708,-1.446654611211573,1.8083182640144635,4.339963833634708,-1.446654611211573,-1.446654611211573,4.339963833634708,-4.520795660036169,1.8083182640144635,5,1.8083182640144635,5,1.8083182640144635,5,1.8083182640144635,5
sz002302,2024-09-19,first_probe,1,5.7347670250896154,20.692837295836938,0.7812499999999993,0.29338112634511704,79.19748133049117,-1.2612612612612484,0.3603603603603789,-1.8018018018017945,-2.1621621621621623,0.3603603603603789,-2.8828828828828867,1.0810810810810922,1.2612612612612706,-2.8828828828828867,8.46846846846847,8.64864864864865,-2.8828828828828867,25.225225225225234,33.51351351351353,-2.8828828828828867,5.0,4,8.0,5,8.0,5,8.46846846846847,5
sz002302,2024-12-23,retest_probe,2,5.602240896358546,17.161675605766234,0.7249999999999994,0.27172853036109784,79.53727482505295,2.367688022284131,3.7604456824512633,-0.835654596100277,-1.810584958217265,3.7604456824512633,-2.924791086350975,-1.810584958217265,3.7604456824512633,-3.203342618384397,-2.646239554317542,3.7604456824512633,-3.203342618384397,-13.231197771587732,3.7604456824512633,-15.32033426183843,-2.646239554317542,5,-2.646239554317542,5,-2.646239554317542,5,-2.646239554317542,5
sz002306,2024-12-24,first_probe,1,6.583072100313481,24.62285732395369,0.7619047619047606,0.30770230198614773,76.55123122593096,-6.172839506172845,0.92592592592593,-9.876543209876553,-5.246913580246925,1.2345679012345512,-9.876543209876553,-3.703703703703709,1.2345679012345512,-9.876543209876553,-11.111111111111116,1.2345679012345512,-11.728395061728403,-13.271604938271608,2.777777777777768,-18.827160493827165,-5.0,1,-5.0,1,-8.0,1,-5.0,1
sz002306,2025-02-18,retest_probe,2,6.137184115523464,13.947031624925788,1.1176470588235297,0.3507663137772113,81.74587767565507,2.2222222222222143,3.3333333333333215,-2.592592592592602,-0.7407407407407418,3.3333333333333215,-2.592592592592602,-2.592592592592602,3.3333333333333215,-4.814814814814827,-2.592592592592602,3.3333333333333215,-6.666666666666677,-0.7407407407407418,12.2222222222222,-6.666666666666677,-5.0,4,-5.0,4,-2.592592592592602,5,-5.0,4
sz002306,2025-04-10,retest_probe,3,7.883817427385886,21.98001395638718,0.7894736842105261,0.48271203871286017,86.78561740706844,1.7094017094017033,5.128205128205132,0.0,0.0,5.128205128205132,-5.12820512820511,-5.12820512820511,5.128205128205132,-5.12820512820511,-14.529914529914523,5.128205128205132,-14.529914529914523,-26.49572649572649,5.128205128205132,-26.923076923076916,5.0,1,-5.0,2,-8.0,4,-5.0,2
sz002307,2024-11-15,first_probe,1,8.684863523573183,30.21663352606975,0.714285714285715,0.5059722829882465,85.11524597737382,-1.4705882352941346,2.941176470588247,-3.4313725490196068,-2.2058823529411686,2.941176470588247,-4.90196078431373,-0.4901960784313819,2.941176470588247,-4.90196078431373,-3.4313725490196068,2.941176470588247,-4.90196078431373,1.71568627450982,4.656862745098023,-6.372549019607854,-3.4313725490196068,5,-3.4313725490196068,5,-3.4313725490196068,5,-3.4313725490196068,5
sz002307,2025-08-13,retest_probe,2,6.428571428571428,17.001537861052523,0.7777777777777778,0.32910105153197133,75.24191375019004,-5.37037037037037,3.703703703703698,-5.37037037037037,-8.888888888888902,3.703703703703698,-11.66666666666668,-9.629629629629633,3.703703703703698,-11.66666666666668,-11.111111111111116,3.703703703703698,-12.592592592592599,-13.703703703703706,3.703703703703698,-13.703703703703706,-5.0,1,-5.0,1,-8.0,2,-5.0,1
sz002309,2025-07-09,first_probe,1,8.40108401084012,21.25507390287684,0.9032258064516121,0.297321016931313,79.52552269067127,-4.120879120879117,1.9230769230769162,-5.769230769230771,-3.0219780219780334,3.8461538461538325,-5.769230769230771,-8.51648351648352,3.8461538461538325,-9.340659340659352,-10.164835164835162,3.8461538461538325,-12.08791208791209,-10.989010989010984,3.8461538461538325,-12.08791208791209,-5.0,1,-5.0,1,-8.0,3,-5.0,1
sz002309,2025-07-11,continuous_probe,2,9.565217391304337,37.344153638094376,0.7575757575757585,0.40927558018359733,87.3190864366718,-2.9154518950437303,1.1661807580174877,-3.790087463556857,-5.539358600583089,1.1661807580174877,-6.705539358600587,-4.664723032069973,1.1661807580174877,-6.705539358600587,-4.373177842565612,1.1661807580174877,-6.705539358600587,-6.413994169096215,1.1661807580174877,-6.705539358600587,-5.0,2,-5.0,2,-4.373177842565612,5,-5.0,2
sz002310,2024-12-06,first_probe,1,10.47619047619046,52.97191467589167,0.590909090909091,1.0275641604400605,90.60742956742006,-0.4739336492890933,1.4218009478673022,-1.421800947867291,-3.791469194312802,1.4218009478673022,-4.739336492891,-0.9478672985781977,1.4218009478673022,-4.739336492891,-0.4739336492890933,2.369668246445511,-4.739336492891,-0.4739336492890933,3.31753554502372,-4.739336492891,-0.4739336492890933,5,-0.4739336492890933,5,-0.4739336492890933,5,-0.4739336492890933,5
sz002312,2025-05-27,first_probe,1,5.022026431718074,21.768774907374024,0.5087719298245597,0.9680655613675576,81.71604427623143,-1.5748031496062964,0.9623797025371861,-1.924759405074361,-1.2248468941382429,0.9623797025371861,-2.3622047244094446,-1.924759405074361,0.9623797025371861,-2.7121609798775204,-0.6999125109361293,0.9623797025371861,-2.887139107611547,-0.8748906386701671,1.049868766404205,-2.887139107611547,-0.6999125109361293,5,-0.6999125109361293,5,-0.6999125109361293,5,-0.6999125109361293,5
sz002313,2025-06-04,first_probe,1,6.666666666666687,15.503597707333114,0.5441176470588238,0.5803814742459462,79.52448706080455,2.023121387283222,2.6974951830443183,-2.2157996146435543,-3.7572254335260125,3.8535645472061564,-5.587668593448935,-3.4682080924855585,3.8535645472061564,-5.587668593448935,-2.6974951830443294,3.8535645472061564,-7.996146435452789,-9.055876685934505,3.8535645472061564,-11.175337186897883,-5.0,2,-5.0,2,-2.6974951830443294,5,-5.0,2
sz002316,2025-06-13,first_probe,1,5.932203389830515,21.42450671167388,0.6785714285714294,0.25690202772634974,76.8152550598984,3.3826638477801207,4.0169133192388795,-0.634249471458781,8.033826638477803,8.456659619450303,-0.634249471458781,8.033826638477803,9.302325581395344,-0.634249471458781,0.0,9.302325581395344,-0.634249471458781,5.496828752642702,9.302325581395344,-2.114164904862592,5.0,2,8.0,2,8.0,2,0.0,5
sz002319,2024-12-16,first_probe,1,8.77329192546583,20.4400350759967,0.7876106194690278,0.5181976911720919,81.0236401023496,0.07692307692308553,0.6153846153846176,-3.384615384615386,-1.538461538461533,5.076923076923068,-3.384615384615386,-1.538461538461533,5.076923076923068,-3.384615384615386,-12.538461538461544,5.076923076923068,-13.461538461538458,-17.307692307692314,5.076923076923068,-21.307692307692307,5.0,2,-5.0,4,-8.0,5,-5.0,4
sz002320,2024-10-15,first_probe,1,6.877323420074344,13.943559875171758,1.0540540540540528,0.6872237279451017,83.06663036640181,2.1072796934865856,3.065134099616862,-0.5747126436781436,0.0,3.065134099616862,-0.5747126436781436,2.490421455938696,3.831417624521083,-0.7662835249042099,3.831417624521083,3.831417624521083,-0.7662835249042099,6.896551724137945,10.344827586206895,-0.7662835249042099,3.831417624521083,5,3.831417624521083,5,3.831417624521083,5,3.831417624521083,5
sz002321,2024-12-13,first_probe,1,6.312292358803995,18.15002481254244,1.2631578947368407,0.33251230031241147,83.96780274956218,9.395973154362402,9.395973154362402,-0.3355704697986517,14.76510067114094,18.791946308724828,-0.3355704697986517,5.033557046979853,18.791946308724828,-0.3355704697986517,2.348993288590595,18.791946308724828,-5.033557046979864,-13.758389261744973,18.791946308724828,-17.78523489932885,5.0,1,8.0,1,8.0,1,10.0,2
sz002321,2024-12-20,continuous_probe,2,12.23776223776225,18.862082328938417,0.4571428571428574,0.5242266554088084,83.25008279125335,-6.779661016949157,0.6779661016949268,-6.779661016949157,-10.508474576271187,0.6779661016949268,-12.542372881355934,-16.61016949152543,0.6779661016949268,-16.94915254237288,-12.881355932203398,0.6779661016949268,-16.94915254237288,-23.05084745762712,0.6779661016949268,-27.118644067796616,-5.0,1,-5.0,1,-8.0,2,-5.0,1
sz002321,2025-09-12,retest_probe,3,6.315789473684208,26.983581216168144,0.7222222222222228,0.4892068443203199,78.66759613746783,-1.3745704467354014,0.3436426116838476,-2.7491408934707917,-1.3745704467354014,0.3436426116838476,-3.0927835051546504,-2.0618556701030966,0.3436426116838476,-3.0927835051546504,-4.467353951890041,0.3436426116838476,-5.154639175257747,1.0309278350515427,6.529209621993126,-5.154639175257747,-5.0,5,-5.0,5,-4.467353951890041,5,-5.0,5
sz002321,2025-11-14,retest_probe,4,5.263157894736836,20.267978961336706,0.5294117647058817,0.5411267155927136,73.75013323382679,-3.8461538461538436,0.887573964497057,-4.437869822485208,-5.621301775147924,0.887573964497057,-7.396449704142016,3.8461538461538325,3.8461538461538325,-7.692307692307687,-4.142011834319515,14.201183431952668,-7.692307692307687,-17.751479289940832,14.201183431952668,-19.82248520710059,-5.0,2,-5.0,2,8.0,4,-5.0,2
sz002323,2025-07-08,first_probe,1,4.790419161676662,28.364239544437783,0.875,0.7435156572599315,83.91806790488265,0.5952380952380931,1.1904761904761862,-2.3809523809523836,0.5952380952380931,1.7857142857142794,-2.3809523809523836,0.5952380952380931,2.3809523809523725,-2.3809523809523836,-4.166666666666652,2.3809523809523725,-5.952380952380942,-1.1904761904761862,2.3809523809523725,-5.952380952380942,-5.0,5,-5.0,5,-4.166666666666652,5,-5.0,5
sz002326,2025-11-06,first_probe,1,6.104808211777413,14.774787409552562,0.4336283185840729,0.26308242069279575,73.76718863377516,8.608247422680426,8.608247422680426,-1.494845360824737,17.319587628866007,19.484536082474225,-1.494845360824737,29.072164948453615,29.072164948453615,-1.494845360824737,54.38144329896908,54.38144329896908,-1.494845360824737,44.22680412371136,70.10309278350518,-1.494845360824737,5.0,1,8.0,1,8.0,1,10.0,2
sz002328,2024-12-09,first_probe,1,5.400981996726673,29.40468348816484,0.9090909090909111,0.3999450313805462,78.49150229454439,-0.48701298701299134,1.9480519480519431,-1.461038961038963,-0.48701298701299134,1.9480519480519431,-1.6233766233766267,0.6493506493506551,2.110389610389607,-1.6233766233766267,-1.461038961038963,2.110389610389607,-3.0844155844155896,-8.766233766233766,2.110389610389607,-9.253246753246758,-1.461038961038963,5,-1.461038961038963,5,-1.461038961038963,5,-1.461038961038963,5
sz002339,2024-09-24,first_probe,1,5.40983606557377,23.861711346646413,1.0303030303030296,0.4812113092802329,77.09108716327124,2.006688963210679,3.678929765886285,-0.8361204013378032,2.1739130434782483,3.678929765886285,-1.3377926421404673,6.020066889632103,7.0234113712374535,-1.3377926421404673,21.23745819397993,25.752508361203997,-1.3377926421404673,5.685618729096986,25.752508361203997,-1.3377926421404673,5.0,3,8.0,4,8.0,4,10.0,4
sz002339,2024-12-20,retest_probe,2,12.159090909090885,18.89773809437686,1.280373831775702,0.2836588158072051,80.35227995628863,-7.2727272727272645,0.848484848484854,-7.2727272727272645,-6.787878787878787,0.848484848484854,-10.424242424242426,-13.575757575757574,0.848484848484854,-14.909090909090917,-10.424242424242426,0.848484848484854,-14.909090909090917,-22.3030303030303,0.848484848484854,-25.212121212121207,-5.0,1,-5.0,1,-8.0,2,-5.0,1
sz002342,2025-04-01,first_probe,1,6.909090909090909,15.408742572455893,1.2894736842105272,0.3609203338219072,76.85458853463297,0.0,3.984063745019917,-3.3864541832669293,-7.968127490039834,3.984063745019917,-8.366533864541836,-17.131474103585642,3.984063745019917,-17.131474103585642,-13.346613545816732,3.984063745019917,-23.50597609561753,-16.135458167330675,3.984063745019917,-23.50597609561753,-5.0,2,-5.0,2,-8.0,2,-5.0,2
sz002342,2025-10-20,retest_probe,2,6.6185318892900025,34.655381364739696,0.5090909090909089,0.8060561435098161,84.6421712770309,0.0,3.4117647058823364,-1.17647058823529,-3.1764705882352917,3.4117647058823364,-4.941176470588237,-7.176470588235295,3.4117647058823364,-7.647058823529418,-3.764705882352948,3.4117647058823364,-7.647058823529418,-5.999999999999995,3.4117647058823364,-7.76470588235294,-5.0,3,-5.0,3,-3.764705882352948,5,-5.0,3
sz002342,2025-11-19,retest_probe,3,6.765899864682012,13.503414691126014,0.379999999999999,0.5558727981750825,77.8125455067334,-1.192052980132452,0.13245033112583293,-1.192052980132452,-5.430463576158939,0.13245033112583293,-5.827814569536416,-3.0463576158940353,0.13245033112583293,-5.827814569536416,-4.635761589403964,0.13245033112583293,-5.827814569536416,-2.6490066225165587,0.13245033112583293,-5.827814569536416,-5.0,2,-5.0,2,-4.635761589403964,5,-5.0,2
sz002345,2025-02-17,first_probe,1,6.7590987868284325,20.088903569533926,0.7179487179487175,0.42507770010983337,78.69524013215742,-2.2108843537414935,1.3605442176870763,-2.2108843537414935,7.14285714285714,7.65306122448981,-2.2108843537414935,12.244897959183664,13.265306122448983,-2.2108843537414935,12.244897959183664,14.62585034013606,-2.2108843537414935,12.074829931972797,19.727891156462583,-2.2108843537414935,5.0,2,8.0,3,8.0,3,10.0,3
sz002348,2024-11-29,first_probe,1,7.9254079254079235,41.67916376988892,1.176470588235293,0.5945169356286004,82.97445528515539,0.7159904534606021,5.9665871121718395,-3.8186157517899777,1.4319809069212264,5.9665871121718395,-3.8186157517899777,-4.534606205250602,5.9665871121718395,-5.011933174224348,5.9665871121718395,11.455847255369921,-6.205250596658718,16.945107398568027,20.763723150357972,-6.205250596658718,5.0,1,-5.0,3,8.0,5,-5.0,3
sz002348,2025-01-15,retest_probe,2,6.514657980456029,18.841585582329543,0.7,0.33850252814684,80.24187023026577,9.904153354632594,9.904153354632594,-0.9584664536741117,5.111821086261981,11.501597444089473,-0.9584664536741117,5.111821086261981,11.501597444089473,-0.9584664536741117,1.2779552715654896,11.501597444089473,-0.9584664536741117,7.028753993610226,11.501597444089473,-0.9584664536741117,5.0,1,8.0,1,8.0,1,10.0,2
sz002348,2025-02-19,retest_probe,3,8.26210826210827,16.864769134829416,0.5517241379310334,0.34360779016305143,81.45543905061692,10.497237569060779,10.497237569060779,0.0,6.353591160220984,11.049723756906072,0.0,6.906077348066297,11.049723756906072,0.0,7.458563535911611,12.430939226519344,0.0,5.524861878453025,17.403314917127076,0.0,5.0,1,8.0,1,8.0,1,10.0,1
sz002348,2025-04-15,retest_probe,4,5.828220858895716,36.05743868268732,0.8947368421052633,0.2752139936352745,80.7740084311542,0.943396226415083,4.7169811320754595,-0.9433962264151052,0.3144654088050203,4.7169811320754595,-1.2578616352201255,0.943396226415083,4.7169811320754595,-1.2578616352201255,0.6289308176100628,4.7169811320754595,-1.2578616352201255,-0.9433962264151052,6.91823899371069,-2.2012578616352307,0.6289308176100628,5,0.6289308176100628,5,0.6289308176100628,5,0.6289308176100628,5
sz002348,2025-09-12,retest_probe,5,5.454545454545445,27.109200987751237,0.6190476190476178,0.8238003016386275,83.96410841275554,-1.4814814814814725,0.24691358024691024,-3.4567901234567877,1.4814814814814836,2.716049382716057,-3.4567901234567877,-0.987654320987652,2.716049382716057,-3.4567901234567877,-4.691358024691361,2.716049382716057,-5.432098765432092,-4.691358024691361,2.716049382716057,-10.617283950617274,-5.0,5,-5.0,5,-4.691358024691361,5,-5.0,5
sz002354,2025-05-12,first_probe,1,5.603448275862055,15.609478058549522,0.3846153846153836,0.4376531782958961,74.03024024462307,-3.8834951456310662,0.9708737864077666,-4.299583911234395,-5.409153952843271,0.9708737864077666,-5.963938973647709,-8.876560332871009,0.9708737864077666,-9.292649098474337,-7.7669902912621325,0.9708737864077666,-9.708737864077676,-10.124826629680994,0.9708737864077666,-12.760055478502075,-5.0,2,-5.0,2,-8.0,3,-5.0,2
sz002355,2025-02-10,first_probe,1,5.006954102920713,14.777678859943482,0.47222222222222276,0.5720411166008599,76.51454977398704,-1.3531799729363914,0.4059539918809252,-3.112313937753719,-0.9472259810554773,0.4059539918809252,-3.112313937753719,-2.706359945872794,0.4059539918809252,-3.112313937753719,-2.1650879566982306,0.4059539918809252,-3.518267929634644,-2.841677943166443,0.4059539918809252,-5.277401894451961,-2.1650879566982306,5,-2.1650879566982306,5,-2.1650879566982306,5,-2.1650879566982306,5
sz002356,2024-10-18,first_probe,1,6.209150326797386,16.146130758511507,0.47368421052631515,0.4609177887564836,76.528768748282,5.448717948717952,8.333333333333325,-2.243589743589758,1.6025641025640969,8.333333333333325,-2.243589743589758,2.564102564102577,8.333333333333325,-2.243589743589758,6.08974358974359,8.333333333333325,-2.243589743589758,3.205128205128216,13.141025641025639,-2.243589743589758,5.0,1,8.0,1,8.0,1,6.08974358974359,5
sz002360,2025-05-26,first_probe,1,5.893909626719052,93.1286420711974,0.7666666666666656,0.49964184976216075,83.43267606355327,0.5928853754940677,1.5810276679841806,-0.7905138339920903,-0.39525691699603405,1.5810276679841806,-0.7905138339920903,0.5928853754940677,1.5810276679841806,-0.9881422924901129,1.1857707509881577,1.7786561264822254,-0.9881422924901129,4.347826086956541,10.671936758893285,-0.9881422924901129,1.1857707509881577,5,1.1857707509881577,5,1.1857707509881577,5,1.1857707509881577,5
sz002361,2024-12-03,first_probe,1,8.597285067873294,17.32907278633621,0.6315789473684218,0.43145707628596525,82.36512059716613,-1.5555555555555656,2.444444444444449,-2.2222222222222143,1.5555555555555545,3.111111111111109,-2.6666666666666727,1.3333333333333197,3.111111111111109,-2.6666666666666727,7.1111111111111125,7.1111111111111125,-2.6666666666666727,-5.111111111111121,7.777777777777772,-5.555555555555558,5.0,5,7.1111111111111125,5,7.1111111111111125,5,7.1111111111111125,5
sz002363,2025-09-26,first_probe,1,7.373868046571808,23.272944205454973,0.7719298245614038,0.2991290180205926,80.68468618426041,0.5089058524172962,1.2722646310432628,-2.2900763358778664,-1.653944020356235,1.2722646310432628,-2.2900763358778664,-3.9440203562341014,1.2722646310432628,-4.19847328244275,-4.325699745547085,1.2722646310432628,-8.905852417302807,-0.7633587786259555,1.2722646310432628,-8.905852417302807,-5.0,5,-5.0,5,-8.0,5,-5.0,5
sz002364,2025-01-27,first_probe,1,6.5185185185185235,15.632682256623275,1.0568181818181825,0.3871116778611946,75.88879253499493,-4.645669291338583,1.2598425196850505,-4.645669291338583,-4.645669291338583,1.2598425196850505,-8.976377952755898,-0.393700787401563,2.2047244094488327,-8.976377952755898,13.93700787401575,16.69291338582679,-8.976377952755898,24.409448818897662,40.07874015748032,-8.976377952755898,-5.0,2,-5.0,2,-8.0,2,-5.0,2
sz002369,2025-04-14,first_probe,1,7.701283547257876,20.064860856773812,0.6060606060606065,0.7982272954500605,78.62484212524416,-4.017857142857151,0.44642857142855874,-5.46875,-8.03571428571429,0.44642857142855874,-9.263392857142861,-9.04017857142858,0.44642857142855874,-9.263392857142861,-6.361607142857151,0.44642857142855874,-9.263392857142861,-7.25446428571429,0.44642857142855874,-10.044642857142861,-5.0,1,-5.0,1,-8.0,2,-5.0,1
sz002369,2025-08-22,retest_probe,2,5.311355311355315,31.54043687385798,0.8793103448275857,0.2582555737509062,74.46395732211548,4.20091324200913,9.406392694063936,-2.100456621004554,5.205479452054806,9.406392694063936,-2.739726027397249,6.849315068493156,12.968036529680372,-2.739726027397249,1.735159817351617,12.968036529680372,-2.739726027397249,-8.493150684931505,12.968036529680372,-12.694063926940624,5.0,1,8.0,1,8.0,1,10.0,3
sz002370,2024-12-10,first_probe,1,7.881773399014791,22.891733628645586,1.3749999999999987,0.5580780238258192,82.04574344976643,1.0152284263959421,3.045685279187804,-1.269035532994922,4.82233502538072,7.868020304568524,-1.269035532994922,0.2538071065989911,7.868020304568524,-1.269035532994922,-3.0456852791878153,7.868020304568524,-5.837563451776651,-19.035532994923855,7.868020304568524,-21.065989847715738,5.0,2,-5.0,5,-3.0456852791878153,5,-5.0,5
sz002370,2025-01-09,retest_probe,2,8.385093167701863,13.71615934551746,0.8148148148148154,0.33032068919869106,81.46213284164713,-6.153846153846154,0.9230769230769154,-6.153846153846154,-9.23076923076922,0.9230769230769154,-12.0,-6.153846153846154,0.9230769230769154,-12.0,-6.769230769230772,0.9230769230769154,-12.0,1.538461538461533,7.3846153846153895,-12.0,-5.0,1,-5.0,1,-8.0,2,-5.0,1
sz002370,2025-04-16,retest_probe,3,5.362776025236582,16.83735331135099,1.235294117647059,0.3723003801759581,78.6290109144036,1.6077170418006492,2.893890675241173,-0.6430868167202619,1.6077170418006492,3.2154340836012985,-0.6430868167202619,4.5016077170418,5.787781350482324,-0.6430868167202619,5.466237942122176,6.430868167202575,-0.6430868167202619,0.6430868167202508,9.324758842443725,-0.6430868167202619,5.0,3,5.466237942122176,5,5.466237942122176,5,5.466237942122176,5
sz002374,2024-10-22,first_probe,1,5.882352941176472,25.07507830264336,0.42857142857142855,0.7034637962403287,81.94826394909957,5.737704918032782,6.557377049180335,-0.4098360655737654,4.098360655737698,8.606557377049185,-0.4098360655737654,10.655737704918034,14.344262295081966,-0.4098360655737654,8.606557377049185,15.983606557377051,-0.4098360655737654,16.393442622950815,18.032786885245898,-0.4098360655737654,5.0,1,8.0,2,8.0,2,10.0,3
sz002374,2025-02-21,retest_probe,2,6.844106463878341,14.607877696609325,0.4444444444444444,0.6655133992363148,80.95477867212513,1.858736059479571,3.7174721189591198,-0.3717472118959009,1.486988847583648,3.7174721189591198,-0.3717472118959009,2.973977695167296,3.7174721189591198,-0.3717472118959009,3.3457249070631967,10.408921933085512,-0.3717472118959009,-0.743494423791824,10.408921933085512,-4.460966542750933,5.0,5,8.0,5,8.0,5,10.0,5
sz002374,2025-07-11,retest_probe,3,6.164383561643838,30.479613485413687,0.5555555555555556,0.36576402692444393,81.36620964202183,-2.0134228187919434,0.6711409395973256,-2.348993288590595,-5.033557046979864,0.6711409395973256,-5.7046979865771785,-3.0201342281879096,0.6711409395973256,-5.7046979865771785,-4.36241610738255,0.6711409395973256,-5.7046979865771785,-3.0201342281879096,0.6711409395973256,-5.7046979865771785,-5.0,2,-5.0,2,-4.36241610738255,5,-5.0,2
sz002374,2025-11-05,retest_probe,4,6.927710843373491,19.85640715725408,1.0434782608695643,0.32259719360627875,84.0569524507614,-3.0674846625766805,2.147239263803691,-3.6809815950920144,-3.0674846625766805,2.4539877300613577,-3.6809815950920144,6.748466257668717,6.748466257668717,-4.907975460122693,29.141104294478538,29.141104294478538,-4.907975460122693,8.282208588957051,42.02453987730061,-4.907975460122693,5.0,3,8.0,4,8.0,4,10.0,4
sz002376,2025-06-09,first_probe,1,5.6629834254143585,24.499008723358088,0.8536585365853668,0.5691221076801017,82.24490423669074,-1.7906336088154284,0.688705234159781,-3.3057851239669422,7.9889807162534465,7.9889807162534465,-3.3057851239669422,18.732782369145994,18.732782369145994,-3.3057851239669422,15.151515151515138,29.338842975206614,-3.3057851239669422,1.2396694214876103,29.338842975206614,-3.3057851239669422,5.0,2,8.0,3,8.0,3,10.0,3
sz002379,2025-09-12,first_probe,1,7.595659623072515,24.026455016872386,0.47368421052631565,0.2649812129160485,75.44809206101488,-3.252480705622929,0.38588754134509795,-3.7486218302094754,-4.079382579933855,0.38588754134509795,-8.103638368246957,-6.28445424476296,0.38588754134509795,-8.103638368246957,-4.4652701212789525,0.38588754134509795,-9.59206174200663,-5.733186328555673,0.38588754134509795,-9.70231532524808,-5.0,2,-5.0,2,-8.0,2,-5.0,2
sz002383,2025-04-24,first_probe,1,7.403055229142197,13.55393400288041,0.8571428571428575,0.3885867634792858,79.25099789175133,5.575326215895626,5.575326215895626,-0.7117437722420017,3.084223013048626,5.575326215895626,-0.7117437722420017,4.507710557532629,7.710557532621598,-0.7117437722420017,4.033214709371302,7.710557532621598,-0.7117437722420017,3.7959667852906387,18.50533807829182,-0.7117437722420017,5.0,1,4.033214709371302,5,4.033214709371302,5,4.033214709371302,5
sz002389,2025-06-04,first_probe,1,4.963314630988336,17.344917488846008,0.8260869565217396,0.3660458767393553,75.20604859889406,-1.5564202334630295,0.99437959360138,-2.7237354085603016,-4.193687851275396,0.99437959360138,-4.409857328145261,-3.11284046692607,0.99437959360138,-4.409857328145261,-2.6372676178123666,0.99437959360138,-6.1392131431041825,2.766969303934297,6.6147859922178975,-6.1392131431041825,-5.0,4,-5.0,4,-2.6372676178123666,5,-5.0,4
sz002398,2025-02-05,first_probe,1,19.960079840319356,28.882244357413224,0.41000000000000014,0.8942774176333578,87.27154222471687,1.1834319526627057,5.325443786982231,-0.591715976331364,6.311637080867838,10.453648915187363,-3.747534516765294,9.270216962524657,12.623274161735697,-3.747534516765294,12.426035502958577,16.370808678500982,-3.747534516765294,25.44378698224852,32.93885601577908,-3.747534516765294,5.0,1,8.0,2,8.0,2,10.0,2
sz002400,2025-07-10,first_probe,1,7.979407979407993,47.49975979663335,0.5161290322580642,0.8091844614090893,87.4857301551883,-0.5050505050505083,0.7575757575757569,-0.8838383838383868,-2.146464646464641,0.7575757575757569,-2.2727272727272707,-1.8939393939394034,0.7575757575757569,-3.409090909090906,-1.6414141414141437,0.7575757575757569,-3.409090909090906,-1.5151515151515138,0.7575757575757569,-3.6616161616161658,-1.6414141414141437,5,-1.6414141414141437,5,-1.6414141414141437,5,-1.6414141414141437,5
sz002402,2025-10-23,first_probe,1,4.750957854406135,14.216001441649116,1.286290322580646,1.033242876552857,75.82593149280035,6.376479572355853,7.865597556319193,-1.0500190912562157,6.56739213440245,7.865597556319193,-1.0500190912562157,5.021000381825114,8.781977854142786,-1.0500190912562157,7.502863688430694,10.729285987017946,-1.0500190912562157,-7.4074074074074066,13.5357006491027,-12.122947689957996,5.0,1,8.0,3,8.0,3,10.0,5
sz002403,2025-09-05,first_probe,1,7.990012484394504,16.670760819762556,0.5234375000000009,0.28220891040221624,80.76185665878168,7.464528069093168,10.240592227020361,-1.2338062924120874,9.376927822331883,13.263417643429975,-1.2338062924120874,7.217766810610726,13.263417643429975,-1.2338062924120874,2.899444787168415,13.263417643429975,-1.2338062924120874,-5.0586057988895705,13.263417643429975,-5.61381863047502,5.0,1,8.0,1,8.0,1,10.0,1
sz002404,2025-03-13,first_probe,1,6.750392464678168,30.249305051913197,0.767441860465117,0.8405951384928093,85.58619999865651,3.081664098613257,3.2357473035439233,-1.3867488443759624,1.3867488443759513,3.2357473035439233,-1.3867488443759624,2.003081664098616,3.2357473035439233,-1.3867488443759624,0.6163328197226425,3.2357473035439233,-1.3867488443759624,0.6163328197226425,3.2357473035439233,-2.6194144838212585,0.6163328197226425,5,0.6163328197226425,5,0.6163328197226425,5,0.6163328197226425,5
sz002406,2025-05-08,first_probe,1,4.830287206266304,21.0741143714408,0.6486486486486482,0.2559466046243685,72.43600408468703,-2.179487179487183,1.025641025641022,-2.9487179487179382,1.7948717948718107,5.512820512820515,-2.9487179487179382,-0.38461538461538325,5.512820512820515,-2.9487179487179382,-1.538461538461544,5.512820512820515,-2.9487179487179382,-1.1538461538461497,7.948717948717943,-2.9487179487179382,5.0,2,-1.538461538461544,5,-1.538461538461544,5,-1.538461538461544,5
sz002408,2025-05-15,first_probe,1,6.25,20.174419185972795,0.517241379310343,0.6476526329516602,82.0951940481383,-0.8421052631578996,0.6315789473684275,-1.684210526315788,-0.8421052631578996,0.6315789473684275,-1.684210526315788,-0.6315789473684275,0.6315789473684275,-2.3157894736842155,-2.1052631578947323,0.6315789473684275,-3.157894736842115,-3.157894736842115,0.6315789473684275,-4.6315789473684195,-2.1052631578947323,5,-2.1052631578947323,5,-2.1052631578947323,5,-2.1052631578947323,5
sz002426,2024-12-02,first_probe,1,8.469055374592838,14.475152582410836,0.7692307692307693,0.37808821772380136,82.36328561875825,-3.883495145631055,0.9708737864077666,-4.53074433656957,-3.883495145631055,0.9708737864077666,-5.501618122977348,-2.588996763754048,0.9708737864077666,-5.825242718446589,8.090614886731395,17.79935275080906,-5.825242718446589,19.741100323624615,43.68932038834954,-5.825242718446589,-5.0,2,-5.0,2,8.0,5,-5.0,2
sz002426,2025-02-26,retest_probe,2,6.077348066298338,13.366656213646662,0.4545454545454534,0.6457093282966633,79.32306494612244,-0.8219178082191747,0.8219178082191858,-3.835616438356171,-7.12328767123287,0.8219178082191858,-8.493150684931505,-3.013698630136985,0.8219178082191858,-8.493150684931505,0.5479452054794498,1.3698630136986356,-8.493150684931505,2.7397260273972712,8.767123287671241,-8.493150684931505,-5.0,2,-5.0,2,-8.0,2,-5.0,2
sz002426,2025-03-03,continuous_probe,3,5.797101449275344,14.08930307833068,0.5500000000000002,0.2906773013771554,77.72112135318308,1.7291066282420609,2.3054755043227626,-1.4409221902017322,5.7636887608069065,6.628242074927959,-1.4409221902017322,5.187319884726227,8.069164265129668,-1.4409221902017322,4.0345821325648235,9.5100864553314,-1.4409221902017322,7.204610951008639,14.4092219020173,-1.4409221902017322,5.0,2,8.0,3,8.0,3,4.0345821325648235,5
sz002428,2025-04-07,first_probe,1,4.741833508956783,16.954981571812528,1.388888888888891,0.782625413142171,76.0175839081798,3.143631436314376,6.124661246612462,-4.715447154471553,3.577235772357734,6.124661246612462,-4.715447154471553,4.336043360433606,7.588075880758827,-4.715447154471553,7.262872628726291,8.943089430894325,-4.715447154471553,3.9024390243902474,8.943089430894325,-4.715447154471553,5.0,1,8.0,5,8.0,5,7.262872628726291,5
sz002431,2024-11-08,first_probe,1,8.43373493975903,16.452536506105936,1.0476190476190488,0.46954158370833515,86.05475392293258,-4.263565891472865,1.9379844961240345,-6.2015503875969,-8.914728682170537,1.9379844961240345,-9.689922480620151,-10.465116279069765,1.9379844961240345,-12.40310077519381,-4.651162790697683,3.875968992248069,-12.40310077519381,-13.1782945736434,3.875968992248069,-13.1782945736434,-5.0,1,-5.0,1,-8.0,2,-5.0,1
sz002436,2025-03-13,first_probe,1,10.685335298452458,17.004359531221755,0.6482758620689655,0.405785886320119,82.34389973238741,-0.28797696184306165,1.367890568754504,-2.591792656587477,1.1519078473722022,1.943844492440605,-2.591792656587477,2.9517638588912876,5.543556515478754,-2.591792656587477,-5.183585313174954,5.543556515478754,-5.399568034557234,-8.279337652987762,5.543556515478754,-10.727141828653707,5.0,3,-5.0,5,-5.183585313174954,5,-5.0,5
sz002437,2025-05-30,first_probe,1,5.084745762711851,19.959425625093758,1.2000000000000017,0.3936259460451166,76.85865280893556,0.34602076124565784,3.114186851211076,-1.384083044982698,0.0,3.460207612456756,-1.384083044982698,-3.460207612456745,3.460207612456756,-4.498269896193785,5.190311418685112,5.190311418685112,-5.5363321799308025,4.498269896193774,12.456747404844283,-5.5363321799308025,-5.0,4,-5.0,4,5.190311418685112,5,-5.0,4
sz002438,2024-10-17,first_probe,1,6.323396567298989,19.55889829441752,0.457142857142858,0.26078896562322906,74.63862638754945,3.615520282186946,5.820105820105814,-1.7636684303350858,10.052910052910068,11.199294532627867,-1.7636684303350858,16.402116402116395,18.87125220458554,-1.7636684303350858,13.668430335097014,18.87125220458554,-1.7636684303350858,19.576719576719583,20.98765432098766,-1.7636684303350858,5.0,1,8.0,2,8.0,2,10.0,2
sz002441,2025-10-09,first_probe,1,5.908096280087527,20.466296520572158,0.7592592592592607,0.4222271383535155,75.59762347243161,1.1917659804983716,1.7334777898158293,-1.1917659804983827,-0.650054171180936,1.7334777898158293,-4.333694474539551,-0.8667388949079147,1.7334777898158293,-4.333694474539551,2.9252437703141787,4.658721560130008,-4.333694474539551,3.250270855904658,4.658721560130008,-4.333694474539551,2.9252437703141787,5,2.9252437703141787,5,2.9252437703141787,5,2.9252437703141787,5
sz002442,2025-11-21,first_probe,1,5.608974358974361,14.334613876255993,0.8857142857142855,0.47159701139654603,76.59061259229944,1.2638230647709303,1.7377567140600458,-0.4739336492891044,1.4218009478673022,2.5276461295418606,-0.4739336492891044,2.211690363349117,4.423380726698256,-0.4739336492891044,4.581358609794628,6.319115323854674,-0.4739336492891044,8.214849921011048,12.164296998420209,-0.4739336492891044,5.0,4,4.581358609794628,5,4.581358609794628,5,4.581358609794628,5
sz002443,2025-06-23,first_probe,1,7.5353218210360895,32.363388946645955,0.5624999999999997,0.42253094858437296,78.27963913012553,0.0,0.46224961479197635,-2.773497688751936,0.0,0.9244992295839749,-2.773497688751936,-1.6949152542372947,0.9244992295839749,-2.773497688751936,-2.003081664098616,0.9244992295839749,-3.081664098613257,3.2357473035439233,4.160246533127876,-3.235747303543912,-2.003081664098616,5,-2.003081664098616,5,-2.003081664098616,5,-2.003081664098616,5
sz002446,2025-04-23,first_probe,1,7.028753993610226,18.646304590674426,0.7499999999999994,0.38257537852250445,79.46741635557237,7.568438003220601,9.178743961352653,0.0,5.475040257648955,9.178743961352653,0.0,2.5764895330112836,9.178743961352653,0.0,3.0595813204508993,9.178743961352653,0.0,11.594202898550732,12.560386473429963,0.0,5.0,1,8.0,1,8.0,1,3.0595813204508993,5
sz002448,2025-08-05,first_probe,1,7.494407158836691,17.574471339695247,0.5970149253731323,0.43799107089321515,80.25282430561477,0.864864864864856,1.4054054054054133,-1.297297297297284,-0.324324324324321,1.4054054054054133,-1.297297297297284,-0.324324324324321,1.4054054054054133,-1.297297297297284,0.432432432432428,1.4054054054054133,-1.297297297297284,6.81081081081083,9.189189189189184,-1.297297297297284,0.432432432432428,5,0.432432432432428,5,0.432432432432428,5,0.432432432432428,5
sz002453,2025-10-17,first_probe,1,5.223880597014929,22.863263857671978,0.742857142857143,0.7798356052582841,81.92529661193653,1.185185185185178,2.51851851851852,0.0,3.8518518518518396,4.296296296296287,0.0,0.7407407407407307,4.296296296296287,0.0,-0.7407407407407418,4.296296296296287,-1.9259259259259198,-2.2222222222222254,4.444444444444451,-4.592592592592581,-0.7407407407407418,5,-0.7407407407407418,5,-0.7407407407407418,5,-0.7407407407407418,5
sz002455,2024-10-24,first_probe,1,4.792746113989632,18.293546490081752,0.9189189189189183,0.6744151563845726,76.9472542395357,2.445302445302455,3.603603603603611,-0.3861003861003742,5.920205920205923,6.4350064350064295,-0.3861003861003742,3.346203346203347,8.880308880308906,-0.3861003861003742,3.217503217503226,8.880308880308906,-0.3861003861003742,15.315315315315337,17.117117117117118,-0.3861003861003742,5.0,2,8.0,3,8.0,3,3.217503217503226,5
sz002456,2024-11-01,first_probe,1,6.636415201361334,33.20111633289007,2.495726495726492,0.29961792803237397,81.35368881785246,17.960837272113416,17.960837272113416,0.0,16.81296421336935,24.24037812288993,0.0,12.086428089128965,24.24037812288993,0.0,17.08305199189737,24.24037812288993,0.0,7.765023632680634,27.211343686698175,0.0,5.0,1,8.0,1,8.0,1,10.0,1
sz002470,2025-02-24,first_probe,1,6.499999999999995,33.35815275182667,0.5384615384615377,0.29372235764167115,77.61652771091364,-1.9607843137254943,1.9607843137254832,-2.450980392156865,-1.4705882352941346,1.9607843137254832,-2.450980392156865,-2.450980392156865,1.9607843137254832,-3.9215686274509887,-5.392156862745101,1.9607843137254832,-6.372549019607854,-8.333333333333325,1.9607843137254832,-8.333333333333325,-5.0,4,-5.0,4,-5.392156862745101,5,-5.0,4
sz002474,2024-11-05,first_probe,1,6.645056726094012,16.944863059858964,0.5609756097560984,0.7659072012143661,82.25201195125705,0.9508716323296529,3.803486529318545,-0.15847860538826808,11.093502377179076,11.093502377179076,-0.9508716323296307,8.082408874801917,15.530903328050716,-0.9508716323296307,13.629160063391454,20.443740095087158,-0.9508716323296307,-0.47543581616480424,20.443740095087158,-4.5958795562599075,5.0,2,8.0,2,8.0,2,10.0,2
sz002476,2025-08-21,first_probe,1,7.732864674868178,27.985362010305103,0.909090909090909,0.3065330647886107,79.41502515977047,-1.9163763066202155,1.0452961672473782,-2.6132404181184676,-2.7874564459930307,1.0452961672473782,-3.658536585365857,-2.0905923344947785,1.0452961672473782,-3.832752613240431,-8.013937282229966,1.0452961672473782,-10.801393728222997,-3.658536585365857,1.0452961672473782,-10.801393728222997,-5.0,4,-5.0,4,-8.0,5,-5.0,4
sz002476,2025-09-19,retest_probe,2,5.641025641025643,16.50415672770326,0.7878787878787871,0.378632882279043,75.14966050185964,-2.500000000000002,0.16666666666667052,-3.833333333333344,-3.6666666666666625,0.16666666666667052,-7.333333333333336,-3.500000000000003,0.3333333333333188,-7.333333333333336,-4.666666666666675,0.3333333333333188,-7.333333333333336,1.6666666666666607,5.666666666666664,-8.000000000000007,-5.0,2,-5.0,2,-4.666666666666675,5,-5.0,2
sz002478,2024-12-20,first_probe,1,4.924242424242431,33.152764745231465,0.46153846153846234,0.4477996270486894,78.35518033477831,-2.957486136783738,0.7393715341959428,-3.3271719038816983,0.1848428835489857,0.7393715341959428,-3.3271719038816983,-0.3696857670979714,0.7393715341959428,-3.3271719038816983,0.9242144177449063,2.5878003696857554,-3.3271719038816983,-4.251386321626627,2.5878003696857554,-5.545286506469493,0.9242144177449063,5,0.9242144177449063,5,0.9242144177449063,5,0.9242144177449063,5
sz002479,2025-04-22,first_probe,1,4.990757855822547,34.66325789250098,1.185185185185185,0.4017306926492394,77.7874238489304,-0.7532956685499026,3.201506591337111,-1.506591337099794,1.5065913370998052,3.201506591337111,-1.506591337099794,7.53295668549907,11.67608286252355,-1.506591337099794,0.18832391713747842,11.67608286252355,-1.506591337099794,-0.941619585687381,11.67608286252355,-3.2015065913371,5.0,3,8.0,3,8.0,3,10.0,3
sz002482,2025-09-02,first_probe,1,7.608695652173902,25.825717601222703,0.7857142857142854,0.3063844473931105,82.46069905242594,-3.1746031746031633,1.0582010582010692,-3.703703703703698,-2.64550264550264,1.0582010582010692,-4.761904761904756,-1.5873015873015817,1.0582010582010692,-4.761904761904756,-1.5873015873015817,1.0582010582010692,-4.761904761904756,6.349206349206349,6.8783068783068835,-4.761904761904756,-1.5873015873015817,5,-1.5873015873015817,5,-1.5873015873015817,5,-1.5873015873015817,5
sz002482,2025-09-18,retest_probe,2,6.467661691542315,22.404326757440472,1.076923076923075,0.501295627375727,85.75246452045432,-4.5000000000000036,1.0000000000000009,-5.500000000000005,-6.499999999999995,1.0000000000000009,-7.9999999999999964,-9.499999999999996,1.0000000000000009,-11.5,-11.5,1.0000000000000009,-12.0,-10.499999999999998,1.0000000000000009,-14.000000000000002,-5.0,1,-5.0,1,-8.0,3,-5.0,1
sz002487,2025-01-17,first_probe,1,6.2278481012658204,43.41995603794667,0.8861788617886175,0.3191673305727461,79.51381019980158,-0.20273694880891258,2.1287379624936653,-0.6588950836289853,1.9260010136847416,3.446528129751636,-0.9123162696401454,2.736948808920414,3.9026862645717086,-0.9123162696401454,1.7739483020780433,3.9026862645717086,-0.9123162696401454,1.976685250886967,3.9026862645717086,-2.838317283324876,1.7739483020780433,5,1.7739483020780433,5,1.7739483020780433,5,1.7739483020780433,5
sz002489,2025-04-29,first_probe,1,5.828220858895716,26.33402370449484,0.5263157894736836,0.2609347430155684,77.67412320112865,0.5763688760807018,3.170028818443793,-1.1527377521613813,4.322766570605174,4.899135446685876,-1.1527377521613813,5.187319884726227,9.5100864553314,-1.1527377521613813,4.322766570605174,9.5100864553314,-1.1527377521613813,20.172910662824208,27.665706051873173,-1.1527377521613813,5.0,3,8.0,3,8.0,3,4.322766570605174,5
sz002491,2024-11-21,first_probe,1,4.824561403508776,15.185774457182363,0.7272727272727258,0.334606342322924,75.92404165616354,-1.7391304347826098,4.565217391304355,-1.9565217391304346,-1.5217391304347738,4.565217391304355,-4.999999999999993,-1.9565217391304346,4.565217391304355,-4.999999999999993,-0.43478260869563856,4.565217391304355,-4.999999999999993,3.4782608695652195,4.565217391304355,-4.999999999999993,-0.43478260869563856,5,-0.43478260869563856,5,-0.43478260869563856,5,-0.43478260869563856,5
sz002491,2025-01-08,retest_probe,2,4.816513761467878,16.798391338456025,0.5238095238095254,0.28914557349048436,69.5527541570177,1.3605442176870763,4.081632653061207,-0.9070294784580546,-5.895691609977316,4.081632653061207,-6.1224489795918435,-4.761904761904756,4.081632653061207,-9.977324263038545,2.26757369614512,4.081632653061207,-9.977324263038545,3.4013605442176686,6.122448979591821,-9.977324263038545,-5.0,2,-5.0,2,-8.0,3,-5.0,2
sz002492,2025-06-20,first_probe,1,8.166666666666679,22.085861755764906,0.9591836734693886,0.34030007741047624,84.76042288170633,1.6181229773462924,6.148867313915862,-0.8090614886731351,-4.207119741100318,6.148867313915862,-4.53074433656957,-4.53074433656957,6.148867313915862,-6.148867313915851,-5.501618122977348,6.148867313915862,-6.6343042071197456,-5.016181229773453,6.148867313915862,-6.6343042071197456,5.0,1,-5.0,3,-5.501618122977348,5,-5.0,3
sz002492,2025-06-23,continuous_probe,2,6.148867313915862,28.547723439536213,0.7368421052631564,0.3289643418989884,77.863335892552,-1.3333333333333308,1.6666666666666607,-1.6666666666666607,-1.6666666666666607,1.6666666666666607,-3.3333333333333326,-3.3333333333333326,1.6666666666666607,-3.833333333333344,-2.3333333333333317,1.6666666666666607,-3.833333333333344,-0.8333333333333304,1.6666666666666607,-3.833333333333344,-2.3333333333333317,5,-2.3333333333333317,5,-2.3333333333333317,5,-2.3333333333333317,5
sz002495,2025-05-14,first_probe,1,7.03125,22.250544323576104,0.6666666666666666,0.6024272515472457,85.01580986492185,0.37878787878786735,1.5151515151515138,-1.1363636363636465,-1.5151515151515138,1.5151515151515138,-2.6515151515151603,3.7878787878787845,4.166666666666652,-2.6515151515151603,3.409090909090895,7.954545454545459,-2.6515151515151603,3.0303030303030276,7.954545454545459,-2.6515151515151603,5.0,4,3.409090909090895,5,3.409090909090895,5,3.409090909090895,5
sz002495,2025-06-04,retest_probe,2,7.490636704119846,31.30474335123235,0.6,0.32650911844988684,79.62641855271274,-4.946996466431097,1.0600706713780772,-5.300353356890453,-3.180212014134276,1.7667844522968101,-5.300353356890453,-2.1201413427561877,1.7667844522968101,-5.300353356890453,-4.240282685512375,1.7667844522968101,-6.360424028268552,-10.600706713780927,1.7667844522968101,-10.954063604240282,-5.0,1,-5.0,1,-4.240282685512375,5,-5.0,1
sz002496,2024-09-27,first_probe,1,7.657657657657646,20.94773914913472,0.47058823529411825,0.4288666485486171,79.34249536115227,2.9288702928870203,3.765690376569042,-1.673640167364021,1.2552301255229992,12.970711297071125,-5.020920502092052,-8.786610878661083,12.970711297071125,-8.786610878661083,-15.899581589958167,12.970711297071125,-17.154811715481177,-15.481171548117157,12.970711297071125,-18.828451882845197,-5.0,2,-5.0,2,8.0,2,-5.0,2
sz002496,2024-12-10,retest_probe,2,7.171314741035872,15.305537991956992,1.0,1.0459522723813937,87.11320938972268,7.258064516129048,7.6612903225806495,-0.8064516129032251,5.241935483870974,7.6612903225806495,-0.8064516129032251,0.8064516129032251,7.6612903225806495,-0.8064516129032251,-3.629032258064513,7.6612903225806495,-4.032258064516137,-19.758064516129036,7.6612903225806495,-22.983870967741936,5.0,1,-3.629032258064513,5,-3.629032258064513,5,-3.629032258064513,5
sz002501,2024-09-23,first_probe,1,5.714285714285716,121.40014485833825,0.5,1.674572384403226,86.3124650846265,1.869158878504673,1.869158878504673,-0.9345794392523366,4.672897196261694,9.345794392523343,-0.9345794392523366,11.214953271028016,11.214953271028016,-0.9345794392523366,28.971962616822424,28.971962616822424,-0.9345794392523366,13.08411214953269,42.05607476635513,-0.9345794392523366,5.0,2,8.0,2,8.0,2,10.0,3
sz002510,2024-12-10,first_probe,1,7.941176470588229,16.89638285316841,0.9259259259259258,0.5452582238999721,84.98132672439017,3.5555555555555562,6.666666666666665,-1.7777777777777781,13.925925925925942,13.925925925925942,-1.7777777777777781,7.259259259259254,13.925925925925942,-1.7777777777777781,-3.8518518518518507,13.925925925925942,-4.592592592592581,-10.518518518518515,13.925925925925942,-13.185185185185178,5.0,1,8.0,2,8.0,2,10.0,2
sz002510,2024-12-25,retest_probe,2,5.691056910569103,15.435581463405976,0.514285714285714,0.2886818490545613,75.46966045502408,1.9292604501607746,3.536977491961424,-0.6430868167202619,0.9646302250803984,3.6977491961414755,-0.6430868167202619,-2.0900321543408373,3.6977491961414755,-2.2508038585209,-10.12861736334405,3.6977491961414755,-11.414790996784562,-11.414790996784562,3.6977491961414755,-19.7749196141479,-5.0,4,-5.0,4,-8.0,5,-5.0,4
sz002512,2025-10-29,first_probe,1,10.056925996204935,22.751935082040458,1.1509433962264135,0.2843461638530288,83.6609896189497,3.0303030303030276,10.70707070707071,-5.05050505050505,-6.666666666666665,10.70707070707071,-7.070707070707083,-5.4545454545454675,10.70707070707071,-9.898989898989907,6.8686868686868685,12.12121212121211,-9.898989898989907,6.8686868686868685,20.606060606060606,-9.898989898989907,-5.0,1,-5.0,1,8.0,1,-5.0,1
sz002512,2025-11-19,retest_probe,2,9.009009009009006,16.39846812413329,0.4599999999999991,0.31196728163128296,76.76289620276005,0.7142857142857117,3.928571428571437,-5.357142857142849,-9.285714285714274,3.928571428571437,-9.285714285714274,-10.892857142857137,3.928571428571437,-15.892857142857142,7.857142857142874,7.857142857142874,-15.892857142857142,2.6785714285714413,14.46428571428573,-15.892857142857142,-5.0,1,-5.0,1,-8.0,2,-5.0,1
sz002514,2025-04-08,first_probe,1,7.1705426356589275,14.956615022358452,0.48648648648648796,0.6034947772376826,77.08328944732538,6.857142857142873,7.2380952380952435,-8.190476190476181,9.523809523809534,13.142857142857146,-8.190476190476181,11.428571428571432,14.28571428571428,-8.190476190476181,12.190476190476174,15.047619047619044,-8.190476190476181,10.476190476190483,15.047619047619044,-8.190476190476181,-5.0,1,-5.0,1,-8.0,1,-5.0,1
sz002515,2024-09-27,first_probe,1,6.150341685649208,13.615287439928274,0.5925925925925921,0.5604798022371481,75.63852094976735,4.329004329004338,4.761904761904767,-2.813852813852813,4.329004329004338,13.85281385281385,-2.813852813852813,-3.2467532467532534,13.85281385281385,-3.2467532467532534,-5.411255411255411,13.85281385281385,-5.844155844155852,-4.112554112554124,13.85281385281385,-6.277056277056281,5.0,2,8.0,2,8.0,2,10.0,2
sz002515,2025-09-24,retest_probe,2,6.007509386733423,29.650403404993543,1.2708333333333328,0.5454098442339659,82.25449334802502,2.57452574525745,6.910569105691056,-2.4390243902438935,9.349593495934961,12.872628726287271,-2.4390243902438935,7.317073170731714,14.498644986449861,-2.4390243902438935,8.943089430894302,14.498644986449861,-2.4390243902438935,-5.420054200542001,14.498644986449861,-7.72357723577236,5.0,1,8.0,2,8.0,2,10.0,2
sz002519,2025-06-18,first_probe,1,6.457925636007822,13.511783843439018,0.6363636363636361,0.5008774329476546,79.92836616762501,-2.9013539651837617,1.1605415860735047,-3.675048355899413,-6.382978723404253,1.1605415860735047,-6.576402321083174,0.9671179883945724,2.3210831721470093,-6.769825918762084,4.255319148936176,6.189555125725343,-6.769825918762084,5.029013539651839,9.864603481624744,-6.769825918762084,-5.0,2,-5.0,2,4.255319148936176,5,-5.0,2
sz002520,2024-12-09,first_probe,1,12.296983758700698,17.369861799259102,1.4056603773584901,0.44039407512599427,83.98853891926869,-9.570552147239264,0.4907975460122671,-9.570552147239264,-10.184049079754597,0.4907975460122671,-14.601226993865035,-12.88343558282209,0.4907975460122671,-14.601226993865035,-16.564417177914116,0.4907975460122671,-17.91411042944785,-24.662576687116566,0.4907975460122671,-24.662576687116566,-5.0,1,-5.0,1,-8.0,1,-5.0,1
sz002520,2025-04-08,retest_probe,2,7.499999999999996,14.810251898855661,0.846153846153847,0.7205488944482592,78.49990817501042,7.632093933463779,11.937377690802343,-7.436399217221135,9.589041095890405,13.307240704500977,-7.436399217221135,12.328767123287676,14.090019569471623,-7.436399217221135,17.025440313111552,18.59099804305282,-7.436399217221135,10.176125244618394,18.59099804305282,-7.436399217221135,-5.0,1,-5.0,1,8.0,1,-5.0,1
sz002522,2025-02-27,first_probe,1,14.784053156146193,27.226227241881084,0.9438202247191003,0.6631265121420264,90.91110571832456,-10.049423393739708,1.6474464579901094,-10.049423393739708,-18.286655683690288,1.6474464579901094,-18.945634266886337,-16.30971993410214,1.6474464579901094,-19.604612850082383,-13.34431630971994,1.6474464579901094,-19.604612850082383,-16.144975288303133,1.6474464579901094,-19.604612850082383,-5.0,1,-5.0,1,-8.0,1,-5.0,1
sz002523,2025-03-21,first_probe,1,9.476309226932656,19.79482856695416,0.4210526315789455,0.3876410449038794,80.11440684099036,4.3269230769230616,7.211538461538458,-3.60576923076924,-3.3653846153846256,7.211538461538458,-3.60576923076924,0.48076923076922906,7.211538461538458,-4.807692307692313,-7.692307692307699,7.211538461538458,-7.932692307692313,-23.076923076923073,7.211538461538458,-23.076923076923073,5.0,1,-5.0,5,-7.692307692307699,5,-5.0,5
sz002523,2025-09-30,retest_probe,2,6.299212598425186,34.753515124061266,0.7083333333333337,0.26476452944991397,82.02413483019187,3.341902313624656,5.398457583547556,-0.7712082262210873,3.084832904884305,5.398457583547556,-0.7712082262210873,4.884318766066831,5.398457583547556,-1.5424164524421635,4.6272493573264795,5.9125964010282805,-1.5424164524421635,12.85347043701799,17.994858611825194,-1.5424164524421635,5.0,1,4.6272493573264795,5,4.6272493573264795,5,4.6272493573264795,5
sz002526,2024-11-06,first_probe,1,5.0167224080267525,18.474055334557224,1.0,0.2596151438718775,73.51808959581858,4.421768707482987,6.4625850340136015,-1.3605442176870763,1.7006802721088565,6.4625850340136015,-1.3605442176870763,2.7210884353741527,6.4625850340136015,-1.3605442176870763,-1.0204081632652962,6.4625850340136015,-3.741496598639449,-3.741496598639449,6.4625850340136015,-9.523809523809511,5.0,1,-1.0204081632652962,5,-1.0204081632652962,5,-1.0204081632652962,5
sz002528,2025-02-06,first_probe,1,7.438016528925617,16.356704650018646,0.3888888888888901,0.6431466270059865,74.68945790277236,3.734439834024883,5.8091286307053736,-0.4149377593361092,9.12863070539418,9.12863070539418,-0.4149377593361092,9.12863070539418,11.203319502074693,-0.4149377593361092,7.883817427385886,11.203319502074693,-0.4149377593361092,9.543568464730278,13.278008298755184,-0.4149377593361092,5.0,1,8.0,2,8.0,2,10.0,3
sz002528,2025-11-17,retest_probe,2,5.810397553516822,20.394139639479576,1.0,0.565434485390209,82.2421371645085,4.0000000000000036,5.5384615384615365,0.0,-0.6153846153846176,5.5384615384615365,-1.2307692307692353,-2.7692307692307683,5.5384615384615365,-4.307692307692312,-5.230769230769228,5.5384615384615365,-7.692307692307687,-4.9230769230769305,5.5384615384615365,-7.692307692307687,5.0,1,-5.0,4,-5.230769230769228,5,-5.0,4
sz002531,2025-03-17,first_probe,1,5.200000000000005,32.019228482473615,0.5897435897435891,0.25477945361499904,75.96833827461245,-0.13089005235601414,0.7853403141361293,-1.0471204188481686,-0.654450261780104,0.7853403141361293,-1.308900523560208,0.9162303664921545,2.617801047120416,-1.308900523560208,3.141361256544495,6.020942408376961,-1.308900523560208,-4.581151832460728,6.020942408376961,-5.104712041884818,5.0,4,3.141361256544495,5,3.141361256544495,5,3.141361256544495,5
sz002538,2024-11-15,first_probe,1,6.299212598425208,14.222515430848501,1.249999999999999,0.3269395813246353,75.01549569886342,-5.3208137715179955,1.8779342723004744,-5.633802816901401,-0.312989045383405,1.8779342723004744,-5.633802816901401,9.702660406885766,9.702660406885766,-5.633802816901401,5.477308294209715,16.275430359937392,-5.633802816901401,1.0954616588419341,16.275430359937392,-5.633802816901401,-5.0,1,-5.0,1,8.0,3,-5.0,1
sz002540,2025-11-20,first_probe,1,5.6899004267425335,14.678985359716261,0.6999999999999993,0.3145901700378489,77.05455851058582,-4.707560627674756,1.2838801711840153,-5.1355206847360835,-3.708987161198285,1.2838801711840153,-5.1355206847360835,-2.5677603423680417,1.2838801711840153,-5.1355206847360835,-7.132667617689014,1.2838801711840153,-7.41797432239657,4.422253922967201,8.701854493580608,-8.131241084165474,-5.0,1,-5.0,1,-7.132667617689014,5,-5.0,1
sz002542,2024-11-08,first_probe,1,18.993506493506484,14.646008560747806,0.9743589743589741,0.5692386359034484,79.23333397158349,0.0,0.0,0.0,-10.05385996409337,0.0,-10.05385996409337,-8.078994614003598,0.0,-19.03052064631958,-25.31418312387792,0.0,-25.493716337522443,-14.362657091561948,0.0,-31.77737881508079,-5.0,2,-5.0,2,-8.0,2,-5.0,2
sz002542,2025-03-03,retest_probe,2,4.82233502538072,14.00747686505512,0.42105263157894784,0.5682755273264046,75.78417538975805,0.0,0.7575757575757569,-1.0101010101010055,0.7575757575757569,1.262626262626254,-1.0101010101010055,3.2828282828282873,4.545454545454541,-1.0101010101010055,1.0101010101010166,6.060606060606055,-1.0101010101010055,-1.0101010101010055,6.060606060606055,-3.535353535353536,5.0,4,1.0101010101010166,5,1.0101010101010166,5,1.0101010101010166,5
sz002544,2025-04-07,first_probe,1,5.668016194331971,14.365010623322311,1.160714285714289,0.8705611961772973,76.45941684898452,0.40858018386109585,2.3493360572012234,-2.7068437180796656,3.5750766087844887,4.18794688457611,-3.524004085801824,3.6772216547497516,7.150153217568955,-3.524004085801824,5.362614913176711,7.201225740551576,-3.524004085801824,5.209397344228828,7.201225740551576,-3.524004085801824,5.0,3,5.362614913176711,5,5.362614913176711,5,5.362614913176711,5
sz002547,2024-09-20,first_probe,1,6.923076923076921,21.90096224395095,0.5555555555555545,1.0950131989636067,84.14024529686827,9.259259259259256,9.259259259259256,-0.37037037037037646,11.48148148148147,16.66666666666665,-0.37037037037037646,15.555555555555545,22.592592592592588,-0.37037037037037646,21.851851851851855,25.185185185185176,-0.37037037037037646,18.518518518518512,46.66666666666666,-0.37037037037037646,5.0,1,8.0,1,8.0,1,10.0,2
sz002547,2025-02-19,retest_probe,2,5.243445692883908,16.281807652965174,0.5714285714285714,0.4339703830202799,71.83370815687012,-2.788104089219323,0.9293680297397744,-3.531598513011147,-1.1152416356877248,2.230483271375472,-4.089219330855009,2.973977695167296,5.018587360594795,-4.089219330855009,2.4163568773234223,7.806691449814118,-4.089219330855009,-5.947955390334581,7.806691449814118,-11.710037174721188,5.0,3,2.4163568773234223,5,2.4163568773234223,5,2.4163568773234223,5
sz002549,2025-06-17,first_probe,1,7.521186440677985,20.84543366457843,0.47887323943661897,0.28776143911023544,78.70057600611969,-1.2474012474012364,0.5197505197505281,-1.663201663201641,-6.029106029106035,0.5197505197505281,-6.237006237006238,-5.405405405405405,0.5197505197505281,-7.17255717255717,-1.2474012474012364,0.6237006237006293,-8.731808731808732,17.77546777546779,17.77546777546779,-8.731808731808732,-5.0,2,-5.0,2,-8.0,4,-5.0,2
sz002552,2025-07-07,first_probe,1,9.009628610729026,18.684789663307534,0.786259541984732,0.5579751900547496,83.60999132335746,10.135135135135132,10.135135135135132,-1.3513513513513598,8.986486486486477,14.864864864864868,-1.3513513513513598,8.37837837837836,14.864864864864868,-1.3513513513513598,14.93243243243243,14.93243243243243,-1.3513513513513598,11.689189189189197,18.44594594594595,-1.3513513513513598,5.0,1,8.0,1,8.0,1,10.0,1
sz002553,2025-03-31,first_probe,1,4.955839057899913,400.1096001892952,1.0,0.8324946967316484,86.72718479715076,1.400966183574881,4.782608695652191,-1.40096618357487,-1.6425120772946888,4.782608695652191,-6.763285024154586,-8.212560386473422,4.782608695652191,-8.743961352657003,-23.043478260869566,4.782608695652191,-25.60386473429951,-4.7826086956521685,4.782608695652191,-30.724637681159418,-5.0,2,-5.0,2,-8.0,3,-5.0,2
sz002559,2024-11-14,first_probe,1,5.236139630390135,15.920567197929088,1.2352941176470609,0.36005777928438965,81.27906027601406,-2.6205450733752578,2.2012578616352307,-3.1446540880503027,-7.442348008385736,2.2012578616352307,-8.490566037735835,-2.410901467505222,2.2012578616352307,-8.490566037735835,-1.5723270440251458,2.2012578616352307,-8.490566037735835,-6.184486373165621,2.2012578616352307,-11.94968553459118,-5.0,2,-5.0,2,-8.0,2,-5.0,2
sz002560,2025-06-17,first_probe,1,8.870967741935477,16.594252326844096,0.4848484848484845,0.4212067958126557,81.06946367467842,0.7843137254901933,2.2222222222222143,-0.39215686274509665,-5.35947712418301,2.2222222222222143,-5.490196078431375,-6.405228758169934,2.2222222222222143,-6.797385620915042,-3.26797385620915,2.2222222222222143,-7.058823529411762,2.4836601307189454,4.313725490196085,-7.058823529411762,-5.0,2,-5.0,2,-3.26797385620915,5,-5.0,2
sz002562,2025-04-23,first_probe,1,7.328605200945626,23.34434663385538,0.6129032258064536,0.27317379915996637,78.74791035865883,2.2172949002217335,6.208425720620858,-2.4390243902438935,0.0,6.208425720620858,-2.4390243902438935,7.982261640798227,9.977827050997789,-4.212860310421274,0.22172949002217113,9.977827050997789,-4.212860310421274,3.3259423503326113,14.190687361419085,-4.212860310421274,5.0,1,8.0,3,8.0,3,0.22172949002217113,5
sz002563,2025-09-16,first_probe,1,7.168458781362008,32.684478392656715,0.6,0.5871228565082147,83.30165728417533,-1.7421602787456525,0.0,-1.9163763066202155,-2.2648083623693416,0.0,-3.310104529616731,0.522648083623678,1.21951219512193,-3.310104529616731,4.181184668989557,6.794425087108014,-3.310104529616731,-1.7421602787456525,6.794425087108014,-3.310104529616731,5.0,4,4.181184668989557,5,4.181184668989557,5,4.181184668989557,5
sz002565,2025-01-17,first_probe,1,6.060606060606055,14.859720523530266,0.6666666666666683,0.5527488789420147,78.72528116846789,0.0,0.9868421052631415,-2.3026315789473673,0.0,0.9868421052631415,-2.3026315789473673,-1.6447368421052544,4.6052631578947345,-2.3026315789473673,-2.960526315789469,4.6052631578947345,-3.6184210526315708,4.2763157894736725,4.6052631578947345,-3.6184210526315708,-2.960526315789469,5,-2.960526315789469,5,-2.960526315789469,5,-2.960526315789469,5
sz002566,2025-05-30,first_probe,1,11.308767471410409,27.942958843998408,0.7191011235955065,0.4614302989394251,82.80441179299619,3.7735849056603765,5.031446540880502,-0.12578616352201255,3.2704402515723263,9.056603773584904,-0.12578616352201255,0.6289308176100628,9.056603773584904,-0.12578616352201255,1.1320754716980908,9.056603773584904,-1.0062893081761004,-0.7547169811320864,9.056603773584904,-3.5220125786163514,5.0,1,8.0,2,8.0,2,1.1320754716980908,5
sz002570,2025-03-05,first_probe,1,5.506607929515428,18.782115377080174,0.6000000000000014,0.30114801690829557,76.82751610687302,-0.21834061135370675,0.4366812227074135,-1.310043668122285,0.0,3.27510917030569,-3.493449781659397,-3.7117903930131035,3.27510917030569,-4.366812227074234,-5.2401746724890845,3.27510917030569,-6.33187772925764,11.353711790392996,22.052401746724893,-9.388646288209602,-5.0,4,-5.0,4,-5.2401746724890845,5,-5.0,4
sz002570,2025-05-21,retest_probe,2,6.110283159463492,33.9980906651242,0.5853658536585369,0.46614656209476396,75.28506090317481,-5.676855895196498,1.0189228529839944,-5.9679767103347885,-7.569141193595352,1.0189228529839944,-7.714701601164487,-6.6957787481804925,1.0189228529839944,-8.879184861717615,-3.2023289665211063,1.0189228529839944,-8.879184861717615,-9.898107714701599,1.0189228529839944,-10.625909752547313,-5.0,1,-5.0,1,-8.0,3,-5.0,1
sz002570,2025-06-10,retest_probe,3,8.823529411764696,22.091157046521413,0.48148148148148107,0.6301893581587371,83.96746366799222,-0.48000000000000265,1.9200000000000106,-1.5999999999999903,-0.15999999999999348,1.9200000000000106,-2.079999999999993,-2.72,1.9200000000000106,-3.520000000000001,4.479999999999995,8.800000000000008,-4.3199999999999905,-2.5600000000000067,8.800000000000008,-6.879999999999997,5.0,5,8.0,5,8.0,5,4.479999999999995,5
sz002577,2025-01-23,first_probe,1,5.213270142180093,13.415533138642976,2.036363636363639,0.4775955948603943,78.0645196966087,2.7876330461226617,2.838317283324887,-1.6725798276736037,-4.713634059807403,2.838317283324887,-4.713634059807403,-2.07805372529144,2.838317283324887,-4.713634059807403,18.49974657881399,18.49974657881399,-4.713634059807403,19.665484034465287,33.248859604662954,-4.713634059807403,5.0,4,8.0,5,8.0,5,10.0,5
sz002577,2025-04-08,retest_probe,2,10.571428571428587,17.12160113425478,1.0,0.6953783603661462,87.08949195298823,7.201405152224827,7.318501170960179,-7.318501170960179,9.601873536299777,14.051522248243575,-7.318501170960179,11.70960187353629,14.051522248243575,-7.318501170960179,15.690866510538658,17.447306791569094,-7.318501170960179,13.992974238875888,17.447306791569094,-7.318501170960179,-5.0,1,-5.0,1,8.0,2,-5.0,1
sz002577,2025-06-18,retest_probe,3,5.495583905789991,23.993727335288863,0.7767857142857145,0.3142576761004992,80.3075098177187,-0.09760858955587537,2.196193265007329,-0.7808687164470474,-3.6115178135675885,2.196193265007329,-3.6115178135675885,-1.7081503172279078,2.196193265007329,-5.075646656905808,2.391410444119102,2.5866276232308527,-5.075646656905808,-0.14641288433381305,2.879453391898479,-5.075646656905808,-5.0,3,-5.0,3,2.391410444119102,5,-5.0,3
sz002578,2025-03-05,first_probe,1,5.993690851735023,42.39101132656835,0.6842105263157892,0.5300854829645636,85.04526658906929,0.92592592592593,1.8518518518518379,-0.92592592592593,3.703703703703698,7.407407407407396,-0.92592592592593,4.320987654320985,7.407407407407396,-0.92592592592593,4.938271604938271,8.333333333333325,-0.92592592592593,3.703703703703698,8.333333333333325,-0.92592592592593,5.0,2,8.0,5,8.0,5,4.938271604938271,5
sz002580,2025-05-14,first_probe,1,8.286852589641436,21.960991487464877,0.6057692307692303,0.27803483116473066,80.14408897358052,-3.7955073586367183,0.23237800154918276,-3.872966692486446,-3.1758326878388865,0.23237800154918276,-5.344694035631292,-4.802478698683199,0.23237800154918276,-6.041828040278851,5.499612703330747,5.499612703330747,-6.196746707978318,9.682416731216104,16.111541440743604,-6.196746707978318,-5.0,2,-5.0,2,5.499612703330747,5,-5.0,2
sz002582,2025-02-26,first_probe,1,7.692307692307687,30.962399747981355,0.8243243243243233,0.4449820267878475,81.85244831498476,7.947686116700203,7.947686116700203,-1.0060362173038184,18.71227364185113,18.71227364185113,-1.0060362173038184,6.941649899396385,26.961770623742453,-1.0060362173038184,2.213279678068414,26.961770623742453,-2.6156941649899346,7.344064386317917,26.961770623742453,-2.6156941649899346,5.0,1,8.0,2,8.0,2,10.0,2
sz002582,2025-05-26,retest_probe,2,5.865384615384617,16.608121969772135,0.4098360655737709,0.40450134886353767,77.14094844760602,2.259887005649719,6.214689265536721,-0.09416195856873921,0.09416195856875031,6.214689265536721,-0.28248587570620654,-0.37664783427494575,6.214689265536721,-2.6365348399246646,-0.941619585687381,6.214689265536721,-4.143126177024481,-2.5423728813559254,6.214689265536721,-4.143126177024481,5.0,1,-0.941619585687381,5,-0.941619585687381,5,-0.941619585687381,5
sz002583,2024-11-04,first_probe,1,14.49211908931698,27.42783394761157,1.0,1.5098581699429843,91.23022685058164,-2.998696219035213,2.9986962190351907,-7.56192959582791,0.9561060408517896,5.953933072577122,-7.56192959582791,-9.126466753585404,5.953933072577122,-9.126466753585404,-8.952629291612347,5.953933072577122,-13.689700130378101,-13.95045632333768,5.953933072577122,-16.471099521946986,-5.0,1,-5.0,1,-8.0,3,-5.0,1
sz002585,2025-05-16,first_probe,1,5.893909626719052,27.495623206014436,0.6333333333333321,0.6968721976350223,83.91095937875413,0.3898635477582957,0.7797270955165692,-0.9746588693957059,0.19493177387914784,1.1695906432748648,-0.9746588693957059,-0.7797270955165692,1.1695906432748648,-0.9746588693957059,-2.3391812865497075,1.1695906432748648,-2.923976608187129,-2.1442495126705707,1.1695906432748648,-2.923976608187129,-2.3391812865497075,5,-2.3391812865497075,5,-2.3391812865497075,5,-2.3391812865497075,5
sz002587,2024-09-04,first_probe,1,5.7657657657657735,22.02533335047282,0.5937500000000007,0.710788729630761,82.2492478587463,0.7181328545780907,3.2315978456014305,-0.5385996409335791,-0.17953321364453378,3.2315978456014305,-0.5385996409335791,-1.9748653500897717,3.2315978456014305,-2.6929982046678735,-4.847396768402168,3.2315978456014305,-5.0269299820466795,-5.206463195691202,3.2315978456014305,-7.181328545780974,-5.0,5,-5.0,5,-4.847396768402168,5,-5.0,5
sz002591,2025-01-09,first_probe,1,8.016032064128243,23.85286737694524,1.1000000000000003,0.47557914217400776,82.38238689444654,-4.968944099378891,2.2774327122153215,-4.968944099378891,-2.2774327122153326,2.2774327122153215,-9.730848861283636,4.140786749482395,4.347826086956519,-9.730848861283636,6.00414078674949,7.660455486542439,-9.730848861283636,3.31262939958592,8.28157349896481,-9.730848861283636,-5.0,2,-5.0,2,-8.0,2,-5.0,2
sz002593,2024-12-25,first_probe,1,6.481481481481466,16.51065725489364,0.457142857142858,0.28329321028371496,76.80386299018897,2.02578268876612,4.7882136279926435,-0.9208103130755041,0.36832412523020164,4.7882136279926435,-0.9208103130755041,-4.41988950276242,4.7882136279926435,-4.604051565377532,-6.077348066298349,4.7882136279926435,-7.550644567219155,-4.41988950276242,4.7882136279926435,-13.627992633517483,-5.0,4,-5.0,4,-6.077348066298349,5,-5.0,4
sz002593,2025-03-04,retest_probe,2,4.856115107913683,16.44832660018692,0.5185185185185165,0.3993640071197466,73.05970360102401,-0.3539823008849585,0.8849557522123908,-2.831858407079646,1.2389380530973382,2.65486725663715,-2.831858407079646,2.4778761061946764,4.6017699115044275,-2.831858407079646,4.424778761061954,9.734513274336276,-2.831858407079646,-0.707964601769917,9.734513274336276,-2.831858407079646,5.0,4,8.0,4,8.0,4,4.424778761061954,5
sz002595,2025-03-18,first_probe,1,5.085066162570895,22.87854283549212,0.8066914498141255,0.41832745050753395,74.17165705778655,4.495005549389575,5.160932297447274,-0.6289308176100739,4.384017758046599,7.732149463559002,-0.6289308176100739,6.06733259341472,7.732149463559002,-0.6289308176100739,7.584165741768389,8.76803551609322,-0.6289308176100739,10.432852386237524,11.542730299667037,-0.6289308176100739,5.0,1,8.0,5,8.0,5,7.584165741768389,5
sz002596,2025-02-18,first_probe,1,5.882352941176472,19.643007993280552,1.1,0.2588799999924319,81.92764404179019,0.2915451895043608,2.915451895043719,-1.4577259475218707,0.2915451895043608,2.915451895043719,-1.7492711370262426,0.8746355685131046,2.915451895043719,-1.7492711370262426,-0.5830903790087438,3.206997084548102,-1.7492711370262426,3.498542274052463,12.244897959183664,-1.7492711370262426,-0.5830903790087438,5,-0.5830903790087438,5,-0.5830903790087438,5,-0.5830903790087438,5
sz002596,2025-03-05,retest_probe,2,5.013927576601684,26.347852008441706,0.6666666666666666,0.4208060439721224,77.69971388667336,1.9283746556473913,3.3057851239669533,-0.2754820936639035,-0.5509641873278293,3.3057851239669533,-0.8264462809917328,2.203856749311295,7.438016528925617,-0.8264462809917328,2.754820936639124,7.438016528925617,-0.8264462809917328,8.264462809917372,12.396694214876035,-0.8264462809917328,5.0,3,2.754820936639124,5,2.754820936639124,5,2.754820936639124,5
sz002596,2025-03-10,continuous_probe,3,6.557377049180313,17.558470087481727,0.7916666666666672,0.7625925416207863,85.97080062293514,1.9178082191780854,2.465753424657535,-0.5479452054794498,2.191780821917799,3.561643835616435,-0.5479452054794498,-0.2739726027397249,4.109589041095885,-0.8219178082191747,6.57534246575342,11.780821917808225,-0.8219178082191747,-3.561643835616435,12.05479452054794,-3.561643835616435,5.0,4,8.0,5,8.0,5,10.0,5
sz002596,2025-04-14,retest_probe,4,8.433734939759052,16.854887111467175,0.5357142857142849,0.5111863305172841,78.37235232443021,-1.7543859649122862,0.5847953216374213,-2.92397660818714,-4.093567251461994,0.5847953216374213,-5.263157894736836,-1.7543859649122862,0.5847953216374213,-5.263157894736836,-0.29239766081871066,0.5847953216374213,-5.263157894736836,0.5847953216374213,4.678362573099415,-5.263157894736836,-5.0,2,-5.0,2,-0.29239766081871066,5,-5.0,2
sz002597,2025-03-14,first_probe,1,5.020080321285136,18.110363641282564,0.5839999999999975,0.45541934308940374,76.39686804371217,4.222573007103403,5.2091554853985755,-0.39463299131807794,2.920284135753737,5.327545382794008,-0.39463299131807794,0.6708760852407236,5.327545382794008,-0.39463299131807794,-1.933701657458553,5.327545382794008,-2.72296764009472,-1.6574585635359074,5.682715074980282,-2.72296764009472,5.0,1,-1.933701657458553,5,-1.933701657458553,5,-1.933701657458553,5
sz002598,2024-10-23,first_probe,1,5.082742316784872,19.672373693213988,0.8372093023255848,0.7351775046738431,81.43465407281852,-0.8264462809917439,0.9445100354191327,-1.416765053128699,0.7083825265643329,1.6528925619834656,-1.5348288075560879,2.007083825265643,2.007083825265643,-1.5348288075560879,0.23612750885477762,3.305785123966931,-1.5348288075560879,5.312868949232574,7.438016528925617,-1.5348288075560879,0.23612750885477762,5,0.23612750885477762,5,0.23612750885477762,5,0.23612750885477762,5
sz002607,2025-04-16,first_probe,1,8.000000000000007,18.384442484249846,0.6666666666666666,0.7519662151270216,86.01320306152505,0.3311258278145601,1.9867549668874274,-0.6622516556291425,0.6622516556291425,1.9867549668874274,-1.3245033112582738,2.3178807947019875,2.98013245033113,-1.3245033112582738,1.655629139072845,4.966887417218535,-1.3245033112582738,-0.33112582781458233,4.966887417218535,-2.980132450331119,1.655629139072845,5,1.655629139072845,5,1.655629139072845,5,1.655629139072845,5
sz002609,2025-03-25,first_probe,1,5.125523012552313,23.65910504128296,1.1428571428571435,0.60249681371827,79.81270300626989,0.10604453870626251,1.8027571580063517,-1.3785790031813239,1.0604453870625585,2.545068928950167,-3.711558854718977,-2.545068928950156,2.545068928950167,-3.711558854718977,-3.4994697773064742,2.545068928950167,-6.574761399787898,-16.01272534464475,3.923647932131513,-22.693531283138913,-5.0,4,-5.0,4,-3.4994697773064742,5,-5.0,4
sz002611,2025-07-18,first_probe,1,4.732350659425899,13.807594740630655,0.7213114754098359,0.6105117426314971,78.49734813005752,4.058192955589579,4.287901990811638,-1.3782542113323082,4.134762633996925,13.32312404287903,-1.3782542113323082,1.4548238897396537,13.32312404287903,-1.3782542113323082,2.52679938744258,13.32312404287903,-1.3782542113323082,4.287901990811638,13.32312404287903,-1.3782542113323082,5.0,2,8.0,2,8.0,2,10.0,2
sz002612,2024-12-20,first_probe,1,5.005624296962874,23.202301125628395,0.7191011235955058,0.653277093515874,80.93045549372673,-1.3333333333333197,3.222222222222215,-3.888888888888886,-2.8888888888888853,3.222222222222215,-4.444444444444451,-5.166666666666664,3.222222222222215,-7.055555555555548,-4.833333333333334,3.222222222222215,-7.055555555555548,-13.111111111111107,3.222222222222215,-15.44444444444444,-5.0,3,-5.0,3,-4.833333333333334,5,-5.0,3
sz002613,2024-12-06,first_probe,1,5.46697038724373,21.027794324742995,0.5416666666666657,0.2918989185975396,76.73817512306658,0.0,0.8888888888888946,-1.3333333333333197,-1.3333333333333197,2.6666666666666616,-1.7777777777777781,0.4444444444444251,2.6666666666666616,-2.0000000000000018,0.22222222222221255,4.444444444444451,-2.0000000000000018,-3.9999999999999925,4.444444444444451,-6.666666666666665,0.22222222222221255,5,0.22222222222221255,5,0.22222222222221255,5,0.22222222222221255,5
sz002614,2025-11-17,first_probe,1,7.029177718832891,17.756080631570153,0.6981132075471697,0.3608223561754214,79.65729334417354,-1.5686274509803977,0.13071895424836555,-2.614379084967322,-3.529411764705892,0.13071895424836555,-4.444444444444451,-4.705882352941182,0.13071895424836555,-5.490196078431375,-7.189542483660139,0.13071895424836555,-8.62745098039216,-3.6601307189542465,1.3071895424836555,-8.62745098039216,-5.0,3,-5.0,3,-8.0,4,-5.0,3
sz002622,2024-12-10,first_probe,1,10.81081081081079,15.41043698795425,1.2000000000000004,0.5236345973008736,84.39376119149593,1.9444444444444375,2.77777777777779,-3.3333333333333326,2.499999999999991,3.6111111111110983,-3.3333333333333326,0.2777777777777768,5.555555555555558,-3.3333333333333326,-8.05555555555556,5.555555555555558,-8.333333333333337,-15.555555555555555,5.555555555555558,-19.722222222222218,5.0,3,-5.0,5,-8.0,5,-5.0,5
sz002629,2025-04-16,first_probe,1,9.76138828633404,29.25212814415716,0.5777777777777782,0.716466104643822,80.82236817399543,0.21052631578946102,4.210526315789487,-5.894736842105264,10.315789473684212,10.315789473684212,-5.894736842105264,21.26315789473683,21.26315789473683,-5.894736842105264,18.73684210526314,22.315789473684198,-5.894736842105264,8.210526315789469,22.315789473684198,-5.894736842105264,-5.0,1,-5.0,1,8.0,2,-5.0,1
sz002629,2025-10-24,retest_probe,2,5.105438401775819,19.82001247941775,0.6086956521739144,0.5852452668212054,74.19576870632338,-2.4691358024691468,1.122334455667784,-4.040404040404033,7.295173961840629,7.295173961840629,-4.040404040404033,8.080808080808088,10.662177328843981,-4.040404040404033,-3.367003367003374,15.937149270482598,-4.7138047138047146,-4.601571268237937,15.937149270482598,-7.182940516273861,5.0,2,8.0,3,8.0,3,10.0,3
sz002633,2025-05-26,first_probe,1,6.696100073583522,14.291599613775347,0.8571428571428563,0.3842254785187854,80.12657758530521,-0.28530670470755526,0.7845934379457908,-3.708987161198285,2.639087018544939,4.0656205420827485,-3.708987161198285,0.14265335235377208,4.208273894436521,-3.708987161198285,21.11269614835949,21.11269614835949,-3.708987161198285,-3.2097004279600494,21.11269614835949,-4.850213980028528,5.0,4,8.0,4,8.0,4,10.0,4
sz002634,2025-02-18,first_probe,1,8.288770053475925,16.633813573145677,1.1290322580645165,0.49799380954303096,86.20377838638363,-1.0810810810810811,1.621621621621605,-2.7027027027027084,0.2702702702702675,1.621621621621605,-2.7027027027027084,-1.6216216216216273,1.621621621621605,-2.972972972972987,2.43243243243243,4.054054054054057,-3.2432432432432434,0.2702702702702675,5.675675675675684,-3.2432432432432434,2.43243243243243,5,2.43243243243243,5,2.43243243243243,5,2.43243243243243,5
sz002636,2025-11-07,first_probe,1,5.272727272727273,14.64629776565674,1.1609195402298855,0.5336206206492291,74.04533436216305,9.48905109489051,9.48905109489051,-0.48661800486619056,1.5815085158150666,18.24817518248174,-0.48661800486619056,7.785888077858871,18.24817518248174,-0.48661800486619056,1.338199513381988,18.24817518248174,-0.48661800486619056,-14.051094890510951,18.24817518248174,-14.111922141119237,5.0,1,8.0,1,8.0,1,10.0,2
sz002638,2025-06-30,first_probe,1,8.69565217391306,24.49659034062486,0.5454545454545454,0.2803106632945053,79.61914172483154,-3.0303030303030276,0.37878787878786735,-4.924242424242442,-6.060606060606066,0.37878787878786735,-6.818181818181824,-5.681818181818176,0.37878787878786735,-6.818181818181824,-7.57575757575758,0.37878787878786735,-8.712121212121215,-6.439393939393934,0.37878787878786735,-8.712121212121215,-5.0,2,-5.0,2,-8.0,5,-5.0,2
sz002639,2024-11-06,first_probe,1,9.774436090225546,16.252630105868814,0.6,1.2630598283263565,84.55543790487093,4.874651810584973,5.84958217270195,-2.36768802228412,0.6963788300835771,7.2423398328690824,-2.36768802228412,0.0,7.2423398328690824,-2.36768802228412,-3.760445682451252,7.2423398328690824,-5.571030640668518,-3.899721448467963,7.2423398328690824,-11.002785515320335,5.0,1,-5.0,5,-3.760445682451252,5,-5.0,5
sz002639,2025-04-08,retest_probe,2,5.655172413793097,13.901224076046299,1.0731707317073176,0.6142346004303485,74.79488011139945,1.5804597701149392,7.758620689655182,-6.609195402298851,4.597701149425282,7.758620689655182,-6.609195402298851,3.4482758620689724,7.758620689655182,-6.609195402298851,17.816091954022983,23.85057471264367,-6.609195402298851,7.471264367816088,23.85057471264367,-6.609195402298851,-5.0,1,-5.0,1,8.0,4,-5.0,1
sz002639,2025-11-06,retest_probe,3,5.767844268204758,14.347071487973574,1.6249999999999996,0.6351973156001803,77.80231293304983,5.597579425113475,10.892586989409981,-1.2102874432677768,13.464447806354007,16.187594553706486,-1.2102874432677768,6.656580937972767,16.187594553706486,-1.2102874432677768,4.08472012102874,16.187594553706486,-1.2102874432677768,8.925869894099847,29.27382753403933,-1.2102874432677768,5.0,1,8.0,1,8.0,1,10.0,1
sz002640,2024-11-06,first_probe,1,9.14826498422714,21.186613643645526,0.6896551724137936,0.7465319250211931,88.21710632501092,11.003236245954696,14.886731391585762,-1.6181229773462702,5.501618122977336,14.886731391585762,-1.6181229773462702,5.501618122977336,14.886731391585762,-1.6181229773462702,4.530744336569592,14.886731391585762,-1.6181229773462702,0.9708737864077666,14.886731391585762,-9.06148867313915,5.0,1,8.0,1,8.0,1,10.0,1
sz002640,2024-12-10,retest_probe,2,16.787003610108297,15.182483132996397,0.9354838709677423,0.4130314319384553,77.99295350388111,-2.6415094339622636,4.150943396226414,-4.716981132075471,5.471698113207557,7.169811320754715,-4.716981132075471,3.018867924528301,10.377358490566024,-4.716981132075471,-2.8301886792452713,10.754716981132084,-4.716981132075471,-12.075471698113205,10.754716981132084,-16.226415094339607,5.0,2,8.0,3,8.0,3,10.0,3
sz002640,2025-01-13,retest_probe,3,8.47058823529412,14.444200828137518,0.4166666666666673,0.9171117066416505,80.65155505981674,6.5462753950338515,8.803611738149009,-0.22573363431150906,17.155756207674955,17.155756207674955,-0.22573363431150906,26.86230248306998,28.893905191873603,-0.22573363431150906,12.189616252821667,28.893905191873603,-0.22573363431150906,-4.063205417607218,28.893905191873603,-4.288939051918728,5.0,1,8.0,1,8.0,1,10.0,2
sz002640,2025-01-27,retest_probe,4,6.557377049180335,18.401115036732644,1.0714285714285698,0.5973450228945848,78.33801425004978,4.0380047505938155,6.175771971496435,-1.4251781472684022,5.700712589073631,7.125890736342044,-1.4251781472684022,5.938242280285033,8.78859857482186,-1.4251781472684022,11.876484560570066,14.964370546318296,-1.4251781472684022,4.750593824228022,21.14014251781471,-1.4251781472684022,5.0,1,8.0,3,8.0,3,10.0,4
sz002642,2024-11-28,first_probe,1,7.682619647355171,14.312444933974882,0.8688524590163949,1.1431340910022054,87.02191672581083,1.2484394506866447,2.9962546816479474,-2.4968789013732895,2.621722846441954,2.9962546816479474,-2.4968789013732895,4.619225967540586,4.993757802746579,-2.4968789013732895,2.7465667915106184,4.993757802746579,-2.4968789013732895,9.612983770287142,13.9825218476904,-2.4968789013732895,2.7465667915106184,5,2.7465667915106184,5,2.7465667915106184,5,2.7465667915106184,5
sz002642,2025-05-12,retest_probe,2,5.706874189364464,13.813308531132643,0.704545454545455,0.5442212434062795,80.64638720210132,-2.3989898989898895,0.5050505050504972,-2.5252525252525304,-2.2727272727272707,0.5050505050504972,-2.9040404040403978,-4.040404040404044,0.5050505050504972,-4.92424242424242,-3.0303030303030276,0.5050505050504972,-5.05050505050505,-5.5555555555555465,0.5050505050504972,-8.459595959595955,-5.0,4,-5.0,4,-3.0303030303030276,5,-5.0,4
sz002642,2025-08-26,retest_probe,3,8.782201405152223,13.930599614250916,0.6399999999999982,0.5936727224729236,81.54425763286226,-2.7057497181510515,2.0293122886133164,-2.7057497181510515,0.6764374295377795,2.0293122886133164,-4.058624577226599,-2.367531003382173,2.0293122886133164,-4.058624577226599,7.215332581736189,18.151071025930122,-4.058624577226599,1.5783540022547893,18.151071025930122,-4.7350620067643785,5.0,4,8.0,5,8.0,5,10.0,5
sz002645,2025-03-18,first_probe,1,4.973821989528804,32.6153325967658,0.7368421052631564,0.5772093182519297,79.52226510524933,10.23316062176165,10.23316062176165,-0.2590673575129432,15.284974093264259,20.854922279792753,-0.2590673575129432,6.217616580310881,20.854922279792753,-0.2590673575129432,8.678756476683947,20.854922279792753,-0.2590673575129432,25.0,32.90155440414508,-0.2590673575129432,5.0,1,8.0,1,8.0,1,10.0,1
sz002646,2025-07-21,first_probe,1,5.2261306532663365,13.297699285118687,0.673076923076924,0.47055426209662654,76.55155132609431,2.3738872403560762,3.857566765578646,-2.3738872403560873,3.165182987141457,12.561819980217614,-2.3738872403560873,3.956478733926816,12.561819980217614,-2.3738872403560873,0.3956478733926794,12.561819980217614,-2.3738872403560873,-1.6815034619188873,12.561819980217614,-2.6706231454005858,5.0,2,8.0,2,8.0,2,10.0,2
sz002654,2025-04-07,first_probe,1,6.222990492653402,97.47285137571815,1.0277777777777772,0.6352934749645367,80.86904397890817,-4.933920704845818,2.8193832599118895,-8.370044052863435,-2.995594713656391,2.8193832599118895,-14.361233480176205,-0.35242290748898064,2.8193832599118895,-14.361233480176205,4.933920704845818,8.193832599118945,-14.361233480176205,1.585903083700435,8.193832599118945,-14.361233480176205,-5.0,1,-5.0,1,-8.0,1,-5.0,1
sz002654,2025-06-11,retest_probe,2,5.130361648444071,23.20699831041303,0.8032786885245913,0.4199748896225863,81.13131704765063,-0.0838926174496657,2.1812080536912637,-0.3355704697986517,-4.194630872483218,2.1812080536912637,-4.36241610738255,-2.348993288590595,2.1812080536912637,-4.949664429530198,0.3355704697986628,2.1812080536912637,-4.949664429530198,4.026845637583887,7.38255033557047,-4.949664429530198,0.3355704697986628,5,0.3355704697986628,5,0.3355704697986628,5,0.3355704697986628,5
sz002657,2024-12-24,first_probe,1,7.107107107107091,13.98508263421031,0.3732394366197171,0.5722616376234632,76.23559426663036,-6.078431372549009,1.4215686274509975,-6.127450980392157,-7.598039215686258,1.4215686274509975,-8.529411764705873,-6.127450980392157,1.4215686274509975,-9.166666666666657,-10.196078431372547,1.4215686274509975,-10.294117647058808,-14.901960784313717,1.4215686274509975,-21.029411764705873,-5.0,1,-5.0,1,-8.0,2,-5.0,1
sz002657,2025-06-06,retest_probe,2,8.072100313479623,13.745020504978148,1.1262135922330088,0.3312273183679469,76.51744714567428,-3.122529644268768,1.1857707509881354,-3.754940711462451,-6.086956521739129,1.1857707509881354,-7.193675889328066,-5.059288537549412,1.1857707509881354,-7.193675889328066,-8.853754940711466,1.1857707509881354,-9.486166007905151,-4.70355731225297,7.786561264822134,-9.486166007905151,-5.0,2,-5.0,2,-8.0,5,-5.0,2
sz002659,2025-03-05,first_probe,1,10.691823899371089,21.25691297483807,0.549019607843137,0.33734382173531957,81.95673757805226,2.020202020202011,3.0303030303030276,0.0,0.8080808080808133,5.656565656565671,0.0,0.20202020202020332,5.656565656565671,0.0,0.0,5.656565656565671,-3.0303030303030387,-2.626262626262621,5.656565656565671,-4.242424242424237,5.0,2,0.0,5,0.0,5,0.0,5
sz002662,2024-11-15,first_probe,1,5.035971223021574,16.466522988296767,1.3809523809523814,0.40679679540392816,80.61476723170715,-6.796116504854377,0.4854368932038833,-7.524271844660191,-4.126213592233007,0.4854368932038833,-7.524271844660191,-3.6407766990291246,0.4854368932038833,-7.524271844660191,-8.980582524271853,0.4854368932038833,-9.223300970873783,-3.8834951456310662,0.4854368932038833,-10.922330097087386,-5.0,1,-5.0,1,-8.0,5,-5.0,1
sz002663,2025-07-04,first_probe,1,5.154639175257736,32.9300483058468,1.3,0.44558573064168605,85.07063299794171,0.0,1.0526315789473717,-2.1052631578947323,1.0526315789473717,1.0526315789473717,-2.1052631578947323,1.5789473684210575,2.1052631578947434,-2.1052631578947323,3.684210526315801,6.842105263157894,-2.1052631578947323,-3.6842105263157787,6.842105263157894,-4.210526315789465,5.0,5,3.684210526315801,5,3.684210526315801,5,3.684210526315801,5
sz002663,2025-09-02,retest_probe,2,6.1224489795918435,20.857679322525115,0.6666666666666666,0.26175296872076637,80.34860962405635,-2.487562189054715,0.4975124378109541,-2.985074626865658,-1.990049751243772,0.4975124378109541,-3.980099502487555,3.4825870646766344,4.47761194029852,-3.980099502487555,1.4925373134328401,4.47761194029852,-3.980099502487555,11.442786069651767,11.442786069651767,-3.980099502487555,1.4925373134328401,5,1.4925373134328401,5,1.4925373134328401,5,1.4925373134328401,5
sz002664,2024-10-24,first_probe,1,5.19578313253013,26.357695588823507,0.739130434782607,0.4329917070015824,81.6595370593754,4.885496183206106,6.488549618320616,-0.22900763358778553,6.870229007633588,7.0992366412213626,-0.22900763358778553,4.580152671755733,9.160305343511466,-0.22900763358778553,4.809160305343507,9.160305343511466,-0.22900763358778553,17.938931297709914,36.4885496183206,-0.22900763358778553,5.0,1,8.0,3,8.0,3,4.809160305343507,5
sz002664,2025-07-28,retest_probe,2,5.852534562211975,17.962575880916603,0.9212598425196838,0.2541129536816252,76.82450609445401,3.394495412844023,5.504587155963292,-0.3669724770642313,-0.2293577981651418,5.504587155963292,-0.7339449541284404,-1.3302752293577913,5.504587155963292,-2.3853211009174258,0.917431192660545,5.504587155963292,-4.5412844036697315,8.25688073394495,12.018348623853225,-4.5412844036697315,5.0,1,0.917431192660545,5,0.917431192660545,5,0.917431192660545,5
sz002667,2024-09-10,first_probe,1,5.837173579109067,18.660037809384768,1.4210526315789478,0.5934585509349213,79.14841055900143,9.048361934477377,9.048361934477377,-0.15600624024960652,12.168486739469575,19.96879875195008,-0.15600624024960652,4.212168486739465,19.96879875195008,-0.15600624024960652,3.43213728549141,19.96879875195008,-2.9641185647425905,10.140405616224646,19.96879875195008,-7.020280811232449,5.0,1,8.0,1,8.0,1,10.0,2
sz002667,2025-02-05,retest_probe,2,6.937033084311639,25.840363032106307,0.7384615384615387,0.6040870409125213,78.00159604266663,0.940438871473348,0.940438871473348,-2.1943573667711713,4.3887147335423204,6.374085684430497,-2.1943573667711713,6.478578892371978,7.419017763845348,-2.1943573667711713,7.732497387669812,9.195402298850563,-2.1943573667711713,5.0156739811912265,9.717868338557988,-2.1943573667711713,5.0,2,8.0,5,8.0,5,7.732497387669812,5
sz002671,2025-05-23,first_probe,1,6.074766355140171,16.066541931697323,1.0769230769230789,0.9924926846429621,86.0703946516675,1.8867924528301883,2.3584905660377187,-0.7075471698113289,4.716981132075482,8.25471698113207,-0.7075471698113289,5.89622641509433,8.25471698113207,-0.7075471698113289,5.89622641509433,10.61320754716981,-0.7075471698113289,6.367924528301883,11.792452830188683,-0.7075471698113289,5.0,2,8.0,2,8.0,2,10.0,4
sz002676,2024-11-28,first_probe,1,5.3375196232338995,13.473116501470054,0.7941176470588226,0.415828111652406,76.06923421394556,5.287713841368591,6.065318818040444,-1.3996889580093264,10.419906687402802,14.77449455676516,-1.3996889580093264,9.331259720062214,18.97356143079316,-1.3996889580093264,7.46500777604977,18.97356143079316,-1.3996889580093264,10.419906687402802,18.97356143079316,-1.3996889580093264,5.0,1,8.0,2,8.0,2,10.0,2
sz002682,2024-12-05,first_probe,1,11.072664359861584,14.386938244915253,0.5937500000000001,0.6724349805622509,81.89950798487338,-4.194630872483218,0.8389261744966348,-5.369127516778526,-7.382550335570482,0.8389261744966348,-8.892617449664431,-7.382550335570482,0.8389261744966348,-8.892617449664431,-1.5100671140939603,0.8389261744966348,-8.892617449664431,-17.114093959731534,8.221476510067127,-18.62416107382551,-5.0,1,-5.0,1,-8.0,2,-5.0,1
sz002682,2025-05-27,retest_probe,2,5.458089668615984,17.291539527654734,1.2142857142857126,0.36427971494116573,79.67187249198,2.3809523809523725,6.547619047619047,-0.3968253968254065,4.563492063492047,8.333333333333325,-1.388888888888895,-1.5873015873015928,8.333333333333325,-2.182539682539686,3.9682539682539764,16.86507936507935,-2.182539682539686,-3.373015873015872,16.86507936507935,-5.952380952380953,5.0,1,8.0,2,8.0,2,10.0,5
sz002682,2025-06-18,retest_probe,3,5.052631578947375,18.68974492139828,0.4166666666666685,0.458995094041142,77.10495727071715,-3.7422037422037313,0.20790020790022457,-3.9501039501039448,-3.534303534303529,0.20790020790022457,-4.365904365904361,-0.4158004158004047,0.4158004158004269,-4.365904365904361,-0.6237006237006071,1.2474012474012586,-4.365904365904361,3.1185031185031242,7.06860706860708,-4.365904365904361,-0.6237006237006071,5,-0.6237006237006071,5,-0.6237006237006071,5,-0.6237006237006071,5
sz002685,2025-01-09,first_probe,1,7.441860465116279,22.02001294588315,0.7083333333333337,0.27484472302571067,82.41241927488225,-2.304147465437778,5.222734254992312,-2.611367127496156,-3.9938556067588338,5.222734254992312,-5.990783410138246,2.611367127496167,5.222734254992312,-5.990783410138246,3.2258064516129004,8.141321044546856,-5.990783410138246,-0.6144393241167445,8.141321044546856,-5.990783410138246,5.0,1,-5.0,2,8.0,5,-5.0,2
sz002689,2024-10-22,first_probe,1,4.8387096774193505,13.372483421144716,0.5999999999999994,0.601709081622886,76.5561600395391,1.273885350318471,2.547770700636942,-0.6369426751592355,-0.6369426751592355,2.547770700636942,-1.5923566878981,-0.31847133757962887,2.547770700636942,-1.5923566878981,0.0,4.458598726114649,-1.9108280254777066,10.828025477707005,16.242038216560495,-3.5031847133758065,0.0,5,0.0,5,0.0,5,0.0,5
sz002691,2024-12-11,first_probe,1,6.842923794712297,23.70162197400459,0.4772727272727268,0.3209644749511202,79.23200408140984,-0.14903129657227732,1.3412816691505292,-2.0864381520119157,-2.980625931445602,1.3412816691505292,-3.427719821162434,-4.470938897168397,1.3412816691505292,-5.514157973174372,-11.922503725782407,1.3412816691505292,-14.903129657228021,-24.14307004470939,1.3412816691505292,-26.08047690014903,-5.0,3,-5.0,3,-8.0,4,-5.0,3
sz002691,2025-02-14,retest_probe,2,6.95230396119646,19.591124590311537,1.0,0.37043561189670166,78.67242204435837,16.166077738515906,19.787985865724387,0.0,13.780918727915203,25.441696113074187,0.0,14.840989399293282,25.441696113074187,0.0,7.155477031802127,25.441696113074187,0.0,-14.487632508833926,25.441696113074187,-15.106007067137817,5.0,1,8.0,1,8.0,1,10.0,1
sz002691,2025-08-29,retest_probe,3,6.436781609195408,28.198175356363038,0.5714285714285714,0.32431524307141646,78.75962585443811,-1.2359550561797938,2.2471910112359383,-1.7977528089887618,2.921348314606731,8.651685393258424,-1.7977528089887618,7.640449438202235,10.786516853932572,-1.7977528089887618,9.325842696629216,11.23595505617978,-1.7977528089887618,0.22471910112358273,11.23595505617978,-2.134831460674147,5.0,2,8.0,2,8.0,2,10.0,3
sz002692,2025-01-15,first_probe,1,11.378555798687074,14.369672300026131,0.5769230769230771,0.7078683293309679,79.78593613207158,-0.6521739130434634,2.60869565217392,-2.1739130434782483,9.347826086956545,9.347826086956545,-3.6956521739130443,20.21739130434783,20.21739130434783,-3.6956521739130443,19.56521739130437,45.43478260869567,-3.6956521739130443,1.7391304347826209,45.43478260869567,-4.565217391304344,5.0,2,8.0,2,8.0,2,10.0,3
sz002692,2025-05-26,retest_probe,2,6.910569105691056,17.367985700197238,0.5588235294117635,0.2995504357991344,77.94187579822919,1.5625,2.5390625,-2.148437500000011,3.3203125,6.0546875,-2.148437500000011,4.296875,6.4453125,-2.148437500000011,-0.3906250000000111,6.4453125,-2.148437500000011,-0.5859375,6.4453125,-2.148437500000011,5.0,2,-0.3906250000000111,5,-0.3906250000000111,5,-0.3906250000000111,5
sz002693,2024-11-04,first_probe,1,4.953764861294574,228.1473705771225,1.0,0.8849906434159562,87.96122937038588,4.379562043795615,10.531803962460895,-2.676399026763987,-0.9732360097323589,10.531803962460895,-2.676399026763987,-2.7459158846020126,10.531803962460895,-9.697601668404587,-3.7191518943343826,10.531803962460895,-9.697601668404587,-21.68925964546402,10.531803962460895,-23.496697949252688,5.0,1,8.0,1,8.0,1,10.0,1
sz002693,2024-11-13,retest_probe,2,5.261060183339983,18.858203644540662,1.8409090909090904,0.5159311937635118,78.19937329192244,1.7476555839727181,5.839727195225897,-1.1082693947144118,-5.285592497868718,5.839727195225897,-6.180733162830343,-3.9641943734015306,5.839727195225897,-6.180733162830343,16.19778346121057,16.19778346121057,-6.180733162830343,2.3017902813299296,32.992327365728904,-6.180733162830343,5.0,1,-5.0,2,8.0,5,-5.0,2
sz002696,2025-03-27,first_probe,1,5.576208178438669,15.61317019028509,0.7000000000000003,0.45618568729384557,77.07724614193054,-2.9684601113172393,0.5565862708719838,-3.153988868274582,-4.823747680890533,0.5565862708719838,-7.05009276437848,-3.8961038961038974,0.5565862708719838,-7.05009276437848,-2.4118738404452666,0.5565862708719838,-7.05009276437848,5.380333951762517,5.380333951762517,-15.213358070500915,-5.0,2,-5.0,2,-2.4118738404452666,5,-5.0,2
sz002700,2024-11-14,first_probe,1,5.9223300970873805,24.606456330207468,0.7377049180327864,0.4923259015974256,81.39606479273199,0.5825242718446422,2.4271844660194164,-1.553398058252431,-0.4854368932038944,3.689320388349504,-1.553398058252431,-1.1650485436893288,3.689320388349504,-2.6213592233009786,-0.5825242718446644,4.660194174757271,-2.6213592233009786,-0.0970873786407922,4.660194174757271,-3.8834951456310662,-0.5825242718446644,5,-0.5825242718446644,5,-0.5825242718446644,5,-0.5825242718446644,5
sz002702,2024-11-28,first_probe,1,6.981981981981966,13.75883237202951,0.7741935483870984,0.6912974519507021,83.8398861678665,2.444444444444449,4.444444444444451,-0.22222222222221255,4.222222222222238,7.333333333333325,-0.22222222222221255,2.2222222222222143,7.333333333333325,-0.22222222222221255,1.1111111111111072,7.333333333333325,-0.8888888888888946,44.22222222222223,44.22222222222223,-0.8888888888888946,5.0,2,1.1111111111111072,5,1.1111111111111072,5,1.1111111111111072,5
sz002702,2025-04-29,retest_probe,2,5.459057071960283,53.602133959200096,0.909090909090911,0.25636296654912555,81.64360664710266,-1.2468827930174564,1.7456359102244523,-1.4962593516209433,0.9975062344139696,1.7456359102244523,-1.4962593516209433,1.9950124688279391,3.7406483790523692,-1.4962593516209433,4.239401496259343,5.985037406483795,-1.4962593516209433,4.987531172069826,6.982543640897765,-1.4962593516209433,5.0,4,4.239401496259343,5,4.239401496259343,5,4.239401496259343,5
sz002703,2025-09-16,first_probe,1,5.9558823529411775,14.406260709630493,1.0246913580246908,0.46964606281270505,74.9591417521139,3.6350148367952473,5.267062314540061,-1.261127596439171,-0.37091988130564246,5.637982195845703,-1.261127596439171,-3.115727002967361,5.637982195845703,-4.080118694362023,6.231454005934722,6.231454005934722,-5.415430267062316,4.228486646884266,11.869436201780402,-5.415430267062316,5.0,1,-5.0,5,6.231454005934722,5,-5.0,5
sz002708,2024-09-02,first_probe,1,6.117021276595747,25.305587863429622,0.9565217391304338,8.022230964490722,82.1444048160788,1.46276595744681,1.9946808510638236,-1.5957446808510523,-1.3297872340425454,3.7234042553191626,-1.5957446808510523,-1.7287234042553168,3.7234042553191626,-2.393617021276595,-2.127659574468077,3.7234042553191626,-2.7925531914893664,-5.851063829787229,3.7234042553191626,-7.845744680851063,-2.127659574468077,5,-2.127659574468077,5,-2.127659574468077,5,-2.127659574468077,5
sz002708,2025-04-08,retest_probe,2,5.054509415262642,47.335223784442825,0.9803921568627455,0.8079916426150147,79.9688481606068,4.222451081359413,6.488156539649825,-6.385169927909384,6.488156539649825,10.401647785787848,-6.385169927909384,8.135942327497414,10.401647785787848,-6.385169927909384,9.371781668383083,12.770339855818724,-6.385169927909384,5.252317198764156,12.770339855818724,-6.385169927909384,-5.0,1,-5.0,1,8.0,2,-5.0,1
sz002713,2024-09-05,first_probe,1,4.761904761904767,18.586560864806337,0.7500000000000019,0.6482116724944973,79.3510060285733,-3.529411764705881,1.5686274509803866,-3.529411764705881,-3.9215686274509665,1.5686274509803866,-6.666666666666665,-3.137254901960773,1.5686274509803866,-6.666666666666665,-7.05882352941175,1.5686274509803866,-7.4509803921568585,-5.098039215686267,1.5686274509803866,-11.764705882352933,-5.0,2,-5.0,2,-7.05882352941175,5,-5.0,2
sz002713,2025-04-28,retest_probe,2,7.14285714285714,14.937952003263895,0.5357142857142865,1.0217847264671582,75.76981970232957,2.409638554216853,2.409638554216853,-0.9638554216867434,7.4698795180722755,7.4698795180722755,-0.9638554216867434,12.771084337349393,12.771084337349393,-0.9638554216867434,24.33734939759036,24.33734939759036,-0.9638554216867434,14.457831325301186,30.602409638554207,-0.9638554216867434,5.0,2,8.0,3,8.0,3,10.0,3
sz002715,2025-06-23,first_probe,1,6.3768115942029135,26.443589685079647,0.4454545454545467,0.9428393028296841,78.09549529135036,-1.2749445676275006,2.32815964523283,-1.8292682926829174,-1.940133037694003,2.32815964523283,-2.7716186252771613,1.4412416851441234,3.658536585365857,-3.9356984478935764,2.2727272727272707,3.824833702882491,-3.9356984478935764,-0.5543237250554167,6.984478935698446,-3.9356984478935764,2.2727272727272707,5,2.2727272727272707,5,2.2727272727272707,5,2.2727272727272707,5
sz002717,2024-11-04,first_probe,1,9.523809523809534,74.7317448440192,1.0,0.9580103539507269,93.08159921075938,8.247422680412363,13.745704467353947,0.0,3.4364261168384758,13.745704467353947,0.0,13.745704467353947,13.745704467353947,-5.498281786941583,7.560137457044669,23.71134020618557,-5.498281786941583,20.618556701030922,23.71134020618557,-5.498281786941583,5.0,1,8.0,1,8.0,1,10.0,1
sz002717,2024-12-10,retest_probe,2,11.508951406649626,15.245737837476241,0.6444444444444443,0.5465629483815595,76.73206669157994,7.788944723618085,12.060301507537696,-4.522613065326642,3.5175879396984966,12.060301507537696,-4.522613065326642,13.819095477386934,13.819095477386934,-4.522613065326642,19.34673366834172,25.125628140703537,-4.522613065326642,15.32663316582914,42.462311557788944,-4.522613065326642,5.0,1,8.0,1,8.0,1,10.0,1
sz002717,2024-12-23,retest_probe,3,6.862745098039236,451.13965040573396,1.0,0.41842611956067943,81.97823339994568,0.0,2.8322440087146017,0.0,-10.02178649237473,2.8322440087146017,-10.02178649237473,-16.993464052287578,2.8322440087146017,-18.95424836601306,-23.31154684095861,2.8322440087146017,-23.747276688453155,-29.629629629629626,2.8322440087146017,-36.601307189542474,-5.0,2,-5.0,2,-8.0,2,-5.0,2
sz002717,2024-12-25,continuous_probe,4,7.263922518159793,63.42514741915862,1.0,0.4109619550795026,80.2766566505653,1.6000000000000014,8.53333333333335,-0.7999999999999896,3.4666666666666623,8.53333333333335,-3.733333333333333,-6.133333333333335,8.53333333333335,-6.666666666666665,-10.133333333333328,8.53333333333335,-17.066666666666674,-8.533333333333326,8.53333333333335,-22.4,5.0,1,8.0,1,8.0,1,-5.0,3
sz002723,2024-12-19,first_probe,1,5.433376455368699,13.350014056971546,0.40476190476190466,0.6819512790183271,72.58253875576311,-2.8750000000000053,0.374999999999992,-3.749999999999998,-8.875,0.374999999999992,-10.375,-8.875,0.374999999999992,-11.750000000000005,-12.624999999999996,0.374999999999992,-16.75,-17.500000000000004,0.374999999999992,-21.750000000000004,-5.0,2,-5.0,2,-8.0,2,-5.0,2
sz002724,2025-08-15,first_probe,1,7.740324594257197,21.13815529424128,0.45161290322580755,0.4925961000516301,78.2469594251266,3.86940749697704,3.9903264812575667,0.0,1.2091898428053138,4.111245465538094,0.0,0.846432889963733,4.111245465538094,-0.48367593712211887,-0.12091898428052694,4.111245465538094,-1.2091898428053138,0.0,4.111245465538094,-5.562273276904472,-0.12091898428052694,5,-0.12091898428052694,5,-0.12091898428052694,5,-0.12091898428052694,5
sz002725,2024-10-16,first_probe,1,6.645230439442651,20.80032547809218,0.7741935483870955,0.3231055849772588,83.35097835438123,-3.3226152197213366,0.3215434083601254,-3.5369774919614128,6.3236870310825255,6.3236870310825255,-4.5016077170418,16.934619506966776,16.934619506966776,-4.5016077170418,16.934619506966776,28.081457663451225,-4.5016077170418,88.31725616291533,88.31725616291533,-4.5016077170418,5.0,2,8.0,3,8.0,3,10.0,3
sz002725,2025-04-25,retest_probe,2,6.7873303167420795,23.812531717443992,0.8400000000000011,0.3050419782203998,82.11415971012718,-0.8968609865470767,1.3452914798206317,-1.3452914798206317,1.704035874439458,2.0627802690583064,-2.152466367713002,3.0493273542600896,4.304932735426004,-2.152466367713002,7.264573991031398,9.417040358744377,-2.152466367713002,5.739910313901331,9.417040358744377,-2.152466367713002,5.0,4,8.0,4,8.0,4,7.264573991031398,5
sz002725,2025-08-21,retest_probe,3,5.234657039711177,14.496331476942617,1.5402298850574756,0.5157569025155662,76.34996742345173,-1.7164653528289886,1.9071837253655577,-2.9879211697393604,-2.8607755880483254,1.9071837253655577,-4.005085823267651,-4.068658614113163,1.9071837253655577,-4.1322314049586755,-5.721551176096629,1.9071837253655577,-8.645899554990466,-8.900190718372535,1.9071837253655577,-10.680228862047036,-5.0,4,-5.0,4,-8.0,5,-5.0,4
sz002730,2025-01-13,first_probe,1,4.795486600846255,15.527646418267556,1.3676470588235297,0.3086244014988524,71.52918637550721,7.5526506899056045,10.602759622367476,-6.172839506172833,18.300653594771244,18.300653594771244,-6.172839506172833,24.183006535947737,28.540305010893242,-6.172839506172833,50.254175744371835,50.254175744371835,-6.172839506172833,67.3928830791576,100.0,-6.172839506172833,-5.0,1,-5.0,1,8.0,1,-5.0,1
sz002733,2025-06-11,first_probe,1,5.67765567765568,37.57264496329082,1.2795698924731163,3.5801011364213,82.83005917274596,0.5674653215636871,1.6393442622950838,-0.6305170239596425,-0.8827238335434973,1.6393442622950838,-1.954602774274894,-0.6305170239596425,1.6393442622950838,-1.954602774274894,-1.1979823455233296,1.6393442622950838,-2.522068095838581,5.863808322824715,6.179066834804536,-3.6569987389659553,-1.1979823455233296,5,-1.1979823455233296,5,-1.1979823455233296,5,-1.1979823455233296,5
sz002735,2025-03-28,first_probe,1,6.49717514124295,15.468932360073678,1.028985507246376,0.29961914513498,74.46469240029367,-2.8037383177569986,2.1495327102803774,-8.504672897196263,6.915887850467284,6.915887850467284,-8.504672897196263,2.336448598130847,7.8504672897196315,-8.504672897196263,-13.364485981308405,7.8504672897196315,-13.364485981308405,-16.07476635514018,7.8504672897196315,-29.813084112149536,-5.0,1,-5.0,1,-8.0,1,-5.0,1
sz002738,2025-07-17,first_probe,1,5.1039697542533125,28.10568234955876,0.4938271604938251,0.43709759475359633,73.9608371404042,3.352636391344088,4.724169460530314,0.0,4.876562023773223,5.91283145382504,0.0,9.234989332520582,9.3569033831149,0.0,17.647058823529417,17.951843950015235,0.0,10.210301737275195,22.676013410545547,0.0,5.0,2,8.0,3,8.0,3,10.0,4
sz002757,2024-10-23,first_probe,1,6.259426847662142,14.443281606982712,0.7469879518072279,0.6343330580684418,80.24029292955942,0.6797583081570968,1.0574018126888296,-0.981873111782483,2.0392749244712904,2.3413897280966767,-0.981873111782483,6.495468277945604,7.477341389728087,-0.981873111782483,4.607250755287007,8.610271903323262,-0.981873111782483,-0.151057401812682,8.610271903323262,-3.92749244712991,5.0,3,8.0,4,8.0,4,4.607250755287007,5
sz002760,2025-04-18,first_probe,1,5.350248207391073,20.493420553013976,0.731958762886597,0.28489011769509476,78.01822205049835,-0.2718868950516651,0.16313213703100793,-1.5769439912996175,-0.7612833061446445,1.1419249592169667,-1.5769439912996175,0.6525285481239873,2.6644915715062556,-1.5769439912996175,-0.4893964110929794,2.6644915715062556,-3.4801522566612286,7.014681892332786,7.558455682436116,-3.4801522566612286,-0.4893964110929794,5,-0.4893964110929794,5,-0.4893964110929794,5,-0.4893964110929794,5
sz002761,2024-12-06,first_probe,1,6.382978723404253,36.89567082959191,0.5151515151515148,0.4738440916307604,77.85390797608322,3.547459252157248,7.190795781399806,0.0,1.9175455417066223,7.286673058485138,0.0,2.4928092042185934,7.286673058485138,0.0,-2.4928092042185934,7.286673058485138,-2.4928092042185934,-7.38255033557047,7.286673058485138,-8.628954937679778,5.0,1,-2.4928092042185934,5,-2.4928092042185934,5,-2.4928092042185934,5
sz002762,2024-09-19,first_probe,1,6.363636363636349,17.729516079443695,0.6000000000000005,0.6003540948932865,83.01845563844695,-1.773049645390068,0.7092198581560183,-2.3049645390070927,-3.7234042553191515,0.7092198581560183,-3.900709219858156,-0.7092198581560294,0.7092198581560183,-4.07801418439716,7.624113475177308,7.978723404255317,-4.07801418439716,14.539007092198597,38.47517730496455,-4.07801418439716,5.0,5,7.624113475177308,5,7.624113475177308,5,7.624113475177308,5
sz002766,2025-01-10,first_probe,1,7.2695035460992985,19.51352198669436,1.2439024390243894,0.4023759934031967,83.22349381795595,2.7881040892193454,3.5315985130111693,-1.3011152416356975,8.736059479553893,8.736059479553893,-1.3011152416356975,11.152416356877337,12.639405204460964,-1.3011152416356975,16.542750929368033,23.60594795539035,-1.3011152416356975,15.241635687732359,23.60594795539035,-1.3011152416356975,5.0,2,8.0,2,8.0,2,10.0,3
sz002768,2025-08-01,first_probe,1,6.312569521690747,19.26123449238281,1.0925110132158595,0.5188768879570033,80.04897248413056,-2.2222222222222143,0.0,-9.500000000000009,4.166666666666674,5.41666666666667,-9.500000000000009,8.472222222222214,11.055555555555552,-9.500000000000009,9.916666666666663,11.333333333333329,-9.500000000000009,26.722222222222225,27.222222222222214,-9.500000000000009,-5.0,1,-5.0,1,-8.0,1,-5.0,1
sz002771,2025-11-24,first_probe,1,5.178571428571432,13.926049339540684,0.4252873563218397,0.6015179483704152,75.2107298521183,3.9342337052260534,5.637110980622406,-0.7046388725778119,-0.05871990604815469,5.637110980622406,-0.7046388725778119,-0.23487962419261876,5.637110980622406,-2.2900763358778664,0.29359953024072905,5.637110980622406,-2.2900763358778664,-6.106870229007644,5.637110980622406,-9.982384028185564,5.0,1,0.29359953024072905,5,0.29359953024072905,5,0.29359953024072905,5
sz002777,2024-09-09,first_probe,1,4.769603880355722,13.535741493697811,1.1355932203389827,0.6739444707689111,76.89547115225697,5.872888173773139,8.286403861625114,-2.493966210780374,2.976669348350769,8.286403861625114,-2.493966210780374,4.9074818986323265,8.286403861625114,-2.493966210780374,-0.08045052292839916,8.286403861625114,-2.493966210780374,11.745776347546254,15.848753016894612,-2.493966210780374,5.0,1,8.0,1,8.0,1,-0.08045052292839916,5
sz002777,2024-10-11,retest_probe,2,7.498535442296439,13.859545279203598,1.2812499999999993,0.48060439987964476,78.00992213134695,6.690349319123734,7.164002368265243,-3.0195381882770933,3.670811130846663,10.59798697454115,-3.0195381882770933,14.03197158081706,14.03197158081706,-3.0195381882770933,18.413262285375964,24.333925399644762,-3.0195381882770933,33.39253996447602,35.52397868561279,-3.0195381882770933,5.0,1,8.0,2,8.0,2,10.0,2
sz002778,2024-12-30,first_probe,1,4.743303571428559,20.887961341342123,0.7529411764705908,0.9160216515746901,73.80429443810543,-5.1086956521739,0.5434782608695787,-5.1086956521739,4.4021739130434945,4.4021739130434945,-5.1086956521739,-2.6630434782608625,4.510869565217401,-5.1086956521739,-0.21739130434782483,4.510869565217401,-8.097826086956516,-2.8804347826086873,4.510869565217401,-9.184782608695642,-5.0,1,-5.0,1,-8.0,5,-5.0,1
sz002779,2025-05-19,first_probe,1,9.946757018393026,21.322408680768664,0.8345498783454982,0.6524204284099605,87.76608492511836,-1.6585365853658551,3.4146341463414664,-1.9512195121951237,-5.747967479674787,3.4146341463414664,-8.41463414634146,-8.910569105691046,3.4146341463414664,-9.21951219512196,-12.121951219512194,3.4146341463414664,-13.292682926829269,-21.01626016260162,3.4146341463414664,-21.235772357723583,-5.0,2,-5.0,2,-8.0,2,-5.0,2
sz002780,2024-11-06,first_probe,1,6.588447653429608,17.47533381002258,0.6986301369863007,1.962412746981346,84.31042791555295,7.247627264883527,7.247627264883527,-1.8119068162208762,10.181190681622088,15.358067299396016,-1.8119068162208762,12.079378774805871,15.358067299396016,-1.8119068162208762,9.318377911993103,17.601380500431407,-1.8119068162208762,8.196721311475397,17.601380500431407,-1.8119068162208762,5.0,1,8.0,2,8.0,2,10.0,2
sz002786,2025-09-03,first_probe,1,5.523809523809531,20.170671588172066,0.5517241379310349,0.2570173698374857,76.06166027227636,2.190476190476187,3.523809523809507,-1.4285714285714346,4.3809523809523965,4.3809523809523965,-1.4285714285714346,3.7142857142857144,4.9523809523809526,-1.4285714285714346,-1.0476190476190417,4.9523809523809526,-1.4285714285714346,-4.571428571428571,4.9523809523809526,-6.190476190476191,-1.0476190476190417,5,-1.0476190476190417,5,-1.0476190476190417,5,-1.0476190476190417,5
sz002789,2025-11-05,first_probe,1,5.677966101694909,25.02586823449274,0.4626865671641799,0.612168159087851,80.08750579560699,-2.941176470588236,0.588235294117645,-2.941176470588236,-5.714285714285716,0.588235294117645,-7.5630252100840405,-3.7815126050420256,0.588235294117645,-8.403361344537819,-4.78991596638656,3.445378151260514,-8.403361344537819,5.798319327731094,11.428571428571432,-8.403361344537819,-5.0,2,-5.0,2,-8.0,3,-5.0,2
sz002790,2024-12-02,first_probe,1,5.005959475566146,18.06822145203795,0.6904761904761928,0.5547811816174085,75.91843465654347,-2.358490566037752,0.2358490566037652,-3.0660377358490587,-4.834905660377364,0.2358490566037652,-5.4245283018868,-4.716981132075471,0.2358490566037652,-5.660377358490576,-4.127358490566035,0.2358490566037652,-5.778301886792459,0.4716981132075304,4.127358490566024,-5.778301886792459,-5.0,2,-5.0,2,-4.127358490566035,5,-5.0,2
sz002798,2025-09-12,first_probe,1,4.992435703479581,26.278697547949356,0.8484848484848491,0.37095094834644826,77.29904962221042,-1.3473053892215536,0.8982035928143839,-2.095808383233533,-1.3473053892215536,0.8982035928143839,-2.9940119760478945,-1.3473053892215536,0.8982035928143839,-2.9940119760478945,-3.59281437125748,0.8982035928143839,-4.940119760479044,-4.79041916167664,0.8982035928143839,-8.383233532934131,-3.59281437125748,5,-3.59281437125748,5,-3.59281437125748,5,-3.59281437125748,5
sz002799,2024-09-12,first_probe,1,9.233176838810664,27.309308931770104,0.5762711864406785,0.6307321071352465,80.90820361686231,2.1212121212121238,4.696969696969711,-2.1212121212121127,7.121212121212128,7.727272727272738,-2.1212121212121127,5.757575757575761,7.727272727272738,-2.1212121212121127,3.3333333333333437,11.363636363636353,-2.1212121212121127,20.30303030303031,22.72727272727273,-2.1212121212121127,5.0,2,8.0,4,8.0,4,10.0,4
sz002799,2024-09-20,continuous_probe,2,5.603448275862055,18.330068374689088,0.6923076923076917,0.9337513548025802,80.95372637250273,-3.125,0.9943181818181879,-3.409090909090917,-2.1306818181818232,0.9943181818181879,-4.119318181818176,-1.7045454545454586,0.9943181818181879,-4.119318181818176,5.397727272727271,5.8238636363636465,-4.119318181818176,5.965909090909083,23.863636363636374,-4.119318181818176,5.0,5,5.397727272727271,5,5.397727272727271,5,5.397727272727271,5
sz002799,2025-05-09,retest_probe,3,8.333333333333325,14.343460019725837,0.7538461538461534,0.6575591395643543,85.47264922170696,1.0512483574244502,3.1537450722733062,0.0,0.6570302233902758,4.46780551905388,0.0,0.9198423127463773,4.46780551905388,-0.26281208935611255,0.5256241787122251,4.46780551905388,-0.7884362680683377,1.0512483574244502,4.993429697766105,-0.7884362680683377,0.5256241787122251,5,0.5256241787122251,5,0.5256241787122251,5,0.5256241787122251,5
sz002799,2025-11-18,retest_probe,4,6.165919282511223,24.40343379627587,0.8000000000000013,0.4796465473746971,79.68301342932774,-1.7467248908296984,1.3100436681222627,-2.9475982532751077,-2.6200873362445476,1.3100436681222627,-3.27510917030569,-6.986899563318783,1.3100436681222627,-7.423580786026196,0.5458515283842891,5.676855895196509,-7.423580786026196,2.401746724890841,9.497816593886444,-7.423580786026196,-5.0,3,-5.0,3,0.5458515283842891,5,-5.0,3
sz002799,2025-11-27,retest_probe,5,5.537098560354381,16.28553279047159,0.5799999999999983,0.3707812534405347,76.11397554087445,-1.0775862068965525,0.6465517241379448,-2.155172413793094,-1.7241379310344862,0.6465517241379448,-2.478448275862055,1.0775862068965747,8.081896551724132,-3.6637931034482762,-3.6637931034482762,8.081896551724132,-4.094827586206884,-6.681034482758608,8.081896551724132,-6.788793103448265,5.0,3,8.0,3,8.0,3,-3.6637931034482762,5
sz002800,2025-03-12,first_probe,1,5.454545454545445,19.235499093000147,0.5333333333333341,0.4837894910259382,73.79571336588926,-0.534283170080152,1.4247551202137165,-1.9590382902938575,0.8014247551202169,1.4247551202137165,-1.9590382902938575,2.315227070347281,2.4042742653606286,-1.9590382902938575,0.8904719501335645,5.699020480854844,-1.9590382902938575,-5.520926090828149,5.699020480854844,-10.952804986642928,5.0,4,0.8904719501335645,5,0.8904719501335645,5,0.8904719501335645,5
sz002809,2025-03-21,first_probe,1,6.561085972850678,22.585573015528954,0.741379310344827,0.45737505598491596,82.39953887660592,-2.4390243902438935,3.10421286031044,-4.7671840354767125,-2.2172949002217224,3.10421286031044,-8.203991130820398,-0.9977827050997812,3.10421286031044,-8.203991130820398,-3.9911308203991025,3.10421286031044,-8.203991130820398,-16.962305986696226,3.10421286031044,-16.962305986696226,-5.0,2,-5.0,2,-8.0,2,-5.0,2
sz002809,2025-06-16,retest_probe,2,5.658914728682163,13.337585934227333,0.5205479452054802,0.3203126629949163,74.92490640857315,-1.8628912071535053,1.1922503725782407,-3.129657228017879,-3.055141579731746,1.713859910581217,-4.247391952309987,-9.314456035767515,1.713859910581217,-9.836065573770492,-5.812220566318926,1.713859910581217,-11.997019374068552,-2.682563338301036,1.713859910581217,-11.997019374068552,-5.0,3,-5.0,3,-8.0,3,-5.0,3
sz002811,2025-02-13,first_probe,1,6.3176895306859215,44.92743264145241,0.9285714285714275,0.37448748547038235,81.79201732346122,4.598737601442737,5.320108205590612,-1.7132551848512145,9.828674481514877,14.788097385031573,-1.7132551848512145,1.7132551848512145,14.788097385031573,-1.7132551848512145,2.073940486925152,14.788097385031573,-1.7132551848512145,-1.7132551848512145,14.788097385031573,-4.147880973850304,5.0,1,8.0,2,8.0,2,10.0,2
sz002816,2025-04-28,first_probe,1,6.678700361010836,13.425337120707159,0.8243243243243233,0.5094431815004996,77.41534942532213,1.904761904761898,1.904761904761898,0.0,7.012987012987004,7.012987012987004,0.0,12.380952380952381,12.380952380952381,0.0,23.89610389610388,23.89610389610388,0.0,45.627705627705616,45.627705627705616,0.0,5.0,2,8.0,3,8.0,3,10.0,3
sz002819,2025-08-19,first_probe,1,4.849039341262595,18.7831055993373,1.1949685534591206,0.3322871882717904,77.6864381795266,1.0722169662567005,1.9236833806370202,-1.2298959318826852,3.8473667612740403,11.163670766319767,-1.2298959318826852,2.396720277514963,11.163670766319767,-1.2298959318826852,-0.9145380006307158,11.163670766319767,-1.2929675181330813,-6.401766004415011,11.163670766319767,-7.158625039419741,5.0,2,8.0,2,8.0,2,10.0,2
sz002820,2025-10-23,first_probe,1,5.007824726134591,17.01872477744328,0.48437500000000033,0.7169662383127537,74.90561864945737,-2.907421576128544,0.0,-3.0604437643458327,-2.065799540933433,0.0,-3.7490436113236436,-0.6120887528691665,0.0,-3.7490436113236436,-5.738332058148432,0.0,-5.8913542463657205,2.9839326702371993,5.049732211170621,-5.8913542463657205,-5.0,4,-5.0,4,-5.738332058148432,5,-5.0,4
sz002823,2025-02-24,first_probe,1,6.002554278416361,13.742502695580026,0.808510638297873,0.3743279467319229,75.28298952356046,0.6250000000000089,3.0000000000000027,-1.187499999999997,1.374999999999993,3.0000000000000027,-1.187499999999997,3.2499999999999973,4.374999999999996,-1.187499999999997,-0.6249999999999978,4.374999999999996,-2.187499999999998,-1.3125000000000053,4.374999999999996,-2.187499999999998,-0.6249999999999978,5,-0.6249999999999978,5,-0.6249999999999978,5,-0.6249999999999978,5
sz002824,2025-06-26,first_probe,1,5.829326923076916,17.600901839584076,0.8350515463917523,0.403298353059477,77.72453921858985,2.118893466745164,3.00176574455564,-1.1771630370806307,1.2360211889346662,8.24014125956447,-1.1771630370806307,-0.470865214832239,8.24014125956447,-2.0600353148910955,-1.4125956444967502,8.24014125956447,-2.8251912889935116,-1.4125956444967502,8.24014125956447,-4.061212477928178,5.0,2,8.0,2,8.0,2,-1.4125956444967502,5
sz002825,2025-02-12,first_probe,1,7.67386091127098,17.558751892653532,0.6406249999999997,0.35748560852100225,77.83170238981168,-2.564102564102566,0.5827505827505908,-2.6806526806526842,-3.8461538461538436,0.5827505827505908,-4.195804195804187,-0.5827505827505908,0.5827505827505908,-4.195804195804187,-1.7482517482517501,0.5827505827505908,-4.195804195804187,1.2820512820512775,2.3310023310023187,-4.195804195804187,-1.7482517482517501,5,-1.7482517482517501,5,-1.7482517482517501,5,-1.7482517482517501,5
sz002827,2025-07-04,first_probe,1,7.837087318728808,21.085410839441607,0.5314960629921253,0.5631320058334768,78.49520734886191,5.364552459988126,7.6170717249555375,-0.5038529934795588,5.986959098992273,7.913455838767036,-0.5038529934795588,4.38648488441018,7.913455838767036,-0.5038529934795588,13.51511558980436,15.560165975103724,-0.5038529934795588,14.374629519857729,22.495554238292815,-0.5038529934795588,5.0,1,8.0,4,8.0,4,10.0,4
sz002828,2025-10-23,first_probe,1,7.931316434995894,16.367608779522072,1.1546391752577325,0.3216659969178333,77.69077278843076,-7.334963325183375,0.6519967400163029,-8.068459657701709,-8.475957620211894,0.6519967400163029,-9.942950285248564,-6.845965770171148,0.6519967400163029,-9.942950285248564,-9.046454767726154,0.6519967400163029,-9.942950285248564,-4.319478402607979,0.6519967400163029,-9.942950285248564,-5.0,1,-5.0,1,-8.0,1,-5.0,1
sz002829,2024-10-17,first_probe,1,9.713282621416042,24.485279877230138,0.49999999999999895,0.8449239066100407,82.99945612745285,4.924681344148296,6.72074159907301,-0.057937427578225176,12.3986095017381,12.977983777520263,-0.057937427578225176,10.950173812282715,14.71610660486673,-0.057937427578225176,9.61761297798378,18.366164542294317,-0.057937427578225176,16.74391657010428,18.366164542294317,-0.057937427578225176,5.0,1,8.0,2,8.0,2,10.0,2
sz002836,2025-09-22,first_probe,1,6.609808102345416,22.842928924155157,1.2096774193548403,0.42828828668293045,80.36505471030378,-1.7372421281216077,0.43431053203040193,-5.320304017372424,2.1715526601520097,2.6058631921823894,-5.320304017372424,-0.7600434310532034,3.0401737242128135,-5.320304017372424,4.343105320303997,4.9945711183496,-5.320304017372424,15.092290988056444,18.892508143322463,-5.320304017372424,-5.0,1,-5.0,1,4.343105320303997,5,-5.0,1
sz002838,2024-09-26,first_probe,1,5.81140350877194,25.742607948170225,0.5471698113207553,0.5561240228335455,75.39687895697595,5.491024287222812,8.553326293558584,-0.6335797254487963,16.050686378035905,16.050686378035905,-0.6335797254487963,19.324181626187965,27.56071805702216,-0.6335797254487963,11.193241816261867,27.56071805702216,-0.6335797254487963,6.652587117212239,27.56071805702216,-0.6335797254487963,5.0,1,8.0,1,8.0,1,10.0,2
sz002838,2025-04-14,retest_probe,2,5.693519079345832,18.718112539763332,0.6702127659574474,0.2778564092052628,73.47415644524006,-2.6035502958579704,0.4733727810650956,-3.905325443786989,-5.739644970414193,0.4733727810650956,-6.568047337278104,-3.372781065088759,0.4733727810650956,-6.568047337278104,-4.792899408284013,0.4733727810650956,-7.514792899408274,-9.940828402366853,0.4733727810650956,-10.414201183431937,-5.0,2,-5.0,2,-4.792899408284013,5,-5.0,2
sz002842,2024-12-02,first_probe,1,10.215053763440851,20.427075671588582,0.6184210526315783,0.4151786842956303,80.84678165741968,-1.8641810918774926,1.8641810918775148,-2.26364846870839,-4.52729693741678,1.8641810918775148,-4.793608521970693,-3.1957390146471365,1.8641810918775148,-5.326231691078553,-0.26631158455392434,1.8641810918775148,-5.326231691078553,-2.929427430093201,1.8641810918775148,-5.326231691078553,-5.0,3,-5.0,3,-0.26631158455392434,5,-5.0,3
sz002843,2025-02-18,first_probe,1,6.899082568807335,17.784558766738016,1.3723404255319147,0.29346710414397903,80.24110282604308,1.8310911808669506,2.690582959641241,-2.4289985052316942,5.866965620328846,5.94170403587444,-2.4289985052316942,16.44245142002989,16.44245142002989,-2.4289985052316942,9.790732436472327,16.44245142002989,-2.4289985052316942,-1.8684603886397588,16.44245142002989,-4.745889387145008,5.0,2,8.0,3,8.0,3,10.0,3
sz002846,2025-02-07,first_probe,1,5.760368663594462,15.89112324879381,0.6400000000000006,0.41594352025142833,74.86700579699871,2.1590909090908994,2.840909090909083,-0.6818181818181834,6.136363636363629,6.590909090909092,-0.6818181818181834,5.454545454545445,6.590909090909092,-0.6818181818181834,0.2272727272727204,7.386363636363624,-0.6818181818181834,0.2272727272727204,7.386363636363624,-1.2500000000000178,5.0,2,0.2272727272727204,5,0.2272727272727204,5,0.2272727272727204,5
sz002848,2024-12-23,first_probe,1,5.258386219401623,33.61207561662944,2.862068965517241,0.39584439702848323,79.86644022490312,0.0,2.678571428571419,0.0,-10.044642857142861,2.678571428571419,-10.044642857142861,-10.379464285714302,2.678571428571419,-19.08482142857144,-12.50000000000001,2.678571428571419,-19.08482142857144,-19.19642857142858,2.678571428571419,-26.339285714285722,-5.0,2,-5.0,2,-8.0,2,-5.0,2
sz002848,2025-02-25,retest_probe,2,6.685633001422464,21.949619646353895,0.9361702127659588,0.2996835136647888,80.47173994789432,-0.42918454935623185,1.4306151645207432,-1.2875536480686622,-2.4320457796852657,1.4306151645207432,-4.57796852646638,-0.14306151645206988,5.150214592274671,-5.293276108726753,-1.716738197424894,5.150214592274671,-5.293276108726753,-2.5751072961373467,5.150214592274671,-6.151645207439205,-5.0,3,-5.0,3,-1.716738197424894,5,-5.0,3
sz002853,2024-12-13,first_probe,1,7.0261437908496704,21.317977091952127,0.9651162790697682,0.5632166787031277,79.71279939771252,5.86816720257235,7.958199356913176,-1.4469453376205754,-4.099678456591638,7.958199356913176,-4.340836012861726,-2.0096463022508004,7.958199356913176,-7.475884244372988,-5.787781350482302,7.958199356913176,-7.475884244372988,-7.0739549839228255,7.958199356913176,-18.408360128617364,5.0,1,-5.0,3,-5.787781350482302,5,-5.0,3
sz002855,2025-02-24,first_probe,1,9.382596013612066,27.820792121499764,0.5181347150259068,0.4983589029173412,82.3138069998016,6.471421823334889,11.71469059990551,-0.850259801606057,6.943788379782712,11.71469059990551,-0.850259801606057,1.511572980632958,11.71469059990551,-0.850259801606057,-5.904581955597543,11.71469059990551,-6.471421823334911,-4.865375531412386,11.71469059990551,-7.085498346717056,5.0,1,8.0,1,8.0,1,10.0,1
sz002855,2025-06-18,retest_probe,2,9.366540335679474,22.844982116585893,0.6589595375722545,0.9845690349329623,81.1669503145688,2.0744680851063846,4.255319148936176,-1.5957446808510634,-1.010638297872346,4.255319148936176,-2.287234042553188,-0.4787234042553212,4.255319148936176,-3.3510638297872264,0.7446808510638281,4.255319148936176,-3.3510638297872264,1.010638297872335,7.340425531914896,-3.3510638297872264,0.7446808510638281,5,0.7446808510638281,5,0.7446808510638281,5,0.7446808510638281,5
sz002855,2025-08-20,retest_probe,3,5.516194331983804,14.363003905817711,0.5963302752293599,0.4914800055500305,76.75330876187158,-0.7429420505200679,3.4175334323922613,-2.08023774145617,-1.0401188707280906,3.4175334323922613,-2.08023774145617,-1.8325903912828179,3.4175334323922613,-2.08023774145617,-2.4269440316988744,3.4175334323922613,-3.02129767211492,-7.478949975235272,3.4175334323922613,-7.825656265477965,-2.4269440316988744,5,-2.4269440316988744,5,-2.4269440316988744,5,-2.4269440316988744,5
sz002855,2025-11-25,retest_probe,4,5.249480249480265,14.05657910293056,1.1485148514851469,0.4093872979717792,76.35111730928774,3.817204301075261,5.053763440860193,-2.5268817204301186,0.21505376344086446,5.053763440860193,-2.5268817204301186,-0.21505376344087557,5.053763440860193,-2.5268817204301186,4.731182795698929,9.784946236559144,-2.5268817204301186,-0.10752688172044333,9.784946236559144,-2.5268817204301186,5.0,1,8.0,4,8.0,4,4.731182795698929,5
sz002857,2024-11-15,first_probe,1,5.10366826156301,19.44475182735139,1.296874999999999,0.3655749499443498,77.43828529059215,-1.9215372297838318,3.2025620496397122,-3.8430744595676525,1.6813450760608362,3.2025620496397122,-3.8430744595676525,2.9623698959167166,4.003202562049646,-3.8430744595676525,-1.2810248198558805,5.284227381905526,-3.8430744595676525,7.846277021617287,12.089671737389907,-3.8430744595676525,5.0,4,-1.2810248198558805,5,-1.2810248198558805,5,-1.2810248198558805,5
sz002858,2024-11-13,first_probe,1,5.602240896358546,22.603543621748983,1.7249999999999994,0.7737250566272973,80.62780502099622,-5.690440060698032,0.0,-6.297420333839154,-5.38694992412746,0.0,-6.980273141122916,-10.925644916540211,0.0,-11.760242792109244,-5.38694992412746,0.0,-11.987860394537176,1.2898330804248959,2.124430955993928,-11.987860394537176,-5.0,1,-5.0,1,-8.0,3,-5.0,1
sz002861,2024-12-17,first_probe,1,4.933333333333345,29.60288098279744,2.4729729729729724,0.33983315879194864,77.37676104118768,7.822410147991543,7.822410147991543,-6.483439041578576,4.228329809725162,13.8830162085976,-6.483439041578576,2.466525722339674,13.8830162085976,-6.483439041578576,-10.077519379844958,13.8830162085976,-12.191684284707527,-0.7047216349541863,13.8830162085976,-17.406624383368563,-5.0,1,-5.0,1,8.0,2,-5.0,1
sz002862,2025-03-27,first_probe,1,4.8240841494377795,22.929934567041634,0.7293233082706768,0.8073925045985001,79.98727590276654,-0.1454545454545375,1.4545454545454417,-0.8727272727272695,2.8727272727272712,3.4545454545454435,-4.909090909090919,5.418181818181811,8.945454545454545,-4.909090909090919,-3.672727272727283,8.945454545454545,-4.909090909090919,-18.58181818181818,8.945454545454545,-29.78181818181819,5.0,3,8.0,3,8.0,3,-3.672727272727283,5
sz002864,2025-09-17,first_probe,1,5.842696629213484,22.99603962787537,0.7527472527472512,0.5063762835745539,77.64676200786631,-4.381846635367759,0.0625978090766699,-5.164319248826288,-5.727699530516428,0.0625978090766699,-6.384976525821595,-5.7589984350547745,0.0625978090766699,-6.760563380281692,-6.635367762128331,0.0625978090766699,-8.82629107981221,-7.9812206572769995,0.0625978090766699,-9.984350547730825,-5.0,1,-5.0,1,-8.0,4,-5.0,1
sz002866,2025-11-10,first_probe,1,8.70026525198937,24.878721125163363,0.6341463414634153,0.2679436061451509,78.55838510142945,-1.1305241521068932,0.7194244604316502,-1.5930113052415318,-1.9527235354573569,0.7194244604316502,-2.9804727646454365,3.9568345323740983,7.656731757451163,-2.9804727646454365,6.166495375128456,9.30113052415209,-2.9804727646454365,1.2846865364851023,13.617677286742037,-2.9804727646454365,5.0,3,8.0,5,8.0,5,6.166495375128456,5
sz002868,2024-12-13,first_probe,1,4.793814432989696,18.642355561811506,1.860215053763438,0.3466285299051483,75.19257329713423,-3.3689839572192515,0.5347593582887722,-4.8128342245989275,-11.122994652406405,0.5347593582887722,-11.764705882352933,-12.56684491978608,0.5347593582887722,-13.796791443850253,-13.422459893048122,0.5347593582887722,-16.577540106951872,-11.764705882352933,0.5347593582887722,-25.508021390374324,-5.0,2,-5.0,2,-8.0,2,-5.0,2
sz002868,2025-11-20,retest_probe,2,5.936073059360725,16.660710765440335,1.6996336996337018,2.2007848493444415,80.50870978519198,0.0,0.0,0.0,-4.99044890162369,0.0,-4.99044890162369,-0.23877745940783512,0.0,-4.99044890162369,2.387774594078329,9.98089780324738,-4.99044890162369,-12.010506208213945,9.98089780324738,-12.177650429799424,5.0,5,8.0,5,8.0,5,2.387774594078329,5
sz002871,2025-01-02,first_probe,1,5.858987090367429,15.584985081166478,2.52542372881356,0.48323796158058496,86.59544718661235,-3.5203520352035222,3.300330033003318,-3.850385038503845,-5.390539053905396,3.300330033003318,-8.910891089108919,-1.4301430143014215,3.300330033003318,-8.910891089108919,-1.8701870187018743,3.300330033003318,-8.910891089108919,2.0902090209020896,3.630363036303641,-8.910891089108919,-5.0,2,-5.0,2,-8.0,2,-5.0,2
sz002875,2024-12-02,first_probe,1,8.917631041524853,17.345331723810045,0.5954198473282436,0.9439595686352223,81.83598635234482,0.2652519893899141,0.8620689655172376,-2.1883289124668415,-3.9787798408488007,0.8620689655172376,-4.177718832891253,-3.9124668435013277,0.8620689655172376,-5.1724137931034475,-5.901856763925728,0.8620689655172376,-6.896551724137934,10.411140583554367,17.24137931034482,-6.896551724137934,-5.0,3,-5.0,3,-5.901856763925728,5,-5.0,3
sz002875,2025-10-10,retest_probe,2,5.7367829021372385,14.346429111741688,0.911764705882353,0.2960402235727558,74.81794561367468,4.240282685512353,5.418138987043575,-0.11778563015312216,5.653710247349819,7.126030624263846,-0.11778563015312216,14.310954063604232,14.840989399293282,-0.11778563015312216,7.302709069493507,19.729093050647805,-0.11778563015312216,5.123674911660792,19.729093050647805,-0.11778563015312216,5.0,1,8.0,3,8.0,3,10.0,3
sz002876,2024-09-02,first_probe,1,5.473372781065078,17.82595646663425,1.027027027027028,0.33347588862308947,76.34129477168636,0.542406311637067,1.5285996055226736,-0.8875739644970349,0.39447731755424265,1.8737672583826415,-2.31755424063117,-0.2958579881656931,1.8737672583826415,-2.31755424063117,-5.276134122287967,1.8737672583826415,-5.7692307692307825,-10.601577909270233,1.8737672583826415,-12.080867850098631,-5.0,5,-5.0,5,-5.276134122287967,5,-5.0,5
sz002877,2025-02-17,first_probe,1,5.875706214689269,18.627462506518707,0.3846153846153836,0.8703337727885836,79.60394568485934,-2.631578947368407,0.43859649122808264,-3.28947368421052,-0.3289473684210509,0.43859649122808264,-3.28947368421052,1.6447368421052655,1.7543859649122862,-3.28947368421052,0.0,2.960526315789491,-3.28947368421052,-6.798245614035081,2.960526315789491,-7.5657894736842035,0.0,5,0.0,5,0.0,5,0.0,5
sz002877,2025-08-26,retest_probe,2,7.8125,18.065086012879938,0.6285714285714284,0.5870141959594221,80.31782443726452,-1.7334777898158182,1.4084507042253502,-2.0585048754062973,-1.8418201516793076,1.4084507042253502,-5.95882990249188,-3.358613217768147,1.4084507042253502,-5.95882990249188,-3.683640303358615,1.4084507042253502,-5.95882990249188,-1.0834236186348822,1.4084507042253502,-7.475622968580731,-5.0,2,-5.0,2,-3.683640303358615,5,-5.0,2
sz002881,2024-12-30,first_probe,1,6.387225548902209,15.697140032683723,0.7708333333333329,0.267500430032056,77.70029613010205,-2.442201237381958,0.13025073266037523,-5.4379680885705,-0.3581895148160208,0.9117551286225822,-5.4379680885705,2.572451970042322,9.605991533702362,-5.4379680885705,-7.815043959622281,9.605991533702362,-14.685770107456865,1.790947574080115,9.605991533702362,-14.685770107456865,-5.0,1,-5.0,1,8.0,3,-5.0,1
sz002882,2024-11-12,first_probe,1,4.801324503311233,13.367666534353349,0.9080459770114959,0.8978238119298618,79.34233723823505,11.532033426183851,11.532033426183851,-0.3899721448467952,0.8913649025069637,11.532033426183851,-0.3899721448467952,2.5626740947075177,11.532033426183851,-0.7799442896936015,-0.6685236768802283,11.532033426183851,-9.749303621169913,-4.233983286908072,11.532033426183851,-9.749303621169913,5.0,1,8.0,1,8.0,1,10.0,1
sz002884,2025-01-20,first_probe,1,6.130268199233724,25.964269590278505,0.5357142857142865,0.41076947543185227,75.53249620944534,-0.9047365620010517,0.05321979776478081,-1.915912719531665,-4.044704630122398,0.05321979776478081,-4.204364023416707,-4.89622139435869,0.05321979776478081,-5.055880787653,-3.618946248004251,0.05321979776478081,-5.268759978712067,-4.470463012240556,0.05321979776478081,-7.3975518893028225,-5.0,3,-5.0,3,-3.618946248004251,5,-5.0,3
sz002884,2025-08-15,retest_probe,2,5.040091638029787,19.057078147501944,0.44318181818181934,0.6582186364203566,78.01492919721755,0.3820960698689868,2.5655021834060987,-2.510917030567694,-3.3842794759825434,2.5655021834060987,-4.093886462882102,-3.3296943231441056,2.5655021834060987,-4.093886462882102,-5.185589519650646,2.5655021834060987,-5.840611353711789,-3.9301310043668103,2.5655021834060987,-8.56986899563319,-5.0,5,-5.0,5,-5.185589519650646,5,-5.0,5
sz002885,2025-01-20,first_probe,1,4.878048780487809,24.349968274035806,0.7580645161290342,0.259323377859916,77.20150232889027,0.15408320493066618,0.8474576271186418,-2.080123266563938,-1.001540832049308,2.311248073959926,-2.080123266563938,-2.4653312788906034,2.311248073959926,-2.6194144838212585,-3.852080123266566,2.311248073959926,-3.852080123266566,4.468412942989208,5.161787365177184,-4.006163328197221,-3.852080123266566,5,-3.852080123266566,5,-3.852080123266566,5,-3.852080123266566,5
sz002885,2025-03-19,retest_probe,2,9.223300970873783,18.31430140574056,0.9934210526315802,0.618781749996595,81.2149309687419,-3.2581453634085267,1.2531328320801949,-3.4461152882205526,-2.6315789473684292,1.2531328320801949,-8.14536340852131,-7.518796992481214,1.2531328320801949,-10.087719298245624,-9.71177944862156,1.2531328320801949,-11.2155388471178,-14.223057644110282,1.2531328320801949,-16.478696741854638,-5.0,2,-5.0,2,-8.0,2,-5.0,2
sz002885,2025-10-27,retest_probe,3,5.133470225872694,25.21917123174352,0.8320000000000022,0.3476334486033845,76.69843678053661,0.48859934853420217,4.31596091205213,-1.1807817589576497,3.9087947882736174,7.003257328990231,-1.1807817589576497,-0.16286644951140072,7.003257328990231,-1.1807817589576497,8.509771986970694,9.8127035830619,-2.280130293159599,37.0114006514658,52.11726384364821,-2.280130293159599,5.0,2,8.0,4,8.0,4,8.509771986970694,5
sz002890,2025-03-20,first_probe,1,10.389610389610393,15.95006009187439,0.7109375000000004,0.2751020927580486,79.39963976159507,-3.6006546644844595,0.654664484451728,-4.500818330605572,-8.265139116202946,0.654664484451728,-10.392798690671047,-10.801963993453356,0.654664484451728,-12.602291325695592,-9.57446808510638,0.654664484451728,-12.602291325695592,-11.374795417348615,0.654664484451728,-14.893617021276595,-5.0,2,-5.0,2,-8.0,2,-5.0,2
sz002891,2025-04-07,first_probe,1,4.732510288065828,15.015913921278303,2.032608695652179,0.797061084310606,80.79984814246913,6.648793565683664,7.560321715817686,0.0,11.796246648793574,13.914209115281517,0.0,12.010723860589835,18.310991957104573,0.0,19.597855227882043,22.520107238605913,0.0,31.957104557640758,31.957104557640758,0.0,5.0,1,8.0,2,8.0,2,10.0,2
sz002892,2024-12-11,first_probe,1,5.6971514242878385,18.219268237406823,1.1578947368421086,0.3003614081966493,77.25555962087137,-1.5207131620346037,3.0938647089669535,-2.4646040901940114,-5.610907184058734,3.0938647089669535,-5.66334556895649,-9.648662821185106,3.0938647089669535,-10.487676979549033,-12.585212375458832,3.0938647089669535,-14.472994231777669,-16.93759832197168,3.0938647089669535,-17.829050865233352,-5.0,2,-5.0,2,-8.0,3,-5.0,2
sz002893,2025-11-21,first_probe,1,4.933437744714175,18.50431713567439,0.9047619047619041,0.3738890489782703,72.07115250153961,-0.6901840490797562,0.6901840490797673,-2.60736196319018,0.4601226993865115,0.8435582822085896,-2.60736196319018,-2.7607361963190136,3.0674846625766916,-3.2975460122699363,-0.5368098159509116,6.978527607361973,-3.527607361963181,6.978527607361973,11.656441717791433,-3.527607361963181,5.0,4,-0.5368098159509116,5,-0.5368098159509116,5,-0.5368098159509116,5
sz002898,2025-08-11,first_probe,1,5.045045045045038,17.515244088517676,1.5952380952380953,0.2767515931074001,76.82208316013445,1.9399249061326618,5.819774718397985,0.0,-3.1289111389236512,5.819774718397985,-3.1289111389236512,-4.255319148936165,5.819774718397985,-7.071339173967461,-7.071339173967461,5.819774718397985,-8.197747183979976,-6.007509386733423,5.819774718397985,-8.635794743429292,5.0,1,-5.0,3,-8.0,5,-5.0,3
sz002899,2024-11-08,first_probe,1,6.835306781485495,16.94420634248676,0.771653543307085,0.43141662421097254,79.32682912854294,7.732226258432817,7.732226258432817,-1.2454592631032657,9.96367410482617,18.21484172288532,-1.2454592631032657,13.492475350285416,18.21484172288532,-1.2454592631032657,4.774260508562533,19.771665801764392,-1.2454592631032657,-0.8822003113648114,19.771665801764392,-1.2454592631032657,5.0,1,8.0,2,8.0,2,10.0,2
sz002899,2024-12-19,retest_probe,2,6.75213675213675,19.893673465734544,1.151898734177214,0.3645402510145341,79.1354785701342,5.155979202772976,10.398613518197575,0.0,-5.372616984402079,10.398613518197575,-5.372616984402079,-12.00173310225303,10.398613518197575,-12.56499133448873,-6.932409012131702,10.398613518197575,-15.077989601386466,-4.7227036395147355,10.398613518197575,-15.077989601386466,5.0,1,8.0,1,8.0,1,10.0,1
sz002899,2025-06-30,retest_probe,3,5.43130990415337,16.599162328263553,0.5462184873949592,0.3272169327712345,71.52903821453566,2.824360105913515,3.971756398940851,-2.383053839364513,1.9417475728155331,3.971756398940851,-2.383053839364513,7.237422771403357,8.870255957634598,-2.383053839364513,9.841129744042366,11.165048543689316,-2.383053839364513,6.928508384819065,11.341571050308907,-2.383053839364513,5.0,3,8.0,3,8.0,3,10.0,5
sz002900,2024-10-30,first_probe,1,11.344537815126055,26.8450821305014,0.4629629629629629,0.45813617894841663,79.86976527488319,-0.8113590263691739,0.9127789046653234,-1.7241379310344862,9.127789046653145,9.127789046653145,-1.7241379310344862,20.081135902636916,20.081135902636916,-1.7241379310344862,16.531440162271814,29.614604462474638,-1.7241379310344862,12.474645030425968,29.614604462474638,-1.7241379310344862,5.0,2,8.0,2,8.0,2,10.0,3
sz002902,2024-09-04,first_probe,1,5.134722928317226,14.405402759177809,0.6138613861386161,0.6240023065963799,76.19205800782343,-0.2023267577137,0.6069802731411222,-1.264542235710675,-6.2215477996965145,0.6069802731411222,-6.322711178553364,-8.042488619119881,0.6069802731411222,-8.952959028831565,-5.51340414769853,0.6069802731411222,-9.661102680829536,-9.661102680829536,0.6069802731411222,-11.886697015680314,-5.0,2,-5.0,2,-8.0,3,-5.0,2
sz002902,2024-11-04,retest_probe,2,7.183037646040669,14.017180193184938,0.3614457831325288,0.35798758540539,70.40643022537792,2.921535893155247,3.7979966611018323,-1.5025041736226985,0.6260434056761133,4.5075125208680955,-1.5025041736226985,10.684474123539234,10.684474123539234,-1.5025041736226985,13.93989983305508,15.567612687813014,-1.5025041736226985,-6.552587646076791,15.567612687813014,-8.180300500834726,5.0,3,8.0,3,8.0,3,10.0,3
sz002902,2025-03-27,retest_probe,3,5.235873509590472,18.974381366754795,0.6831683168316833,0.5133248389401933,75.96489899705591,-1.7525773195876337,1.030927835051565,-1.7525773195876337,-2.3711340206185483,1.030927835051565,-3.814432989690719,-1.3402061855670055,1.030927835051565,-3.814432989690719,-3.5051546391752564,1.030927835051565,-4.072164948453604,-13.40206185567009,1.030927835051565,-26.546391752577314,-3.5051546391752564,5,-3.5051546391752564,5,-3.5051546391752564,5,-3.5051546391752564,5
sz002908,2024-10-30,first_probe,1,5.084745762711873,15.448522360753717,0.42222222222222405,0.8138476820963908,78.1163184969619,0.7777777777777883,2.8888888888888964,-1.1111111111111072,-4.77777777777777,2.8888888888888964,-4.77777777777777,-2.2222222222222143,2.8888888888888964,-5.333333333333334,0.5555555555555536,3.111111111111109,-5.333333333333334,13.222222222222225,20.000000000000018,-5.333333333333334,-5.0,3,-5.0,3,0.5555555555555536,5,-5.0,3
sz002909,2025-08-21,first_probe,1,5.248226950354606,16.35626626772468,0.6216216216216202,0.418828454917111,76.31026315312631,-2.892561983471076,0.0,-4.407713498622579,-3.3057851239669422,0.0,-4.683195592286504,-4.1322314049586755,0.0,-4.683195592286504,1.1019283746556585,5.509641873278248,-4.820936639118456,-9.917355371900827,5.509641873278248,-11.707988980716244,5.0,4,1.1019283746556585,5,1.1019283746556585,5,1.1019283746556585,5
sz002910,2025-01-02,first_probe,1,6.426735218508983,17.07534868723728,1.800000000000002,11.603522229046327,84.02497446392336,-7.055630936227953,2.7137042062415295,-7.462686567164178,-8.955223880597018,2.7137042062415295,-12.483039348710989,-5.834464043419263,2.7137042062415295,-12.483039348710989,0.6784260515603879,2.7137042062415295,-12.483039348710989,-2.985074626865669,5.427408412483037,-12.483039348710989,-5.0,1,-5.0,1,-8.0,2,-5.0,1
sz002910,2025-04-18,retest_probe,2,11.123470522803114,27.7029534886357,0.5700000000000003,0.4946845301573955,85.10354442563695,6.209150326797386,7.843137254901977,-0.8714596949891074,16.884531590413943,16.884531590413943,-0.8714596949891074,5.228758169934644,16.884531590413943,-0.8714596949891074,-7.516339869281041,16.884531590413943,-7.516339869281041,-2.3965141612200314,16.884531590413943,-11.546840958605674,5.0,1,8.0,2,8.0,2,10.0,2
sz002910,2025-04-24,continuous_probe,3,6.785317018909898,39.96700787449014,0.7868852459016408,0.7927424138181238,79.7672381191942,-3.74149659863946,0.340136054421758,-3.74149659863946,-6.235827664399096,0.340136054421758,-7.936507936507953,-4.081632653061218,0.340136054421758,-7.936507936507953,-0.11337868480725266,0.340136054421758,-7.936507936507953,1.3605442176870763,4.308390022675734,-7.936507936507953,-5.0,2,-5.0,2,-0.11337868480725266,5,-5.0,2
sz002913,2025-01-09,first_probe,1,9.467989179440938,36.20274388124835,0.5333333333333334,0.6231092001246422,82.20228444218488,-4.675324675324688,1.558441558441559,-4.675324675324688,4.848484848484835,4.848484848484835,-6.796536796536801,7.3593073593073655,8.917748917748902,-6.796536796536801,3.463203463203457,8.917748917748902,-6.796536796536801,8.051948051948044,11.645021645021636,-6.796536796536801,-5.0,2,-5.0,2,8.0,3,-5.0,2
sz002913,2025-07-18,retest_probe,2,5.624999999999991,22.32165017816954,0.969696969696972,0.767229583258586,82.5572896621892,-0.5131128848346656,1.026225769669331,-2.4800456100341983,-1.6533637400227952,2.166476624857494,-2.4800456100341983,-2.9076396807297455,2.166476624857494,-3.078677309007982,-0.9977194982896287,2.166476624857494,-3.9908779931584926,12.485746864310165,17.64538198403651,-3.9908779931584926,-0.9977194982896287,5,-0.9977194982896287,5,-0.9977194982896287,5,-0.9977194982896287,5
sz002915,2025-08-08,first_probe,1,9.706210487169953,25.482275841259824,1.260536398467433,0.38555078163713147,81.56181952175864,3.6304816678648377,3.6304816678648377,-7.764198418404023,1.9410496046009973,9.992810927390373,-7.764198418404023,8.554996405463688,12.149532710280365,-7.764198418404023,12.22142343637671,16.85837526959022,-7.764198418404023,0.5751258087706601,18.044572250179748,-7.764198418404023,-5.0,1,-5.0,1,8.0,2,-5.0,1
sz002919,2025-05-30,first_probe,1,7.032695866748928,18.765429055704537,1.0175438596491224,0.5171000977582421,86.14441003894292,1.1692307692307669,3.9999999999999813,0.0,2.4615384615384484,3.9999999999999813,0.0,2.8307692307692367,4.8615384615384505,0.0,2.092307692307682,4.8615384615384505,0.0,3.076923076923066,6.276923076923069,0.0,2.092307692307682,5,2.092307692307682,5,2.092307692307682,5,2.092307692307682,5
sz002919,2025-10-13,retest_probe,2,5.624999999999991,13.988742823056372,0.4222222222222218,0.7415118848879949,72.23319476098362,3.294117647058825,4.823529411764715,0.0,7.823529411764696,9.000000000000007,0.0,2.941176470588225,9.000000000000007,0.0,3.7647058823529367,9.000000000000007,0.0,5.41176470588236,9.000000000000007,0.0,5.0,2,8.0,2,8.0,2,3.7647058823529367,5
sz002920,2024-09-09,first_probe,1,5.545454545454542,16.937100514936922,0.7418032786885232,0.3280310247091666,72.70434966165567,2.4174594292109886,4.1298265249020805,0.0,3.771684387241181,6.883044208170119,0.0,0.8729714605484107,6.883044208170119,0.0,4.980414101846664,6.883044208170119,-0.36933407946277974,10.576385002797984,12.232792389479584,-0.36933407946277974,5.0,2,4.980414101846664,5,4.980414101846664,5,4.980414101846664,5
sz002921,2025-07-23,first_probe,1,6.041131105398456,18.097175701693256,1.2446808510638303,0.5609429359371003,79.21315314544962,1.17647058823529,2.549019607843128,-0.06535947712419388,1.764705882352935,3.0718954248365904,-0.8496732026143872,3.790849673202623,5.098039215686256,-1.176470588235301,0.13071895424836555,5.098039215686256,-1.176470588235301,20.915032679738555,27.58169934640522,-1.6339869281045805,5.0,3,0.13071895424836555,5,0.13071895424836555,5,0.13071895424836555,5
sz002923,2025-04-08,first_probe,1,8.01017164653528,440.3928063662867,0.9444444444444441,0.7574815963362053,92.71998501546702,-5.263157894736836,0.5996002664889977,-5.263157894736836,-2.5982678214523713,4.063957361758819,-5.263157894736836,-6.595602931379085,4.063957361758819,-8.99400399733511,-4.1305796135909345,4.063957361758819,-11.259160559626913,-17.52165223184543,4.063957361758819,-20.186542305129905,-5.0,1,-5.0,1,-8.0,3,-5.0,1
sz002925,2025-03-11,first_probe,1,9.583074051026763,22.199333024344035,0.363636363636363,0.5625300010432369,80.75586685891749,1.5725101921956863,5.358182877111228,-3.3197437390797946,-1.6889924286546454,5.358182877111228,-3.3197437390797946,0.29120559114732547,5.358182877111228,-3.3197437390797946,-2.213162492719878,5.358182877111228,-3.3197437390797946,-9.435061153174152,5.358182877111228,-10.017472335468858,5.0,1,-2.213162492719878,5,-2.213162492719878,5,-2.213162492719878,5
sz002927,2024-09-11,first_probe,1,5.803996194100858,30.299052362038264,0.7377049180327864,0.33892526074899704,81.50648505171222,-0.37523452157599557,1.7823639774859235,-1.5009380863039379,-3.564727954971869,1.7823639774859235,-3.658536585365857,-4.690431519699811,1.7823639774859235,-6.660412757973743,-4.596622889305813,1.7823639774859235,-6.660412757973743,6.285178236397737,7.504690431519712,-6.660412757973743,-5.0,3,-5.0,3,-4.596622889305813,5,-5.0,3
sz002928,2025-07-23,first_probe,1,5.353075170842825,30.965480265047006,0.9361702127659551,0.330606468001594,79.47936112674232,-0.22675736961450532,0.5668934240362633,-1.0204081632653073,-0.6802721088435382,1.9274376417233618,-1.2471655328798126,-3.0612244897959107,1.9274376417233618,-3.1746031746031855,-2.947845804988658,1.9274376417233618,-4.53514739229025,-3.6281179138322073,1.9274376417233618,-5.895691609977316,-2.947845804988658,5,-2.947845804988658,5,-2.947845804988658,5,-2.947845804988658,5
sz002930,2025-04-17,first_probe,1,5.4695562435500555,51.35390097844236,0.5660377358490567,0.5535709561889649,75.978908746042,-0.917431192660545,1.83486238532109,-1.0193679918450549,0.3058103975535076,1.83486238532109,-1.6309887869520923,2.4464831804281273,4.791029561671745,-1.6309887869520923,-0.917431192660545,4.791029561671745,-1.6309887869520923,-5.91233435270132,4.791029561671745,-7.849133537206942,-0.917431192660545,5,-0.917431192660545,5,-0.917431192660545,5,-0.917431192660545,5
sz002930,2025-11-25,retest_probe,2,5.9836808703535915,18.51437272613223,0.46969696969696767,0.5946375800010376,76.05991808169102,1.938325991189438,3.524229074889873,-0.9691629955947079,1.585903083700435,3.96475770925111,-0.9691629955947079,2.2026431718061623,3.96475770925111,-0.9691629955947079,2.7312775330396555,3.96475770925111,-0.9691629955947079,6.872246696035256,8.546255506607924,-0.9691629955947079,2.7312775330396555,5,2.7312775330396555,5,2.7312775330396555,5,2.7312775330396555,5
sz002931,2025-04-29,first_probe,1,5.918242830994491,29.838604513070994,0.5154639175257738,0.5722436949702354,79.05105535906203,-4.901374775851764,1.6138673042438656,-5.260011954572629,-2.5104602510460317,1.6138673042438656,-5.857740585774063,-6.037059175134485,1.6138673042438656,-8.248655110579806,-7.830245068738795,1.6138673042438656,-8.547519426180516,-4.901374775851764,1.6138673042438656,-8.547519426180516,-5.0,1,-5.0,1,-8.0,3,-5.0,1
sz002933,2025-06-03,first_probe,1,6.506024096385521,22.5711400962358,0.8101851851851865,0.4113142071571052,78.67152134834015,0.2389486260454099,2.38948626045401,-0.5077658303464627,0.8363201911589124,2.38948626045401,-0.5077658303464627,-0.44802867383512135,2.38948626045401,-0.9557945041816063,-1.4038231780167276,2.38948626045401,-2.927120669056149,-3.823178016726392,2.38948626045401,-6.063321385902021,-1.4038231780167276,5,-1.4038231780167276,5,-1.4038231780167276,5,-1.4038231780167276,5
sz002942,2025-06-09,first_probe,1,8.352402745995423,24.20805479463273,0.458904109589042,0.4697641767087647,78.41625587704358,0.6674082313681939,2.836484983314791,-1.4460511679644128,-1.2791991101223643,2.836484983314791,-1.7797552836484987,-0.16685205784204848,2.836484983314791,-1.8909899888765236,-1.5572858731924377,2.836484983314791,-2.725250278086777,-5.506117908787555,2.836484983314791,-7.397107897664079,-1.5572858731924377,5,-1.5572858731924377,5,-1.5572858731924377,5,-1.5572858731924377,5
sz002951,2025-07-17,first_probe,1,8.530805687203792,26.726767523317505,1.4814814814814796,0.2988744805443845,80.32669872950527,-2.882483370288247,3.3813747228381263,-3.6031042128602975,2.5498891352550013,5.3215077605321515,-3.6031042128602975,-7.705099778270519,5.3215077605321515,-7.705099778270519,-6.707317073170738,5.3215077605321515,-9.368070953436792,-10.753880266075377,5.3215077605321515,-12.971175166297122,5.0,2,-5.0,3,-8.0,4,-5.0,3
sz002952,2024-10-21,first_probe,1,5.4625199362041466,17.93632240168481,0.6715328467153266,0.39377203405275674,73.75419157323577,-1.2213740458015265,4.503816793893134,-1.5267175572518998,-4.465648854961824,4.503816793893134,-5.114503816793892,5.076335877862603,5.076335877862603,-5.114503816793892,13.54961832061068,15.572519083969482,-5.114503816793892,1.9465648854961826,15.572519083969482,-5.114503816793892,-5.0,2,-5.0,2,8.0,4,-5.0,2
sz002953,2025-08-25,first_probe,1,6.65137614678899,19.55653034329806,0.47126436781609254,0.5178978533629798,73.85846424857137,12.207987942727971,12.207987942727971,-3.7678975131876458,17.106254709871884,22.07987942727958,-3.7678975131876458,10.324039186134137,22.07987942727958,-3.7678975131876458,15.825169555388086,22.07987942727958,-3.7678975131876458,-1.0550113036925324,22.07987942727958,-4.672192916352669,5.0,1,8.0,1,8.0,1,10.0,1
sz002956,2025-04-10,first_probe,1,5.80535002845759,13.839694275098495,0.7450980392156881,0.38762478918171095,75.82364601850395,1.8028169014084439,2.140845070422537,-1.4084507042253502,5.802816901408447,11.99999999999999,-1.4084507042253502,5.408450704225354,11.99999999999999,-1.4084507042253502,5.577464788732378,11.99999999999999,-1.4084507042253502,6.985915492957728,11.99999999999999,-1.4084507042253502,5.0,2,8.0,2,8.0,2,10.0,2
sz002956,2025-11-14,retest_probe,2,7.417916497770571,14.792992494189663,0.841530054644809,0.27491159496262785,75.11978145068223,3.4054487179487003,4.086538461538458,-2.8846153846153966,0.9615384615384581,4.4070512820512775,-2.8846153846153966,3.084935897435903,4.4070512820512775,-2.8846153846153966,-2.644230769230771,5.168269230769229,-3.165064102564097,3.4054487179487003,5.769230769230771,-3.165064102564097,5.0,4,-2.644230769230771,5,-2.644230769230771,5,-2.644230769230771,5
sz002961,2025-06-06,first_probe,1,5.452501405283883,15.241567349198096,1.1134020618556693,0.35939837958058307,73.1978316478992,8.747178329571103,9.762979683972905,-1.241534988713311,2.257336343115135,9.762979683972905,-1.241534988713311,1.9187358916478603,9.762979683972905,-1.241534988713311,5.022573363431149,14.390519187358919,-1.241534988713311,-7.844243792325056,14.390519187358919,-8.069977426636566,5.0,1,8.0,1,8.0,1,10.0,4
sz002963,2025-02-27,first_probe,1,5.617977528089901,36.92100016849199,0.5384615384615403,0.28280139298399354,73.55897505509334,-2.039082412914195,1.7841971112999122,-2.3789294817332163,-0.5097706032285321,3.4834324553950635,-2.7187765505522488,0.679694137638065,3.4834324553950635,-2.7187765505522488,1.274426508071369,3.4834324553950635,-2.7187765505522488,2.633814783347499,3.4834324553950635,-2.7187765505522488,1.274426508071369,5,1.274426508071369,5,1.274426508071369,5,1.274426508071369,5
sz002963,2025-11-18,retest_probe,2,7.376126126126126,16.73760714351453,0.6030534351145037,0.5714951244915139,77.50033214267373,-1.8052516411378616,5.032822757111588,-3.7746170678337077,-6.345733041575496,5.032822757111588,-7.002188183807445,-11.32385120350109,5.032822757111588,-11.76148796498907,-20.29540481400438,5.032822757111588,-27.35229759299782,-14.551422319474849,5.032822757111588,-27.35229759299782,5.0,1,-5.0,2,-8.0,3,-5.0,2
sz002969,2025-05-27,first_probe,1,9.726443768996962,17.171261810017853,0.53125,7.832571543234042,77.91219848611343,-1.1560693641618491,0.5780346820809301,-3.1791907514450823,-1.1560693641618491,0.5780346820809301,-3.1791907514450823,-3.4682080924855474,0.5780346820809301,-3.7572254335260125,6.936416184971095,6.936416184971095,-4.624277456647407,6.069364161849711,17.630057803468226,-4.624277456647407,5.0,5,6.936416184971095,5,6.936416184971095,5,6.936416184971095,5
sz002970,2024-12-10,first_probe,1,6.878537222464098,16.076377520796683,0.5221518987341761,1.0538165642233086,79.35313395963975,-1.5042372881355903,0.5084745762711673,-3.220338983050852,-0.572033898305091,0.5084745762711673,-3.220338983050852,-2.0762711864406813,0.5084745762711673,-3.220338983050852,-7.309322033898313,0.5084745762711673,-7.733050847457634,-1.3347457627118753,1.2711864406779627,-8.305084745762715,-5.0,4,-5.0,4,-7.309322033898313,5,-5.0,4
sz002971,2025-11-06,first_probe,1,7.094062007356783,14.782978919282996,0.6296296296296291,0.5214037099271839,74.58492756945252,-1.8041237113401998,7.2164948453608435,-2.1649484536082397,-5.721649484536084,7.2164948453608435,-5.97938144329897,0.6958762886597913,7.2164948453608435,-5.97938144329897,0.8247422680412342,7.2164948453608435,-5.97938144329897,-20.07731958762886,7.2164948453608435,-21.39175257731958,5.0,1,-5.0,2,0.8247422680412342,5,-5.0,2
sz002975,2024-12-17,first_probe,1,5.991611743559022,18.417699335028033,1.0199999999999996,0.447350163910025,82.38371221494924,4.3939393939393945,5.636363636363639,-1.9696969696969657,12.666666666666671,14.848484848484844,-1.9696969696969657,6.333333333333346,14.848484848484844,-1.9696969696969657,-1.3636363636363669,14.848484848484844,-4.545454545454541,-7.696969696969691,14.848484848484844,-7.8484848484848495,5.0,1,8.0,2,8.0,2,10.0,2
sz002975,2025-05-20,retest_probe,2,7.268651937239823,24.081184634938733,0.5638766519823795,0.4491763772186389,76.89369400297932,-1.0367577756833168,0.5655042412818112,-1.7279296261388577,-2.827521206409045,0.5655042412818112,-2.827521206409045,-2.3876845743009634,1.8535972353125985,-3.36160854539741,2.0106817467797633,4.272698711907008,-3.36160854539741,2.1991831605403744,6.126295947219607,-3.36160854539741,2.0106817467797633,5,2.0106817467797633,5,2.0106817467797633,5,2.0106817467797633,5
sz002977,2025-11-27,first_probe,1,9.679188374006031,23.512867928196414,0.43059490084985913,0.7041195692532111,79.28911931214625,1.8255033557047051,5.154362416107383,-2.0134228187919434,5.530201342281882,5.906040268456381,-2.0134228187919434,3.0604026845637566,5.906040268456381,-2.0134228187919434,-1.4765100671140896,5.906040268456381,-2.684563758389258,9.744966442953018,19.221476510067113,-2.684563758389258,5.0,1,-1.4765100671140896,5,-1.4765100671140896,5,-1.4765100671140896,5
sz002979,2024-09-03,first_probe,1,4.950495049504955,17.94490542804685,0.620000000000001,0.6777943950447085,78.03573558479965,1.5210991167811772,3.2875368007850847,-0.5888125613346284,1.079489695780178,3.2875368007850847,-0.5888125613346284,-1.079489695780167,3.2875368007850847,-1.5701668302257166,-0.39254170755641526,3.2875368007850847,-3.680078508341511,-7.163886162904798,3.2875368007850847,-9.960745829244344,-0.39254170755641526,5,-0.39254170755641526,5,-0.39254170755641526,5,-0.39254170755641526,5
sz002985,2025-04-16,first_probe,1,4.747899159663871,31.944411756733018,1.0707964601769928,0.31727228699103294,77.55008173743707,10.410495133305119,10.410495133305119,-0.6347862886161626,13.07659754549302,15.869657215404143,-0.6347862886161626,20.44011849344054,24.20651713922981,-0.6347862886161626,13.880660177740168,24.20651713922981,-0.6347862886161626,10.83368599238257,24.20651713922981,-0.6347862886161626,5.0,1,8.0,1,8.0,1,10.0,1
sz002998,2025-03-26,first_probe,1,7.41839762611276,14.905727855245107,0.5800000000000001,0.4492031261586194,78.09225510443385,-0.7204610951008772,1.0086455331411948,-1.1527377521613813,-4.034582132564846,1.0086455331411948,-4.4668587896253715,-5.619596541786754,1.0086455331411948,-7.925072046109516,-3.1700288184438152,1.0086455331411948,-7.925072046109516,-12.536023054755042,1.0086455331411948,-24.49567723342939,-5.0,3,-5.0,3,-3.1700288184438152,5,-5.0,3
sz002999,2024-12-17,first_probe,1,6.224066390041494,22.243534174721354,1.5777777777777802,0.390596617940484,84.4948938206961,-2.0467836257309857,3.3625730994152114,-2.4853801169590684,-4.970760233918126,3.3625730994152114,-5.994152046783629,-5.555555555555558,3.3625730994152114,-6.43274853801169,-11.257309941520466,3.3625730994152114,-13.450292397660812,-13.450292397660812,3.3625730994152114,-15.350877192982448,-5.0,2,-5.0,2,-8.0,4,-5.0,2
sz003001,2025-04-07,first_probe,1,4.837837837837844,30.90683005562663,2.368715083798885,0.4222982380668237,76.9701257831779,-5.434466724789299,0.0,-7.759372275501308,-2.499273467015406,0.6684103458297175,-14.879395524556804,3.7489102005231256,6.94565533275211,-14.879395524556804,8.369659982563228,11.85701830863124,-14.879395524556804,11.944202266782922,18.57018308631213,-14.879395524556804,-5.0,1,-5.0,1,-8.0,2,-5.0,1
sz003007,2025-03-20,first_probe,1,5.267605633802819,21.36561124137582,1.080213903743315,0.3486320042930833,81.62743348545621,11.432664756446997,11.432664756446997,-3.151862464183386,7.2779369627507196,15.873925501432673,-3.151862464183386,-3.4383954154727725,15.873925501432673,-3.4383954154727725,-7.449856733524363,15.873925501432673,-8.309455587392545,-10.40114613180515,15.873925501432673,-11.805157593123205,5.0,1,8.0,1,8.0,1,10.0,1
sz003007,2025-05-15,retest_probe,2,5.852503382949936,19.831805345557235,1.2832369942196522,0.36622491515884825,81.57464180539891,0.2769124264451417,1.523018345448235,-0.8653513326410511,2.215299411561089,2.6306680512288017,-0.8653513326410511,3.219106957424711,3.9460020768431914,-0.8653513326410511,0.7268951194184803,7.9958463136033275,-0.8653513326410511,0.8999653859466772,7.9958463136033275,-2.7691242644513725,5.0,4,0.7268951194184803,5,0.7268951194184803,5,0.7268951194184803,5
sz003009,2025-06-19,first_probe,1,6.950726017614861,16.094756339004544,0.5582191780821923,0.3910900856007877,73.72541598480153,0.8709981167608349,3.0602636534839966,-1.5301318267419983,4.472693032015074,5.885122410546151,-1.5301318267419983,0.30602636534839966,5.885122410546151,-1.5301318267419983,12.1939736346516,19.63276836158192,-1.5301318267419983,8.827683615819204,20.927495291902076,-1.5301318267419983,5.0,2,8.0,4,8.0,4,10.0,4
sz003012,2024-12-30,first_probe,1,5.271317829457356,23.225507100373907,0.558823529411766,0.5205832807126276,77.9979884941163,0.4559270516717451,3.7993920972644313,-0.7598784194528863,2.8875379939209633,5.927051671732508,-0.7598784194528863,-6.5349544072948245,5.927051671732508,-7.294832826747721,-7.902735562310037,5.927051671732508,-9.422492401215809,-9.270516717325227,5.927051671732508,-13.829787234042556,5.0,2,-5.0,3,-8.0,4,-5.0,3
sz003015,2025-04-02,first_probe,1,8.8142041851617,17.04303824687193,0.7122302158273367,0.4920923552995922,84.4550245902983,0.8980115458627314,3.7203335471456267,-1.8601667735728022,-9.172546504169333,3.7203335471456267,-9.172546504169333,-18.280949326491335,3.7203335471456267,-18.280949326491335,-17.89608723540731,3.7203335471456267,-26.427196921103267,-16.292495189223853,3.7203335471456267,-26.427196921103267,-5.0,2,-5.0,2,-8.0,2,-5.0,2
sz003016,2025-11-26,first_probe,1,7.2625698324022325,13.685191356284125,0.5692307692307678,0.5344032838802487,79.67779876285005,-1.0928961748633892,2.732240437158473,-1.2021857923497414,1.0928961748633892,2.732240437158473,-2.622950819672132,-1.4207650273224126,2.732240437158473,-2.622950819672132,14.644808743169403,14.644808743169403,-4.699453551912569,39.781420765027306,39.781420765027306,-4.699453551912569,5.0,4,8.0,4,8.0,4,10.0,5
sz003021,2024-11-15,first_probe,1,15.58290370863129,18.229368881963627,0.8196371398078978,0.34778622570573403,78.36607878459743,-6.184231827748099,6.313744536182608,-6.9127408126922525,3.2054395337542507,6.313744536182608,-7.835518860288171,13.534078031406827,13.534078031406827,-7.835518860288171,14.699692407317455,18.067022826614874,-7.835518860288171,19.961146187469623,23.555123846527426,-7.835518860288171,-5.0,1,-5.0,1,8.0,3,-5.0,1
sz003023,2024-11-20,first_probe,1,5.8073654390934815,17.121462957792815,0.577235772357724,0.3719176412858127,74.36016136267351,-2.215935879302222,1.885902876001877,-3.300330033003296,-8.533710513908543,1.885902876001877,-8.675153229608679,-6.223479490806227,1.885902876001877,-10.278170674210275,-5.893446487505893,1.885902876001877,-10.278170674210275,-4.33757661480435,1.885902876001877,-10.278170674210275,-5.0,2,-5.0,2,-8.0,2,-5.0,2
sz003026,2025-08-29,first_probe,1,6.553010122535974,41.89986580227148,0.4065040650406503,0.3822815302186608,77.69837249660819,-1.7489711934156382,1.5174897119341502,-2.263374485596714,-5.529835390946514,1.5174897119341502,-5.941358024691368,-8.15329218106996,1.5174897119341502,-8.179012345679016,-9.516460905349799,1.5174897119341502,-13.014403292181075,-9.053497942386834,1.5174897119341502,-13.065843621399187,-5.0,2,-5.0,2,-8.0,3,-5.0,2
sz003027,2025-11-20,first_probe,1,7.508680555555558,15.372298287046725,0.9537572254335249,0.29815171956575787,76.55352646736657,-3.5555555555555562,3.688888888888875,-3.8222222222222157,-2.1777777777777674,3.688888888888875,-3.8222222222222157,-3.8222222222222157,3.688888888888875,-4.177777777777781,-4.71111111111111,3.688888888888875,-6.711111111111123,-10.088888888888892,3.688888888888875,-10.177777777777774,-5.0,4,-5.0,4,-4.71111111111111,5,-5.0,4
sz003030,2024-12-13,first_probe,1,7.182628062360807,17.47916752171221,0.7674418604651155,0.5327166571314893,78.38970188767661,-2.7233115468409563,0.2723311546841023,-3.6492374727668753,-9.150326797385622,0.2723311546841023,-9.477124183006524,-11.111111111111105,0.2723311546841023,-11.764705882352944,-10.403050108932465,0.2723311546841023,-13.671023965141615,-13.77995642701525,0.2723311546841023,-17.75599128540305,-5.0,2,-5.0,2,-8.0,2,-5.0,2
sz003030,2025-01-27,retest_probe,2,5.763141228625712,14.76714009163343,1.4285714285714273,0.3531646382035998,75.57065713138806,0.2580645161290196,0.903225806451613,-2.9032258064516037,1.4193548387096744,1.4193548387096744,-2.9032258064516037,1.6129032258064502,2.9032258064516148,-2.9032258064516037,4.0000000000000036,4.7741935483870845,-2.9032258064516037,1.806451612903226,5.290322580645168,-2.9032258064516037,4.0000000000000036,5,4.0000000000000036,5,4.0000000000000036,5,4.0000000000000036,5
sz003030,2025-03-24,retest_probe,3,6.980906921241048,15.243640766809465,0.6153846153846154,0.28950895985967307,71.54484596892259,-2.73972602739726,0.39954337899543724,-5.76484018264839,-3.424657534246567,0.39954337899543724,-5.76484018264839,-4.28082191780822,0.39954337899543724,-5.76484018264839,-8.618721461187207,0.39954337899543724,-10.102739726027398,19.292237442922367,22.14611872146117,-10.102739726027398,-5.0,1,-5.0,1,-8.0,5,-5.0,1
sz003036,2025-06-17,first_probe,1,5.301379811183726,28.992767797126167,1.06849315068493,0.6308489904351295,77.9759896692855,3.223443223443212,4.175824175824183,-0.3663003663003761,2.19780219780219,6.593406593406592,-0.3663003663003761,3.443223443223431,6.593406593406592,-0.3663003663003761,4.908424908424913,6.593406593406592,-0.3663003663003761,2.19780219780219,7.03296703296703,-0.3663003663003761,5.0,2,4.908424908424913,5,4.908424908424913,5,4.908424908424913,5
sz003036,2025-08-08,retest_probe,2,8.206857785272636,19.247396920928743,0.458904109589042,0.7135246174429662,76.6955737255479,-1.5425531914893598,1.8617021276595702,-4.202127659574462,-6.17021276595745,1.8617021276595702,-7.978723404255317,-6.914893617021278,1.8617021276595702,-9.57446808510639,-8.723404255319156,1.8617021276595702,-10.053191489361701,-7.765957446808514,1.8617021276595702,-10.053191489361701,-5.0,2,-5.0,2,-8.0,3,-5.0,2
sz003039,2025-04-10,first_probe,1,5.726872246696035,14.979306729621406,0.6538461538461526,0.30029722695693245,73.91330298582648,0.6607929515418665,2.422907488986792,-0.8810572687224627,1.7621145374449254,2.569750367107204,-0.8810572687224627,0.9544787077826689,2.7165932452276165,-0.8810572687224627,-1.3950073421439058,2.7165932452276165,-2.496328928046987,-1.3950073421439058,2.7165932452276165,-3.2305433186490373,-1.3950073421439058,5,-1.3950073421439058,5,-1.3950073421439058,5,-1.3950073421439058,5
sz003040,2024-12-30,first_probe,1,5.764966740576516,18.069265309279835,0.5384615384615375,0.37070427004750406,74.72798951146669,-5.0145348837209225,0.7994186046511587,-5.0145348837209225,-4.215116279069764,0.7994186046511587,-8.066860465116276,0.43604651162791885,5.3779069767441845,-8.066860465116276,-2.107558139534882,5.3779069767441845,-8.066860465116276,-10.17441860465117,5.3779069767441845,-17.80523255813953,-5.0,1,-5.0,1,-8.0,2,-5.0,1
sz003040,2025-08-12,retest_probe,2,8.543470079036508,13.798155400693236,0.5638766519823795,1.7372041309632653,77.21689681277655,0.5177514792899407,4.47485207100593,-1.9970414201183395,3.4763313609467605,7.840236686390534,-1.9970414201183395,0.14792899408284654,7.840236686390534,-1.9970414201183395,2.551775147928992,7.840236686390534,-3.624260355029585,-5.5103550295857895,7.840236686390534,-5.880177514792894,5.0,2,2.551775147928992,5,2.551775147928992,5,2.551775147928992,5
sz003041,2024-12-24,first_probe,1,9.478851963746227,14.40075808399783,0.4143426294820717,0.3083059156506508,72.87492787629401,-2.3307436182020025,1.3318534961154205,-6.7702552719201,-2.1087680355160954,2.293747687754344,-8.95301516833149,0.18497965223824853,2.293747687754344,-8.95301516833149,-0.7769145394006638,2.4047354790972975,-8.95301516833149,-2.3307436182020025,2.4047354790972975,-8.95301516833149,-5.0,1,-5.0,1,-8.0,2,-5.0,1
sz003043,2025-08-21,first_probe,1,6.540222367560489,23.33442065131451,0.7066666666666658,0.8103077036476714,78.77375214186289,-0.14973262032085266,0.449197860962558,-0.5775401069518793,-1.2406417112299395,0.9625668449197988,-2.67379679144385,-0.8128342245989351,0.9625668449197988,-2.67379679144385,3.700534759358276,6.951871657754016,-2.67379679144385,6.3101604278074985,11.87165775401069,-2.67379679144385,5.0,4,3.700534759358276,5,3.700534759358276,5,3.700534759358276,5
