symbol,trade_date,event_role,probe_index,sequence_label,bar_high_ret_pct,bar_close_ret_pct,amount_vs_day_median,same_day_pullback_ratio,same_day_later_high_pct,oib_ratio,cvd_ratio,day_gap_pct,day_high_vs_prev_close_pct,day_return_pct,touch_limit_up,broken_limit_up,touch_limit_up_count_5m,probe_strength_score,eligible_10d,high_10d_pct,low_10d_pct,close_10d_pct,eligible_20d,high_20d_pct,low_20d_pct,close_20d_pct,eligible_40d,high_40d_pct,low_40d_pct,close_40d_pct,eligible_60d,high_60d_pct,low_60d_pct,close_60d_pct,days_to_up_5,days_to_up_8,days_to_up_10,days_to_up_15,days_to_up_20,days_to_up_30,days_to_up_40,days_to_down_5,days_to_down_8,days_to_down_10,days_to_down_15,days_to_down_20,big_rise_20d,big_rise_40d,monster_60d,fail_20d,deep_fail_20d,down8_before_up15_20d,oib_top20,strength_top20,second_or_third,second_third_oib20,second_third_strength20,second_third_oib20_pullback50,second_third_oib20_pullback35_80
sh600165,2025-11-14,first_probe,1,首次试盘,5.378973105134466,5.378973105134466,28.125936452933747,0.7727272727272733,0.0,0.4280522184466016,0.4601211865608055,0.0,5.378973105134466,1.2224938875305513,0,0,0.0,82.32687408735353,1,4.106280193236711,-8.695652173913038,-4.347826086956519,1,4.106280193236711,-28.019323671497574,-20.531400966183565,1,7.246376811594213,-28.019323671497574,-4.347826086956519,1,7.246376811594213,-28.019323671497574,-6.521739130434778,30.0,,,,,,,4.0,9.0,18.0,18.0,18.0,0,0,0,0,1,1,False,False,False,False,False,False,False
sh600178,2025-02-11,first_probe,1,首次试盘,7.372549019607844,6.117647058823517,31.766198500105325,0.8404255319148931,0.0,0.31421367860105126,-0.09705601271807576,-1.0861132660977546,6.2063615205585565,1.17647058823529,0,0,0.0,77.75241689271613,1,0.7751937984496138,-8.759689922480629,-3.7209302325581395,1,0.7751937984496138,-9.302325581395355,-5.038759689922479,1,14.961240310077507,-31.162790697674414,-21.472868217054263,1,14.961240310077507,-31.162790697674414,-7.131782945736431,27.0,27.0,27.0,,,,,5.0,5.0,32.0,38.0,38.0,0,0,0,0,0,1,False,False,False,False,False,False,False
sh600200,2025-04-22,first_probe,1,首次试盘,5.787037037037046,3.47222222222221,15.287659849006976,0.5199999999999996,0.0,0.2764969705825365,-0.18320484681153476,-7.889125799573559,-2.558635394456288,2.77777777777779,0,0,0.0,68.67323976938077,1,9.909909909909898,-40.990990990990994,-37.38738738738739,1,9.909909909909898,-49.09909909909911,-39.86486486486487,1,9.909909909909898,-49.77477477477478,-47.52252252252253,1,9.909909909909898,-61.711711711711715,-61.711711711711715,1.0,1.0,,,,,,3.0,3.0,3.0,4.0,5.0,0,0,0,0,0,1,False,False,False,False,False,False,False
sh600241,2025-01-02,first_probe,1,首次试盘,9.850746268656717,5.373134328358198,41.764453034268776,0.4848484848484852,0.0,0.48039836392051494,-0.5549300123647253,-13.32470892626132,-4.786545924967656,5.074626865671639,0,0,0.0,77.26732669698855,1,4.6875,-17.1875,0.28409090909089496,1,4.6875,-17.1875,-1.278409090909094,1,11.64772727272727,-17.1875,3.5511363636363535,1,17.04545454545454,-17.1875,-11.221590909090907,30.0,33.0,33.0,47.0,,,,1.0,1.0,2.0,2.0,,0,0,0,0,1,1,False,False,False,False,False,False,False
sh600243,2025-08-22,first_probe,1,首次试盘,4.878048780487809,3.10421286031044,13.892745850867973,0.8636363636363629,0.0,0.2976251868170006,-0.0777521816079033,-1.9565217391304346,2.826086956521756,0.6651884700665134,0,0,0.0,69.19011238596278,1,15.41850220264318,-7.929515418502209,1.7621145374449254,1,27.533039647577095,-7.929515418502209,21.365638766519822,1,31.93832599118942,-7.929515418502209,19.383259911894267,1,31.93832599118942,-7.929515418502209,16.960352422907476,1.0,2.0,2.0,3.0,16.0,25.0,,7.0,,,,,1,1,1,0,0,0,False,False,False,False,False,False,False
sh600289,2025-04-09,first_probe,1,首次试盘,9.473684210526322,9.473684210526322,33.10158149576791,1.111111111111112,0.0,0.3775392972774062,0.22232882281583993,-4.040404040404044,5.050505050505039,-1.0526315789473717,0,0,0.0,85.71377786079103,1,29.964539007092217,-4.07801418439716,12.765957446808528,1,29.964539007092217,-4.07801418439716,0.0,1,29.964539007092217,-14.00709219858156,-1.0638297872340385,1,39.36170212765959,-14.00709219858156,24.822695035460995,2.0,2.0,2.0,3.0,4.0,51.0,,32.0,32.0,33.0,,,1,1,1,0,0,0,False,True,False,False,False,False,False
sh600289,2025-04-25,retest_probe,2,重新试盘,6.097560975609739,5.7491289198606355,26.926462733695587,0.8571428571428575,0.0,0.4701056238497887,0.5154131140487052,-4.966887417218535,0.8278145695364225,0.8710801393728262,0,0,0.0,85.26645671367017,1,5.0086355785837755,-5.181347150259064,0.17271157167528806,1,5.181347150259064,-11.571675302245254,-11.571675302245254,1,35.75129533678756,-16.23488773747842,25.38860103626943,1,35.75129533678756,-16.23488773747842,13.471502590673579,1.0,34.0,34.0,37.0,38.0,40.0,,3.0,20.0,20.0,21.0,,0,1,1,0,0,1,False,True,True,False,True,False,False
sh600303,2025-04-21,first_probe,1,首次试盘,8.994708994709,7.14285714285714,23.88643129367034,0.47058823529411764,0.0,0.4085997086749337,0.1038894311630368,-4.060913705583758,4.5685279187817285,4.761904761904767,0,0,0.0,77.95520944965494,1,19.949494949494962,-2.5252525252525304,7.3232323232323315,1,19.949494949494962,-2.5252525252525304,2.525252525252508,1,19.949494949494962,-6.818181818181824,-5.303030303030298,1,19.949494949494962,-12.121212121212121,-9.343434343434343,1.0,1.0,2.0,2.0,,,,40.0,50.0,57.0,,,1,0,0,0,0,0,False,False,False,False,False,False,False
sh600310,2025-04-30,first_probe,1,首次试盘,5.515587529976029,4.556354916067162,17.342232514227877,0.6086956521739144,0.0,0.559467060849642,-0.21210623043738222,-9.740259740259749,-4.761904761904756,2.1582733812949506,0,0,0.0,71.88016110554157,1,6.103286384976525,-1.8779342723004744,3.2863849765258246,1,6.103286384976525,-2.5821596244131273,-0.9389671361502372,1,6.103286384976525,-7.276995305164313,-3.0516431924882625,1,6.103286384976525,-7.276995305164313,-2.8169014084507116,2.0,,,,,,,29.0,,,,,0,0,0,0,0,0,False,False,False,False,False,False,False
sh600353,2025-04-08,first_probe,1,首次试盘,6.979695431472077,3.045685279187804,28.69955200075483,1.0363636363636357,0.0,0.518517666635413,-0.29282127731057794,-9.736540664375726,-3.436426116838498,-0.25380710659898,0,0,0.0,79.39053295639044,1,10.432569974554706,-10.050890585241735,5.9796437659032975,1,19.59287531806615,-10.050890585241735,15.64885496183206,1,44.529262086513974,-10.050890585241735,37.913486005089055,1,89.56743002544529,-10.050890585241735,69.84732824427479,3.0,4.0,4.0,17.0,25.0,31.0,33.0,1.0,1.0,1.0,,,1,1,1,0,0,1,False,False,False,False,False,False,False
sh600353,2025-09-02,retest_probe,2,重新试盘,8.020050125313283,6.566416040100265,14.351552898247784,1.4562499999999998,0.0,0.2641828004633039,-0.08096598990523443,1.3719512195121908,9.502032520325198,-3.659147869674184,0,0,0.0,77.07360452906258,1,3.537981269510926,-14.099895941727357,-5.93132154006244,1,3.537981269510926,-16.181061394380848,-12.851196670135268,1,11.290322580645174,-19.66701352757544,-15.660770031217474,1,11.290322580645174,-27.939646201873046,-24.661810613943803,23.0,23.0,24.0,,,,,2.0,2.0,2.0,15.0,45.0,0,0,0,0,1,1,False,False,True,False,False,False,False
sh600355,2025-04-16,first_probe,1,首次试盘,10.191082802547768,9.872611464968163,19.426382525467325,0.5000000000000007,0.0,0.2726130591223572,0.3921919743335714,-1.552795031055909,7.453416149068315,4.100946372239744,0,0,0.0,81.33161434264808,1,-0.9090909090909038,-23.636363636363633,-23.636363636363633,1,-0.9090909090909038,-27.575757575757564,-19.090909090909093,1,1.81818181818183,-27.575757575757564,-10.606060606060597,1,1.81818181818183,-27.575757575757564,-15.75757575757576,,,,,,,,2.0,6.0,6.0,8.0,10.0,0,0,0,1,1,1,False,False,False,False,False,False,False
sh600360,2025-05-06,first_probe,1,首次试盘,8.072487644151561,6.0955518945634335,22.74777012096218,0.40816326530612157,0.0,0.5634310980119681,0.09041640153213884,-5.007824726134579,2.6604068857589924,4.777594728171342,0,0,0.0,77.51374672002169,1,5.660377358490565,-0.4716981132075526,1.729559748427656,1,15.566037735849036,-0.4716981132075526,14.779874213836464,1,41.03773584905661,-0.4716981132075526,40.251572327044016,1,44.654088050314456,-0.4716981132075526,32.38993710691822,1.0,14.0,14.0,20.0,21.0,32.0,40.0,,,,,,1,1,1,0,0,0,False,False,False,False,False,False,False
sh600381,2025-04-21,first_probe,1,首次试盘,5.3333333333333455,4.0000000000000036,67.26521931019177,0.7500000000000011,0.0,0.46203212039177494,0.4617124074156149,-5.063291139240511,0.0,1.3333333333333197,0,0,0.0,83.39451750452636,1,-0.7894736842105177,-22.36842105263157,-1.0526315789473717,1,7.8947368421052655,-22.36842105263157,0.7894736842105399,1,30.00000000000003,-22.36842105263157,19.999999999999996,1,30.00000000000003,-22.36842105263157,8.684210526315784,17.0,27.0,28.0,28.0,30.0,33.0,,2.0,2.0,3.0,4.0,5.0,0,1,1,0,0,1,False,True,False,False,False,False,False
sh600396,2025-07-08,first_probe,1,首次试盘,4.922279792746109,2.849740932642497,34.18491903004437,1.4210526315789478,0.0,0.2695526034583104,-0.1562601072299905,0.2597402597402487,5.1948051948051965,-2.0725388601036343,0,0,0.0,74.9727533213973,1,8.994708994709,-7.14285714285714,-3.4391534391534417,1,8.994708994709,-11.64021164021164,-10.582010582010582,1,8.994708994709,-14.021164021164012,-12.43386243386243,1,8.994708994709,-19.047619047619047,-17.460317460317455,1.0,1.0,,,,,,3.0,12.0,17.0,41.0,,0,0,0,0,0,1,False,False,False,False,False,False,False
sh600408,2025-10-30,first_probe,1,首次试盘,5.813953488372103,2.9069767441860517,19.611780353046914,2.199999999999998,0.0,0.3535815304506168,-0.19449715678215015,-3.0985915492957705,2.5352112676056526,-6.976744186046502,0,0,0.0,77.28133114045578,1,77.8125,-3.125,77.8125,1,115.625,-3.125,44.06250000000001,1,115.625,-3.125,38.74999999999999,1,115.625,-3.125,27.187500000000007,2.0,3.0,3.0,3.0,4.0,5.0,5.0,,,,,,1,1,1,0,0,0,False,False,False,False,False,False,False
sh600530,2025-01-06,first_probe,1,首次试盘,9.125475285171113,6.4638783269961975,214.80791564760472,1.0,0.0,0.28084907609034937,0.5954782343378262,-9.931506849315074,-1.7123287671232834,0.0,0,0,0.0,89.90636432999773,1,2.281368821292773,-20.34220532319391,-8.935361216730032,1,2.281368821292773,-20.34220532319391,-7.224334600760452,1,2.281368821292773,-20.34220532319391,-0.9505703422053147,1,4.372623574144496,-26.23574144486692,-15.209125475285168,,,,,,,,1.0,1.0,1.0,2.0,3.0,0,0,0,0,1,1,False,True,False,False,False,False,False
sh600594,2025-08-25,first_probe,1,首次试盘,6.493506493506485,6.493506493506485,23.880689774599986,0.8333333333333338,0.0,0.8232931403111287,0.2505648714015249,0.22321428571427937,9.821428571428559,4.008908685968815,0,0,0.0,83.57944261585241,1,0.21413276231263545,-10.064239828693788,-5.781584582441102,1,0.21413276231263545,-11.777301927194861,-11.134903640256955,1,0.21413276231263545,-14.775160599571734,-8.993576017130621,1,0.21413276231263545,-14.775160599571734,-11.134903640256955,,,,,,,,3.0,3.0,3.0,,,0,0,0,0,0,1,True,True,False,False,False,False,False
sh600629,2024-11-15,first_probe,1,首次试盘,13.313313313313312,12.112112112112094,19.027754457821327,1.3082706766917294,0.0,0.28236115960534913,-0.1548754405453961,-3.6644165863066402,9.16104146576664,-4.104104104104101,0,0,0.0,79.6470474424146,1,0.0,-25.052192066805844,-20.250521920668064,1,0.0,-25.052192066805844,-5.532359081419614,1,3.9665970772442716,-25.052192066805844,-16.805845511482254,1,3.9665970772442716,-25.052192066805844,-14.71816283924844,,,,,,,,1.0,1.0,1.0,2.0,6.0,0,0,0,0,1,1,False,False,False,False,False,False,False
sh600629,2025-10-09,retest_probe,2,重新试盘,8.448275862068954,5.1724137931034475,16.787794622006313,1.2857142857142856,0.0,0.26700460512398333,-0.0673112502212609,1.0805158591843833,9.620076681770652,-2.4137931034482696,0,0,0.0,78.08037136605363,1,44.62897526501766,-9.964664310954063,17.173144876325065,1,44.62897526501766,-20.883392226148413,-20.49469964664311,1,44.62897526501766,-31.766784452296825,-31.09540636042403,1,44.62897526501766,-35.65371024734982,-22.86219081272085,1.0,1.0,3.0,4.0,5.0,5.0,6.0,1.0,1.0,13.0,14.0,16.0,1,1,1,0,0,1,False,False,True,False,False,False,False
sh600629,2025-10-17,retest_probe,3,重新试盘,5.291005291005302,5.211640211640223,18.17831975797875,0.8499999999999979,0.0,0.2892737488193289,-0.07744102819482913,1.5037593984962294,6.874328678839947,0.793650793650813,0,0,0.0,72.03791099122937,1,7.427821522309697,-41.23359580052494,-39.58005249343832,1,7.427821522309697,-43.464566929133866,-43.30708661417323,1,7.427821522309697,-49.790026246719165,-48.55643044619422,1,7.427821522309697,-52.20472440944881,-40.86614173228347,2.0,,,,,,,1.0,1.0,1.0,5.0,5.0,0,0,0,0,0,1,False,False,True,False,False,False,False
sh600653,2024-11-04,first_probe,1,首次试盘,10.762331838565032,8.520179372197312,18.489618031993505,0.9166666666666666,0.0,0.2625800983318153,0.4536842424816896,-10.080645161290324,-0.40322580645160144,0.8968609865470878,0,0,0.0,85.26049071016615,1,28.000000000000004,-6.2222222222222285,-0.4444444444444362,1,28.000000000000004,-11.111111111111116,5.777777777777771,1,32.00000000000001,-11.111111111111116,-3.111111111111109,1,32.00000000000001,-15.555555555555555,-8.000000000000007,1.0,3.0,3.0,4.0,4.0,25.0,,10.0,15.0,17.0,44.0,,1,1,1,0,0,0,False,True,False,False,False,False,False
sh600696,2025-03-19,first_probe,1,首次试盘,6.04651162790697,5.658914728682163,16.692873237503665,0.5897435897435891,0.0,0.2989982104044489,-0.11358244820957936,-3.007518796992481,2.857142857142847,2.4806201550387597,0,0,0.0,70.96117012587226,1,4.841149773071085,-34.26626323751891,-31.39183055975794,1,4.841149773071085,-41.75491679273827,-35.627836611195164,1,4.841149773071085,-57.56429652042361,-46.974281391830566,1,4.841149773071085,-57.56429652042361,-50.605143721633894,,,,,,,,3.0,3.0,4.0,4.0,5.0,0,0,0,0,1,1,False,False,False,False,False,False,False
sh600698,2024-09-24,first_probe,1,首次试盘,6.80851063829786,4.680851063829783,32.05493275530899,1.0625000000000016,0.0,0.3175806380898185,-0.07665298484834789,2.844638949671774,9.846827133479197,-0.42553191489362874,0,0,0.0,78.64763388025541,1,16.880341880341888,-5.982905982905972,3.418803418803429,1,28.846153846153854,-5.982905982905972,28.846153846153854,1,41.025641025641036,-5.982905982905972,8.974358974358964,1,41.025641025641036,-5.982905982905972,4.059829059829068,4.0,4.0,5.0,5.0,19.0,21.0,21.0,2.0,,,,,1,1,1,0,0,0,False,False,False,False,False,False,False
sh600716,2024-09-25,first_probe,1,首次试盘,6.484641638225264,6.484641638225264,26.023765554764786,1.105263157894737,0.0,2.395482447143865,0.19176445219673258,2.807017543859658,9.473684210526322,-0.6825938566552892,0,0,0.0,85.33872715940889,1,29.896907216494828,-1.3745704467354014,11.683848797250862,1,29.896907216494828,-1.3745704467354014,15.120274914089338,1,32.302405498281786,-1.3745704467354014,25.42955326460481,1,58.762886597938135,-1.3745704467354014,32.64604810996563,1.0,2.0,3.0,3.0,4.0,27.0,43.0,,,,,,1,1,1,0,0,0,True,True,False,False,False,False,False
sh600745,2025-11-10,first_probe,1,首次试盘,6.400000000000006,5.777777777777771,22.641610540763978,0.5277777777777783,0.0,0.3647190956087749,-0.19326685037043642,0.0,6.400000000000006,3.022222222222215,0,0,0.0,72.8373859870222,1,2.8472821397756753,-15.875754961173428,-11.906816220880057,1,2.8472821397756753,-18.61518550474548,-15.53062985332183,1,2.8472821397756753,-20.987920621225186,-16.975841242450386,1,2.8472821397756753,-30.37100949094046,-26.16479723899914,,,,,,,,2.0,6.0,7.0,10.0,26.0,0,0,0,0,1,1,False,False,False,False,False,False,False
sh600798,2025-05-30,first_probe,1,首次试盘,6.266318537859017,5.7441253263707415,13.568312271345043,0.9583333333333343,0.0,0.26697455710980367,0.1669828021652385,-2.518891687657432,2.518891687657443,-0.7751937984496138,0,0,0.0,75.90548955096982,1,19.27083333333335,-4.9479166666666625,10.677083333333348,1,34.375,-4.9479166666666625,18.75,1,34.375,-4.9479166666666625,7.552083333333326,1,34.375,-4.9479166666666625,4.947916666666674,6.0,6.0,7.0,7.0,11.0,16.0,,,,,,,1,1,1,0,0,0,False,False,False,False,False,False,False
sh600829,2025-03-11,first_probe,1,首次试盘,5.200945626477527,4.018912529550822,21.701223426188147,0.6136363636363633,0.0,0.29642291857295083,-0.03237971088223614,0.47505938242280443,5.700712589073631,2.009456264775422,0,0,0.0,71.11899494343687,1,0.9269988412514474,-9.965237543453087,-7.41599073001159,1,0.9269988412514474,-25.84009269988413,-17.84472769409039,1,0.9269988412514474,-25.84009269988413,-15.990730011587495,1,12.3986095017381,-25.84009269988413,-11.93511008111241,59.0,59.0,59.0,,,,,3.0,9.0,14.0,19.0,19.0,0,0,0,0,1,1,False,False,False,False,False,False,False
sh600831,2025-11-10,first_probe,1,首次试盘,8.108108108108114,3.1185031185031242,26.00243581975389,0.5128205128205126,0.0,0.2617158275719063,-0.17524700053220565,-3.992015968063878,3.79241516966069,3.950103950103956,0,0,0.0,74.1154015111789,1,13.200000000000012,-9.600000000000009,-6.999999999999995,1,13.200000000000012,-15.399999999999991,-10.199999999999998,1,13.200000000000012,-17.799999999999994,-15.199999999999992,1,13.200000000000012,-17.799999999999994,-13.00000000000001,1.0,1.0,1.0,,,,,7.0,9.0,17.0,18.0,,0,0,0,0,0,1,False,False,False,False,False,False,False
sh600839,2025-02-14,first_probe,1,首次试盘,6.3993831919815,3.7779491133384857,17.76433453097199,1.3855421686746991,0.0,0.408580028181728,-0.22305960051003937,0.1544401544401719,6.563706563706573,-2.4672320740169673,0,0,0.0,77.22388811982674,1,3.5573122529644285,-13.043478260869568,-10.909090909090914,1,3.5573122529644285,-14.387351778656132,-9.802371541501975,1,3.5573122529644285,-34.46640316205535,-22.21343873517787,1,3.5573122529644285,-34.46640316205535,-16.758893280632414,,,,,,,,1.0,2.0,3.0,26.0,33.0,0,0,0,0,0,1,False,False,False,False,False,False,False
sh600857,2024-11-13,first_probe,1,首次试盘,8.015267175572527,4.580152671755733,32.50137252194492,1.2063492063492063,0.0,0.25416004758134425,0.03190153214919903,0.898587933247752,8.985879332477541,-1.653944020356235,0,0,0.0,80.91896157414456,1,-0.7761966364812523,-10.996119016817596,-2.975420439844767,1,16.300129366106077,-10.996119016817596,14.74773609314357,1,32.34152652005176,-13.195342820181121,3.2341526520051733,1,32.34152652005176,-13.195342820181121,10.866752910737375,15.0,15.0,15.0,20.0,21.0,35.0,,1.0,3.0,3.0,,,1,1,1,0,0,1,False,False,False,False,False,False,False
sh600865,2024-12-06,first_probe,1,首次试盘,5.418719211822642,4.433497536945796,22.908610347601716,0.9090909090909108,0.0,0.6604895486935389,-0.4627467587391351,-0.4098360655737654,9.631147540983598,4.938271604938249,0,0,0.0,75.74493120658246,1,13.823529411764701,-8.13725490196079,-7.745098039215681,1,26.470588235294134,-14.215686274509798,-1.5686274509803977,1,26.470588235294134,-21.372549019607845,-10.98039215686274,1,26.470588235294134,-21.372549019607845,-11.568627450980395,3.0,3.0,4.0,15.0,17.0,,,8.0,9.0,11.0,24.0,25.0,1,1,0,0,0,1,False,False,False,False,False,False,False
sh600892,2025-04-02,first_probe,1,首次试盘,9.740259740259738,9.740259740259738,30.41441944206637,0.5333333333333327,0.0,4.9300758350358285,-0.11041755294823492,0.0,9.740259740259738,4.545454545454541,0,0,0.0,80.58101031709509,1,-0.6211180124223614,-21.739130434782616,-8.385093167701863,1,-0.6211180124223614,-27.639751552795033,-18.012422360248447,1,13.35403726708073,-27.639751552795033,13.35403726708073,1,16.45962732919255,-27.639751552795033,-1.8633540372670843,39.0,39.0,40.0,41.0,,,,1.0,2.0,2.0,3.0,4.0,0,0,0,1,1,1,True,False,False,False,False,False,False
sh600981,2024-09-25,first_probe,1,首次试盘,6.000000000000005,3.499999999999992,33.11673656209116,1.0,0.0,0.3882577340480077,0.04208150484783388,2.0408163265306145,8.163265306122458,0.0,0,0,0.0,78.91845168783473,1,27.499999999999993,-1.0000000000000009,4.0000000000000036,1,59.00000000000001,-1.0000000000000009,36.5,1,59.00000000000001,-1.0000000000000009,35.00000000000001,1,68.5,-1.0000000000000009,30.499999999999993,1.0,3.0,3.0,3.0,4.0,15.0,16.0,,,,,,1,1,1,0,0,0,False,False,False,False,False,False,False
sh601008,2025-06-24,first_probe,1,首次试盘,6.569343065693434,4.817518248175179,19.69259988430901,0.8222222222222222,0.0,0.36162173014641386,-0.16325738013126667,-5.124653739612195,1.1080332409972415,1.167883211678844,0,0,0.0,75.13273068268289,1,0.43290043290042934,-7.359307359307355,-4.040404040404033,1,0.43290043290042934,-11.111111111111105,-10.678210678210664,1,0.43290043290042934,-16.594516594516584,-13.564213564213556,1,0.43290043290042934,-20.05772005772005,-15.295815295815295,,,,,,,,3.0,13.0,19.0,28.0,53.0,0,0,0,0,0,1,False,False,False,False,False,False,False
sh601727,2024-11-11,first_probe,1,首次试盘,8.032490974729246,3.1588447653429608,16.27539573775275,1.0112359550561796,0.0,0.28757803980411956,-0.02611308901651089,-9.918699186991875,-2.682926829268295,-0.09025270758122872,0,0,0.0,77.07691312223334,1,3.703703703703698,-24.75158084914183,-18.06684733514001,1,3.703703703703698,-26.287262872628723,-19.42186088527552,1,3.703703703703698,-37.48870822041553,-35.14001806684733,1,3.703703703703698,-38.572719060523944,-22.67389340560072,,,,,,,,1.0,1.0,3.0,4.0,5.0,0,0,0,0,1,1,False,False,False,False,False,False,False
sh601908,2024-11-15,first_probe,1,首次试盘,8.359133126934992,6.19195046439629,53.055611585621094,0.7777777777777776,0.0,0.3084171450885316,-0.3347786056369205,1.2539184952978122,9.717868338557988,1.8575851393188847,0,0,0.0,78.04682453326798,1,-1.2158054711246202,-9.118541033434646,-4.255319148936176,1,6.990881458966558,-9.118541033434646,0.3039513677811412,1,26.443768996960483,-22.79635258358662,-20.972644376899694,1,26.443768996960483,-22.79635258358662,-17.325227963525837,15.0,27.0,27.0,28.0,28.0,,,1.0,2.0,33.0,34.0,39.0,0,1,0,0,0,1,False,False,False,False,False,False,False
sh603001,2024-12-23,first_probe,1,首次试盘,5.890804597701149,4.597701149425282,13.876377888367772,0.7073170731707316,0.0,0.29934214513247,-0.2887486522467764,-2.657342657342665,3.076923076923066,1.724137931034475,0,0,0.0,69.9768125275768,1,-10.028248587570621,-31.497175141242938,-30.649717514124298,1,-10.028248587570621,-32.20338983050848,-27.82485875706214,1,-10.028248587570621,-32.20338983050848,-28.531073446327692,1,-10.028248587570621,-37.57062146892656,-29.802259887005654,,,,,,,,1.0,1.0,1.0,2.0,3.0,0,0,0,1,1,1,False,False,False,False,False,False,False
sh603007,2024-11-18,first_probe,1,首次试盘,9.581564584596736,8.489993935718632,101.40456171431802,1.0,0.0,0.3207371397012569,-0.049489062151749585,-5.01152073732719,4.0898617511520685,0.0,0,0,0.0,81.71672523685544,1,-4.97271073377804,-29.290479078229225,-18.192844147968458,1,-4.97271073377804,-29.290479078229225,-16.49484536082474,1,-4.97271073377804,-47.301394784718006,-25.591267434808973,1,-4.97271073377804,-47.301394784718006,-46.02789569436021,,,,,,,,2.0,2.0,3.0,4.0,5.0,0,0,0,1,1,1,False,False,False,False,False,False,False
sh603030,2024-12-11,first_probe,1,首次试盘,10.540540540540523,8.918918918918916,16.866966616075832,0.9230769230769235,0.0,0.28892871212521454,-0.08660626072080468,-5.837563451776651,3.8071065989847774,0.5390835579514919,0,0,0.0,77.38131848109504,1,-1.072386058981234,-27.345844504021443,-26.005361930294914,1,-1.072386058981234,-39.946380697050934,-34.85254691689007,1,-1.072386058981234,-40.21447721179625,-26.005361930294914,1,-1.072386058981234,-40.21447721179625,-24.12868632707774,,,,,,,,1.0,2.0,3.0,4.0,8.0,0,0,0,1,1,1,False,False,False,False,False,False,False
sh603032,2025-07-23,first_probe,1,首次试盘,5.4313099041533475,3.1416400425985147,27.261815227805897,1.3823529411764712,0.0,0.30692801347379856,-0.1522398050270678,0.053276505061283785,5.487480021310609,-2.076677316293929,0,0,0.0,76.326598429251,1,2.882001087547592,-4.350190320826542,2.882001087547592,1,9.570418705818362,-4.350190320826542,2.283849918433911,1,48.83088635127788,-4.350190320826542,22.349102773246333,1,48.83088635127788,-4.350190320826542,16.585100598151172,12.0,13.0,23.0,28.0,28.0,29.0,30.0,,,,,,0,1,1,0,0,0,False,False,False,False,False,False,False
sh603045,2025-04-17,first_probe,1,首次试盘,6.8370165745856415,6.8370165745856415,18.066807832742594,0.6868686868686882,0.0,8.31489458686528,-0.14275588375648118,0.8528784648187626,9.950248756218905,4.228329809725162,0,0,0.0,78.00851019609976,1,6.828938471940504,-3.380662609871532,1.7579445571332064,1,10.074374577417178,-3.380662609871532,9.127789046653145,1,29.817444219066935,-3.380662609871532,9.66869506423258,1,40.635564570655866,-3.380662609871532,27.99188640973631,3.0,20.0,20.0,32.0,32.0,54.0,60.0,,,,,,0,1,1,0,0,0,True,False,False,False,False,False,False
sh603086,2025-08-20,first_probe,1,首次试盘,6.969990319457886,4.549854791868357,26.751493763160678,0.6666666666666666,0.0,0.31955513692789217,-0.07211876438133079,0.7804878048780495,7.804878048780495,2.3233301064859546,0,0,0.0,75.67803459683051,1,-0.5676442762535538,-12.866603595080406,-12.677388836329229,1,-0.5676442762535538,-13.623462630085136,-13.055818353831604,1,1.229895931882674,-17.88079470198676,-9.460737937559127,1,1.229895931882674,-19.867549668874172,-19.583727530747396,,,,,,,,2.0,5.0,6.0,21.0,,0,0,0,1,0,1,False,False,False,False,False,False,False
sh603093,2025-06-30,first_probe,1,首次试盘,7.503290917068894,4.651162790697683,13.698447449073724,1.2690058479532167,0.0,0.2617385256556476,-0.21772263807838238,-1.978494623655913,5.376344086021501,-2.0184291355857864,0,0,0.0,75.16145322223811,1,25.391849529780576,-13.748320644872358,12.001791312136145,1,28.481862964621605,-13.748320644872358,11.509180474697711,1,28.481862964621605,-13.748320644872358,6.583072100313481,1,28.481862964621605,-13.748320644872358,-3.7617554858934144,8.0,8.0,8.0,9.0,9.0,,,1.0,1.0,2.0,,,1,1,0,0,0,1,False,False,False,False,False,False,False
sh603095,2025-01-02,first_probe,1,首次试盘,6.230802983764816,6.230802983764816,35.01908210205173,1.0845070422535192,0.0,0.5681680458086045,-0.203361460009545,-1.5364354697102733,6.277436347673393,1.0699955416852536,0,0,0.0,79.3640796433252,1,7.5430083811204085,-12.70401411557125,-4.543449492721663,1,7.5430083811204085,-12.70401411557125,-1.6321129245699173,1,26.687251874724293,-12.70401411557125,2.823114247904712,1,26.687251874724293,-12.70401411557125,-5.999117776797547,4.0,21.0,24.0,24.0,25.0,,,2.0,7.0,7.0,,,0,1,0,0,0,1,False,False,False,False,False,False,False
sh603108,2025-04-28,first_probe,1,首次试盘,6.607929515418509,3.838892385147896,36.682362903836605,0.5523809523809537,0.0,0.3018875486567545,-0.23808827154260678,-6.198347107438018,0.0,2.9578351164254224,0,0,0.0,73.91972710790964,1,23.288508557457234,-0.9168704156479079,12.408312958435207,1,23.288508557457234,-0.9168704156479079,8.129584352078245,1,23.288508557457234,-2.0782396088019572,6.601466992665039,1,23.288508557457234,-2.0782396088019572,14.42542787286063,1.0,1.0,1.0,3.0,8.0,,,,,,,,1,1,0,0,0,0,False,False,False,False,False,False,False
sh603110,2024-11-20,first_probe,1,首次试盘,8.000000000000007,4.823529411764715,19.078883560513468,0.7720588235294126,0.0,0.2768613360909095,0.02250608751226168,1.1302795954788891,9.220701963117195,1.8235294117646905,0,0,0.0,76.72328017503564,1,20.739456961294046,-8.54997111496244,-3.6972848064702357,1,20.739456961294046,-8.54997111496244,-6.1236279607163375,1,20.739456961294046,-26.5164644714038,-20.161756210283066,1,41.82553437319469,-26.5164644714038,27.267475447718105,2.0,4.0,5.0,6.0,6.0,55.0,57.0,2.0,3.0,21.0,24.0,30.0,1,1,1,0,0,1,False,False,False,False,False,False,False
sh603122,2025-11-21,first_probe,1,首次试盘,10.271646859083194,5.432937181663844,36.1087535842458,1.0,0.0,0.40205583577810866,0.13252485482481305,-8.326967150496555,-0.7639419404125269,-1.8333333333333424,0,0,0.0,84.18341999328027,1,12.606112054329376,-18.505942275042443,12.606112054329376,1,32.512733446519526,-18.505942275042443,23.514431239388813,1,32.512733446519526,-23.599320882852293,-22.920203735144305,1,32.512733446519526,-29.9660441426146,-28.777589134125627,7.0,7.0,10.0,11.0,11.0,20.0,,1.0,1.0,1.0,2.0,37.0,1,1,1,0,0,1,False,True,False,False,False,False,False
sh603155,2025-06-25,first_probe,1,首次试盘,12.953060011883565,9.744503862150932,33.83538027276227,0.6467889908256872,0.0,0.30211816254996815,-0.15750774663497452,-3.3314187248707716,9.190120620333154,4.575163398692839,0,0,0.0,77.76935587489542,1,16.70454545454545,-9.772727272727277,-7.159090909090915,1,16.70454545454545,-11.477272727272736,-11.363636363636376,1,16.70454545454545,-12.670454545454557,3.2386363636363713,1,16.70454545454545,-12.670454545454557,-8.06818181818183,1.0,2.0,3.0,3.0,,,,1.0,7.0,15.0,,,1,0,0,0,0,0,False,False,False,False,False,False,False
sh603232,2025-10-31,first_probe,1,首次试盘,9.336609336609335,8.190008190008191,17.27849897889254,1.4473684210526334,0.0,0.29379463482263507,-0.17264669669121818,-4.943557804593224,3.931490852471775,-4.176904176904195,0,0,0.0,78.88166268615416,1,19.273504273504273,-6.923076923076909,-0.4700854700854684,1,29.871794871794876,-6.923076923076909,12.478632478632479,1,29.871794871794876,-7.9059829059829,-1.2820512820512664,1,29.871794871794876,-10.769230769230765,-3.504273504273503,2.0,2.0,5.0,5.0,12.0,,,1.0,59.0,60.0,,,1,1,0,0,0,0,False,False,False,False,False,False,False
sh603266,2025-09-17,first_probe,1,首次试盘,7.642089093702009,7.565284178187404,19.011520426191677,0.9396984924623111,0.0,0.2645866655709505,-0.022802046272674115,0.0,7.642089093702009,0.4608294930875667,0,0,0.0,76.9502288586941,1,7.0336391437308965,-6.727828746177378,-5.084097859327219,1,7.0336391437308965,-18.004587155963304,-16.437308868501532,1,7.0336391437308965,-20.948012232415902,-20.18348623853211,1,7.0336391437308965,-24.808868501529048,-18.195718654434256,5.0,,,,,,,1.0,12.0,12.0,16.0,34.0,0,0,0,0,0,1,False,False,False,False,False,False,False
sh603353,2025-06-06,first_probe,1,首次试盘,7.725856697819311,3.1152647975077885,33.85243371382927,0.7822580645161291,0.0,0.3948423211799471,-0.4348836554385806,-0.6953223767383054,9.292035398230091,3.8828771483131685,0,0,0.0,77.8195060454022,1,19.6078431372549,-3.4313725490196068,8.578431372549012,1,19.6078431372549,-3.4313725490196068,-0.18382352941177516,1,19.6078431372549,-3.4313725490196068,0.30637254901961786,1,19.6078431372549,-3.4313725490196068,1.6544117647058876,5.0,5.0,6.0,6.0,,,,,,,,,1,0,0,0,0,0,False,False,False,False,False,False,False
sh603386,2025-09-03,first_probe,1,首次试盘,5.670446964643094,5.670446964643094,14.342004133058618,1.2941176470588236,0.0,2.829066520667631,-0.07004597515141757,0.4149377593360981,9.543568464730278,1.5151515151515138,0,0,0.0,77.96891751912558,1,7.734056987788329,-4.138398914518316,3.7991858887381325,1,7.734056987788329,-5.563093622795112,-5.49525101763908,1,7.734056987788329,-13.839891451831754,-10.99050203527816,1,7.734056987788329,-20.420624151967438,2.7137042062415295,3.0,,,,,,,17.0,22.0,22.0,49.0,51.0,0,0,0,0,0,0,True,False,False,False,False,False,False
sh603416,2025-04-07,first_probe,1,首次试盘,6.0594795539033575,4.832713754646845,133.4934387646252,1.0337423312883434,0.0,0.2704158178472006,-0.04053950354319368,-9.807208717518867,-4.3419949706621885,-0.20446096654275214,0,0,0.0,78.34813513100714,1,-0.6705159247532122,-18.997951201341024,-10.523374930154594,1,15.608120692866457,-18.997951201341024,11.752654125535479,1,30.862357981002052,-18.997951201341024,5.978766995716156,1,30.862357981002052,-18.997951201341024,2.942819891972448,18.0,19.0,19.0,19.0,22.0,23.0,,1.0,1.0,1.0,2.0,,1,1,1,0,0,1,False,False,False,False,False,False,False
sh603499,2024-11-13,first_probe,1,首次试盘,5.251141552511429,4.023972602739745,15.495746506465261,0.5217391304347822,0.0,0.25294866533622046,-0.10519506231137157,0.9216589861751112,6.2211981566820285,2.511415525114158,0,0,0.0,67.53662382314099,1,4.6492204899777345,-13.697104677060135,-7.850779510022276,1,8.073496659242752,-13.697104677060135,2.171492204899783,1,8.073496659242752,-34.02004454342985,-28.340757238307358,1,8.073496659242752,-34.02004454342985,-19.988864142538986,19.0,19.0,,,,,,1.0,3.0,3.0,29.0,30.0,0,0,0,0,0,1,False,False,False,False,False,False,False
sh603500,2025-01-03,first_probe,1,首次试盘,14.041994750656151,10.892388451443558,28.281210051872627,0.6355140186915889,0.0,0.34788214983176524,0.1079071231986504,-10.035419126328227,2.597402597402576,5.118110236220463,0,0,0.0,80.354473163298,1,20.97378277153559,-15.855181023720345,-13.358302122347055,1,20.97378277153559,-16.229712858926337,-10.36204744069913,1,20.97378277153559,-16.229712858926337,-5.742821473158555,1,20.97378277153559,-17.852684144818976,-15.480649188514361,1.0,1.0,2.0,2.0,2.0,,,5.0,6.0,6.0,6.0,,1,1,0,0,0,0,False,False,False,False,False,False,False
sh603517,2025-09-25,first_probe,1,首次试盘,10.466004583651657,8.785332314744076,37.91274115944809,0.46715328467153294,0.0,0.6352274104293765,-0.08090820683572751,-4.938271604938271,5.010893246187376,5.576776165011466,0,0,0.0,78.86164570330737,1,4.775687409551366,-6.94645441389291,-2.315484804630974,1,4.775687409551366,-6.94645441389291,-1.230101302460207,1,4.775687409551366,-6.94645441389291,-3.256150506512312,1,4.775687409551366,-11.07091172214183,-4.920405209840806,,,,,,,,2.0,50.0,51.0,,,0,0,0,0,0,0,False,False,False,False,False,False,False
sh603580,2025-03-25,first_probe,1,首次试盘,7.446808510638281,6.2234042553191316,90.84101490641581,0.714285714285715,0.0,0.38783511239954366,-0.4145447949193495,0.0,9.9618943930321,4.518236254763197,0,0,0.0,77.84627751687557,1,-0.9895833333333215,-26.718749999999993,-18.333333333333336,1,-0.9895833333333215,-26.718749999999993,-11.458333333333325,1,-0.9895833333333215,-33.33333333333333,-27.031249999999996,1,-0.9895833333333215,-33.33333333333333,-23.385416666666657,,,,,,,,1.0,4.0,4.0,8.0,9.0,0,0,0,1,1,1,False,False,False,False,False,False,False
sh603588,2025-05-19,first_probe,1,首次试盘,5.123674911660769,4.59363957597172,16.583740315329763,0.37931034482758724,0.0,0.27182597478313103,0.6230399130446369,2.3550724637681375,7.789855072463769,3.362831858407067,0,0,0.0,75.4200038949433,1,3.595890410958913,-5.308219178082185,-2.568493150684925,1,3.595890410958913,-5.9931506849315035,-4.965753424657537,1,5.13698630136985,-8.904109589041088,3.253424657534243,1,14.726027397260278,-8.904109589041088,10.102739726027398,39.0,44.0,45.0,,,,,6.0,22.0,,,,0,0,0,0,0,0,False,False,False,False,False,False,False
sh603683,2025-01-10,first_probe,1,首次试盘,6.431535269709543,3.2157676348547604,14.742843875971243,0.9677419354838717,0.0,0.7166566298099967,0.031547462562911174,-9.056603773584893,-3.20754716981132,0.20746887966804906,0,0,0.0,77.85113530262329,1,12.836438923395455,-1.7598343685300222,3.5196687370600444,1,12.836438923395455,-2.6915113871635588,7.660455486542439,1,48.65424430641821,-2.6915113871635588,21.325051759834366,1,48.65424430641821,-4.658385093167694,10.144927536231885,1.0,2.0,2.0,28.0,29.0,30.0,31.0,,,,,,0,1,1,0,0,0,True,False,False,False,False,False,False
sh603759,2025-11-06,first_probe,1,首次试盘,5.175983436852993,2.8295376121463045,19.885731934832236,0.9733333333333339,0.0,0.29826197334217613,-0.09868018968238292,2.042253521126769,7.323943661971843,0.13802622498273465,0,0,0.0,72.9377381481355,1,13.507925568573388,-25.706409372846316,-25.08614748449346,1,13.507925568573388,-29.427980702963474,-26.119917298414887,1,13.507925568573388,-31.97794624396968,-27.015851137146797,1,13.507925568573388,-31.97794624396968,-13.714679531357687,1.0,1.0,2.0,,,,,3.0,3.0,3.0,4.0,6.0,0,0,0,0,0,1,False,False,False,False,False,False,False
sh603813,2025-11-19,first_probe,1,首次试盘,7.015167930660882,6.717226435536294,49.156374167679665,0.4440154440154441,0.0,0.39510639421835897,0.13543898759920212,-1.9909742500663685,4.884523493496151,3.900325027085594,0,0,0.0,77.9126905972394,1,7.377476538060468,-4.692387904066731,-0.052137643378513676,1,7.377476538060468,-8.107403545359748,-4.405630865484877,1,23.25338894681961,-8.107403545359748,12.56517205422314,1,23.25338894681961,-19.551616266944738,-13.972888425443164,1.0,35.0,35.0,36.0,37.0,,,11.0,12.0,58.0,59.0,,0,1,0,0,0,1,False,False,False,False,False,False,False
sh603825,2025-09-12,first_probe,1,首次试盘,4.849660523763344,2.909796314257984,31.784341012000016,1.0199999999999996,0.0,0.33259487052267217,0.05858898814034165,0.0970873786407811,4.951456310679614,-0.09699321047526022,0,0,0.0,75.65975188296493,1,4.660194174757271,-8.73786407766991,-5.533980582524278,1,4.660194174757271,-12.330097087378656,-12.038834951456312,1,4.660194174757271,-12.524271844660205,-5.145631067961176,1,4.660194174757271,-15.825242718446608,-15.339805825242713,,,,,,,,7.0,7.0,15.0,60.0,,0,0,0,0,0,1,False,False,False,False,False,False,False
sh603898,2025-05-09,first_probe,1,首次试盘,6.361085126286237,4.677268475210483,56.72861300773151,0.8382352941176452,0.0,0.3998566517623248,-0.39468191756203475,0.0,9.85507246376811,4.347826086956541,0,0,0.0,77.2248454390679,1,8.98148148148148,-2.777777777777779,6.018518518518512,1,10.925925925925917,-2.777777777777779,8.98148148148148,1,10.925925925925917,-5.9259259259259345,1.4814814814814836,1,10.925925925925917,-10.74074074074074,-6.574074074074076,7.0,7.0,20.0,,,,,29.0,58.0,58.0,,,0,0,0,0,0,0,False,False,False,False,False,False,False
sh603998,2025-06-09,first_probe,1,首次试盘,5.998125585754455,4.02999062792877,16.662841568545627,0.5625000000000013,0.0,0.27592240514778715,0.1393460251773564,-1.1439466158246092,7.816968541468072,5.593056894889115,0,0,0.0,73.29552906366335,1,2.8310502283105166,-12.328767123287665,-10.59360730593607,1,2.8310502283105166,-12.328767123287665,-6.21004566210045,1,7.0319634703196465,-12.328767123287665,5.4794520547945424,1,19.634703196347036,-12.328767123287665,8.310502283105015,36.0,52.0,52.0,52.0,,,,7.0,7.0,8.0,,,0,0,0,0,0,1,False,False,False,False,False,False,False
sh605003,2025-08-21,first_probe,1,首次试盘,13.855421686747004,13.855421686747004,23.407148302582062,0.6739130434782609,0.0,0.7500293364035349,0.053177660190929,-1.9761218608480902,8.933717579250722,2.0159596808063895,0,0,0.0,81.73946528849311,1,23.219431864965003,-7.616303005351988,-6.504734458624939,1,23.219431864965003,-7.657472210786331,3.1288596130094826,1,23.219431864965003,-7.945656648826683,-2.0172910662824117,1,23.219431864965003,-7.945656648826683,4.899135446685876,2.0,2.0,2.0,3.0,3.0,,,8.0,,,,,1,1,0,0,0,0,True,False,False,False,False,False,False
sh605005,2024-09-02,first_probe,1,首次试盘,9.492419248516804,9.492419248516804,18.4838775601617,0.7569444444444446,0.0,6.159513458129213,0.5325199564105496,0.0,10.000000000000009,2.7814569536423805,0,0,0.0,89.23545492984005,1,0.8376288659793785,-5.8634020618556715,-5.0257731958762815,1,19.845360824742286,-6.765463917525771,5.219072164948435,1,19.845360824742286,-6.765463917525771,10.631443298969078,1,19.845360824742286,-6.765463917525771,5.670103092783507,18.0,18.0,18.0,19.0,,,,5.0,,,,,1,0,0,0,0,0,True,True,False,False,False,False,False
sh605081,2025-04-11,first_probe,1,首次试盘,6.028368794326244,4.964539007092195,14.82074250652496,1.3235294117647034,0.0,0.38965107103816116,-0.11555684570350384,-7.540983606557372,-1.967213114754085,-1.9503546099290725,0,0,0.0,75.50246174450149,1,6.690777576853524,-6.871609403254975,-4.3399638336347195,1,11.754068716094013,-9.132007233273054,8.318264014466536,1,35.623869801084986,-9.132007233273054,21.880650994575035,1,35.623869801084986,-9.132007233273054,9.493670886075932,2.0,20.0,20.0,24.0,25.0,29.0,,6.0,11.0,,,,0,1,1,0,0,1,False,False,False,False,False,False,False
sh605118,2024-09-02,first_probe,1,首次试盘,8.183079056865461,4.576976421636614,45.45553027591731,0.7966101694915252,0.0,0.5288140160325412,-0.5393819006389168,0.0,8.183079056865461,1.664355062413314,0,0,0.0,79.6265972935687,1,8.799454297407916,-8.663028649386085,-6.343792633014999,1,25.443383356070946,-8.663028649386085,9.618008185538883,1,25.443383356070946,-8.663028649386085,14.665757162346505,1,25.443383356070946,-8.663028649386085,11.11869031377899,1.0,1.0,18.0,19.0,19.0,,,5.0,10.0,,,,1,1,0,0,0,1,False,False,False,False,False,False,False
sh605298,2025-08-14,first_probe,1,首次试盘,8.998302207130738,5.47538200339559,21.406553882341534,1.2783018867924527,0.0,0.254533122346614,-0.1514461560368355,-1.0915197313182246,7.8085642317380355,-2.504244482173179,0,0,0.0,79.0245270399831,1,24.727905964301257,-5.485415759686541,21.288637353069227,1,103.74401393121464,-5.485415759686541,79.79973878972572,1,137.96255986068786,-5.485415759686541,67.5663909447105,1,137.96255986068786,-5.485415759686541,72.05050065302572,1.0,7.0,7.0,8.0,9.0,11.0,12.0,4.0,,,,,1,1,1,0,0,0,False,False,False,False,False,False,False
sh605303,2025-11-25,first_probe,1,首次试盘,4.929577464788726,4.037558685445997,19.42743067563914,0.7428571428571434,0.0,0.255621928435564,-0.060232159899638066,2.3054755043227626,7.348703170028825,1.2676056338028152,0,0,0.0,70.19761784787181,1,11.868335651367644,-15.716272600834492,-6.907742234585079,1,11.868335651367644,-18.868799258229018,-17.802503477051456,1,11.868335651367644,-20.723226703755216,-12.702828001854439,1,11.868335651367644,-20.723226703755216,-12.65646731571628,3.0,4.0,4.0,,,,,6.0,6.0,6.0,7.0,26.0,0,0,0,0,0,1,False,False,False,False,False,False,False
sh605369,2025-05-21,first_probe,1,首次试盘,10.421430904933015,3.234237177393018,295.74130189478575,1.2789968652037622,0.0,0.3441603765611678,-0.3013644088561298,-1.1304909560723608,9.173126614987059,-2.90754655341392,0,0,0.0,83.03660461175232,1,-7.267833109017497,-13.290713324360704,-8.68102288021534,1,-7.267833109017497,-13.290713324360704,-12.920592193808877,1,-7.267833109017497,-37.14670255720054,-33.78196500672948,1,-7.267833109017497,-37.14670255720054,-31.93135935397039,,,,,,,,1.0,1.0,2.0,25.0,25.0,0,0,0,1,0,1,False,True,False,False,False,False,False
sz000004,2024-12-23,first_probe,1,首次试盘,7.001102535832415,4.46527012127893,18.128626290232624,1.0708661417322833,0.0,0.7627173360297689,0.03398807872088229,-9.571286141575264,-3.2402791625124605,-0.4961411245865466,0,0,0.0,80.70801544977057,1,-8.144044321329657,-32.9639889196676,-27.368421052631586,1,-8.144044321329657,-37.67313019390583,-36.56509695290859,1,-8.144044321329657,-42.659279778393355,-28.975069252077567,1,-8.144044321329657,-44.37673130193907,-42.603878116343495,,,,,,,,1.0,1.0,2.0,2.0,3.0,0,0,0,1,1,1,True,False,False,False,False,False,False
sz000004,2024-12-31,retest_probe,2,重新试盘,5.159883720930236,3.6337209302325535,16.50607608101685,0.8873239436619719,0.0,0.3265222350910434,0.220843205160537,0.21818181818180626,5.236363636363639,0.43541364296082463,0,0,0.0,75.91231431898986,1,4.046242774566489,-14.234104046242779,-3.0346820809248554,1,4.046242774566489,-25.21676300578035,-14.161849710982654,1,5.419075144508678,-25.21676300578035,-8.59826589595375,1,5.419075144508678,-30.85260115606936,-29.046242774566466,23.0,,,,,,,2.0,3.0,3.0,14.0,15.0,0,0,0,0,1,1,False,False,True,False,False,False,False
sz000007,2024-09-27,first_probe,1,首次试盘,6.72268907563025,6.72268907563025,17.901234682473937,0.4999999999999989,0.0,0.2587428889934403,0.22286172118357644,2.0725388601036343,9.67184801381691,4.0609137055837685,0,0,0.0,75.54377463915253,1,25.203252032520318,1.6260162601625883,6.991869918699178,1,25.203252032520318,1.6260162601625883,9.430894308943083,1,39.99999999999999,1.6260162601625883,18.048780487804873,1,39.99999999999999,1.6260162601625883,15.4471544715447,1.0,1.0,1.0,2.0,2.0,23.0,,,,,,,1,1,1,0,0,0,False,False,False,False,False,False,False
sz000007,2024-11-11,retest_probe,2,重新试盘,5.8666666666666645,4.0000000000000036,17.236032765744035,0.7272727272727273,0.0,0.42664135368015826,0.16444802198734032,0.536193029490617,6.434316353887404,1.6000000000000014,0,0,0.0,76.55318006201959,1,2.887139107611536,-11.41732283464567,-7.349081364829402,1,2.887139107611536,-11.41732283464567,-4.5931758530183835,1,2.887139107611536,-16.14173228346457,-9.055118110236226,1,2.887139107611536,-16.14173228346457,-11.811023622047244,,,,,,,,4.0,6.0,9.0,39.0,,0,0,0,0,0,1,False,False,True,False,False,False,False
sz000008,2025-08-21,first_probe,1,首次试盘,9.965635738831624,6.185567010309279,25.000223754421604,0.6896551724137936,0.0,0.31878522349368876,0.4363379381623195,-0.34129692832765013,9.215017064846421,2.7397260273972712,0,0,0.0,85.0532037872399,1,0.6666666666666599,-7.666666666666666,-6.999999999999995,1,0.6666666666666599,-8.000000000000007,-1.3333333333333308,1,1.0000000000000009,-8.000000000000007,-3.3333333333333326,1,18.333333333333336,-8.000000000000007,0.6666666666666599,52.0,52.0,53.0,53.0,,,,5.0,11.0,,,,0,0,0,0,0,1,False,True,False,False,False,False,False
sz000016,2024-09-03,first_probe,1,首次试盘,6.741573033707882,5.243445692883908,16.68357677135481,0.8888888888888888,0.0,0.6809367996183204,0.2991011559225692,-2.2727272727272707,7.954545454545459,4.263565891472854,0,0,0.0,82.92379492674365,1,0.3717472118959231,-10.03717472118959,-3.3457249070631967,1,35.315985130111535,-10.03717472118959,19.330855018587357,1,187.73234200743497,-10.03717472118959,137.17472118959105,1,187.73234200743497,-10.03717472118959,94.05204460966543,12.0,13.0,13.0,16.0,17.0,18.0,27.0,2.0,3.0,4.0,,,1,1,1,0,0,1,True,True,False,False,False,False,False
sz000016,2024-11-04,retest_probe,2,重新试盘,7.173601147776187,6.312769010043051,94.57758719575261,1.0,0.0,0.6223465392926134,0.5500383038737615,-9.560723514211888,-3.488372093023262,-0.4285714285714337,0,0,0.0,90.31787909191675,1,5.451936872309893,-29.268292682926834,-28.98134863701578,1,5.451936872309893,-32.42467718794835,-24.677187948350067,1,5.451936872309893,-32.42467718794835,-12.912482065997121,1,5.451936872309893,-36.58536585365854,-30.272596843615485,1.0,,,,,,,1.0,1.0,3.0,3.0,9.0,0,0,0,0,0,1,False,True,True,False,True,False,False
sz000016,2025-02-24,retest_probe,3,重新试盘,5.311355311355315,4.21245421245422,14.941492533969463,0.965517241379311,0.0,0.4469899381038647,0.41611232070675996,1.486988847583648,6.877323420074344,0.1831501831501825,0,0,0.0,80.19193607569034,1,11.700182815356497,-8.775137111517362,-0.9140767824497242,1,11.700182815356497,-13.711151736745887,-11.334552102376605,1,11.700182815356497,-32.17550274223034,-10.054844606946977,1,11.700182815356497,-32.17550274223034,-9.506398537477146,3.0,6.0,6.0,,,,,4.0,5.0,20.0,25.0,29.0,0,0,0,0,0,1,False,False,True,False,False,False,False
sz000016,2025-06-25,retest_probe,4,重新试盘,6.324110671936767,5.731225296442699,14.144920205635707,0.6874999999999987,0.0,0.7332541246177284,0.5254964812737647,0.0,6.114398422090717,1.7751479289940697,0,0,0.0,82.47646925332984,1,4.263565891472854,-2.7131782945736593,0.9689922480620172,1,4.651162790697683,-4.8449612403100755,-4.651162790697683,1,9.883720930232553,-7.945736434108531,8.914728682170537,1,25.968992248062015,-7.945736434108531,7.364341085271309,33.0,38.0,41.0,43.0,44.0,,,21.0,,,,,0,0,0,0,0,0,True,False,False,False,False,False,False
sz000017,2025-11-26,first_probe,1,首次试盘,8.279430789133224,5.045278137128051,13.777576388205894,1.0,0.0,0.2659964357601996,0.09353826947844725,-1.2468827930174564,4.364089775561086,-2.3989898989898895,0,0,0.0,77.25459147685746,1,10.34928848641654,-5.821474773609314,7.89133247089262,1,15.13583441138422,-5.821474773609314,7.244501940491577,1,15.13583441138422,-5.821474773609314,4.915912031047842,1,15.13583441138422,-8.02069857697283,-0.38809831824062613,8.0,8.0,10.0,17.0,,,,1.0,46.0,,,,1,0,0,0,0,0,False,False,False,False,False,False,False
sz000020,2025-05-22,first_probe,1,首次试盘,8.0858085808581,6.188118811881194,34.409715931905836,0.7346938775510189,0.0,0.43592902066871003,0.23187867456417466,0.24793388429753538,8.264462809917351,2.06100577081616,0,0,0.0,83.22683839432759,1,2.6655896607431284,-3.0694668820678617,1.5347334410339197,1,34.733441033925686,-3.0694668820678617,10.258481421647826,1,34.733441033925686,-3.0694668820678617,8.319870759289172,1,34.733441033925686,-3.0694668820678617,12.277867528271402,11.0,12.0,12.0,18.0,18.0,19.0,,,,,,,1,1,1,0,0,0,False,True,False,False,False,False,False
sz000020,2025-06-26,retest_probe,2,重新试盘,4.890148830616603,4.1814316087881,16.142762437232438,1.2318840579710142,0.0,0.45914768643610954,0.31954896458351506,0.9985734664764712,5.563480741797444,-1.4830508474576343,0,0,0.0,79.42377149097263,1,5.3046594982078865,-4.157706093189962,-3.2258064516129004,1,5.3046594982078865,-6.308243727598562,-5.232974910394262,1,5.3046594982078865,-6.308243727598562,3.2974910394265367,1,5.3046594982078865,-6.308243727598562,-1.7204301075268713,2.0,,,,,,,13.0,,,,,0,0,0,0,0,0,False,False,True,False,False,False,False
sz000025,2024-09-27,first_probe,1,首次试盘,7.4747474747474785,6.936026936026951,15.323538059842281,0.3603603603603603,0.0,0.42563027100531214,-0.057510578089886126,1.8455228981544725,9.090909090909083,4.429530201342291,0,0,0.0,71.80010540989402,1,19.151670951156795,-1.6709511568123392,1.9922879177377784,1,40.03856041131104,-1.6709511568123392,16.77377892030849,1,40.03856041131104,-1.6709511568123392,19.215938303341893,1,40.03856041131104,-1.6709511568123392,10.15424164524421,1.0,1.0,2.0,2.0,16.0,17.0,17.0,,,,,,1,1,1,0,0,0,False,False,False,False,False,False,False
sz000025,2025-04-01,retest_probe,2,重新试盘,4.878048780487809,3.7694013303769314,32.67105701654365,1.1590909090909092,0.0,0.438634988729474,0.17839439201312,0.0,4.878048780487809,-0.77605321507761,0,0,0.0,79.29430147118073,1,8.212290502793307,-22.569832402234635,-2.178770949720654,1,18.491620111731866,-22.569832402234635,-6.424581005586583,1,18.491620111731866,-22.569832402234635,3.184357541899452,1,18.491620111731866,-22.569832402234635,-3.9106145251396662,2.0,2.0,12.0,12.0,,,,3.0,4.0,4.0,4.0,5.0,1,0,0,0,0,1,False,False,True,False,False,False,False
sz000031,2025-04-16,first_probe,1,首次试盘,5.494505494505497,4.029304029304015,23.920703644582122,1.0666666666666653,0.0,0.7007374947894408,0.36813630623403276,3.3707865168539186,7.86516853932584,-1.4492753623188248,0,0,0.0,84.50178147571651,1,5.1470588235293935,-6.985294117647067,-4.044117647058831,1,5.1470588235293935,-6.985294117647067,-1.4705882352941235,1,5.1470588235293935,-6.985294117647067,-2.573529411764719,1,12.13235294117645,-8.088235294117652,10.294117647058808,7.0,57.0,57.0,,,,,8.0,44.0,,,,0,0,0,0,0,0,True,True,False,False,False,False,False
sz000031,2025-10-29,retest_probe,2,重新试盘,9.206349206349218,7.619047619047636,24.56417984732627,0.5517241379310349,0.0,0.8427852940124696,0.44719517779084633,-0.31347962382444194,7.836990595611293,3.1446540880503138,0,0,0.0,86.4666349644025,1,1.8292682926829285,-10.97560975609756,1.5243902439024515,1,4.268292682926833,-10.97560975609756,-5.182926829268286,1,4.268292682926833,-14.634146341463417,-11.585365853658535,1,7.317073170731714,-14.634146341463417,1.8292682926829285,59.0,,,,,,,1.0,2.0,3.0,,,0,0,0,0,0,1,True,True,True,True,True,True,True
sz000032,2025-04-18,first_probe,1,首次试盘,5.42528735632184,4.9195402298850555,20.107383191642683,0.5593220338983054,0.0,0.3122033526556026,0.20047746975399622,0.8344923504867818,6.305053314789055,2.390804597701157,0,0,0.0,74.46555239437768,1,6.241580601706342,-8.352043107319263,3.8616973506959917,1,7.09474629546476,-10.193084867534797,-9.115401885945218,1,7.09474629546476,-16.210148181409966,-15.80601706331387,1,7.09474629546476,-17.916479568926803,-5.837449483610246,9.0,,,,,,,5.0,5.0,20.0,40.0,,0,0,0,0,0,1,False,False,False,False,False,False,False
sz000037,2025-04-25,first_probe,1,首次试盘,6.227967097532305,6.110458284371334,18.63751908193383,0.47169811320754773,0.0,0.9192096827217024,0.564747448251724,-0.23752969121139111,7.363420427553424,4.642857142857126,0,0,0.0,82.81037124090741,1,1.7064846416382284,-7.281001137656418,-3.5267349260523218,1,1.7064846416382284,-7.281001137656418,-2.1615472127417434,1,16.15472127417521,-7.281001137656418,-2.7303754266211455,1,29.806598407281015,-7.281001137656418,6.0295790671217375,21.0,22.0,22.0,22.0,47.0,,,2.0,,,,,0,0,0,0,0,0,True,True,False,False,False,False,False
sz000037,2025-05-30,retest_probe,2,重新试盘,8.964781216648898,7.043756670224122,21.952460409395684,1.0952380952380951,0.0,0.39475842272731565,0.3329105168695833,3.594080338266381,7.928118393234662,-5.204081632653079,0,0,0.0,86.20687861155174,1,6.673842841765354,-5.2744886975242045,0.5382131324004336,1,6.673842841765354,-10.871905274488691,-7.857911733046274,1,22.820236813778273,-10.871905274488691,-0.21528525296016232,1,22.820236813778273,-10.871905274488691,0.5382131324004336,9.0,25.0,25.0,26.0,26.0,,,4.0,14.0,15.0,,,0,1,0,0,0,1,False,True,True,False,True,False,False
sz000037,2025-07-08,retest_probe,3,重新试盘,7.947019867549665,3.6896877956480667,39.15661075459704,1.0476190476190488,0.0,0.32894720408680633,-0.2599152064093368,0.09469696969697239,8.049242424242431,-0.37842951750237663,0,0,0.0,79.51286205775938,1,3.5137701804368593,-10.921177587844245,-8.357075023741679,1,3.5137701804368593,-15.004748338081676,-12.155745489078818,1,3.5137701804368593,-17.56885090218423,-15.859449192782527,1,3.5137701804368593,-22.22222222222222,-19.278252611585945,,,,,,,,2.0,5.0,5.0,19.0,55.0,0,0,0,0,1,1,False,False,True,False,False,False,False
sz000045,2025-11-26,first_probe,1,首次试盘,5.31400966183575,4.750402576489532,33.87963926695572,0.5757575757575768,0.0,0.4967224088696884,0.2569858386098945,-0.24019215372297342,4.723779023218566,1.9261637239165186,0,0,0.0,78.46185879357672,1,0.07874015748032814,-5.826771653543295,-2.8346456692913358,1,0.07874015748032814,-9.921259842519682,-5.039370078740147,1,8.976377952755922,-9.921259842519682,6.299212598425208,1,8.976377952755922,-9.921259842519682,3.858267716535435,38.0,39.0,,,,,,6.0,14.0,,,,0,0,0,0,0,1,False,False,False,False,False,False,False
sz000056,2024-12-10,first_probe,1,首次试盘,12.668463611859826,3.7735849056603765,15.662501371164486,1.1489361702127656,0.0,0.6210859947704658,-0.19319828796373656,-7.017543859649134,4.761904761904745,-1.8867924528301883,0,0,0.0,80.33848650558497,1,6.868131868131866,-13.461538461538469,-10.989010989010984,1,6.868131868131866,-33.241758241758234,-27.1978021978022,1,6.868131868131866,-34.61538461538463,-12.362637362637363,1,9.890109890109876,-34.61538461538463,-3.296703296703296,9.0,56.0,,,,,,1.0,1.0,5.0,11.0,14.0,0,0,0,0,0,1,False,False,False,False,False,False,False
sz000056,2025-03-14,retest_probe,2,重新试盘,8.450704225352123,8.169014084507054,13.397447183654954,0.8333333333333326,0.0,0.6106166071393311,0.47440744652294964,-1.1363636363636354,9.375,3.4482758620689724,0,0,0.0,84.5533802295372,1,13.33333333333333,-12.777777777777777,0.8333333333333304,1,13.33333333333333,-23.611111111111114,-5.000000000000004,1,13.33333333333333,-23.611111111111114,-13.33333333333333,1,13.33333333333333,-23.611111111111114,-14.166666666666671,3.0,3.0,7.0,,,,,10.0,10.0,10.0,15.0,16.0,0,0,0,0,0,1,False,True,True,False,True,False,False
sz000056,2025-04-11,retest_probe,3,重新试盘,7.8125,4.374999999999996,21.186780191790874,0.6800000000000015,0.0,0.6309359028207312,0.5810338550136318,-0.3154574132492094,8.83280757097793,3.797468354430378,0,0,0.0,86.50519254072107,1,7.621951219512191,-11.585365853658535,-6.4024390243902385,1,7.621951219512191,-11.585365853658535,-2.7439024390243816,1,7.621951219512191,-11.585365853658535,-4.2682926829268215,1,7.621951219512191,-11.585365853658535,1.2195121951219523,1.0,,,,,,,7.0,9.0,9.0,,,0,0,0,0,0,1,False,True,True,False,True,False,False
sz000058,2024-11-04,first_probe,1,首次试盘,4.938271604938271,3.8159371492704874,64.11841488672951,1.0,0.0,1.1537949639953033,0.24516949574839866,-9.999999999999998,-5.555555555555558,0.0,0,0,0.0,83.07964033306735,1,12.121212121212132,-4.938271604938271,-3.8159371492704763,1,15.937149270482598,-7.8563411896745095,15.937149270482598,1,24.691358024691358,-9.876543209876553,-7.070707070707083,1,24.691358024691358,-18.74298540965208,-12.121212121212121,2.0,3.0,6.0,20.0,21.0,,,11.0,37.0,41.0,43.0,,1,1,0,0,0,0,True,True,False,False,False,False,False
sz000059,2024-10-24,first_probe,1,首次试盘,8.163265306122437,7.959183673469372,35.30169569923796,0.4499999999999999,0.0,0.3261140067878018,0.15037797770029923,1.2396694214876103,9.50413223140496,4.489795918367334,0,0,0.0,78.31147059331288,1,11.328125,-1.5625,4.1015625,1,14.84375,-1.953125000000011,10.7421875,1,14.84375,-3.3203125,-2.148437500000011,1,14.84375,-16.2109375,-11.328125,1.0,2.0,2.0,,,,,42.0,49.0,49.0,53.0,,0,0,0,0,0,0,False,False,False,False,False,False,False
sz000088,2024-11-26,first_probe,1,首次试盘,7.942973523421593,3.462321792260692,32.150452200590465,0.6666666666666666,0.0,2.448121279527541,0.2395752007812723,0.0,8.163265306122437,2.857142857142847,0,0,0.0,85.37377966248118,1,4.166666666666674,-4.960317460317465,0.1984126984126977,1,4.166666666666674,-4.960317460317465,-3.373015873015872,1,4.166666666666674,-9.92063492063492,-7.142857142857151,1,4.166666666666674,-9.92063492063492,-6.746031746031744,,,,,,,,26.0,28.0,,,,0,0,0,0,0,0,True,True,False,False,False,False,False
sz000096,2025-05-13,first_probe,1,首次试盘,7.683352735739235,4.307334109429584,27.849964661689242,0.6363636363636361,0.0,0.44599130630232825,0.06867321013538431,0.9994121105232123,8.759553203997639,2.79394644935973,0,0,0.0,78.85986605151578,1,7.870894677236695,-6.568516421291049,5.0396375990940045,1,8.720271800679491,-22.989807474518685,-21.63080407701019,1,8.720271800679491,-27.74631936579841,-27.010192525481315,1,8.720271800679491,-32.616081540203844,-31.37032842582107,10.0,11.0,,,,,,1.0,12.0,12.0,13.0,14.0,0,0,0,0,0,1,False,False,False,False,False,False,False
sz000099,2024-11-22,first_probe,1,首次试盘,7.655502392344493,5.297334244702645,16.291359296854175,0.8660714285714297,0.0,0.6811880694400148,0.05933619217816472,-1.1912865895166713,7.215793056501019,1.825697554254213,0,0,0.0,79.5735069483698,1,0.8119079837618504,-11.33288227334235,-8.525033829499318,1,0.8119079837618504,-14.81732070365358,-12.347767253044651,1,0.8119079837618504,-27.13125845737483,-20.53450608930988,1,1.0825439783491264,-27.13125845737483,-5.074424898511499,,,,,,,,1.0,2.0,2.0,21.0,29.0,0,0,0,0,0,1,True,False,False,False,False,False,False
sz000151,2024-09-06,first_probe,1,首次试盘,7.543103448275867,3.4482758620689724,29.04718282532918,0.9285714285714277,0.0,0.463347359710016,0.41675412387047317,-0.11001100110010764,9.790979097909801,2.753303964757703,0,0,0.0,86.8715242342837,1,19.292604501607723,0.5359056806002238,19.292604501607723,1,48.12433011789925,0.5359056806002238,36.12004287245445,1,99.67845659163986,0.5359056806002238,78.13504823151128,1,102.572347266881,0.5359056806002238,77.06323687031083,1.0,1.0,2.0,7.0,11.0,11.0,15.0,,,,,,1,1,1,0,0,0,False,True,False,False,False,False,False
sz000151,2024-10-11,retest_probe,2,重新试盘,6.646058732612059,6.1051004636785144,40.20652517647603,1.4186046511627894,0.0,0.4823847726937902,-0.05820071866367661,0.8573655494933607,7.560405300077955,-2.782071097372485,0,0,0.0,81.53212671345817,1,18.28298887122417,-6.120826709061999,15.103338632750397,1,48.09220985691574,-6.120826709061999,35.532591414944356,1,50.23847376788553,-6.120826709061999,29.09379968203496,1,50.23847376788553,-6.120826709061999,2.7027027027026973,1.0,8.0,8.0,9.0,11.0,14.0,15.0,5.0,,,,,1,1,1,0,0,0,False,False,True,False,False,False,False
sz000151,2024-11-26,retest_probe,3,重新试盘,9.947643979057585,6.340895869691687,17.22709817851761,0.6140350877192976,0.0,0.2804781346732384,0.10121996830623414,-1.715265866209248,8.06174957118353,3.839441535776622,0,0,0.0,76.91109155565722,1,-3.6414565826330625,-13.613445378151267,-7.45098039215687,1,-1.0644257703081306,-19.775910364145666,-18.31932773109244,1,-1.0644257703081306,-29.97198879551821,-25.658263305322137,1,-1.0644257703081306,-29.97198879551821,-24.20168067226892,,,,,,,,1.0,1.0,2.0,19.0,21.0,0,0,0,1,1,1,False,False,True,False,False,False,False
sz000151,2025-07-11,retest_probe,4,重新试盘,10.62691131498472,7.18654434250765,23.25072617205342,0.5899280575539568,0.0,0.46695337475618914,0.21514345522352823,-0.4542013626040897,9.53822861468585,3.802281368821303,0,0,0.0,81.96140065906606,1,1.391941391941387,-6.227106227106227,-4.468864468864475,1,1.391941391941387,-7.619047619047626,-5.787545787545789,1,1.391941391941387,-8.791208791208794,-6.080586080586081,1,1.611721611721606,-14.06593406593406,-11.794871794871808,,,,,,,,2.0,37.0,52.0,,,0,0,0,0,0,0,False,False,False,False,False,False,False
sz000153,2025-07-02,first_probe,1,首次试盘,5.524079320113318,3.116147308781869,15.885641887810968,1.5384615384615377,0.0,0.2764320468629774,0.11833800816105587,1.178203240058906,9.720176730486019,-0.29112081513829047,0,0,0.0,76.84665885504585,1,0.0,-4.671532846715321,-1.31386861313868,1,17.956204379562045,-4.671532846715321,6.715328467153281,1,17.956204379562045,-4.671532846715321,-1.4598540145985384,1,17.956204379562045,-8.175182481751818,-4.0875912408758985,18.0,18.0,18.0,19.0,,,,58.0,59.0,,,,1,0,0,0,0,0,False,False,False,False,False,False,False
sz000155,2024-12-04,first_probe,1,首次试盘,6.194690265486735,4.572271386430682,15.09933436870445,1.5357142857142871,0.0,0.5961781729609006,0.14849397030840986,0.07587253414262918,9.256449165402136,-0.6065200909780133,0,0,0.0,80.93847756127045,1,-1.449275362318836,-9.992372234935154,-9.382151029748275,1,-1.449275362318836,-20.442410373760488,-19.83218916857361,1,-1.449275362318836,-20.97635392829901,-14.492753623188392,1,-1.449275362318836,-20.97635392829901,-16.094584286803958,,,,,,,,1.0,2.0,11.0,15.0,20.0,0,0,0,1,1,1,False,False,False,False,False,False,False
sz000158,2024-09-06,first_probe,1,首次试盘,7.713884992987374,5.189340813464227,21.107416360756545,0.509090909090908,0.0,0.5979527289139696,0.44212755817372607,0.0,8.321579689703796,4.372355430183372,0,0,0.0,83.58653851426239,1,75.40540540540542,-9.459459459459463,48.37837837837837,1,189.32432432432432,-9.459459459459463,183.64864864864862,1,438.91891891891896,-9.459459459459463,322.83783783783775,1,438.91891891891896,-9.459459459459463,235.81081081081084,2.0,3.0,3.0,4.0,5.0,7.0,8.0,1.0,2.0,,,,1,1,1,0,0,1,False,True,False,False,False,False,False
sz000301,2024-11-15,first_probe,1,首次试盘,5.864509605662294,3.640040444893833,13.410584982415392,0.8793103448275857,0.0,0.6285336690012445,0.15387592239782338,1.0266940451745254,7.494866529774136,1.2195121951219523,0,0,0.0,77.07008079146314,1,0.0,-12.650602409638568,-4.216867469879537,1,0.0,-12.650602409638568,-7.028112449799206,1,0.0,-20.180722891566273,-16.56626506024097,1,0.0,-20.180722891566273,-8.032128514056236,,,,,,,,1.0,1.0,1.0,26.0,33.0,0,0,0,0,0,1,False,False,False,False,False,False,False
sz000402,2024-10-24,first_probe,1,首次试盘,6.230529595015577,4.049844236760114,16.041901354278583,0.9,0.0,0.37501420163608634,0.18363517442182006,-1.2307692307692353,4.923076923076919,0.6230529595015577,0,0,0.0,78.03498195110754,1,36.8421052631579,0.0,36.8421052631579,1,45.820433436532504,0.0,21.671826625387002,1,45.820433436532504,0.0,12.693498452012397,1,45.820433436532504,-9.907120743034048,-1.2383900928792602,2.0,5.0,5.0,8.0,9.0,10.0,11.0,53.0,56.0,,,,1,1,1,0,0,0,False,False,False,False,False,False,False
sz000402,2025-10-17,retest_probe,2,重新试盘,4.950495049504955,3.630363036303641,30.465468962363037,1.133333333333333,0.0,0.574005870279542,0.41325458473227755,-0.33333333333332993,6.000000000000005,0.6688963210702115,0,0,0.0,83.91195750403664,1,7.973421926910307,-0.6644518272425071,0.33222591362127574,1,7.973421926910307,-0.6644518272425071,5.980066445182719,1,7.973421926910307,-8.637873754152814,-6.976744186046513,1,7.973421926910307,-9.966777408637872,-6.976744186046513,3.0,,,,,,,29.0,38.0,,,,0,0,0,0,0,0,False,True,True,False,True,False,False
sz000417,2024-10-21,first_probe,1,首次试盘,6.339468302658502,5.316973415132931,30.561098975484988,0.4193548387096764,0.0,1.3064777200293212,0.5556149842488598,-0.2057613168724437,6.995884773662553,4.53608247422681,0,0,0.0,84.71050526123184,1,11.242603550295849,-3.3530571992110403,3.5502958579881616,1,13.017751479289942,-3.3530571992110403,4.339250493096647,1,47.53451676528599,-3.3530571992110403,38.8560157790927,1,47.53451676528599,-3.3530571992110403,8.481262327416172,4.0,5.0,5.0,25.0,28.0,30.0,38.0,,,,,,0,1,1,0,0,0,True,True,False,False,False,False,False
sz000419,2025-06-25,first_probe,1,首次试盘,7.460035523978692,3.1971580817051537,26.805572278373678,0.5714285714285721,0.0,0.3318395848218959,0.2503481997474237,1.610017889087656,8.228980322003586,2.2887323943661997,0,0,0.0,80.11429211101826,1,0.1721170395869276,-3.6144578313253017,0.0,1,3.958691910499157,-3.6144578313253017,2.0654044750430423,1,15.3184165232358,-3.6144578313253017,1.376936316695354,1,15.3184165232358,-3.6144578313253017,5.507745266781416,34.0,35.0,35.0,35.0,,,,,,,,,0,0,0,0,0,0,False,False,False,False,False,False,False
sz000420,2025-02-19,first_probe,1,首次试盘,4.885057471264376,2.8735632183908066,26.065045363050324,0.5882352941176479,0.0,0.5944614343858805,0.39362260249771625,-0.28901734104045396,5.491329479768781,2.898550724637672,0,0,0.0,79.30486119828393,1,17.746478873239436,-1.9718309859154903,9.014084507042263,1,17.746478873239436,-1.9718309859154903,10.422535211267615,1,17.746478873239436,-13.239436619718303,-5.070422535211261,1,44.507042253521135,-13.239436619718303,30.985915492957773,3.0,3.0,6.0,7.0,57.0,58.0,59.0,32.0,34.0,34.0,,,1,0,1,0,0,0,False,False,False,False,False,False,False
sz000420,2025-04-30,retest_probe,2,重新试盘,5.36723163841808,3.672316384180796,29.23525323486601,0.5789473684210521,0.0,0.356957609961996,0.33932394038268904,0.0,4.481792717086841,1.400560224089653,0,0,0.0,78.56284505844161,1,39.226519337016576,-0.5524861878453025,39.226519337016576,1,41.71270718232043,-0.5524861878453025,14.364640883977886,1,41.71270718232043,-0.5524861878453025,10.497237569060779,1,41.71270718232043,-0.5524861878453025,15.193370165745845,5.0,7.0,7.0,8.0,8.0,9.0,11.0,,,,,,1,1,1,0,0,0,False,False,True,False,False,False,False
sz000421,2024-09-02,first_probe,1,首次试盘,8.478260869565224,8.043478260869573,35.51933156902282,0.6410256410256401,0.0,0.45282147707820386,0.2754883305179935,0.0,8.478260869565224,3.04347826086957,0,0,0.0,83.58505868856433,1,3.586497890295348,-7.594936708860766,-4.641350210970474,1,30.801687763713083,-7.594936708860766,12.23628691983123,1,30.801687763713083,-7.594936708860766,25.31645569620253,1,83.1223628691983,-7.594936708860766,59.70464135021096,15.0,17.0,17.0,18.0,18.0,19.0,44.0,7.0,,,,,1,1,1,0,0,0,False,True,False,False,False,False,False
sz000421,2024-11-29,retest_probe,2,重新试盘,12.466124661246614,7.723577235772372,13.558912470980264,0.9130434782608695,0.0,0.39835499036692873,-0.03081305374232722,-4.392764857881137,7.235142118863047,0.8108108108108025,0,0,0.0,77.49275488298495,1,16.353887399463794,-8.310991957104562,-6.434316353887393,1,16.353887399463794,-22.252010723860593,-4.4235924932975905,1,16.353887399463794,-22.252010723860593,-18.36461126005362,1,16.353887399463794,-22.252010723860593,-15.281501340482572,1.0,2.0,3.0,3.0,,,,2.0,6.0,11.0,12.0,18.0,1,0,0,0,0,0,False,False,True,False,False,False,False
sz000421,2025-05-16,retest_probe,3,重新试盘,5.228758169934644,4.084967320261446,13.480598832931054,0.7812499999999993,0.0,0.6128458299633284,0.48782798155479884,-0.16286644951140072,4.885993485342022,0.978792822185981,0,0,0.0,79.68842540952649,1,10.662358642972514,0.3231017770597644,4.846526655896599,1,10.662358642972514,0.3231017770597644,5.8158319870759145,1,14.701130856219692,0.3231017770597644,9.693053311793198,1,14.701130856219692,0.3231017770597644,9.04684975767367,1.0,2.0,2.0,,,,,,,,,,0,0,0,0,0,0,False,False,True,False,False,False,False
sz000430,2024-09-27,first_probe,1,首次试盘,7.669616519174038,3.3923303834808127,28.768700719228356,0.5769230769230771,0.0,0.7194482395898169,-0.03957350475768271,0.0,7.669616519174038,3.2448377581120846,0,0,0.0,78.60385556927687,1,18.571428571428573,-18.571428571428573,-13.142857142857146,1,18.571428571428573,-18.571428571428573,-1.7142857142857126,1,18.571428571428573,-18.571428571428573,-1.285714285714279,1,18.571428571428573,-18.571428571428573,-7.571428571428573,1.0,1.0,1.0,2.0,,,,3.0,4.0,4.0,8.0,,1,0,0,0,0,0,True,False,False,False,False,False,False
sz000501,2025-02-17,first_probe,1,首次试盘,6.949352179034163,4.829210836277986,18.509860162467415,0.5762711864406779,0.0,0.5991888435198711,0.14955710086030607,0.0,5.704307334109426,1.7462165308498312,0,0,0.0,78.20611508184842,1,2.7459954233409745,-5.491990846681927,-1.94508009153318,1,2.8604118993134975,-5.491990846681927,0.5720823798626817,1,28.718535469107543,-5.491990846681927,10.869565217391287,1,28.718535469107543,-5.491990846681927,6.636155606407312,27.0,31.0,34.0,35.0,36.0,,,1.0,,,,,0,1,0,0,0,0,False,False,False,False,False,False,False
sz000504,2024-09-26,first_probe,1,首次试盘,4.904632152588562,3.542234332425065,14.961729405443615,0.3888888888888901,0.0,0.6063451640143773,0.4356884370289202,-1.216216216216226,4.054054054054057,3.4199726402188713,0,0,0.0,75.34609324809011,1,23.54497354497356,-0.6613756613756627,11.111111111111116,1,44.44444444444444,-0.6613756613756627,36.904761904761905,1,50.66137566137567,-0.6613756613756627,37.830687830687836,1,50.66137566137567,-0.6613756613756627,10.052910052910068,1.0,2.0,2.0,3.0,3.0,13.0,17.0,,,,,,1,1,1,0,0,0,False,False,False,False,False,False,False
sz000504,2025-01-15,retest_probe,2,重新试盘,5.116279069767438,3.604651162790695,21.087043800620034,0.3636363636363603,0.0,0.3541093061519222,-0.07974929071058869,-0.9216589861751112,4.147465437788012,3.2558139534883956,0,0,0.0,68.63466427480995,1,8.783783783783772,-2.4774774774774855,2.1396396396396344,1,10.135135135135108,-2.4774774774774855,5.292792792792778,1,25.450450450450447,-2.4774774774774855,14.75225225225223,1,25.450450450450447,-17.229729729729737,3.716216216216206,1.0,5.0,17.0,27.0,31.0,,,52.0,52.0,53.0,53.0,,0,1,0,0,0,0,False,False,True,False,False,False,False
sz000504,2025-03-03,retest_probe,3,重新试盘,7.419017763845348,5.224660397074188,23.452472072727904,0.7605633802816899,0.0,0.7181739583282908,-0.006212683941173708,-0.10604453870625141,9.013785790031804,3.397027600849256,0,0,0.0,79.72380381594449,1,14.373716632443534,-1.4373716632443578,5.03080082135523,1,14.373716632443534,-3.5934291581108835,-2.361396303901442,1,14.373716632443534,-44.25051334702259,-41.375770020533885,1,14.373716632443534,-44.25051334702259,-29.055441478439427,2.0,4.0,4.0,,,,,24.0,25.0,25.0,25.0,26.0,0,0,0,0,0,0,True,False,True,True,False,True,True
sz000505,2024-10-14,first_probe,1,首次试盘,4.740061162079501,3.822629969418956,22.059910767870015,0.3870967741935464,0.0,0.3943467626789791,0.18578060588483233,0.6230529595015577,6.697819314641751,4.179566563467496,0,0,0.0,71.62540464226946,1,1.7830609212481363,-9.063893016344727,-1.1887072808320909,1,4.606240713224352,-9.063893016344727,-0.5943536404160454,1,13.67013372956909,-9.063893016344727,3.5661218424962726,1,13.67013372956909,-16.939078751857362,-13.224368499257066,35.0,35.0,35.0,,,,,3.0,4.0,57.0,59.0,,0,0,0,0,0,1,False,False,False,False,False,False,False
sz000516,2024-09-11,first_probe,1,首次试盘,6.756756756756754,3.828828828828823,20.67553907321094,1.1666666666666692,0.0,0.5545799051200144,-0.02351760920678975,-1.9867549668874163,4.635761589403975,-1.1261261261261368,0,0,0.0,79.93856097172444,1,15.03416856492028,-7.289293849658296,12.98405466970387,1,38.7243735763098,-7.289293849658296,18.22323462414581,1,49.43052391799545,-7.289293849658296,29.84054669703873,1,49.43052391799545,-7.289293849658296,37.357630979498865,1.0,10.0,10.0,10.0,11.0,12.0,37.0,3.0,,,,,1,1,1,0,0,0,False,False,False,False,False,False,False
sz000518,2024-09-02,first_probe,1,首次试盘,8.866995073891637,6.896551724137945,35.94960114976899,0.4444444444444444,0.0,8.118991747524754,0.10410149924751871,0.0,8.866995073891637,4.92610837438423,0,0,0.0,82.22630549072574,1,0.9389671361502261,-8.920187793427225,-7.981220657276989,1,23.943661971831,-9.38967136150235,6.572769953051649,1,43.1924882629108,-9.38967136150235,31.924882629107998,1,78.40375586854461,-9.38967136150235,74.17840375586854,17.0,18.0,18.0,19.0,19.0,32.0,34.0,1.0,10.0,,,,1,1,1,0,0,1,True,False,False,False,False,False,False
sz000518,2024-12-25,retest_probe,2,重新试盘,10.84745762711863,7.7966101694915135,17.663210780973863,0.5000000000000007,0.0,1.2206971780033398,0.2845419986045966,-1.2820512820512886,4.807692307692313,0.9740259740259605,0,0,0.0,83.34352667467536,1,7.395498392282951,-23.472668810289388,-16.077170418006435,1,7.395498392282951,-27.331189710610936,-25.080385852090025,1,7.395498392282951,-27.331189710610936,-23.472668810289388,1,7.395498392282951,-32.475884244372985,-19.935691318327965,1.0,,,,,,,1.0,2.0,2.0,3.0,6.0,0,0,0,0,0,1,True,True,True,True,True,True,True
sz000518,2025-04-03,retest_probe,3,重新试盘,6.719367588932812,5.138339920948631,16.757041530660427,0.5882352941176463,0.0,0.6374805704976617,0.2236387709804169,-0.3906250000000111,5.46875,1.9607843137255054,0,0,0.0,78.93203285153425,1,-9.615384615384615,-26.15384615384616,-17.692307692307686,1,-9.615384615384615,-33.84615384615385,-28.846153846153843,1,-9.615384615384615,-33.84615384615385,-11.538461538461553,1,8.07692307692307,-33.84615384615385,-0.38461538461539435,44.0,47.0,,,,,,1.0,1.0,1.0,2.0,3.0,0,0,0,1,1,1,False,False,True,False,False,False,False
sz000520,2024-11-06,first_probe,1,首次试盘,10.866372980910421,4.2584434654919345,15.131031529635392,1.702702702702702,0.0,0.7020376147237508,-0.032875906662434146,-2.5751072961373467,8.011444921316158,-7.635829662261373,0,0,0.0,82.5757263820093,1,4.9284578696343395,-21.462639109697925,-15.262321144674084,1,4.9284578696343395,-21.462639109697925,-16.85214626391096,1,4.9284578696343395,-28.457869634340227,-26.70906200317965,1,4.9284578696343395,-34.49920508744037,-20.349761526232115,,,,,,,,1.0,1.0,1.0,7.0,8.0,0,0,0,0,1,1,True,False,False,False,False,False,False
sz000520,2025-06-24,retest_probe,2,重新试盘,6.782945736434098,4.069767441860472,20.537729765422363,0.6285714285714284,0.0,0.38546780766439875,-0.13796363133235567,-9.790209790209781,-3.6713286713286664,2.519379844961245,0,0,0.0,74.31188072388015,1,-0.5671077504725952,-7.183364839319473,-4.914933837429103,1,-0.5671077504725952,-7.183364839319473,-6.427221172022679,1,-0.5671077504725952,-12.098298676748575,-8.50661625708885,1,-0.5671077504725952,-15.122873345935728,-11.153119092627595,,,,,,,,1.0,21.0,25.0,57.0,,0,0,0,1,0,0,False,False,True,False,False,False,False
sz000520,2025-09-23,retest_probe,3,重新试盘,5.627705627705626,5.1948051948051965,22.58027955536138,0.6923076923076917,0.0,0.6425290353955546,0.2948445222833574,-0.44150110375277274,7.726269315673284,4.212860310421296,0,0,0.0,80.66416916710611,1,3.1914893617021267,-8.510638297872353,-5.106382978723412,1,3.1914893617021267,-8.510638297872353,-3.82978723404257,1,13.617021276595743,-8.510638297872353,-4.680851063829783,1,13.617021276595743,-8.510638297872353,7.659574468085095,28.0,32.0,32.0,,,,,4.0,8.0,,,,0,0,0,0,0,1,False,False,True,False,False,False,False
sz000523,2024-12-20,first_probe,1,首次试盘,5.217391304347818,4.347826086956519,15.699594175120255,0.9444444444444455,0.0,0.3082629276582628,0.3109595415744268,0.29761904761904656,8.03571428571428,2.6706231454005858,0,0,0.0,77.49005046750553,1,-0.28901734104045396,-19.36416184971098,-17.6300578034682,1,-0.28901734104045396,-22.83236994219653,-14.45086705202312,1,-0.28901734104045396,-22.83236994219653,-11.849710982658967,1,11.560693641618492,-22.83236994219653,-1.445086705202303,54.0,55.0,55.0,,,,,1.0,3.0,6.0,9.0,14.0,0,0,0,1,1,1,False,False,False,False,False,False,False
sz000526,2025-01-27,first_probe,1,首次试盘,7.20308359431463,5.179474825343289,29.883296099544975,0.7892976588628755,0.0,0.5400851995991517,0.43570425445915223,0.679117147707986,7.9311181178753465,1.5177065767284947,0,0,0.0,86.33110419181156,1,26.41196013289038,0.8542952064546805,18.652112007593736,1,28.310393925011866,0.8542952064546805,18.652112007593736,1,28.310393925011866,0.8542952064546805,13.194114855244422,1,39.9857617465591,0.8542952064546805,28.595158993830072,1.0,1.0,4.0,5.0,7.0,53.0,,,,,,,1,1,1,0,0,0,False,True,False,False,False,False,False
sz000531,2025-07-10,first_probe,1,首次试盘,5.489614243323437,5.489614243323437,14.040002072222205,0.8108108108108125,0.0,0.6717305647396477,0.47555709719787453,0.4484304932735439,6.278026905829592,1.3392857142857206,0,0,0.0,81.08486521497579,1,5.873715124816448,-3.964757709251099,-3.083700440528636,1,5.873715124816448,-7.488986784140971,-5.580029368575623,1,5.873715124816448,-8.223201174743021,-6.754772393538911,1,5.873715124816448,-13.215859030836995,-8.370044052863424,2.0,,,,,,,13.0,40.0,50.0,,,0,0,0,0,0,0,True,False,False,False,False,False,False
sz000531,2025-07-14,continuous_probe,2,连续试盘,6.973293768545985,4.599406528189909,18.87600003632443,0.6595744680851059,0.0,0.3672966181656763,0.12994218694836293,0.14858841010401136,7.1322436849925674,2.3738872403560762,0,0,0.0,77.14556970516814,1,-0.28985507246377384,-6.231884057971026,-5.797101449275366,1,-0.28985507246377384,-8.695652173913048,-6.811594202898563,1,-0.28985507246377384,-9.420289855072472,-6.231884057971026,1,-0.28985507246377384,-14.347826086956527,-9.565217391304348,,,,,,,,6.0,13.0,46.0,,,0,0,0,1,0,1,False,False,True,False,False,False,False
sz000532,2025-02-07,first_probe,1,首次试盘,9.604519774011289,5.988700564971761,28.874482613242087,0.5235294117647044,0.0,0.3155984281557694,-0.05025668493571733,0.05652911249292014,9.666478236291676,4.5762711864406835,0,0,0.0,76.57258057622722,1,8.58995137763372,-12.425715829281469,-9.34629929767693,1,8.58995137763372,-17.77417612101567,-13.884386817936257,1,8.58995137763372,-25.013506212857916,-25.013506212857916,1,8.58995137763372,-35.06212857914641,-19.5569962182604,1.0,1.0,,,,,,1.0,1.0,5.0,15.0,40.0,0,0,0,0,0,1,False,False,False,False,False,False,False
sz000534,2025-04-11,first_probe,1,首次试盘,6.000000000000005,4.285714285714293,17.09841507133244,0.6666666666666674,0.0,0.6437738190884215,0.32023517117044453,-0.9200283085633476,5.024769992922851,2.0000000000000018,0,0,0.0,80.29642488920425,1,6.372549019607843,-3.361344537815114,5.3221288515406195,1,13.935574229691872,-3.361344537815114,7.142857142857162,1,13.935574229691872,-5.742296918767497,-3.991596638655448,1,13.935574229691872,-9.593837535014005,-0.770308123249297,3.0,11.0,14.0,,,,,38.0,46.0,,,,0,0,0,0,0,0,False,False,False,False,False,False,False
sz000536,2025-10-16,first_probe,1,首次试盘,4.721030042918439,3.218884120171661,28.311951812926416,0.4545454545454534,0.0,0.2625671304234757,0.38977174694691874,-0.42553191489362874,3.8297872340425476,2.1367521367521514,0,0,0.0,75.01226029693025,1,6.066945606694563,-4.184100418410042,1.673640167364021,1,9.205020920502083,-4.184100418410042,1.0460251046024993,1,38.07531380753137,-4.184100418410042,8.158995815899583,1,38.07531380753137,-4.184100418410042,9.414225941422604,8.0,13.0,21.0,22.0,26.0,35.0,,,,,,,0,1,1,0,0,0,False,False,False,False,False,False,False
sz000545,2024-09-06,first_probe,1,首次试盘,6.499999999999995,4.0000000000000036,34.26701028578587,0.9230769230769247,0.0,0.3161593812361992,0.43812355641375533,-0.9852216748768461,4.92610837438423,0.0,0,0,0.0,84.88914305746242,1,1.4925373134328401,-13.93034825870646,-5.472636815920396,1,27.86069651741294,-13.93034825870646,5.472636815920406,1,50.74626865671643,-13.93034825870646,38.80597014925375,1,51.74129353233832,-13.93034825870646,42.78606965174132,13.0,14.0,14.0,14.0,15.0,33.0,34.0,2.0,5.0,6.0,,,1,1,1,0,0,1,False,True,False,False,False,False,False
sz000545,2024-10-23,retest_probe,2,重新试盘,6.278026905829592,4.035874439461873,27.80138513871025,0.42857142857142855,0.0,0.6967228955557845,0.35617736403634254,0.44642857142855874,5.803571428571419,2.6666666666666616,0,0,0.0,81.37914087847864,1,31.168831168831158,-3.0303030303030276,21.212121212121193,1,31.168831168831158,-3.0303030303030276,13.85281385281385,1,32.03463203463202,-3.0303030303030276,17.74891774891776,1,32.03463203463202,-14.71861471861472,-4.329004329004338,4.0,5.0,6.0,7.0,8.0,9.0,,48.0,51.0,51.0,,,1,1,1,0,0,0,True,False,True,True,False,False,True
sz000545,2024-11-14,retest_probe,3,重新试盘,5.185185185185182,5.185185185185182,14.3964448474197,1.1428571428571432,0.0,0.45143906693482716,0.5265385594822146,-0.7352941176470562,4.411764705882337,-0.7407407407407418,0,0,0.0,81.57540761567877,1,5.597014925373123,-8.955223880597018,1.1194029850746245,1,13.80597014925371,-8.955223880597018,12.31343283582087,1,13.80597014925371,-26.49253731343284,-23.134328358208954,1,13.80597014925371,-26.49253731343284,-15.671641791044788,8.0,16.0,17.0,,,,,2.0,3.0,28.0,28.0,34.0,0,0,0,0,0,1,False,False,True,False,False,False,False
sz000546,2025-04-14,first_probe,1,首次试盘,6.459330143540676,3.5885167464114964,61.52959041536951,0.5925925925925921,0.0,0.39303393437530654,0.09291949240762717,1.4563106796116498,8.009708737864084,2.6315789473684292,0,0,0.0,77.97530679845386,1,1.3986013986013957,-4.195804195804187,-3.7296037296037365,1,3.4965034965035002,-4.662004662004671,1.631701631701632,1,18.181818181818187,-4.662004662004671,9.790209790209792,1,21.212121212121215,-4.662004662004671,18.64801864801864,29.0,29.0,29.0,34.0,58.0,,,,,,,,0,0,0,0,0,0,False,False,False,False,False,False,False
sz000551,2025-08-20,first_probe,1,首次试盘,5.024311183144259,4.943273905996759,17.25037417758147,0.5645161290322595,0.0,0.3201042240948596,0.2906229933734678,-0.577081615828523,6.84253915910964,4.56053067993365,0,0,0.0,74.19272204110553,1,0.5551149881046769,-11.578112609040437,-11.340206185567004,1,0.5551149881046769,-13.005551149881034,-8.881839809674851,1,0.5551149881046769,-14.353687549563832,-10.626486915146705,1,0.5551149881046769,-14.353687549563832,-12.60904044409199,,,,,,,,3.0,6.0,9.0,,,0,0,0,0,0,1,False,False,False,False,False,False,False
sz000564,2024-11-01,first_probe,1,首次试盘,5.076142131979688,3.045685279187804,17.83077173775964,0.6999999999999993,0.0,0.4116793441934601,0.5367438423993208,0.0,6.153846153846154,2.564102564102577,0,0,0.0,79.49705671755311,1,68.0,-4.0000000000000036,35.5,1,68.0,-4.0000000000000036,66.5,1,119.0,-4.0000000000000036,68.5,1,119.0,-4.0000000000000036,29.499999999999993,2.0,2.0,3.0,3.0,4.0,4.0,5.0,,,,,,1,1,1,0,0,0,False,False,False,False,False,False,False
sz000564,2025-04-22,retest_probe,2,重新试盘,7.581227436823101,5.776173285198571,30.516915217411825,0.5238095238095233,0.0,0.49361354966022075,0.40762358889893124,-0.3597122302158251,7.194244604316546,3.6101083032491044,0,0,0.0,83.75628335468774,1,-1.0452961672474004,-10.452961672473881,-7.66550522648084,1,-1.0452961672474004,-14.634146341463417,-14.28571428571429,1,-1.0452961672474004,-25.78397212543555,-23.69337979094077,1,-1.0452961672474004,-25.78397212543555,-17.770034843205586,,,,,,,,2.0,10.0,10.0,21.0,37.0,0,0,0,1,0,1,False,True,True,False,True,False,False
sz000566,2024-09-20,first_probe,1,首次试盘,5.392156862745101,3.4313725490195957,19.859028752229907,1.5454545454545465,0.0,0.4756888841143425,0.03888626876449618,-7.272727272727275,-2.272727272727282,-2.941176470588236,0,0,0.0,78.38020694042923,1,19.696969696969703,-9.595959595959592,-2.777777777777779,1,37.62626262626263,-9.595959595959592,26.76767676767675,1,79.54545454545456,-9.595959595959592,29.54545454545454,1,79.54545454545456,-9.595959595959592,36.61616161616161,6.0,6.0,7.0,7.0,19.0,20.0,28.0,1.0,1.0,,,,1,1,1,0,0,1,False,False,False,False,False,False,False
sz000570,2025-03-11,first_probe,1,首次试盘,7.475083056478415,7.142857142857162,14.227668472391963,0.5999999999999989,0.0,0.6958606220067465,0.4310165152108787,-0.8389261744966459,8.557046979865767,4.906937394247035,0,0,0.0,82.18892242236197,1,10.000000000000009,-10.806451612903222,-9.838709677419356,1,10.000000000000009,-25.645161290322584,-18.870967741935484,1,10.000000000000009,-25.645161290322584,-10.322580645161295,1,10.000000000000009,-25.645161290322584,-9.354838709677416,2.0,2.0,2.0,,,,,8.0,9.0,10.0,14.0,19.0,0,0,0,0,0,1,True,False,False,False,False,False,False
sz000571,2024-10-24,first_probe,1,首次试盘,6.779661016949157,6.537530266343827,17.29076701812445,0.3928571428571436,0.0,0.28243044633748193,0.12774053154587028,-0.24154589371979673,6.521739130434789,4.1162227602905554,0,0,0.0,73.06827741176967,1,3.488372093023262,-13.720930232558137,-7.906976744186045,1,3.488372093023262,-16.279069767441857,-8.604651162790688,1,3.488372093023262,-20.46511627906976,-19.767441860465105,1,3.488372093023262,-27.209302325581397,-19.767441860465105,,,,,,,,4.0,6.0,6.0,17.0,40.0,0,0,0,0,1,1,False,False,False,False,False,False,False
sz000572,2025-10-17,first_probe,1,首次试盘,8.543417366946793,6.022408963585435,33.70030501340101,1.5081967213114744,0.0,0.253978480144908,0.011691647356290216,0.0,8.543417366946793,-4.341736694677866,0,0,0.0,81.91104952478004,1,5.1244509516837455,-18.44802342606149,-3.3674963396779,1,61.639824304538784,-18.44802342606149,60.17569546120058,1,76.1346998535871,-18.44802342606149,34.114202049780374,1,76.1346998535871,-18.44802342606149,6.295754026354317,1.0,12.0,12.0,12.0,13.0,14.0,14.0,2.0,3.0,3.0,4.0,,1,1,1,0,0,1,False,False,False,False,False,False,False
sz000573,2025-01-21,first_probe,1,首次试盘,5.3097345132743445,3.9823008849557695,22.90835730056298,0.7083333333333324,0.0,0.3246120701142757,0.26247942864648055,-1.3483146067415852,6.966292134831442,4.555808656036442,0,0,0.0,77.31727194606879,1,27.668845315904143,-12.418300653594782,-7.4074074074074066,1,27.668845315904143,-13.28976034858388,16.99346405228759,1,27.668845315904143,-13.28976034858388,8.932461873638342,1,27.668845315904143,-23.747276688453155,-10.02178649237473,1.0,2.0,2.0,3.0,3.0,,,6.0,7.0,7.0,48.0,49.0,1,1,0,0,0,0,False,False,False,False,False,False,False
sz000576,2025-03-25,first_probe,1,首次试盘,4.846938775510212,4.336734693877542,19.24006046562069,1.157894736842104,0.0,0.5597502345172056,0.4818119236199306,0.13192612137202797,8.443271767810035,2.503293807641649,0,0,0.0,82.6662046026386,1,1.1568123393316254,-25.064267352185087,-13.753213367609263,1,1.1568123393316254,-25.064267352185087,-7.969151670951158,1,42.41645244215937,-25.064267352185087,11.696658097686363,1,42.41645244215937,-25.064267352185087,17.73778920308484,29.0,29.0,29.0,30.0,32.0,33.0,33.0,3.0,4.0,8.0,8.0,9.0,0,1,1,0,1,1,False,False,False,False,False,False,False
sz000584,2025-03-31,first_probe,1,首次试盘,8.636363636363642,7.272727272727253,29.046733991405485,1.0,0.0,1.0207540270564457,0.8173748401759453,-5.172413793103436,3.0172413793103647,0.0,0,0,0.0,92.15158820073592,1,-2.7272727272727337,-31.818181818181824,-22.72727272727274,1,-2.7272727272727337,-90.45454545454545,-89.0909090909091,0,,,,0,,,,,,,,,,,1.0,2.0,3.0,4.0,5.0,0,0,0,1,1,1,True,True,False,False,False,False,False
sz000584,2025-04-10,retest_probe,2,重新试盘,8.974358974358964,8.974358974358964,14.06180936984203,0.5714285714285707,0.0,2.0943433110233305,-0.24055254325893147,-3.703703703703709,4.938271604938271,3.8461538461538547,0,0,0.0,76.24075086184995,1,21.604938271604922,-7.407407407407418,-4.938271604938271,1,21.604938271604922,-87.03703703703704,-85.80246913580247,0,,,,0,,,,4.0,4.0,4.0,5.0,6.0,,,2.0,11.0,12.0,12.0,12.0,1,0,0,0,0,0,True,False,True,True,False,True,True
sz000590,2025-07-14,first_probe,1,首次试盘,9.182935647143896,5.061460592913947,18.05869991577058,0.976377952755906,0.0,0.41510244936651286,0.008621126227059647,-3.286713286713294,5.594405594405583,0.2169197396963085,0,0,0.0,79.63974237627014,1,10.02886002886003,-17.027417027417023,-10.101010101010088,1,10.02886002886003,-17.388167388167385,-5.555555555555558,1,10.02886002886003,-17.388167388167385,-12.337662337662337,1,10.02886002886003,-20.418470418470424,-19.696969696969692,1.0,1.0,1.0,,,,,1.0,1.0,2.0,6.0,59.0,0,0,0,0,0,1,False,False,False,False,False,False,False
sz000592,2025-03-13,first_probe,1,首次试盘,5.863192182410426,3.583061889250816,14.600355228382796,1.0,0.0,0.41088570727920426,0.47127991337435265,0.9933774834437026,7.615894039735105,0.6557377049180246,0,0,0.0,81.85707479052114,1,16.938110749185675,-4.56026058631921,-3.583061889250816,1,16.938110749185675,-11.40065146579804,-0.6514657980456029,1,16.938110749185675,-11.40065146579804,0.6514657980456029,1,16.938110749185675,-11.40065146579804,0.32573289902280145,1.0,1.0,2.0,2.0,,,,12.0,12.0,16.0,,,1,0,0,0,0,0,False,False,False,False,False,False,False
sz000595,2024-09-13,first_probe,1,首次试盘,7.802874743326482,6.776180698151957,14.006839712810107,0.7368421052631587,0.0,0.9726749982656627,0.5382491895180719,0.4089979550102374,7.361963190184051,1.2219959266802416,0,0,0.0,85.29680125058174,1,82.49496981891349,-4.828973843058337,67.80684104627768,1,127.76659959758554,-4.828973843058337,78.06841046277665,1,150.90543259557347,-4.828973843058337,64.38631790744466,1,150.90543259557347,-4.828973843058337,79.0744466800805,1.0,1.0,1.0,2.0,3.0,4.0,5.0,,,,,,1,1,1,0,0,0,True,True,False,False,False,False,False
sz000595,2025-04-16,retest_probe,2,重新试盘,6.691449814126393,4.275092936802971,14.978780458104978,0.5277777777777783,0.0,0.29265560302344634,-0.003433009732106973,-0.5514705882353033,5.514705882352944,2.5878003696857554,0,0,0.0,71.5319880364861,1,0.540540540540535,-26.486486486486484,-23.603603603603595,1,0.540540540540535,-27.387387387387385,-16.75675675675675,1,0.540540540540535,-27.387387387387385,-12.792792792792795,1,0.540540540540535,-27.387387387387385,-9.909909909909908,,,,,,,,2.0,3.0,3.0,7.0,9.0,0,0,0,0,1,1,False,False,True,False,False,False,False
sz000595,2025-05-06,retest_probe,3,重新试盘,9.068627450980404,7.843137254901977,117.65058690368159,0.5675675675675673,0.0,1.2292162897613306,0.9004530435585616,-4.895104895104896,3.7296037296037365,3.9215686274509887,0,0,0.0,90.61641169332594,1,11.556603773584918,-4.952830188679247,8.962264150943389,1,24.764150943396213,-4.952830188679247,17.924528301886777,1,26.179245283018847,-4.952830188679247,17.688679245283012,1,26.179245283018847,-4.952830188679247,16.74528301886793,5.0,10.0,10.0,12.0,13.0,,,,,,,,1,1,0,0,0,0,True,True,True,True,True,True,True
sz000599,2024-10-15,first_probe,1,首次试盘,6.018518518518512,3.47222222222221,15.835290562053132,0.8461538461538459,0.0,0.49123274034243575,0.4864298265957381,-0.47058823529411153,7.76470588235294,3.0732860520094496,0,0,0.0,82.49036541357853,1,44.495412844036686,-2.2935779816513846,44.495412844036686,1,45.871559633027516,-2.2935779816513846,31.88073394495412,1,45.871559633027516,-2.2935779816513846,18.80733944954127,1,45.871559633027516,-7.110091743119273,-0.6880733944954143,5.0,5.0,5.0,7.0,8.0,9.0,10.0,58.0,,,,,1,1,1,0,0,0,False,False,False,False,False,False,False
sz000605,2024-11-27,first_probe,1,首次试盘,5.268490374873358,3.0395136778115672,18.494241652185746,1.0192307692307687,0.0,0.4479288257441053,-0.14422959219912376,-10.036496350364976,-5.200729927007297,0.0,0,0,0.0,74.23403551228911,1,-1.6227180527383367,-11.257606490872208,-8.823529411764696,1,-1.6227180527383367,-22.81947261663285,-21.298174442190664,1,-1.6227180527383367,-30.933062880324545,-25.86206896551724,1,-1.6227180527383367,-30.933062880324545,-24.34077079107505,,,,,,,,1.0,2.0,2.0,14.0,18.0,0,0,0,1,1,1,False,False,False,False,False,False,False
sz000605,2024-12-27,retest_probe,2,重新试盘,4.732254047322559,3.7359900373599153,26.09620512501915,1.131578947368418,0.0,0.27645299686245994,0.39836435194825365,0.2564102564102555,7.820512820512815,2.0460358056265893,0,0,0.0,80.19088122780997,1,2.0050125313283207,-14.661654135338352,-10.77694235588973,1,2.0050125313283207,-14.661654135338352,-8.897243107769437,1,2.0050125313283207,-14.661654135338352,-3.2581453634085267,1,5.889724310776923,-14.661654135338352,-7.518796992481214,52.0,,,,,,,4.0,4.0,4.0,,,0,0,0,0,0,1,False,False,True,False,False,False,False
sz000605,2025-03-20,retest_probe,3,重新试盘,7.097591888466415,5.196451204055785,15.026433963422816,0.6964285714285697,0.0,0.41414767865628715,0.2598534323039169,0.12755102040815647,7.780612244897944,2.6751592356688114,0,0,0.0,78.96202868406694,1,0.8684863523573227,-11.042183622828794,-7.568238213399503,1,0.8684863523573227,-25.55831265508686,-11.290322580645162,1,16.62531017369726,-25.55831265508686,12.034739454094279,1,16.62531017369726,-25.55831265508686,-16.873449131513652,39.0,39.0,39.0,40.0,,,,2.0,6.0,7.0,11.0,12.0,0,0,0,0,1,1,False,False,True,False,False,False,False
sz000605,2025-09-17,retest_probe,4,重新试盘,10.655737704918034,8.06010928961749,207.64645458730377,0.4615384615384612,0.0,0.5827271390547281,0.23576990616023213,0.0,8.144192256341775,3.337783711615483,0,0,0.0,84.23374419300788,1,-3.3591731266149893,-13.953488372093027,-11.757105943152457,1,-3.3591731266149893,-14.72868217054264,-5.297157622739023,1,-0.6459948320413411,-14.72868217054264,-2.9715762273901825,1,-0.6459948320413411,-16.40826873385014,-13.56589147286822,,,,,,,,1.0,1.0,2.0,59.0,,0,0,0,1,0,1,False,True,False,False,False,False,False
sz000608,2024-10-09,first_probe,1,首次试盘,6.024096385542155,5.6224899598393385,104.99866212307153,1.0666666666666682,0.0,0.5037046331663358,0.29774273425372466,-10.144927536231874,-4.347826086956507,0.0,0,0,0.0,85.49976060366369,1,-3.629032258064513,-18.145161290322587,-11.290322580645151,1,2.0161290322580516,-18.145161290322587,0.8064516129032251,1,34.2741935483871,-18.145161290322587,4.8387096774193505,1,34.2741935483871,-18.145161290322587,-8.870967741935488,21.0,21.0,21.0,22.0,22.0,23.0,,1.0,1.0,1.0,2.0,,0,1,1,0,1,1,False,True,False,False,False,False,False
sz000608,2024-11-13,retest_probe,2,重新试盘,6.949806949806958,5.0193050193050315,14.014048837705268,1.0,0.0,0.591255405542504,-0.019770930228871622,-5.128205128205132,1.46520146520146,0.0,0,0,0.0,77.29327706863423,1,6.563706563706551,-11.196911196911197,-5.7915057915057915,1,21.235521235521237,-11.196911196911197,15.444015444015458,1,21.235521235521237,-24.32432432432432,-16.60231660231659,1,21.235521235521237,-24.710424710424704,-15.444015444015447,1.0,17.0,17.0,18.0,18.0,,,2.0,8.0,10.0,36.0,37.0,1,1,0,0,0,1,False,False,True,False,False,False,False
sz000608,2024-12-20,retest_probe,3,重新试盘,5.8394160583941535,5.8394160583941535,22.782989750773922,1.187500000000002,0.0,0.34584361285621845,0.2082875755437605,0.7490636704119868,8.614232209737827,0.743494423791824,0,0,0.0,80.78332062232387,1,-1.1070110701106972,-27.67527675276753,-23.616236162361627,1,-1.1070110701106972,-28.044280442804425,-19.188191881918815,1,-1.1070110701106972,-28.044280442804425,-19.188191881918815,1,-1.1070110701106972,-32.84132841328413,-32.84132841328413,,,,,,,,1.0,1.0,2.0,3.0,9.0,0,0,0,1,1,1,False,False,True,False,False,False,False
sz000608,2025-11-19,retest_probe,4,重新试盘,5.1470588235293935,4.044117647058809,15.480192207597966,0.5714285714285733,0.0,0.495727843132327,0.2794072908883084,0.0,4.761904761904767,1.831501831501825,0,0,0.0,75.22021936529032,1,-0.3597122302158251,-14.388489208633093,-2.877697841726601,1,-0.3597122302158251,-18.705035971223026,-15.827338129496404,1,27.697841726618712,-18.705035971223026,27.697841726618712,1,40.28776978417268,-18.705035971223026,28.41726618705036,33.0,33.0,34.0,34.0,35.0,47.0,49.0,1.0,2.0,3.0,17.0,,0,1,1,1,1,1,False,False,False,False,False,False,False
sz000619,2024-12-16,first_probe,1,首次试盘,6.220095693779926,5.980861244019131,19.786329520288817,1.7115384615384581,0.0,0.3869269986352153,0.12439369796622997,-0.35756853396902155,5.840286054827182,-4.425837320574155,0,0,0.0,81.00146123374668,1,8.3854818523154,-24.906132665832292,-23.279098873591998,1,8.3854818523154,-29.16145181476846,-25.657071339173964,1,8.3854818523154,-30.03754693366709,-24.03003754693367,1,8.3854818523154,-30.03754693366709,-20.400500625782225,1.0,1.0,,,,,,1.0,3.0,3.0,4.0,5.0,0,0,0,0,0,1,False,False,False,False,False,False,False
sz000619,2024-12-17,continuous_probe,2,连续试盘,8.114856429463169,7.615480649188511,15.794710548345602,0.923076923076922,0.0,0.9242893231677297,0.1046741309311586,-0.7509386733416834,8.3854818523154,1.6393442622950838,0,0,0.0,81.5158336417225,1,1.4888337468982549,-25.55831265508686,-23.697270471464016,1,1.4888337468982549,-30.645161290322587,-29.40446650124069,1,1.4888337468982549,-30.645161290322587,-25.806451612903224,1,1.4888337468982549,-30.645161290322587,-20.719602977667506,,,,,,,,2.0,2.0,2.0,3.0,4.0,0,0,0,0,1,1,True,False,True,True,False,True,False
sz000619,2025-01-06,retest_probe,3,重新试盘,9.701492537313428,4.32835820895523,14.090584368823368,0.7846153846153849,0.0,0.3192944716386738,0.23147769661722858,-7.010014306151646,5.150214592274671,5.230769230769239,0,0,0.0,79.68721911104782,1,4.532163742690076,-18.274853801169588,-7.602339181286544,1,4.532163742690076,-18.274853801169588,-9.35672514619883,1,4.532163742690076,-18.274853801169588,-1.900584795321636,1,4.532163742690076,-31.871345029239762,-23.538011695906423,,,,,,,,2.0,5.0,5.0,5.0,58.0,0,0,0,0,1,1,False,False,True,False,False,False,False
sz000619,2025-01-09,continuous_probe,4,连续试盘,7.902735562310026,7.598784194528885,15.38408860880538,0.6346153846153852,0.0,0.7768931039749328,0.2392459359848768,0.14903129657226621,5.812220566318915,0.7440476190476275,0,0,0.0,80.87646362438491,1,3.101920236336797,-17.42983751846381,-12.555391432791719,1,3.101920236336797,-17.42983751846381,-10.044313146233375,1,3.101920236336797,-17.42983751846381,-3.3973412112259904,1,3.101920236336797,-31.166912850812402,-17.2821270310192,,,,,,,,1.0,2.0,2.0,2.0,55.0,0,0,0,0,1,1,True,False,False,False,False,False,False
sz000620,2024-11-11,first_probe,1,首次试盘,6.249999999999978,4.910714285714279,16.16569273357021,0.9285714285714299,0.0,0.2972297975409579,0.035961683818847595,0.0,6.249999999999978,0.44642857142855874,0,0,0.0,75.20389691405668,1,0.8888888888888946,-14.222222222222225,-12.0,1,9.333333333333327,-15.11111111111112,3.111111111111109,1,39.1111111111111,-15.11111111111112,-9.777777777777786,1,39.1111111111111,-26.222222222222225,-14.222222222222225,18.0,20.0,21.0,22.0,23.0,24.0,,2.0,2.0,4.0,12.0,43.0,0,1,1,0,0,1,False,False,False,False,False,False,False
sz000620,2025-09-02,retest_probe,2,重新试盘,5.555555555555536,4.320987654320985,59.23969986634301,0.7777777777777797,0.0,0.7708973936124224,0.4297702156424671,-0.6172839506172867,5.555555555555536,1.8633540372670732,0,0,0.0,85.29587760367919,1,19.512195121951216,-2.4390243902438935,16.463414634146332,1,20.12195121951219,-4.2682926829268215,-1.2195121951219412,1,109.75609756097562,-4.2682926829268215,101.21951219512195,1,149.39024390243904,-4.2682926829268215,87.19512195121952,8.0,8.0,8.0,9.0,12.0,30.0,31.0,,,,,,1,1,1,0,0,0,True,True,True,True,True,True,True
sz000626,2025-07-14,first_probe,1,首次试盘,6.685633001422464,4.267425320056906,30.94719528875892,0.6595744680851059,0.0,0.30462795196120135,-0.14854858065622184,-0.28368794326240065,6.382978723404253,2.2759601706970223,0,0,0.0,74.9896108468659,1,16.82892906815021,-3.198887343532686,1.112656467315709,1,16.82892906815021,-3.616133518776088,0.0,1,16.82892906815021,-7.0931849791377015,-4.033379694019468,1,16.82892906815021,-12.517385257301816,1.947148817802491,4.0,4.0,5.0,5.0,,,,33.0,48.0,51.0,,,1,0,0,0,0,0,False,False,False,False,False,False,False
sz000627,2025-04-30,first_probe,1,首次试盘,5.474452554744524,5.109489051094873,145.66576103208135,1.0,0.0,0.9930936788983136,0.9659639485840001,-9.868421052631572,-4.934210526315786,0.0,0,0,0.0,89.55324380821904,1,-5.109489051094895,-40.14598540145986,-36.861313868613145,1,-5.109489051094895,-49.27007299270074,-49.27007299270074,0,,,,0,,,,,,,,,,,1.0,2.0,3.0,4.0,5.0,0,0,0,1,1,1,True,True,False,False,False,False,False
sz000628,2024-10-17,first_probe,1,首次试盘,6.940222897669712,3.4110097939885176,17.84741433344176,0.6958637469586374,0.0,0.635445469977706,-0.16234098550484155,-9.849292129700105,-3.592632059674228,2.110773387369136,0,0,0.0,75.92365708452124,1,30.262940300975693,-0.7772449148337968,18.98462047296181,1,30.262940300975693,-0.7772449148337968,6.168347941127839,1,30.262940300975693,-8.96312220936002,0.81031916652885,1,30.262940300975693,-19.331900115759883,-18.753100711096405,1.0,2.0,2.0,4.0,5.0,10.0,,22.0,22.0,55.0,55.0,,1,1,1,0,0,0,False,False,False,False,False,False,False
sz000632,2025-05-14,first_probe,1,首次试盘,6.544502617801062,4.188481675392675,15.732672353787807,0.6399999999999995,0.0,0.40188371643316184,0.17498926389002253,0.2624671916010346,6.824146981627299,2.3560209424083878,0,0,0.0,76.37453320216146,1,1.2787723785166127,-10.741687979539638,-8.43989769820972,1,1.7902813299232712,-10.741687979539638,-1.278772378516635,1,9.462915601023013,-10.741687979539638,3.8363171355498604,1,9.462915601023013,-10.741687979539638,4.347826086956519,21.0,30.0,,,,,,4.0,5.0,7.0,,,0,0,0,0,0,1,False,False,False,False,False,False,False
sz000632,2025-10-27,retest_probe,2,重新试盘,7.551487414187652,2.7459954233409745,19.334925419822977,0.9696969696969704,0.0,0.33271866248429666,0.34250203122050366,0.2336448598130758,9.81308411214954,2.0979020979021046,0,0,0.0,83.55292702386694,1,23.972602739726035,-8.675799086757985,23.972602739726035,1,99.7716894977169,-8.675799086757985,37.89954337899544,1,99.7716894977169,-8.675799086757985,37.89954337899544,1,99.7716894977169,-8.675799086757985,18.72146118721463,1.0,6.0,6.0,10.0,10.0,11.0,12.0,2.0,3.0,,,,1,1,1,0,0,1,False,True,True,False,True,False,False
sz000632,2025-10-31,continuous_probe,3,连续试盘,5.811138014527861,2.9055690072639306,23.704387298126022,0.7916666666666676,0.0,0.26256156280746257,0.06889543051835326,1.7241379310344973,7.635467980295574,1.2106537530266248,0,0,0.0,75.39315220184808,1,90.19138755980862,0.23923444976077235,90.19138755980862,1,109.33014354066985,0.23923444976077235,48.086124401913885,1,109.33014354066985,0.23923444976077235,52.87081339712918,1,109.33014354066985,0.23923444976077235,26.076555023923454,1.0,1.0,1.0,2.0,6.0,7.0,7.0,,,,,,1,1,1,0,0,0,False,False,True,False,False,False,False
sz000635,2024-11-01,first_probe,1,首次试盘,8.646188850967018,7.167235494880564,20.15901778282632,0.9210526315789469,0.0,0.39457146576224716,0.1369345444850175,0.5720823798626817,9.267734553775743,0.6825938566553003,0,0,0.0,81.313926735748,1,20.22598870056498,0.6779661016949268,1.1299435028248483,1,20.22598870056498,-10.734463276836149,-4.74576271186441,1,20.22598870056498,-10.734463276836149,-7.796610169491524,1,20.22598870056498,-22.598870056497177,-14.915254237288133,1.0,1.0,1.0,2.0,2.0,,,12.0,16.0,18.0,44.0,45.0,1,1,0,0,0,0,False,False,False,False,False,False,False
sz000638,2024-10-15,first_probe,1,首次试盘,6.575963718820854,6.349206349206349,13.785213661418426,0.8965517241379302,0.0,0.3139695731217821,0.1474100416438579,-0.6928406466512715,8.545034642032334,3.2558139534883956,0,0,0.0,76.28358996822342,1,26.801801801801783,-5.180180180180194,18.243243243243224,1,47.747747747747724,-5.180180180180194,38.963963963963955,1,47.747747747747724,-5.180180180180194,34.68468468468468,1,47.747747747747724,-8.558558558558572,-0.22522522522524513,8.0,9.0,9.0,9.0,10.0,13.0,14.0,3.0,58.0,,,,1,1,1,0,0,0,False,False,False,False,False,False,False
sz000639,2025-06-11,first_probe,1,首次试盘,5.084745762711873,3.3898305084745894,21.370571904977837,1.1111111111111112,0.0,0.30372042268082483,0.2314710160161619,-0.8403361344537785,4.201680672268915,-0.5649717514124353,0,0,0.0,78.28281214982007,1,2.840909090909083,-13.920454545454552,-8.238636363636365,1,2.840909090909083,-13.920454545454552,-5.9659090909090935,1,2.840909090909083,-13.920454545454552,-8.806818181818187,1,2.840909090909083,-13.920454545454552,-9.090909090909083,,,,,,,,2.0,5.0,6.0,,,0,0,0,0,0,1,False,False,False,False,False,False,False
sz000656,2024-11-25,first_probe,1,首次试盘,5.421686746987953,5.421686746987953,18.165904731749528,1.1111111111111112,0.0,0.47874865874271705,0.24768370149777855,-0.5988023952095856,4.790419161676662,-0.6024096385542133,0,0,0.0,80.18986581917082,1,1.21212121212122,-9.696969696969692,-4.848484848484835,1,9.696969696969715,-9.696969696969692,-0.60606060606061,1,9.696969696969715,-9.696969696969692,1.21212121212122,1,9.696969696969715,-13.939393939393941,-11.515151515151512,17.0,17.0,,,,,,2.0,2.0,44.0,,,0,0,0,0,0,1,False,False,False,False,False,False,False
sz000665,2025-08-06,first_probe,1,首次试盘,8.674304418985269,5.7283142389525255,13.843187250483508,1.0,0.0,0.301662211542073,0.16162620747522213,-2.893890675241151,6.7524115755627,1.1589403973510048,0,0,0.0,79.06804683803722,1,6.219312602291316,-5.400981996726683,-2.9459901800327426,1,12.274959083469717,-5.400981996726683,4.091653027823239,1,12.274959083469717,-8.67430441898528,2.9459901800327204,1,14.402618657937794,-8.67430441898528,7.201309328968897,1.0,15.0,16.0,,,,,7.0,33.0,,,,0,0,0,0,0,0,False,False,False,False,False,False,False
sz000668,2024-11-01,first_probe,1,首次试盘,9.585798816568047,3.4319526627219155,17.243240000492897,1.0123456790123455,0.0,0.5819936527002728,0.08872728249267538,-0.9378663540445475,8.558030480656509,-0.11834319526626835,0,0,0.0,82.03480442735827,1,25.710900473933652,-5.094786729857814,8.530805687203792,1,25.710900473933652,-5.094786729857814,8.175355450236976,1,25.710900473933652,-20.497630331753548,-17.654028436018955,1,25.710900473933652,-37.203791469194314,-27.606635071090036,1.0,2.0,2.0,3.0,3.0,,,1.0,36.0,37.0,37.0,38.0,1,1,0,0,0,0,False,False,False,False,False,False,False
sz000670,2024-09-23,first_probe,1,首次试盘,4.9438202247190866,3.8202247191011285,17.495630061320107,0.4090909090909089,0.0,1.0249590240216537,0.2997868340924239,0.9111617312072884,6.378132118451041,3.3860045146727025,0,0,0.0,76.00318792499255,1,47.161572052401745,-2.401746724890841,24.45414847161573,1,47.161572052401745,-2.401746724890841,35.58951965065502,1,96.2882096069869,-2.401746724890841,56.76855895196506,1,113.31877729257643,-2.401746724890841,94.32314410480349,2.0,3.0,3.0,4.0,5.0,6.0,7.0,,,,,,1,1,1,0,0,0,True,False,False,False,False,False,False
sz000670,2025-04-16,retest_probe,2,重新试盘,5.900621118012417,4.347826086956519,16.587440862238804,0.6578947368421054,0.0,0.5987265173242636,-0.0432353813933421,-7.868383404864088,-2.4320457796852657,2.0186335403726607,0,0,0.0,74.00598154559049,1,11.111111111111093,-6.544901065449016,-0.15220700152207556,1,11.111111111111093,-6.544901065449016,4.566210045662089,1,15.068493150684926,-6.544901065449016,2.130898021308969,1,30.136986301369873,-6.544901065449016,12.48097412480973,4.0,7.0,7.0,21.0,50.0,53.0,,2.0,,,,,0,0,1,0,0,0,False,False,True,False,False,False,False
sz000677,2024-11-04,first_probe,1,首次试盘,5.989110707803991,3.266787658802195,203.7920873608876,1.0,0.0,0.61805194120541,0.532684287724395,-9.967320261437917,-4.575163398692816,0.0,0,0,0.0,88.85682447965912,1,6.533575317604368,-19.23774954627948,-17.24137931034483,1,6.533575317604368,-23.230490018148807,-14.700544464609798,1,6.533575317604368,-27.223230490018146,-24.31941923774954,1,6.533575317604368,-34.66424682395643,-27.76769509981851,2.0,,,,,,,1.0,9.0,9.0,10.0,16.0,0,0,0,0,0,1,False,True,False,False,False,False,False
sz000678,2024-09-20,first_probe,1,首次试盘,5.976095617529897,4.980079681274896,13.705778743619993,1.1333333333333302,0.0,0.3494822413174825,0.17387407018855253,-0.5882352941176339,4.313725490196085,-1.7751479289940808,0,0,0.0,77.33094415064208,1,26.10441767068272,-4.81927710843374,7.63052208835342,1,26.10441767068272,-4.81927710843374,18.072289156626486,1,39.55823293172689,-4.81927710843374,16.86746987951806,1,64.05622489959836,-4.81927710843374,33.53413654618473,4.0,5.0,6.0,6.0,7.0,27.0,50.0,,,,,,1,1,1,0,0,0,False,False,False,False,False,False,False
sz000678,2025-04-15,retest_probe,2,重新试盘,5.0643776824034425,3.776824034334769,14.148602508140824,0.5762711864406779,0.0,0.43949684820609053,0.09387884262155007,-1.0118043844856595,3.204047217537953,1.3628620102214661,0,0,0.0,70.74061959272926,1,9.41176470588234,-10.504201680672265,-4.453781512605048,1,64.9579831932773,-10.504201680672265,52.60504201680671,1,64.9579831932773,-10.504201680672265,38.319327731092436,1,64.9579831932773,-10.504201680672265,40.50420168067226,7.0,7.0,13.0,13.0,14.0,15.0,16.0,1.0,3.0,10.0,,,1,1,1,0,0,1,False,False,True,False,False,False,False
sz000679,2025-01-17,first_probe,1,首次试盘,9.707241910631748,8.78274268104775,17.144546015734065,0.8730158730158729,0.0,1.1142216291907647,0.2643424482639476,-1.8045112781954864,7.067669172932334,0.6125574272588086,0,0,0.0,85.6384838332187,1,4.414003044140036,-14.30745814307459,-3.5007610350076157,1,5.175038051750369,-14.30745814307459,5.022831050228316,1,35.00761035007609,-14.30745814307459,6.849315068493134,1,35.00761035007609,-14.30745814307459,-0.15220700152207556,11.0,21.0,21.0,21.0,22.0,23.0,,2.0,3.0,5.0,,,0,1,1,0,0,1,True,True,False,False,False,False,False
sz000680,2025-08-07,first_probe,1,首次试盘,5.369807497467094,3.951367781155013,15.079705975946098,0.5471698113207553,0.0,0.567311136390175,0.4020132431147207,0.20080321285140812,4.417670682730912,1.3026052104208263,0,0,0.0,77.67586693596937,1,1.0880316518298905,-4.154302670623144,-2.1760633036597365,1,1.0880316518298905,-8.20969337289812,-7.814045499505429,1,3.857566765578646,-8.20969337289812,1.8793273986152492,1,21.463897131552923,-8.20969337289812,11.770524233432255,41.0,42.0,42.0,42.0,43.0,,,15.0,20.0,,,,0,0,0,0,0,1,False,False,False,False,False,False,False
sz000685,2025-07-24,first_probe,1,首次试盘,6.118143459915615,5.696202531645556,32.11950092272754,0.37931034482758724,0.0,0.5229247741274875,0.3273627448356933,0.8510638297872353,7.021276595744674,3.797468354430378,0,0,0.0,79.71085866699289,1,0.20325203252031798,-5.081300813008127,-2.0325203252032464,1,6.707317073170738,-5.081300813008127,3.658536585365857,1,7.418699186991873,-5.081300813008127,-2.8455284552845517,1,50.30487804878048,-5.081300813008127,31.910569105691057,14.0,43.0,43.0,44.0,44.0,49.0,50.0,5.0,,,,,0,0,1,0,0,0,False,False,False,False,False,False,False
sz000695,2024-11-15,first_probe,1,首次试盘,9.269162210338667,4.456327985739761,17.996528065841794,0.8461538461538459,0.0,0.49579180695932173,-0.18354145557667575,-9.95184590690209,-1.605136436597121,1.426024955436711,0,0,0.0,78.10987746772732,1,48.594024604569405,-0.9666080843585334,5.88752196836555,1,48.594024604569405,-0.9666080843585334,4.48154657293498,1,48.594024604569405,-20.210896309314595,-15.64147627416521,1,48.594024604569405,-20.210896309314595,-3.514938488576458,1.0,1.0,1.0,3.0,4.0,5.0,6.0,24.0,27.0,28.0,34.0,35.0,1,1,1,0,0,0,False,False,False,False,False,False,False
sz000695,2025-02-18,retest_probe,2,重新试盘,4.766187050359716,2.7877697841726556,17.878654517518257,1.2641509433962235,0.0,0.4983657790023427,0.19903682858575447,1.9718309859154903,9.38967136150235,1.1049723756906271,0,0,0.0,77.90884556776574,1,12.021857923497258,-5.282331511839711,7.377049180327866,1,12.021857923497258,-5.282331511839711,-0.7285974499089298,1,12.021857923497258,-26.77595628415301,-12.568306010928964,1,49.36247723132967,-26.77595628415301,44.80874316939891,3.0,4.0,7.0,53.0,53.0,54.0,55.0,1.0,24.0,24.0,33.0,34.0,0,0,1,0,0,0,False,False,True,False,False,False,False
sz000695,2025-11-18,retest_probe,3,重新试盘,9.250000000000004,4.374999999999996,23.64732469209057,0.8716216216216208,0.0,0.48691695777921284,0.053085164078408666,0.25062656641603454,9.523809523809511,1.187500000000008,0,0,0.0,81.37311245330146,1,18.900555898702898,-3.2118591723286016,3.7677578752316254,1,18.900555898702898,-24.83014206300186,-24.52130945027795,1,18.900555898702898,-25.941939468807906,-18.838789376158125,1,18.900555898702898,-25.941939468807906,-22.791846819024098,1.0,2.0,2.0,2.0,,,,12.0,12.0,13.0,15.0,18.0,1,0,0,0,0,0,False,False,True,False,False,False,False
sz000701,2025-06-09,first_probe,1,首次试盘,12.168486739469575,9.048361934477377,23.46251012999838,0.7692307692307697,0.0,0.27685752755145376,0.3078612178677739,-3.003003003003002,7.957957957957951,2.0123839009287936,0,0,0.0,83.67221206742776,1,26.7071320182094,-12.594840667678298,-7.587253414264039,1,26.7071320182094,-12.594840667678298,-4.855842185128989,1,26.7071320182094,-12.594840667678298,-7.435508345978759,1,26.7071320182094,-12.89833080424886,-8.194233687405161,1.0,1.0,3.0,4.0,4.0,,,1.0,8.0,9.0,,,1,1,0,0,0,0,False,True,False,False,False,False,False
sz000702,2025-04-03,first_probe,1,首次试盘,9.40298507462687,7.761194029850738,18.258098498033203,0.7936507936507938,0.0,0.8555666806190529,0.21185702982137433,-0.4457652303120341,8.915304606240703,1.94029850746269,0,0,0.0,83.90981484260364,1,2.9282576866764387,-10.395314787701315,-5.856515373352855,1,2.9282576866764387,-10.395314787701315,-2.4890190336749662,1,11.71303074670571,-10.395314787701315,0.5856515373352966,1,16.837481698389457,-10.395314787701315,12.737920937042468,28.0,29.0,29.0,60.0,,,,1.0,1.0,2.0,,,0,0,0,0,0,1,True,True,False,False,False,False,False
sz000702,2025-05-21,retest_probe,2,重新试盘,4.951856946354893,3.1636863823933936,19.56648759749307,0.6666666666666666,0.0,0.4639471355454631,0.15947038022399163,-0.6802721088435382,3.809523809523818,1.2328767123287676,0,0,0.0,74.47780680294703,1,0.0,-9.201623815967519,-7.036535859269277,1,3.653585926928282,-9.201623815967519,-4.059539918809197,1,14.749661705006778,-9.201623815967519,2.435723951285529,1,14.749661705006778,-9.201623815967519,5.548037889039237,30.0,35.0,35.0,,,,,5.0,5.0,,,,0,0,0,0,0,1,False,False,True,False,False,False,False
sz000702,2025-07-02,retest_probe,3,重新试盘,6.094182825484773,4.709141274238227,37.393672506215296,0.5681818181818177,0.0,0.39011086307269993,0.3504778773204834,0.0,5.655172413793097,2.206896551724147,0,0,0.0,81.00295469589798,1,14.439946018893401,-2.0242914979757165,1.6194331983805599,1,14.439946018893401,-2.0242914979757165,4.453441295546567,1,14.439946018893401,-2.0242914979757165,5.128205128205132,1,14.439946018893401,-6.747638326585692,-2.9689608636977005,1.0,6.0,6.0,,,,,59.0,,,,,0,0,0,0,0,0,False,False,True,False,False,False,False
sz000709,2024-12-09,first_probe,1,首次试盘,7.916666666666661,7.500000000000018,23.7435370159991,0.9473684210526303,0.0,0.43123254118867194,0.3974169856925019,1.2658227848101111,9.282700421940927,0.4166666666666874,0,0,0.0,86.2399975830684,1,2.9045643153526868,-7.05394190871369,-7.05394190871369,1,2.9045643153526868,-12.863070539419086,-10.788381742738595,1,2.9045643153526868,-16.597510373444003,-9.958506224066399,1,2.9045643153526868,-16.597510373444003,-7.883817427385886,,,,,,,,6.0,15.0,17.0,24.0,,0,0,0,0,0,1,False,True,False,False,False,False,False
sz000710,2024-12-18,first_probe,1,首次试盘,4.816955684007707,4.2389210019267765,22.866379208038293,0.7600000000000016,0.0,0.3543895007975441,0.28210791810333563,0.0,6.14634146341464,2.4390243902439046,0,0,0.0,76.81201116298328,1,0.0,-21.42857142857143,-20.666666666666668,1,0.0,-28.000000000000004,-19.333333333333325,1,32.761904761904745,-28.000000000000004,27.52380952380953,1,86.19047619047619,-28.000000000000004,41.90476190476191,32.0,32.0,32.0,36.0,36.0,39.0,42.0,3.0,3.0,3.0,5.0,10.0,0,1,1,0,1,1,False,False,False,False,False,False,False
sz000713,2024-11-01,first_probe,1,首次试盘,4.993429697766105,4.993429697766105,15.499087584654873,0.7894736842105261,0.0,0.28824026739939573,0.3184816903702493,0.536193029490617,7.104557640750664,2.533333333333343,0,0,0.0,75.52541255939389,1,10.273081924577365,-5.721716514954489,-5.331599479843952,1,10.273081924577365,-8.842652795838756,-2.86085825747725,1,10.273081924577365,-12.353706111833551,-2.4707412223667125,1,10.273081924577365,-18.595578673602088,-5.59167750325098,3.0,3.0,4.0,,,,,1.0,11.0,38.0,44.0,,0,0,0,0,0,1,False,False,False,False,False,False,False
sz000716,2025-01-15,first_probe,1,首次试盘,7.02479338842974,5.6473829201102,14.350980894013912,0.5294117647058817,0.0,0.6550939547317987,0.37323002185501825,0.2732240437158362,6.1475409836065475,2.1798365122615904,0,0,0.0,80.22513677364974,1,9.066666666666666,-13.200000000000001,-8.133333333333336,1,9.066666666666666,-13.200000000000001,-3.066666666666673,1,9.066666666666666,-13.200000000000001,-8.133333333333336,1,9.066666666666666,-25.333333333333343,-8.266666666666666,1.0,1.0,,,,,,7.0,8.0,8.0,47.0,51.0,0,0,0,0,0,1,False,False,False,False,False,False,False
sz000720,2025-04-30,first_probe,1,首次试盘,5.573770491803298,4.590163934426239,30.154177843787934,0.6470588235294122,0.0,0.533873307563897,-0.1805189929502799,-4.687500000000011,0.6250000000000089,1.967213114754096,0,0,0.0,74.48025403207895,1,8.36012861736335,-2.2508038585209,8.038585209003223,1,18.9710610932476,-2.2508038585209,9.324758842443725,1,18.9710610932476,-2.2508038585209,12.86173633440515,1,42.443729903536976,-2.2508038585209,17.684887459807076,10.0,10.0,11.0,12.0,45.0,46.0,47.0,,,,,,1,0,1,0,0,0,False,False,False,False,False,False,False
sz000720,2025-05-21,retest_probe,2,重新试盘,7.246376811594213,4.9275362318840665,27.676334678083965,1.040000000000001,0.0,1.0569990910577503,0.16117913003935913,0.2941176470588225,8.823529411764719,0.8797653958944274,0,0,0.0,85.18831634345409,1,2.034883720930236,-4.360465116279066,-1.4534883720930147,1,2.6162790697674465,-4.941860465116276,-4.651162790697683,1,28.779069767441847,-5.813953488372081,9.593023255813948,1,28.779069767441847,-5.813953488372081,2.9069767441860517,31.0,33.0,34.0,34.0,35.0,,,21.0,,,,,0,1,0,0,0,0,True,True,True,True,True,True,False
sz000721,2024-11-28,first_probe,1,首次试盘,7.600000000000007,5.000000000000004,21.90310136456794,0.6578947368421054,0.0,0.7445969252749586,0.3639535472611528,-1.7821782178217838,6.5346534653465405,3.427419354838701,0,0,0.0,84.65571217651923,1,28.36257309941521,-5.360623781676399,14.912280701754387,1,38.40155945419104,-10.331384015594548,-3.508771929824561,1,38.40155945419104,-22.027290448343074,-16.081871345029242,1,38.40155945419104,-22.027290448343074,-5.165692007797262,2.0,2.0,2.0,9.0,10.0,12.0,,5.0,19.0,19.0,27.0,31.0,1,1,1,0,0,0,True,True,False,False,False,False,False
sz000721,2024-12-18,retest_probe,2,重新试盘,8.695652173913038,6.899810964083186,13.615964145061241,0.3804347826086953,0.0,0.3072670636299213,0.04583504727307123,-9.957446808510639,-2.127659574468088,5.387523629489599,0,0,0.0,72.06977947553386,1,-0.8968609865470767,-17.48878923766817,-3.766816143497753,1,-0.8968609865470767,-28.251121076233186,-17.48878923766817,1,-0.8968609865470767,-28.251121076233186,-19.820627802690595,1,-0.8968609865470767,-28.251121076233186,-12.645739910313903,,,,,,,,1.0,3.0,3.0,4.0,12.0,0,0,0,1,1,1,False,False,True,False,False,False,False
sz000722,2024-10-23,first_probe,1,首次试盘,6.476938174681068,5.986261040235541,21.052549892506693,0.5909090909090889,0.0,0.30071771344256976,0.26132615053247843,0.4930966469427922,7.0019723865877515,2.6496565260059057,0,0,0.0,78.04605684511681,1,8.891013384321212,-4.206500956022952,0.09560229445506607,1,12.715105162523876,-4.206500956022952,-0.3824091778202754,1,12.715105162523876,-4.49330783938815,3.2504780114722687,1,12.715105162523876,-17.68642447418739,-12.141491395793514,2.0,3.0,14.0,,,,,44.0,45.0,50.0,52.0,,0,0,0,0,0,0,False,False,False,False,False,False,False
sz000727,2025-11-24,first_probe,1,首次试盘,5.0193050193050315,3.0888030888030826,19.942602028266414,1.0,0.0,0.5198914904848367,0.3755225386803112,0.3937007874015741,7.086614173228356,1.5686274509803866,0,0,0.0,81.24165973737406,1,12.741312741312738,-0.7722007722007707,9.652509652509655,1,12.741312741312738,-2.7027027027026973,0.38610038610038533,1,12.741312741312738,-2.7027027027026973,0.38610038610038533,1,12.741312741312738,-4.247104247104239,1.9305019305019488,2.0,5.0,5.0,,,,,,,,,,0,0,0,0,0,0,False,False,False,False,False,False,False
sz000737,2025-06-06,first_probe,1,首次试盘,5.070118662351675,2.8047464940668787,17.416530301899982,0.7234042553191476,0.0,0.415062012510321,0.5092495098519976,1.0067114093959662,8.948545861297541,4.097452934662238,0,0,0.0,79.38031616912957,1,1.4893617021276562,-5.85106382978724,-5.638297872340436,1,41.48936170212767,-6.489361702127672,21.80851063829785,1,41.48936170212767,-6.489361702127672,13.72340425531915,1,41.48936170212767,-6.489361702127672,35.106382978723396,15.0,15.0,16.0,16.0,17.0,18.0,19.0,9.0,,,,,1,1,1,0,0,0,False,False,False,False,False,False,False
sz000750,2024-10-16,first_probe,1,首次试盘,8.71670702179177,7.021791767554486,19.302773922588827,0.5277777777777783,0.0,0.2659530729737143,0.15267188101024726,-2.132701421800942,6.39810426540286,4.1162227602905554,0,0,0.0,76.89173760729531,1,24.65116279069768,-3.2558139534883623,10.697674418604652,1,30.23255813953487,-3.2558139534883623,19.53488372093024,1,30.23255813953487,-3.2558139534883623,9.534883720930232,1,30.23255813953487,-10.465116279069765,-7.906976744186045,2.0,4.0,5.0,5.0,7.0,17.0,,55.0,56.0,59.0,,,1,1,1,0,0,0,False,False,False,False,False,False,False
sz000753,2024-12-31,first_probe,1,首次试盘,7.71084337349397,6.024096385542177,25.396477636801745,0.5312500000000008,0.0,0.551117835872651,0.3126182400030564,0.4773269689737347,6.6825775656324415,2.13776722090262,0,0,0.0,82.50374227339589,1,4.883720930232549,-10.465116279069765,-1.3953488372092981,1,4.883720930232549,-10.465116279069765,-3.953488372093017,1,4.883720930232549,-10.465116279069765,2.0930232558139528,1,34.65116279069769,-10.465116279069765,28.372093023255808,42.0,43.0,47.0,51.0,52.0,55.0,,2.0,3.0,3.0,,,0,0,1,0,0,1,False,False,False,False,False,False,False
sz000753,2025-03-24,retest_probe,2,重新试盘,7.707509881422947,4.545454545454564,35.15603484873446,0.5128205128205126,0.0,0.25677528606290095,-0.1279795579065745,0.3968253968253954,8.13492063492063,3.754940711462451,0,0,0.0,74.59985462663813,1,10.285714285714276,-10.476190476190473,-2.0952380952381056,1,20.571428571428573,-11.809523809523814,19.047619047619047,1,20.571428571428573,-11.809523809523814,0.3809523809523707,1,20.571428571428573,-11.809523809523814,-8.571428571428575,3.0,3.0,7.0,17.0,18.0,,,1.0,5.0,5.0,,,1,1,0,0,0,1,False,False,True,False,False,False,False
sz000759,2024-10-30,first_probe,1,首次试盘,6.329113924050622,4.810126582278462,16.751076649769292,0.5600000000000023,0.0,0.30785843905316734,0.17145808801217002,0.0,6.329113924050622,2.784810126582271,0,0,0.0,74.79166219945974,1,10.591133004926135,-2.9556650246305383,1.7241379310344973,1,10.591133004926135,-8.866995073891616,-3.9408866995073843,1,131.28078817733996,-8.866995073891616,120.1970443349754,1,283.25123152709364,-8.866995073891616,110.59113300492615,2.0,6.0,7.0,24.0,24.0,25.0,26.0,12.0,13.0,,,,0,1,1,0,0,1,False,False,False,False,False,False,False
sz000767,2024-11-08,first_probe,1,首次试盘,7.526881720430101,7.526881720430101,25.730082196288095,0.714285714285714,0.0,0.88015469260211,0.4711347381901853,0.7168458781362075,7.526881720430101,1.4234875444839812,0,0,0.0,87.31519994575527,1,10.877192982456151,-8.771929824561408,-7.719298245614037,1,10.877192982456151,-10.526315789473696,1.403508771929829,1,10.877192982456151,-16.84210526315789,-15.087719298245617,1,10.877192982456151,-18.59649122807019,-9.824561403508781,1.0,2.0,2.0,,,,,5.0,5.0,13.0,39.0,,0,0,0,0,0,1,True,True,False,False,False,False,False
sz000785,2024-12-26,first_probe,1,首次试盘,5.44041450777204,2.849740932642497,13.348532070487641,0.6190476190476194,0.0,0.32637709886509664,0.12362782600312847,-1.5789473684210464,7.105263157894748,5.3475935828877,0,0,0.0,71.25195061971145,1,11.421319796954311,-13.197969543147202,-7.868020304568535,1,11.421319796954311,-15.736040609137058,-11.675126903553302,1,41.37055837563452,-17.25888324873097,15.48223350253808,1,41.37055837563452,-17.25888324873097,7.360406091370564,5.0,6.0,8.0,27.0,28.0,29.0,29.0,2.0,3.0,4.0,11.0,,0,1,1,0,0,1,False,False,False,False,False,False,False
sz000788,2024-09-10,first_probe,1,首次试盘,9.125475285171113,3.4220532319391817,22.341971582124714,0.7291666666666671,0.0,0.6593927371423738,0.13368383360079436,-0.5671077504725952,8.50661625708884,2.471482889733845,0,0,0.0,82.19485751078824,1,3.5250463821892453,-6.493506493506485,2.9684601113172615,1,25.974025974025984,-6.493506493506485,7.9777365491651375,1,26.90166975881263,-6.493506493506485,18.55287569573283,1,28.014842300556598,-6.493506493506485,25.046382189239335,11.0,12.0,12.0,12.0,13.0,,,4.0,,,,,1,1,0,0,0,0,False,False,False,False,False,False,False
sz000790,2025-11-07,first_probe,1,首次试盘,5.463182897862251,4.0380047505938155,19.708180019165084,0.8695652173913035,0.0,0.8609458339203094,0.21645843681223612,-0.24570024570026439,9.090909090909083,4.4334975369458185,0,0,0.0,80.44481353981207,1,12.971698113207552,-5.4245283018868,-4.481132075471706,1,12.971698113207552,-5.4245283018868,1.6509433962264008,1,12.971698113207552,-10.14150943396227,-7.547169811320764,1,12.971698113207552,-10.8490566037736,-7.783018867924529,4.0,4.0,6.0,,,,,10.0,26.0,28.0,,,0,0,0,0,0,0,True,False,False,False,False,False,False
sz000796,2024-12-24,first_probe,1,首次试盘,6.733167082294278,4.239401496259343,14.133748347603762,0.37037037037037174,0.0,0.6117988307005676,0.3820647334177421,-6.960556844547561,-0.6960556844547439,4.239401496259343,0,0,0.0,78.2271432743478,1,6.459330143540676,-14.114832535885169,-9.569377990430617,1,6.459330143540676,-15.78947368421052,-12.200956937799035,1,6.459330143540676,-16.74641148325359,-4.545454545454531,1,10.765550239234445,-16.74641148325359,-0.9569377990430672,3.0,57.0,57.0,,,,,6.0,7.0,7.0,13.0,,0,0,0,0,0,1,False,False,False,False,False,False,False
sz000801,2025-02-14,first_probe,1,首次试盘,9.461152882205504,6.265664160400997,25.90497599236645,0.4635761589403975,0.0,0.5330922407982147,0.37872676721691684,-0.9293680297397744,8.240396530359352,4.878048780487809,0,0,0.0,83.86055961225414,1,10.852713178294572,-7.930828861061423,7.3345259391770945,1,25.819916517590947,-7.930828861061423,3.5778175313059046,1,25.819916517590947,-24.8062015503876,-11.32975551580203,1,25.819916517590947,-24.8062015503876,-3.5778175313058935,7.0,7.0,7.0,11.0,15.0,,,2.0,35.0,35.0,35.0,36.0,1,1,0,0,0,0,False,True,False,False,False,False,False
sz000802,2025-07-07,first_probe,1,首次试盘,5.263157894736836,4.842105263157914,18.289801035576296,0.5199999999999996,0.0,0.6947365535818409,0.40412691406576134,-0.2123142250530785,6.157112526539277,3.6170212765957332,0,0,0.0,78.92469650830323,1,3.901437371663241,-0.8213552361396315,2.4640657084188833,1,26.48870636550309,-0.8213552361396315,19.096509240246395,1,27.72073921971252,-5.338809034907587,-1.2320328542094527,1,27.72073921971252,-8.624229979466113,-6.776180698151957,14.0,15.0,15.0,16.0,17.0,,,38.0,56.0,,,,1,1,0,0,0,0,True,False,False,False,False,False,False
sz000802,2025-10-13,retest_probe,2,重新试盘,5.251141552511429,4.337899543378998,16.835808509194063,0.39130434782608947,0.0,0.48913507294254843,0.22360667913363674,-2.0224719101123556,3.5955056179775235,3.66972477064218,0,0,0.0,73.3579232391273,1,2.8761061946902755,-4.424778761061932,-1.106194690265483,1,4.646017699115057,-4.424778761061932,2.212389380530988,1,10.176991150442504,-4.424778761061932,5.973451327433632,1,26.54867256637168,-4.424778761061932,0.4424778761062065,35.0,40.0,40.0,42.0,45.0,,,,,,,,0,0,0,0,0,0,False,False,True,False,False,False,False
sz000803,2025-09-09,first_probe,1,首次试盘,6.838709677419352,4.258064516129023,32.153272287486274,0.60377358490566,0.0,0.3620085767857702,0.11944802952981202,1.04302477183833,7.953063885267264,2.709677419354839,0,0,0.0,78.08616173850709,1,1.7587939698492372,-17.0854271356784,-15.577889447236181,1,1.7587939698492372,-18.844221105527637,-15.577889447236181,1,9.547738693467345,-18.844221105527637,9.547738693467345,1,20.47738693467336,-18.844221105527637,-15.954773869346727,40.0,40.0,41.0,41.0,41.0,,,2.0,7.0,7.0,10.0,,0,0,0,0,1,1,False,False,False,False,False,False,False
sz000809,2025-11-11,first_probe,1,首次试盘,9.333333333333327,9.066666666666666,19.242599695853944,0.8285714285714283,0.0,0.32965159723139875,0.21215989011281977,0.0,7.0496083550913635,-0.5221932114882533,0,0,0.0,81.55362372469637,1,9.973753280839915,-16.2729658792651,-11.548556430446189,1,9.973753280839915,-16.2729658792651,-11.023622047244096,1,9.973753280839915,-16.2729658792651,-9.973753280839892,1,9.973753280839915,-16.2729658792651,-10.236220472440948,1.0,1.0,,,,,,5.0,6.0,7.0,9.0,,0,0,0,0,0,1,False,False,False,False,False,False,False
sz000811,2024-11-06,first_probe,1,首次试盘,4.726598702502338,3.0583873957367835,13.914172420169209,0.88235294117647,0.0,2.3991311569879112,0.38627471545219433,0.0,7.007575757575757,2.7462121212121104,0,0,0.0,79.63893400747936,1,10.875576036866352,-4.239631336405525,1.2903225806451646,1,10.875576036866352,-7.373271889400912,-3.410138248847916,1,27.46543778801844,-7.373271889400912,11.797235023041486,1,27.46543778801844,-7.373271889400912,10.78341013824884,1.0,4.0,4.0,27.0,28.0,,,14.0,,,,,0,1,0,0,0,0,True,False,False,False,False,False,False
sz000812,2024-10-31,first_probe,1,首次试盘,5.543237250554323,2.882483370288247,18.698471562693467,0.6799999999999997,0.0,0.3450384282387004,0.45526799628443526,-0.6726457399103158,6.726457399103136,3.6117381489842115,0,0,0.0,79.61063748050337,1,7.843137254901977,-6.3180827886710205,7.843137254901977,1,41.176470588235304,-6.3180827886710205,8.278867102396514,1,41.176470588235304,-6.3180827886710205,-0.6535947712418388,1,41.176470588235304,-10.893246187363836,1.089324618736387,10.0,11.0,11.0,11.0,14.0,15.0,16.0,1.0,50.0,51.0,,,1,1,1,0,0,0,False,False,False,False,False,False,False
sz000813,2025-03-14,first_probe,1,首次试盘,7.329842931937169,6.020942408376961,18.422602279994422,0.6071428571428558,0.0,0.34708686058483623,0.1345590718460473,1.0638297872340496,9.042553191489366,3.421052631578947,0,0,0.0,76.84248305048722,1,3.307888040712448,-14.503816793893131,-13.740458015267176,1,3.307888040712448,-29.007633587786263,-17.302798982188293,1,3.307888040712448,-29.007633587786263,-19.59287531806616,1,3.307888040712448,-29.007633587786263,-16.53944020356235,,,,,,,,3.0,4.0,5.0,11.0,15.0,0,0,0,0,1,1,False,False,False,False,False,False,False
sz000815,2024-10-17,first_probe,1,首次试盘,4.856512141280356,3.6423841059602724,13.820668778738598,0.6363636363636356,0.0,0.6871531465456935,0.4350588230849516,0.7882882882882747,6.981981981981966,3.0167597765363263,0,0,0.0,77.2138044153585,1,19.30585683297179,-1.4099783080260386,11.171366594360087,1,19.30585683297179,-1.4099783080260386,7.049891540130138,1,49.132321041214745,-1.4099783080260386,31.344902386117113,1,49.132321041214745,-1.4099783080260386,-0.8676789587852451,2.0,4.0,4.0,7.0,23.0,24.0,30.0,,,,,,1,1,1,0,0,0,True,False,False,False,False,False,False
sz000816,2025-01-09,first_probe,1,首次试盘,5.723905723905731,4.377104377104368,13.489965165941722,0.7058823529411774,0.0,0.46996051171632813,0.44093411770023244,-1.3559322033898313,6.440677966101682,3.7800687285223233,0,0,0.0,78.98843848588353,1,5.629139072847678,-8.609271523178819,-8.609271523178819,1,13.576158940397365,-13.576158940397354,7.947019867549665,1,53.97350993377486,-13.576158940397354,20.529801324503303,1,53.97350993377486,-13.576158940397354,12.25165562913908,5.0,17.0,17.0,21.0,22.0,22.0,27.0,2.0,2.0,11.0,,,0,1,1,0,0,1,False,False,False,False,False,False,False
sz000818,2025-02-12,first_probe,1,首次试盘,6.533776301218164,4.466592838685868,16.608133442237037,0.7683615819209039,0.0,0.28037789318159234,-0.13932324934176035,0.14787430683917968,6.6913123844732025,1.5134736064968735,0,0,0.0,73.00660898033564,1,71.85454545454544,0.5454545454545379,15.054545454545455,1,71.85454545454544,0.5454545454545379,18.945454545454552,1,71.85454545454544,-25.636363636363633,-16.327272727272724,1,71.85454545454544,-25.636363636363633,-9.127272727272729,1.0,1.0,1.0,2.0,2.0,3.0,5.0,33.0,37.0,37.0,37.0,38.0,1,1,1,0,0,0,False,False,False,False,False,False,False
sz000818,2025-03-26,retest_probe,2,重新试盘,5.163447251114395,4.011887072808307,13.664582616993366,0.6043165467625912,0.0,0.4738838501346387,0.3480367935622274,-0.6345651362448579,5.673758865248235,3.193087903831704,0,0,0.0,75.58131997815518,1,1.0921004732435513,-25.555151073898795,-16.235893702220594,1,1.0921004732435513,-25.555151073898795,-18.310884601383314,1,1.0921004732435513,-25.555151073898795,-16.454313796869315,1,1.0921004732435513,-25.555151073898795,-18.529304696032035,,,,,,,,3.0,7.0,7.0,7.0,8.0,0,0,0,0,1,1,False,False,True,False,False,False,False
sz000819,2025-09-01,first_probe,1,首次试盘,4.815032295948329,3.640634174985302,20.648217980942277,0.6829268292682952,0.0,0.27628427183885323,0.4012736850178791,0.42016806722688926,7.14285714285714,3.34728033472802,0,0,0.0,76.67141677937913,1,5.494505494505497,-4.916136495083856,3.9907460960092678,1,6.998264893001749,-5.783689994216312,-2.1399652978600248,1,21.457489878542525,-5.783689994216312,3.3545401966454724,1,21.457489878542525,-5.783689994216312,-0.6362058993637953,10.0,23.0,23.0,23.0,24.0,,,16.0,,,,,0,1,0,0,0,0,False,False,False,False,False,False,False
sz000819,2025-10-13,retest_probe,2,重新试盘,7.581967213114749,3.125,18.17231952312055,0.9459459459459447,0.0,0.27001084423097044,0.22899251306995272,-3.0303030303030276,4.32190760059612,0.4098360655737876,0,0,0.0,80.58972599979677,1,6.2755102040816135,-9.693877551020414,-3.826530612244894,1,6.2755102040816135,-11.581632653061236,2.0408163265306145,1,6.2755102040816135,-15.306122448979586,-14.438775510204094,1,6.2755102040816135,-22.44897959183675,-17.75510204081633,1.0,,,,,,,3.0,3.0,13.0,38.0,46.0,0,0,0,0,0,1,False,False,True,False,False,False,False
sz000820,2025-11-25,first_probe,1,首次试盘,9.259259259259256,6.481481481481488,59.46363531719096,0.6333333333333335,0.0,1.2616471960634748,0.6361881017059794,-4.985337243401755,3.8123167155425186,3.3950617283950546,0,0,0.0,90.51222903672166,1,7.164179104477597,-3.5820895522388096,0.8955223880596996,1,7.164179104477597,-6.268656716417908,1.1940298507462588,1,20.597014925373138,-6.268656716417908,20.597014925373138,1,28.955223880597014,-6.268656716417908,1.4925373134328401,1.0,31.0,31.0,32.0,40.0,,,15.0,,,,,0,1,0,0,0,0,True,True,False,False,False,False,False
sz000826,2025-05-19,first_probe,1,首次试盘,5.027932960893855,3.9106145251396773,24.935098663811264,0.5555555555555545,0.0,0.2752621106486576,0.34521718483461333,1.1428571428571344,7.428571428571429,3.3898305084745894,0,0,0.0,76.17807319800959,1,37.158469945355165,-3.2786885245901676,20.21857923497268,1,37.158469945355165,-3.2786885245901676,10.92896174863387,1,37.158469945355165,-3.2786885245901676,6.010928961748618,1,37.158469945355165,-3.2786885245901676,10.382513661202175,7.0,7.0,7.0,8.0,8.0,9.0,,,,,,,1,1,1,0,0,0,False,False,False,False,False,False,False
sz000826,2025-11-03,retest_probe,2,重新试盘,10.612244897959178,8.979591836734691,37.71514390177532,0.5769230769230771,0.0,0.3434936965326217,-0.025391396289364505,-1.6064257028112428,8.835341365461847,4.489795918367334,0,0,0.0,78.3747009799084,1,4.296875,-3.515624999999989,-0.78125,1,4.296875,-13.671875,-7.812500000000011,1,4.296875,-19.14062500000001,-14.84375,1,4.296875,-19.14062500000001,-12.49999999999999,,,,,,,,11.0,12.0,14.0,29.0,,0,0,0,0,0,1,False,False,True,False,False,False,False
sz000831,2025-04-07,first_probe,1,首次试盘,6.105512744516872,4.090100770598681,20.560466030404633,1.3689320388349548,0.0,0.2541446108677361,0.1156631619529004,3.4334763948498104,9.748620478234216,-2.252519264967412,0,0,0.0,78.88843852541268,1,9.035779260157684,-5.215281989084275,-3.6082474226804107,1,9.035779260157684,-7.398423286840505,-0.3941782898726376,1,10.369921164342033,-7.398423286840505,6.458459672528805,1,16.79805942995758,-7.398423286840505,6.185567010309301,1.0,2.0,39.0,41.0,,,,1.0,,,,,0,0,0,0,0,0,False,False,False,False,False,False,False
sz000837,2025-05-15,first_probe,1,首次试盘,5.014749262536866,3.2448377581120846,14.056375353737309,0.6764705882352956,0.0,0.2908808782606382,0.40739322465909794,-0.07558578987150177,7.634164777021923,4.236006051437213,0,0,0.0,75.22336978979983,1,3.0478955007256836,-11.973875181422343,-10.812772133526849,1,3.0478955007256836,-15.747460087082732,-15.747460087082732,1,3.0478955007256836,-19.95645863570392,-13.13497822931784,1,3.0478955007256836,-19.95645863570392,-5.660377358490565,,,,,,,,2.0,6.0,6.0,12.0,,0,0,0,0,1,1,False,False,False,False,False,False,False
sz000838,2024-12-04,first_probe,1,首次试盘,5.588235294117649,3.2352941176470473,15.8007067352643,1.1578947368421042,0.0,0.6537780693786484,0.5905628432374415,-0.30030030030030463,7.8078078078078095,1.506024096385561,0,0,0.0,84.88415488072167,1,8.605341246290799,-9.792284866468847,-7.121661721068251,1,8.605341246290799,-21.068249258160233,-17.80415430267063,1,8.605341246290799,-29.67359050445104,-26.706231454005934,1,8.605341246290799,-29.67359050445104,-21.364985163204754,5.0,5.0,,,,,,3.0,10.0,11.0,13.0,15.0,0,0,0,0,0,1,False,True,False,False,False,False,False
sz000862,2024-11-05,first_probe,1,首次试盘,6.193078324225865,3.2786885245901676,17.469180243686743,0.5,0.0,0.3030069666672704,0.14969935602357973,0.0,7.9629629629629495,4.814814814814805,0,0,0.0,73.80891675961061,1,9.71731448763251,-6.360424028268552,-3.886925795052998,1,9.71731448763251,-8.833922261484094,-1.4134275618374548,1,9.71731448763251,-13.07420494699647,-12.720848056537093,1,9.71731448763251,-18.551236749116605,-13.427561837455826,2.0,3.0,,,,,,9.0,16.0,34.0,41.0,,0,0,0,0,0,1,False,False,False,False,False,False,False
sz000862,2025-03-19,retest_probe,2,重新试盘,6.358381502890165,5.973025048169545,23.6571812338661,0.5757575757575757,0.0,0.4591043560849975,0.4180901597107794,0.1953125,7.8125,3.898635477582846,0,0,0.0,81.88603422973499,1,2.62664165103188,-10.131332082551591,-0.7504690431519689,1,13.883677298311458,-10.131332082551591,7.879924953095685,1,29.080675422138835,-10.131332082551591,9.56848030018762,1,29.080675422138835,-10.131332082551591,1.1257035647279423,11.0,14.0,14.0,23.0,23.0,,,6.0,7.0,8.0,,,0,1,0,0,0,1,False,False,True,False,False,False,False
sz000876,2025-02-17,first_probe,1,首次试盘,10.276243093922655,3.535911602209918,19.08943067459684,0.4516129032258065,0.0,0.7586839582106679,0.16135364825220944,-0.219780219780219,9.67032967032968,5.286343612334798,0,0,0.0,80.21756943568343,1,14.435146443514624,-2.7196652719665204,0.10460251046024993,1,14.435146443514624,-2.7196652719665204,2.1966527196652708,1,24.26778242677825,-3.661087866108781,6.380753138075312,1,24.26778242677825,-3.661087866108781,0.8368200836819994,2.0,2.0,5.0,35.0,36.0,,,,,,,,0,1,0,0,0,0,True,False,False,False,False,False,False
sz000880,2024-11-12,first_probe,1,首次试盘,5.454545454545445,2.9090909090909056,15.588912099504778,1.0166666666666664,0.0,0.27471412547266977,0.2880112267560091,1.1959521619135272,6.7157313707451705,-0.09090909090908594,0,0,0.0,77.81159410818942,1,35.122838944494994,-2.638762511373982,13.648771610555045,1,35.122838944494994,-2.638762511373982,11.555959963603279,1,85.35031847133759,-2.638762511373982,70.79162875341218,1,118.38034576888079,-2.638762511373982,90.44585987261146,2.0,2.0,3.0,3.0,3.0,4.0,30.0,,,,,,1,1,1,0,0,0,False,False,False,False,False,False,False
sz000880,2025-02-20,retest_probe,2,重新试盘,6.872852233676974,6.443298969072164,23.244101270951056,0.6687500000000011,0.0,0.692613744612898,0.03673924486503951,2.5099075297225992,9.555261999119313,2.27663230240549,0,0,0.0,78.71074107186712,1,38.05123897522049,4.997900041999159,27.1734565308694,1,76.4804703905922,4.997900041999159,48.76102477950444,1,76.4804703905922,4.997900041999159,36.20327593448132,1,76.4804703905922,4.997900041999159,38.55522889542211,1.0,1.0,2.0,2.0,2.0,3.0,14.0,,,,,,1,1,1,0,0,0,True,False,True,True,False,True,True
sz000880,2025-04-01,retest_probe,3,重新试盘,6.007810153199156,5.497146290177235,31.088650723132332,0.8499999999999979,0.0,0.341636868637597,0.16113957805930793,2.3048555623847555,8.451137062077452,0.9011715229798822,0,0,0.0,79.31470631293047,1,21.19678475736826,-2.3221196784757425,2.619827329562363,1,21.19678475736826,-6.4900267936886085,5.061030068472738,1,21.19678475736826,-7.115212860970543,-6.877046740101223,1,21.19678475736826,-10.657933908901462,10.89610002977075,1.0,2.0,2.0,2.0,8.0,,,16.0,42.0,49.0,,,1,1,0,0,0,0,False,False,True,False,False,False,False
sz000881,2025-11-19,first_probe,1,首次试盘,6.52431791221828,5.812574139976268,35.52862671281064,0.727272727272727,0.0,0.3843783206006731,0.23656343130197027,0.0,9.7799511002445,4.88997555012225,0,0,0.0,81.1887390031536,1,7.808857808857805,-8.624708624708632,2.2144522144522005,1,9.090909090909083,-8.624708624708632,-1.1655011655011593,1,12.937062937062937,-8.624708624708632,1.2820512820512775,1,12.937062937062937,-8.624708624708632,-3.4965034965035002,6.0,11.0,34.0,,,,,2.0,3.0,,,,0,0,0,0,0,1,False,False,False,False,False,False,False
sz000890,2024-12-11,first_probe,1,首次试盘,5.41176470588236,4.0000000000000036,19.23500125226346,0.6086956521739144,0.0,0.7901936460391376,0.5350870016343486,0.0,6.41330166270786,3.0878859857482066,0,0,0.0,82.00532242332442,1,2.764976958525356,-27.88018433179723,-25.57603686635944,1,2.764976958525356,-35.944700460829495,-29.49308755760368,1,2.764976958525356,-35.944700460829495,-19.12442396313364,1,2.764976958525356,-35.944700460829495,-15.437788018433174,,,,,,,,4.0,4.0,4.0,8.0,8.0,0,0,0,0,1,1,True,False,False,False,False,False,False
sz000890,2025-05-22,retest_probe,2,重新试盘,6.382978723404253,2.92553191489362,25.79955022224853,1.2916666666666659,0.0,0.3803944626118021,0.33341806221428205,-0.27100271002709064,8.40108401084012,0.27173913043476716,0,0,0.0,84.9899898905787,1,12.466124661246614,-2.981029810298097,9.214092140921416,1,12.466124661246614,-2.981029810298097,-1.6260162601625994,1,25.47425474254743,-3.25203252032521,8.130081300813007,1,25.47425474254743,-3.25203252032521,14.905149051490518,5.0,5.0,5.0,29.0,39.0,,,,,,,,0,1,0,0,0,0,False,True,True,False,True,False,False
sz000901,2025-11-12,first_probe,1,首次试盘,5.882352941176472,5.147058823529416,17.513029598736836,0.42857142857142855,0.0,0.419775930713076,0.004693570650165113,-0.773195876288657,3.9175257731958846,2.2337662337662323,0,0,0.0,71.48667429636295,1,2.3373983739837456,-10.97560975609756,-7.571138211382111,1,30.538617886178866,-10.97560975609756,20.630081300813007,1,69.10569105691057,-10.97560975609756,63.617886178861816,1,79.8780487804878,-10.97560975609756,36.33130081300813,17.0,18.0,18.0,18.0,19.0,19.0,34.0,4.0,4.0,7.0,,,1,1,1,0,0,1,False,False,False,False,False,False,False
sz000903,2025-05-07,first_probe,1,首次试盘,7.365439093484416,4.815864022662897,15.704947054103508,0.653846153846153,0.0,0.5668067876538984,0.5376069292113452,1.7391304347825987,9.85507246376811,3.1339031339031376,0,0,0.0,83.62349785330504,1,15.469613259668492,-5.524861878453047,15.469613259668492,1,69.06077348066297,-5.524861878453047,25.690607734806626,1,69.06077348066297,-5.524861878453047,29.281767955801087,1,69.06077348066297,-18.508287292817684,-16.022099447513817,1.0,9.0,10.0,10.0,11.0,15.0,16.0,6.0,49.0,50.0,56.0,,1,1,1,0,0,0,False,True,False,False,False,False,False
sz000903,2025-06-03,retest_probe,2,重新试盘,10.245901639344268,6.3524590163934525,21.88169805723419,1.0,0.0,1.6231754557376377,0.2064656142434569,-9.963099630996307,-0.7380073800738018,0.0,0,0,0.0,87.11653642720205,1,1.6393442622950838,-14.959016393442614,-11.88524590163934,1,1.6393442622950838,-19.262295081967217,-7.377049180327877,1,1.6393442622950838,-39.54918032786885,-37.295081967213115,1,1.6393442622950838,-39.54918032786885,-36.885245901639344,,,,,,,,2.0,2.0,3.0,12.0,28.0,0,0,0,0,1,1,True,True,True,True,True,True,False
sz000905,2025-05-13,first_probe,1,首次试盘,6.194690265486735,3.6662452591656125,36.70524654356141,0.5510204081632641,0.0,0.4809659936257581,0.15803116723383526,1.8276762402088753,9.660574412532629,4.230769230769238,0,0,0.0,78.43745699775228,1,17.958179581795797,-3.9360393603936172,-3.075030750307517,1,17.958179581795797,-3.9360393603936172,1.3530135301353052,1,17.958179581795797,-3.9360393603936172,0.36900369003689537,1,17.958179581795797,-3.9360393603936172,3.936039360393595,2.0,2.0,5.0,5.0,,,,,,,,,1,0,0,0,0,0,False,False,False,False,False,False,False
sz000908,2024-10-08,first_probe,1,首次试盘,5.555555555555536,3.0864197530864113,62.54201700219001,1.0,0.0,0.6333109835296956,0.18966292646861735,-4.985337243401755,0.2932551319648091,0.0,0,0,0.0,82.58764109856249,1,34.25925925925923,0.30864197530864335,33.64197530864197,1,69.1358024691358,0.30864197530864335,57.71604938271604,1,96.2962962962963,0.30864197530864335,56.17283950617282,1,96.2962962962963,0.30864197530864335,40.74074074074072,2.0,2.0,2.0,3.0,4.0,6.0,11.0,,,,,,1,1,1,0,0,0,False,False,False,False,False,False,False
sz000908,2024-11-21,retest_probe,2,重新试盘,6.711409395973167,4.36241610738255,20.625061858531016,1.3249999999999995,0.0,0.5732444374759851,-0.06247812489061691,-2.931596091205202,3.583061889250816,-2.181208053691275,0,0,0.0,80.15992019465511,1,0.34305317324183626,-25.900514579759857,-9.60548885077188,1,0.34305317324183626,-28.130360205831895,-27.958833619210978,1,0.34305317324183626,-32.59005145797599,-20.583190394511153,1,0.34305317324183626,-32.59005145797599,-30.360205831903954,,,,,,,,2.0,2.0,3.0,5.0,6.0,0,0,0,0,1,1,False,False,True,False,False,False,False
sz000908,2024-11-26,continuous_probe,3,连续试盘,7.184466019417468,3.495145631067964,89.98162532141187,0.5675675675675687,0.0,0.3932166826648542,0.06527735409540725,-2.091254752851701,4.942965779467667,3.1067961165048397,0,0,0.0,78.57884256853157,1,3.9548022598870025,-18.644067796610152,-4.896421845574384,1,3.9548022598870025,-25.988700564971744,-18.07909604519774,1,3.9548022598870025,-25.988700564971744,-14.124293785310737,1,3.9548022598870025,-25.988700564971744,-22.41054613935969,,,,,,,,1.0,2.0,3.0,4.0,17.0,0,0,0,0,1,1,False,False,True,False,False,False,False
sz000910,2025-08-14,first_probe,1,首次试盘,5.174644243208282,4.139715394566634,22.21589000075026,0.9500000000000011,0.0,0.4991318179843734,0.11481427869605676,0.12953367875647714,5.310880829015563,0.2587322121604174,0,0,0.0,77.41523523008199,1,6.193548387096781,-0.3870967741935516,4.645161290322575,1,10.967741935483865,-0.3870967741935516,9.677419354838701,1,10.967741935483865,-0.3870967741935516,2.8387096774193488,1,10.967741935483865,-1.1612903225806437,3.0967741935483906,10.0,17.0,19.0,,,,,,,,,,0,0,0,0,0,0,False,False,False,False,False,False,False
sz000926,2025-05-07,first_probe,1,首次试盘,6.278026905829592,4.035874439461873,36.57322359967737,1.0,0.0,0.33207139720162443,0.3868615359464935,2.2935779816513735,8.715596330275233,0.0,0,0,0.0,84.66850977257945,1,2.2421524663676973,-2.2421524663677084,0.0,1,2.2421524663676973,-4.932735426008961,-2.6905829596412634,1,2.2421524663676973,-9.417040358744389,-2.2421524663677084,1,26.457399103139,-9.417040358744389,18.834080717488778,46.0,46.0,46.0,49.0,49.0,,,26.0,30.0,,,,0,0,0,0,0,0,False,True,False,False,False,False,False
sz000935,2024-10-15,first_probe,1,首次试盘,5.670103092783507,3.6082474226803996,22.79173190511393,0.6704545454545441,0.0,0.4407664404250269,-0.01450688123650744,2.2397891963109373,8.036890645586281,1.8685567010309434,0,0,0.0,74.52492604497117,1,30.676786843769754,-1.8975332068311257,19.98734977862111,1,30.676786843769754,-1.8975332068311257,8.285895003162569,1,30.676786843769754,-3.478810879190386,4.36432637571158,1,30.676786843769754,-15.180265654648961,-8.918406072106267,1.0,1.0,2.0,2.0,2.0,6.0,,49.0,55.0,56.0,58.0,,1,1,1,0,0,0,False,False,False,False,False,False,False
sz000935,2025-11-11,retest_probe,2,重新试盘,5.759162303664911,3.2841504045692416,37.456474014433816,0.702479338842975,0.0,0.25712875891432585,0.05185187482738041,3.2940019665683495,9.24287118977385,1.7134697762970053,0,0,0.0,75.30422465574456,1,13.897987833411317,-7.908282639213859,10.388394946186242,1,16.003743565746365,-7.908282639213859,13.85119326158164,1,29.94852597098736,-7.908282639213859,27.56200280767431,1,35.70425830603649,-7.908282639213859,29.62096396817968,9.0,10.0,10.0,19.0,27.0,42.0,,2.0,,,,,1,1,1,0,0,0,False,False,True,False,False,False,False
sz000936,2025-01-06,first_probe,1,首次试盘,6.6765578635014755,4.451038575667643,15.108613575699033,0.666666666666668,0.0,0.31202512793783005,0.163640744215957,-0.5847953216374324,5.116959064327498,1.3235294117647012,0,0,0.0,75.57973142362863,1,5.224963715529762,-8.708272859216247,4.208998548621201,1,14.51378809869377,-8.708272859216247,12.336719883889714,1,17.85195936139332,-8.708272859216247,6.531204644412192,1,17.85195936139332,-18.43251088534107,-10.74020319303337,10.0,13.0,13.0,21.0,,,,5.0,5.0,59.0,59.0,,0,0,0,0,0,1,False,False,False,False,False,False,False
sz000949,2024-12-19,first_probe,1,首次试盘,6.72268907563025,4.831932773109249,14.08919831500574,1.5,0.0,0.39715918853404586,0.4016604504923088,-1.467505241090139,6.498951781970663,-2.1276595744680993,0,0,0.0,83.96441478261151,1,2.1739130434782705,-17.60869565217391,-17.391304347826086,1,2.1739130434782705,-20.434782608695645,-9.782608695652161,1,2.1739130434782705,-20.434782608695645,-2.1739130434782483,1,8.69565217391306,-20.434782608695645,0.0,50.0,51.0,,,,,,2.0,2.0,4.0,10.0,13.0,0,0,0,0,1,1,False,True,False,False,False,False,False
sz000949,2025-05-15,retest_probe,2,重新试盘,7.7669902912621325,6.796116504854366,28.296795231241173,0.6562499999999993,0.0,0.36526815455759026,0.33168274797431124,-0.7228915662650715,6.987951807228909,2.669902912621369,0,0,0.0,82.93747971486881,1,3.0732860520094496,-6.382978723404264,-4.964539007092217,1,3.0732860520094496,-8.747044917257696,-7.801418439716324,1,3.0732860520094496,-11.583924349881801,-7.328605200945637,1,3.0732860520094496,-11.583924349881801,-4.728132387706863,,,,,,,,5.0,20.0,24.0,,,0,0,0,0,0,1,False,True,True,False,True,False,False
sz000949,2025-09-09,retest_probe,3,重新试盘,4.88997555012225,3.9119804400977953,33.54874109345026,0.8499999999999989,0.0,0.38241945508657504,0.48616773077283637,-0.24630541871920597,5.665024630541882,1.7283950617283939,0,0,0.0,81.67048151507022,1,8.980582524271853,-1.9417475728155331,1.213592233009697,1,16.262135922330103,-1.9417475728155331,3.398058252427183,1,34.70873786407766,-1.9417475728155331,30.097087378640786,1,41.747572815533985,-1.9417475728155331,11.165048543689316,3.0,5.0,13.0,16.0,37.0,38.0,43.0,,,,,,1,1,1,0,0,0,False,False,True,False,False,False,False
sz000951,2025-04-07,first_probe,1,首次试盘,5.826859045504995,5.771365149833518,17.777496214614235,0.4285714285714276,0.0,0.5301865147512156,0.0242764383405886,-8.897876643073822,-3.5894843276036426,3.3296337402885845,0,0,0.0,72.44735898263947,1,7.250268528463999,-8.700322234156822,-2.470461868958118,1,7.250268528463999,-10.096670247046202,-7.894736842105276,1,7.250268528463999,-10.096670247046202,-4.618689581095592,1,7.250268528463999,-10.526315789473683,-3.544575725026855,2.0,,,,,,,7.0,8.0,17.0,,,0,0,0,0,0,1,False,False,False,False,False,False,False
sz000953,2024-11-01,first_probe,1,首次试盘,10.214168039538718,5.271828665568368,17.488835300566052,1.4838709677419366,0.0,0.5615507505130755,-0.10822244570343871,-2.0967741935483897,7.903225806451619,-4.942339373970361,0,0,0.0,81.76886886990741,1,5.54592720970537,-6.932409012131702,-6.932409012131702,1,17.3310225303293,-12.99826689774697,2.4263431542461023,1,24.956672443674186,-12.99826689774697,-1.559792027729634,1,24.956672443674186,-17.67764298093587,-7.7989601386481695,7.0,18.0,18.0,18.0,27.0,,,10.0,11.0,11.0,50.0,,1,1,0,0,0,1,False,False,False,False,False,False,False
sz000953,2025-01-15,retest_probe,2,重新试盘,5.513307984790883,5.133079847908761,22.89221445285806,0.7586206896551715,0.0,0.39989899745247226,0.2295393202344618,0.38022813688214363,5.513307984790883,0.9469696969697017,0,0,0.0,78.36088025235478,1,6.566604127579723,-2.6266416510318913,1.5009380863039379,1,6.941838649155718,-2.6266416510318913,-0.9380863039399556,1,6.941838649155718,-5.253283302063794,1.3133208255159623,1,30.76923076923077,-17.26078799249531,3.377110694183849,4.0,46.0,46.0,46.0,47.0,48.0,,29.0,43.0,53.0,53.0,,0,0,1,0,0,0,False,False,True,False,False,False,False
sz000953,2025-05-15,retest_probe,3,重新试盘,6.16113744075828,4.423380726698256,22.651466213461646,1.0,0.0,0.25846201388844164,0.31507435622862734,0.31695721077655836,6.497622820919169,0.0,0,0,0.0,81.44757759667402,1,38.54660347551342,-3.6334913112164413,26.856240126382303,1,46.28751974723537,-3.6334913112164413,10.268562401263836,1,46.28751974723537,-3.6334913112164413,16.429699842022117,1,46.28751974723537,-3.6334913112164413,21.958925750394933,3.0,3.0,3.0,5.0,5.0,9.0,12.0,,,,,,1,1,1,0,0,0,False,False,True,False,False,False,False
sz000972,2024-11-15,first_probe,1,首次试盘,7.7170418006430985,4.180064308681675,14.645706126521105,0.8749999999999991,0.0,0.37450447166327944,0.4207757557561849,-0.3236245954692518,8.414239482200658,1.9480519480519431,0,0,0.0,82.82938521805686,1,6.687898089171984,-9.235668789808916,4.777070063694255,1,17.19745222929936,-9.235668789808916,12.101910828025474,1,17.834394904458595,-20.700636942675153,-4.140127388535042,1,27.388535031847127,-20.700636942675153,0.9554140127388422,10.0,11.0,11.0,19.0,43.0,,,1.0,2.0,28.0,34.0,35.0,1,0,0,0,0,1,False,True,False,False,False,False,False
sz000972,2024-12-10,retest_probe,2,重新试盘,5.294117647058827,5.294117647058827,20.604929206038573,0.722222222222221,0.0,0.46915799997819513,0.43675667043167254,1.775147928994092,5.9171597633136175,0.29069767441860517,0,0,0.0,80.6401979101538,1,7.246376811594213,-15.362318840579714,-13.623188405797105,1,7.246376811594213,-27.826086956521735,-23.188405797101453,1,15.94202898550725,-27.826086956521735,-3.1884057971014568,1,15.94202898550725,-27.826086956521735,-9.275362318840585,2.0,26.0,26.0,26.0,,,,6.0,9.0,9.0,10.0,17.0,0,0,0,0,0,1,False,False,True,False,False,False,False
sz000978,2025-09-22,first_probe,1,首次试盘,5.297157622739013,4.521963824289399,31.72820448713127,1.53658536585366,0.0,0.25356199338194346,-0.02833447319981989,0.78125,6.119791666666674,-2.842377260981921,0,0,0.0,76.88230396335842,1,-1.4627659574467988,-18.617021276595736,-17.154255319148927,1,-1.4627659574467988,-18.617021276595736,-15.292553191489356,1,-1.4627659574467988,-18.617021276595736,-10.239361702127658,1,-1.4627659574467988,-18.617021276595736,-8.510638297872342,,,,,,,,1.0,1.0,2.0,7.0,,0,0,0,1,1,1,False,False,False,False,False,False,False
sz000980,2024-09-05,first_probe,1,首次试盘,5.769230769230771,3.205128205128216,20.35237519105208,0.8888888888888886,0.0,0.2804151062586254,0.16916856796916205,-0.6622516556291425,9.27152317880795,4.666666666666663,0,0,0.0,77.20842139113108,1,7.643312101910826,-9.554140127388544,-5.095541401273884,1,45.85987261146496,-9.554140127388544,16.560509554140125,1,103.82165605095541,-9.554140127388544,81.52866242038218,1,103.82165605095541,-9.554140127388544,89.171974522293,1.0,14.0,14.0,15.0,15.0,16.0,17.0,3.0,6.0,,,,1,1,1,0,0,1,False,False,False,False,False,False,False
sz000980,2024-12-20,retest_probe,2,重新试盘,5.7046979865771785,3.691275167785224,20.355940320375684,0.7647058823529409,0.0,0.3329861230178501,0.47341863418585256,0.6779661016949268,6.7796610169491345,1.683501683501687,0,0,0.0,81.20955572573183,1,-0.9933774834437026,-30.4635761589404,-29.13907284768211,1,-0.9933774834437026,-31.12582781456954,-25.16556291390729,1,-0.9933774834437026,-32.7814569536424,-20.860927152317878,1,-0.9933774834437026,-32.7814569536424,-23.178807947019877,,,,,,,,1.0,1.0,2.0,3.0,7.0,0,0,0,1,1,1,False,False,True,False,False,False,False
sz000985,2025-06-13,first_probe,1,首次试盘,7.170650361311859,5.725403001667595,14.063311042531186,0.8139534883720919,0.0,0.9364087426093651,0.4218313336071658,1.1179429849077716,7.769703745109013,0.7739082365948002,0,0,0.0,84.22994599674591,1,16.895227646736146,-3.2364234777838674,-1.0970927043335132,1,16.895227646736146,-3.2364234777838674,3.894679100383991,1,16.895227646736146,-3.2364234777838674,3.894679100383991,1,16.895227646736146,-3.6752605595172905,-0.5485463521667677,4.0,4.0,4.0,5.0,,,,,,,,,1,0,0,0,0,0,True,True,False,False,False,False,False
sz000989,2025-09-22,first_probe,1,首次试盘,5.325443786982231,3.5502958579881616,29.615003620866833,0.6296296296296303,0.0,0.2654481206139443,0.09389715125480218,-0.19685039370078705,5.118110236220463,1.972386587771191,0,0,0.0,73.83775577135454,1,-0.5802707930367523,-8.607350096711809,-5.899419729206956,1,-0.5802707930367523,-8.607350096711809,-2.9013539651837617,1,4.835589941972929,-10.154738878143144,-8.12379110251451,1,4.835589941972929,-16.344294003868466,-14.023210831721467,,,,,,,,1.0,9.0,39.0,55.0,,0,0,0,1,0,1,False,False,False,False,False,False,False
sz000993,2025-08-11,first_probe,1,首次试盘,5.417814508723606,3.2139577594123114,14.67322839853493,0.6271186440677985,0.0,0.2821730590277906,0.14558830893393257,-1.6559337626494863,5.611775528978846,3.928905519176795,0,0,0.0,71.90652083341851,1,0.09000900090008201,-4.770477047704769,-1.3501350135013412,1,1.0801080108010952,-7.650765076507648,-3.960396039603953,1,1.0801080108010952,-12.961296129612954,-8.100810081008092,1,49.864986498649856,-12.961296129612954,30.333033303330346,55.0,56.0,56.0,56.0,57.0,58.0,60.0,13.0,26.0,28.0,,,0,0,1,0,0,0,False,False,False,False,False,False,False
sz000993,2025-11-11,retest_probe,2,重新试盘,10.999999999999988,10.399999999999988,20.948544625426845,1.3151515151515152,0.0,0.3087588703264456,0.08648441898592685,-1.8966644865925364,8.894702419882282,-3.4666666666666623,0,0,0.0,82.51105828182797,1,4.972375690607733,-21.61602209944752,-18.439226519337016,1,4.972375690607733,-21.61602209944752,-2.209944751381221,1,4.972375690607733,-21.61602209944752,-14.019337016574596,1,4.972375690607733,-21.61602209944752,-15.538674033149169,,,,,,,,1.0,2.0,6.0,6.0,9.0,0,0,0,0,1,1,False,False,True,False,False,False,False
sz000995,2024-11-01,first_probe,1,首次试盘,7.997118155619587,7.204610951008639,16.900832443031163,0.4954954954954964,0.0,0.5443393982698911,0.09232581370202615,0.0,8.85984023238926,4.865649963689189,0,0,0.0,76.63684835541201,1,12.742382271468156,-6.301939058171746,-4.501385041551254,1,12.742382271468156,-9.279778393351801,5.9556786703601095,1,30.817174515235468,-9.279778393351801,6.4404432132963985,1,30.817174515235468,-9.279778393351801,2.216066481994461,1.0,4.0,4.0,29.0,29.0,32.0,,1.0,11.0,,,,0,1,1,0,0,1,False,False,False,False,False,False,False
sz000995,2025-07-09,retest_probe,2,重新试盘,7.671043538355216,5.736005528680033,22.845501904536633,0.7927927927927939,0.0,0.36041627898557077,0.14288314150683798,-0.2106741573033699,9.41011235955056,3.44827586206895,0,0,0.0,80.06700884746306,1,11.4965986394558,-3.0612244897959107,0.612244897959191,1,11.4965986394558,-3.2653061224489743,-1.224489795918371,1,11.4965986394558,-5.510204081632642,-1.632653061224476,1,11.4965986394558,-6.122448979591832,-4.353741496598628,2.0,2.0,2.0,,,,,36.0,,,,,0,0,0,0,0,0,False,False,True,False,False,False,False
sz001201,2025-07-01,first_probe,1,首次试盘,5.814696485622983,5.3674121405750785,32.534980918232506,0.7692307692307698,0.0,0.7420509498771247,0.047463116006374886,0.25706940874035134,6.426735218508983,1.6666666666666607,0,0,0.0,79.01610798523623,1,12.105926860025228,0.12610340479193294,5.548549810844894,1,17.087011349306437,0.12610340479193294,9.646910466582614,1,17.087011349306437,0.12610340479193294,8.13366960907944,1,17.087011349306437,-0.9457755359394637,1.134930643127352,2.0,8.0,8.0,16.0,,,,,,,,,1,0,0,0,0,0,True,False,False,False,False,False,False
sz001202,2025-10-28,first_probe,1,首次试盘,9.320505111244737,5.772699939867709,22.792095783966605,0.832258064516128,0.0,0.3966246027622925,0.20286454057164285,-0.298864315600722,8.667065152420793,1.25899280575541,0,0,0.0,82.76139430304342,1,0.7696862048549358,-3.1971580817051426,-2.131438721136769,1,12.078152753108352,-11.604499703966853,-9.295441089402011,1,12.078152753108352,-13.735938425103612,-7.815275310834813,1,31.497927767910006,-13.735938425103612,31.497927767910006,14.0,14.0,14.0,53.0,60.0,60.0,,15.0,18.0,18.0,,,0,0,1,0,0,1,False,True,False,False,False,False,False
sz001206,2025-05-07,first_probe,1,首次试盘,5.113024757804108,2.7448869752422,19.79891735472051,1.0210526315789468,0.0,0.2572536338085544,0.08098323856815705,2.4820739106453438,7.722007722007729,-0.10764262648008671,0,0,0.0,74.49970514391651,1,35.93750000000002,-1.346982758620685,31.19612068965518,1,35.93750000000002,-1.346982758620685,16.971982758620708,1,35.93750000000002,-1.346982758620685,18.48060344827587,1,44.61206896551726,-1.346982758620685,32.65086206896552,7.0,7.0,8.0,8.0,9.0,10.0,54.0,,,,,,1,1,1,0,0,0,False,False,False,False,False,False,False
sz001207,2025-07-10,first_probe,1,首次试盘,6.1172472387425625,5.395072217502128,21.318260016675733,0.8819444444444434,0.0,0.5193336942250839,0.19172082942338844,-0.042211903756861346,5.445335584634869,0.1266891891891886,0,0,0.0,80.48458001886428,1,7.507380851961187,-0.8857022353437438,2.3618726275832946,1,13.116828342471521,-0.8857022353437438,10.16448755799242,1,18.55757064529733,-6.832560101223118,-5.820328975115996,1,18.55757064529733,-6.832560101223118,-0.1687051876845147,8.0,17.0,17.0,22.0,,,,39.0,,,,,0,0,0,0,0,0,False,False,False,False,False,False,False
sz001208,2025-10-29,first_probe,1,首次试盘,5.012126111560233,2.9911075181891844,18.73260977534447,0.758064516129032,0.0,0.26159082250224264,0.2805068555443616,0.49792531120331773,7.800829875518667,3.3856317093311272,0,0,0.0,75.56195354877114,1,3.1150159744409045,-3.753993610223638,-0.15974440894568342,1,3.1150159744409045,-11.182108626198083,-10.862619808306706,1,84.74440894568689,-11.261980830670925,68.13099041533548,1,154.7923322683706,-11.261980830670925,99.0415335463259,30.0,30.0,30.0,31.0,32.0,32.0,33.0,15.0,17.0,17.0,,,0,1,1,0,0,1,False,False,False,False,False,False,False
sz001209,2025-03-17,first_probe,1,首次试盘,9.90251410979992,8.311954848640335,42.4932234452964,0.9326424870466309,0.0,0.36727204746131387,0.1509369956362396,0.05133470225870962,9.958932238193018,0.667008722421758,0,0,0.0,83.91659933615954,1,-0.5096839959225385,-19.41896024464832,-17.787971457696237,1,-0.5096839959225385,-34.352701325178394,-12.181447502548426,1,-0.5096839959225385,-34.352701325178394,-8.15494393476045,1,-0.5096839959225385,-34.352701325178394,-6.625891946992867,,,,,,,,1.0,3.0,5.0,5.0,14.0,0,0,0,1,1,1,False,True,False,False,False,False,False
sz001216,2025-03-03,first_probe,1,首次试盘,6.592592592592594,5.481481481481487,18.690537562763495,1.0112359550561796,0.0,0.6835373427031693,0.5050488975205492,1.067887109077037,9.763539282990097,1.8113207547169718,0,0,0.0,86.70178451876717,1,4.37361008154189,-3.409933283914013,3.55819125277983,1,5.4114158636026755,-3.409933283914013,-1.3343217197924417,1,5.4114158636026755,-21.423276501111943,-6.152705707931805,1,5.4114158636026755,-21.423276501111943,-4.29948109710897,12.0,,,,,,,24.0,24.0,25.0,25.0,26.0,0,0,0,0,0,0,True,True,False,False,False,False,False
sz001217,2025-04-16,first_probe,1,首次试盘,6.617647058823528,6.158088235294112,16.84625338466356,0.6666666666666683,0.0,0.4174261674486508,0.06108820606321471,-1.2601260126012481,4.410441044104418,1.3673655423883213,0,0,0.0,75.46663249990343,1,3.866906474820153,-7.82374100719424,-6.834532374100721,1,3.866906474820153,-7.82374100719424,3.0575539568345578,1,13.219424460431672,-7.82374100719424,8.5431654676259,1,13.219424460431672,-7.82374100719424,2.158273381294973,39.0,39.0,39.0,,,,,2.0,,,,,0,0,0,0,0,0,False,False,False,False,False,False,False
sz001222,2025-01-06,first_probe,1,首次试盘,7.2672672672672745,6.126126126126152,14.385443077309434,0.727272727272726,0.0,0.39136322876399776,0.11066617098254382,0.11876484560569,6.057007125890723,0.7117437722419906,0,0,0.0,76.28534328328378,1,7.773851590106018,-13.957597173144887,1.707891637220249,1,7.773851590106018,-13.957597173144887,-1.0600706713780883,1,7.773851590106018,-13.957597173144887,-8.951707891637216,1,7.773851590106018,-33.274440518256775,-26.914016489988224,9.0,,,,,,,2.0,4.0,5.0,58.0,58.0,0,0,0,0,0,1,False,False,False,False,False,False,False
sz001223,2025-08-11,first_probe,1,首次试盘,5.663678110649473,4.7452438224360405,20.766670469588398,0.3629343629343616,0.0,0.8284903542365569,0.32783275672411544,0.6382042253521014,6.338028169014098,3.608134703695609,0,0,0.0,78.55454116902384,1,21.950189953566902,-3.5669058674546283,12.45251160827352,1,21.950189953566902,-3.5669058674546283,9.750949767834527,1,21.950189953566902,-3.5669058674546283,6.500633178556359,1,23.132123258758973,-3.5669058674546283,13.845504432249879,7.0,8.0,8.0,8.0,9.0,,,,,,,,1,1,0,0,0,0,True,False,False,False,False,False,False
sz001225,2025-07-22,first_probe,1,首次试盘,7.20986330742428,6.030554811042621,18.728508785388346,0.962825278810411,0.0,0.39364477730501624,0.33371744625965644,0.0,9.439124487004102,2.35294117647058,0,0,0.0,83.41092659101042,1,29.61774926490246,-2.432504677893599,9.67655707030206,1,29.61774926490246,-2.432504677893599,7.5380914194065785,1,29.61774926490246,-2.432504677893599,10.932905640203172,1,55.8406843090083,-2.432504677893599,40.68430900828657,2.0,3.0,3.0,4.0,4.0,51.0,55.0,,,,,,1,1,1,0,0,0,False,True,False,False,False,False,False
sz001226,2025-11-21,first_probe,1,首次试盘,10.59190031152648,7.606438213914846,16.78949200068064,0.6029411764705886,0.0,0.5962196457481588,0.1465121439918701,-0.7727975270479082,9.737248840803714,4.205607476635498,0,0,0.0,80.0466757757312,1,4.583956153462876,-4.833084205281512,0.8968609865470878,1,15.221723966118583,-4.833084205281512,9.093173891380157,1,26.50722471350273,-4.833084205281512,19.083208769307426,1,36.422521175884405,-4.833084205281512,16.11858495266567,15.0,15.0,16.0,16.0,34.0,42.0,,,,,,,1,1,1,0,0,0,False,False,False,False,False,False,False
sz001228,2025-10-21,first_probe,1,首次试盘,9.070034443168783,8.763872942977425,20.897754674094884,0.4936708860759499,0.0,0.37352119367970843,0.07930861808752422,-0.1909854851031345,8.861726508785338,4.592422502870264,0,0,0.0,76.96207776299507,1,2.7442371020856227,-5.598243688254656,-0.8049762166117747,1,9.732894255397007,-5.598243688254656,3.878521770947696,1,9.732894255397007,-8.452250274423712,-7.354555433589461,1,15.221368459568252,-8.452250274423712,4.939626783754125,16.0,16.0,60.0,60.0,,,,4.0,39.0,,,,0,0,0,0,0,0,False,False,False,False,False,False,False
sz001228,2025-11-12,retest_probe,2,重新试盘,6.428571428571428,5.000000000000004,22.779069413608795,0.5666666666666662,0.0,0.3713516746584343,0.13626729611607638,-0.9200283085633476,5.449398443029008,2.7857142857142803,0,0,0.0,76.53449424702455,1,4.204308547602498,-7.9221681723419035,-7.783182765809594,1,4.204308547602498,-9.31202223766504,-8.130646282140376,1,4.204308547602498,-13.064628214037533,-7.22724113968034,1,10.423905489923557,-13.064628214037533,8.478109798471145,44.0,44.0,60.0,,,,,7.0,11.0,21.0,,,0,0,0,0,0,1,False,False,True,False,False,False,False
sz001230,2025-08-18,first_probe,1,首次试盘,7.250187828700216,3.681442524417733,16.75707460347644,0.9015544041450789,0.0,0.5146033846297938,-0.03825239617764851,0.0,7.250187828700216,0.7137490608564834,0,0,0.0,77.6223275200451,1,3.580753450205143,-10.85415889593435,-10.14546810891458,1,3.580753450205143,-14.621409921671013,-11.339052592316301,1,3.580753450205143,-19.09735173442745,-14.845207012308848,1,3.580753450205143,-19.09735173442745,-13.390525923162999,,,,,,,,4.0,8.0,8.0,33.0,,0,0,0,0,0,1,False,False,False,False,False,False,False
sz001234,2025-06-06,first_probe,1,首次试盘,8.450067781292358,4.4283777677361025,48.3426080546199,0.41711229946524103,0.0,0.8720356184445959,0.24539909366352133,0.13489208633095107,7.913669064748219,4.265828468792088,0,0,0.0,83.22703801023528,1,14.470284237726094,-14.771748492678727,-14.470284237726094,1,14.470284237726094,-16.06373815676142,-8.742463393626176,1,14.470284237726094,-16.06373815676142,-3.100775193798444,1,14.470284237726094,-16.06373815676142,0.9043927648578753,4.0,4.0,4.0,,,,,2.0,6.0,8.0,11.0,,0,0,0,0,0,1,True,True,False,False,False,False,False
sz001236,2025-04-01,first_probe,1,首次试盘,7.106598984771595,6.091370558375631,18.529567323808056,0.599999999999999,0.0,0.6103902093461876,0.3676393976424137,0.4052684903748771,6.8895643363728665,2.219979818365303,0,0,0.0,82.31416751402725,1,2.4679170779861703,-27.245804540967434,-17.86771964461994,1,2.4679170779861703,-27.245804540967434,-19.052319842053322,1,2.4679170779861703,-27.245804540967434,-5.034550839091823,1,65.64659427443237,-27.245804540967434,41.954590325765054,42.0,46.0,50.0,50.0,57.0,57.0,58.0,3.0,3.0,3.0,4.0,4.0,0,0,1,0,1,1,False,False,False,False,False,False,False
sz001236,2025-04-17,retest_probe,2,重新试盘,5.149700598802398,4.191616766467066,27.83442027159623,0.8139534883720927,0.0,0.35585784986009306,0.24397762831155692,-0.24038461538461453,5.528846153846145,1.5662650602409567,0,0,0.0,78.32307704951972,1,6.049822064056931,-3.7959667852906276,2.9655990510083052,1,21.233689205219463,-3.7959667852906276,14.827995255041525,1,39.85765124555161,-3.7959667852906276,28.825622775800717,1,99.05100830367736,-3.7959667852906276,61.20996441281139,3.0,11.0,11.0,14.0,16.0,35.0,45.0,,,,,,1,1,1,0,0,0,False,False,True,False,False,False,False
sz001255,2025-01-14,first_probe,1,首次试盘,10.511273420133382,7.589711019371248,53.794443103726465,0.6646525679758298,0.0,0.4970003138809091,0.268354614368146,-0.6603773584905714,9.433962264150942,3.1972143083254245,0,0,0.0,85.26425304310814,1,-0.06134969325154449,-14.66257668711657,-10.306748466257677,1,-0.06134969325154449,-14.66257668711657,-8.987730061349698,1,-0.06134969325154449,-14.66257668711657,-11.01226993865031,1,-0.06134969325154449,-34.38650306748466,-21.871165644171786,,,,,,,,1.0,1.0,1.0,43.0,52.0,0,0,0,1,0,1,False,True,False,False,False,False,False
sz001256,2025-04-29,first_probe,1,首次试盘,7.14285714285714,3.142857142857136,14.198535281997108,1.086666666666666,0.0,0.31938728194408145,0.14225616282140863,-3.802107191937698,3.0691708657810457,-0.6190476190476191,0,0,0.0,78.32768103634425,1,18.926689027311916,-0.9103977000479269,9.82271202683278,1,18.926689027311916,-1.4853857211308163,-1.1499760421658012,1,18.926689027311916,-3.737422137038815,5.510301868711065,1,18.926689027311916,-3.737422137038815,7.570675610924771,1.0,1.0,1.0,3.0,,,,,,,,,1,0,0,0,0,0,False,False,False,False,False,False,False
sz001259,2024-11-26,first_probe,1,首次试盘,8.597108245408357,5.470887065259866,49.79949864421929,1.1772727272727277,0.0,0.6040726054935676,-0.03460414265700949,-2.664636467453363,5.7860677578987385,-1.4470082127493233,0,0,0.0,83.77052936449346,1,4.761904761904767,-12.46031746031746,-3.4920634920634908,1,4.761904761904767,-12.53968253968254,-10.71428571428571,1,4.761904761904767,-24.325396825396815,-15.357142857142858,1,4.761904761904767,-24.325396825396815,-8.769841269841272,,,,,,,,1.0,1.0,3.0,26.0,27.0,0,0,0,0,0,1,False,True,False,False,False,False,False
sz001260,2024-12-25,first_probe,1,首次试盘,5.741898806139867,2.956225127913581,69.3994029692071,2.2772277227722744,0.0,0.42038031492868744,0.15747290642054124,1.971014492753631,7.826086956521738,-7.3337123365548536,0,0,0.0,83.74299468620652,1,8.466257668711652,-9.509202453987731,-5.828220858895716,1,8.466257668711652,-10.490797546012276,2.085889570552135,1,16.257668711656436,-10.490797546012276,4.601226993865026,1,16.257668711656436,-10.490797546012276,4.969325153374227,1.0,2.0,24.0,25.0,,,,6.0,7.0,12.0,,,0,0,0,0,0,1,False,True,False,False,False,False,False
sz001267,2024-10-21,first_probe,1,首次试盘,8.348134991118993,5.861456483126104,13.562890668930415,0.5106382978723393,0.0,0.8070536683243963,0.21642495724833694,0.7181328545780907,9.515260323159769,4.456327985739761,0,0,0.0,78.81631160551328,1,42.662116040955624,-3.583617747440271,21.501706484641623,1,42.662116040955624,-3.583617747440271,18.941979522184283,1,75.59726962457336,-3.583617747440271,53.75426621160408,1,75.59726962457336,-3.583617747440271,37.030716723549475,4.0,5.0,6.0,6.0,7.0,8.0,8.0,,,,,,1,1,1,0,0,0,True,False,False,False,False,False,False
sz001268,2025-06-25,first_probe,1,首次试盘,5.157936825269882,3.958416633346662,14.143846675411416,0.4961240310077527,0.0,0.3358187132472409,0.28161473724570363,-0.31885213232363263,4.822638501394971,2.598960415833651,0,0,0.0,72.59692916212211,1,11.964146531566634,-4.871395167575998,10.24941543257989,1,11.964146531566634,-4.871395167575998,7.48246297739672,1,41.816056118472325,-4.871395167575998,39.82852689010132,1,51.51987529228372,-4.871395167575998,33.515198752922835,1.0,8.0,10.0,29.0,31.0,32.0,38.0,,,,,,0,1,1,0,0,0,False,False,False,False,False,False,False
sz001269,2025-03-25,first_probe,1,首次试盘,6.16153205661949,4.079933388842627,21.552377429708116,0.8445945945945944,0.0,0.35369072063714485,0.21385297531090253,-0.17021276595744483,8.51063829787233,3.3674339300937772,0,0,0.0,79.48314790277044,1,11.83505154639175,-25.731958762886585,-19.67010309278351,1,11.83505154639175,-25.731958762886585,-10.309278350515461,1,11.83505154639175,-25.731958762886585,-0.2886597938144386,1,11.83505154639175,-25.731958762886585,-3.216494845360829,3.0,3.0,4.0,,,,,8.0,8.0,9.0,9.0,10.0,0,0,0,0,0,1,False,False,False,False,False,False,False
sz001269,2025-04-08,retest_probe,2,重新试盘,6.243756243756238,3.94605394605394,20.69736898391289,1.0079999999999985,0.0,0.4258039770928464,-0.035981454079954005,-9.941520467836263,-4.318488529014852,-0.04995004995004271,0,0,0.0,77.47953367432976,1,24.937531234382803,-9.995002498750626,10.594702648675657,1,24.937531234382803,-9.995002498750626,10.094952523738133,1,24.937531234382803,-9.995002498750626,21.339330334832574,1,51.52423788105946,-9.995002498750626,33.33333333333333,2.0,3.0,3.0,3.0,4.0,56.0,57.0,1.0,1.0,,,,1,1,1,0,0,1,False,False,True,False,False,False,False
sz001269,2025-06-20,retest_probe,3,重新试盘,5.087014725568939,3.1682284694332985,24.994165978993507,1.0701754385964928,0.0,0.2598766593479932,0.1448175652221098,0.44822949350067365,5.558045719408344,-0.35698348951361814,0,0,0.0,76.68062289171934,1,35.78145991939097,-1.7017465293327372,18.092252575011216,1,40.97626511419617,-1.7017465293327372,20.197044334975377,1,40.97626511419617,-1.7017465293327372,29.87012987012987,1,40.97626511419617,-1.7017465293327372,25.884460367218985,2.0,6.0,6.0,7.0,7.0,9.0,13.0,,,,,,1,1,1,0,0,0,False,False,True,False,False,False,False
sz001277,2024-09-18,first_probe,1,首次试盘,6.708268330733258,6.053042121684893,19.300797586310342,0.8930232558139519,0.0,0.7961314892282289,0.503239940059973,1.3270142180094924,8.056872037914697,0.654817586529477,0,0,0.0,86.63891818288408,1,35.377942998760844,-5.638166047087978,26.177199504337032,1,35.377942998760844,-5.638166047087978,11.741016109045855,1,35.377942998760844,-5.638166047087978,14.00247831474597,1,35.377942998760844,-5.638166047087978,10.377942998760847,7.0,7.0,7.0,8.0,9.0,9.0,,4.0,,,,,1,1,1,0,0,0,True,True,False,False,False,False,False
sz001277,2025-01-16,retest_probe,2,重新试盘,5.691056910569103,4.661246612466119,27.448618035951185,0.880952380952381,0.0,0.32825935690017255,0.19379178513106307,1.0405257393208966,6.790799561883887,0.6775067750677488,0,0,0.0,79.00290530606819,1,3.257065948855997,-2.7725437415881626,0.9959623149394581,1,3.257065948855997,-2.7725437415881626,0.24226110363392284,1,12.624495289367443,-2.7725437415881626,5.006729475100946,1,12.624495289367443,-18.438761776581426,-5.195154777927325,25.0,38.0,38.0,,,,,50.0,50.0,51.0,52.0,,0,0,0,0,0,0,False,False,True,False,False,False,False
sz001282,2024-09-02,first_probe,1,首次试盘,7.661520869068039,5.3173241852487285,33.19212891296925,0.5970149253731323,0.0,7.9379236914233715,-0.035049612539330206,0.0,7.661520869068039,3.087478559176682,0,0,0.0,80.90444368548194,1,1.6638935108152841,-7.986688851913481,-6.267332224071009,1,25.45757071547421,-7.986688851913481,9.373266777592892,1,25.45757071547421,-7.986688851913481,14.143094841930104,1,25.45757071547421,-7.986688851913481,20.743205768164152,17.0,18.0,18.0,18.0,19.0,,,9.0,,,,,1,1,0,0,0,0,True,False,False,False,False,False,False
sz001282,2025-05-12,retest_probe,2,重新试盘,7.247899159663862,3.2913165266106548,24.47812365708161,0.8599033816425108,0.0,0.4173630136819619,-0.01995873168592319,1.8908312522297521,9.275775954334641,1.0154061624650046,0,0,0.0,78.62650586639445,1,1.0745233968804113,-7.244367417677644,-4.402079722703656,1,1.0745233968804113,-8.145580589254775,-1.9757365684575423,1,1.0745233968804113,-34.28076256499133,-29.91334488734836,1,1.0745233968804113,-34.28076256499133,-28.2842287694974,,,,,,,,3.0,14.0,28.0,32.0,32.0,0,0,0,0,0,1,False,False,True,False,False,False,False
sz001282,2025-07-08,retest_probe,3,重新试盘,5.711422845691394,4.208416833667328,35.28024986021547,0.7719298245614054,0.0,0.6819767200186413,0.18141949971188265,0.5115089514066362,7.928388746803083,2.900763358778624,0,0,0.0,80.891628882568,1,6.775469831849668,-0.09891196834816984,1.6815034619188873,1,6.775469831849668,-4.4510385756676545,2.3244312561820024,1,8.753709198813064,-4.4510385756676545,1.8793273986152492,1,12.265084075173105,-5.539070227497511,5.539070227497533,4.0,30.0,41.0,,,,,42.0,,,,,0,0,0,0,0,0,True,False,True,True,False,True,True
sz001287,2025-07-17,first_probe,1,首次试盘,5.263157894736836,4.741191822531543,32.41694779610373,1.801652892561982,0.0,0.43317610652747646,0.0009421189935289152,3.1404217137729784,8.568864961866307,-4.219225750326228,0,0,0.0,79.22857126559197,1,8.99182561307903,-8.265213442325159,-7.992733878292457,1,8.99182561307903,-10.26339691189827,-3.5876475930971763,1,8.99182561307903,-12.261580381471383,-7.402361489554943,1,11.262488646684844,-12.261580381471383,-1.1353315168029066,1.0,1.0,54.0,,,,,3.0,4.0,11.0,,,0,0,0,0,0,1,False,False,False,False,False,False,False
sz001288,2024-12-06,first_probe,1,首次试盘,7.027027027027022,6.0810810810810745,16.138601210936894,0.4855769230769225,0.0,0.7302027385747073,-0.07762290137482104,0.16920473773265332,7.208121827411174,3.614864864864864,0,0,0.0,74.28669816105523,1,9.87936093902837,-1.85849364199544,8.053472448646893,1,10.857515487447,-8.151287903488747,-3.1300945549396886,1,10.857515487447,-8.151287903488747,-2.5758069775024595,1,23.997391587870887,-8.151287903488747,14.411477013368113,4.0,10.0,11.0,58.0,59.0,,,20.0,20.0,,,,0,0,0,0,0,1,True,False,False,False,False,False,False
sz001288,2024-12-19,retest_probe,2,重新试盘,5.105296745373322,4.052329291640078,18.423938497709525,0.5249999999999984,0.0,0.8163517261996094,0.2825266898247904,-0.19243104554200752,5.644644002565746,3.1491002570694038,0,0,0.0,77.18112700939143,1,5.919003115264787,-8.442367601246104,-8.16199376947041,1,5.919003115264787,-12.24299065420561,-6.7601246105919,1,5.919003115264787,-12.24299065420561,-5.389408099688476,1,18.473520249221174,-12.24299065420561,-1.3395638629283502,2.0,49.0,49.0,50.0,,,,2.0,10.0,11.0,,,0,0,0,0,0,1,True,False,True,True,False,True,True
sz001288,2025-03-03,retest_probe,3,重新试盘,6.485424172944643,6.288896167703895,23.665889852604565,0.7525252525252529,0.0,0.7257813535689199,0.35210474208678044,0.09983361064891394,8.186356073211298,3.125,0,0,0.0,84.23328092822528,1,22.59832366215346,-1.5796260477111468,5.9638942617666,1,22.59832366215346,-4.577691811734363,-3.3204384268214038,1,22.59832366215346,-28.52998065764023,-5.931656995486778,1,22.59832366215346,-37.653127014829145,-33.623468729851716,3.0,4.0,4.0,5.0,5.0,,,23.0,24.0,24.0,25.0,25.0,1,1,0,0,0,0,True,True,True,True,True,True,True
sz001296,2025-06-06,first_probe,1,首次试盘,6.186726659167596,5.399325084364448,18.90460085528317,0.7090909090909082,0.0,0.6836836628837168,0.26515058097054534,0.22662889518414442,6.968838526912191,2.317693612210281,0,0,0.0,80.82630473964029,1,18.78453038674033,-1.8232044198895125,12.430939226519344,1,20.883977900552473,-1.8232044198895125,3.646408839779003,1,24.033149171270708,-1.8232044198895125,10.939226519337009,1,49.17127071823204,-1.8232044198895125,24.64088397790054,6.0,6.0,6.0,10.0,11.0,58.0,59.0,,,,,,1,1,1,0,0,0,True,False,False,False,False,False,False
sz001300,2025-03-13,first_probe,1,首次试盘,7.264296754250399,3.3230293663060184,26.74942304911161,1.244680851063828,0.0,0.30111239021653396,0.012041096393191762,0.23237800154918276,7.513555383423709,-1.777434312210191,0,0,0.0,80.17831162394148,1,2.124311565696302,-7.159716758457913,-3.933910306845001,1,2.124311565696302,-26.82926829268293,-14.712824547600324,1,7.002360346184089,-26.82926829268293,4.799370574350892,1,18.804091266719112,-26.82926829268293,13.611329661683701,38.0,44.0,47.0,53.0,,,,7.0,12.0,16.0,17.0,17.0,0,0,0,0,1,1,False,False,False,False,False,False,False
sz001311,2025-09-17,first_probe,1,首次试盘,7.880220646178104,6.3041765169424835,23.03330995535712,0.6749999999999989,0.0,0.4501257709357083,0.14353537753068019,0.07886435331230235,7.965299684542582,2.5610717100078784,0,0,0.0,80.02546977776244,1,4.456396465616597,-5.45524394928929,0.8451786400307304,1,4.456396465616597,-11.140991164041502,-9.143296196696127,1,5.954667691125604,-11.71724932769881,-5.263157894736848,1,26.0084517864003,-11.71724932769881,15.981559738762963,35.0,51.0,51.0,54.0,54.0,,,2.0,12.0,16.0,,,0,0,0,0,0,1,False,False,False,False,False,False,False
sz001314,2025-05-22,first_probe,1,首次试盘,4.814487632508824,3.7985865724381673,22.578272085326574,0.6926605504587148,0.0,0.6207274364847117,0.3222432362576182,-0.1995565410199629,5.232815964523274,2.088424794490118,0,0,0.0,78.65217420716318,1,0.9793253536452662,-7.116430903155613,-0.6311207834602928,1,14.668117519042422,-7.116430903155613,-1.392818280739938,1,14.668117519042422,-7.116430903155613,1.2404787812840157,1,17.47551686615885,-7.116430903155613,13.492927094668117,17.0,18.0,18.0,58.0,,,,1.0,,,,,0,0,0,0,0,0,False,False,False,False,False,False,False
sz001316,2025-10-13,first_probe,1,首次试盘,8.359133126934992,5.015479876161,29.915467229908447,0.62962962962963,0.0,0.4053975267710659,-0.0348727327693634,0.0,8.359133126934992,3.0959752321981338,0,0,0.0,77.9395545284402,1,3.1531531531531654,-7.447447447447441,2.6426426426426453,1,7.177177177177185,-7.447447447447441,5.795795795795788,1,15.615615615615619,-7.447447447447441,12.072072072072082,1,24.26426426426429,-7.447447447447441,16.0960960960961,11.0,23.0,23.0,35.0,57.0,,,4.0,,,,,0,0,0,0,0,0,False,False,False,False,False,False,False
sz001318,2024-12-11,first_probe,1,首次试盘,4.8387096774193505,4.545454545454541,24.94033890505961,1.136363636363636,0.0,0.3137017562149408,0.09693607297963616,1.4126394052044633,6.3197026022304925,-0.6598240469208205,0,0,0.0,75.91288140221585,1,10.036900369003687,-16.23616236162362,-14.760147601476014,1,10.036900369003687,-23.542435424354245,-19.77859778597787,1,10.036900369003687,-25.387453874538757,-17.85977859778598,1,10.036900369003687,-25.387453874538757,-7.675276752767535,1.0,1.0,1.0,,,,,4.0,4.0,6.0,10.0,16.0,0,0,0,0,0,1,False,False,False,False,False,False,False
sz001318,2025-02-21,retest_probe,2,重新试盘,7.941929974380879,4.782237403928247,39.473742950750356,0.7634408602150549,0.0,1.2569477638939714,0.13097034464079435,0.17108639863132602,8.126603934987187,1.8787361229718025,0,0,0.0,84.29428000855481,1,2.514668901927908,-5.280804694048613,-4.191114836546516,1,53.56244761106454,-5.699916177703268,32.52305113160101,1,53.56244761106454,-5.699916177703268,27.409891031014254,1,53.56244761106454,-5.699916177703268,10.39396479463537,16.0,16.0,16.0,16.0,17.0,18.0,19.0,8.0,,,,,1,1,1,0,0,0,True,True,True,True,True,True,True
sz001322,2025-11-18,first_probe,1,首次试盘,4.772991850989516,3.2596041909196627,25.767789248965023,0.8292682926829262,0.0,0.3220009817401369,-0.06113348943821766,0.0,4.772991850989516,0.8149010477299212,0,0,0.0,72.19028676015668,1,4.041570438799069,-1.2702078521939941,0.4618937644341736,1,4.041570438799069,-5.427251732101624,-4.272517321016178,1,11.085450346420323,-7.621247113163976,-2.5404157043879994,1,12.817551963048501,-7.621247113163976,7.159353348729791,24.0,27.0,27.0,,,,,17.0,,,,,0,0,0,0,0,0,False,False,False,False,False,False,False
sz001324,2025-07-23,first_probe,1,首次试盘,4.837164750957856,3.1130268199233813,23.155758359744095,0.9900990099009885,0.0,0.36992794584779765,0.14314401656023495,-0.14471780028944004,5.5957549445248445,0.9178743961352653,0,0,0.0,76.14867329820106,1,16.17999042604117,-4.116802297750121,2.249880325514586,1,16.17999042604117,-4.116802297750121,6.988989947343227,1,16.17999042604117,-7.084729535663003,-2.5370990904739155,1,16.17999042604117,-9.526089037817142,-3.5423647678315073,1.0,1.0,1.0,2.0,,,,26.0,44.0,,,,1,0,0,0,0,0,False,False,False,False,False,False,False
sz001330,2025-11-25,first_probe,1,首次试盘,5.240174672489095,4.366812227074224,17.92714464844033,0.7777777777777778,0.0,0.327534657369221,0.2883955937551396,1.81818181818183,9.545454545454568,3.4226190476190466,0,0,0.0,77.0049007406543,1,53.23741007194245,-2.7338129496402908,53.23741007194245,1,92.08633093525178,-2.7338129496402908,17.266187050359715,1,92.08633093525178,-2.7338129496402908,30.50359712230215,1,97.41007194244604,-2.7338129496402908,33.9568345323741,4.0,4.0,5.0,6.0,7.0,9.0,10.0,,,,,,1,1,1,0,0,0,False,False,False,False,False,False,False
sz001332,2025-04-03,first_probe,1,首次试盘,8.70519385515729,7.193367471348466,15.012007939895994,0.6974789915966372,0.0,0.870176908909607,0.07942795243654055,-3.1796116504854477,8.203883495145625,5.515166708448249,0,0,0.0,79.3232657947529,1,-3.207412687099076,-20.21857923497269,-18.484200522689477,1,-3.207412687099076,-20.21857923497269,-15.062960323117135,1,3.516274649560458,-20.479923972440016,-11.903064861012124,1,3.516274649560458,-20.479923972440016,-12.045616535994297,,,,,,,,1.0,1.0,1.0,2.0,3.0,0,0,0,1,1,1,True,False,False,False,False,False,False
sz001358,2025-08-06,first_probe,1,首次试盘,4.813729593972371,2.8463792381749675,19.001708626758976,0.7565217391304335,0.0,0.5923826290554577,0.2477306954183264,0.08382229673091768,4.945515507124898,1.2144053601340188,0,0,0.0,77.0232930209374,1,6.909391808026477,0.0,3.020273065784007,1,16.797683078196112,0.0,1.903185767480342,1,35.99503516756308,0.0,32.60239966901115,1,35.99503516756308,0.0,19.528340918494003,1.0,14.0,14.0,14.0,26.0,37.0,,,,,,,1,1,1,0,0,0,False,False,False,False,False,False,False
sz001359,2025-04-23,first_probe,1,首次试盘,6.315789473684208,4.529505582137161,18.682719418137445,0.8030303030303042,0.0,0.5965884335563946,0.05497197737195262,0.4878048780487809,8.39024390243901,2.7184466019417375,0,0,0.0,77.81311311601574,1,3.339634530560809,-5.229993698802771,3.339634530560809,1,4.536862003780717,-5.229993698802771,-3.5601764335223662,1,4.536862003780717,-13.264020163831125,-8.41209829867674,1,69.25015752993069,-13.264020163831125,60.68052930056711,44.0,44.0,44.0,48.0,49.0,57.0,58.0,4.0,30.0,30.0,,,0,0,1,0,0,0,False,False,False,False,False,False,False
sz001360,2024-10-24,first_probe,1,首次试盘,5.33245556287032,5.069124423963145,25.130666284207084,0.8888888888888892,0.0,1.53121319751983,0.3433271795089904,-0.20366598778004397,8.621860149355065,3.9455782312925125,0,0,0.0,84.01499006816807,1,3.337696335078544,-8.180628272251312,-3.2068062827225186,1,3.337696335078544,-9.293193717277482,-4.450261780104714,1,3.337696335078544,-10.34031413612565,-8.70418848167539,1,3.337696335078544,-19.764397905759157,-15.183246073298417,,,,,,,,1.0,6.0,40.0,49.0,,0,0,0,0,0,1,True,True,False,False,False,False,False
sz001360,2024-11-05,retest_probe,2,重新试盘,6.689189189189171,3.2432432432432323,29.188163359566058,0.8686868686868695,0.0,0.5319569145307084,-0.11135680884854177,0.4752206381534396,7.196198234894768,0.8783783783783639,0,0,0.0,78.58518886976576,1,1.4735432016075078,-7.166778298727394,-3.951774949765574,1,4.554588077695909,-7.7026121902210365,0.9377093101138767,1,4.554588077695909,-12.123241795043537,-11.587407903549906,1,4.554588077695909,-17.883456128600137,-10.44876088412593,,,,,,,,9.0,32.0,34.0,42.0,,0,0,0,0,0,0,False,False,True,False,False,False,False
sz001360,2025-11-06,retest_probe,3,重新试盘,4.779411764705888,3.4313725490195957,28.699581763243195,0.8333333333333348,0.0,0.4417281999979879,0.38185282256287556,-0.12578616352201255,7.547169811320753,3.5894206549118346,0,0,0.0,80.19095028709968,1,3.3434650455927084,-1.9452887537993901,0.4863221884498614,1,7.902735562310026,-6.139817629179333,4.133738601823711,1,54.16413373860183,-6.139817629179333,32.887537993920965,1,88.32826747720365,-6.139817629179333,50.03039513677812,15.0,21.0,21.0,22.0,22.0,23.0,25.0,11.0,,,,,0,1,1,0,0,0,False,False,True,False,False,False,False
sz001376,2025-05-09,first_probe,1,首次试盘,5.661881977671457,5.661881977671457,28.502759175090404,0.5352112676056343,0.0,0.6445903326459624,0.19126899480015433,-0.24077046548957037,6.340288924558579,3.539823008849563,0,0,0.0,78.21553554125154,1,0.7770007770007803,-6.449106449106445,-6.371406371406363,1,0.7770007770007803,-8.391608391608397,-5.594405594405583,1,0.7770007770007803,-11.033411033411033,-3.651903651903643,1,0.7770007770007803,-11.033411033411033,-5.439005439005429,,,,,,,,10.0,13.0,30.0,,,0,0,0,0,0,1,False,False,False,False,False,False,False
sz001382,2025-04-22,first_probe,1,首次试盘,5.401844532279321,3.601229688186214,13.718231587271351,0.674796747967478,0.0,0.32847630859603355,0.1796341127423918,-1.5618221258134501,4.121475054229928,2.1154693697664095,0,0,0.0,72.8808347020076,1,1.4242555028053383,-10.185584807941318,-5.049633146309896,1,5.6538627535606345,-10.185584807941318,-3.970651704790684,1,5.6538627535606345,-14.846784635304278,-12.645662494605103,1,5.6538627535606345,-14.846784635304278,-4.87699611566682,19.0,,,,,,,2.0,5.0,5.0,,,0,0,0,0,0,1,False,False,False,False,False,False,False
sz001389,2025-02-27,first_probe,1,首次试盘,5.637982195845703,3.107918163360912,18.061574370320688,1.5041551246537397,0.0,0.4060172769471121,-0.03004107695567369,-1.0049474335188657,4.5763760049474245,-2.8424176167421544,0,0,0.0,77.09454536781477,1,-0.4018646519852065,-13.245458929432575,-3.0863205272464223,1,-0.4018646519852065,-18.14820768365214,-16.637196592187752,1,-0.4018646519852065,-39.173766275518396,-23.80646198360392,1,-0.4018646519852065,-39.173766275518396,-22.375823822536567,,,,,,,,1.0,1.0,2.0,17.0,22.0,0,0,0,1,1,1,False,False,False,False,False,False,False
sz001389,2025-03-12,retest_probe,2,重新试盘,4.857044436789537,2.9624526352049596,15.009609022217681,0.6737588652482289,0.0,0.6409297381268,0.36663124474486203,-0.4613807245386292,4.032809295967188,1.2532188841201553,0,0,0.0,77.14583752227064,1,5.0525601898948835,-12.021024075957943,-11.902339776195314,1,5.0525601898948835,-35.84265852831467,-24.21159715157679,1,5.0525601898948835,-35.84265852831467,-14.32689047134621,1,5.0525601898948835,-35.84265852831467,-2.1702271956595354,1.0,,,,,,,7.0,7.0,8.0,13.0,17.0,0,0,0,0,0,1,False,False,True,False,False,False,False
sz001896,2024-11-12,first_probe,1,首次试盘,5.909090909090908,3.863636363636358,29.464129050516487,0.7692307692307705,0.0,0.405148621973355,0.3755476479290801,0.0,4.250559284116351,-0.22371364653243075,0,0,0.0,82.48381968966572,1,3.363228699551568,-8.968609865470857,-7.847533632286985,1,6.950672645739897,-10.089686098654715,1.7937219730941756,1,16.143497757847534,-15.47085201793722,-10.986547085201792,1,16.143497757847534,-17.9372197309417,-9.192825112107627,18.0,24.0,24.0,27.0,,,,3.0,9.0,11.0,38.0,,0,0,0,0,0,1,False,False,False,False,False,False,False
sz002006,2024-10-29,first_probe,1,首次试盘,7.313432835820888,5.597014925373145,15.708448240088043,0.7142857142857151,0.0,0.6739437281609609,0.23406493287218286,0.9916094584286883,9.687261632341727,3.3232628398791597,0,0,0.0,80.76221104961677,1,5.84795321637428,-7.529239766081863,2.558479532163749,1,33.26023391812867,-7.529239766081863,14.692982456140346,1,67.10526315789474,-7.529239766081863,30.336257309941516,1,67.10526315789474,-7.529239766081863,24.122807017543856,9.0,15.0,15.0,16.0,16.0,17.0,23.0,3.0,,,,,1,1,1,0,0,0,True,False,False,False,False,False,False
sz002020,2025-08-12,first_probe,1,首次试盘,6.19195046439629,2.7347781217750278,19.39002596740305,0.5249999999999995,0.0,0.46830116909156966,0.08850425980852282,0.570835495589006,6.798131811105335,2.941176470588247,0,0,0.0,75.00840512647822,1,3.95989974937343,-6.5664160401002425,2.3558897243108,1,9.523809523809534,-10.82706766917293,-0.4010025062656575,1,13.283208020050141,-11.478696741854632,-7.719298245614025,1,13.283208020050141,-11.929824561403501,-7.518796992481203,17.0,17.0,32.0,,,,,5.0,12.0,12.0,,,0,0,0,0,0,1,False,False,False,False,False,False,False
sz002021,2024-12-13,first_probe,1,首次试盘,5.642633228840133,3.4482758620689724,17.291920397443324,0.5000000000000012,0.0,0.3543534199704536,0.42330695900516846,-0.917431192660545,3.0581039755351647,1.2345679012345512,0,0,0.0,77.50987014215205,1,-0.9146341463414531,-23.47560975609756,-19.817073170731703,1,-0.9146341463414531,-28.65853658536586,-26.52439024390243,1,-0.9146341463414531,-28.65853658536586,-21.95121951219512,1,-0.9146341463414531,-28.65853658536586,-23.17073170731707,,,,,,,,1.0,2.0,2.0,6.0,7.0,0,0,0,1,1,1,False,False,False,False,False,False,False
sz002023,2025-07-23,first_probe,1,首次试盘,8.768656716417912,8.208955223880587,22.240404081779968,0.5106382978723412,0.0,0.8132069291130521,0.2259568336246819,-0.36832412523019054,7.366482504604055,3.3271719038816983,0,0,0.0,82.16889505562025,1,2.415026833631484,-3.3094812164579546,2.2361359570661987,1,11.985688729874777,-3.3094812164579546,7.602862254025045,1,18.33631484794276,-3.3094812164579546,11.091234347048307,1,18.33631484794276,-3.3094812164579546,6.171735241502674,20.0,20.0,20.0,21.0,,,,,,,,,0,0,0,0,0,0,True,False,False,False,False,False,False
sz002026,2025-04-02,first_probe,1,首次试盘,5.457746478873249,5.2816901408450745,15.768213421690383,0.45161290322580755,0.0,0.5790902902740139,0.4696482701665577,-0.17857142857142794,6.964285714285734,4.6511627906976605,0,0,0.0,78.11000203976417,1,0.7692307692307665,-28.205128205128194,-15.897435897435896,1,0.7692307692307665,-28.205128205128194,-10.427350427350424,1,8.717948717948731,-28.205128205128194,1.9658119658119588,1,10.598290598290605,-28.205128205128194,1.3675213675213627,30.0,30.0,58.0,,,,,2.0,2.0,2.0,3.0,3.0,0,0,0,0,1,1,False,False,False,False,False,False,False
sz002029,2024-10-25,first_probe,1,首次试盘,6.0655737704917945,4.754098360655745,33.746848304151726,0.513513513513512,0.0,0.513252327721946,0.13233237070488424,2.5210084033613356,8.739495798319318,2.9508196721311553,0,0,0.0,77.49451958752022,1,2.070063694267521,-7.006369426751602,-0.9554140127388644,1,3.1847133757961776,-7.006369426751602,-2.7070063694267454,1,37.898089171974526,-7.006369426751602,9.394904458598718,1,37.898089171974526,-9.713375796178347,-0.7961783439490389,22.0,25.0,25.0,26.0,26.0,27.0,,3.0,55.0,,,,0,1,1,0,0,0,False,False,False,False,False,False,False
sz002029,2024-11-26,retest_probe,2,重新试盘,5.520504731861209,3.312302839116721,13.916763553141722,0.5714285714285711,0.0,0.36563977719021007,0.19377660652280032,0.31948881789138905,6.869009584664543,3.343949044585992,0,0,0.0,72.92301366602312,1,33.436055469953764,-3.081664098613257,10.015408320493059,1,33.436055469953764,-3.081664098613257,3.852080123266566,1,33.436055469953764,-12.63482280431434,-6.009244992295848,1,33.436055469953764,-12.63482280431434,-2.6194144838212585,3.0,3.0,3.0,4.0,4.0,5.0,,27.0,28.0,32.0,,,1,1,1,0,0,0,False,False,True,False,False,False,False
sz002029,2025-09-23,retest_probe,3,重新试盘,11.564625850340127,7.346938775510203,18.078398149588143,0.5529411764705872,0.0,0.4610970162844141,0.37125759397928443,-0.9345794392523366,9.479305740987964,4.17789757412399,0,0,0.0,83.03150838997747,1,29.366106080206976,1.0349288486416475,15.653298835705032,1,32.47089262613194,1.0349288486416475,15.653298835705032,1,51.22897800776196,1.0349288486416475,39.19793014230271,1,63.77749029754203,1.0349288486416475,44.11384217335059,1.0,1.0,2.0,2.0,2.0,14.0,31.0,,,,,,1,1,1,0,0,0,False,True,True,False,True,False,False
sz002029,2025-10-22,retest_probe,4,重新试盘,5.427974947807934,5.219206680584554,19.28071267788028,0.9230769230769247,0.0,0.26215739823185114,0.07117151191504206,-2.263374485596714,3.9094650205761194,1.2631578947368327,0,0,0.0,74.54431054640204,1,3.2224532224532254,-10.187110187110171,-4.261954261954248,1,21.517671517671523,-10.187110187110171,12.577962577962598,1,31.600831600831604,-10.187110187110171,14.13721413721416,1,54.365904365904385,-10.187110187110171,29.625779625779636,15.0,15.0,16.0,16.0,19.0,34.0,55.0,1.0,4.0,5.0,,,1,1,1,0,0,1,False,False,False,False,False,False,False
sz002031,2024-09-12,first_probe,1,首次试盘,8.69565217391306,7.391304347826111,37.43402969360206,0.6499999999999989,0.0,0.5269930290067875,0.5614656286339607,0.43859649122808264,9.649122807017552,3.493449781659397,0,0,0.0,87.68834563698482,1,32.91139240506329,-2.1097046413502185,32.067510548523195,1,45.1476793248945,-2.1097046413502185,37.9746835443038,1,100.0,-2.1097046413502185,61.181434599156105,1,258.64978902953584,-2.1097046413502185,184.81012658227849,2.0,2.0,3.0,4.0,4.0,10.0,11.0,,,,,,1,1,1,0,0,0,False,True,False,False,False,False,False
sz002031,2024-12-09,retest_probe,2,重新试盘,6.515151515151518,4.545454545454564,20.271711287675586,1.0697674418604635,0.0,0.3343497170037308,-0.06872491424549243,-9.589041095890416,-3.6986301369862917,-0.4545454545454408,0,0,0.0,77.00030402791933,1,29.375951293759517,-17.351598173515992,-17.04718417047184,1,29.375951293759517,-31.506849315068497,-26.027397260273965,1,39.26940639269407,-31.506849315068497,33.4855403348554,1,74.42922374429224,-31.506849315068497,56.77321156773212,1.0,1.0,1.0,2.0,2.0,40.0,41.0,1.0,1.0,8.0,10.0,12.0,1,1,1,0,0,1,False,False,True,False,False,False,False
sz002033,2025-02-10,first_probe,1,首次试盘,8.215962441314574,6.103286384976525,19.60112788271732,0.45714285714285685,0.0,0.26453032167623497,0.08210434339412687,0.1179245283018826,8.726415094339623,4.829210836277986,0,0,0.0,74.82710709876962,1,-0.5617977528090012,-5.056179775280912,-2.8089887640449396,1,4.719101123595504,-5.056179775280912,4.269662921348294,1,17.640449438202243,-5.056179775280912,2.4719101123595433,1,17.640449438202243,-5.056179775280912,-0.8988764044943864,22.0,25.0,26.0,28.0,,,,6.0,,,,,0,0,0,0,0,0,False,False,False,False,False,False,False
sz002038,2025-04-18,first_probe,1,首次试盘,6.279434850863419,4.395604395604402,34.626066109724185,0.7249999999999989,0.0,0.3341640220735394,0.3008182100960161,0.31496062992126816,6.614173228346454,1.7268445839874413,0,0,0.0,81.39689374239306,1,4.166666666666652,-1.6975308641975384,1.2345679012345512,1,5.864197530864201,-1.6975308641975384,5.246913580246915,1,21.91358024691359,-1.6975308641975384,10.030864197530853,1,21.91358024691359,-1.6975308641975384,20.524691358024683,19.0,27.0,28.0,32.0,33.0,,,,,,,,0,1,0,0,0,0,False,False,False,False,False,False,False
sz002038,2025-07-18,retest_probe,2,重新试盘,7.008760951188986,4.130162703379225,18.62732874937584,0.8749999999999996,0.0,0.8012981887478411,0.26096814572178556,-0.1280409731113874,9.47503201024329,3.3333333333333437,0,0,0.0,83.5832284296785,1,8.436724565756816,-1.985111662531014,3.4739454094292688,1,8.436724565756816,-1.985111662531014,0.3722084367245637,1,8.436724565756816,-8.8089330024814,-5.955334987593053,1,8.436724565756816,-13.771712158808935,-8.560794044665021,7.0,9.0,,,,,,29.0,29.0,45.0,,,0,0,0,0,0,0,True,True,True,True,True,True,False
sz002046,2024-12-03,first_probe,1,首次试盘,6.205923836389293,4.442877291960512,16.50151254274433,0.6022727272727281,0.0,0.3044071711592907,0.0923309374227988,-1.4326647564469996,7.879656160458448,5.595930232558133,0,0,0.0,73.52028956978972,1,19.06400550584997,-4.611149346180321,-3.8540949759118925,1,19.06400550584997,-5.712319339298,-3.6476256022023312,1,19.06400550584997,-19.27047487955953,-4.817618719889882,1,26.565726083964215,-19.27047487955953,13.489332415691656,2.0,2.0,3.0,3.0,54.0,,,11.0,22.0,22.0,23.0,,1,0,0,0,0,0,False,False,False,False,False,False,False
sz002051,2024-11-15,first_probe,1,首次试盘,8.51063829787233,6.718924972004481,16.06607097347219,0.7763157894736843,0.0,0.3000241804415593,0.2261510572115871,-1.5435501653803807,6.835722160970215,1.903695408734607,0,0,0.0,79.62564232225819,1,10.000000000000009,-10.439560439560436,-1.6483516483516536,1,10.000000000000009,-10.439560439560436,-4.2857142857142705,1,10.000000000000009,-20.879120879120872,-19.34065934065934,1,10.000000000000009,-20.879120879120872,-9.999999999999998,1.0,1.0,1.0,,,,,2.0,7.0,8.0,34.0,40.0,0,0,0,0,0,1,False,False,False,False,False,False,False
sz002052,2024-09-06,first_probe,1,首次试盘,10.232558139534898,9.76744186046512,75.52032478624373,0.9545454545454536,0.0,0.8636434151925718,0.8107231232028138,-4.867256637168138,4.86725663716816,0.46511627906977715,0,0,0.0,93.34436684818641,1,-4.629629629629628,-20.833333333333336,-13.425925925925931,1,19.907407407407398,-20.833333333333336,19.907407407407398,1,91.66666666666663,-20.833333333333336,81.48148148148147,1,200.46296296296293,-20.833333333333336,200.46296296296293,18.0,18.0,19.0,20.0,21.0,22.0,24.0,1.0,2.0,3.0,4.0,7.0,1,1,1,0,0,1,True,True,False,False,False,False,False
sz002052,2024-11-13,retest_probe,2,重新试盘,5.52631578947369,3.684210526315801,23.493301899057375,0.9523809523809512,0.0,0.9276505821912944,-0.3109509492445938,-3.0612244897959218,2.2959183673469274,0.263157894736854,0,0,0.0,77.24535798750365,1,39.10761154855642,-2.3622047244094446,39.10761154855642,1,78.74015748031495,-2.3622047244094446,78.74015748031495,1,86.61417322834646,-2.3622047244094446,69.29133858267717,1,86.61417322834646,-2.3622047244094446,31.233595800524938,4.0,5.0,5.0,6.0,7.0,9.0,11.0,,,,,,1,1,1,0,0,0,True,False,True,True,False,True,False
sz002052,2024-12-31,retest_probe,3,重新试盘,7.615894039735105,4.304635761589393,50.52771172400756,0.6086956521739136,0.0,0.9385905450119472,0.804770041569998,-5.031446540880502,2.2012578616352085,2.98013245033113,0,0,0.0,89.05293999261508,1,13.665594855305475,-4.983922829581989,6.430868167202575,1,13.665594855305475,-15.916398713826352,-15.916398713826352,1,13.665594855305475,-43.40836012861736,-37.45980707395498,1,13.665594855305475,-43.40836012861736,6.430868167202575,5.0,7.0,8.0,,,,,18.0,19.0,19.0,20.0,23.0,0,0,0,0,0,1,True,True,True,True,True,True,True
sz002052,2025-05-09,retest_probe,4,重新试盘,5.075593952483803,4.4276457883369424,15.273536371545525,0.5106382978723402,0.0,0.7688121344803812,0.15239484820636778,-0.10787486515642097,4.962243797195254,2.4838012958963374,0,0,0.0,73.3850168692454,1,12.539515279241309,-5.163329820864071,4.3203371970495175,1,12.539515279241309,-8.113804004214964,7.060063224446789,1,33.82507903055847,-12.644889357218137,30.663856691253955,1,38.67228661749209,-12.644889357218137,8.640674394099058,7.0,8.0,8.0,25.0,35.0,39.0,,4.0,15.0,28.0,,,0,1,1,0,0,1,True,False,False,False,False,False,False
sz002054,2024-11-27,first_probe,1,首次试盘,9.457579972183595,7.09318497913769,21.41242989516988,1.4558823529411773,0.0,0.40430253534250293,0.09895258151421488,-4.862023653088043,3.41655716162943,-4.972375690607745,0,0,0.0,83.60151215464494,1,8.866279069767447,-12.936046511627907,2.3255813953488413,1,8.866279069767447,-16.279069767441868,-15.697674418604656,1,8.866279069767447,-23.401162790697683,-13.808139534883724,1,8.866279069767447,-23.401162790697683,-11.482558139534882,10.0,10.0,,,,,,1.0,2.0,2.0,20.0,26.0,0,0,0,0,0,1,False,True,False,False,False,False,False
sz002054,2024-12-12,retest_probe,2,重新试盘,9.024745269286761,7.132459970887917,22.11702360815949,0.693548387096775,0.0,0.40571631600723057,0.28611363218974556,-3.125,6.392045454545459,3.5190615835777095,0,0,0.0,82.90792414891298,1,-0.5665722379603388,-18.41359773371105,-17.280453257790363,1,-0.5665722379603388,-25.35410764872521,-20.396600566572232,1,-0.5665722379603388,-25.35410764872521,-9.631728045325772,1,-0.5665722379603388,-25.35410764872521,-8.781869688385257,,,,,,,,2.0,3.0,3.0,7.0,15.0,0,0,0,1,1,1,False,True,True,False,True,False,False
sz002054,2025-05-30,retest_probe,3,重新试盘,6.574923547400613,4.281345565749239,38.3934054803505,0.767441860465117,0.0,0.2861601833231465,0.34671338854940204,-0.455927051671734,5.927051671732508,1.3740458015267132,0,0,0.0,82.5684204569812,1,5.2710843373493965,-2.8614457831325213,0.3012048192771122,1,5.2710843373493965,-4.969879518072295,3.6144578313253017,1,14.307228915662652,-4.969879518072295,9.63855421686748,1,14.307228915662652,-4.969879518072295,2.108433734939763,8.0,23.0,23.0,,,,,,,,,,0,0,0,0,0,0,False,False,True,False,False,False,False
sz002055,2024-12-30,first_probe,1,首次试盘,10.013003901170347,5.7217165149545,70.57318470121578,0.5974025974025982,0.0,0.5589122227285374,0.7198573891519243,-9.953161592505843,-0.9367681498828828,4.03120936280883,0,0,0.0,89.13033786071226,1,-5.249999999999999,-33.75,-25.249999999999993,1,-5.249999999999999,-33.75,-27.125,1,-5.249999999999999,-33.75,-23.250000000000004,1,-5.249999999999999,-33.75,-30.374999999999996,,,,,,,,1.0,1.0,2.0,2.0,3.0,0,0,0,1,1,1,False,True,False,False,False,False,False
sz002058,2025-04-08,first_probe,1,首次试盘,6.107660455486541,4.658385093167694,24.797208264767214,1.0,0.0,0.37666206645360023,0.03712832667807318,-9.972041006523769,-4.473438956197584,0.0,0,0,0.0,78.236280799035,1,14.28571428571428,-10.041407867494833,-3.8302277432712306,1,14.28571428571428,-16.5631469979296,7.453416149068337,1,24.12008281573499,-16.5631469979296,23.188405797101442,1,45.134575569358184,-16.5631469979296,39.233954451345745,4.0,4.0,5.0,31.0,33.0,50.0,52.0,1.0,1.0,1.0,14.0,,0,1,1,0,0,1,False,False,False,False,False,False,False
sz002060,2025-09-17,first_probe,1,首次试盘,9.711286089238836,7.349081364829391,15.851762805175102,0.6756756756756751,0.0,0.8189837114820336,0.5626509281276159,-0.5194805194805197,8.571428571428562,2.6109660574412663,0,0,0.0,86.54178290999063,1,16.53944020356233,-6.61577608142494,-1.526717557251911,1,16.53944020356233,-6.61577608142494,-2.0356234096692183,1,16.53944020356233,-6.61577608142494,-2.2900763358778664,1,16.53944020356233,-9.669211195928762,-8.905852417302807,4.0,5.0,5.0,5.0,,,,2.0,58.0,,,,1,0,0,0,0,0,True,True,False,False,False,False,False
sz002064,2025-06-10,first_probe,1,首次试盘,5.441176470588238,3.2352941176470473,27.993821225587425,0.513513513513512,0.0,0.8666849946155236,0.25136367628155504,1.0432190760059745,6.85543964232489,2.9498525073746285,0,0,0.0,79.26882963099348,1,-0.14326647564470996,-8.166189111747856,-5.300859598853869,1,-0.14326647564470996,-8.166189111747856,-3.4383954154727836,1,15.616045845272208,-8.166189111747856,6.017191977077352,1,20.630372492836656,-8.166189111747856,9.169054441260748,29.0,29.0,30.0,36.0,56.0,,,4.0,9.0,,,,0,0,0,1,0,1,True,False,False,False,False,False,False
sz002067,2024-12-03,first_probe,1,首次试盘,7.512953367875652,7.512953367875652,24.550163273845143,0.724137931034483,0.0,0.26915367036718607,0.43570773628366577,-0.2645502645502562,9.788359788359813,4.509283819628651,0,0,0.0,83.31742564427634,1,5.329949238578702,-4.822335025380708,-4.060913705583758,1,24.111675126903553,-12.436548223350252,0.50761421319796,1,24.111675126903553,-17.76649746192893,2.538071065989844,1,25.634517766497478,-17.76649746192893,11.675126903553302,9.0,17.0,17.0,17.0,18.0,,,11.0,12.0,14.0,23.0,,1,1,0,0,0,1,False,True,False,False,False,False,False
sz002067,2025-04-01,retest_probe,2,重新试盘,5.141388174807182,3.084832904884305,20.65146604541889,0.5500000000000002,0.0,0.2664672992793402,0.4592405024731538,-0.2631578947368318,7.6315789473684115,5.013192612137196,0,0,0.0,77.06121246645232,1,-2.010050251256279,-22.36180904522613,-13.567839195979904,1,-2.010050251256279,-22.36180904522613,-12.562814070351758,1,-2.010050251256279,-22.36180904522613,-6.281407035175879,1,1.7587939698492372,-22.36180904522613,-4.02010050251257,,,,,,,,2.0,3.0,3.0,4.0,5.0,0,0,0,1,1,1,False,False,True,False,False,False,False
sz002067,2025-07-04,retest_probe,3,重新试盘,4.797979797979801,4.545454545454541,22.133119774923742,1.0,0.0,0.6271095887214256,0.5720114238750665,2.6315789473684292,9.21052631578949,1.538461538461533,0,0,0.0,83.3727166906187,1,10.35353535353536,-1.262626262626254,3.0303030303030276,1,28.535353535353526,-1.262626262626254,10.1010101010101,1,28.535353535353526,-1.262626262626254,8.080808080808088,1,96.46464646464648,-1.262626262626254,41.16161616161615,3.0,3.0,3.0,12.0,12.0,45.0,48.0,,,,,,1,1,1,0,0,0,False,True,True,False,True,False,False
sz002067,2025-11-27,retest_probe,4,重新试盘,5.5755395683453335,4.856115107913683,18.259437364967592,0.5806451612903207,0.0,0.8251865100277529,0.5159960527864963,-0.1814882032667886,6.533575317604368,3.4545454545454657,0,0,0.0,81.82700637561967,1,0.5272407732864526,-7.381370826010558,-7.381370826010558,1,2.8119507908611396,-14.059753954305808,-0.17574692442883233,1,8.611599297012296,-14.059753954305808,0.0,1,8.611599297012296,-14.059753954305808,-1.0544815465729385,38.0,38.0,,,,,,9.0,11.0,13.0,,,0,0,0,0,0,1,True,False,False,False,False,False,False
sz002072,2025-09-08,first_probe,1,首次试盘,6.727037516170764,3.751617076325986,18.123195713483415,0.5192307692307688,0.0,1.1275161180652729,0.16881390215456138,0.6510416666666741,7.421875,3.2341526520051733,0,0,0.0,78.96429727723867,1,8.897243107769404,-5.513784461152882,-3.1328320802004983,1,8.897243107769404,-12.907268170426068,-9.398496240601506,1,8.897243107769404,-12.907268170426068,-5.513784461152882,1,8.897243107769404,-13.408521303258148,-6.015037593984962,5.0,5.0,,,,,,1.0,11.0,19.0,,,0,0,0,0,0,1,True,False,False,False,False,False,False
sz002076,2025-01-20,first_probe,1,首次试盘,5.519480519480524,3.5714285714285587,14.855115070329449,0.4117647058823522,0.0,0.5433103682222168,0.3555531876238509,1.3289036544850585,7.973421926910307,4.262295081967227,0,0,0.0,75.92064193220833,1,14.779874213836464,-3.1446540880503138,5.974842767295585,1,30.503144654088054,-3.1446540880503138,21.698113207547177,1,34.905660377358494,-3.1446540880503138,12.264150943396213,1,34.905660377358494,-28.301886792452834,-28.301886792452834,1.0,2.0,3.0,14.0,19.0,19.0,,48.0,48.0,49.0,49.0,50.0,1,1,1,0,0,0,False,False,False,False,False,False,False
sz002077,2025-09-01,first_probe,1,首次试盘,5.868118572292791,4.537205081669682,13.52830806874169,0.8350515463917523,0.0,0.656037655924579,0.17640217237048728,2.131661442006272,9.717868338557988,2.4554941682013665,0,0,0.0,77.35300440497377,1,10.84481725584181,-9.40683043738767,4.553624925104849,1,10.84481725584181,-9.40683043738767,-0.17974835230677444,1,10.84481725584181,-9.40683043738767,2.9958058717795,1,16.83642899940083,-9.40683043738767,-6.291192330736973,2.0,8.0,9.0,47.0,,,,2.0,3.0,,,,0,0,0,0,0,1,False,False,False,False,False,False,False
sz002077,2025-10-16,retest_probe,2,重新试盘,5.173463177115045,3.4083992696287257,16.394946142228353,0.6941176470588222,0.0,0.49323408326259005,0.48924210281935504,0.12674271229404788,9.505703422053235,5.632911392405071,0,0,0.0,79.47777127324305,1,4.553624925104849,-2.6363091671659733,0.7189934092270756,1,15.03894547633311,-2.8759736369083355,11.563810665068907,1,16.83642899940083,-12.402636309167182,-11.563810665068907,1,16.83642899940083,-15.338526063511082,-4.613541042540447,12.0,12.0,19.0,20.0,,,,27.0,27.0,34.0,43.0,,1,0,0,0,0,0,False,False,True,False,False,False,False
sz002079,2025-03-18,first_probe,1,首次试盘,7.0754716981132,5.283018867924527,25.042339121892354,0.6533333333333337,0.0,0.3948186427216607,0.453363694267099,0.3798670465337217,7.787274453941118,2.7436140018921362,0,0,0.0,83.68145615677763,1,-0.18416206261510082,-9.760589318600355,-7.826887661141802,1,-0.18416206261510082,-26.519337016574575,-16.20626151012892,1,-0.18416206261510082,-26.519337016574575,-10.497237569060758,1,-0.18416206261510082,-26.519337016574575,-13.627992633517483,,,,,,,,3.0,4.0,13.0,13.0,14.0,0,0,0,1,1,1,False,True,False,False,False,False,False
sz002083,2025-06-11,first_probe,1,首次试盘,5.544147843942504,4.106776180698146,27.227737728308554,0.7407407407407393,0.0,0.2586515777519699,0.27005788381997414,0.8298755186721962,6.63900414937757,1.6460905349794164,0,0,0.0,78.19706301568588,1,0.0,-7.894736842105276,-2.429149797570851,1,2.2267206477732726,-7.894736842105276,0.4048582995951344,1,4.048582995951411,-7.894736842105276,1.4170040485829816,1,4.048582995951411,-7.894736842105276,-2.6315789473684403,,,,,,,,5.0,,,,,0,0,0,0,0,0,False,False,False,False,False,False,False
sz002084,2025-01-09,first_probe,1,首次试盘,6.10169491525423,5.762711864406778,16.84309676798287,0.7222222222222228,0.0,0.6164923551353296,0.44890548263693253,-0.6849315068493178,7.191780821917804,3.4482758620689724,0,0,0.0,82.42156957319568,1,0.3333333333333188,-11.333333333333329,-6.999999999999995,1,1.0000000000000009,-11.333333333333329,-2.3333333333333317,1,3.3333333333333437,-11.333333333333329,3.0000000000000027,1,85.66666666666667,-11.333333333333329,40.66666666666665,41.0,54.0,54.0,54.0,55.0,56.0,57.0,1.0,2.0,2.0,,,0,0,1,0,0,1,False,False,False,False,False,False,False
sz002085,2024-11-22,first_probe,1,首次试盘,5.408112168252388,3.4551827741612584,18.0206476265882,1.1388888888888873,0.0,0.3112983936068266,-0.01678503266162349,-0.5908419497784201,3.6435253569670145,-1.8325903912828179,0,0,0.0,74.70236746760033,1,3.2795156407668946,-9.334006054490418,-3.7336024217961783,1,3.2795156407668946,-9.334006054490418,-2.068617558022201,1,10.393541876892032,-21.039354187689206,-12.51261352169526,1,10.393541876892032,-21.039354187689206,5.297679112008069,23.0,23.0,24.0,,,,,1.0,2.0,28.0,29.0,32.0,0,0,0,0,0,1,False,False,False,False,False,False,False
sz002086,2025-08-15,first_probe,1,首次试盘,6.028368794326244,4.609929078014208,31.716392896231085,0.4117647058823537,0.0,0.9351086769488801,0.6140245962675247,-1.0526315789473717,4.912280701754401,3.546099290780136,0,0,0.0,84.06186116223418,1,2.3972602739726234,-8.21917808219177,-4.452054794520544,1,2.3972602739726234,-8.56164383561644,-4.794520547945213,1,2.3972602739726234,-13.356164383561653,-10.273972602739722,1,2.3972602739726234,-13.356164383561653,-3.082191780821908,,,,,,,,9.0,9.0,27.0,,,0,0,0,0,0,1,True,True,False,False,False,False,False
sz002093,2025-06-03,first_probe,1,首次试盘,4.726598702502338,3.151065801668218,20.833508858422366,0.6274509803921555,0.0,0.34418858882349235,0.3779632608717509,0.375586854460086,6.103286384976525,2.7128157156220745,0,0,0.0,76.27003734327815,1,14.29872495446267,-1.0928961748634003,5.373406193078312,1,14.29872495446267,-2.3679417122040025,5.555555555555558,1,32.05828779599271,-2.3679417122040025,12.112932604735892,1,32.05828779599271,-2.3679417122040025,20.947176684881597,3.0,4.0,4.0,22.0,23.0,23.0,,,,,,,0,1,1,0,0,0,False,False,False,False,False,False,False
sz002093,2025-11-28,retest_probe,2,重新试盘,4.89174017642342,3.368083400160393,13.91534935498533,0.45901639344262235,0.0,0.6356185288433991,0.27018250669960087,-1.5019762845849716,3.3992094861660105,2.728731942215079,0,0,0.0,73.20708659987893,1,11.796874999999996,-7.421875000000011,-3.359375000000009,1,11.796874999999996,-13.046875000000002,-9.765625,1,11.796874999999996,-13.046875000000002,-10.15625,1,11.796874999999996,-18.35937500000001,-17.96875,6.0,6.0,6.0,,,,,4.0,12.0,12.0,60.0,,0,0,0,0,0,1,False,False,True,False,False,False,False
sz002095,2025-06-10,first_probe,1,首次试盘,8.094519859225734,4.826546003016596,15.45090874247031,0.7950310559006221,0.0,0.5799379289069745,0.43283052581524906,0.15189873417722488,8.860759493670889,2.2244691607684386,0,0,0.0,84.49143437712033,1,3.80811078140455,-9.495548961424326,-2.3738872403560873,1,7.171117705242347,-9.495548961424326,6.0830860534124565,1,15.677546983184975,-9.495548961424326,2.3738872403560762,1,15.677546983184975,-9.495548961424326,2.8684470820969477,19.0,21.0,21.0,27.0,,,,4.0,8.0,,,,0,0,0,0,0,1,False,True,False,False,False,False,False
sz002098,2025-07-15,first_probe,1,首次试盘,8.110992529348993,6.296691568836721,15.633389505084814,0.4210526315789469,0.0,0.37682176877679924,0.11763696916830833,-0.5197505197505059,5.301455301455316,2.5078369905956244,0,0,0.0,74.77265485677212,1,12.844036697247695,-3.873598369011222,-1.834862385321101,1,12.844036697247695,-5.504587155963314,-2.548419979612637,1,12.844036697247695,-7.747196738022422,-5.198776758409784,1,12.844036697247695,-13.761467889908252,-8.766564729867499,2.0,2.0,2.0,,,,,14.0,44.0,47.0,,,0,0,0,0,0,0,False,False,False,False,False,False,False
sz002099,2025-05-28,first_probe,1,首次试盘,6.18238021638331,4.0185471406491535,16.403652176264913,1.1249999999999996,0.0,0.35849847497945986,0.10058900626470856,-2.998500749625188,2.998500749625199,-0.7727975270479082,0,0,0.0,77.75933237903565,1,3.1152647975077885,-9.501557632398761,-7.320872274143298,1,3.1152647975077885,-17.91277258566979,-14.797507788162001,1,3.1152647975077885,-17.91277258566979,-3.738317757009346,1,3.1152647975077885,-17.91277258566979,-4.672897196261683,,,,,,,,5.0,5.0,11.0,15.0,,0,0,0,0,1,1,False,False,False,False,False,False,False
sz002102,2025-07-03,first_probe,1,首次试盘,5.865921787709505,4.469273743016755,25.691121037492593,0.8571428571428581,0.0,0.2996156286489435,0.19756616840502655,3.170028818443793,9.22190201729105,0.8379888268156277,0,0,0.0,78.82501863076283,1,15.512465373961227,-0.5540166204986208,13.850415512465396,1,18.559556786703602,-0.5540166204986208,11.911357340720219,1,22.71468144044322,-0.5540166204986208,16.620498614958446,1,29.639889196675906,-0.5540166204986208,6.9252077562326875,3.0,4.0,9.0,9.0,33.0,,,,,,,,1,1,0,0,0,0,False,False,False,False,False,False,False
sz002103,2025-07-01,first_probe,1,首次试盘,5.240549828178698,2.9209621993127044,32.45134855059362,1.2622950819672136,0.0,0.25271027514345457,0.08660099957732516,1.482127288578905,6.800348735832595,-1.3745704467354014,0,0,0.0,77.51844392687096,1,0.0,-9.930313588850181,-8.710801393728218,1,0.0,-11.149825783972133,-10.19163763066202,1,0.0,-13.153310104529615,-6.5331010452961635,1,0.0,-17.160278745644607,-16.289198606271782,,,,,,,,1.0,8.0,15.0,47.0,,0,0,0,0,0,1,False,False,False,False,False,False,False
sz002105,2025-04-30,first_probe,1,首次试盘,4.8128342245989275,3.743315508021383,21.55540803115792,0.9166666666666683,0.0,0.4678751955211985,0.1939102402167367,0.557103064066844,9.192200557103059,4.016620498614953,0,0,0.0,77.0533210399164,1,22.902796271637825,0.5326231691078487,22.902796271637825,1,35.15312916111852,0.5326231691078487,17.57656458055925,1,35.15312916111852,-1.1984021304926706,4.660452729693754,1,35.15312916111852,-2.130492676431428,0.5326231691078487,1.0,3.0,3.0,10.0,10.0,11.0,,,,,,,1,1,1,0,0,0,False,False,False,False,False,False,False
sz002114,2025-08-25,first_probe,1,首次试盘,6.38852672750978,5.084745762711873,14.467867830669372,0.7346938775510208,0.0,0.6429229278084567,0.29197994205275174,0.5263157894736858,7.36842105263158,2.0942408376963373,0,0,0.0,79.9961862547111,1,3.3333333333333437,-7.051282051282048,-0.2564102564102555,1,9.487179487179475,-7.051282051282048,-5.897435897435899,1,9.487179487179475,-11.02564102564102,1.2820512820512997,1,13.33333333333333,-11.02564102564102,13.33333333333333,14.0,14.0,50.0,,,,,3.0,21.0,21.0,,,0,0,0,0,0,0,False,False,False,False,False,False,False
sz002115,2025-11-14,first_probe,1,首次试盘,5.370219690805533,3.7428803905614316,15.025299782458312,0.7727272727272723,0.0,0.8688072740520493,0.5751574545300199,0.5813953488372103,7.558139534883712,2.725020644095788,0,0,0.0,82.31331700788611,1,-0.1607717041800627,-19.7749196141479,-13.424437299035375,1,-0.1607717041800627,-19.7749196141479,-11.2540192926045,1,43.16720257234725,-19.7749196141479,43.16720257234725,1,68.64951768488747,-19.7749196141479,27.170418006430875,24.0,37.0,37.0,38.0,39.0,39.0,40.0,2.0,3.0,3.0,5.0,,0,1,1,1,1,1,True,False,False,False,False,False,False
sz002116,2025-03-25,first_probe,1,首次试盘,4.780487804878053,3.0243902439024417,64.07340037710394,0.6122448979591849,0.0,0.32258595998926237,0.27534444439218164,-0.4882812500000111,4.8828125,2.4533856722276814,0,0,0.0,76.66151828775848,1,0.3831417624521105,-13.984674329501912,-6.704980842911867,1,0.3831417624521105,-13.984674329501912,-3.3524904214559337,1,3.6398467432950277,-13.984674329501912,-2.203065134099602,1,7.279693486590033,-13.984674329501912,-0.6704980842911934,46.0,,,,,,,4.0,8.0,8.0,,,0,0,0,0,0,1,False,False,False,False,False,False,False
sz002117,2025-06-24,first_probe,1,首次试盘,5.498281786941561,2.8350515463917425,14.028928585832615,0.6875000000000006,0.0,0.27286893145346,0.48212596689063614,-0.2622377622377603,7.342657342657333,3.768624014022781,0,0,0.0,77.24998092339848,1,2.1114864864864913,-5.152027027027017,-2.0270270270270285,1,6.841216216216228,-5.152027027027017,2.1114864864864913,1,10.135135135135132,-5.152027027027017,7.179054054054057,1,18.07432432432432,-5.152027027027017,2.195945945945943,16.0,33.0,33.0,42.0,,,,8.0,,,,,0,0,0,0,0,0,False,False,False,False,False,False,False
sz002126,2025-05-21,first_probe,1,首次试盘,8.11220621683093,7.2782410917361595,16.916193872104603,0.39719626168224187,0.0,0.5028006274207271,0.27383143851302966,-0.5255255255255276,7.057057057057059,4.415094339622638,0,0,0.0,78.76816267403687,1,-0.5782435851102274,-11.456451029996394,-6.7943621250451836,1,-0.5782435851102274,-13.118901337188305,-12.721358872425014,1,0.18070112034693775,-18.684495843874238,-1.3371882905674037,1,20.130104806649808,-18.684495843874238,15.323455005421028,42.0,45.0,45.0,59.0,60.0,,,2.0,4.0,7.0,21.0,,0,0,0,1,0,1,False,False,False,False,False,False,False
sz002129,2024-10-29,first_probe,1,首次试盘,6.550907655880023,3.8674033149171283,31.457184697402234,1.7108433734939756,0.0,0.37173405018916256,-0.00900330853864246,-0.07886435331230235,6.466876971608837,-4.6566692975532735,0,0,0.0,81.09598156727316,1,7.615894039735105,-8.609271523178819,0.0,1,7.615894039735105,-17.384105960264897,-16.39072847682119,1,7.615894039735105,-23.84105960264902,-22.84768211920529,1,7.615894039735105,-33.27814569536424,-29.718543046357617,2.0,,,,,,,1.0,7.0,13.0,18.0,34.0,0,0,0,0,0,1,False,False,False,False,False,False,False
sz002131,2025-05-28,first_probe,1,首次试盘,5.555555555555558,4.722222222222228,39.738883964241786,0.3999999999999987,0.0,0.3617645749084364,0.19393457866032987,-0.27932960893854997,6.145251396648033,4.201680672268915,0,0,0.0,75.49856804811145,1,1.6129032258064502,-5.107526881720437,-3.7634408602150615,1,1.6129032258064502,-13.172043010752699,-8.870967741935488,1,8.870967741935477,-13.172043010752699,1.0752688172043001,1,44.35483870967742,-13.172043010752699,26.61290322580645,34.0,37.0,52.0,57.0,58.0,58.0,59.0,8.0,12.0,15.0,,,0,0,1,0,0,1,False,False,False,False,False,False,False
sz002131,2025-08-11,retest_probe,2,重新试盘,4.797979797979801,3.2828282828282873,20.929825752126636,0.6842105263157922,0.0,0.564200580020312,0.6166933778088872,0.7853403141361293,8.6387434554974,4.415584415584406,0,0,0.0,80.73233290858781,1,33.58208955223883,-2.238805970149238,20.149253731343308,1,54.22885572139307,-2.238805970149238,35.07462686567165,1,70.39800995024876,-2.238805970149238,35.5721393034826,1,70.39800995024876,-2.238805970149238,25.373134328358216,5.0,5.0,5.0,6.0,6.0,7.0,12.0,,,,,,1,1,1,0,0,0,False,False,True,False,False,False,False
sz002134,2025-03-05,first_probe,1,首次试盘,6.269453090262345,2.9346376167185495,20.266677835953352,0.6808510638297852,0.0,0.48373693795116324,0.20401422051191162,-0.3544528134692193,5.89277802392556,2.000889284126295,0,0,0.0,78.90572508729863,1,5.884917175239757,-7.061900610287708,-4.620749782040113,1,5.884917175239757,-19.354838709677423,-16.95727986050567,1,5.884917175239757,-40.36617262423714,-20.531822144725375,1,5.884917175239757,-40.36617262423714,-8.195292066259817,1.0,,,,,,,9.0,12.0,17.0,18.0,22.0,0,0,0,0,0,1,False,False,False,False,False,False,False
sz002136,2024-11-21,first_probe,1,首次试盘,6.04651162790697,3.5348837209302486,30.474744701474943,0.7230769230769236,0.0,0.45578653379405115,0.3701538037157709,0.561272217025266,6.641721234798892,1.6744186046511622,0,0,0.0,82.77303394654444,1,4.574565416285448,-5.763952424519658,0.27447392497714773,1,4.574565416285448,-7.227813357731005,-1.8298261665141702,1,4.574565416285448,-18.298261665141812,-10.521500457456545,1,4.574565416285448,-18.298261665141812,-9.881061299176574,,,,,,,,4.0,24.0,28.0,30.0,,0,0,0,0,0,0,False,True,False,False,False,False,False
sz002139,2025-08-27,first_probe,1,首次试盘,4.796320630748996,4.402102496714844,19.124481927760055,1.1095890410958906,0.0,0.2990478328242162,0.12763048068260477,1.0624169986719778,5.909694555112877,-0.5256241787122251,0,0,0.0,74.8514838852284,1,2.3778071334213946,-8.124174372523118,-4.425363276089833,1,11.955085865257598,-8.124174372523118,4.689564068692209,1,11.955085865257598,-9.97357992073976,-9.907529722589171,1,11.955085865257598,-16.974900924702773,-15.587846763540302,16.0,16.0,16.0,,,,,4.0,6.0,42.0,56.0,,0,0,0,0,0,1,False,False,False,False,False,False,False
sz002141,2024-09-10,first_probe,1,首次试盘,5.594405594405605,5.594405594405605,31.637943521075393,1.7499999999999973,0.0,0.9962109724854978,0.262910389120511,-0.694444444444442,4.861111111111116,-4.195804195804187,0,0,0.0,86.41973504134418,1,-3.649635036496357,-16.788321167883225,-12.408759124087599,1,-3.649635036496357,-18.248175182481752,-15.328467153284686,1,22.627737226277354,-18.248175182481752,16.058394160583944,1,38.6861313868613,-18.248175182481752,37.226277372262764,30.0,30.0,36.0,37.0,38.0,56.0,,1.0,2.0,4.0,8.0,,0,1,1,1,1,1,True,True,False,False,False,False,False
sz002144,2025-02-07,first_probe,1,首次试盘,8.365758754863828,5.350194552529186,20.916790572491966,0.8023255813953492,0.0,0.2730735053129002,0.17284456552138283,0.6876227897838927,9.43025540275051,1.9512195121951237,0,0,0.0,79.97146570501744,1,0.9569377990430672,-2.8708133971291794,-1.2440191387559696,1,11.291866028708153,-2.8708133971291794,7.272727272727297,1,19.138755980861255,-3.923444976076562,-3.923444976076562,1,19.138755980861255,-15.98086124401914,8.229665071770341,15.0,16.0,19.0,28.0,,,,41.0,41.0,41.0,42.0,,0,0,0,0,0,0,False,False,False,False,False,False,False
sz002146,2024-11-01,first_probe,1,首次试盘,8.426966292134818,5.617977528089879,18.874602929901044,0.733333333333333,0.0,0.273605211140857,0.12060349491603298,-0.5586592178770999,7.8212290502793325,2.2471910112359605,0,0,0.0,78.01495964223597,1,46.703296703296694,-6.593406593406604,9.340659340659329,1,46.703296703296694,-6.593406593406604,11.538461538461519,1,46.703296703296694,-6.593406593406604,-1.6483516483516536,1,46.703296703296694,-24.17582417582418,-24.17582417582418,2.0,2.0,3.0,3.0,4.0,4.0,5.0,1.0,42.0,43.0,45.0,59.0,1,1,1,0,0,0,False,False,False,False,False,False,False
sz002149,2025-01-13,first_probe,1,首次试盘,5.132543711223914,2.7636773829667227,18.35583394470884,0.8351648351648367,0.0,0.39431092407700796,0.033118734100434796,-4.006497022198152,0.9204114780725581,0.8460236886632666,0,0,0.0,73.6309504494689,1,8.389261744966436,-4.921700223713643,-4.921700223713643,1,8.389261744966436,-6.319910514541382,-4.921700223713643,1,42.61744966442953,-6.319910514541382,26.11856823266221,1,42.61744966442953,-6.319910514541382,9.228187919463092,1.0,2.0,23.0,33.0,33.0,37.0,38.0,11.0,,,,,0,1,1,0,0,0,False,False,False,False,False,False,False
sz002153,2025-11-19,first_probe,1,首次试盘,7.533632286995506,6.816143497757854,16.46848650685119,0.8809523809523814,0.0,0.5043131826231741,0.27108512882392727,3.4451495920217567,8.703535811423402,-1.4022787028922012,0,0,0.0,82.31141578265772,1,20.266666666666655,-9.599999999999998,-2.0444444444444487,1,20.266666666666655,-11.466666666666658,-9.244444444444433,1,43.466666666666676,-11.466666666666658,37.155555555555566,1,49.15555555555557,-11.466666666666658,11.111111111111116,4.0,4.0,4.0,5.0,5.0,38.0,39.0,1.0,2.0,19.0,,,1,1,1,0,0,1,False,False,False,False,False,False,False
sz002154,2025-11-14,first_probe,1,首次试盘,5.660377358490565,3.301886792452824,22.003664536583255,1.0,0.0,0.28991306751966883,0.3617370839171415,0.0,5.660377358490565,0.0,0,0,0.0,81.31709271638266,1,6.132075471698117,-6.839622641509435,-3.0660377358490587,1,6.132075471698117,-8.018867924528305,-7.547169811320764,1,6.132075471698117,-9.905660377358494,-7.547169811320764,1,6.132075471698117,-9.905660377358494,-4.009433962264152,2.0,,,,,,,5.0,20.0,,,,0,0,0,0,0,1,False,False,False,False,False,False,False
sz002156,2025-04-07,first_probe,1,首次试盘,4.872969596001653,3.5401915868388034,22.89147041987576,1.1025641025641035,0.0,0.622681491087618,-0.07726539734290944,-9.532780708364719,-5.124340617935186,-0.49979175343607407,0,0,0.0,75.80139181027137,1,10.757639179573042,-10.004185851820846,7.325240686479706,1,11.259941398074492,-10.004185851820846,10.087902888237753,1,11.259941398074492,-10.004185851820846,-0.0837170364169082,1,11.259941398074492,-10.004185851820846,5.023022185014647,4.0,4.0,4.0,,,,,1.0,2.0,2.0,,,0,0,0,0,0,1,False,False,False,False,False,False,False
sz002156,2025-09-02,retest_probe,2,重新试盘,6.737275669314502,6.472491909385103,17.811137196282836,0.9344978165938871,0.0,0.32473267507025866,-0.04657394193181022,-2.551605504587162,4.013761467889898,0.44130626654899086,0,0,0.0,75.95561976288286,1,8.758055067369664,-11.364967779730517,-1.991798476859985,1,20.269478617457537,-11.364967779730517,17.66256590509667,1,40.56824838898654,-11.364967779730517,17.633274751025183,1,40.56824838898654,-11.364967779730517,6.678383128295251,1.0,1.0,16.0,17.0,20.0,22.0,22.0,2.0,3.0,3.0,,,1,1,1,0,0,1,False,False,True,False,False,False,False
sz002160,2025-03-28,first_probe,1,首次试盘,9.620253164556969,8.860759493670866,17.21151030789993,0.5000000000000012,0.0,0.6530735101369929,0.3927914527464123,-0.24875621890546595,7.7114427860696555,3.2418952618453734,0,0,0.0,83.28221186825826,1,1.2077294685990614,-27.053140096618357,-12.56038647342994,1,1.2077294685990614,-27.053140096618357,-11.835748792270529,1,2.1739130434782705,-27.053140096618357,-5.797101449275354,1,6.038647342995174,-27.053140096618357,5.314009661835772,59.0,,,,,,,1.0,5.0,5.0,6.0,6.0,0,0,0,0,1,1,False,True,False,False,False,False,False
sz002161,2025-06-13,first_probe,1,首次试盘,12.371134020618557,10.603829160530198,20.92338710029263,0.5595238095238093,0.0,0.4052586354568654,0.3807044047713272,-2.588555858310615,3.9509536784741117,0.13986013986013734,0,0,0.0,83.61727947998443,1,0.9776536312849249,-13.966480446927376,-8.379888268156432,1,0.9776536312849249,-13.966480446927376,-9.77653631284916,1,18.29608938547487,-13.966480446927376,10.754189944134062,1,32.12290502793298,-13.966480446927376,12.290502793296065,23.0,30.0,30.0,31.0,44.0,47.0,,2.0,3.0,5.0,,,0,0,1,0,0,1,False,True,False,False,False,False,False
sz002162,2024-09-19,first_probe,1,首次试盘,5.351170568561869,3.678929765886285,20.139825181211563,0.6250000000000018,0.0,0.39139998536235,0.3661390417251367,0.6756756756756799,6.4189189189189255,2.348993288590595,0,0,0.0,78.32599719463596,1,26.885245901639365,-5.573770491803276,9.836065573770503,1,26.885245901639365,-5.573770491803276,11.8032786885246,1,34.0983606557377,-5.573770491803276,16.72131147540985,1,64.91803278688526,-5.573770491803276,34.0983606557377,6.0,6.0,7.0,7.0,8.0,31.0,55.0,2.0,,,,,1,1,1,0,0,0,False,False,False,False,False,False,False
sz002162,2025-02-27,retest_probe,2,重新试盘,6.417112299465244,3.475935828876997,18.630664944066456,0.7916666666666672,0.0,0.4240256941766842,0.30189835472949084,0.8064516129032251,6.989247311827951,1.0666666666666602,0,0,0.0,80.90858173228676,1,27.968337730870708,-2.37467018469657,21.899736147757267,1,51.978891820580465,-2.37467018469657,12.137203166226907,1,51.978891820580465,-15.567282321899734,9.234828496042201,1,51.978891820580465,-15.567282321899734,7.387862796833788,1.0,1.0,1.0,2.0,7.0,11.0,12.0,27.0,27.0,28.0,28.0,,1,1,1,0,0,0,False,False,True,False,False,False,False
sz002162,2025-04-25,retest_probe,3,重新试盘,6.5693430656934115,3.8929440389294134,18.225831569029744,0.8888888888888911,0.0,0.8139067787780822,0.6941200065240004,0.995024875621886,8.955223880597018,1.9704433497536922,0,0,0.0,87.08144015813417,1,6.038647342995174,-6.763285024154586,2.1739130434782705,1,7.246376811594213,-6.763285024154586,-1.6908212560386326,1,19.806763285024154,-6.763285024154586,3.1400966183574797,1,19.806763285024154,-6.763285024154586,8.69565217391306,5.0,22.0,23.0,23.0,,,,1.0,,,,,0,0,0,0,0,0,True,True,True,True,True,True,False
sz002162,2025-11-26,retest_probe,4,重新试盘,10.169491525423746,6.779661016949157,46.1952418955536,0.7708333333333329,0.0,0.521871196263931,0.45400529620944136,0.0,9.704641350210963,1.8987341772151778,0,0,0.0,88.75709136935662,1,13.871635610766052,-1.242236024844734,6.62525879917184,1,15.527950310559003,-9.523809523809524,-2.898550724637672,1,19.66873706004142,-9.523809523809524,6.8322981366459645,1,20.082815734989644,-9.523809523809524,15.3209109730849,1.0,1.0,5.0,11.0,59.0,,,12.0,13.0,,,,1,0,0,0,0,0,False,True,False,False,False,False,False
sz002163,2025-05-09,first_probe,1,首次试盘,6.896551724137945,6.20689655172415,16.42745963378281,0.4500000000000012,0.0,0.8035779595504314,0.34195543777385484,-2.111111111111108,3.3333333333333437,2.497162315550505,0,0,0.0,80.32608847101262,1,-0.6644518272425071,-8.859357696566983,-8.748615725359898,1,2.436323366555926,-10.077519379844968,-2.5470653377629993,1,9.302325581395344,-10.077519379844968,3.100775193798455,1,34.5514950166113,-10.077519379844968,11.184939091915824,33.0,39.0,45.0,49.0,50.0,52.0,,3.0,9.0,11.0,,,0,0,1,0,0,1,True,False,False,False,False,False,False
sz002163,2025-10-20,retest_probe,2,重新试盘,6.007393715341958,5.360443622920519,15.771505197487263,0.8307692307692317,0.0,0.35500845561236444,0.20374987495013688,-0.6427915518824601,5.325987144168964,1.0166358595194103,0,0,0.0,77.22282608619011,1,31.473010064043905,-4.117108874656905,31.473010064043905,1,65.32479414455628,-4.117108874656905,43.3668801463861,1,73.10155535224156,-4.117108874656905,46.84354986276305,1,129.0027447392498,-4.117108874656905,68.5269899359561,7.0,7.0,8.0,8.0,9.0,10.0,11.0,,,,,,1,1,1,0,0,0,False,False,True,False,False,False,False
sz002164,2025-05-08,first_probe,1,首次试盘,4.95951417004048,3.0364372469635414,14.406372906052189,1.3469387755102051,0.0,0.40707247354919707,0.16243707026426885,-4.222451081359424,6.797116374871259,4.408602150537644,0,0,0.0,76.13260483596495,1,14.418125643666313,-6.28218331616891,-5.56127703398559,1,14.418125643666313,-11.637487126673541,-9.371781668383106,1,14.418125643666313,-15.75695159629249,-7.929969104016488,1,14.418125643666313,-15.75695159629249,-8.135942327497435,1.0,1.0,2.0,,,,,10.0,12.0,16.0,31.0,,0,0,0,0,0,1,False,False,False,False,False,False,False
sz002164,2025-09-10,retest_probe,2,重新试盘,6.32818248712288,4.856512141280356,15.551377841834997,0.6279069767441855,0.0,0.38201609476273224,-0.11549005103393235,-3.7535410764872434,2.337110481586402,2.3546725533480473,0,0,0.0,72.1241089421307,1,16.319194823867722,-2.9475197699496802,14.162473040977709,1,16.319194823867722,-5.463695183321349,-0.5751258087706712,1,16.319194823867722,-11.35873472322071,-10.999281092739032,1,23.652048885693745,-12.293314162473045,21.710999281092747,5.0,6.0,6.0,10.0,60.0,,,17.0,25.0,39.0,,,1,0,0,0,0,0,False,False,True,False,False,False,False
sz002165,2025-08-21,first_probe,1,首次试盘,5.452674897119336,4.115226337448541,13.588935137294207,0.7924528301886801,0.0,0.44702759474738435,0.5479957876044456,-0.42105263157893313,7.8947368421052655,3.9112050739957605,0,0,0.0,79.86698334693267,1,11.597151576805697,-8.036622583926768,6.714140386571721,1,11.597151576805697,-8.036622583926768,-5.086469989827059,1,11.597151576805697,-15.564598168870802,-13.326551373346906,1,11.597151576805697,-20.142421159715163,-19.735503560529,6.0,10.0,10.0,,,,,3.0,5.0,23.0,23.0,60.0,0,0,0,0,0,1,False,False,False,False,False,False,False
sz002165,2025-11-17,retest_probe,2,重新试盘,4.966139954853288,4.176072234762995,26.42076614850344,0.5454545454545443,0.0,0.4819381645408595,0.6242784846709329,0.2293577981651307,6.65137614678899,3.661327231121292,0,0,0.0,80.38484463871143,1,-0.551876379690952,-15.011037527593817,-10.375275938189855,1,-0.551876379690952,-19.646799116997794,-16.335540838852104,1,-0.551876379690952,-20.309050772626936,-12.69315673289183,1,65.45253863134657,-20.309050772626936,34.65783664459159,45.0,46.0,46.0,46.0,48.0,52.0,52.0,2.0,4.0,4.0,5.0,22.0,0,0,1,1,1,1,False,False,True,False,False,False,False
sz002172,2024-10-30,first_probe,1,首次试盘,5.762711864406778,4.745762711864399,14.129309605873523,0.4117647058823548,0.0,0.5511760680485543,0.55582891884849,-1.0033444816053616,4.347826086956519,3.040540540540526,0,0,0.0,78.2148120252714,1,17.04918032786886,-3.60655737704918,7.540983606557372,1,17.04918032786886,-3.60655737704918,7.868852459016407,1,43.27868852459018,-3.60655737704918,13.442622950819683,1,43.27868852459018,-5.573770491803276,1.6393442622950838,5.0,6.0,6.0,7.0,23.0,30.0,34.0,52.0,,,,,1,1,1,0,0,0,False,False,False,False,False,False,False
sz002172,2024-11-08,retest_probe,2,重新试盘,6.886227544910173,4.790419161676662,18.221595150635558,0.7391304347826084,0.0,0.33094337563857,0.3589312004596504,1.1904761904761862,6.25,0.0,0,0,0.0,81.09298153809445,1,3.8235294117646923,-11.764705882352944,-7.352941176470584,1,9.411764705882364,-11.764705882352944,8.823529411764719,1,28.52941176470589,-14.411764705882346,-8.823529411764696,1,28.52941176470589,-15.294117647058824,0.0,16.0,16.0,21.0,23.0,26.0,,,3.0,5.0,6.0,45.0,,0,1,0,0,0,1,False,False,True,False,False,False,False
sz002172,2025-02-28,retest_probe,3,重新试盘,10.000000000000009,6.764705882352939,31.066460295031156,0.7352941176470582,0.0,0.4007908717339282,0.3321591738805962,-0.28901734104045396,8.092485549132956,1.1594202898550732,0,0,0.0,85.39748771459116,1,18.911174785100293,-2.5787965616045905,16.045845272206293,1,18.911174785100293,-3.4383954154727836,-2.2922636103151928,1,18.911174785100293,-20.057306590257884,-2.865329512893988,1,18.911174785100293,-20.057306590257884,4.871060171919761,6.0,7.0,7.0,10.0,,,,21.0,25.0,25.0,26.0,27.0,1,0,0,0,0,0,False,True,True,False,True,False,False
sz002172,2025-03-11,retest_probe,4,重新试盘,8.611111111111104,4.722222222222228,22.688309244260545,0.580645161290323,0.0,0.3391470207163559,0.5394979115295067,-0.8426966292134908,9.831460674157299,5.665722379603411,0,0,0.0,84.1704855728812,1,11.260053619302957,-9.651474530831095,-8.042895442359244,1,11.260053619302957,-25.201072386058975,-17.158176943699733,1,11.260053619302957,-25.201072386058975,-1.8766756032171594,1,22.520107238605913,-25.201072386058975,22.520107238605913,3.0,3.0,3.0,60.0,60.0,,,8.0,9.0,14.0,18.0,19.0,0,0,0,0,0,1,False,True,False,False,False,False,False
sz002172,2025-06-11,retest_probe,5,重新试盘,8.478260869565224,2.826086956521756,39.64642246791108,1.1282051282051275,0.0,0.287597367717473,-0.019365405763848813,0.6564551422319376,9.19037199124726,-1.0869565217391242,0,0,0.0,81.00096748608856,1,11.86813186813187,-18.461538461538463,-15.384615384615374,1,11.86813186813187,-18.461538461538463,-14.28571428571428,1,11.86813186813187,-18.461538461538463,-6.593406593406592,1,11.86813186813187,-18.461538461538463,-9.450549450549438,1.0,1.0,2.0,,,,,1.0,5.0,6.0,6.0,,0,0,0,0,0,1,False,False,False,False,False,False,False
sz002173,2024-10-14,first_probe,1,首次试盘,6.413994169096204,3.206997084548102,19.847660737894973,0.5227272727272723,0.0,0.5153356610550945,0.29138558704509276,0.2954209748892156,7.828655834564269,4.123711340206193,0,0,0.0,79.303202891209,1,9.900990099009888,-1.5558698727015652,8.203677510608198,1,54.03111739745403,-1.5558698727015652,48.51485148514851,1,58.4158415841584,-1.5558698727015652,34.93635077793491,1,75.53041018387552,-1.5558698727015652,17.25601131541723,2.0,2.0,11.0,11.0,12.0,14.0,16.0,,,,,,1,1,1,0,0,0,False,False,False,False,False,False,False
sz002173,2024-11-11,retest_probe,2,重新试盘,5.523255813953498,2.9069767441860295,16.19655892724131,0.6842105263157902,0.0,0.32439977214225457,0.3734542619180986,1.4084507042253502,9.557344064386331,4.166666666666674,0,0,0.0,77.59294138288027,1,6.666666666666665,-23.904761904761905,-20.190476190476183,1,6.666666666666665,-23.904761904761905,-9.142857142857153,1,18.1904761904762,-25.904761904761898,-21.047619047619058,1,18.1904761904762,-25.904761904761898,-3.904761904761911,1.0,28.0,28.0,28.0,,,,2.0,3.0,4.0,5.0,5.0,0,0,0,0,0,1,False,False,True,False,False,False,False
sz002173,2024-11-12,continuous_probe,3,连续试盘,8.317214700193421,6.5764023210831635,15.85529817437663,1.011627906976744,0.0,0.2603107577271816,0.3405031949719416,1.2380952380952381,6.666666666666665,-2.822201317027284,0,0,0.0,82.53907681523205,1,4.065827686350443,-22.652468538238136,-13.552758954501453,1,4.065827686350443,-22.652468538238136,-5.42110358180059,1,20.13552758954502,-24.685382381413355,-11.713455953533403,1,20.13552758954502,-24.685382381413355,-4.937076476282664,25.0,26.0,27.0,27.0,27.0,,,2.0,2.0,3.0,4.0,4.0,0,1,0,0,1,1,False,False,True,False,False,False,False
sz002173,2024-12-27,retest_probe,4,重新试盘,5.221339387060153,4.540295119182747,18.957245441215765,0.4130434782608693,0.0,0.39710352368311147,0.2534603813645745,-0.22522522522524513,4.391891891891886,2.483069977426644,0,0,0.0,73.97903683752996,1,0.7709251101321701,-14.317180616740089,-7.709251101321579,1,1.2114537444933848,-14.317180616740089,-8.810572687224683,1,24.22907488986783,-14.317180616740089,8.81057268722467,1,46.36563876651982,-14.317180616740089,10.572687224669597,24.0,24.0,24.0,25.0,29.0,47.0,52.0,1.0,1.0,2.0,,,0,1,1,0,0,1,False,False,False,False,False,False,False
sz002173,2025-04-16,retest_probe,5,重新试盘,8.810068649885583,8.237986270022901,21.332215397946822,0.5194805194805202,0.0,0.3004237252562051,0.28817709647249323,-0.2259887005649719,7.457627118644061,3.171007927519809,0,0,0.0,80.1029576030731,1,3.9517014270032957,-6.147091108671776,0.5488474204171423,1,18.33150384193194,-6.147091108671776,11.964873765093298,1,40.175631174533486,-6.147091108671776,38.74862788144897,1,84.96158068057082,-6.147091108671776,53.128430296377616,11.0,12.0,12.0,12.0,22.0,30.0,30.0,8.0,,,,,1,1,1,0,0,0,False,False,False,False,False,False,False
sz002173,2025-04-18,continuous_probe,6,连续试盘,5.810055865921804,4.357541899441353,16.553418428044555,0.4999999999999983,0.0,0.5076398222382843,0.46551747670396343,0.786516853932584,6.404494382022485,2.6755852842809347,0,0,0.0,79.15545281859215,1,14.983713355048845,-7.166123778501632,9.771986970684022,1,27.3615635179153,-7.166123778501632,14.549402823018465,1,50.9229098805646,-7.166123778501632,47.557003257328965,1,82.95331161780672,-7.166123778501632,56.243213897937025,9.0,10.0,10.0,14.0,20.0,28.0,39.0,6.0,,,,,1,1,1,0,0,0,False,False,False,False,False,False,False
sz002173,2025-05-21,retest_probe,7,重新试盘,7.614678899082561,7.339449541284404,44.63580639292545,1.4216867469879513,0.0,0.38183958937173873,0.0598990658982978,1.869158878504673,9.62616822429907,-3.2110091743119185,0,0,0.0,83.29711923815955,1,21.042654028436015,-5.118483412322283,7.962085308056865,1,31.753554502369653,-5.118483412322283,28.815165876777236,1,59.71563981042654,-5.118483412322283,36.39810426540284,1,136.2085308056872,-5.118483412322283,136.2085308056872,7.0,7.0,7.0,8.0,8.0,19.0,28.0,3.0,,,,,1,1,1,0,0,0,False,True,False,False,False,False,False
sz002175,2024-10-10,first_probe,1,首次试盘,8.133971291866015,5.2631578947368585,14.069458109978864,0.7058823529411747,0.0,0.6205527580060795,0.5845683223144701,0.0,9.178743961352653,3.3816425120773097,0,0,0.0,84.54205876021808,1,3.738317757009346,-7.00934579439253,2.8037383177570208,1,48.13084112149531,-7.00934579439253,40.65420560747661,1,161.21495327102798,-7.00934579439253,111.68224299065419,1,296.7289719626168,-7.00934579439253,85.04672897196261,11.0,11.0,12.0,12.0,13.0,15.0,16.0,1.0,,,,,1,1,1,0,0,0,False,True,False,False,False,False,False
sz002175,2025-02-27,retest_probe,2,重新试盘,6.529209621993126,3.092783505154628,18.410148878329842,0.7105263157894751,0.0,0.33880404263712205,0.33513362542569136,-0.8695652173912993,7.826086956521738,4.035087719298236,0,0,0.0,80.120157554158,1,3.7099494097807773,-14.839797639123098,-3.8785834738617075,1,3.7099494097807773,-14.839797639123098,-13.322091062394604,1,3.7099494097807773,-38.95446880269814,-26.475548060708253,1,3.7099494097807773,-38.95446880269814,-25.1264755480607,,,,,,,,1.0,1.0,2.0,21.0,22.0,0,0,0,0,0,1,False,False,True,False,False,False,False
sz002179,2025-08-14,first_probe,1,首次试盘,6.813627254509025,4.7344689378757465,18.446444085903458,0.72794117647059,0.0,0.3181370333706677,0.022468130006642852,2.254098360655754,9.221311475409832,1.8537074148296417,0,0,0.0,75.40121158626775,1,4.476143630103291,-1.5740285292670797,3.1972454500737824,1,5.730447614363032,-4.943433349729465,-2.7299557304476085,1,5.730447614363032,-6.148548942449583,-5.87801278898179,1,5.730447614363032,-15.150024594195767,-11.657648794884402,12.0,,,,,,,23.0,43.0,44.0,49.0,,0,0,0,0,0,0,False,False,False,False,False,False,False
sz002181,2025-10-30,first_probe,1,首次试盘,5.241521068859201,4.213771839671132,13.61960836463366,1.2941176470588243,0.0,0.41507711115926055,0.26041064203059966,0.4106776180698102,5.133470225872694,-2.0449897750511203,0,0,0.0,78.2411074165354,1,46.03340292275575,0.20876826722338038,2.8183716075156573,1,46.03340292275575,-7.41127348643007,-3.3402922755741193,1,46.03340292275575,-15.448851774530281,-10.96033402922757,1,46.03340292275575,-15.448851774530281,22.54697286012526,1.0,1.0,1.0,2.0,2.0,3.0,4.0,15.0,26.0,30.0,34.0,,1,1,1,0,0,0,False,False,False,False,False,False,False
sz002186,2024-11-28,first_probe,1,首次试盘,5.595667870036092,4.332129963898912,18.92098231888156,0.6774193548387104,0.0,0.41892264408920926,0.1515801274008222,0.09033423667570428,5.691056910569103,1.8050541516245522,0,0,0.0,75.73814495424746,1,28.457446808510657,-0.35460992907800915,24.55673758865249,1,34.308510638297875,-0.35460992907800915,6.205673758865249,1,34.308510638297875,-12.056737588652478,-3.6347517730496492,1,34.308510638297875,-12.056737588652478,-3.1028368794326244,1.0,2.0,2.0,3.0,3.0,11.0,,26.0,26.0,31.0,,,1,1,1,0,0,0,False,False,False,False,False,False,False
sz002186,2025-08-19,retest_probe,2,重新试盘,5.0556983718937465,4.370179948586106,19.080292654563674,0.6610169491525435,0.0,0.2692222836652054,0.09845654995801549,1.0517090271691343,7.449605609114807,2.948829141370335,0,0,0.0,71.85312592209812,1,28.812131423757382,-0.5897219882055493,15.922493681550144,1,28.812131423757382,-0.5897219882055493,7.160909856781816,1,28.812131423757382,-8.340353833192914,-2.780117944397642,1,28.812131423757382,-8.340353833192914,2.9486099410278133,1.0,1.0,1.0,4.0,5.0,,,29.0,33.0,,,,1,1,0,0,0,0,False,False,True,False,False,False,False
sz002191,2025-04-11,first_probe,1,首次试盘,5.219780219780223,4.670329670329676,33.178871005349414,0.6315789473684218,0.0,0.3976061252219354,0.2763370076918771,-0.5540166204986208,6.094182825484773,3.342618384401108,0,0,0.0,78.26849028931349,1,2.156334231805923,-4.312668463611868,-2.156334231805934,1,2.156334231805923,-4.85175202156335,0.26954177897575704,1,14.555256064690036,-4.85175202156335,8.355795148247957,1,14.555256064690036,-4.85175202156335,10.512129380053903,34.0,34.0,34.0,,,,,,,,,,0,0,0,0,0,0,False,False,False,False,False,False,False
sz002193,2024-09-05,first_probe,1,首次试盘,6.153846153846154,5.128205128205132,15.021981837606837,1.0,0.0,0.7805293912556596,0.5158786180508265,-0.26109660574412663,8.09399477806787,2.0942408376963373,0,0,0.0,84.9826868190317,1,4.871794871794877,-6.923076923076921,1.2820512820512997,1,34.87179487179486,-6.923076923076921,10.512820512820497,1,36.410256410256416,-6.923076923076921,31.538461538461537,1,145.12820512820514,-6.923076923076921,145.12820512820514,11.0,12.0,14.0,15.0,15.0,16.0,53.0,7.0,,,,,1,1,1,0,0,0,True,True,False,False,False,False,False
sz002193,2025-01-10,retest_probe,2,重新试盘,7.544378698224841,3.8461538461538325,14.669655287492992,0.5490196078431362,0.0,0.27908652683643226,0.03718774293844381,-1.3235294117647012,6.911764705882351,4.172876304023854,0,0,0.0,72.92105096397242,1,11.587982832618016,-16.452074391988557,-12.160228898426329,1,11.587982832618016,-16.452074391988557,-5.4363376251788225,1,11.587982832618016,-16.452074391988557,-10.586552217453505,1,11.587982832618016,-39.19885550786838,-19.885550786838348,1.0,2.0,2.0,,,,,6.0,6.0,7.0,10.0,45.0,0,0,0,0,0,1,False,False,True,False,False,False,False
sz002193,2025-04-15,retest_probe,3,重新试盘,5.026929982046657,3.949730700179521,20.949725517415448,0.8928571428571449,0.0,0.6605336039064942,0.19249272426762648,0.36832412523020164,7.734806629834257,2.752293577981635,0,0,0.0,78.57827813845934,1,0.0,-17.321428571428566,-12.678571428571427,1,6.964285714285734,-17.321428571428566,0.3571428571428559,1,6.964285714285734,-17.321428571428566,3.214285714285725,1,12.5,-17.321428571428566,11.250000000000004,16.0,48.0,51.0,,,,,1.0,2.0,2.0,9.0,,0,0,0,0,0,1,False,False,True,False,False,False,False
sz002193,2025-05-14,retest_probe,4,重新试盘,4.873646209386284,4.1516245487364545,18.219698990977005,0.5555555555555545,0.0,0.6978878764412972,0.26278271148467214,0.0,4.496402877697836,1.7985611510791477,0,0,0.0,75.90408677083826,1,4.59363957597172,-2.473498233215554,-0.7067137809187329,1,5.653710247349819,-2.6501766784452374,3.7102473498233257,1,10.600706713780905,-6.7137809187279185,8.303886925795045,1,14.664310954063598,-6.7137809187279185,12.720848056537104,18.0,33.0,33.0,,,,,25.0,,,,,0,0,0,0,0,0,True,False,False,False,False,False,False
sz002194,2025-04-17,first_probe,1,首次试盘,6.949806949806958,5.501930501930508,20.356353684086006,0.8750000000000003,0.0,0.6893633511127215,0.38751657235672404,-0.583657587548625,7.782101167315192,2.250489236790587,0,0,0.0,85.53225830893885,1,51.29186602870814,0.0,21.244019138756,1,57.320574162679435,0.0,40.66985645933015,1,61.3397129186603,0.0,38.851674641148335,1,61.3397129186603,0.0,25.454545454545464,1.0,1.0,1.0,2.0,2.0,3.0,5.0,,,,,,1,1,1,0,0,0,True,True,False,False,False,False,False
sz002195,2024-11-15,first_probe,1,首次试盘,5.312499999999987,4.062499999999991,15.427631988653472,0.8823529411764705,0.0,0.5670637286664542,0.5432484526282891,-0.3095975232198067,4.334365325077405,0.0,0,0,0.0,81.83092501670279,1,19.875776397515523,-8.385093167701863,14.28571428571428,1,84.1614906832298,-8.385093167701863,40.37267080745339,1,84.1614906832298,-8.385093167701863,23.60248447204969,1,84.1614906832298,-8.385093167701863,48.136645962732906,5.0,7.0,7.0,7.0,11.0,12.0,13.0,1.0,2.0,,,,1,1,1,0,0,1,False,False,False,False,False,False,False
sz002196,2025-02-07,first_probe,1,首次试盘,7.072368421052633,3.6184210526315708,19.20389152461949,0.511627906976744,0.0,0.30281044127910867,0.08813810922729051,0.0,7.072368421052633,3.453947368421062,0,0,0.0,74.70244662212437,1,7.790143084260737,-6.200317965023839,4.9284578696343395,1,27.344992050874396,-6.200317965023839,27.344992050874396,1,106.5182829888712,-6.200317965023839,23.529411764705866,1,106.5182829888712,-6.200317965023839,70.27027027027029,9.0,11.0,11.0,14.0,19.0,21.0,21.0,5.0,,,,,1,1,1,0,0,0,False,False,False,False,False,False,False
sz002196,2025-04-25,retest_probe,2,重新试盘,7.294832826747721,7.193515704154008,14.437260288176732,0.9444444444444432,0.0,0.79944148812725,0.20665567963533693,0.0,9.175257731958775,2.164948453608262,0,0,0.0,81.79723006947833,1,14.026236125126147,-7.870837537840558,6.458123107971758,1,14.026236125126147,-7.870837537840558,-5.247225025227042,1,14.026236125126147,-16.54894046417761,-8.577194752774975,1,14.026236125126147,-16.54894046417761,-9.485368314833497,3.0,3.0,3.0,,,,,1.0,22.0,23.0,36.0,,0,0,0,0,0,0,True,False,True,True,False,True,False
sz002204,2025-03-28,first_probe,1,首次试盘,4.899135446685876,3.0259365994236287,74.32400523110275,1.0,0.0,0.4756463574195596,0.15466521693113952,-9.987029831387806,-5.577172503242533,0.0,0,0,0.0,79.27272714148921,1,-5.619596541786754,-27.52161383285303,-15.994236311239195,1,-3.458213256484155,-27.52161383285303,-13.11239193083573,1,-3.458213256484155,-27.52161383285303,-11.38328530259366,1,-3.458213256484155,-27.52161383285303,-14.841498559077815,,,,,,,,1.0,1.0,2.0,5.0,5.0,0,0,0,1,1,1,False,False,False,False,False,False,False
sz002205,2024-12-17,first_probe,1,首次试盘,10.010010010010006,3.5035035035035023,24.267895764330913,0.7200000000000006,0.0,0.6230104188366594,0.10552048763641676,-0.583657587548625,6.906614785992216,0.4892367906066397,0,0,0.0,82.17855065432556,1,21.032132424537497,-15.774099318403112,-13.242453748782857,1,21.032132424537497,-27.45861733203505,-19.47419668938656,1,21.032132424537497,-27.45861733203505,-9.347614410905546,1,21.032132424537497,-27.45861733203505,-3.40798442064264,1.0,1.0,1.0,2.0,2.0,,,4.0,5.0,5.0,6.0,12.0,1,1,0,0,0,0,False,False,False,False,False,False,False
sz002205,2025-06-30,retest_probe,2,重新试盘,6.666666666666665,3.083333333333327,27.023771976960017,1.6249999999999996,0.0,0.4869906444254939,-0.00742350566430807,2.127659574468077,8.936170212765958,-4.1666666666666625,0,0,0.0,81.70061162368378,1,13.043478260869556,-4.086956521739138,0.08695652173913437,1,29.47826086956522,-4.086956521739138,27.21739130434784,1,48.43478260869565,-4.086956521739138,26.086956521739136,1,48.43478260869565,-4.086956521739138,14.521739130434774,3.0,5.0,7.0,16.0,17.0,21.0,31.0,,,,,,1,1,1,0,0,0,False,False,True,False,False,False,False
sz002208,2024-11-25,first_probe,1,首次试盘,8.796764408493418,5.56117290192113,22.78172820088919,0.8735632183908051,0.0,0.275975470034509,-0.08394403737573435,0.5081300813008172,9.349593495934961,1.1122345803842304,0,0,0.0,77.77114911739623,1,-2.200000000000002,-18.000000000000004,-10.500000000000009,1,-2.200000000000002,-26.5,-26.200000000000003,1,-2.200000000000002,-36.6,-31.799999999999994,1,-2.200000000000002,-36.6,-24.3,,,,,,,,1.0,1.0,2.0,2.0,15.0,0,0,0,1,1,1,False,False,False,False,False,False,False
sz002210,2025-04-25,first_probe,1,首次试盘,6.563706563706551,3.47490347490349,13.355592319535994,0.6470588235294114,0.0,0.39068766997611615,0.4104475429098521,-1.5686274509803977,8.23529411764705,5.5776892430278835,0,0,0.0,78.94238011260062,1,0.0,-7.169811320754715,-3.396226415094339,1,3.396226415094361,-7.169811320754715,-5.283018867924538,1,7.169811320754715,-13.584905660377355,-0.37735849056602655,1,28.301886792452823,-13.584905660377355,13.962264150943394,39.0,41.0,42.0,43.0,44.0,,,1.0,32.0,35.0,,,0,0,0,0,0,0,False,False,False,False,False,False,False
sz002210,2025-10-31,retest_probe,2,重新试盘,5.32687651331718,3.147699757869238,15.771178694789173,0.6818181818181802,0.0,0.8549160635185888,0.650206978442689,-0.4987531172069737,8.478802992518709,5.263157894736836,0,0,0.0,82.02268366391763,1,13.571428571428545,-0.7142857142857229,0.952380952380949,1,13.571428571428545,-13.33333333333333,-10.238095238095246,1,13.571428571428545,-15.714285714285714,-10.952380952380947,1,13.571428571428545,-26.190476190476186,-25.0,1.0,1.0,1.0,,,,,13.0,15.0,16.0,30.0,52.0,0,0,0,0,0,1,True,False,True,True,False,True,True
sz002211,2025-02-20,first_probe,1,首次试盘,7.268170426065157,3.7593984962405846,17.98921162393338,0.4827586206896571,0.0,0.3755454325341849,0.3099937457447408,0.0,7.8085642317380355,4.282115869017611,0,0,0.0,78.7782702537343,1,10.6280193236715,-6.28019323671497,-2.1739130434782594,1,10.6280193236715,-6.28019323671497,-0.9661835748792313,1,10.6280193236715,-32.850241545893724,-17.87439613526569,1,10.6280193236715,-43.47826086956522,-30.434782608695656,1.0,1.0,4.0,,,,,7.0,22.0,22.0,31.0,32.0,0,0,0,0,0,0,False,False,False,False,False,False,False
sz002211,2025-02-21,continuous_probe,2,连续试盘,6.117647058823517,4.0000000000000036,22.50004465601659,0.7692307692307705,0.0,0.5250263560824281,0.29796095581967513,1.2077294685990614,8.937198067632846,2.8639618138424527,0,0,0.0,81.77646628141903,1,6.264501160092828,-9.976798143851507,-4.408352668213444,1,6.264501160092828,-9.976798143851507,-7.42459396751739,1,6.264501160092828,-35.49883990719257,-29.00232018561484,1,6.264501160092828,-45.707656612529,-35.266821345707655,3.0,,,,,,,1.0,6.0,21.0,21.0,30.0,0,0,0,0,0,1,False,False,True,False,False,False,False
sz002213,2025-10-23,first_probe,1,首次试盘,7.481662591687055,4.303178484107573,13.837748167981063,0.5490196078431367,0.0,0.25736403784998035,0.20732100150567956,0.0474608448030267,4.318936877076407,0.2846299810246755,0,0,0.0,74.9516742497056,1,39.545884578997146,-0.42573320719015983,32.78145695364238,1,73.32071901608326,-0.42573320719015983,73.32071901608326,1,73.32071901608326,-0.42573320719015983,25.543992431409634,1,73.32071901608326,-0.42573320719015983,47.11447492904446,1.0,1.0,2.0,2.0,2.0,3.0,13.0,,,,,,1,1,1,0,0,0,False,False,False,False,False,False,False
sz002218,2024-09-03,first_probe,1,首次试盘,7.017543859649122,3.5087719298245723,42.959717211375214,0.6999999999999993,0.0,0.44463967198468873,0.308412109475707,-0.7017543859649145,7.017543859649122,2.8268551236749095,0,0,0.0,83.58944484389271,1,1.7182130584192379,-4.810996563573888,0.0,1,40.2061855670103,-4.810996563573888,21.305841924398617,1,40.2061855670103,-4.810996563573888,31.615120274914087,1,40.2061855670103,-4.810996563573888,33.33333333333333,14.0,16.0,16.0,16.0,17.0,18.0,18.0,,,,,,1,1,1,0,0,0,False,True,False,False,False,False,False
sz002225,2024-12-10,first_probe,1,首次试盘,5.691056910569103,3.4552845528455167,18.09963466823862,0.7499999999999992,0.0,0.3305648128852327,0.3293194310025467,2.9288702928870203,8.786610878661083,1.4227642276422925,0,0,0.0,78.63118680098789,1,13.426853707414832,-2.605210420841686,0.4008016032064132,1,13.827655310621223,-7.414829659318634,11.222444889779549,1,20.240480961923836,-7.414829659318634,10.42084168336672,1,29.25851703406814,-7.414829659318634,18.8376753507014,2.0,3.0,3.0,21.0,23.0,,,11.0,,,,,0,1,0,0,0,0,False,False,False,False,False,False,False
sz002226,2024-09-18,first_probe,1,首次试盘,5.454545454545445,5.1948051948051965,20.042326637558574,0.9047619047619044,0.0,0.5170261081423665,0.29571802512270534,2.1621621621621623,9.72972972972972,2.3809523809523947,0,0,0.0,80.71653399699521,1,30.23255813953487,-3.6175710594315236,13.953488372093027,1,30.23255813953487,-3.6175710594315236,17.829457364341074,1,52.97157622739017,-3.6175710594315236,42.1188630490956,1,52.97157622739017,-3.6175710594315236,40.568475452196395,5.0,7.0,7.0,8.0,9.0,9.0,24.0,,,,,,1,1,1,0,0,0,False,False,False,False,False,False,False
sz002227,2025-02-14,first_probe,1,首次试盘,7.826887661141813,5.893186003683248,30.526284790957252,0.6705882352941168,0.0,0.26014269817164715,0.18526224709141936,0.27649769585254,7.926267281105992,2.389705882352944,0,0,0.0,79.75614836231844,1,12.387791741472153,-3.052064631956908,12.387791741472153,1,43.62657091561939,-3.052064631956908,14.991023339317767,1,52.60323159784559,-18.22262118491922,1.077199281867136,1,52.60323159784559,-18.22262118491922,4.219030520646316,6.0,6.0,10.0,11.0,11.0,12.0,13.0,36.0,36.0,36.0,37.0,,1,1,1,0,0,0,False,False,False,False,False,False,False
sz002231,2024-11-13,first_probe,1,首次试盘,5.031446540880502,4.088050314465397,19.0602181947941,0.43749999999999983,0.0,0.282785726231589,0.25814043876491466,0.48154093097911854,7.223113964686978,4.472843450479247,0,0,0.0,72.65024433844249,1,-0.4587155963302836,-15.290519877675845,-7.4923547400611685,1,14.525993883792054,-15.290519877675845,9.02140672782874,1,27.37003058103975,-25.993883792048933,-15.749235474006118,1,27.37003058103975,-25.993883792048933,-11.162079510703371,17.0,18.0,18.0,21.0,22.0,,,1.0,2.0,2.0,3.0,36.0,0,1,0,0,0,1,False,False,False,False,False,False,False
sz002231,2024-12-05,retest_probe,2,重新试盘,5.144694533762073,3.536977491961424,15.922776551454058,0.6562499999999993,0.0,0.6959736684435999,0.6253728020126994,-0.4950495049504844,7.920792079207928,4.975124378109452,0,0,0.0,80.76692788065515,1,31.595576619273302,4.265402843601884,7.109004739336489,1,31.595576619273302,-19.431279620853093,-18.95734597156399,1,31.595576619273302,-23.538704581358616,-6.00315955766193,1,31.595576619273302,-23.538704581358616,-5.055292259083732,1.0,1.0,2.0,2.0,5.0,6.0,,13.0,14.0,14.0,20.0,21.0,1,1,1,0,0,0,True,False,True,True,False,True,True
sz002231,2025-08-21,retest_probe,3,重新试盘,5.208333333333326,4.583333333333339,21.175042111656378,1.9199999999999982,0.0,0.4587126308754151,-0.3196051086803846,-0.20790020790020236,4.98960498960499,-4.791666666666661,0,0,0.0,76.65506891812521,1,10.065645514223199,-12.035010940919054,-5.470459518599558,1,10.065645514223199,-14.442013129102849,-14.22319474835887,1,10.065645514223199,-37.85557986870898,-22.75711159737419,1,10.065645514223199,-37.85557986870898,-31.50984682713348,1.0,2.0,2.0,,,,,1.0,5.0,6.0,21.0,24.0,0,0,0,0,0,1,False,False,True,False,False,False,False
sz002235,2025-06-05,first_probe,1,首次试盘,6.643356643356646,6.643356643356646,25.495494944116498,0.5789473684210521,0.0,0.5839177925553516,0.6129997083338501,-0.17482517482516613,6.643356643356646,2.977232924693518,0,0,0.0,84.90217169952277,1,48.80952380952381,-4.5918367346938656,39.62585034013608,1,98.29931972789116,-4.5918367346938656,67.34693877551021,1,98.29931972789116,-4.5918367346938656,36.56462585034013,1,98.29931972789116,-4.5918367346938656,35.544217687074834,5.0,6.0,6.0,6.0,7.0,8.0,10.0,,,,,,1,1,1,0,0,0,False,True,False,False,False,False,False
sz002235,2025-11-13,retest_probe,2,重新试盘,6.233421750663126,4.641909814323597,41.74369909189907,0.5106382978723412,0.0,0.4001337412200683,0.46098504538835416,0.5354752342704217,7.2289156626506035,3.462050599201061,0,0,0.0,82.31411895516142,1,22.265122265122272,-1.5444015444015302,21.235521235521237,1,84.55598455598457,-1.5444015444015302,35.13513513513513,1,84.55598455598457,-1.5444015444015302,32.17503217503217,1,84.55598455598457,-1.5444015444015302,38.738738738738746,1.0,1.0,6.0,6.0,7.0,12.0,13.0,,,,,,1,1,1,0,0,0,False,False,True,False,False,False,False
sz002239,2024-12-05,first_probe,1,首次试盘,5.105105105105112,5.105105105105112,13.517133778434244,0.7647058823529409,0.0,0.8394859187343442,0.51332045753769,0.0,9.717868338557988,5.642633228840133,0,0,0.0,80.23546181100414,1,24.03560830860534,-5.934718100890213,9.198813056379818,1,24.03560830860534,-15.727002967359061,-15.727002967359061,1,24.03560830860534,-18.397626112759646,-5.341246290801194,1,24.03560830860534,-18.397626112759646,-6.824925816023741,8.0,9.0,9.0,9.0,10.0,,,8.0,18.0,19.0,20.0,,1,1,0,0,0,0,True,False,False,False,False,False,False
sz002245,2025-01-15,first_probe,1,首次试盘,7.671721677074039,6.422836752899186,14.574129866191576,0.6627906976744193,0.0,0.48136256713548053,0.20727751446905401,-0.34632034632035014,4.502164502164496,-0.08688097306689402,0,0,0.0,78.55451242521015,1,16.34782608695653,-3.4782608695652195,6.869565217391305,1,22.52173913043478,-3.4782608695652195,19.999999999999996,1,44.95652173913045,-3.4782608695652195,28.52173913043479,1,44.95652173913045,-8.434782608695656,7.478260869565223,4.0,6.0,6.0,6.0,19.0,22.0,24.0,53.0,53.0,,,,1,1,1,0,0,0,False,False,False,False,False,False,False
sz002247,2024-11-26,first_probe,1,首次试盘,6.737588652482263,4.255319148936176,17.924779741913287,0.894736842105263,0.0,0.4054146352538876,0.584887303389006,0.0,6.360424028268552,0.35335689045936647,0,0,0.0,84.75951783211828,1,17.6056338028169,-5.633802816901401,10.915492957746476,1,19.01408450704225,-8.098591549295776,-4.929577464788726,1,19.01408450704225,-20.070422535211264,-10.2112676056338,1,19.01408450704225,-20.070422535211264,-3.5211267605633645,4.0,4.0,4.0,6.0,,,,1.0,20.0,21.0,27.0,33.0,1,0,0,0,0,0,False,True,False,False,False,False,False
sz002247,2025-01-16,retest_probe,2,重新试盘,8.208955223880587,5.223880597014907,20.54341999429775,0.7272727272727267,0.0,0.5310957148469916,0.37487923005162244,0.0,9.433962264150942,3.396226415094361,0,0,0.0,84.65176691871986,1,0.36496350364962904,-8.394160583941623,-0.7299270072992692,1,4.014598540145986,-8.394160583941623,-2.554744525547459,1,4.014598540145986,-8.759124087591253,-3.284671532846728,1,4.014598540145986,-29.56204379562044,-10.58394160583942,,,,,,,,1.0,1.0,41.0,50.0,51.0,0,0,0,0,0,1,False,True,True,False,True,False,False
sz002248,2025-05-14,first_probe,1,首次试盘,7.342657342657355,5.827505827505819,19.702172393888965,1.0,0.0,0.4165069388000141,0.23722130923713272,0.0,7.719298245614037,0.35087719298245723,0,0,0.0,82.6408889933008,1,11.421911421911425,-2.0979020979020935,4.079254079254069,1,11.421911421911425,-2.0979020979020935,1.5151515151515138,1,11.421911421911425,-6.99300699300699,3.6130536130536184,1,40.90909090909092,-6.99300699300699,30.419580419580416,2.0,2.0,4.0,50.0,58.0,60.0,60.0,25.0,,,,,0,0,1,0,0,0,False,False,False,False,False,False,False
sz002253,2024-10-24,first_probe,1,首次试盘,5.847953216374258,5.133203378817419,20.626081929918552,1.088888888888889,0.0,0.5001773630490326,0.25636069137479195,2.1122112211221067,7.524752475247509,-1.0342598577892659,0,0,0.0,82.03682944224289,1,64.467668190725,-4.637491835401708,37.68778576094054,1,64.467668190725,-4.637491835401708,20.770738079686456,1,64.467668190725,-4.637491835401708,5.878510777269752,1,64.467668190725,-16.982364467668187,4.506858262573488,1.0,1.0,2.0,2.0,3.0,3.0,4.0,43.0,43.0,44.0,50.0,,1,1,1,0,0,0,False,False,False,False,False,False,False
sz002263,2024-11-28,first_probe,1,首次试盘,5.000000000000004,2.857142857142869,15.299249768154159,0.7142857142857143,0.0,0.379435516038532,0.1852637027684144,-0.3558718861210064,4.62633451957295,1.4285714285714235,0,0,0.0,73.41454064704345,1,9.507042253521124,-3.169014084507038,8.098591549295776,1,9.507042253521124,-14.436619718309851,-13.380281690140839,1,9.507042253521124,-21.830985915492953,-19.01408450704225,1,9.507042253521124,-21.830985915492953,-12.676056338028163,2.0,6.0,,,,,,15.0,17.0,17.0,24.0,26.0,0,0,0,0,0,1,False,False,False,False,False,False,False
sz002269,2025-03-14,first_probe,1,首次试盘,4.761904761904767,3.3333333333333215,28.447185150385135,0.6,0.0,1.2265053714049412,0.7236011196412895,0.9803921568627416,7.843137254901977,3.8834951456310662,0,0,0.0,82.82996985673762,1,2.3364485981308247,-14.485981308411223,-14.018691588785048,1,2.3364485981308247,-30.841121495327105,-14.018691588785048,1,2.3364485981308247,-30.841121495327105,-13.551401869158875,1,2.3364485981308247,-30.841121495327105,-17.28971962616823,,,,,,,,5.0,6.0,6.0,11.0,15.0,0,0,0,0,1,1,True,True,False,False,False,False,False
sz002269,2025-04-17,retest_probe,2,重新试盘,4.86486486486486,3.7837837837837673,33.30212279576008,0.6666666666666683,0.0,0.9208171824111919,0.6643135684357958,-1.6304347826086918,5.434782608695654,3.8674033149171283,0,0,0.0,83.65056533597753,1,0.5319148936170137,-12.234042553191493,-4.7872340425531785,1,5.85106382978724,-12.234042553191493,0.0,1,6.382978723404253,-12.234042553191493,2.659574468085113,1,11.170212765957444,-12.234042553191493,2.659574468085113,13.0,55.0,55.0,,,,,2.0,5.0,6.0,,,0,0,0,0,0,1,True,True,True,True,True,True,True
sz002269,2025-04-21,continuous_probe,3,连续试盘,4.999999999999982,3.3333333333333437,44.3880319305042,0.6666666666666659,0.0,0.8711955382823544,0.6079660364822104,-0.5524861878453025,4.41988950276242,1.6666666666666607,0,0,0.0,84.13632047324285,1,1.0928961748633892,-9.836065573770503,-0.5464480874316946,1,8.743169398907092,-9.836065573770503,-1.0928961748633892,1,9.289617486338786,-9.836065573770503,-2.732240437158473,1,14.207650273224036,-9.836065573770503,5.464480874316924,11.0,11.0,53.0,,,,,3.0,4.0,,,,0,0,0,0,0,1,True,True,True,True,True,True,True
sz002269,2025-05-09,retest_probe,4,重新试盘,8.15217391304348,5.978260869565211,34.07679300772448,0.9333333333333332,0.0,0.5294473785471785,0.513386060999123,0.0,9.340659340659329,1.6483516483516425,0,0,0.0,89.1043274137467,1,4.86486486486486,-5.945945945945952,-5.945945945945952,1,4.86486486486486,-6.486486486486487,-2.1621621621621623,1,8.108108108108091,-6.486486486486487,-1.0810810810810811,1,12.97297297297295,-6.486486486486487,2.7027027027026973,25.0,26.0,42.0,,,,,10.0,,,,,0,0,0,0,0,0,False,True,False,False,False,False,False
sz002269,2025-06-05,retest_probe,5,重新试盘,7.2625698324022325,3.9106145251396773,65.13439963688539,0.6153846153846148,0.0,0.7301910001256199,0.5522517151578081,0.0,6.077348066298338,1.6574585635359185,0,0,0.0,87.67851583239212,1,8.695652173913038,-4.891304347826086,-2.1739130434782594,1,8.695652173913038,-5.434782608695654,0.5434782608695565,1,13.586956521739113,-5.434782608695654,2.1739130434782483,1,14.130434782608692,-5.434782608695654,7.608695652173902,7.0,8.0,24.0,,,,,12.0,,,,,0,0,0,0,0,0,True,True,False,False,False,False,False
sz002272,2025-07-17,first_probe,1,首次试盘,6.893382352941169,4.779411764705888,16.446962264909207,0.6400000000000006,0.0,0.7156804670615842,0.5355548424286422,0.46511627906977715,8.186046511627909,3.240740740740744,0,0,0.0,83.89941655091641,1,10.134529147982052,-2.78026905829597,8.699551569506724,1,30.85201793721972,-2.78026905829597,21.434977578475323,1,91.6591928251121,-2.78026905829597,48.43049327354261,1,91.6591928251121,-2.78026905829597,36.50224215246638,3.0,4.0,4.0,11.0,13.0,18.0,22.0,,,,,,1,1,1,0,0,0,True,True,False,False,False,False,False
sz002278,2025-03-28,first_probe,1,首次试盘,5.448717948717952,5.235042735042739,173.64680370563687,1.0,0.0,0.7906300550696069,0.4597840473498197,-10.000000000000009,-5.096153846153861,0.0,0,0,0.0,87.59704302768976,1,-6.94444444444443,-33.653846153846146,-20.940170940170933,1,-6.94444444444443,-33.653846153846146,-13.354700854700852,1,1.8162393162393098,-33.653846153846146,-2.350427350427342,1,9.50854700854702,-33.653846153846146,-5.341880341880345,41.0,43.0,,,,,,1.0,1.0,1.0,3.0,5.0,0,0,0,1,1,1,True,True,False,False,False,False,False
sz002279,2025-07-01,first_probe,1,首次试盘,6.269113149847105,4.281345565749239,23.941258569375016,0.6097560975609754,0.0,0.3122014184303398,0.33693578004290553,1.3740458015267132,6.106870229007644,0.9036144578313365,0,0,0.0,79.75345414460307,1,11.940298507462677,-4.6268656716418,6.417910447761188,1,11.940298507462677,-4.6268656716418,6.7164179104477695,1,19.402985074626855,-4.6268656716418,14.029850746268657,1,19.402985074626855,-4.6268656716418,-1.4925373134328401,8.0,8.0,9.0,27.0,,,,,,,,,0,0,0,0,0,0,False,False,False,False,False,False,False
sz002285,2025-04-08,first_probe,1,首次试盘,6.220095693779926,4.306220095693791,14.776848411504593,0.8461538461538464,0.0,0.47824802808078953,0.4252218732874818,-0.9345794392523366,3.738317757009346,-0.4716981132075526,0,0,0.0,81.6917290446753,1,14.691943127962093,-7.5829383886255926,12.796208530805696,1,23.696682464454977,-7.5829383886255926,8.056872037914697,1,23.696682464454977,-7.5829383886255926,9.478672985782,1,23.696682464454977,-7.5829383886255926,13.27014218009479,1.0,1.0,2.0,12.0,13.0,,,1.0,,,,,1,1,0,0,0,0,False,False,False,False,False,False,False
sz002289,2025-05-30,first_probe,1,首次试盘,5.277221108884422,5.210420841683372,33.24362522349914,0.8354430379746847,0.0,1.2431723978435463,0.8907956650576082,-4.949238578680204,0.0,0.8010680907877044,0,0,0.0,87.01150977430541,1,19.73509933774833,-12.38410596026489,19.73509933774833,1,25.695364238410612,-12.38410596026489,7.284768211920523,1,33.642384105960275,-12.38410596026489,26.490066225165563,1,103.50993377483447,-12.38410596026489,88.9403973509934,2.0,8.0,9.0,10.0,11.0,30.0,45.0,3.0,4.0,4.0,,,1,1,1,0,0,1,True,True,False,False,False,False,False
sz002290,2024-12-25,first_probe,1,首次试盘,9.324399776661064,6.085985482970413,15.584968215612827,0.8502994011976046,0.0,0.26409717100508967,0.12429661782403444,-0.055803571428580945,9.263392857142838,1.3958682300390768,0,0,0.0,78.23669848698934,1,7.378854625550657,-20.539647577092513,-12.389867841409696,1,7.378854625550657,-20.649779735682817,-11.343612334801756,1,46.03524229074889,-20.649779735682817,36.563876651982376,1,64.48237885462555,-20.649779735682817,44.38325991189427,1.0,32.0,33.0,33.0,33.0,34.0,35.0,3.0,4.0,6.0,7.0,7.0,0,1,1,0,0,1,False,False,False,False,False,False,False
sz002290,2025-04-11,retest_probe,2,重新试盘,5.146096816397727,3.4452682075883034,16.205500469649774,0.37288135593220156,0.0,0.4162874486791657,0.17455309710721773,0.2600780234070177,4.508019072388381,2.3346303501945664,0,0,0.0,71.2331399637362,1,9.505703422053235,-2.6193493874102303,7.984790874524705,1,43.21926489226868,-2.6193493874102303,37.55809040980142,1,56.991972961554694,-2.6193493874102303,44.190959019856365,1,56.991972961554694,-2.6193493874102303,28.85509083227713,6.0,8.0,11.0,14.0,15.0,15.0,16.0,,,,,,1,1,1,0,0,0,False,False,True,False,False,False,False
sz002290,2025-05-13,retest_probe,3,重新试盘,4.758961681087759,2.8430160692212603,17.693913295874093,0.5584415584415584,0.0,0.38732911574385304,0.04397482727817247,1.7930166719094087,6.6373073293488405,2.1013597033374465,0,0,0.0,69.82797704927849,1,0.4842615012106588,-9.412832929782077,-7.324455205811131,1,12.46973365617432,-9.957627118644064,7.203389830508478,1,12.46973365617432,-10.290556900726388,-6.658595641646492,1,12.46973365617432,-13.256658595641646,-0.6961259079903082,16.0,19.0,19.0,,,,,4.0,8.0,32.0,,,0,0,0,0,0,1,False,False,True,False,False,False,False
sz002290,2025-05-21,retest_probe,4,重新试盘,5.803142032702779,3.430586726514906,18.7710802876491,1.071823204419891,0.0,0.8363676785098528,0.08934216506794265,0.6176853055916753,7.282184655396606,0.3554119547657386,0,0,0.0,79.93303495165752,1,13.74758531873792,-4.217643271088212,10.27044430135222,1,19.639407598197025,-4.217643271088212,-0.9980682549903364,1,19.639407598197025,-4.571796522858973,1.5453960077269846,1,19.639407598197025,-7.726980038634901,-3.283966516419834,9.0,9.0,10.0,13.0,,,,44.0,,,,,1,0,0,0,0,0,True,False,False,False,False,False,False
sz002291,2024-09-23,first_probe,1,首次试盘,5.1948051948051965,2.813852813852802,16.771035970119215,0.4166666666666685,0.0,0.46325828539818964,0.1614886265073011,0.6564551422319376,6.345733041575485,3.4782608695652195,0,0,0.0,72.11084339489085,1,31.30252100840336,-3.1512605042016695,10.294117647058831,1,31.30252100840336,-3.1512605042016695,26.890756302521023,1,59.243697478991606,-3.1512605042016695,44.95798319327733,1,125.42016806722688,-3.1512605042016695,64.2857142857143,2.0,4.0,4.0,5.0,6.0,6.0,29.0,,,,,,1,1,1,0,0,0,False,False,False,False,False,False,False
sz002291,2025-01-09,retest_probe,2,重新试盘,6.6343042071197456,4.854368932038855,21.95975973796523,0.5121951219512193,0.0,0.3474370739441862,0.22732093184632177,-1.1437908496732097,7.679738562091498,5.454545454545445,0,0,0.0,77.60933314815055,1,32.131661442006276,-11.755485893416928,-3.6050156739811823,1,32.131661442006276,-11.755485893416928,14.420062695924774,1,32.131661442006276,-11.755485893416928,12.695924764890298,1,32.131661442006276,-25.391849529780565,-5.799373040752354,4.0,4.0,5.0,5.0,5.0,6.0,,1.0,2.0,2.0,56.0,57.0,1,1,1,0,0,1,False,False,True,False,False,False,False
sz002291,2025-09-16,retest_probe,3,重新试盘,5.1004636785162205,3.400309119010836,16.490121061705366,0.6363636363636361,0.0,0.601457267417224,0.5031052724657097,2.2292993630573132,8.280254777070063,2.6479750778816147,0,0,0.0,79.52416826592345,1,10.9256449165402,-10.318664643399089,0.4552352048558417,1,11.836115326251907,-10.318664643399089,7.132018209408186,1,11.836115326251907,-10.318664643399089,7.132018209408186,1,40.819423368740516,-10.318664643399089,-5.31107738998482,9.0,9.0,9.0,43.0,43.0,46.0,46.0,2.0,5.0,5.0,,,0,0,1,0,0,1,False,False,True,False,False,False,False
sz002291,2025-11-24,retest_probe,4,重新试盘,7.816711590296488,6.738544474393526,19.506328296148403,0.43103448275862066,0.0,0.25497620092986845,0.24326085380376258,1.0928961748633892,9.289617486338786,4.729729729729715,0,0,0.0,76.9412146252109,1,19.741935483870954,-14.709677419354838,-11.096774193548386,1,19.741935483870954,-21.41935483870968,-18.58064516129033,1,19.741935483870954,-21.41935483870968,-7.9999999999999964,1,19.741935483870954,-21.41935483870968,1.1612903225806326,2.0,2.0,3.0,3.0,,,,4.0,7.0,7.0,13.0,16.0,1,0,0,0,0,0,False,False,False,False,False,False,False
sz002298,2025-10-16,first_probe,1,首次试盘,6.896551724137923,4.94752623688155,13.889560430203783,0.9456521739130427,0.0,0.33140036077003654,0.1342220419067817,-3.4858387799564294,3.5584604212055115,0.7524454477050524,0,0,0.0,77.04308497627879,1,0.0,-16.280806572068705,-12.247946228528761,1,0.821508588498876,-16.280806572068705,-4.032860343539957,1,3.808812546676621,-24.570575056011958,-24.122479462285284,1,3.808812546676621,-26.21359223300971,-13.069454817027637,,,,,,,,1.0,1.0,1.0,5.0,27.0,0,0,0,0,1,1,False,False,False,False,False,False,False
sz002300,2024-11-05,first_probe,1,首次试盘,5.175600739371533,4.990757855822547,22.34058872355122,0.5714285714285714,0.0,0.8405784166034056,0.33399681797983294,0.37523452157597337,6.754221388367743,3.3644859813084294,0,0,0.0,79.63041080777136,1,4.339963833634708,-4.520795660036169,-1.446654611211573,1,9.041591320072339,-4.520795660036169,7.775768535262206,1,10.126582278481,-4.882459312839071,-3.4358047016274984,1,10.126582278481,-12.839059674502707,-4.520795660036169,19.0,20.0,25.0,,,,,41.0,42.0,43.0,,,0,0,0,0,0,0,True,False,False,False,False,False,False
sz002302,2024-09-19,first_probe,1,首次试盘,5.7347670250896154,4.8387096774193505,20.692837295836938,0.7812499999999993,0.0,0.29338112634511704,0.3221999961909598,0.3717472118959231,9.66542750929369,4.629629629629628,0,0,0.0,79.19748133049117,1,31.150442477876105,-4.601769911504439,23.008849557522115,1,58.40707964601768,-4.601769911504439,27.96460176991151,1,58.40707964601768,-4.601769911504439,28.141592920353986,1,58.40707964601768,-4.601769911504439,23.185840707964587,4.0,6.0,6.0,7.0,7.0,8.0,13.0,,,,,,1,1,1,0,0,0,False,False,False,False,False,False,False
sz002302,2024-12-23,retest_probe,2,重新试盘,5.602240896358546,3.3613445378151363,17.161675605766234,0.7249999999999994,0.0,0.27172853036109784,0.5291899786210124,2.4285714285714244,7.714285714285718,1.115760111576014,0,0,0.0,79.53727482505295,1,2.758620689655178,-16.137931034482754,-14.068965517241372,1,2.758620689655178,-20.137931034482758,-17.37931034482758,1,2.758620689655178,-20.137931034482758,-11.310344827586217,1,2.758620689655178,-20.137931034482758,-15.586206896551724,,,,,,,,6.0,6.0,7.0,8.0,14.0,0,0,0,0,1,1,False,False,True,False,False,False,False
sz002306,2024-12-24,first_probe,1,首次试盘,6.583072100313481,2.8213166144200663,24.62285732395369,0.7619047619047606,0.0,0.30770230198614773,0.024895807655763894,-8.069164265129691,-2.017291066282434,1.5673981191222763,0,0,0.0,76.55123122593096,1,2.777777777777768,-18.827160493827165,-13.271604938271608,1,2.777777777777768,-25.308641975308653,-24.691358024691368,1,2.777777777777768,-38.88888888888889,-11.111111111111116,1,15.123456790123457,-38.88888888888889,-19.753086419753085,53.0,53.0,53.0,57.0,,,,1.0,1.0,4.0,8.0,13.0,0,0,0,0,1,1,False,False,False,False,False,False,False
sz002306,2025-02-18,retest_probe,2,重新试盘,6.137184115523464,3.971119133573997,13.947031624925788,1.1176470588235297,0.0,0.3507663137772113,0.4313018210810306,-0.3717472118959009,9.293680297397767,2.6119402985074647,0,0,0.0,81.74587767565507,1,10.18181818181818,-8.363636363636362,-2.5454545454545396,1,30.181818181818176,-8.363636363636362,22.545454545454557,1,35.63636363636364,-23.272727272727277,-23.272727272727277,1,35.63636363636364,-43.63636363636364,-31.63636363636364,8.0,8.0,8.0,19.0,20.0,20.0,,3.0,5.0,28.0,29.0,30.0,1,1,1,0,0,1,False,False,True,False,False,False,False
sz002306,2025-04-10,retest_probe,3,重新试盘,7.883817427385886,5.8091286307053736,21.98001395638718,0.7894736842105261,0.0,0.48271203871286017,0.5798146410376048,-1.6877637130801704,9.704641350210963,5.150214592274693,0,0,0.0,86.78561740706844,1,0.40816326530610514,-30.204081632653068,-29.795918367346943,1,0.40816326530610514,-36.73469387755103,-29.387755102040824,1,0.40816326530610514,-36.73469387755103,-18.36734693877552,1,0.40816326530610514,-36.73469387755103,-20.408163265306133,,,,,,,,2.0,2.0,4.0,5.0,6.0,0,0,0,0,1,1,False,True,True,False,True,False,False
sz002307,2024-11-15,first_probe,1,首次试盘,8.684863523573183,5.707196029776673,30.21663352606975,0.714285714285715,0.0,0.5059722829882465,0.3168551825360312,-0.7389162561576179,7.881773399014791,2.481389578163773,0,0,0.0,85.11524597737382,1,3.3898305084745672,-7.506053268765134,0.4842615012106588,1,10.169491525423723,-7.506053268765134,1.2106537530266248,1,17.9176755447942,-18.401937046004836,-17.67554479418886,1,17.9176755447942,-18.401937046004836,-5.32687651331718,17.0,17.0,17.0,28.0,,,,2.0,32.0,32.0,34.0,,0,0,0,0,0,0,False,True,False,False,False,False,False
sz002307,2025-08-13,retest_probe,2,重新试盘,6.428571428571428,5.178571428571432,17.001537861052523,0.7777777777777778,0.0,0.32910105153197133,0.05027305650543153,0.5376344086021501,6.810035842293916,1.2477718360071277,0,0,0.0,75.24191375019004,1,-1.4084507042253502,-17.957746478873236,-17.957746478873236,1,-1.4084507042253502,-21.478873239436613,-16.19718309859155,1,-1.4084507042253502,-23.767605633802813,-12.323943661971814,1,-1.4084507042253502,-23.767605633802813,-15.316901408450711,,,,,,,,1.0,1.0,1.0,2.0,11.0,0,0,0,1,1,1,False,False,True,False,False,False,False
sz002309,2025-07-09,first_probe,1,首次试盘,8.40108401084012,5.1490514905149,21.25507390287684,0.9032258064516121,0.0,0.297321016931313,0.08351981162014124,0.27173913043476716,8.695652173913038,0.8130081300813163,0,0,0.0,79.52552269067127,1,1.6129032258064502,-13.978494623655912,-12.903225806451612,1,1.6129032258064502,-16.129032258064512,-13.440860215053762,1,1.6129032258064502,-17.741935483870975,-17.741935483870975,1,1.6129032258064502,-23.655913978494635,-19.892473118279575,,,,,,,,1.0,3.0,3.0,14.0,54.0,0,0,0,0,1,1,False,False,False,False,False,False,False
sz002309,2025-07-11,continuous_probe,2,连续试盘,9.565217391304337,7.246376811594213,37.344153638094376,0.7575757575757585,0.0,0.40927558018359733,0.44923364112757874,-1.1461318051575908,8.309455587392534,2.318840579710124,0,0,0.0,87.3190864366718,1,-1.6997167138810054,-9.348441926345597,-9.065155807365432,1,-1.6997167138810054,-11.614730878186963,-7.082152974504252,1,-1.6997167138810054,-13.881019830028318,-10.76487252124646,1,-1.6997167138810054,-20.396600566572232,-16.713881019830023,,,,,,,,1.0,2.0,12.0,51.0,60.0,0,0,0,1,0,1,False,True,True,False,True,False,False
sz002310,2024-12-06,first_probe,1,首次试盘,10.47619047619046,10.000000000000009,52.97191467589167,0.590909090909091,0.0,1.0275641604400605,0.877976546253613,-4.977375565610853,4.977375565610864,4.2857142857142705,0,0,0.0,90.60742956742006,1,-0.45662100456620447,-8.219178082191792,-4.109589041095885,1,-0.45662100456620447,-28.31050228310502,-24.200913242009136,1,-0.45662100456620447,-28.31050228310502,-20.091324200913242,1,-0.45662100456620447,-28.31050228310502,-17.808219178082187,,,,,,,,1.0,2.0,12.0,17.0,18.0,0,0,0,1,1,1,True,True,False,False,False,False,False
sz002312,2025-05-27,first_probe,1,首次试盘,5.022026431718074,4.845814977973584,21.768774907374024,0.5087719298245597,0.0,0.9680655613675576,0.7286976836155614,0.7207207207207134,7.387387387387401,4.02504472271914,0,0,0.0,81.71604427623143,1,-0.6878761822871837,-4.557179707652637,-2.579535683576961,1,3.009458297506451,-4.729148753224422,0.7738607050730817,1,3.009458297506451,-4.729148753224422,-0.7738607050731039,1,3.009458297506451,-4.729148753224422,-0.8598452278590019,,,,,,,,,,,,,0,0,0,0,0,0,True,False,False,False,False,False,False
sz002313,2025-06-04,first_probe,1,首次试盘,6.666666666666687,4.90196078431373,15.503597707333114,0.5441176470588238,0.0,0.5803814742459462,0.3354079194113515,-0.7928642220019877,7.829534192269594,4.9950049950050035,0,0,0.0,79.52448706080455,1,2.5689819219790744,-12.274024738344425,-10.180780209324459,1,8.468125594671738,-17.031398667935292,-5.3282588011417715,1,8.468125594671738,-17.031398667935292,-7.897240723120835,1,43.958135109419615,-17.031398667935292,23.21598477640343,19.0,19.0,45.0,45.0,46.0,47.0,47.0,2.0,4.0,10.0,12.0,,0,0,1,0,0,1,False,False,False,False,False,False,False
sz002316,2025-06-13,first_probe,1,首次试盘,5.932203389830515,5.296610169491522,21.42450671167388,0.6785714285714294,0.0,0.25690202772634974,0.22192378059092024,-1.0482180293501009,4.8218029350104885,1.9067796610169552,0,0,0.0,76.8152550598984,1,7.484407484407485,-3.7422037422037313,3.7422037422037535,1,16.008316008316026,-3.7422037422037313,10.81081081081081,1,16.008316008316026,-3.7422037422037313,12.05821205821207,1,40.74844074844075,-3.7422037422037313,17.25571725571726,2.0,12.0,12.0,19.0,43.0,46.0,52.0,,,,,,1,0,1,0,0,0,False,False,False,False,False,False,False
sz002319,2024-12-16,first_probe,1,首次试盘,8.77329192546583,8.695652173913038,20.4400350759967,0.7876106194690278,0.0,0.5181976911720919,0.11379908302648314,0.46801872074884177,9.282371294851789,1.8633540372670732,0,0,0.0,81.0236401023496,1,4.115853658536595,-22.02743902439024,-18.064024390243894,1,4.115853658536595,-24.61890243902438,-18.90243902439024,1,4.115853658536595,-24.61890243902438,-16.99695121951219,1,4.115853658536595,-24.61890243902438,-12.195121951219512,,,,,,,,4.0,5.0,5.0,6.0,6.0,0,0,0,0,1,1,False,False,False,False,False,False,False
sz002320,2024-10-15,first_probe,1,首次试盘,6.877323420074344,5.390334572490718,13.943559875171758,1.0540540540540528,0.0,0.6872237279451017,0.3092995931582039,-0.5576208178438735,6.877323420074344,0.18691588785046953,0,0,0.0,83.06663036640181,1,7.462686567164178,-3.358208955223896,4.104477611940283,1,23.320895522388053,-3.358208955223896,16.604477611940283,1,38.24626865671641,-3.358208955223896,20.149253731343286,1,38.24626865671641,-3.358208955223896,10.074626865671643,8.0,12.0,12.0,15.0,17.0,35.0,,,,,,,1,1,1,0,0,0,True,True,False,False,False,False,False
sz002321,2024-12-13,first_probe,1,首次试盘,6.312292358803995,5.315614617940212,18.15002481254244,1.2631578947368407,0.0,0.33251230031241147,0.41679569271811817,-0.6849315068493178,9.589041095890426,2.0689655172413834,0,0,0.0,83.96780274956218,1,19.594594594594604,-17.229729729729726,-13.17567567567568,1,19.594594594594604,-28.040540540540547,-26.01351351351352,1,19.594594594594604,-28.040540540540547,-19.256756756756754,1,19.594594594594604,-28.040540540540547,-17.229729729729726,1.0,1.0,1.0,2.0,,,,6.0,7.0,7.0,8.0,13.0,1,0,0,0,0,0,False,True,False,False,False,False,False
sz002321,2024-12-20,continuous_probe,2,连续试盘,12.23776223776225,7.342657342657333,18.862082328938417,0.4571428571428574,0.0,0.5242266554088084,0.40056632479808413,-1.7006802721088343,9.183673469387754,5.536332179930792,0,0,0.0,83.25008279125335,1,-2.6229508196721207,-29.508196721311474,-25.573770491803273,1,-2.6229508196721207,-30.16393442622951,-23.606557377049175,1,-2.6229508196721207,-30.16393442622951,-9.836065573770492,1,-2.6229508196721207,-30.16393442622951,-22.622950819672127,,,,,,,,1.0,1.0,2.0,2.0,6.0,0,0,0,1,1,1,False,True,True,False,True,False,False
sz002321,2025-09-12,retest_probe,3,重新试盘,6.315789473684208,2.807017543859658,26.983581216168144,0.7222222222222228,0.0,0.4892068443203199,0.10056461598927406,1.7857142857143016,8.214285714285708,1.754385964912264,0,0,0.0,78.66759613746783,1,6.896551724137945,-4.827586206896561,1.379310344827589,1,6.896551724137945,-4.827586206896561,-1.724137931034475,1,18.965517241379317,-7.586206896551717,12.068965517241391,1,33.10344827586207,-18.27586206896551,-16.89655172413792,8.0,35.0,36.0,36.0,42.0,43.0,,23.0,55.0,56.0,58.0,,0,0,1,0,0,0,False,False,True,False,False,False,False
sz002321,2025-11-14,retest_probe,4,重新试盘,5.263157894736836,4.024767801857587,20.267978961336706,0.5294117647058817,0.0,0.5411267155927136,0.09496558392444888,0.0,5.263157894736836,2.4767801857585203,0,0,0.0,73.75013323382679,1,16.616314199395752,-18.126888217522662,-16.012084592145026,1,16.616314199395752,-27.49244712990937,-27.49244712990937,1,16.616314199395752,-30.513595166163142,-27.190332326283983,1,16.616314199395752,-30.513595166163142,-27.49244712990937,3.0,4.0,4.0,4.0,,,,2.0,6.0,6.0,7.0,16.0,1,0,0,0,0,0,False,False,False,False,False,False,False
sz002323,2025-07-08,first_probe,1,首次试盘,4.790419161676662,3.592814371257491,28.364239544437783,0.875,0.0,0.7435156572599315,0.5881862751648873,0.6211180124223503,8.695652173913038,3.703703703703698,0,0,0.0,83.91806790488265,1,2.3809523809523725,-5.952380952380942,-1.1904761904761862,1,4.166666666666674,-5.952380952380942,-2.9761904761904767,1,18.452380952380953,-5.952380952380942,14.28571428571428,1,25.0,-5.952380952380942,1.7857142857142794,29.0,29.0,30.0,30.0,42.0,,,5.0,,,,,0,0,0,0,0,0,True,True,False,False,False,False,False
sz002326,2025-11-06,first_probe,1,首次试盘,6.104808211777413,4.48406266882766,14.774787409552562,0.4336283185840729,0.0,0.26308242069279575,0.27478072131068654,0.5431830526887671,6.681151548071695,3.457590491626128,0,0,0.0,73.76718863377516,1,72.32375979112274,-0.20887728459529908,46.109660574412544,1,72.32375979112274,-0.20887728459529908,19.582245430809397,1,72.32375979112274,-0.20887728459529908,36.18798955613578,1,72.32375979112274,-0.20887728459529908,31.17493472584858,1.0,1.0,1.0,2.0,2.0,3.0,4.0,,,,,,1,1,1,0,0,0,False,False,False,False,False,False,False
sz002328,2024-12-09,first_probe,1,首次试盘,5.400981996726673,2.9459901800327204,29.40468348816484,0.9090909090909111,0.0,0.3999450313805462,0.14761798055579176,0.0,8.417508417508412,3.3670033670033517,0,0,0.0,78.49150229454439,1,2.442996742671011,-8.957654723127028,-8.469055374592827,1,3.9087947882736174,-14.657980456026054,-8.306188925081425,1,3.9087947882736174,-16.12377850162865,1.4657980456026287,1,18.24104234527688,-16.12377850162865,6.351791530944628,44.0,44.0,44.0,45.0,,,,6.0,10.0,18.0,24.0,,0,0,0,0,0,1,False,False,False,False,False,False,False
sz002339,2024-09-24,first_probe,1,首次试盘,5.40983606557377,4.754098360655745,23.861711346646413,1.0303030303030296,0.0,0.4812113092802329,-0.002147205654389017,-1.8333333333333424,7.1666666666666545,3.395585738539908,0,0,0.0,77.09108716327124,1,23.481116584564866,-3.1198686371100126,3.776683087027921,1,23.481116584564866,-3.1198686371100126,12.151067323481124,1,27.58620689655171,-3.1198686371100126,22.003284072249585,1,74.87684729064041,-3.1198686371100126,26.27257799671594,3.0,4.0,4.0,5.0,5.0,45.0,55.0,,,,,,1,1,1,0,0,0,False,False,False,False,False,False,False
sz002339,2024-12-20,retest_probe,2,重新试盘,12.159090909090885,4.43181818181817,18.89773809437686,1.280373831775702,0.0,0.2836588158072051,-0.02385278640118348,-6.779661016949145,4.555084745762716,-3.409090909090917,0,0,0.0,80.35227995628863,1,-2.117647058823524,-27.41176470588236,-24.588235294117645,1,-2.117647058823524,-27.764705882352946,-17.76470588235294,1,-2.117647058823524,-27.764705882352946,-8.94117647058823,1,-2.117647058823524,-27.764705882352946,-14.823529411764703,,,,,,,,1.0,1.0,2.0,3.0,8.0,0,0,0,1,1,1,False,False,True,False,False,False,False
sz002342,2025-04-01,first_probe,1,首次试盘,6.909090909090909,6.545454545454543,15.408742572455893,1.2894736842105272,0.0,0.3609203338219072,-0.10507054494770127,-8.180300500834726,-1.8363939899833093,-2.0000000000000018,0,0,0.0,76.85458853463297,1,-3.153988868274582,-28.7569573283859,-21.892393320964743,1,-3.153988868274582,-28.7569573283859,-15.027829313543595,1,16.69758812615956,-28.7569573283859,7.421150278293132,1,23.933209647495367,-28.7569573283859,15.39888682745827,27.0,38.0,38.0,39.0,42.0,,,1.0,1.0,1.0,3.0,3.0,0,0,0,1,1,1,False,False,False,False,False,False,False
sz002342,2025-10-20,retest_probe,2,重新试盘,6.6185318892900025,4.452466907340535,34.655381364739696,0.5090909090909089,0.0,0.8060561435098161,0.4495731690120775,1.4778325123152802,9.113300492610833,4.126213592233019,0,0,0.0,84.6421712770309,1,2.447552447552437,-8.624708624708632,-6.876456876456871,1,2.447552447552437,-13.752913752913754,-10.023310023310028,1,2.447552447552437,-17.132867132867126,-14.801864801864806,1,70.39627039627038,-21.328671328671334,63.17016317016317,52.0,52.0,54.0,56.0,57.0,58.0,58.0,2.0,3.0,16.0,24.0,42.0,0,0,1,0,0,1,True,True,True,True,True,True,True
sz002342,2025-11-19,retest_probe,3,重新试盘,6.765899864682012,5.548037889039237,13.503414691126014,0.379999999999999,0.0,0.5558727981750825,0.3913702963768488,-0.6666666666666599,5.200000000000005,3.3557046979865834,0,0,0.0,77.8125455067334,1,-1.81818181818183,-7.662337662337659,-4.545454545454552,1,-1.81818181818183,-12.337662337662337,-9.870129870129862,1,89.87012987012986,-12.337662337662337,47.272727272727266,1,178.18181818181822,-12.337662337662337,100.5194805194805,27.0,27.0,29.0,30.0,30.0,35.0,35.0,2.0,19.0,20.0,,,0,1,1,1,0,1,False,False,True,False,False,False,False
sz002345,2025-02-17,first_probe,1,首次试盘,6.7590987868284325,5.025996533795496,20.088903569533926,0.7179487179487175,0.0,0.42507770010983337,0.1585612015083212,0.698080279232105,7.504363001745196,1.906412478336228,0,0,0.0,78.69524013215742,1,19.727891156462583,-2.2108843537414935,12.074829931972797,1,62.75510204081633,-2.2108843537414935,47.10884353741498,1,62.75510204081633,-2.2108843537414935,59.35374149659862,1,79.42176870748301,-2.2108843537414935,68.70748299319729,2.0,3.0,3.0,6.0,12.0,13.0,17.0,,,,,,1,1,1,0,0,0,False,False,False,False,False,False,False
sz002348,2024-11-29,first_probe,1,首次试盘,7.9254079254079235,3.4965034965035002,41.67916376988892,1.176470588235293,0.0,0.5945169356286004,-0.047826776300108925,-9.999999999999998,-1.4893617021276673,0.0,0,0,0.0,82.97445528515539,1,19.621749408983426,-7.092198581560294,15.839243498817957,1,19.621749408983426,-26.4775413711584,-24.34988179669031,1,19.621749408983426,-36.64302600472813,-23.64066193853429,1,19.621749408983426,-36.64302600472813,-8.983451536643027,5.0,5.0,5.0,7.0,,,,3.0,14.0,16.0,16.0,17.0,1,0,0,0,0,0,False,True,False,False,False,False,False
sz002348,2025-01-15,retest_probe,2,重新试盘,6.514657980456029,4.885993485342022,18.841585582329543,0.7,0.0,0.33850252814684,0.34277617339967636,0.32467532467532756,6.168831168831157,1.2944983818770295,0,0,0.0,80.24187023026577,1,11.501597444089473,-0.9584664536741117,7.028753993610226,1,27.795527156549515,-0.9584664536741117,27.795527156549515,1,35.78274760383386,-0.9584664536741117,20.766773162939288,1,35.78274760383386,-16.613418530351442,2.5559105431310014,1.0,1.0,2.0,13.0,13.0,24.0,,51.0,52.0,52.0,53.0,,1,1,1,0,0,0,False,False,True,False,False,False,False
sz002348,2025-02-19,retest_probe,3,重新试盘,8.26210826210827,5.4131054131054235,16.864769134829416,0.5517241379310334,0.0,0.34360779016305143,0.4486132117892065,0.28901734104047616,9.826589595375722,4.899135446685876,0,0,0.0,81.45543905061692,1,16.758241758241766,-0.5494505494505475,4.9450549450549275,1,16.758241758241766,-0.5494505494505475,5.219780219780223,1,16.758241758241766,-28.296703296703306,-12.362637362637363,1,16.758241758241766,-28.296703296703306,5.219780219780223,1.0,1.0,2.0,6.0,,,,23.0,28.0,28.0,32.0,33.0,1,0,0,0,0,0,False,False,True,False,False,False,False
sz002348,2025-04-15,retest_probe,4,重新试盘,5.828220858895716,3.0674846625766916,36.05743868268732,0.8947368421052633,0.0,0.2752139936352745,0.2701739969059754,1.5822784810126445,9.177215189873422,2.180685358255441,0,0,0.0,80.7740084311542,1,3.658536585365857,-5.182926829268286,-3.963414634146334,1,9.756097560975618,-5.182926829268286,4.878048780487809,1,31.09756097560976,-5.182926829268286,29.87804878048781,1,42.987804878048806,-5.182926829268286,17.37804878048781,14.0,14.0,22.0,22.0,37.0,38.0,41.0,8.0,,,,,0,1,1,0,0,0,False,False,False,False,False,False,False
sz002348,2025-09-12,retest_probe,5,重新试盘,5.454545454545445,4.415584415584406,27.109200987751237,0.6190476190476178,0.0,0.8238003016386275,0.590204540250182,0.25706940874035134,4.370179948586106,0.7692307692307665,0,0,0.0,83.96410841275554,1,5.852417302798973,-7.888040712468191,-1.7811704834605702,1,8.396946564885477,-7.888040712468191,7.379134860050884,1,25.190839694656475,-7.888040712468191,18.575063613231556,1,84.98727735368954,-7.888040712468191,56.23409669211195,2.0,20.0,21.0,25.0,32.0,46.0,47.0,6.0,,,,,0,1,1,0,0,0,True,True,False,False,False,False,False
sz002354,2025-05-12,first_probe,1,首次试盘,5.603448275862055,4.454022988505746,15.609478058549522,0.3846153846153836,0.0,0.4376531782958961,0.26225207211144524,0.5698005698005604,4.700854700854706,1.9830028328611915,0,0,0.0,74.03024024462307,1,1.1111111111111072,-12.63888888888889,-9.999999999999998,1,1.1111111111111072,-13.888888888888884,-10.138888888888896,1,1.1111111111111072,-18.61111111111111,-9.027777777777779,1,1.1111111111111072,-18.61111111111111,-7.777777777777784,,,,,,,,2.0,3.0,9.0,26.0,,0,0,0,0,0,1,False,False,False,False,False,False,False
sz002355,2025-02-10,first_probe,1,首次试盘,5.006954102920713,4.450625869262859,14.777678859943482,0.47222222222222276,0.0,0.5720411166008599,0.46784025803925244,0.41782729805013297,5.153203342618395,2.3578363384188616,0,0,0.0,76.51454977398704,1,0.5420054200542035,-5.1490514905149,-2.7100271002710064,1,2.981029810298108,-8.130081300813007,-1.6260162601625994,1,5.284552845528445,-30.216802168021673,-28.72628726287263,1,5.284552845528445,-35.907859078590775,-7.5880758807588045,28.0,,,,,,,6.0,16.0,32.0,35.0,39.0,0,0,0,0,0,1,False,False,False,False,False,False,False
sz002356,2024-10-18,first_probe,1,首次试盘,6.209150326797386,3.5947712418300526,16.146130758511507,0.47368421052631515,0.0,0.4609177887564836,0.2651867117928347,-0.33222591362125353,7.973421926910307,5.3333333333333455,0,0,0.0,76.528768748282,1,11.708860759493668,-3.4810126582278555,1.8987341772152,1,14.873417721518978,-3.4810126582278555,14.556962025316444,1,53.79746835443038,-3.4810126582278555,32.59493670886076,1,53.79746835443038,-4.113924050632923,2.215189873417711,1.0,9.0,9.0,21.0,21.0,22.0,29.0,,,,,,0,1,1,0,0,0,False,False,False,False,False,False,False
sz002360,2025-05-26,first_probe,1,首次试盘,5.893909626719052,2.7504911591355707,93.1286420711974,0.7666666666666656,0.0,0.49964184976216075,0.31493246019884164,0.20080321285140812,8.232931726907623,3.4068136272545013,0,0,0.0,83.43267606355327,1,8.52713178294573,-2.9069767441860517,2.3255813953488413,1,8.52713178294573,-4.651162790697683,3.2945736434108586,1,24.418604651162788,-4.651162790697683,24.418604651162788,1,24.418604651162788,-4.651162790697683,5.232558139534871,6.0,6.0,39.0,40.0,40.0,,,,,,,,0,1,0,0,0,0,False,True,False,False,False,False,False
sz002361,2024-12-03,first_probe,1,首次试盘,8.597285067873294,8.371040723981892,17.32907278633621,0.6315789473684218,0.0,0.43145707628596525,0.3696875836275575,2.7459954233409745,9.839816933638446,1.5590200445434244,0,0,0.0,82.36512059716613,1,6.359649122807021,-6.798245614035081,-6.359649122807021,1,19.517543859649145,-12.71929824561403,19.517543859649145,1,40.570175438596515,-12.71929824561403,12.061403508771939,1,40.570175438596515,-12.71929824561403,22.587719298245613,5.0,19.0,20.0,20.0,21.0,21.0,25.0,10.0,12.0,14.0,,,1,1,1,0,0,1,False,False,False,False,False,False,False
sz002363,2025-09-26,first_probe,1,首次试盘,7.373868046571808,5.174644243208282,23.272944205454973,0.7719298245614038,0.0,0.2991290180205926,0.2314924642857046,-0.25974025974027093,7.792207792207795,2.34375,0,0,0.0,80.68468618426041,1,1.2722646310432628,-8.905852417302807,-0.7633587786259555,1,11.704834605597947,-8.905852417302807,9.160305343511443,1,19.59287531806615,-8.905852417302807,17.811704834605592,1,44.27480916030533,-8.905852417302807,29.898218829516555,13.0,13.0,13.0,28.0,43.0,58.0,59.0,5.0,5.0,,,,0,0,1,0,0,1,False,False,False,False,False,False,False
sz002364,2025-01-27,first_probe,1,首次试盘,6.5185185185185235,3.3333333333333215,15.632682256623275,1.0568181818181825,0.0,0.3871116778611946,-0.07544210791585519,-5.857740585774063,0.2789400278940146,-0.37037037037037646,0,0,0.0,75.88879253499493,1,32.267657992565056,-14.052044609665415,17.472118959107807,1,52.04460966542752,-14.052044609665415,30.706319702602226,1,52.26765799256508,-14.052044609665415,10.18587360594796,1,52.26765799256508,-16.356877323420072,4.089219330855021,5.0,5.0,5.0,6.0,7.0,7.0,14.0,1.0,1.0,2.0,45.0,,1,1,1,0,0,1,False,False,False,False,False,False,False
sz002369,2025-04-14,first_probe,1,首次试盘,7.701283547257876,4.667444574095692,20.064860856773812,0.6060606060606065,0.0,0.7982272954500605,0.030193136587970713,-0.11655011655011815,7.575757575757569,3.033838973162184,0,0,0.0,78.62484212524416,1,1.925254813137034,-8.720271800679502,-5.889014722536801,1,12.684031710079257,-8.720271800679502,5.2095130237825416,1,12.684031710079257,-8.720271800679502,-3.284258210645541,1,12.684031710079257,-8.720271800679502,0.679501698754259,13.0,14.0,15.0,,,,,2.0,6.0,,,,0,0,0,0,0,1,True,False,False,False,False,False,False
sz002369,2025-08-22,retest_probe,2,重新试盘,5.311355311355315,4.395604395604402,31.54043687385798,0.8793103448275857,0.0,0.2582555737509062,-0.018908665030650914,3.409090909090895,8.901515151515138,0.6410256410256387,0,0,0.0,74.46395732211548,1,12.55686988171063,-13.011828935395808,-8.826205641492269,1,12.55686988171063,-13.011828935395808,-10.464058234758877,1,12.55686988171063,-23.930846223839865,-18.47133757961783,1,12.55686988171063,-23.930846223839865,-7.825295723384896,1.0,1.0,3.0,,,,,8.0,8.0,9.0,22.0,30.0,0,0,0,0,0,1,False,False,True,False,False,False,False
sz002370,2024-12-10,first_probe,1,首次试盘,7.881773399014791,5.665024630541882,22.891733628645586,1.3749999999999987,0.0,0.5580780238258192,-0.04650741152295267,-1.9323671497584516,5.797101449275366,-2.9556650246305383,0,0,0.0,82.04574344976643,1,7.868020304568524,-21.065989847715738,-19.035532994923855,1,7.868020304568524,-27.41116751269036,-15.228426395939088,1,7.868020304568524,-27.41116751269036,-12.182741116751272,1,7.868020304568524,-27.41116751269036,-15.482233502538067,2.0,,,,,,,5.0,7.0,9.0,9.0,10.0,0,0,0,0,0,1,False,False,False,False,False,False,False
sz002370,2025-01-09,retest_probe,2,重新试盘,8.385093167701863,6.521739130434789,13.71615934551746,0.8148148148148154,0.0,0.33032068919869106,0.3771046994556474,-1.19760479041916,4.491017964071875,-0.9090909090909038,0,0,0.0,81.46213284164713,1,6.727828746177367,-12.538226299694188,0.917431192660545,1,9.480122324159023,-12.538226299694188,6.727828746177367,1,9.480122324159023,-12.538226299694188,5.198776758409784,1,13.761467889908264,-19.877675840978593,-3.9755351681957207,7.0,15.0,52.0,,,,,1.0,2.0,2.0,57.0,,0,0,0,0,0,1,False,False,True,False,False,False,False
sz002370,2025-04-16,retest_probe,3,重新试盘,5.362776025236582,3.4700315457413256,16.83735331135099,1.235294117647059,0.0,0.3723003801759581,0.2137140065489458,-0.6289308176100628,5.031446540880502,-0.9493670886076,0,0,0.0,78.6290109144036,1,8.626198083067083,-1.2779552715655007,0.0,1,9.26517571884984,-1.2779552715655007,8.626198083067083,1,28.43450479233225,-1.2779552715655007,23.961661341853045,1,37.06070287539938,-1.2779552715655007,28.115015974440883,3.0,7.0,21.0,30.0,32.0,55.0,,,,,,,0,1,1,0,0,0,False,False,True,False,False,False,False
sz002374,2024-10-22,first_probe,1,首次试盘,5.882352941176472,3.3613445378151363,25.07507830264336,0.42857142857142855,0.0,0.7034637962403287,0.49588851168781056,-0.4237288135593098,6.779661016949157,4.680851063829783,0,0,0.0,81.94826394909957,1,17.07317073170731,-1.2195121951219412,15.44715447154472,1,59.34959349593496,-1.2195121951219412,23.57723577235773,1,65.85365853658539,-1.2195121951219412,38.617886178861795,1,65.85365853658539,-2.8455284552845517,6.50406504065042,1.0,3.0,3.0,5.0,12.0,13.0,13.0,,,,,,1,1,1,0,0,0,True,False,False,False,False,False,False
sz002374,2025-02-21,retest_probe,2,重新试盘,6.844106463878341,5.703422053231932,14.607877696609325,0.4444444444444444,0.0,0.6655133992363148,0.5242704312011893,-0.7380073800738018,3.690036900368998,1.486988847583648,0,0,0.0,80.95477867212513,1,8.791208791208804,-5.860805860805862,-2.197802197802201,1,8.791208791208804,-5.860805860805862,0.366300366300365,1,8.791208791208804,-27.83882783882784,-9.157509157509159,1,8.791208791208804,-27.83882783882784,-0.3663003663003539,5.0,5.0,,,,,,8.0,24.0,26.0,30.0,31.0,0,0,0,0,0,0,True,False,True,True,False,False,True
sz002374,2025-07-11,retest_probe,3,重新试盘,6.164383561643838,3.424657534246589,30.479613485413687,0.5555555555555556,0.0,0.36576402692444393,0.4203713150117925,-0.33670033670034627,4.377104377104368,1.3513513513513598,0,0,0.0,81.36620964202183,1,0.0,-6.333333333333336,-3.6666666666666625,1,0.0,-8.333333333333337,-6.999999999999995,1,7.000000000000006,-13.0,-4.666666666666675,1,9.000000000000007,-13.0,-8.333333333333337,38.0,49.0,,,,,,2.0,16.0,25.0,,,0,0,0,0,0,1,False,False,True,False,False,False,False
sz002374,2025-11-05,retest_probe,4,重新试盘,6.927710843373491,6.024096385542177,19.85640715725408,1.0434782608695643,0.0,0.32259719360627875,0.39284722345927475,-3.293413173652693,6.287425149700598,2.4767801857585203,0,0,0.0,84.0569524507614,1,39.87915407854985,-6.344410876132933,6.646525679758297,1,39.87915407854985,-6.344410876132933,3.0211480362537735,1,39.87915407854985,-6.344410876132933,8.761329305135956,1,39.87915407854985,-6.344410876132933,2.4169184290030232,3.0,4.0,4.0,4.0,5.0,6.0,,1.0,,,,,1,1,1,0,0,0,False,True,False,False,False,False,False
sz002376,2025-06-09,first_probe,1,首次试盘,5.6629834254143585,4.972375690607733,24.499008723358088,0.8536585365853668,0.0,0.5691221076801017,0.3102240365889706,0.28288543140027045,8.203677510608198,2.961918194640334,0,0,0.0,82.24490423669074,1,28.63013698630139,-3.835616438356171,0.6849315068493178,1,28.63013698630139,-3.835616438356171,7.9452054794520555,1,28.63013698630139,-3.835616438356171,3.835616438356171,1,28.63013698630139,-3.835616438356171,13.83561643835618,2.0,3.0,3.0,3.0,4.0,,,,,,,,1,1,0,0,0,0,False,False,False,False,False,False,False
sz002379,2025-09-12,first_probe,1,首次试盘,7.595659623072515,6.510565391205003,24.026455016872386,0.47368421052631565,0.0,0.2649812129160485,0.08883250821406792,1.5661252900232236,9.280742459396762,3.9977155910908113,0,0,0.0,75.44809206101488,1,0.0,-10.049423393739708,-6.095551894563423,1,5.8758923668314145,-10.049423393739708,-0.10982976386600951,1,28.940142778693012,-10.049423393739708,19.000549148819324,1,37.12246018671059,-10.049423393739708,24.107633168588684,18.0,23.0,24.0,27.0,34.0,54.0,,2.0,2.0,7.0,,,0,1,1,0,0,1,False,False,False,False,False,False,False
sz002383,2025-04-24,first_probe,1,首次试盘,7.403055229142197,4.465334900117512,13.55393400288041,0.8571428571428575,0.0,0.3885867634792858,0.2404851236404949,-1.965317919075149,5.664739884393066,1.4150943396226356,0,0,0.0,79.25099789175133,1,16.162790697674435,-2.674418604651163,1.744186046511631,1,18.37209302325582,-2.674418604651163,7.093023255813957,1,25.930232558139533,-2.674418604651163,19.883720930232563,1,31.86046511627907,-2.674418604651163,14.069767441860481,3.0,6.0,7.0,7.0,23.0,41.0,,,,,,,1,1,1,0,0,0,False,False,False,False,False,False,False
sz002389,2025-06-04,first_probe,1,首次试盘,4.963314630988336,4.143288735433748,17.344917488846008,0.8260869565217396,0.0,0.3660458767393553,0.20386534957311514,-1.9172113289760206,5.969498910675375,3.8205242114615734,0,0,0.0,75.20604859889406,1,5.519897304236188,-7.10312366281558,1.7115960633290461,1,12.323491655969177,-8.643560119811722,5.990586221651695,1,13.008130081300816,-8.643560119811722,8.729139922978169,1,18.74197689345314,-8.643560119811722,6.204535729567828,10.0,18.0,18.0,45.0,,,,2.0,14.0,,,,0,0,0,0,0,1,False,False,False,False,False,False,False
sz002398,2025-02-05,first_probe,1,首次试盘,19.960079840319356,17.764471057884236,28.882244357413224,0.41000000000000014,0.0,0.8942774176333578,0.5391095236789821,-1.9748653500897717,7.899461400359065,2.564102564102555,0,0,0.0,87.27154222471687,1,20.357142857142875,-12.857142857142856,13.57142857142859,1,20.357142857142875,-12.857142857142856,-4.821428571428566,1,20.357142857142875,-14.821428571428575,-11.607142857142849,1,20.357142857142875,-31.607142857142854,-14.464285714285708,4.0,7.0,9.0,10.0,10.0,,,1.0,1.0,2.0,42.0,42.0,1,1,0,0,0,1,True,True,False,False,False,False,False
sz002400,2025-07-10,first_probe,1,首次试盘,7.979407979407993,7.4646074646074645,47.49975979663335,0.5161290322580642,0.0,0.8091844614090893,0.5646339623667592,-0.5181347150259086,8.678756476683947,5.078125,0,0,0.0,87.4857301551883,1,-1.115241635687736,-5.4522924411400275,-3.345724907063208,1,-0.12391573729862992,-5.4522924411400275,-2.726146220570025,1,8.674101610904582,-5.4522924411400275,-3.345724907063208,1,15.241635687732359,-5.4522924411400275,4.708798017348181,29.0,29.0,48.0,56.0,,,,3.0,,,,,0,0,0,1,0,0,True,True,False,False,False,False,False
sz002402,2025-10-23,first_probe,1,首次试盘,4.750957854406135,3.4674329501915624,14.216001441649116,1.286290322580646,0.0,1.033242876552857,0.04612667765244644,1.3654618473895486,9.7991967871486,2.000792393026951,0,0,0.0,75.82593149280035,1,15.498154981549806,-10.604000776849876,-5.80695280637017,1,15.498154981549806,-12.196543018061757,5.923480287434457,1,15.498154981549806,-26.568265682656822,-24.548456010875896,1,15.498154981549806,-26.568265682656822,-21.732375218489032,1.0,1.0,3.0,6.0,,,,7.0,8.0,9.0,34.0,37.0,1,0,0,0,0,0,True,False,False,False,False,False,False
sz002403,2025-09-05,first_probe,1,首次试盘,7.990012484394504,6.803995006242203,16.670760819762556,0.5234375000000009,0.0,0.28220891040221624,0.49797643165087635,1.2232415902140525,5.810397553516822,0.4833836858005869,0,0,0.0,80.76185665878168,1,10.402886349969931,-7.997594708358379,-7.456404088995782,1,10.402886349969931,-17.618761274804573,-14.01082381238724,1,10.402886349969931,-20.625375826819003,-18.821407095610343,1,10.402886349969931,-24.35357787131689,-21.226698737221884,1.0,2.0,2.0,,,,,7.0,11.0,12.0,20.0,34.0,0,0,0,0,0,1,False,False,False,False,False,False,False
sz002404,2025-03-13,first_probe,1,首次试盘,6.750392464678168,4.709576138147553,30.249305051913197,0.767441860465117,0.0,0.8405951384928093,0.33981429977948663,-0.31645569620254443,7.594936708860756,2.698412698412689,0,0,0.0,85.58619999865651,1,3.554868624420404,-2.3183925811437356,0.9273570324574987,1,3.554868624420404,-24.42040185471407,-12.055641421947438,1,4.173106646058744,-24.42040185471407,4.173106646058744,1,8.191653786707898,-24.42040185471407,-1.8547140649149974,41.0,41.0,,,,,,11.0,16.0,16.0,17.0,17.0,0,0,0,0,1,1,True,True,False,False,False,False,False
sz002406,2025-05-08,first_probe,1,首次试盘,4.830287206266304,3.7859007832898195,21.0741143714408,0.6486486486486482,0.0,0.2559466046243685,0.16386107913812828,-1.2886597938144284,3.4793814432989567,1.6971279373368064,0,0,0.0,72.43600408468703,1,8.087291399229791,-2.8241335044929317,-1.0269576379974388,1,8.087291399229791,-4.236200256739409,-1.2836970474967901,1,8.087291399229791,-12.836970474967913,-5.006418485237485,1,10.654685494223347,-12.836970474967913,2.9525032092426073,2.0,7.0,59.0,,,,,22.0,25.0,29.0,,,0,0,0,0,0,0,False,False,False,False,False,False,False
sz002408,2025-05-15,first_probe,1,首次试盘,6.25,5.3879310344827624,20.174419185972795,0.517241379310343,0.0,0.6476526329516602,0.46613127533030185,-0.42735042735041473,5.341880341880345,2.5751072961373467,0,0,0.0,82.0951940481383,1,0.0,-5.230125523012552,-3.765690376569053,1,0.0,-5.230125523012552,-3.974895397489553,1,1.2552301255229992,-7.740585774058584,-1.4644351464435212,1,14.853556485355647,-7.740585774058584,5.230125523012541,50.0,50.0,50.0,,,,,8.0,,,,,0,0,0,0,0,0,False,False,False,False,False,False,False
sz002426,2024-12-02,first_probe,1,首次试盘,8.469055374592838,6.1889250814332275,14.475152582410836,0.7692307692307693,0.0,0.37808821772380136,0.405550401437811,-2.2292993630573354,6.050955414012726,1.9543973941368087,0,0,0.0,82.36328561875825,1,41.853035143769986,-7.028753993610215,18.21086261980831,1,41.853035143769986,-11.82108626198084,-10.223642172523961,1,41.853035143769986,-18.53035143769969,-7.348242811501593,1,41.853035143769986,-18.53035143769969,17.252396166134186,4.0,5.0,5.0,5.0,7.0,8.0,8.0,1.0,17.0,17.0,22.0,,1,1,1,0,0,0,False,False,False,False,False,False,False
sz002426,2025-02-26,retest_probe,2,重新试盘,6.077348066298338,5.524861878453025,13.366656213646662,0.4545454545454534,0.0,0.6457093282966633,0.5593779573550236,-0.2808988764045006,7.86516853932584,5.352112676056353,0,0,0.0,79.32306494612244,1,6.149732620320858,-10.69518716577541,0.2673796791443861,1,6.149732620320858,-11.764705882352954,-9.090909090909093,1,6.149732620320858,-39.572192513369,-29.946524064171122,1,6.149732620320858,-39.572192513369,-27.27272727272727,9.0,,,,,,,1.0,2.0,2.0,22.0,27.0,0,0,0,0,0,1,False,False,True,False,False,False,False
sz002426,2025-03-03,continuous_probe,3,连续试盘,5.797101449275344,2.898550724637672,14.08930307833068,0.5500000000000002,0.0,0.2906773013771554,0.6074346501448494,-0.2949852507374673,7.669616519174038,4.7337278106508895,0,0,0.0,77.72112135318308,1,12.146892655367235,-3.3898305084745783,5.084745762711873,1,12.146892655367235,-15.254237288135597,-12.711864406779661,1,12.146892655367235,-36.15819209039549,-27.401129943502834,1,12.146892655367235,-36.15819209039549,-23.728813559322028,3.0,6.0,6.0,,,,,16.0,19.0,19.0,20.0,24.0,0,0,0,0,0,1,False,False,True,False,False,False,False
sz002428,2025-04-07,first_probe,1,首次试盘,4.741833508956783,3.635405690200222,16.954981571812528,1.388888888888891,0.0,0.782625413142171,-0.010833711997480015,-8.309178743961343,-3.961352657004835,-1.8440463645943206,0,0,0.0,76.0175839081798,1,7.890499194847034,-5.636070853462161,2.898550724637694,1,7.890499194847034,-5.636070853462161,4.29414922168545,1,8.427267847557696,-5.636070853462161,1.449275362318847,1,9.98389694041868,-5.636070853462161,4.830917874396157,1.0,22.0,,,,,,1.0,,,,,0,0,0,0,0,0,True,False,False,False,False,False,False
sz002431,2024-11-08,first_probe,1,首次试盘,8.43373493975903,5.2208835341365445,16.452536506105936,1.0476190476190488,0.0,0.46954158370833515,0.4308056933788841,1.2048192771084265,8.43373493975903,-1.5873015873015928,0,0,0.0,86.05475392293258,1,8.064516129032274,-9.677419354838701,-9.677419354838701,1,8.064516129032274,-15.322580645161288,4.435483870967727,1,17.741935483870975,-25.0,-21.370967741935488,1,17.741935483870975,-25.0,-16.129032258064512,1.0,5.0,23.0,27.0,,,,2.0,3.0,11.0,13.0,39.0,0,0,0,0,0,1,False,True,False,False,False,False,False
sz002436,2025-03-13,first_probe,1,首次试盘,10.685335298452458,7.737656595431086,17.004359531221755,0.6482758620689655,0.0,0.405785886320119,0.32383769455898537,-0.5730659025787954,7.59312320916905,1.4409221902017322,0,0,0.0,82.34389973238741,1,4.119318181818188,-11.931818181818176,-9.517045454545459,1,4.119318181818188,-34.232954545454554,-22.940340909090917,1,4.119318181818188,-34.232954545454554,-9.659090909090907,1,4.119318181818188,-34.232954545454554,-16.903409090909093,,,,,,,,5.0,6.0,7.0,12.0,16.0,0,0,0,0,1,1,False,False,False,False,False,False,False
sz002437,2025-05-30,first_probe,1,首次试盘,5.084745762711851,4.406779661016946,19.959425625093758,1.2000000000000017,0.0,0.3936259460451166,0.0999264738291972,-3.9087947882736063,0.9771986970684043,-1.016949152542379,0,0,0.0,76.85865280893556,1,11.301369863013711,-6.5068493150684965,3.424657534246589,1,11.301369863013711,-6.5068493150684965,-2.397260273972601,1,23.28767123287672,-6.5068493150684965,16.43835616438356,1,39.726027397260275,-6.5068493150684965,23.28767123287672,6.0,6.0,6.0,34.0,39.0,43.0,,3.0,,,,,0,1,1,0,0,0,False,False,False,False,False,False,False
sz002438,2024-10-17,first_probe,1,首次试盘,6.323396567298989,4.336043360433606,19.55889829441752,0.457142857142858,0.0,0.26078896562322906,0.19692583616181975,1.746323529411753,8.180147058823529,3.432700993676585,0,0,0.0,74.63862638754945,1,19.825327510917035,-2.707423580786017,18.42794759825328,1,28.12227074235809,-2.707423580786017,18.42794759825328,1,28.12227074235809,-2.707423580786017,12.052401746724906,1,28.12227074235809,-2.707423580786017,4.978165938864643,2.0,2.0,2.0,3.0,11.0,,,,,,,,1,1,0,0,0,0,False,False,False,False,False,False,False
sz002441,2025-10-09,first_probe,1,首次试盘,5.908096280087527,4.923413566739598,20.466296520572158,0.7592592592592607,0.0,0.4222271383535155,0.02150161493313664,0.3293084522502765,6.256860592755209,1.4223194748358647,0,0,0.0,75.59762347243161,1,4.207119741100329,-4.746494066882412,2.8047464940668787,1,12.729234088457385,-4.746494066882412,11.111111111111116,1,13.16073354908307,-4.746494066882412,-0.6472491909384925,1,13.16073354908307,-6.688241639697945,1.7259978425026912,16.0,16.0,18.0,,,,,49.0,,,,,0,0,0,0,0,0,False,False,False,False,False,False,False
sz002442,2025-11-21,first_probe,1,首次试盘,5.608974358974361,4.3269230769230616,14.334613876255993,0.8857142857142855,0.0,0.47159701139654603,0.17992126953039184,-1.2519561815336422,3.1298904538341166,-0.47543581616480424,0,0,0.0,76.59061259229944,1,13.057324840764316,0.31847133757960666,9.07643312101909,1,13.057324840764316,-5.414012738853502,0.15923566878981443,1,13.057324840764316,-5.414012738853502,1.273885350318471,1,13.057324840764316,-5.414012738853502,5.414012738853491,3.0,6.0,7.0,,,,,18.0,,,,,0,0,0,0,0,0,False,False,False,False,False,False,False
sz002443,2025-06-23,first_probe,1,首次试盘,7.5353218210360895,2.8257456828885363,32.363388946645955,0.5624999999999997,0.0,0.42253094858437296,0.07358573284785842,1.757188498402562,9.424920127795522,3.296703296703285,0,0,0.0,78.27963913012553,1,2.7355623100303816,-4.5592705167173175,1.823708206686936,1,4.5592705167173175,-4.5592705167173175,3.951367781155013,1,9.422492401215798,-4.5592705167173175,7.446808510638303,1,15.501519756838888,-4.5592705167173175,6.534954407294835,21.0,35.0,41.0,50.0,,,,,,,,,0,0,0,0,0,0,False,False,False,False,False,False,False
sz002446,2025-04-23,first_probe,1,首次试盘,7.028753993610226,5.591054313099053,18.646304590674426,0.7499999999999994,0.0,0.38257537852250445,0.20888700415131203,0.6535947712418277,9.477124183006547,3.409090909090917,0,0,0.0,79.46741635557237,1,9.733124018838302,-2.5117739403453743,8.791208791208781,1,9.733124018838302,-2.5117739403453743,6.750392464678168,1,11.302982731554145,-2.5117739403453743,9.733124018838302,1,17.739403453689164,-2.5117739403453743,13.343799058084759,1.0,10.0,27.0,41.0,,,,,,,,,0,0,0,0,0,0,False,False,False,False,False,False,False
sz002448,2025-08-05,first_probe,1,首次试盘,7.494407158836691,6.711409395973145,17.574471339695247,0.5970149253731323,0.0,0.43799107089321515,0.29745164344560643,0.45351473922901064,8.956916099773228,3.950338600451486,0,0,0.0,80.25282430561477,1,9.66340933767642,-0.8686210640608039,7.274701411509232,1,21.17263843648207,-0.8686210640608039,16.06948968512485,1,28.121606948968502,-0.8686210640608039,20.41259500542887,1,33.007600434310525,-0.8686210640608039,23.669923995656884,9.0,10.0,13.0,18.0,20.0,54.0,,,,,,,1,1,1,0,0,0,False,False,False,False,False,False,False
sz002453,2025-10-17,first_probe,1,首次试盘,5.223880597014929,4.477611940298498,22.863263857671978,0.742857142857143,0.0,0.7798356052582841,0.38116258317715657,0.14858841010401136,4.7548291233283635,0.7418397626112627,0,0,0.0,81.92529661193653,1,3.8291605301914444,-5.154639175257724,-2.798232695139913,1,14.432989690721643,-5.154639175257724,8.39469808541975,1,24.742268041237114,-6.038291605301915,-4.270986745213545,1,24.742268041237114,-10.898379970544925,-3.6818851251840923,18.0,18.0,18.0,24.0,24.0,,,9.0,43.0,43.0,,,0,1,0,0,0,0,True,False,False,False,False,False,False
sz002455,2024-10-24,first_probe,1,首次试盘,4.792746113989632,2.9792746113989743,18.293546490081752,0.9189189189189183,0.0,0.6744151563845726,0.1723724496373248,-0.7712082262210873,3.984575835475579,0.38860103626943143,0,0,0.0,76.9472542395357,1,17.419354838709666,-0.1290322580645098,15.612903225806463,1,24.51612903225806,-0.1290322580645098,13.935483870967747,1,24.51612903225806,-0.1290322580645098,3.8709677419354938,1,24.51612903225806,-12.903225806451612,-0.7741935483870921,2.0,3.0,9.0,10.0,14.0,,,49.0,50.0,51.0,,,1,1,0,0,0,0,True,False,False,False,False,False,False
sz002456,2024-11-01,first_probe,1,首次试盘,6.636415201361334,4.651162790697683,33.20111633289007,2.495726495726492,0.0,0.29961792803237397,0.00964585808176054,-0.05668934240363743,6.575963718820854,-9.926262053318203,0,0,0.0,81.35368881785246,1,18.639798488664972,-6.738035264483633,0.5037783375314797,1,18.639798488664972,-18.136020151133504,-15.680100755667503,1,18.639798488664972,-23.677581863979857,-20.717884130982377,1,18.639798488664972,-32.43073047858942,-25.881612090680107,1.0,1.0,1.0,2.0,,,,1.0,12.0,17.0,18.0,32.0,1,0,0,0,0,0,False,False,False,False,False,False,False
sz002470,2025-02-24,first_probe,1,首次试盘,6.499999999999995,5.499999999999994,33.35815275182667,0.5384615384615377,0.0,0.29372235764167115,0.1910168199706152,2.564102564102577,9.23076923076922,3.0000000000000027,0,0,0.0,77.61652771091364,1,0.9708737864077666,-9.223300970873783,-9.223300970873783,1,0.9708737864077666,-13.592233009708742,-12.135922330097081,1,0.9708737864077666,-24.271844660194176,-17.47572815533981,1,0.9708737864077666,-24.271844660194176,-18.93203883495146,,,,,,,,4.0,7.0,11.0,25.0,29.0,0,0,0,0,0,1,False,False,False,False,False,False,False
sz002474,2024-11-05,first_probe,1,首次试盘,6.645056726094012,6.645056726094012,16.944863059858964,0.5609756097560984,0.0,0.7659072012143661,0.43033320808967374,0.0,8.045977011494255,4.269293924466333,0,0,0.0,82.25201195125705,1,19.685039370078748,-5.1968503937007915,-1.1023622047244053,1,19.685039370078748,-5.1968503937007915,13.70078740157481,1,43.937007874015755,-5.826771653543295,-5.6692913385826715,1,43.937007874015755,-17.795275590551185,0.31496062992126816,2.0,2.0,2.0,4.0,25.0,26.0,28.0,10.0,41.0,42.0,43.0,,1,1,1,0,0,0,True,False,False,False,False,False,False
sz002476,2025-08-21,first_probe,1,首次试盘,7.732864674868178,5.448154657293491,27.985362010305103,0.909090909090909,0.0,0.3065330647886107,0.033478188360727176,0.3527336860670305,8.112874779541436,0.7029876977152849,0,0,0.0,79.41502515977047,1,1.2216404886561838,-10.645724258289713,-3.4904013961605584,1,5.410122164048858,-10.645724258289713,5.410122164048858,1,12.390924956369975,-10.645724258289713,3.664921465968596,1,12.390924956369975,-10.645724258289713,6.631762652705064,20.0,31.0,31.0,,,,,4.0,5.0,5.0,,,0,0,0,0,0,1,False,False,False,False,False,False,False
sz002476,2025-09-19,retest_probe,2,重新试盘,5.641025641025643,3.93162393162394,16.50415672770326,0.7878787878787871,0.0,0.378632882279043,0.1222427561112781,-3.145695364238421,2.3178807947019875,1.1965811965811923,0,0,0.0,75.14966050185964,1,7.094594594594583,-6.756756756756765,3.040540540540526,1,8.783783783783793,-6.756756756756765,-1.0135135135135087,1,8.783783783783793,-6.756756756756765,3.040540540540526,1,12.837837837837828,-7.432432432432423,3.378378378378377,10.0,11.0,42.0,,,,,2.0,,,,,0,0,0,0,0,0,False,False,True,False,False,False,False
sz002478,2024-12-20,first_probe,1,首次试盘,4.924242424242431,3.409090909090895,33.152764745231465,0.46153846153846234,0.0,0.4477996270486894,0.43207330008176126,0.0,5.725190839694649,3.435114503816794,0,0,0.0,78.35518033477831,1,2.398523985239853,-5.719557195571944,-4.428044280442811,1,2.398523985239853,-10.516605166051662,-6.642066420664216,1,2.398523985239853,-10.516605166051662,-7.380073800738018,1,3.874538745387457,-10.516605166051662,2.2140221402213944,,,,,,,,9.0,12.0,15.0,,,0,0,0,0,0,1,False,False,False,False,False,False,False
sz002479,2025-04-22,first_probe,1,首次试盘,4.990757855822547,2.772643253234741,34.66325789250098,1.185185185185185,0.0,0.4017306926492394,0.06910403722480635,2.851711026615966,7.984790874524705,-0.9242144177449174,0,0,0.0,77.7874238489304,1,10.634328358208943,-4.104477611940305,-1.8656716417910557,1,10.634328358208943,-5.4104477611940265,-5.4104477611940265,1,10.634328358208943,-9.888059701492546,-8.768656716417922,1,10.634328358208943,-9.888059701492546,1.4925373134328401,3.0,3.0,3.0,,,,,20.0,38.0,,,,0,0,0,0,0,0,False,False,False,False,False,False,False
sz002482,2025-09-02,first_probe,1,首次试盘,7.608695652173902,3.80434782608694,25.825717601222703,0.7857142857142854,0.0,0.3063844473931105,0.2901000482531207,-0.5524861878453025,9.392265193370154,3.8888888888888973,0,0,0.0,82.46069905242594,1,8.021390374331538,-3.7433155080213942,7.486631016042766,1,14.438502673796783,-8.02139037433156,-6.417112299465244,1,17.647058823529417,-8.02139037433156,1.6042780748662944,1,17.647058823529417,-8.02139037433156,-2.1390374331550777,8.0,9.0,12.0,32.0,,,,15.0,19.0,,,,0,0,0,0,0,1,False,False,False,False,False,False,False
sz002482,2025-09-18,retest_probe,2,重新试盘,6.467661691542315,5.970149253731338,22.404326757440472,1.076923076923075,0.0,0.501295627375727,0.41036304151236497,-0.5025125628140725,7.537688442211055,1.0101010101010166,0,0,0.0,85.75246452045432,1,1.0000000000000009,-14.000000000000002,-10.499999999999998,1,10.000000000000009,-14.000000000000002,-2.500000000000002,1,10.000000000000009,-14.000000000000002,-9.999999999999998,1,10.000000000000009,-16.500000000000004,-13.5,20.0,20.0,20.0,,,,,1.0,3.0,3.0,57.0,,0,0,0,0,0,1,False,True,True,False,True,False,False
sz002487,2025-01-17,first_probe,1,首次试盘,6.2278481012658204,5.113924050632912,43.41995603794667,0.8861788617886175,0.0,0.3191673305727461,0.11834179060845285,0.8167432363450855,7.09545686574784,0.7088607594936791,0,0,0.0,79.51381019980158,1,3.066867772750115,-3.6199095022624417,1.1563599798893875,1,3.066867772750115,-3.6199095022624417,-0.8547008547008628,1,26.194067370537955,-3.6199095022624417,21.317244846656603,1,43.69029663147308,-3.6199095022624417,39.06485671191553,25.0,25.0,25.0,36.0,39.0,55.0,59.0,,,,,,0,1,1,0,0,0,False,False,False,False,False,False,False
sz002489,2025-04-29,first_probe,1,首次试盘,5.828220858895716,3.3742331288343586,26.33402370449484,0.5263157894736836,0.0,0.2609347430155684,0.32327367169827276,0.31055900621117516,7.14285714285714,3.7151702786377694,0,0,0.0,77.67412320112865,1,32.23880597014923,2.3880597014925398,24.477611940298495,1,32.23880597014923,2.3880597014925398,13.134328358208958,1,32.23880597014923,2.3880597014925398,9.253731343283578,1,32.23880597014923,2.3880597014925398,11.940298507462677,1.0,2.0,3.0,7.0,9.0,10.0,,,,,,,1,1,1,0,0,0,False,False,False,False,False,False,False
sz002491,2024-11-21,first_probe,1,首次试盘,4.824561403508776,3.070175438596512,15.185774457182363,0.7272727272727258,0.0,0.334606342322924,0.40036208615650964,-0.9049773755656076,8.144796380090513,5.47945205479452,0,0,0.0,75.92404165616354,1,4.112554112554112,-5.411255411255411,3.0303030303030276,1,7.3593073593073655,-5.411255411255411,5.627705627705626,1,29.87012987012987,-14.28571428571429,-3.2467532467532534,1,29.87012987012987,-14.28571428571429,16.23376623376622,13.0,21.0,21.0,21.0,26.0,,,2.0,30.0,31.0,,,0,1,0,0,0,0,False,False,False,False,False,False,False
sz002491,2025-01-08,retest_probe,2,重新试盘,4.816513761467878,2.9816513761467878,16.798391338456025,0.5238095238095254,0.0,0.28914557349048436,0.1160308801859074,-1.13378684807256,3.628117913832196,2.2935779816513735,0,0,0.0,69.5527541570177,1,4.932735426008961,-10.986547085201792,2.2421524663676973,1,12.780269058295968,-10.986547085201792,10.089686098654704,1,22.64573991031389,-10.986547085201792,15.246636771300448,1,22.64573991031389,-20.403587443946194,-8.968609865470857,11.0,11.0,12.0,22.0,26.0,,,2.0,3.0,3.0,57.0,58.0,0,1,0,0,0,1,False,False,True,False,False,False,False
sz002492,2025-06-20,first_probe,1,首次试盘,8.166666666666679,4.499999999999993,22.085861755764906,0.9591836734693886,0.0,0.34030007741047624,0.34747519137589955,-1.0067114093959662,8.892617449664431,2.033898305084736,0,0,0.0,84.76042288170633,1,8.97009966777409,-4.15282392026578,-2.491694352159457,1,8.97009966777409,-4.15282392026578,4.485049833887045,1,31.06312292358804,-4.15282392026578,27.740863787375435,1,31.06312292358804,-4.15282392026578,26.079734219269103,1.0,1.0,25.0,27.0,34.0,40.0,,,,,,,0,1,1,0,0,0,False,True,False,False,False,False,False
sz002492,2025-06-23,continuous_probe,2,连续试盘,6.148867313915862,5.016181229773475,28.547723439536213,0.7368421052631564,0.0,0.3289643418989884,0.13208443565269476,2.657807308970095,8.97009966777409,1.6181229773462924,0,0,0.0,77.863335892552,1,-2.866242038216571,-8.121019108280269,-5.254777070063699,1,3.6624203821655987,-8.121019108280269,2.3885350318471277,1,25.636942675159236,-8.121019108280269,19.426751592356673,1,25.636942675159236,-8.121019108280269,22.452229299363058,21.0,24.0,24.0,33.0,35.0,,,1.0,3.0,,,,0,1,0,0,0,1,False,False,True,False,False,False,False
sz002495,2025-05-14,first_probe,1,首次试盘,7.03125,3.90625,22.250544323576104,0.6666666666666666,0.0,0.6024272515472457,0.487003043086116,0.3937007874015741,7.874015748031504,2.7450980392156987,0,0,0.0,85.01580986492185,1,8.778625954198471,-1.9083969465648942,3.8167938931297662,1,9.923664122137389,-1.9083969465648942,1.1450381679389166,1,9.923664122137389,-8.3969465648855,0.7633587786259444,1,9.923664122137389,-8.3969465648855,4.198473282442738,4.0,5.0,,,,,,25.0,27.0,,,,0,0,0,0,0,0,False,True,False,False,False,False,False
sz002495,2025-06-04,retest_probe,2,重新试盘,7.490636704119846,3.3707865168539186,31.30474335123235,0.6,0.0,0.32650911844988684,0.1900402403609105,0.0,7.490636704119846,2.9962546816479474,0,0,0.0,79.62641855271274,1,4.727272727272713,-8.363636363636362,-8.000000000000007,1,4.727272727272713,-12.727272727272732,-5.454545454545457,1,4.727272727272713,-12.727272727272732,-1.8181818181818077,1,4.727272727272713,-12.727272727272732,-1.8181818181818077,,,,,,,,7.0,10.0,11.0,,,0,0,0,0,0,1,False,False,True,False,False,False,False
sz002496,2024-09-27,first_probe,1,首次试盘,7.657657657657646,6.306306306306286,20.94773914913472,0.47058823529411825,0.0,0.4288666485486171,0.25377742987894175,1.8348623853211121,9.633027522935777,4.054054054054057,0,0,0.0,79.34249536115227,1,16.883116883116877,-16.01731601731602,-12.554112554112551,1,16.883116883116877,-16.01731601731602,-6.926406926406936,1,16.883116883116877,-16.01731601731602,-0.8658008658008698,1,16.883116883116877,-20.779220779220775,-15.58441558441559,1.0,2.0,2.0,2.0,,,,3.0,4.0,4.0,10.0,59.0,1,0,0,0,0,0,False,False,False,False,False,False,False
sz002496,2024-12-10,retest_probe,2,重新试盘,7.171314741035872,5.5776892430278835,15.305537991956992,1.0,0.0,1.0459522723813937,0.5141302819644087,2.8000000000000025,7.600000000000007,-2.3346303501945553,0,0,0.0,87.11320938972268,1,6.374501992031889,-23.904382470119522,-20.717131474103578,1,6.374501992031889,-33.86454183266932,-29.880478087649397,1,6.374501992031889,-46.21513944223107,-35.0597609561753,1,6.374501992031889,-46.21513944223107,-39.8406374501992,1.0,,,,,,,5.0,7.0,9.0,9.0,10.0,0,0,0,0,0,1,True,True,True,True,True,True,False
sz002501,2024-09-23,first_probe,1,首次试盘,5.714285714285716,4.761904761904767,121.40014485833825,0.5,0.0,1.674572384403226,0.7384755028974332,0.0,7.7669902912621325,4.854368932038833,0,0,0.0,86.3124650846265,1,40.74074074074075,-1.851851851851849,12.037037037037024,1,40.74074074074075,-1.851851851851849,37.962962962962955,1,107.40740740740739,-1.851851851851849,50.0,1,131.4814814814815,-1.851851851851849,76.85185185185183,2.0,2.0,3.0,4.0,5.0,6.0,6.0,,,,,,1,1,1,0,0,0,True,True,False,False,False,False,False
sz002510,2024-12-10,first_probe,1,首次试盘,7.941176470588229,6.176470588235294,16.89638285316841,0.9259259259259258,0.0,0.5452582238999721,0.3758006445268678,1.4836795252225476,8.902077151335309,0.0,0,0,0.0,84.98132672439017,1,12.42690058479532,-14.327485380116956,-11.695906432748536,1,12.42690058479532,-27.046783625730985,-22.660818713450293,1,12.42690058479532,-27.046783625730985,-13.450292397660812,1,12.42690058479532,-27.046783625730985,-17.543859649122805,1.0,2.0,2.0,,,,,5.0,7.0,7.0,15.0,17.0,0,0,0,0,0,1,False,True,False,False,False,False,False
sz002510,2024-12-25,retest_probe,2,重新试盘,5.691056910569103,3.089430894308931,15.435581463405976,0.514285714285714,0.0,0.2886818490545613,0.3552326522571598,0.3311258278145601,7.615894039735105,4.290429042904309,0,0,0.0,75.46966045502408,1,2.0569620253164445,-21.044303797468356,-12.816455696202544,1,2.0569620253164445,-21.044303797468356,-12.9746835443038,1,5.854430379746844,-21.044303797468356,-9.177215189873422,1,5.854430379746844,-21.044303797468356,-13.924050632911388,32.0,,,,,,,4.0,4.0,5.0,6.0,7.0,0,0,0,0,1,1,False,False,True,False,False,False,False
sz002512,2025-10-29,first_probe,1,首次试盘,10.056925996204935,7.210626185958269,22.751935082040458,1.1509433962264135,0.0,0.2843461638530288,0.19376732931304955,1.8518518518518379,7.407407407407396,-5.636363636363628,0,0,0.0,83.6609896189497,1,15.028901734104029,-14.065510597302511,1.9267822736030782,1,24.66281310211944,-14.065510597302511,16.377649325626198,1,61.271676300578015,-14.065510597302511,14.065510597302499,1,61.46435452793835,-14.065510597302511,31.984585741811156,1.0,9.0,9.0,9.0,14.0,27.0,29.0,1.0,1.0,2.0,,,1,1,1,0,0,1,False,True,False,False,False,False,False
sz002512,2025-11-19,retest_probe,2,重新试盘,9.009009009009006,8.288288288288292,16.39846812413329,0.4599999999999991,0.0,0.31196728163128296,0.1970784705596337,-0.8849557522124019,7.079646017699104,3.928571428571437,0,0,0.0,76.76289620276005,1,10.137457044673525,-19.07216494845362,-1.2027491408934776,1,43.8144329896907,-19.07216494845362,-0.3436426116838587,1,43.986254295532646,-19.07216494845362,15.807560137457033,1,43.986254295532646,-19.07216494845362,0.0,6.0,6.0,8.0,12.0,13.0,14.0,15.0,1.0,1.0,2.0,3.0,,1,1,1,0,0,1,False,False,True,False,False,False,False
sz002514,2025-04-08,first_probe,1,首次试盘,7.1705426356589275,5.038759689922467,14.956615022358452,0.48648648648648796,0.0,0.6034947772376826,0.1927401335921715,-8.672566371681423,-2.12389380530974,3.6821705426356433,0,0,0.0,77.08328944732538,1,12.897196261682243,-9.906542056074752,8.41121495327104,1,12.897196261682243,-19.439252336448597,-0.747663551401867,1,27.10280373831777,-19.439252336448597,9.906542056074773,1,27.10280373831777,-19.439252336448597,8.598130841121488,1.0,2.0,2.0,22.0,23.0,,,1.0,1.0,15.0,15.0,,0,1,0,0,0,1,False,False,False,False,False,False,False
sz002515,2024-09-27,first_probe,1,首次试盘,6.150341685649208,3.1890660592255315,13.615287439928274,0.5925925925925921,0.0,0.5604798022371481,0.1897223345547621,0.23255813953488857,8.372093023255811,4.408352668213467,0,0,0.0,75.63852094976735,1,16.888888888888886,-3.77777777777778,-1.5555555555555656,1,16.888888888888886,-3.77777777777778,3.777777777777769,1,16.888888888888886,-3.77777777777778,10.000000000000009,1,24.22222222222221,-3.77777777777778,6.666666666666665,1.0,2.0,2.0,2.0,55.0,,,,,,,,1,0,0,0,0,0,False,False,False,False,False,False,False
sz002515,2025-09-24,retest_probe,2,重新试盘,6.007509386733423,5.256570713391739,29.650403404993543,1.2708333333333328,0.0,0.5454098442339659,0.12460878520554947,1.7834394904458595,7.898089171974543,-1.6270337922402955,0,0,0.0,82.25449334802502,1,7.506361323155208,-13.358778625954205,-11.195928753180661,1,7.506361323155208,-18.575063613231546,-16.030534351145043,1,7.506361323155208,-26.081424936386778,-20.48346055979644,1,7.506361323155208,-26.081424936386778,-20.737913486005088,2.0,,,,,,,1.0,1.0,8.0,11.0,25.0,0,0,0,0,0,1,False,False,True,False,False,False,False
sz002519,2025-06-18,first_probe,1,首次试盘,6.457925636007822,4.696673189823852,13.511783843439018,0.6363636363636361,0.0,0.5008774329476546,0.43947898320407586,0.0,8.151093439363821,3.976143141153088,0,0,0.0,79.92836616762501,1,8.604206500956014,-7.839388145315485,3.824091778202665,1,10.516252390057357,-7.839388145315485,-3.824091778202676,1,10.516252390057357,-7.839388145315485,6.883365200764802,1,10.516252390057357,-7.839388145315485,-5.162523900573623,6.0,6.0,11.0,,,,,2.0,,,,,0,0,0,0,0,0,False,False,False,False,False,False,False
sz002520,2024-12-09,first_probe,1,首次试盘,12.296983758700698,11.948955916473336,17.369861799259102,1.4056603773584901,0.0,0.44039407512599427,0.14311795277541572,-8.571428571428562,6.373626373626373,-1.562500000000011,0,0,0.0,83.98853891926869,1,0.0,-25.03052503052503,-25.03052503052503,1,0.0,-36.63003663003662,-32.967032967032964,1,0.0,-36.63003663003662,-11.843711843711846,1,5.250305250305254,-36.63003663003662,-8.302808302808295,50.0,,,,,,,1.0,1.0,1.0,2.0,6.0,0,0,0,0,1,1,False,True,False,False,False,False,False
sz002520,2025-04-08,retest_probe,2,重新试盘,7.499999999999996,4.230769230769216,14.810251898855661,0.846153846153847,0.0,0.7205488944482592,0.034919442507808235,-9.090909090909083,-2.2727272727272707,1.1538461538461497,0,0,0.0,78.49990817501042,1,15.209125475285168,-10.076045627376418,7.034220532319391,1,29.467680608365022,-10.076045627376418,23.193916349809896,1,46.38783269961979,-10.076045627376418,21.482889733840295,1,46.38783269961979,-10.076045627376418,16.539923954372625,1.0,1.0,2.0,5.0,19.0,22.0,26.0,1.0,1.0,1.0,,,1,1,1,0,0,1,True,False,True,True,False,True,False
sz002522,2025-02-27,first_probe,1,首次试盘,14.784053156146193,14.617940199335555,27.226227241881084,0.9438202247191003,0.0,0.6631265121420264,0.5442989139138845,-5.530642750373693,3.2884902840059738,-3.9556962025316444,0,0,0.0,90.91110571832456,1,1.6474464579901094,-19.604612850082383,-16.144975288303133,1,1.6474464579901094,-22.89950576606261,-19.9341021416804,1,1.6474464579901094,-40.85667215815486,-25.205930807248766,1,1.6474464579901094,-40.85667215815486,-18.945634266886337,,,,,,,,1.0,1.0,1.0,2.0,17.0,0,0,0,0,1,1,False,True,False,False,False,False,False
sz002523,2025-03-21,first_probe,1,首次试盘,9.476309226932656,6.483790523690769,19.79482856695416,0.4210526315789455,0.0,0.3876410449038794,0.29679016363552296,-0.7425742574257432,8.663366336633649,5.4862842892768215,0,0,0.0,80.11440684099036,1,5.437352245862881,-24.34988179669031,-24.34988179669031,1,5.437352245862881,-34.75177304964541,-20.56737588652483,1,5.437352245862881,-34.75177304964541,-14.184397163120577,1,5.437352245862881,-34.75177304964541,-19.8581560283688,1.0,,,,,,,1.0,5.0,6.0,6.0,10.0,0,0,0,0,0,1,False,False,False,False,False,False,False
sz002523,2025-09-30,retest_probe,2,重新试盘,6.299212598425186,3.149606299212593,34.753515124061266,0.7083333333333337,0.0,0.26476452944991397,0.40319057330410507,0.26385224274405594,6.860158311345632,2.1052631578947434,0,0,0.0,82.02413483019187,1,18.29896907216495,-1.2886597938144284,13.144329896907214,1,21.134020618556715,-1.2886597938144284,17.52577319587627,1,21.134020618556715,-1.2886597938144284,5.154639175257736,1,21.134020618556715,-4.123711340206182,10.567010309278357,1.0,9.0,9.0,10.0,20.0,,,,,,,,1,1,0,0,0,0,False,False,True,False,False,False,False
sz002526,2024-11-06,first_probe,1,首次试盘,5.0167224080267525,3.0100334448160515,18.474055334557224,1.0,0.0,0.2596151438718775,0.06736741579718018,3.1034482758620863,8.275862068965534,0.0,0,0,0.0,73.51808959581858,1,4.682274247491636,-11.036789297658867,-5.35117056856188,1,60.535117056856166,-11.7056856187291,60.535117056856166,1,94.314381270903,-11.7056856187291,16.722408026755843,1,94.314381270903,-11.7056856187291,42.47491638795984,16.0,16.0,17.0,17.0,17.0,18.0,19.0,5.0,7.0,8.0,,,1,1,1,0,0,1,False,False,False,False,False,False,False
sz002528,2025-02-06,first_probe,1,首次试盘,7.438016528925617,4.545454545454541,16.356704650018646,0.3888888888888901,0.0,0.6431466270059865,0.032089108935779743,-5.138339920948609,2.7667984189723382,5.41666666666667,0,0,0.0,74.68945790277236,1,7.905138339920947,-5.138339920948609,4.347826086956541,1,10.671936758893285,-5.138339920948609,1.1857707509881577,1,10.671936758893285,-7.905138339920937,-5.928853754940711,1,10.671936758893285,-20.55335968379447,-2.766798418972327,3.0,12.0,14.0,,,,,1.0,41.0,41.0,42.0,56.0,0,0,0,0,0,0,False,False,False,False,False,False,False
sz002528,2025-11-17,retest_probe,2,重新试盘,5.810397553516822,4.892966360856277,20.394139639479576,1.0,0.0,0.565434485390209,0.2800555021399799,-0.9090909090909038,4.8484848484848575,0.0,0,0,0.0,82.2421371645085,1,4.892966360856277,-8.25688073394496,-5.5045871559633035,1,4.892966360856277,-13.455657492354733,-11.926605504587162,1,4.892966360856277,-18.960244648318046,-13.455657492354733,1,4.892966360856277,-33.02752293577982,-19.571865443425086,,,,,,,,4.0,5.0,13.0,22.0,49.0,0,0,0,0,0,1,False,False,True,False,False,False,False
sz002531,2025-03-17,first_probe,1,首次试盘,5.200000000000005,3.600000000000003,32.019228482473615,0.5897435897435891,0.0,0.25477945361499904,0.25284985957582706,0.0,5.200000000000005,2.1333333333333426,0,0,0.0,75.96833827461245,1,5.7441253263707415,-5.352480417754569,-4.8302872062663145,1,5.7441253263707415,-20.365535248041777,-8.355091383812018,1,5.7441253263707415,-20.365535248041777,-14.490861618798956,1,5.7441253263707415,-20.365535248041777,-7.310704960835512,4.0,,,,,,,10.0,14.0,14.0,15.0,16.0,0,0,0,0,0,1,False,False,False,False,False,False,False
sz002538,2024-11-15,first_probe,1,首次试盘,6.299212598425208,3.464566929133861,14.222515430848501,1.249999999999999,0.0,0.3269395813246353,-0.0938399884857717,-2.3076923076923106,3.8461538461538547,-1.5748031496062964,0,0,0.0,75.01549569886342,1,18.879999999999985,-3.520000000000001,3.3600000000000074,1,18.879999999999985,-3.520000000000001,2.400000000000002,1,18.879999999999985,-18.239999999999988,-16.000000000000004,1,18.879999999999985,-18.239999999999988,-10.08,3.0,3.0,3.0,4.0,,,,26.0,28.0,32.0,35.0,,1,0,0,0,0,0,False,False,False,False,False,False,False
sz002540,2025-11-20,first_probe,1,首次试盘,5.6899004267425335,3.271692745376953,14.678985359716261,0.6999999999999993,0.0,0.3145901700378489,0.35089905711085767,0.0,7.060518731988452,3.0259365994236287,0,0,0.0,77.05455851058582,1,6.573426573426566,-9.93006993006993,2.3776223776223793,1,6.573426573426566,-9.93006993006993,-7.272727272727275,1,6.573426573426566,-9.93006993006993,3.6363636363636376,1,13.006993006992996,-9.93006993006993,3.9160839160839123,9.0,44.0,44.0,,,,,1.0,5.0,,,,0,0,0,0,0,1,False,False,False,False,False,False,False
sz002542,2024-11-08,first_probe,1,首次试盘,18.993506493506484,10.389610389610393,14.646008560747806,0.9743589743589741,0.0,0.5692386359034484,-0.0905462309780209,-9.677419354838712,7.478005865102633,0.48701298701299134,0,0,0.0,79.23333397158349,1,-10.016155088852985,-38.610662358642976,-22.94022617124395,1,-4.684975767366717,-38.610662358642976,-16.155088852988687,1,-4.684975767366717,-45.718901453958004,-44.74959612277868,1,-4.684975767366717,-47.980613893376415,-34.41033925686592,,,,,,,,1.0,1.0,1.0,2.0,3.0,0,0,0,1,1,1,False,False,False,False,False,False,False
sz002542,2025-03-03,retest_probe,2,重新试盘,4.82233502538072,3.2994923857868175,14.00747686505512,0.42105263157894784,0.0,0.5682755273264046,0.5726808698466582,-1.253132832080206,3.50877192982455,2.7918781725888353,0,0,0.0,75.78417538975805,1,3.70370370370372,-5.679012345679013,-3.2098765432098775,1,3.70370370370372,-17.037037037037038,-16.049382716049376,1,3.70370370370372,-35.80246913580246,-25.67901234567902,1,3.70370370370372,-35.80246913580246,-20.740740740740737,,,,,,,,8.0,14.0,15.0,20.0,24.0,0,0,0,0,1,1,False,False,True,False,False,False,False
sz002544,2025-04-07,first_probe,1,首次试盘,5.668016194331971,4.149797570850189,14.365010623322311,1.160714285714289,0.0,0.8705611961772973,-0.09124899202070252,-9.191176470588236,-4.044117647058831,-0.9109311740890802,0,0,0.0,76.45941684898452,1,7.201225740551576,-3.524004085801824,5.209397344228828,1,21.654749744637392,-3.524004085801824,19.91828396322779,1,31.716036772216547,-3.524004085801824,18.74361593462719,1,31.716036772216547,-3.524004085801824,17.007150153217587,3.0,18.0,18.0,18.0,19.0,22.0,,,,,,,1,1,1,0,0,0,True,False,False,False,False,False,False
sz002547,2024-09-20,first_probe,1,首次试盘,6.923076923076921,5.384615384615388,21.90096224395095,0.5555555555555545,0.0,1.0950131989636067,0.3956409216311767,0.0,6.1068702290076216,2.2900763358778553,0,0,0.0,84.14024529686827,1,47.76119402985073,0.3731343283581934,19.402985074626855,1,47.76119402985073,0.3731343283581934,31.343283582089555,1,116.41791044776117,0.3731343283581934,70.89552238805969,1,156.34328358208953,0.3731343283581934,102.61194029850742,1.0,1.0,1.0,2.0,3.0,6.0,7.0,,,,,,1,1,1,0,0,0,True,True,False,False,False,False,False
sz002547,2025-02-19,retest_probe,2,重新试盘,5.243445692883908,4.494382022471921,16.281807652965174,0.5714285714285714,0.0,0.4339703830202799,0.07351017474289509,3.076923076923088,8.07692307692307,1.8656716417910335,0,0,0.0,71.83370815687012,1,6.227106227106227,-13.003663003663002,-7.326007326007334,1,6.227106227106227,-13.919413919413914,-9.523809523809511,1,6.227106227106227,-40.10989010989011,-28.57142857142857,1,6.227106227106227,-40.10989010989011,-5.311355311355315,4.0,,,,,,,2.0,7.0,8.0,26.0,28.0,0,0,0,0,0,1,False,False,True,False,False,False,False
sz002549,2025-06-17,first_probe,1,首次试盘,7.521186440677985,5.402542372881358,20.84543366457843,0.47887323943661897,0.0,0.28776143911023544,0.29658812135292345,-0.6237006237006071,5.509355509355518,2.6150627615062705,0,0,0.0,78.70057600611969,1,15.494393476044843,-10.49949031600409,15.494393476044843,1,39.65341488277267,-10.49949031600409,13.659531090723753,1,39.65341488277267,-10.49949031600409,39.14373088685015,1,90.41794087665647,-10.49949031600409,69.62283384301733,10.0,10.0,10.0,10.0,11.0,12.0,41.0,2.0,2.0,4.0,,,1,1,1,0,0,1,False,False,False,False,False,False,False
sz002552,2025-07-07,first_probe,1,首次试盘,9.009628610729026,8.18431911966988,18.684789663307534,0.786259541984732,0.0,0.5579751900547496,0.26646951531752905,-0.5471956224350261,8.41313269493844,1.925722145804687,0,0,0.0,83.60999132335746,1,18.286099865047234,-1.4844804318488558,11.538461538461542,1,23.684210526315773,-1.4844804318488558,17.07152496626181,1,23.684210526315773,-1.4844804318488558,11.808367071524973,1,23.684210526315773,-1.4844804318488558,11.26855600539809,1.0,1.0,2.0,6.0,11.0,,,,,,,,1,1,0,0,0,0,False,True,False,False,False,False,False
sz002553,2025-03-31,first_probe,1,首次试盘,4.955839057899913,2.9931305201177594,400.1096001892952,1.0,0.0,0.8324946967316484,0.47464211084724606,-9.849823321554773,-5.521201413427557,-0.14698677119059367,0,0,0.0,86.72718479715076,1,6.427870461236518,-29.6368989205103,-3.2875368007850736,1,8.439646712463222,-29.6368989205103,-2.796859666339546,1,34.396467124632004,-29.6368989205103,9.126594700686951,1,34.396467124632004,-29.6368989205103,5.39744847890089,1.0,12.0,22.0,22.0,23.0,26.0,,2.0,4.0,4.0,4.0,5.0,0,1,1,0,0,1,True,True,False,False,False,False,False
sz002559,2024-11-14,first_probe,1,首次试盘,5.236139630390135,4.20944558521561,15.920567197929088,1.2352941176470609,0.0,0.36005777928438965,0.4440674201297424,-0.9307135470527417,5.997931747673224,0.41753653444676075,0,0,0.0,81.27906027601406,1,1.3513513513513598,-12.681912681912666,-6.964656964656967,1,27.02702702702704,-12.681912681912666,6.2370062370062485,1,27.02702702702704,-16.735966735966734,-11.746361746361734,1,27.02702702702704,-16.735966735966734,1.1434511434511574,13.0,14.0,14.0,14.0,15.0,,,2.0,2.0,9.0,36.0,,1,1,0,0,0,1,False,False,False,False,False,False,False
sz002560,2025-06-17,first_probe,1,首次试盘,8.870967741935477,6.586021505376327,16.594252326844096,0.4848484848484845,0.0,0.4212067958126557,0.3916218388628447,-1.170351105331613,5.33159947984394,2.3684210526315974,0,0,0.0,81.06946367467842,1,2.570694087403602,-8.611825192802058,0.7712082262210762,1,2.8277634961439535,-8.611825192802058,1.285347043701801,1,15.295629820051415,-8.611825192802058,5.784061696658105,1,15.295629820051415,-9.511568123393321,-8.22622107969152,24.0,24.0,25.0,25.0,,,,2.0,3.0,,,,0,0,0,0,0,1,False,False,False,False,False,False,False
sz002562,2025-04-23,first_probe,1,首次试盘,7.328605200945626,4.964539007092195,23.34434663385538,0.6129032258064536,0.0,0.27317379915996637,0.21949113343247645,-0.23474178403755097,6.572769953051649,2.35294117647058,0,0,0.0,78.74791035865883,1,18.39080459770117,-0.6896551724137834,7.126436781609202,1,18.39080459770117,-0.6896551724137834,5.517241379310356,1,18.39080459770117,-1.6091954022988353,10.804597701149433,1,56.78160919540232,-1.6091954022988353,43.21839080459773,1.0,1.0,1.0,7.0,48.0,49.0,50.0,,,,,,1,0,1,0,0,0,False,False,False,False,False,False,False
sz002563,2025-09-16,first_probe,1,首次试盘,7.168458781362008,6.272401433691743,32.684478392656715,0.6,0.0,0.5871228565082147,0.3038257723609454,0.0,7.747747747747757,3.423423423423433,0,0,0.0,83.30165728417533,1,6.794425087108014,-3.310104529616731,-1.7421602787456525,1,6.794425087108014,-6.445993031358888,-5.749128919860624,1,7.491289198606266,-9.059233449477356,4.006968641114983,1,16.376306620209057,-9.059233449477356,-3.310104529616731,4.0,47.0,48.0,48.0,,,,18.0,21.0,,,,0,0,0,0,0,0,False,True,False,False,False,False,False
sz002565,2025-01-17,first_probe,1,首次试盘,6.060606060606055,3.0303030303030276,14.859720523530266,0.6666666666666683,0.0,0.5527488789420147,0.2993655002995775,0.3389830508474523,6.7796610169491345,2.3648648648648685,0,0,0.0,78.72528116846789,1,4.950495049504955,-3.3003300330032848,4.620462046204632,1,4.950495049504955,-3.3003300330032848,1.650165016501659,1,9.24092409240924,-3.3003300330032848,3.300330033003296,1,22.112211221122124,-11.551155115511536,22.112211221122124,32.0,32.0,43.0,47.0,60.0,,,50.0,51.0,51.0,,,0,0,0,0,0,0,False,False,False,False,False,False,False
sz002566,2025-05-30,first_probe,1,首次试盘,11.308767471410409,7.878017789072422,27.942958843998408,0.7191011235955065,0.0,0.4614302989394251,0.16125563791817626,-1.5018773466833557,9.637046307884845,3.1766200762388674,0,0,0.0,82.80441179299619,1,6.773399014778336,-5.541871921182262,-2.8325123152709297,1,6.773399014778336,-8.866995073891616,-3.9408866995073843,1,6.773399014778336,-8.866995073891616,3.817733990147798,1,12.561576354679826,-8.866995073891616,2.2167487684729315,2.0,56.0,56.0,,,,,10.0,14.0,,,,0,0,0,0,0,1,False,True,False,False,False,False,False
sz002570,2025-03-05,first_probe,1,首次试盘,5.506607929515428,2.8634361233480066,18.782115377080174,0.6000000000000014,0.0,0.30114801690829557,0.33241571152566557,-0.8658008658008698,3.6796536796536827,1.3100436681222627,0,0,0.0,76.82751610687302,1,20.474137931034498,-10.560344827586189,9.913793103448265,1,20.905172413793128,-10.560344827586189,1.2931034482758674,1,70.04310344827587,-10.560344827586189,39.2241379310345,1,70.04310344827587,-10.560344827586189,37.284482758620705,8.0,8.0,9.0,9.0,9.0,25.0,26.0,3.0,6.0,6.0,,,1,1,1,0,0,1,False,False,False,False,False,False,False
sz002570,2025-05-21,retest_probe,2,重新试盘,6.110283159463492,5.216095380029806,33.9980906651242,0.5853658536585369,0.0,0.46614656209476396,-0.08659799247692582,2.286585365853666,8.536585365853666,2.53353204172877,0,0,0.0,75.28506090317481,1,0.8720930232558155,-10.75581395348838,-10.029069767441856,1,0.8720930232558155,-13.0813953488372,-11.91860465116279,1,0.8720930232558155,-15.406976744186041,-9.156976744186041,1,20.639534883720945,-15.406976744186041,2.6162790697674465,49.0,50.0,50.0,50.0,51.0,,,1.0,3.0,7.0,22.0,,0,0,0,0,0,1,False,False,True,False,False,False,False
sz002570,2025-06-10,retest_probe,3,重新试盘,8.823529411764696,8.496732026143782,22.091157046521413,0.48148148148148107,0.0,0.6301893581587371,0.40360359423284203,0.16286644951140072,8.469055374592838,4.065040650406493,0,0,0.0,83.96746366799222,1,6.25,-9.062499999999996,-4.843750000000002,1,7.031249999999978,-9.062499999999996,0.0,1,29.6875,-9.062499999999996,10.624999999999996,1,29.6875,-9.062499999999996,8.749999999999991,5.0,35.0,35.0,36.0,37.0,,,3.0,8.0,,,,0,1,0,0,0,1,False,True,True,False,True,False,False
sz002577,2025-01-23,first_probe,1,首次试盘,5.213270142180093,4.786729857819894,13.415533138642976,2.036363636363639,0.0,0.4775955948603943,0.1692192861817953,1.1063011063010997,6.782106782106778,-5.04281636536631,0,0,0.0,78.0645196966087,1,31.713426853707418,-5.811623246492992,18.286573146292582,1,50.300601202404806,-5.811623246492992,25.551102204408814,1,50.300601202404806,-5.811623246492992,10.37074148296593,1,50.300601202404806,-20.691382765531063,-2.755511022044088,4.0,5.0,5.0,5.0,6.0,8.0,15.0,2.0,46.0,46.0,47.0,47.0,1,1,1,0,0,0,False,False,False,False,False,False,False
sz002577,2025-04-08,retest_probe,2,重新试盘,10.571428571428587,5.428571428571427,17.12160113425478,1.0,0.0,0.6953783603661462,0.3495236664370495,-9.979423868312765,-0.462962962962965,0.0,0,0,0.0,87.08949195298823,1,14.628571428571412,-9.542857142857141,11.257142857142854,1,25.71428571428571,-9.542857142857141,22.171428571428574,1,25.71428571428571,-9.542857142857141,16.400000000000013,1,25.71428571428571,-9.542857142857141,13.885714285714279,2.0,2.0,2.0,16.0,16.0,,,1.0,1.0,,,,1,1,0,0,0,1,True,True,True,True,True,True,False
sz002577,2025-06-18,retest_probe,3,重新试盘,5.495583905789991,5.446516192345441,23.993727335288863,0.7767857142857145,0.0,0.3142576761004992,0.3850376810589508,0.14836795252226587,6.330365974282892,1.8765432098765356,0,0,0.0,80.3075098177187,1,2.1812893843916603,-5.719825496849252,-0.8240426563257297,1,2.1812893843916603,-5.719825496849252,-0.6301502666020364,1,6.495395055744058,-5.719825496849252,2.859912748424631,1,12.312166747455166,-5.719825496849252,-3.39311682016481,35.0,45.0,49.0,,,,,3.0,,,,,0,0,0,0,0,0,False,False,True,False,False,False,False
sz002578,2025-03-05,first_probe,1,首次试盘,5.993690851735023,2.8391167192429068,42.39101132656835,0.6842105263157892,0.0,0.5300854829645636,0.5362471681297702,0.31249999999998224,4.999999999999982,0.6230529595015577,0,0,0.0,85.04526658906929,1,8.668730650154789,-0.6191950464396245,4.024767801857587,1,13.003095975232192,-2.1671826625386914,0.6191950464396356,1,13.003095975232192,-25.386996904024763,-6.811145510835914,1,13.003095975232192,-25.386996904024763,0.6191950464396356,2.0,5.0,17.0,,,,,22.0,22.0,23.0,23.0,24.0,0,0,0,0,0,0,False,True,False,False,False,False,False
sz002580,2025-05-14,first_probe,1,首次试盘,8.286852589641436,6.7729083665338585,21.960991487464877,0.6057692307692303,0.0,0.27803483116473066,0.2677426725286915,-0.7159904534606243,8.11455847255369,3.8461538461538547,0,0,0.0,80.14408897358052,1,15.663580246913567,-6.558641975308655,9.259259259259256,1,28.16358024691357,-6.558641975308655,7.638888888888884,1,28.16358024691357,-6.558641975308655,3.549382716049365,1,28.16358024691357,-6.558641975308655,7.330246913580241,5.0,6.0,6.0,7.0,14.0,,,2.0,,,,,1,1,0,0,0,0,False,False,False,False,False,False,False
sz002582,2025-02-26,first_probe,1,首次试盘,7.692307692307687,5.925155925155923,30.962399747981355,0.8243243243243233,0.0,0.4449820267878475,0.13973923906864189,1.7989417989418,9.629629629629633,1.3513513513513598,0,0,0.0,81.85244831498476,1,29.43589743589743,-0.7179487179487243,9.435897435897434,1,29.43589743589743,-1.4358974358974375,2.2564102564102573,1,29.43589743589743,-9.230769230769232,23.076923076923084,1,30.974358974358964,-9.230769230769232,11.38461538461537,1.0,1.0,1.0,2.0,2.0,43.0,,22.0,23.0,,,,1,1,1,0,0,0,False,False,False,False,False,False,False
sz002582,2025-05-26,retest_probe,2,重新试盘,5.865384615384617,4.230769230769216,16.608121969772135,0.4098360655737709,0.0,0.40450134886353767,0.40782753612399497,-9.536082474226815,-5.4123711340206215,2.1842355175688555,0,0,0.0,77.14094844760602,1,4.832713754646845,-5.390334572490707,-3.810408921933084,1,4.832713754646845,-13.011152416356886,-8.736059479553903,1,4.832713754646845,-13.011152416356886,-10.315985130111516,1,4.832713754646845,-13.104089219330861,-5.669144981412632,,,,,,,,5.0,16.0,17.0,,,0,0,0,0,0,1,False,False,True,False,False,False,False
sz002583,2024-11-04,first_probe,1,首次试盘,14.49211908931698,10.726795096322238,27.42783394761157,1.0,0.0,1.5098581699429843,0.4003717986771573,-10.00788022064617,3.0338849487785646,0.0,0,0,0.0,91.23022685058164,1,6.742556917688258,-15.849387040280217,-13.309982486865145,1,15.411558669001746,-25.744308231173374,-20.57793345008756,1,15.411558669001746,-37.08406304728547,-35.72679509632224,1,15.411558669001746,-47.635726795096325,-45.44658493870403,2.0,13.0,13.0,13.0,,,,1.0,3.0,4.0,9.0,11.0,1,0,0,0,0,1,True,True,False,False,False,False,False
sz002585,2025-05-16,first_probe,1,首次试盘,5.893909626719052,3.7328094302554016,27.495623206014436,0.6333333333333321,0.0,0.6968721976350223,0.47473489390051843,-0.3937007874015852,6.102362204724399,2.7667984189723382,0,0,0.0,83.91095937875413,1,-0.19230769230769162,-4.230769230769226,-3.4615384615384714,1,1.7307692307692246,-4.615384615384621,-3.8461538461538547,1,10.576923076923084,-5.961538461538474,8.846153846153836,1,19.999999999999996,-5.961538461538474,11.538461538461542,27.0,37.0,38.0,44.0,,,,22.0,,,,,0,0,0,0,0,0,True,True,False,False,False,False,False
sz002587,2024-09-04,first_probe,1,首次试盘,5.7657657657657735,4.144144144144146,22.02533335047282,0.5937500000000007,0.0,0.710788729630761,0.44058203384305755,0.0,5.5755395683453335,2.158273381294973,0,0,0.0,82.2492478587463,1,1.232394366197198,-8.978873239436613,-7.042253521126751,1,25.880281690140848,-8.978873239436613,2.2887323943661997,1,25.880281690140848,-8.978873239436613,15.845070422535223,1,47.35915492957745,-8.978873239436613,42.6056338028169,13.0,16.0,16.0,17.0,17.0,50.0,58.0,4.0,7.0,,,,1,1,1,0,0,1,True,False,False,False,False,False,False
sz002591,2025-01-09,first_probe,1,首次试盘,8.016032064128243,2.8056112224448926,23.85286737694524,1.1000000000000003,0.0,0.47557914217400776,0.08480805257287852,-0.39920159680637557,7.584830339321358,-0.8016032064128265,0,0,0.0,82.38238689444654,1,5.656565656565671,-11.919191919191919,0.8080808080808133,1,8.888888888888879,-11.919191919191919,4.444444444444429,1,19.797979797979792,-11.919191919191919,11.313131313131297,1,21.212121212121215,-19.797979797979792,-2.8282828282828354,5.0,19.0,23.0,23.0,45.0,,,1.0,2.0,2.0,57.0,,0,0,0,0,0,1,False,False,False,False,False,False,False
sz002593,2024-12-25,first_probe,1,首次试盘,6.481481481481466,5.555555555555558,16.51065725489364,0.457142857142858,0.0,0.28329321028371496,0.35566139580083383,0.5484460694698434,5.118829981718465,1.6363636363636358,0,0,0.0,76.80386299018897,1,1.7889087656529634,-16.10017889087656,-7.155635062611799,1,1.7889087656529634,-16.99463327370304,-11.270125223613592,1,13.595706618962433,-16.99463327370304,-0.536672629695889,1,13.595706618962433,-16.99463327370304,-13.059033989266544,28.0,34.0,35.0,,,,,3.0,4.0,5.0,7.0,,0,0,0,0,1,1,False,False,False,False,False,False,False
sz002593,2025-03-04,retest_probe,2,重新试盘,4.856115107913683,4.316546762589923,16.44832660018692,0.5185185185185165,0.0,0.3993640071197466,0.2585307377842252,-1.098901098901095,6.776556776556775,5.370370370370381,0,0,0.0,73.05970360102401,1,8.963093145869937,-3.514938488576458,-1.405975395430581,1,8.963093145869937,-17.223198594024613,-14.586994727592273,1,8.963093145869937,-36.20386643233744,-17.223198594024613,1,8.963093145869937,-36.20386643233744,-14.762741652021106,4.0,4.0,,,,,,14.0,14.0,14.0,19.0,23.0,0,0,0,0,0,1,False,False,True,False,False,False,False
sz002595,2025-03-18,first_probe,1,首次试盘,5.085066162570895,4.064272211720232,22.87854283549212,0.8066914498141255,0.0,0.41832745050753395,0.0054666557404989295,1.8286814244465655,7.006737247353234,0.9829867674858273,0,0,0.0,74.17165705778655,1,12.87907150879819,0.561587420441767,11.755896667914634,1,14.18944215649569,-6.065144140771251,1.96555597154624,1,15.33133657806065,-6.065144140771251,13.141145638337704,1,20.441782104080875,-6.065144140771251,17.44664919505803,1.0,2.0,5.0,39.0,52.0,,,15.0,,,,,0,0,0,0,0,0,False,False,False,False,False,False,False
sz002596,2025-02-18,first_probe,1,首次试盘,5.882352941176472,3.8235294117646923,19.643007993280552,1.1,0.0,0.2588799999924319,0.396528851009895,-0.5813953488372103,4.651162790697683,-1.1695906432748537,0,0,0.0,81.92764404179019,1,13.905325443786998,-0.2958579881656709,5.02958579881656,1,20.71005917159765,-0.2958579881656709,15.680473372781067,1,21.00591715976332,-15.97633136094675,-2.9585798816568087,1,21.00591715976332,-15.97633136094675,9.763313609467449,7.0,7.0,7.0,14.0,19.0,,,33.0,34.0,34.0,35.0,,1,1,0,0,0,0,False,False,False,False,False,False,False
sz002596,2025-03-05,retest_probe,2,重新试盘,5.013927576601684,4.178272980501396,26.347852008441706,0.6666666666666666,0.0,0.4208060439721224,0.28140882732301015,0.5633802816901401,6.197183098591563,2.2408963585434094,0,0,0.0,77.69971388667336,1,11.780821917808225,-1.3698630136986245,7.671232876712342,1,12.05479452054794,-10.136986301369866,-6.57534246575342,1,12.05479452054794,-22.191780821917806,1.9178082191780854,1,12.05479452054794,-22.191780821917806,-1.6438356164383605,3.0,8.0,8.0,,,,,14.0,18.0,18.0,23.0,24.0,0,0,0,0,0,1,False,False,True,False,False,False,False
sz002596,2025-03-10,continuous_probe,3,连续试盘,6.557377049180313,4.371584699453535,17.558470087481727,0.7916666666666672,0.0,0.7625925416207863,0.6901690919492276,0.27700831024930483,8.033240997229928,2.4861878453038555,0,0,0.0,85.97080062293514,1,10.242587601078167,-5.121293800539084,-5.121293800539084,1,10.242587601078167,-19.137466307277627,-15.363881401617252,1,10.242587601078167,-23.450134770889484,1.3477088948786964,1,10.242587601078167,-23.450134770889484,-0.8086253369272156,5.0,5.0,9.0,,,,,10.0,11.0,15.0,19.0,21.0,0,0,0,0,0,1,True,True,True,True,True,True,True
sz002596,2025-04-14,retest_probe,4,重新试盘,8.433734939759052,6.325301204819267,16.854887111467175,0.5357142857142849,0.0,0.5111863305172841,0.1655436616878746,0.911854103343468,9.422492401215798,3.915662650602414,0,0,0.0,78.37235232443021,1,3.768115942028971,-6.086956521739129,-0.28985507246377384,1,12.753623188405804,-6.086956521739129,6.666666666666665,1,12.753623188405804,-6.086956521739129,5.217391304347818,1,13.623188405797105,-6.086956521739129,10.144927536231862,13.0,13.0,14.0,,,,,2.0,,,,,0,0,0,0,0,0,False,False,False,False,False,False,False
sz002597,2025-03-14,first_probe,1,首次试盘,5.020080321285136,5.020080321285136,18.110363641282564,0.5839999999999975,0.0,0.45541934308940374,0.3288813414938247,-0.5193767479025224,4.474630443467831,2.088353413654631,0,0,0.0,76.39686804371217,1,5.350118017309202,-3.0291109362706625,-1.9669551534225005,1,5.350118017309202,-16.050354051927616,-6.569630212431166,1,5.350118017309202,-16.050354051927616,-2.202989771833208,1,5.350118017309202,-16.050354051927616,-4.366640440597969,8.0,,,,,,,15.0,15.0,15.0,16.0,,0,0,0,0,0,1,False,False,False,False,False,False,False
sz002598,2024-10-23,first_probe,1,首次试盘,5.082742316784872,3.782505910165468,19.672373693213988,0.8372093023255848,0.0,0.7351775046738431,0.38149982868078675,-0.7194244604316613,6.594724220623505,3.0193236714975757,0,0,0.0,81.43465407281852,1,6.682297772567414,-2.2274325908557935,4.572098475967179,1,9.613130128956637,-2.2274325908557935,5.861664712778425,1,45.134818288393916,-2.2274325908557935,14.067995310668246,1,45.134818288393916,-2.2274325908557935,10.433763188745605,10.0,12.0,23.0,24.0,24.0,26.0,31.0,,,,,,0,1,1,0,0,0,True,False,False,False,False,False,False
sz002607,2025-04-16,first_probe,1,首次试盘,8.000000000000007,7.333333333333347,18.384442484249846,0.6666666666666666,0.0,0.7519662151270216,0.5316360150170408,-0.6644518272425071,7.641196013289053,3.0100334448160515,0,0,0.0,86.01320306152505,1,2.922077922077926,-4.870129870129869,-2.272727272727282,1,2.922077922077926,-4.870129870129869,-0.6493506493506551,1,2.922077922077926,-7.467532467532467,-5.519480519480513,1,2.922077922077926,-9.740259740259749,-1.2987012987012991,,,,,,,,27.0,42.0,,,,0,0,0,0,0,0,True,True,False,False,False,False,False
sz002609,2025-03-25,first_probe,1,首次试盘,5.125523012552313,2.9288702928870203,23.65910504128296,1.1428571428571435,0.0,0.60249681371827,0.15463792895128003,-0.31282586027110426,4.796663190823791,-0.7322175732217606,0,0,0.0,79.81270300626989,1,3.2665964172813533,-23.1822971548999,-16.543730242360375,1,10.537407797681775,-23.1822971548999,4.109589041095907,1,14.120126448893577,-23.1822971548999,6.533192834562684,1,21.812434141201265,-23.1822971548999,13.066385669125392,16.0,18.0,19.0,44.0,44.0,,,4.0,8.0,8.0,9.0,10.0,0,0,0,0,0,1,False,False,False,False,False,False,False
sz002611,2025-07-18,first_probe,1,首次试盘,4.732350659425899,3.8789759503491172,13.807594740630655,0.7213114754098359,0.0,0.6105117426314971,0.6075245803051476,1.7557861133280284,7.741420590582604,2.431372549019617,0,0,0.0,78.49734813005752,1,13.32312404287903,-1.3782542113323082,4.287901990811638,1,57.88667687595712,-1.3782542113323082,45.63552833078099,1,60.336906584992356,-1.3782542113323082,36.217457886676875,1,60.336906584992356,-1.3782542113323082,30.245022970903523,2.0,2.0,2.0,13.0,14.0,14.0,15.0,,,,,,1,1,1,0,0,0,False,False,False,False,False,False,False
sz002612,2024-12-20,first_probe,1,首次试盘,5.005624296962874,4.6119235095613,23.202301125628395,0.7191011235955058,0.0,0.653277093515874,0.403668377614584,0.39525691699604515,5.420666290231502,1.4060742407199012,0,0,0.0,80.93045549372673,1,3.050471436494706,-15.585135884636713,-13.255684969495285,1,3.050471436494706,-20.29950083194676,-13.976705490848595,1,3.050471436494706,-20.29950083194676,-16.638935108153085,1,3.050471436494706,-20.29950083194676,-12.867443150305046,,,,,,,,3.0,6.0,8.0,10.0,15.0,0,0,0,0,1,1,False,False,False,False,False,False,False
sz002613,2024-12-06,first_probe,1,首次试盘,5.46697038724373,2.733485193621865,21.027794324742995,0.5416666666666657,0.0,0.2918989185975396,0.34016391743188146,-0.22831050228310223,5.707762557077634,2.9748283752860427,0,0,0.0,76.73817512306658,1,4.444444444444451,-6.666666666666665,-3.9999999999999925,1,4.444444444444451,-20.88888888888889,-16.44444444444445,1,4.444444444444451,-20.88888888888889,-5.333333333333334,1,4.444444444444451,-20.88888888888889,-3.5555555555555562,,,,,,,,7.0,11.0,11.0,19.0,20.0,0,0,0,0,1,1,False,False,False,False,False,False,False
sz002614,2025-11-17,first_probe,1,首次试盘,7.029177718832891,4.641909814323597,17.756080631570153,0.6981132075471697,0.0,0.3608223561754214,0.2707434384210147,0.0,8.613728129205933,3.6339165545087537,0,0,0.0,79.65729334417354,1,0.6493506493506551,-9.220779220779217,-4.285714285714281,1,9.740259740259738,-9.220779220779217,-4.935064935064936,1,9.740259740259738,-11.038961038961048,-4.805194805194802,1,9.740259740259738,-11.298701298701296,-8.18181818181818,15.0,16.0,,,,,,2.0,4.0,22.0,,,0,0,0,0,0,1,False,False,False,False,False,False,False
sz002622,2024-12-10,first_probe,1,首次试盘,10.81081081081079,7.027027027027022,15.41043698795425,1.2000000000000004,0.0,0.5236345973008736,0.21949871086257783,0.8000000000000007,9.333333333333327,-4.232804232804222,0,0,0.0,84.39376119149593,1,4.972375690607733,-20.16574585635359,-16.022099447513817,1,4.972375690607733,-32.87292817679558,-26.243093922651937,1,4.972375690607733,-33.42541436464088,-21.546961325966862,1,4.972375690607733,-33.42541436464088,-14.640883977900554,,,,,,,,5.0,5.0,6.0,10.0,10.0,0,0,0,0,1,1,False,True,False,False,False,False,False
sz002629,2025-04-16,first_probe,1,首次试盘,9.76138828633404,6.073752711496727,29.25212814415716,0.5777777777777782,0.0,0.716466104643822,0.04492115801531218,-9.9609375,-1.171875000000011,4.121475054229928,0,0,0.0,80.82236817399543,1,21.04166666666667,-6.874999999999998,7.08333333333333,1,21.04166666666667,-6.874999999999998,4.583333333333339,1,43.75000000000002,-6.874999999999998,24.374999999999993,1,46.875,-6.874999999999998,23.750000000000004,2.0,2.0,3.0,3.0,5.0,34.0,35.0,1.0,,,,,1,1,1,0,0,0,True,False,False,False,False,False,False
sz002629,2025-10-24,retest_probe,2,重新试盘,5.105438401775819,4.328523862375144,19.82001247941775,0.6086956521739144,0.0,0.5852452668212054,0.09558779712288815,1.0089686098654793,6.165919282511223,1.9977802441731418,0,0,0.0,74.19576870632338,1,12.404787812840045,-10.010881392818282,-7.508161044613704,1,12.404787812840045,-10.010881392818282,-8.05223068552775,1,12.404787812840045,-25.788900979325348,-21.653971708378663,1,12.404787812840045,-38.19368879216539,-37.43199129488575,3.0,5.0,5.0,,,,,1.0,6.0,6.0,22.0,29.0,0,0,0,0,0,1,False,False,True,False,False,False,False
sz002633,2025-05-26,first_probe,1,首次试盘,6.696100073583522,4.856512141280356,14.291599613775347,0.8571428571428563,0.0,0.3842254785187854,0.3212678665790998,-0.07352941176470562,6.617647058823528,0.9565857247976428,0,0,0.0,80.12657758530521,1,23.760932944606417,-2.76967930029155,-1.093294460641403,1,23.760932944606417,-8.309037900874639,-2.405247813411082,1,23.83381924198249,-8.309037900874639,20.991253644314867,1,31.70553935860059,-8.309037900874639,23.615160349854225,2.0,4.0,4.0,5.0,5.0,60.0,,17.0,19.0,,,,1,1,1,0,0,0,False,False,False,False,False,False,False
sz002634,2025-02-18,first_probe,1,首次试盘,8.288770053475925,7.754010695187175,16.633813573145677,1.1290322580645165,0.0,0.49799380954303096,0.3967834288514719,1.6260162601626105,9.756097560975597,-1.3333333333333308,0,0,0.0,86.20377838638363,1,5.675675675675684,-3.2432432432432434,0.2702702702702675,1,10.270270270270277,-5.405405405405405,8.108108108108091,1,13.783783783783775,-28.10810810810811,-9.999999999999998,1,13.783783783783775,-28.10810810810811,9.189189189189184,6.0,19.0,19.0,,,,,13.0,29.0,29.0,33.0,34.0,0,0,0,0,0,0,False,True,False,False,False,False,False
sz002636,2025-11-07,first_probe,1,首次试盘,5.272727272727273,2.7878787878787836,14.64629776565674,1.1609195402298855,0.0,0.5336206206492291,-0.13527204060998171,-2.8268551236749095,2.29681978798586,-0.848484848484854,0,0,0.0,74.04533436216305,1,18.826405867970664,-13.691931540342296,-13.63080684596576,1,18.826405867970664,-14.79217603911981,-3.0562347188264005,1,18.826405867970664,-14.79217603911981,3.85085574572126,1,68.33740831295843,-14.79217603911981,49.44987775061125,1.0,1.0,1.0,2.0,49.0,50.0,52.0,8.0,8.0,10.0,,,1,0,1,0,0,0,False,False,False,False,False,False,False
sz002638,2025-06-30,first_probe,1,首次试盘,8.69565217391306,3.9525691699604737,24.49659034062486,0.5454545454545454,0.0,0.2803106632945053,0.23089763629547846,0.3968253968253954,9.126984126984116,3.9525691699604737,0,0,0.0,79.61914172483154,1,0.7604562737642651,-8.365019011406838,-6.083650190114054,1,0.7604562737642651,-12.547528517110273,-9.885931558935358,1,0.7604562737642651,-16.349809885931542,-7.604562737642572,1,6.083650190114076,-16.349809885931542,2.6615969581749166,58.0,,,,,,,2.0,5.0,12.0,33.0,,0,0,0,0,0,1,False,False,False,False,False,False,False
sz002639,2024-11-06,first_probe,1,首次试盘,9.774436090225546,7.067669172932334,16.252630105868814,0.6,0.0,1.2630598283263565,0.3517581656700341,0.29940119760478723,9.281437125748514,3.1343283582089487,0,0,0.0,84.55543790487093,1,11.432706222865407,-7.52532561505066,-0.14471780028942893,1,11.432706222865407,-7.52532561505066,2.894356005788712,1,47.322720694645426,-7.52532561505066,-4.630969609261948,1,47.322720694645426,-14.03762662807525,1.447178002894356,1.0,1.0,2.0,27.0,27.0,28.0,29.0,8.0,41.0,41.0,,,0,1,1,0,0,0,True,True,False,False,False,False,False
sz002639,2025-04-08,retest_probe,2,重新试盘,5.655172413793097,3.5862068965517135,13.901224076046299,1.0731707317073176,0.0,0.6142346004303485,-0.11313792471918742,-9.60099750623441,-4.488778054862841,-0.4137931034482789,0,0,0.0,74.79488011139945,1,19.390581717451518,-9.972299168975063,3.6011080332410073,1,21.468144044321335,-9.972299168975063,17.036011080332415,1,90.02770083102493,-9.972299168975063,81.30193905817175,1,90.02770083102493,-9.972299168975063,59.418282548476455,4.0,4.0,5.0,5.0,18.0,31.0,31.0,1.0,1.0,,,,1,1,1,0,0,1,False,False,True,False,False,False,False
sz002639,2025-11-06,retest_probe,3,重新试盘,5.767844268204758,2.956020187454933,14.347071487973574,1.6249999999999996,0.0,0.6351973156001803,-0.00874122922330295,0.8759124087591275,7.080291970802932,-3.256150506512312,0,0,0.0,77.80231293304983,1,27.82348541510846,-2.3186237845923663,7.703814510097251,1,27.82348541510846,-3.2161555721765156,10.695587135377727,1,62.15407629020196,-3.2161555721765156,46.22288706058342,1,118.47419596110696,-3.2161555721765156,48.466716529543774,1.0,1.0,2.0,7.0,8.0,26.0,27.0,,,,,,1,1,1,0,0,0,False,False,True,False,False,False,False
sz002640,2024-11-06,first_probe,1,首次试盘,9.14826498422714,8.201892744479512,21.186613643645526,0.6896551724137936,0.0,0.7465319250211931,0.659737742239587,-0.31746031746030523,9.84126984126985,3.821656050955413,0,0,0.0,88.21710632501092,1,8.895705521472387,-13.80368098159509,-4.294478527607348,1,90.18404907975462,-13.80368098159509,90.18404907975462,1,130.06134969325154,-13.80368098159509,29.447852760736204,1,130.06134969325154,-13.80368098159509,36.80981595092025,1.0,1.0,13.0,13.0,14.0,16.0,17.0,1.0,7.0,8.0,,,1,1,1,0,0,1,True,True,False,False,False,False,False
sz002640,2024-12-10,retest_probe,2,重新试盘,16.787003610108297,5.054151624548742,15.182483132996397,0.9354838709677423,0.0,0.4130314319384553,-0.12661406248499557,-9.771986970684033,5.374592833876224,1.0830324909747224,0,0,0.0,77.99295350388111,1,4.8214285714285765,-20.714285714285708,-16.78571428571428,1,4.8214285714285765,-32.14285714285714,-20.714285714285708,1,4.8214285714285765,-32.14285714285714,-12.857142857142856,1,4.8214285714285765,-32.14285714285714,-25.892857142857128,,,,,,,,1.0,1.0,6.0,6.0,10.0,0,0,0,0,1,1,False,False,True,False,False,False,False
sz002640,2025-01-13,retest_probe,3,重新试盘,8.47058823529412,7.76470588235294,14.444200828137518,0.4166666666666673,0.0,0.9171117066416505,0.328002037728118,-2.4498886414254017,2.6726057906458767,1.82648401826484,0,0,0.0,80.65155505981674,1,28.026905829596416,-4.932735426008961,-4.7085201793722,1,28.026905829596416,-6.950672645739897,-1.1210762331838486,1,28.026905829596416,-8.968609865470857,-4.7085201793722,1,28.026905829596416,-44.39461883408071,-16.816143497757853,1.0,1.0,2.0,2.0,3.0,,,11.0,29.0,43.0,44.0,49.0,1,1,0,0,0,0,True,False,True,True,False,False,True
sz002640,2025-01-27,retest_probe,4,重新试盘,6.557377049180335,2.810304449648715,18.401115036732644,1.0714285714285698,0.0,0.5973450228945848,-0.08751374801767124,-9.341825902335465,-3.397027600849256,-0.4683840749414414,0,0,0.0,78.33801425004978,1,19.999999999999996,-2.35294117647058,3.7647058823529367,1,19.999999999999996,-4.235294117647048,-1.4117647058823457,1,19.999999999999996,-27.52941176470588,-27.52941176470588,1,19.999999999999996,-41.64705882352941,-10.82352941176471,1.0,4.0,4.0,6.0,,,,33.0,34.0,34.0,39.0,40.0,1,0,0,0,0,0,False,False,False,False,False,False,False
sz002642,2024-11-28,first_probe,1,首次试盘,7.682619647355171,6.171284634760688,14.312444933974882,0.8688524590163949,0.0,1.1431340910022054,0.6132287340768687,0.12706480304955914,8.640406607369776,1.7766497461928932,0,0,0.0,87.02191672581083,1,13.840399002493786,-2.6184538653366562,9.476309226932656,1,13.840399002493786,-11.471321695760594,-7.605985037406482,1,13.840399002493786,-23.815461346633406,-5.610972568578543,1,21.820448877805497,-23.815461346633406,3.117206982543652,6.0,8.0,10.0,55.0,56.0,,,18.0,19.0,19.0,25.0,26.0,0,0,0,0,0,1,True,True,False,False,False,False,False
sz002642,2025-05-12,retest_probe,2,重新试盘,5.706874189364464,4.280155642023331,13.813308531132643,0.704545454545455,0.0,0.5442212434062795,0.5681597706647533,0.7894736842105399,7.236842105263164,2.3498694516971286,0,0,0.0,80.64638720210132,1,1.5306122448979664,-7.525510204081631,-4.5918367346938656,1,1.5306122448979664,-7.525510204081631,-2.8061224489795866,1,1.5306122448979664,-10.71428571428571,-1.1479591836734637,1,4.336734693877542,-10.71428571428571,2.5510204081632626,,,,,,,,9.0,28.0,29.0,,,0,0,0,0,0,0,False,False,True,False,False,False,False
sz002642,2025-08-26,retest_probe,3,重新试盘,8.782201405152223,7.49414519906324,13.930599614250916,0.6399999999999982,0.0,0.5936727224729236,0.32911646984396187,-0.23529411764705577,9.294117647058808,3.891509433962259,0,0,0.0,81.54425763286226,1,18.955732122587964,-4.086265607264483,2.2701475595913623,1,36.2088535754824,-4.086265607264483,9.761634506242899,1,36.2088535754824,-4.086265607264483,1.8161180476730987,1,36.2088535754824,-4.086265607264483,7.718501702610658,4.0,4.0,5.0,5.0,13.0,15.0,,,,,,,1,1,1,0,0,0,False,False,True,False,False,False,False
sz002645,2025-03-18,first_probe,1,首次试盘,4.973821989528804,3.4031413612565453,32.6153325967658,0.7368421052631564,0.0,0.5772093182519297,0.2688859412290855,0.2624671916010346,5.249343832020981,1.308900523560208,0,0,0.0,79.52226510524933,1,32.558139534883715,-0.5167958656330796,24.677002583979334,1,32.558139534883715,-7.4935400516795925,-5.68475452196383,1,32.558139534883715,-11.498708010335923,8.139534883720923,1,35.40051679586564,-11.498708010335923,22.093023255813947,1.0,1.0,2.0,2.0,2.0,9.0,,20.0,21.0,28.0,,,1,1,1,0,0,0,False,False,False,False,False,False,False
sz002646,2025-07-21,first_probe,1,首次试盘,5.2261306532663365,3.2160804020100464,13.297699285118687,0.673076923076924,0.0,0.47055426209662654,0.37470104459027503,1.2552301255229992,9.518828451882854,4.545454545454541,0,0,0.0,76.55155132609431,1,12.45059288537551,-2.766798418972327,-1.7786561264822143,1,12.45059288537551,-3.06324110671935,-0.29644268774703386,1,12.45059288537551,-3.359683794466406,-0.7905138339920903,1,12.45059288537551,-7.608695652173914,-3.162055335968361,2.0,2.0,2.0,,,,,45.0,,,,,0,0,0,0,0,0,False,False,False,False,False,False,False
sz002654,2025-04-07,first_probe,1,首次试盘,6.222990492653402,2.8522039757994833,97.47285137571815,1.0277777777777772,0.0,0.6352934749645367,-0.07793687589890196,-9.820732657833197,-4.208885424785668,-0.17286084701814142,0,0,0.0,80.86904397890817,1,6.320346320346304,-15.84415584415584,-0.17316017316018062,1,6.320346320346304,-15.84415584415584,3.8961038961038863,1,11.255411255411252,-15.84415584415584,4.935064935064926,1,11.688311688311682,-15.84415584415584,4.848484848484835,5.0,28.0,28.0,,,,,1.0,1.0,2.0,2.0,,0,0,0,0,0,1,False,False,False,False,False,False,False
sz002654,2025-06-11,retest_probe,2,重新试盘,5.130361648444071,4.793944491169055,23.20699831041303,0.8032786885245913,0.0,0.4199748896225863,0.4510661855817178,-0.08474576271187972,5.932203389830493,1.8659881255301158,0,0,0.0,81.13131704765063,1,6.577851790174871,-5.661948376353032,3.2472939217318864,1,7.41049125728559,-5.661948376353032,0.9991673605328932,1,7.41049125728559,-5.661948376353032,-1.9983347210657754,1,16.56952539550376,-5.661948376353032,6.661115736885925,10.0,52.0,52.0,58.0,,,,2.0,,,,,0,0,0,0,0,0,False,False,True,False,False,False,False
sz002657,2024-12-24,first_probe,1,首次试盘,7.107107107107091,6.556556556556559,13.98508263421031,0.3732394366197171,0.0,0.5722616376234632,0.2413223936365483,-0.7843137254901933,4.90196078431373,3.1126482213438944,0,0,0.0,76.23559426663036,1,-0.8624820316243342,-22.807858169621475,-16.81839961667466,1,-0.8624820316243342,-23.478677527551504,-15.189266890273123,1,9.1998083373263,-23.478677527551504,-1.772879731672261,1,16.147580258744586,-23.478677527551504,-6.516530905606133,28.0,31.0,53.0,54.0,,,,1.0,1.0,2.0,6.0,7.0,0,0,0,1,1,1,False,False,False,False,False,False,False
sz002657,2025-06-06,retest_probe,2,重新试盘,8.072100313479623,5.838557993730409,13.745020504978148,1.1262135922330088,0.0,0.3312273183679469,-0.06956252978116152,-5.934389974198306,1.6586804275709577,-1.0188087774294585,0,0,0.0,76.51744714567428,1,7.957244655581941,-9.342834520981802,-4.5526524148852054,1,21.931908155186065,-9.342834520981802,8.630245447347583,1,38.44022169437844,-9.342834520981802,13.143309580364203,1,92.04275534441804,-9.342834520981802,80.08709422011084,7.0,12.0,12.0,13.0,14.0,25.0,50.0,2.0,5.0,,,,1,1,1,0,0,1,False,False,True,False,False,False,False
sz002659,2025-03-05,first_probe,1,首次试盘,10.691823899371089,6.498951781970663,21.25691297483807,0.549019607843137,0.0,0.33734382173531957,0.32159935312026966,0.6224066390041472,9.543568464730278,3.0927835051546504,0,0,0.0,81.95673757805226,1,4.600000000000004,-5.199999999999994,-3.599999999999992,1,4.600000000000004,-13.00000000000001,-10.600000000000009,1,4.600000000000004,-26.0,-3.200000000000003,1,4.600000000000004,-26.0,-2.7999999999999914,,,,,,,,6.0,13.0,13.0,22.0,23.0,0,0,0,0,0,1,False,False,False,False,False,False,False
sz002662,2024-11-15,first_probe,1,首次试盘,5.035971223021574,4.556354916067162,16.466522988296767,1.3809523809523814,0.0,0.40679679540392816,0.35537382686910846,1.7412935323383172,8.955223880597018,0.0,0,0,0.0,80.61476723170715,1,1.2224938875305513,-10.268948655256727,-3.17848410757946,1,8.557457212713949,-10.268948655256727,0.7334963325183352,1,8.557457212713949,-15.403422982885084,-14.180929095354522,1,8.557457212713949,-15.403422982885084,-8.801955990220044,16.0,17.0,,,,,,1.0,5.0,8.0,40.0,,0,0,0,0,0,1,False,False,False,False,False,False,False
sz002663,2025-07-04,first_probe,1,首次试盘,5.154639175257736,3.6082474226803996,32.9300483058468,1.3,0.0,0.44558573064168605,0.465586853335749,-0.520833333333337,6.25,0.0,0,0,0.0,85.07063299794171,1,6.28272251308899,-4.712041884816742,-4.188481675392664,1,6.28272251308899,-6.282722513089,-5.235602094240832,1,6.28272251308899,-6.282722513089,-2.617801047120405,1,19.371727748691093,-6.282722513089,4.712041884816753,5.0,42.0,50.0,51.0,,,,17.0,,,,,0,0,0,0,0,0,False,True,False,False,False,False,False
sz002663,2025-09-02,retest_probe,2,重新试盘,6.1224489795918435,4.591836734693877,20.857679322525115,0.6666666666666666,0.0,0.26175296872076637,0.4479403203892207,1.0309278350515427,7.216494845360821,2.0408163265306145,0,0,0.0,80.34860962405635,1,12.00000000000001,-3.500000000000003,12.00000000000001,1,13.99999999999999,-3.500000000000003,2.499999999999991,1,25.0,-3.500000000000003,24.0,1,27.499999999999993,-3.500000000000003,8.000000000000007,3.0,9.0,9.0,29.0,30.0,,,,,,,,0,1,0,0,0,0,False,False,True,False,False,False,False
sz002664,2024-10-24,first_probe,1,首次试盘,5.19578313253013,4.292168674698793,26.357695588823507,0.739130434782607,0.0,0.4329917070015824,0.4866053906229351,-0.7581501137225111,5.913570887035635,2.826585179526364,0,0,0.0,81.6595370593754,1,32.838038632986624,-2.8974739970282326,14.784546805349175,1,32.838038632986624,-2.8974739970282326,6.90936106983655,1,32.838038632986624,-4.011887072808329,-1.634472511144136,1,32.838038632986624,-6.3150074294205165,9.583952451708754,3.0,7.0,7.0,8.0,8.0,9.0,,51.0,,,,,1,1,1,0,0,0,False,False,False,False,False,False,False
sz002664,2025-07-28,retest_probe,2,重新试盘,5.852534562211975,3.410138248847927,17.962575880916603,0.9212598425196838,0.0,0.2541129536816252,0.1792410517499214,-0.4130335016062414,5.415328132170716,0.4608294930875667,0,0,0.0,76.82450609445401,1,12.018348623853225,-4.5412844036697315,8.25688073394495,1,33.348623853211,-4.5412844036697315,28.57798165137615,1,63.44036697247708,-4.5412844036697315,47.706422018348626,1,63.44036697247708,-4.5412844036697315,41.92660550458716,1.0,9.0,9.0,15.0,16.0,20.0,35.0,,,,,,1,1,1,0,0,0,False,False,True,False,False,False,False
sz002667,2024-09-10,first_probe,1,首次试盘,5.837173579109067,4.915514592933956,18.660037809384768,1.4210526315789478,0.0,0.5934585509349213,0.0052135059707958545,0.15384615384614886,6.000000000000005,-2.457757296466978,0,0,0.0,79.14841055900143,1,21.10236220472441,-6.141732283464563,11.181102362204731,1,46.7716535433071,-6.141732283464563,22.047244094488192,1,100.31496062992127,-6.141732283464563,73.07086614173231,1,100.31496062992127,-6.141732283464563,60.629921259842526,1.0,1.0,1.0,2.0,2.0,12.0,13.0,7.0,,,,,1,1,1,0,0,0,False,False,False,False,False,False,False
sz002667,2025-02-05,retest_probe,2,重新试盘,6.937033084311639,4.695837780149437,25.840363032106307,0.7384615384615387,0.0,0.6040870409125213,-0.11015616672199374,-1.5756302521008458,5.252100840336138,1.8143009605122717,0,0,0.0,78.00159604266663,1,10.062893081761025,-1.8867924528301883,5.3459119496855445,1,16.35220125786163,-1.8867924528301883,6.708595387840677,1,37.31656184486374,-1.8867924528301883,31.656184486373174,1,57.232704402515736,-1.8867924528301883,36.05870020964361,2.0,5.0,8.0,16.0,35.0,39.0,47.0,,,,,,1,1,1,0,0,0,False,False,True,False,False,False,False
sz002671,2025-05-23,first_probe,1,首次试盘,6.074766355140171,4.205607476635498,16.066541931697323,1.0769230769230789,0.0,0.9924926846429621,0.5028516862549467,0.23474178403755097,6.572769953051649,-0.23419203747072626,0,0,0.0,86.0703946516675,1,11.267605633802823,-1.1737089201877882,5.868544600938974,1,11.267605633802823,-1.1737089201877882,6.572769953051649,1,23.474178403755875,-1.1737089201877882,23.474178403755875,1,32.86384976525822,-1.1737089201877882,14.084507042253524,2.0,4.0,4.0,35.0,40.0,41.0,,,,,,,0,1,1,0,0,0,True,True,False,False,False,False,False
sz002676,2024-11-28,first_probe,1,首次试盘,5.3375196232338995,5.0235478806907485,13.473116501470054,0.7941176470588226,0.0,0.415828111652406,0.27808214148673266,0.0,6.677265500794904,2.384737678855342,0,0,0.0,76.06923421394556,1,18.788819875776387,-1.552795031055909,10.248447204968937,1,18.788819875776387,-9.627329192546586,-4.503105590062118,1,18.788819875776387,-18.788819875776397,-5.279503105590077,1,18.788819875776387,-18.788819875776397,-9.937888198757772,1.0,2.0,2.0,3.0,,,,14.0,19.0,24.0,26.0,,1,0,0,0,0,0,False,False,False,False,False,False,False
sz002682,2024-12-05,first_probe,1,首次试盘,11.072664359861584,7.785467128027679,14.386938244915253,0.5937500000000001,0.0,0.6724349805622509,0.29143594226780484,-4.340567612687806,7.178631051752915,5.410122164048858,0,0,0.0,81.89950798487338,1,6.788079470198682,-19.701986754966892,-18.21192052980132,1,6.788079470198682,-34.10596026490066,-34.10596026490066,1,6.788079470198682,-37.41721854304636,-26.986754966887418,1,6.788079470198682,-37.41721854304636,-22.51655629139073,6.0,,,,,,,1.0,2.0,2.0,9.0,12.0,0,0,0,0,0,1,True,False,False,False,False,False,False
sz002682,2025-05-27,retest_probe,2,重新试盘,5.458089668615984,4.288499025341119,17.291539527654734,1.2142857142857126,0.0,0.36427971494116573,0.2565535132647969,0.6072874493926905,9.514170040485826,2.012072434607659,0,0,0.0,79.67187249198,1,16.17357001972386,-6.508875739644971,-3.9447731755424043,1,16.17357001972386,-9.27021696252467,-5.7199211045364855,1,16.17357001972386,-9.27021696252467,-4.536489151873779,1,16.17357001972386,-9.27021696252467,-4.536489151873779,1.0,5.0,5.0,5.0,,,,9.0,12.0,,,,1,0,0,0,0,0,False,False,True,False,False,False,False
sz002682,2025-06-18,retest_probe,3,重新试盘,5.052631578947375,4.0000000000000036,18.68974492139828,0.4166666666666685,0.0,0.458995094041142,0.49412474714091603,-0.41928721174003813,4.612159329140475,2.947368421052632,0,0,0.0,77.10495727071715,1,5.316973415132931,-5.9304703476482645,1.4314928425357865,1,5.316973415132931,-5.9304703476482645,-3.271983640081788,1,5.316973415132931,-5.9304703476482645,-1.0224948875255602,1,5.316973415132931,-10.020449897750494,-5.725971370143135,10.0,,,,,,,1.0,55.0,57.0,,,0,0,0,0,0,0,False,False,True,False,False,False,False
sz002685,2025-01-09,first_probe,1,首次试盘,7.441860465116279,5.426356589147274,22.02001294588315,0.7083333333333337,0.0,0.27484472302571067,0.4054977523377218,-1.0954616588419341,8.450704225352123,4.272151898734178,0,0,0.0,82.41241927488225,1,6.828528072837625,-7.132018209408186,-1.8209408194233667,1,9.104704097116855,-7.132018209408186,3.3383915022761723,1,12.89833080424887,-7.132018209408186,-0.30349013657055,1,12.89833080424887,-30.197268588770864,0.15174506828528056,5.0,17.0,24.0,,,,,2.0,51.0,55.0,55.0,56.0,0,0,0,0,0,0,False,False,False,False,False,False,False
sz002689,2024-10-22,first_probe,1,首次试盘,4.8387096774193505,2.9032258064516148,13.372483421144716,0.5999999999999994,0.0,0.601709081622886,0.4717284365029467,0.0,5.177993527508096,2.265372168284796,0,0,0.0,76.5561600395391,1,15.506329113924044,-4.113924050632923,10.126582278481,1,33.22784810126582,-4.113924050632923,14.556962025316444,1,74.68354430379745,-4.113924050632923,37.9746835443038,1,74.68354430379745,-4.113924050632923,15.189873417721511,7.0,10.0,10.0,10.0,11.0,12.0,31.0,,,,,,1,1,1,0,0,0,False,False,False,False,False,False,False
sz002691,2024-12-11,first_probe,1,首次试盘,6.842923794712297,3.8880248833592645,23.70162197400459,0.4772727272727268,0.0,0.3209644749511202,0.3239217176919014,-0.7751937984496138,6.511627906976747,4.062499999999991,0,0,0.0,79.23200408140984,1,2.102102102102088,-25.525525525525527,-23.57357357357358,1,2.102102102102088,-34.38438438438438,-26.726726726726735,1,106.30630630630628,-34.38438438438438,85.73573573573572,1,113.21321321321318,-34.38438438438438,45.04504504504505,27.0,27.0,27.0,28.0,28.0,29.0,30.0,4.0,4.0,4.0,8.0,9.0,0,1,1,0,1,1,False,False,False,False,False,False,False
sz002691,2025-02-14,retest_probe,2,重新试盘,6.95230396119646,4.365400161681499,19.591124590311537,1.0,0.0,0.37043561189670166,0.05142389389361509,-9.970887918486182,-3.7117903930131035,0.0,0,0,0.0,78.67242204435837,1,14.793856103476145,-22.312045270816494,-21.746160064672594,1,14.793856103476145,-25.141471301535965,-21.907841552142273,1,14.793856103476145,-48.50444624090541,-36.37833468067906,1,14.793856103476145,-48.50444624090541,-30.962004850444625,1.0,1.0,2.0,,,,,1.0,1.0,6.0,7.0,9.0,0,0,0,0,0,1,False,False,True,False,False,False,False
sz002691,2025-08-29,retest_probe,3,重新试盘,6.436781609195408,4.482758620689653,28.198175356363038,0.5714285714285714,0.0,0.32431524307141646,0.24442245910955626,-0.11337868480725266,4.9886621315192725,1.4755959137343844,0,0,0.0,78.75962585443811,1,10.738255033557053,-2.572706935123026,-0.22371364653243075,1,10.738255033557053,-14.76510067114093,-10.961968680089484,1,10.738255033557053,-14.76510067114093,-5.7046979865771785,1,26.62192393736018,-14.76510067114093,-1.5659955257270597,2.0,2.0,3.0,47.0,48.0,,,14.0,15.0,16.0,,,0,0,0,0,0,1,False,False,True,False,False,False,False
sz002692,2025-01-15,first_probe,1,首次试盘,11.378555798687074,8.97155361050328,14.369672300026131,0.5769230769230771,0.0,0.7078683293309679,0.16984193722793514,-3.9583333333333193,6.0416666666666785,3.90455531453362,0,0,0.0,79.78593613207158,1,39.665970772442606,-8.350730688935293,-2.2964509394572064,1,39.665970772442606,-8.350730688935293,-1.0438413361169019,1,39.665970772442606,-8.350730688935293,17.536534446764087,1,39.665970772442606,-18.58037578288101,-3.5490605427974886,2.0,3.0,3.0,3.0,4.0,5.0,,1.0,9.0,52.0,53.0,,1,1,1,0,0,0,True,False,False,False,False,False,False
sz002692,2025-05-26,retest_probe,2,重新试盘,6.910569105691056,4.268292682926833,17.367985700197238,0.5588235294117635,0.0,0.2995504357991344,0.2957267376471528,0.8196721311475308,7.786885245901631,3.0487804878048808,0,0,0.0,77.94187579822919,1,7.495069033530566,-1.183431952662728,0.39447731755424265,1,7.495069033530566,-9.467455621301779,-4.3392504930966584,1,7.495069033530566,-9.467455621301779,3.155818540433919,1,7.495069033530566,-9.467455621301779,0.9861932938856066,2.0,,,,,,,16.0,17.0,,,,0,0,0,0,0,1,False,False,True,False,False,False,False
sz002693,2024-11-04,first_probe,1,首次试盘,4.953764861294574,3.269484808454415,228.1473705771225,1.0,0.0,0.8849906434159562,0.7604501069166267,-9.98810939357907,-5.529131985731272,0.0,0,0,0.0,87.96122937038588,1,5.019815059445176,-27.311756935270804,-25.594451783355353,1,5.019815059445176,-27.311756935270804,-18.89035667107002,1,5.019815059445176,-43.196829590488775,-42.998678996036986,1,5.019815059445176,-56.83619550858653,-55.746367239101716,1.0,,,,,,,1.0,3.0,3.0,6.0,7.0,0,0,0,0,0,1,True,True,False,False,False,False,False
sz002693,2024-11-13,retest_probe,2,重新试盘,5.261060183339983,3.1885213232363485,18.858203644540662,1.8409090909090904,0.0,0.5159311937635118,0.02015257330507143,0.64179703168874,5.936622543120751,-4.42407333599043,0,0,0.0,78.19937329192244,1,30.108423686405338,-8.215179316096744,0.08340283569641116,1,30.108423686405338,-8.215179316096744,-5.379482902418675,1,30.108423686405338,-36.19683069224353,-32.94412010008341,1,30.108423686405338,-45.49624687239366,-28.85738115095914,5.0,5.0,5.0,6.0,6.0,7.0,,2.0,2.0,23.0,28.0,28.0,1,1,1,0,0,1,False,False,True,False,False,False,False
sz002696,2025-03-27,first_probe,1,首次试盘,5.576208178438669,3.5315985130111693,15.61317019028509,0.7000000000000003,0.0,0.45618568729384557,0.2654928903045176,-0.18348623853210455,4.220183486238516,0.5514705882352811,0,0,0.0,77.07724614193054,1,3.8391224862888373,-16.453382084095058,3.8391224862888373,1,6.581352833638032,-16.453382084095058,-8.59232175502742,1,10.786106032906773,-16.453382084095058,5.850091407678248,1,12.979890310786102,-16.453382084095058,8.226691042047541,11.0,31.0,31.0,,,,,2.0,2.0,6.0,7.0,,0,0,0,0,0,1,False,False,False,False,False,False,False
sz002700,2024-11-14,first_probe,1,首次试盘,5.9223300970873805,4.5631067961164895,24.606456330207468,0.7377049180327864,0.0,0.4923259015974256,0.3075184987261019,-0.8662175168431152,5.004812319538021,1.553398058252431,0,0,0.0,81.39606479273199,1,3.0592734225621365,-5.353728489483755,-1.6252390057361565,1,9.94263862332696,-5.353728489483755,2.1988527724665197,1,9.94263862332696,-8.317399617590826,-3.632887189292555,1,9.94263862332696,-8.317399617590826,-0.5736137667304075,14.0,18.0,,,,,,9.0,37.0,,,,0,0,0,0,0,0,False,False,False,False,False,False,False
sz002702,2024-11-28,first_probe,1,首次试盘,6.981981981981966,6.0810810810810745,13.75883237202951,0.7741935483870984,0.0,0.6912974519507021,0.5333237545258073,-0.9174311926605561,8.944954128440363,4.39814814814814,0,0,0.0,83.8398861678665,1,43.90243902439026,-1.1086474501108556,43.90243902439026,1,58.09312638580933,-4.6563192904656265,0.22172949002217113,1,58.09312638580933,-14.855875831485587,-9.534368070953436,1,58.09312638580933,-14.855875831485587,-7.760532150776045,2.0,6.0,6.0,8.0,9.0,9.0,10.0,26.0,26.0,26.0,,,1,1,1,0,0,0,True,True,False,False,False,False,False
sz002702,2025-04-29,retest_probe,2,重新试盘,5.459057071960283,3.2258064516129004,53.602133959200096,0.909090909090911,0.0,0.25636296654912555,0.3602024670159539,0.5037783375314797,7.052896725440805,1.5037593984962294,0,0,0.0,81.64360664710266,1,5.9259259259259345,-2.4691358024691246,3.9506172839506304,1,8.888888888888902,-2.4691358024691246,3.9506172839506304,1,9.135802469135811,-2.716049382716046,3.2098765432098775,1,10.123456790123452,-2.716049382716046,9.135802469135811,9.0,12.0,59.0,,,,,,,,,,0,0,0,0,0,0,False,False,True,False,False,False,False
sz002703,2025-09-16,first_probe,1,首次试盘,5.9558823529411775,4.338235294117654,14.406260709630493,1.0246913580246908,0.0,0.46964606281270505,-0.06087751587194238,-0.07401924500369805,6.661732050333091,0.592592592592589,0,0,0.0,74.9591417521139,1,11.045655375552288,-6.111929307805597,3.4609720176730585,1,11.045655375552288,-6.553755522827687,-2.135493372606778,1,11.045655375552288,-6.848306332842413,-6.038291605301915,1,11.045655375552288,-12.739322533136965,6.553755522827687,5.0,6.0,8.0,,,,,4.0,41.0,41.0,,,0,0,0,0,0,0,False,False,False,False,False,False,False
sz002708,2024-09-02,first_probe,1,首次试盘,6.117021276595747,3.9893617021276695,25.305587863429622,0.9565217391304338,0.0,8.022230964490722,0.05537219059934742,0.0,10.679611650485455,4.576976421636614,0,0,0.0,82.1444048160788,1,3.4482758620689724,-8.090185676392581,-6.10079575596817,1,18.965517241379317,-13.793103448275868,2.1220159151193574,1,53.18302387267906,-13.793103448275868,42.44031830238728,1,53.713527851458885,-13.793103448275868,53.713527851458885,18.0,18.0,19.0,19.0,28.0,33.0,36.0,9.0,10.0,13.0,,,1,1,1,0,0,1,True,False,False,False,False,False,False
sz002708,2025-04-08,retest_probe,2,重新试盘,5.054509415262642,2.87413280475719,47.335223784442825,0.9803921568627455,0.0,0.8079916426150147,0.10130515208675551,-9.99107939339876,-5.441570026761832,0.09910802775023875,0,0,0.0,79.9688481606068,1,8.415841584158423,-9.999999999999998,1.1881188118811892,1,24.752475247524753,-9.999999999999998,21.8811881188119,1,24.752475247524753,-9.999999999999998,1.8811881188118829,1,24.752475247524753,-9.999999999999998,7.029702970297036,2.0,4.0,11.0,13.0,16.0,,,1.0,1.0,,,,1,1,0,0,0,1,True,False,True,True,False,True,False
sz002713,2024-09-05,first_probe,1,首次试盘,4.761904761904767,2.777777777777768,18.586560864806337,0.7500000000000019,0.0,0.6482116724944973,0.4062840119753301,-1.5873015873015928,4.761904761904767,2.8225806451612767,0,0,0.0,79.3510060285733,1,1.5686274509803866,-11.764705882352933,-5.098039215686267,1,37.64705882352941,-11.764705882352933,21.176470588235308,1,117.64705882352943,-11.764705882352933,78.43137254901961,1,161.9607843137255,-11.764705882352933,140.39215686274514,12.0,14.0,14.0,14.0,15.0,16.0,22.0,2.0,6.0,7.0,,,1,1,1,0,0,1,False,False,False,False,False,False,False
sz002713,2025-04-28,retest_probe,2,重新试盘,7.14285714285714,6.1224489795918435,14.937952003263895,0.5357142857142865,0.0,1.0217847264671582,-0.0018082343811641891,-1.2820512820512775,7.692307692307709,5.1948051948051965,0,0,0.0,75.76981970232957,1,33.827160493827165,1.4814814814814836,17.28395061728396,1,33.827160493827165,1.4814814814814836,18.024691358024715,1,33.827160493827165,1.4814814814814836,9.135802469135811,1,33.827160493827165,1.4814814814814836,11.604938271604937,2.0,2.0,2.0,3.0,4.0,6.0,,,,,,,1,1,1,0,0,0,True,False,True,True,False,True,True
sz002715,2025-06-23,first_probe,1,首次试盘,6.3768115942029135,5.565217391304356,26.443589685079647,0.4454545454545467,0.0,0.9428393028296841,0.11104877248905042,-0.17441860465114978,6.686046511627919,4.018637157833416,0,0,0.0,78.09549529135036,1,8.06270996640539,-2.9675251959686566,0.44792833146698463,1,9.182530795072786,-2.9675251959686566,6.718924972004481,1,9.742441209406504,-7.78275475923853,3.8633818589025815,1,42.10526315789473,-7.78275475923853,35.946248600223974,6.0,8.0,45.0,45.0,46.0,49.0,59.0,28.0,,,,,0,0,1,0,0,0,True,False,False,False,False,False,False
sz002717,2024-11-04,first_probe,1,首次试盘,9.523809523809534,5.3968253968254,74.7317448440192,1.0,0.0,0.9580103539507269,0.6006309600973386,-9.999999999999998,-1.4285714285714235,0.0,0,0,0.0,93.08159921075938,1,14.285714285714302,-12.698412698412698,11.428571428571432,1,19.999999999999996,-12.698412698412698,13.015873015873014,1,80.0,-12.698412698412698,11.746031746031749,1,80.0,-12.698412698412698,0.9523809523809712,1.0,4.0,4.0,11.0,21.0,22.0,23.0,1.0,3.0,3.0,,,1,1,1,0,0,1,True,True,False,False,False,False,False
sz002717,2024-12-10,retest_probe,2,重新试盘,11.508951406649626,3.069053708439906,15.245737837476241,0.6444444444444443,0.0,0.5465629483815595,-0.09047817435404966,-4.400977995110022,6.601466992665039,4.092071611253201,0,0,0.0,76.73206669157994,1,39.3120393120393,-6.6339066339066495,12.776412776412771,1,39.3120393120393,-28.501228501228503,-12.776412776412782,1,39.3120393120393,-28.501228501228503,-5.405405405405405,1,39.3120393120393,-28.501228501228503,-13.022113022113025,1.0,1.0,3.0,4.0,4.0,8.0,,1.0,12.0,13.0,15.0,15.0,1,1,1,0,0,0,False,False,True,False,False,False,False
sz002717,2024-12-23,retest_probe,3,重新试盘,6.862745098039236,3.3333333333333215,451.13965040573396,1.0,0.0,0.41842611956067943,0.024188031559310735,-10.052910052910057,-3.880070546737213,0.0,0,0,0.0,81.97823339994568,1,-7.4509803921568585,-42.941176470588225,-36.66666666666666,1,-7.4509803921568585,-42.941176470588225,-34.90196078431372,1,-7.4509803921568585,-42.941176470588225,-25.294117647058822,1,-7.4509803921568585,-42.941176470588225,-35.49019607843137,,,,,,,,1.0,1.0,2.0,2.0,3.0,0,0,0,1,1,1,False,False,True,False,False,False,False
sz002717,2024-12-25,continuous_probe,4,连续试盘,7.263922518159793,3.874092009685226,63.42514741915862,1.0,0.0,0.4109619550795026,-0.10284562583214828,-10.02178649237473,-3.4858387799564294,0.0,0,0,0.0,80.2766566505653,1,-1.4527845036319542,-29.539951573849876,-16.94915254237288,1,-1.4527845036319542,-29.539951573849876,-21.791767554479414,1,10.411622276029053,-29.539951573849876,-9.443099273607736,1,10.411622276029053,-29.539951573849876,-23.486682808716697,32.0,32.0,32.0,,,,,1.0,1.0,2.0,3.0,4.0,0,0,0,1,1,1,False,False,False,False,False,False,False
sz002723,2024-12-19,first_probe,1,首次试盘,5.433376455368699,5.045278137128051,13.350014056971546,0.40476190476190466,0.0,0.6819512790183271,0.17948500962483874,-1.7789072426937724,3.557814485387545,3.2341526520051733,0,0,0.0,72.58253875576311,1,0.6265664160400863,-21.55388471177946,-17.29323308270677,1,0.6265664160400863,-22.305764411027575,-14.786967418546372,1,12.656641604010034,-22.305764411027575,10.526315789473673,1,15.28822055137844,-22.305764411027575,-0.3759398496240629,38.0,40.0,40.0,46.0,,,,2.0,2.0,2.0,4.0,10.0,0,0,0,0,1,1,True,False,False,False,False,False,False
sz002724,2025-08-15,first_probe,1,首次试盘,7.740324594257197,6.117353308364537,21.13815529424128,0.45161290322580755,0.0,0.4925961000516301,0.16987355615400596,-1.2269938650306678,5.88957055214725,3.7267080745341463,0,0,0.0,78.2469594251266,1,3.113772455089814,-6.467065868263477,-0.9580838323353325,1,3.113772455089814,-9.221556886227544,-5.988023952095811,1,3.113772455089814,-16.167664670658677,-8.023952095808385,1,3.113772455089814,-16.167664670658677,-13.532934131736528,,,,,,,,9.0,13.0,24.0,35.0,,0,0,0,0,0,1,False,False,False,False,False,False,False
sz002725,2024-10-16,first_probe,1,首次试盘,6.645230439442651,5.037513397642024,20.80032547809218,0.7741935483870955,0.0,0.3231055849772588,0.51444346001981,-1.0893246187363759,8.387799564270138,4.295154185022043,0,0,0.0,83.35097835438123,1,85.53326293558605,-5.913410770855343,85.53326293558605,1,103.59028511087645,-5.913410770855343,40.12671594508974,1,103.59028511087645,-5.913410770855343,42.66103484688488,1,103.59028511087645,-5.913410770855343,13.621964097148886,3.0,3.0,3.0,3.0,4.0,7.0,8.0,2.0,,,,,1,1,1,0,0,0,False,True,False,False,False,False,False
sz002725,2025-04-25,retest_probe,2,重新试盘,6.7873303167420795,3.7104072398190135,23.812531717443992,0.8400000000000011,0.0,0.3050419782203998,0.31737841012181495,1.4828544949026856,9.360518999073243,2.0091324200913308,0,0,0.0,82.11415971012718,1,9.221128021486113,-2.32766338406446,5.550581915846009,1,14.50313339301701,-2.32766338406446,6.535362578334825,1,14.50313339301701,-2.32766338406446,6.266786034019689,1,39.03312444046554,-2.32766338406446,21.128021486123536,4.0,5.0,13.0,42.0,43.0,54.0,,,,,,,0,0,1,0,0,0,False,False,True,False,False,False,False
sz002725,2025-08-21,retest_probe,3,重新试盘,5.234657039711177,5.054151624548742,14.496331476942617,1.5402298850574756,0.0,0.5157569025155662,0.04102644185816266,1.9326683291770674,9.039900249376554,-1.2232415902140858,0,0,0.0,76.34996742345173,1,-0.7430340557275428,-13.003095975232181,-11.269349845201226,1,-0.7430340557275428,-13.684210526315788,-8.544891640866869,1,6.439628482972148,-13.684210526315788,2.1052631578947434,1,6.439628482972148,-14.984520123838996,-14.984520123838996,29.0,,,,,,,1.0,4.0,5.0,,,0,0,0,1,0,1,False,False,True,False,False,False,False
sz002730,2025-01-13,first_probe,1,首次试盘,4.795486600846255,4.795486600846255,15.527646418267556,1.3676470588235297,0.0,0.3086244014988524,-0.21687653920984035,-8.397932816537468,-4.005167958656342,-1.7630465444287702,0,0,0.0,71.52918637550721,1,97.70279971284997,-7.250538406317297,65.47020818377602,1,97.70279971284997,-7.250538406317297,36.82699210337401,1,97.70279971284997,-7.250538406317297,42.569992821249095,1,97.70279971284997,-17.013639626704947,4.163675520459442,1.0,1.0,2.0,2.0,3.0,4.0,5.0,1.0,54.0,55.0,55.0,,1,1,1,0,0,0,False,False,False,False,False,False,False
sz002733,2025-06-11,first_probe,1,首次试盘,5.67765567765568,4.151404151404159,37.57264496329082,1.2795698924731163,0.0,3.5801011364213,0.029222147899249373,3.409090909090895,9.280303030303028,-1.5873015873015706,0,0,0.0,82.83005917274596,1,4.466501240694787,-5.210918114143926,4.1563275434242986,1,5.893300248138944,-5.210918114143926,2.5434243176178706,1,11.166253101736977,-5.210918114143926,8.188585607940446,1,50.744416873449126,-5.210918114143926,24.193548387096776,11.0,40.0,40.0,41.0,43.0,46.0,48.0,8.0,,,,,0,0,1,0,0,0,True,True,False,False,False,False,False
sz002735,2025-03-28,first_probe,1,首次试盘,6.49717514124295,4.237288135593231,15.468932360073678,1.028985507246376,0.0,0.29961914513498,-0.1409999921003177,-3.891402714932135,2.35294117647058,-0.18832391713746732,0,0,0.0,74.46469240029367,1,8.867924528301874,-29.150943396226413,-15.283018867924525,1,8.867924528301874,-29.150943396226413,-11.509433962264136,1,106.13207547169812,-29.150943396226413,106.13207547169812,1,106.13207547169812,-29.150943396226413,37.075471698113205,2.0,3.0,30.0,31.0,32.0,32.0,33.0,1.0,5.0,5.0,6.0,6.0,0,1,1,0,0,1,False,False,False,False,False,False,False
sz002738,2025-07-17,first_probe,1,首次试盘,5.1039697542533125,3.371140516698179,28.10568234955876,0.4938271604938251,0.0,0.43709759475359633,0.13016317484061965,0.4766444232602529,6.005719733079129,2.972802024035426,0,0,0.0,73.9608371404042,1,23.6179361179361,0.7678132678132776,11.056511056511042,1,32.92383292383292,0.7678132678132776,22.266584766584764,1,38.45208845208843,0.7678132678132776,29.361179361179346,1,69.37960687960687,0.7678132678132776,43.12039312039311,1.0,3.0,3.0,5.0,6.0,17.0,52.0,,,,,,1,1,1,0,0,0,False,False,False,False,False,False,False
sz002757,2024-10-23,first_probe,1,首次试盘,6.259426847662142,4.977375565610864,14.443281606982712,0.7469879518072279,0.0,0.6343330580684418,0.3168704204157109,0.07621951219514145,7.393292682926833,2.5894897182025867,0,0,0.0,80.24029292955942,1,6.7557535263548685,-5.56792873051225,-1.8559762435040872,1,51.818856718633995,-5.56792873051225,51.818856718633995,1,51.818856718633995,-5.56792873051225,12.546399406087595,1,51.818856718633995,-5.56792873051225,14.476614699331837,3.0,16.0,16.0,17.0,17.0,18.0,19.0,7.0,,,,,1,1,1,0,0,0,False,False,False,False,False,False,False
sz002760,2025-04-18,first_probe,1,首次试盘,5.350248207391073,4.853833425262022,20.493420553013976,0.731958762886597,0.0,0.28489011769509476,0.3425642025615217,0.0,5.350248207391073,1.4340871483728757,0,0,0.0,78.01822205049835,1,7.558455682436116,-3.4801522566612286,7.014681892332786,1,15.443175638934203,-3.4801522566612286,7.830342577487759,1,15.443175638934203,-3.4801522566612286,-2.066340402392597,1,15.443175638934203,-4.730831973898864,6.30777596519847,9.0,11.0,12.0,14.0,,,,,,,,,1,0,0,0,0,0,False,False,False,False,False,False,False
sz002761,2024-12-06,first_probe,1,首次试盘,6.382978723404253,6.286266924564798,36.89567082959191,0.5151515151515148,0.0,0.4738440916307604,0.12877164221420626,2.9880478087649376,9.561752988047822,3.0947775628626717,0,0,0.0,77.85390797608322,1,4.971857410881797,-10.600375234521586,-9.380863039399623,1,4.971857410881797,-24.76547842401502,-22.983114446529072,1,4.971857410881797,-27.204502814258912,-17.636022514071303,1,4.971857410881797,-27.204502814258912,-14.446529080675429,,,,,,,,6.0,7.0,9.0,13.0,19.0,0,0,0,0,1,1,False,False,False,False,False,False,False
sz002762,2024-09-19,first_probe,1,首次试盘,6.363636363636349,6.000000000000005,17.729516079443695,0.6000000000000005,0.0,0.6003540948932865,0.5874716256209501,0.3745318352059934,9.550561797752799,5.223880597014907,0,0,0.0,83.01845563844695,1,38.47517730496455,-4.07801418439716,14.539007092198597,1,38.47517730496455,-4.07801418439716,30.14184397163122,1,57.44680851063833,-4.07801418439716,24.113475177304977,1,71.45390070921987,-4.07801418439716,32.801418439716336,5.0,6.0,6.0,6.0,7.0,8.0,22.0,,,,,,1,1,1,0,0,0,False,True,False,False,False,False,False
sz002766,2025-01-10,first_probe,1,首次试盘,7.2695035460992985,3.546099290780136,19.51352198669436,1.2439024390243894,0.0,0.4023759934031967,0.22238479155247168,0.17825311942958333,7.843137254901955,-1.4234875444839923,0,0,0.0,83.22349381795595,1,20.036101083032488,-4.151624548736466,11.913357400722013,1,25.270758122743686,-4.151624548736466,18.050541516245477,1,25.270758122743686,-4.151624548736466,22.563176895306867,1,29.42238267148014,-21.480144404332137,-5.234657039711188,2.0,3.0,4.0,4.0,5.0,,,54.0,55.0,55.0,55.0,56.0,1,1,0,0,0,0,False,True,False,False,False,False,False
sz002768,2025-08-01,first_probe,1,首次试盘,6.312569521690747,3.6985539488320285,19.26123449238281,1.0925110132158595,0.0,0.5188768879570033,0.10465099767372286,-0.2773155851358844,6.017748197448691,-0.5839822024471641,0,0,0.0,80.04897248413056,1,28.111888111888096,-8.867132867132877,27.608391608391592,1,45.73426573426573,-8.867132867132877,35.04895104895105,1,49.650349650349646,-8.867132867132877,29.510489510489514,1,52.30769230769232,-8.867132867132877,47.10489510489511,2.0,3.0,3.0,8.0,10.0,11.0,12.0,1.0,1.0,,,,1,1,1,0,0,1,False,False,False,False,False,False,False
sz002771,2025-11-24,first_probe,1,首次试盘,5.178571428571432,3.7499999999999867,13.926049339540684,0.4252873563218397,0.0,0.6015179483704152,0.37105343987813555,-0.11976047904190823,5.808383233532943,3.7170263788968816,0,0,0.0,75.2107298521183,1,3.988439306358371,-11.387283236994229,-7.57225433526012,1,3.988439306358371,-17.34104046242775,-13.641618497109832,1,3.988439306358371,-17.34104046242775,-9.826589595375722,1,3.988439306358371,-17.34104046242775,-9.826589595375722,,,,,,,,7.0,8.0,8.0,16.0,,0,0,0,0,1,1,False,False,False,False,False,False,False
sz002777,2024-09-09,first_probe,1,首次试盘,4.769603880355722,3.47615198059823,13.535741493697811,1.1355932203389827,0.0,0.6739444707689111,0.21987152513970185,-0.5714285714285783,5.795918367346942,0.9031198686371145,0,0,0.0,76.89547115225697,1,17.168429617575278,-1.3832384052074875,13.018714401952813,1,70.87062652563061,-1.3832384052074875,56.712774613506944,1,103.66151342554923,-1.3832384052074875,88.03905614320587,1,103.66151342554923,-1.3832384052074875,67.3718470301058,1.0,1.0,8.0,10.0,12.0,13.0,14.0,,,,,,1,1,1,0,0,0,True,False,False,False,False,False,False
sz002777,2024-10-11,retest_probe,2,重新试盘,7.498535442296439,4.393673110720564,13.859545279203598,1.2812499999999993,0.0,0.48060439987964476,-0.05437696152879346,-5.008347245409006,2.114635503617146,-2.108963093145866,0,0,0.0,78.00992213134695,1,36.98384201077198,-1.9748653500897828,34.82944344703771,1,44.524236983842,-1.9748653500897828,39.43746259724716,1,49.79054458408139,-1.9748653500897828,25.014961101137033,1,49.79054458408139,-8.138839018551769,-5.9245960502693045,1.0,1.0,2.0,3.0,4.0,10.0,11.0,59.0,60.0,,,,1,1,1,0,0,0,False,False,True,False,False,False,False
sz002778,2024-12-30,first_probe,1,首次试盘,4.743303571428559,3.0133928571428603,20.887961341342123,0.7529411764705908,0.0,0.9160216515746901,-0.0601222683326269,-1.4843320505772417,3.188565145684441,1.1718749999999778,0,0,0.0,73.80429443810543,1,6.0672917815775,-7.832322118036394,-1.4340871483728534,1,6.0672917815775,-9.652509652509655,-6.343077771649197,1,21.290678433535582,-9.652509652509655,12.520683949255385,1,21.290678433535582,-9.652509652509655,-2.371759514616656,2.0,36.0,36.0,37.0,37.0,,,4.0,19.0,,,,0,1,0,0,0,1,True,False,False,False,False,False,False
sz002779,2025-05-19,first_probe,1,首次试盘,9.946757018393026,6.744111003549524,21.322408680768664,0.8345498783454982,0.0,0.6524204284099605,0.4205445797719497,-1.2077294685990392,9.734299516908207,2.689486552567244,0,0,0.0,87.76608492511836,1,0.952380952380949,-23.111111111111114,-22.896825396825392,1,0.952380952380949,-45.38888888888889,-39.214285714285715,1,0.952380952380949,-45.38888888888889,-38.01587301587303,1,0.952380952380949,-45.38888888888889,-23.96031746031746,,,,,,,,2.0,2.0,2.0,5.0,9.0,0,0,0,0,1,1,False,True,False,False,False,False,False
sz002780,2024-11-06,first_probe,1,首次试盘,6.588447653429608,3.2490974729241895,17.47533381002258,0.6986301369863007,0.0,1.962412746981346,0.40134171383152695,0.0,7.755474452554734,3.1021897810219023,0,0,0.0,84.31042791555295,1,20.619469026548675,0.707964601769917,10.973451327433615,1,27.256637168141594,0.707964601769917,16.19469026548672,1,41.5929203539823,-0.4424778761062065,17.345132743362825,1,41.5929203539823,-3.6283185840708,0.0,1.0,1.0,2.0,2.0,4.0,27.0,28.0,,,,,,1,1,1,0,0,0,True,True,False,False,False,False,False
sz002786,2025-09-03,first_probe,1,首次试盘,5.523809523809531,3.809523809523818,20.170671588172066,0.5517241379310349,0.0,0.2570173698374857,0.31740547871629804,0.0954198473282375,5.725190839694649,2.5738798856053346,0,0,0.0,76.06166027227636,1,2.4163568773234223,-8.457249070631967,-6.8773234200743545,1,2.4163568773234223,-16.356877323420072,-15.427509293680297,1,2.4163568773234223,-18.401486988847594,-12.546468401486987,1,2.4163568773234223,-18.401486988847594,-15.892193308550173,,,,,,,,8.0,9.0,12.0,18.0,,0,0,0,0,1,1,False,False,False,False,False,False,False
sz002789,2025-11-05,first_probe,1,首次试盘,5.677966101694909,5.677966101694909,25.02586823449274,0.4626865671641799,0.0,0.612168159087851,0.37417566408783015,-0.6734006734006703,4.966329966329974,3.050847457627115,0,0,0.0,80.08750579560699,1,9.046052631578938,-10.361842105263152,3.5361842105263053,1,9.046052631578938,-16.529605263157897,-14.309210526315796,1,9.046052631578938,-37.335526315789465,-13.815789473684204,1,9.046052631578938,-37.335526315789465,-19.407894736842103,10.0,10.0,,,,,,1.0,2.0,3.0,16.0,22.0,0,0,0,0,0,1,False,False,False,False,False,False,False
sz002790,2024-12-02,first_probe,1,首次试盘,5.005959475566146,4.529201430274132,18.06822145203795,0.6904761904761928,0.0,0.5547811816174085,0.20771232411489257,0.12224938875304847,7.701711491442542,4.029304029304037,0,0,0.0,75.91843465654347,1,3.6384976525821733,-6.220657276995301,0.0,1,3.6384976525821733,-14.084507042253513,-13.0281690140845,1,3.6384976525821733,-21.126760563380277,-14.436619718309851,1,3.6384976525821733,-21.126760563380277,-9.037558685446001,,,,,,,,2.0,13.0,15.0,22.0,24.0,0,0,0,0,0,1,False,False,False,False,False,False,False
sz002798,2025-09-12,first_probe,1,首次试盘,4.992435703479581,4.53857791225416,26.278697547949356,0.8484848484848491,0.0,0.37095094834644826,0.2012272626305505,0.60882800608828,5.631659056316596,0.7564296520423675,0,0,0.0,77.29904962221042,1,1.2012012012011963,-8.108108108108103,-4.504504504504503,1,1.2012012012011963,-10.06006006006006,-9.30930930930931,1,1.2012012012011963,-10.06006006006006,-1.6516516516516533,1,1.2012012012011963,-15.76576576576576,-13.66366366366366,,,,,,,,7.0,7.0,20.0,59.0,,0,0,0,0,0,1,False,False,False,False,False,False,False
sz002799,2024-09-12,first_probe,1,首次试盘,9.233176838810664,4.694835680751175,27.309308931770104,0.5762711864406785,0.0,0.6307321071352465,0.10385685167942549,0.15673981191222097,9.404388714733546,3.9123630672926346,0,0,0.0,80.90820361686231,1,21.987951807228924,-2.7108433734939763,19.57831325301207,1,31.32530120481929,-2.7108433734939763,11.746987951807242,1,42.31927710843373,-2.7108433734939763,16.26506024096386,1,64.15662650602411,-2.7108433734939763,47.89156626506026,2.0,4.0,4.0,10.0,10.0,11.0,36.0,,,,,,1,1,1,0,0,0,False,False,False,False,False,False,False
sz002799,2024-09-20,continuous_probe,2,连续试盘,5.603448275862055,5.028735632183912,18.330068374689088,0.6923076923076917,0.0,0.9337513548025802,0.3236116610917924,-0.7163323782235054,5.3008595988538465,2.164502164502169,0,0,0.0,80.95372637250273,1,23.163841807909602,-4.6610169491525415,5.36723163841808,1,23.163841807909602,-4.6610169491525415,8.47457627118644,1,33.47457627118644,-4.6610169491525415,13.418079096045176,1,53.954802259887,-4.6610169491525415,21.327683615819204,5.0,6.0,6.0,7.0,7.0,32.0,54.0,,,,,,1,1,1,0,0,0,True,False,True,True,False,True,True
sz002799,2025-05-09,retest_probe,3,重新试盘,8.333333333333325,5.384615384615388,14.343460019725837,0.7538461538461534,0.0,0.6575591395643543,0.5983828211451301,-0.5194805194805197,9.740259740259738,3.9164490861618884,0,0,0.0,85.47264922170696,1,0.37688442211054607,-5.150753768844218,-3.39195979899497,1,7.788944723618085,-5.150753768844218,3.1407035175879505,1,13.94472361809045,-5.150753768844218,7.286432160804002,1,40.452261306532655,-5.150753768844218,16.83417085427137,20.0,25.0,29.0,58.0,59.0,60.0,60.0,4.0,,,,,0,0,1,0,0,0,False,True,True,False,True,False,False
sz002799,2025-11-18,retest_probe,4,重新试盘,6.165919282511223,3.0269058295964157,24.40343379627587,0.8000000000000013,0.0,0.4796465473746971,0.1590791679228557,0.22271714922048602,5.456570155901996,0.3333333333333188,0,0,0.0,79.68301342932774,1,11.074197120708739,-6.0908084163898035,3.875968992248069,1,11.074197120708739,-8.194905869324476,-4.318936877076396,1,11.295681063122931,-8.194905869324476,5.204872646733127,1,11.627906976744185,-8.194905869324476,5.315614617940212,5.0,10.0,10.0,,,,,3.0,19.0,,,,0,0,0,0,0,1,False,False,False,False,False,False,False
sz002799,2025-11-27,retest_probe,5,重新试盘,5.537098560354381,4.872646733111874,16.28553279047159,0.5799999999999983,0.0,0.3707812534405347,0.30495696572053677,-0.11001100110010764,4.840484048404825,1.7621145374449254,0,0,0.0,76.11397554087445,1,8.54978354978353,-6.385281385281383,-6.277056277056281,1,8.54978354978353,-10.28138528138529,-3.8961038961038863,1,8.766233766233778,-10.28138528138529,0.32467532467532756,1,9.740259740259738,-10.28138528138529,-1.8398268398268414,3.0,3.0,,,,,,6.0,11.0,12.0,,,0,0,0,0,0,1,False,False,False,False,False,False,False
sz002800,2025-03-12,first_probe,1,首次试盘,5.454545454545445,4.454545454545467,19.235499093000147,0.5333333333333341,0.0,0.4837894910259382,0.10254113128952794,-0.09182736455463081,6.519742883379243,3.676470588235281,0,0,0.0,73.79571336588926,1,5.2304964539007015,-11.347517730496449,-5.939716312056742,1,28.63475177304966,-13.918439716312047,28.63475177304966,1,41.48936170212767,-13.918439716312047,10.017730496453915,1,41.48936170212767,-13.918439716312047,16.48936170212767,4.0,19.0,19.0,19.0,20.0,21.0,21.0,8.0,8.0,8.0,,,1,1,1,0,0,1,False,False,False,False,False,False,False
sz002809,2025-03-21,first_probe,1,首次试盘,6.561085972850678,5.995475113122173,22.585573015528954,0.741379310344827,0.0,0.45737505598491596,0.33633282036918083,-0.895856662933936,5.487122060470329,1.5819209039548143,0,0,0.0,82.39953887660592,1,3.4482758620689724,-16.68520578420467,-16.68520578420467,1,17.24137931034482,-26.362625139043384,17.24137931034482,1,104.5606229143493,-26.362625139043384,60.622914349276954,1,104.5606229143493,-26.362625139043384,33.48164627363737,19.0,20.0,20.0,20.0,21.0,22.0,24.0,2.0,6.0,6.0,10.0,11.0,1,1,1,0,0,1,False,False,False,False,False,False,False
sz002809,2025-06-16,retest_probe,2,重新试盘,5.658914728682163,3.023255813953485,13.337585934227333,0.5205479452054802,0.0,0.3203126629949163,0.3701125680379618,-0.785545954438327,7.0699135899450205,4.908946951702298,0,0,0.0,74.92490640857315,1,3.018867924528301,-10.867924528301886,-1.4339622641509342,1,13.056603773584907,-10.867924528301886,-4.3018867924528355,1,13.056603773584907,-10.867924528301886,-6.188679245283025,1,13.056603773584907,-12.377358490566037,-8.830188679245287,11.0,12.0,12.0,,,,,3.0,3.0,4.0,,,0,0,0,0,0,1,False,False,True,False,False,False,False
sz002811,2025-02-13,first_probe,1,首次试盘,6.3176895306859215,5.415162454873634,44.92743264145241,0.9285714285714275,0.0,0.37448748547038235,0.1928592098398555,3.2618825722273925,9.785647716682199,0.4512635379061436,0,0,0.0,81.79201732346122,1,14.375561545372872,-4.492362982929022,-2.066486972147352,1,14.375561545372872,-9.973045822102433,-4.85175202156335,1,14.375561545372872,-32.52470799640612,-21.203953279424994,1,14.375561545372872,-32.52470799640612,-16.531895777178807,2.0,2.0,2.0,,,,,12.0,12.0,26.0,32.0,36.0,0,0,0,0,0,1,False,False,False,False,False,False,False
sz002816,2025-04-28,first_probe,1,首次试盘,6.678700361010836,4.873646209386284,13.425337120707159,0.8243243243243233,0.0,0.5094431815004996,0.1534946645986331,-0.27247956403269047,7.3569482288828425,2.0947176684881663,0,0,0.0,77.41534942532213,1,50.04460303300624,3.0330062444246186,50.04460303300624,1,82.3371989295272,3.0330062444246186,65.12042818911685,1,82.3371989295272,3.0330062444246186,62.979482604817115,1,82.3371989295272,3.0330062444246186,60.8385370205174,2.0,2.0,2.0,3.0,4.0,6.0,7.0,,,,,,1,1,1,0,0,0,False,False,False,False,False,False,False
sz002819,2025-08-19,first_probe,1,首次试盘,4.849039341262595,3.1412015858493403,18.7831055993373,1.1949685534591206,0.0,0.3322871882717904,0.24292811546355275,-0.9180120291231386,8.83190883190883,3.7699680511182,0,0,0.0,77.6864381795266,1,8.528325123152714,-9.359605911330037,-8.62068965517241,1,8.528325123152714,-13.331280788177335,-8.805418719211811,1,8.528325123152714,-15.055418719211811,-13.084975369458117,1,8.528325123152714,-15.055418719211811,-12.530788177339891,2.0,2.0,,,,,,6.0,10.0,11.0,37.0,,0,0,0,0,0,1,False,False,False,False,False,False,False
sz002820,2025-10-23,first_probe,1,首次试盘,5.007824726134591,4.068857589984365,17.01872477744328,0.48437500000000033,0.0,0.7169662383127537,0.23549485600709616,-0.31496062992125706,5.6692913385826715,3.554502369668233,0,0,0.0,74.90561864945737,1,4.729214340198329,-6.178489702517154,2.6697177726926036,1,18.840579710144922,-6.178489702517154,2.3646071700991644,1,18.840579710144922,-10.450038138825324,-3.58504958047291,1,18.840579710144922,-10.450038138825324,-4.576659038901598,11.0,12.0,12.0,13.0,,,,4.0,36.0,36.0,,,1,0,0,0,0,0,True,False,False,False,False,False,False
sz002823,2025-02-24,first_probe,1,首次试盘,6.002554278416361,5.1724137931034475,13.742502695580026,0.808510638297873,0.0,0.3743279467319229,0.14990386867436256,0.33025099075296716,9.643328929986804,4.279131007241599,0,0,0.0,75.28298952356046,1,5.429292929292928,-1.1994949494949503,-0.31565656565657463,1,7.828282828282829,-5.113636363636365,-1.0732323232323204,1,7.828282828282829,-32.51262626262626,-19.38131313131314,1,7.828282828282829,-32.51262626262626,-15.340909090909093,3.0,,,,,,,14.0,25.0,25.0,29.0,30.0,0,0,0,0,0,0,False,False,False,False,False,False,False
sz002824,2025-06-26,first_probe,1,首次试盘,5.829326923076916,3.9663461538461453,17.600901839584076,0.8350515463917523,0.0,0.403298353059477,0.19038932052143379,0.0,5.1343283582089505,0.29850746268658135,0,0,0.0,77.72453921858985,1,9.464285714285703,-2.9761904761904767,-0.29761904761904656,1,9.464285714285703,-3.571428571428581,0.29761904761904656,1,20.952380952380945,-3.571428571428581,15.714285714285726,1,29.761904761904766,-3.571428571428581,14.940476190476183,2.0,2.0,30.0,31.0,32.0,,,,,,,,0,1,0,0,0,0,False,False,False,False,False,False,False
sz002825,2025-02-12,first_probe,1,首次试盘,7.67386091127098,6.714628297362113,17.558751892653532,0.6406249999999997,0.0,0.35748560852100225,0.1651920844667565,-0.2406738868832914,8.062575210589639,3.3775633293124496,0,0,0.0,77.83170238981168,1,2.450408401400228,-4.0840140023337135,1.4002333722286986,1,7.234539089848302,-4.0840140023337135,2.100350058343059,1,12.952158693115523,-22.987164527421243,-4.900816802800467,1,40.9568261376896,-22.987164527421243,40.9568261376896,12.0,23.0,23.0,57.0,58.0,59.0,60.0,37.0,37.0,37.0,38.0,39.0,0,0,1,0,0,0,False,False,False,False,False,False,False
sz002827,2025-07-04,first_probe,1,首次试盘,7.837087318728808,4.350509102128974,21.085410839441607,0.5314960629921253,0.0,0.5631320058334768,0.11291603103962942,0.03075030750305796,7.472324723247237,3.289271441746089,0,0,0.0,78.49520734886191,1,23.005952380952376,-0.08928571428571397,14.851190476190478,1,84.22619047619047,-0.08928571428571397,38.51190476190476,1,84.22619047619047,-0.08928571428571397,26.517857142857125,1,84.22619047619047,-0.08928571428571397,13.958333333333318,1.0,1.0,4.0,5.0,6.0,12.0,13.0,,,,,,1,1,1,0,0,0,False,False,False,False,False,False,False
sz002828,2025-10-23,first_probe,1,首次试盘,7.931316434995894,5.233033524121011,16.367608779522072,1.1546391752577325,0.0,0.3216659969178333,-0.06477356937033399,-0.5636070853462183,6.2801932367149815,-2.186234817813759,0,0,0.0,77.69077278843076,1,2.2350993377483475,-8.526490066225156,-2.814569536423839,1,3.9735099337748325,-8.526490066225156,-3.062913907284759,1,3.9735099337748325,-15.72847682119206,-12.25165562913908,1,5.96026490066226,-15.72847682119206,-2.980132450331119,57.0,,,,,,,1.0,2.0,21.0,39.0,,0,0,0,0,0,1,False,False,False,False,False,False,False
sz002829,2024-10-17,first_probe,1,首次试盘,9.713282621416042,8.42598010532476,24.485279877230138,0.49999999999999895,0.0,0.8449239066100407,0.23126203949143542,-1.6119746689694958,7.9447322970638945,4.856641310708021,0,0,0.0,82.99945612745285,1,14.00669642857142,-3.7388392857142905,12.44419642857142,1,24.66517857142856,-3.7388392857142905,19.308035714285698,1,43.58258928571428,-3.7388392857142905,36.04910714285712,1,43.58258928571428,-4.57589285714286,3.069196428571419,2.0,2.0,3.0,13.0,15.0,30.0,39.0,,,,,,1,1,1,0,0,0,True,True,False,False,False,False,False
sz002836,2025-09-22,first_probe,1,首次试盘,6.609808102345416,4.157782515991459,22.842928924155157,1.2096774193548403,0.0,0.42828828668293045,0.0532284932800269,-0.43290043290044045,8.225108225108224,0.5434782608695787,0,0,0.0,80.36505471030378,1,18.37837837837837,-5.729729729729726,14.5945945945946,1,28.540540540540537,-5.729729729729726,17.729729729729726,1,74.4864864864865,-5.729729729729726,51.02702702702704,1,96.75675675675674,-5.729729729729726,63.7837837837838,6.0,6.0,6.0,10.0,17.0,23.0,33.0,1.0,,,,,1,1,1,0,0,0,False,False,False,False,False,False,False
sz002838,2024-09-26,first_probe,1,首次试盘,5.81140350877194,3.7280701754386136,25.742607948170225,0.5471698113207553,0.0,0.5561240228335455,0.03076174857955879,-0.3303964757709221,6.277533039647576,3.4254143646408775,0,0,0.0,75.39687895697595,1,29.059829059829067,0.5341880341880323,7.9059829059829,1,71.90170940170941,0.5341880341880323,41.987179487179496,1,71.90170940170941,0.5341880341880323,41.55982905982907,1,71.90170940170941,0.5341880341880323,17.307692307692314,1.0,1.0,2.0,2.0,3.0,17.0,17.0,,,,,,1,1,1,0,0,0,False,False,False,False,False,False,False
sz002838,2025-04-14,retest_probe,2,重新试盘,5.693519079345832,3.149606299212593,18.718112539763332,0.6702127659574474,0.0,0.2778564092052628,0.08722708238824917,2.4193548387096753,8.250620347394522,1.877649909145962,0,0,0.0,73.47415644524006,1,0.9512485136742077,-9.98810939357907,-9.512485136741965,1,5.826397146254458,-9.98810939357907,3.388822829964333,1,16.884661117717002,-9.98810939357907,6.896551724137923,1,16.884661117717002,-9.98810939357907,11.355529131985742,20.0,21.0,21.0,24.0,,,,2.0,9.0,,,,0,0,0,0,0,1,False,False,True,False,False,False,False
sz002842,2024-12-02,first_probe,1,首次试盘,10.215053763440851,6.989247311827951,20.427075671588582,0.6184210526315783,0.0,0.4151786842956303,0.19619368063720985,-0.2600780234070288,6.631989596879051,0.7822685788787531,0,0,0.0,80.84678165741968,1,-1.0349288486416586,-8.02069857697283,-5.692108667529117,1,-1.0349288486416586,-20.181112548512292,-17.335058214747747,1,-1.0349288486416586,-25.355756791720573,-14.618369987063396,1,3.363518758085382,-25.355756791720573,-2.587322121604141,,,,,,,,1.0,3.0,11.0,15.0,17.0,0,0,0,1,1,1,False,False,False,False,False,False,False
sz002843,2025-02-18,first_probe,1,首次试盘,6.899082568807335,4.4036697247706424,17.784558766738016,1.3723404255319147,0.0,0.29346710414397903,0.14292556363732742,-0.7285974499089187,6.120218579234971,-2.5688073394495414,0,0,0.0,80.24110282604308,1,17.36346516007532,-3.992467043314507,-1.0922787193973549,1,17.36346516007532,-5.536723163841817,2.824858757062154,1,17.36346516007532,-38.79472693032015,-23.502824858757066,1,17.36346516007532,-38.79472693032015,-4.519774011299427,2.0,3.0,3.0,3.0,,,,15.0,23.0,23.0,24.0,33.0,1,0,0,0,0,0,False,False,False,False,False,False,False
sz002846,2025-02-07,first_probe,1,首次试盘,5.760368663594462,4.0322580645161255,15.89112324879381,0.6400000000000006,0.0,0.41594352025142833,0.15965411400367793,-0.22988505747125743,5.517241379310356,2.073732718894017,0,0,0.0,74.86700579699871,1,6.659142212189617,-1.9187358916478603,-0.4514672686230181,1,10.609480812641102,-3.4988713318284237,7.787810383747185,1,37.810383747178356,-10.948081264108344,-10.948081264108344,1,37.810383747178356,-11.851015801354404,6.433408577878108,2.0,16.0,19.0,21.0,22.0,24.0,,40.0,40.0,40.0,,,0,1,1,0,0,0,False,False,False,False,False,False,False
sz002848,2024-12-23,first_probe,1,首次试盘,5.258386219401623,2.901178603807808,33.61207561662944,2.862068965517241,0.0,0.39584439702848323,0.038067917732965896,1.7527675276752808,7.103321033210319,-9.79147778785131,0,0,0.0,79.86644022490312,1,-7.537688442211055,-33.66834170854271,-27.236180904522612,1,-7.537688442211055,-34.472361809045225,-28.14070351758793,1,-7.537688442211055,-44.723618090452256,-30.050251256281403,1,-7.537688442211055,-44.723618090452256,-38.793969849246224,,,,,,,,1.0,1.0,2.0,2.0,3.0,0,0,0,1,1,1,False,False,False,False,False,False,False
sz002848,2025-02-25,retest_probe,2,重新试盘,6.685633001422464,4.125177809388325,21.949619646353895,0.9361702127659588,0.0,0.2996835136647888,0.21428274523426094,-1.167883211678833,9.48905109489051,4.283604135893659,0,0,0.0,80.47173994789432,1,4.107648725212476,-7.082152974504252,-3.541076487252126,1,4.107648725212476,-17.13881019830028,-15.722379603399428,1,4.107648725212476,-37.677053824362595,-23.229461756373937,1,4.107648725212476,-37.677053824362595,-1.4164305949008416,,,,,,,,2.0,19.0,19.0,20.0,24.0,0,0,0,0,1,1,False,False,True,False,False,False,False
sz002853,2024-12-13,first_probe,1,首次试盘,7.0261437908496704,3.431372549019618,21.317977091952127,0.9651162790697682,0.0,0.5632166787031277,0.0013498741902203731,0.16366612111291534,7.201309328968897,0.2450980392156854,0,0,0.0,79.71279939771252,1,9.453952730236349,-17.277913610431938,-5.78647106764465,1,9.453952730236349,-23.30888345558272,-19.070904645476773,1,9.453952730236349,-23.30888345558272,-5.21597392013039,1,35.28932355338226,-23.30888345558272,27.791361043194797,1.0,1.0,48.0,49.0,50.0,53.0,,3.0,7.0,7.0,8.0,15.0,0,0,1,0,0,1,False,False,False,False,False,False,False
sz002855,2025-02-24,first_probe,1,首次试盘,9.382596013612066,8.021390374331538,27.820792121499764,0.5181347150259068,0.0,0.4983589029173412,0.25088366011435076,-0.767386091127098,7.913669064748197,3.9149347510874843,0,0,0.0,82.3138069998016,1,9.999999999999986,-8.511627906976738,-6.325581395348834,1,9.999999999999986,-13.90697674418604,-11.813953488372086,1,9.999999999999986,-37.302325581395344,-24.372093023255804,1,9.999999999999986,-37.302325581395344,-21.44186046511628,1.0,1.0,,,,,,4.0,6.0,14.0,25.0,29.0,0,0,0,0,0,1,False,False,False,False,False,False,False
sz002855,2025-06-18,retest_probe,2,重新试盘,9.366540335679474,8.446128857606938,22.844982116585893,0.6589595375722545,0.0,0.9845690349329623,0.033253165420288375,-0.32555615843732344,9.603906673901253,3.7561241154055347,0,0,0.0,81.1669503145688,1,5.876180482686255,-4.6694648478488805,-0.3672612801678965,1,5.876180482686255,-7.712486883525704,-5.351521511017832,1,5.876180482686255,-8.184679958027274,-1.9937040923399763,1,9.548793284365175,-8.184679958027274,-1.9937040923399763,9.0,45.0,,,,,,16.0,29.0,,,,0,0,0,0,0,0,True,False,True,True,False,True,True
sz002855,2025-08-20,retest_probe,3,重新试盘,5.516194331983804,2.8846153846153744,14.363003905817711,0.5963302752293599,0.0,0.4914800055500305,0.3349684322636606,-0.25839793281654533,7.751937984496116,4.663212435233155,0,0,0.0,76.75330876187158,1,3.3663366336633693,-7.871287128712867,-7.524752475247521,1,3.3663366336633693,-9.207920792079205,-5.940594059405935,1,3.3663366336633693,-19.950495049504934,-14.900990099009892,1,3.3663366336633693,-19.950495049504934,-5.940594059405935,,,,,,,,6.0,11.0,24.0,27.0,,0,0,0,0,0,1,False,False,True,False,False,False,False
sz002855,2025-11-25,retest_probe,4,重新试盘,5.249480249480265,3.0665280665280736,14.05657910293056,1.1485148514851469,0.0,0.4093872979717792,0.17154297903897545,-1.025641025641022,3.8461538461538547,-1.0880829015544102,0,0,0.0,76.35111730928774,1,6.966998428496596,-5.028810895756941,-2.671555788370883,1,6.966998428496596,-15.086432687270811,-14.772132006286022,1,6.966998428496596,-15.086432687270811,-11.733892090099518,1,6.966998428496596,-18.28182294394971,-13.672079622839185,4.0,,,,,,,1.0,11.0,12.0,17.0,,0,0,0,0,0,1,False,False,False,False,False,False,False
sz002857,2024-11-15,first_probe,1,首次试盘,5.10366826156301,4.385964912280715,19.44475182735139,1.296874999999999,0.0,0.3655749499443498,0.13369050687106152,-0.718276137270546,5.187549880287312,-0.7234726688102877,0,0,0.0,77.43828529059215,1,13.36032388663968,-2.7530364372469585,9.068825910931189,1,23.643724696356273,-2.7530364372469585,19.59514170040486,1,23.643724696356273,-12.469635627530362,-4.048582995951422,1,28.825910931174104,-12.469635627530362,11.65991902834007,3.0,9.0,9.0,14.0,20.0,,,34.0,35.0,35.0,,,1,1,0,0,0,0,False,False,False,False,False,False,False
sz002858,2024-11-13,first_probe,1,首次试盘,5.602240896358546,3.851540616246507,22.603543621748983,1.7249999999999994,0.0,0.7737250566272973,-0.009105648658332997,0.14025245441795509,5.7503506311360475,-4.06162464985994,0,0,0.0,80.62780502099622,1,-1.7518248175182327,-15.328467153284675,-2.5547445255474477,1,3.5766423357664223,-15.328467153284675,1.3138686131386912,1,14.08759124087593,-25.620437956204377,-19.12408759124087,1,14.08759124087593,-25.620437956204377,-7.81021897810218,22.0,22.0,22.0,,,,,1.0,1.0,2.0,3.0,36.0,0,0,0,0,1,1,True,False,False,False,False,False,False
sz002861,2024-12-17,first_probe,1,首次试盘,4.933333333333345,3.933333333333322,29.60288098279744,2.4729729729729724,0.0,0.33983315879194864,-0.018791610533074418,0.1335113484646211,5.073431241655535,-7.266666666666666,0,0,0.0,77.37676104118768,1,16.175413371675052,-15.74406901509705,1.294033069734013,1,16.175413371675052,-31.34435657800143,-23.652048885693755,1,38.030194104960444,-31.34435657800143,16.103522645578707,1,38.030194104960444,-31.34435657800143,6.9734004313443565,1.0,1.0,2.0,2.0,25.0,26.0,,5.0,5.0,5.0,6.0,14.0,1,1,1,0,0,0,False,False,False,False,False,False,False
sz002862,2025-03-27,first_probe,1,首次试盘,4.8240841494377795,4.207471889735226,22.929934567041634,0.7293233082706768,0.0,0.8073925045985001,0.3377142828807128,1.1485735457577029,7.076695072248973,2.3076923076922995,0,0,0.0,79.98727590276654,1,7.268170426065157,-30.86287146437523,-19.835302542069456,1,7.268170426065157,-30.86287146437523,-17.25742928750448,1,7.268170426065157,-37.307554600787675,-23.98854278553526,1,7.268170426065157,-37.307554600787675,-32.187611886860005,3.0,,,,,,,2.0,6.0,6.0,7.0,7.0,0,0,0,0,0,1,True,False,False,False,False,False,False
sz002864,2025-09-17,first_probe,1,首次试盘,5.842696629213484,5.45746388443018,22.99603962787537,0.7527472527472512,0.0,0.5063762835745539,0.10165032176437923,-0.1922460749759769,5.639218199295093,1.4446227929374,0,0,0.0,77.64676200786631,1,1.1708860759493511,-8.987341772151902,-6.9620253164556996,1,2.0569620253164445,-9.462025316455701,-0.9493670886076,1,35.69620253164558,-9.462025316455701,7.879746835443036,1,35.69620253164558,-9.462025316455701,0.75949367088608,34.0,34.0,34.0,35.0,35.0,36.0,,2.0,7.0,,,,0,1,1,0,0,1,False,False,False,False,False,False,False
sz002866,2025-11-10,first_probe,1,首次试盘,8.70026525198937,5.570291777188308,24.878721125163363,0.6341463414634153,0.0,0.2679436061451509,0.12972794927335454,0.15940488841659217,8.87353878852284,3.183023872679036,0,0,0.0,78.55838510142945,1,13.676092544987139,-2.930591259640103,1.3367609254498758,1,13.676092544987139,-2.930591259640103,-0.20565552699228773,1,13.676092544987139,-15.578406169665794,-6.838046272493569,1,13.676092544987139,-15.578406169665794,0.0,3.0,5.0,6.0,,,,,22.0,24.0,25.0,27.0,,0,0,0,0,0,0,False,False,False,False,False,False,False
sz002868,2024-12-13,first_probe,1,首次试盘,4.793814432989696,4.2783505154639245,18.642355561811506,1.860215053763438,0.0,0.3466285299051483,0.006663786620349141,-2.014462809917361,5.01033057851239,-1.9504480759093168,0,0,0.0,75.19257329713423,1,1.0752688172043001,-25.107526881720432,-11.290322580645174,1,18.118279569892447,-25.107526881720432,-19.677419354838722,1,18.118279569892447,-25.107526881720432,-9.731182795698935,1,18.118279569892447,-25.107526881720432,-14.89247311827958,12.0,13.0,13.0,13.0,,,,2.0,2.0,2.0,4.0,7.0,1,0,0,0,0,1,False,False,False,False,False,False,False
sz002868,2025-11-20,retest_probe,2,重新试盘,5.936073059360725,5.936073059360725,16.660710765440335,1.6996336996337018,0.0,2.2007848493444415,-0.04516308985387132,-0.8836206896551624,5.000000000000004,-4.153076755816487,0,0,0.0,80.50870978519198,1,4.49183303085301,-16.56079854809437,-16.401996370235928,1,4.49183303085301,-26.202359346642467,-20.462794918330296,1,4.49183303085301,-26.27041742286751,-16.515426497277687,1,4.49183303085301,-26.27041742286751,-14.609800362976399,,,,,,,,2.0,2.0,7.0,10.0,13.0,0,0,0,0,1,1,True,False,True,True,False,True,False
sz002871,2025-01-02,first_probe,1,首次试盘,5.858987090367429,4.270109235352537,15.584985081166478,2.52542372881356,0.0,0.48323796158058496,0.667597138790794,-1.898734177215189,12.447257383966237,-1.3978494623655968,0,0,0.0,86.59544718661235,1,2.72628135223556,-9.705561613958569,1.1995637949836269,1,8.287895310796078,-9.705561613958569,7.088331515812429,1,10.796074154852775,-9.705561613958569,8.72410032715376,1,15.59432933478735,-9.705561613958569,-4.0348964013086075,12.0,20.0,39.0,49.0,,,,2.0,2.0,,,,0,0,0,0,0,1,False,True,False,False,False,False,False
sz002875,2024-12-02,first_probe,1,首次试盘,8.917631041524853,8.781484002722939,17.345331723810045,0.5954198473282436,0.0,0.9439595686352223,0.2125761531094193,-0.8224811514736086,9.664153529814934,5.183137525915682,0,0,0.0,81.83598635234482,1,16.16294349540077,-7.752956636005271,9.395532194480927,1,16.16294349540077,-15.243101182654407,-12.877792378449415,1,16.16294349540077,-26.01839684625493,-20.82785808147175,1,16.16294349540077,-26.01839684625493,-14.980289093298293,9.0,9.0,9.0,10.0,,,,2.0,16.0,16.0,17.0,23.0,1,0,0,0,0,0,True,False,False,False,False,False,False
sz002875,2025-10-10,retest_probe,2,重新试盘,5.7367829021372385,3.5995500562429728,14.346429111741688,0.911764705882353,0.0,0.2960402235727558,0.13800887160032294,0.11261261261261701,5.8558558558558405,0.5061867266591635,0,0,0.0,74.81794561367468,1,13.766088416340217,-5.092333519865699,-0.11191941801902416,1,13.766088416340217,-5.092333519865699,1.5668718522663605,1,13.766088416340217,-11.583659764969223,-8.17011751538892,1,13.766088416340217,-14.605484051482943,-2.238388360380539,3.0,3.0,4.0,,,,,1.0,30.0,30.0,,,0,0,0,0,0,0,False,False,True,False,False,False,False
sz002876,2024-09-02,first_probe,1,首次试盘,5.473372781065078,2.909270216962523,17.82595646663425,1.027027027027028,0.0,0.33347588862308947,0.11868865843758304,0.0,5.473372781065078,-0.14792899408284654,0,0,0.0,76.34129477168636,1,2.0246913580246995,-11.950617283950626,-10.469135802469143,1,26.172839506172842,-11.950617283950626,13.728395061728405,1,42.419753086419746,-11.950617283950626,36.69135802469137,1,60.74074074074072,-11.950617283950626,33.23456790123458,17.0,18.0,18.0,19.0,19.0,37.0,40.0,5.0,9.0,10.0,,,1,1,1,0,0,1,False,False,False,False,False,False,False
sz002877,2025-02-17,first_probe,1,首次试盘,5.875706214689269,5.197740112994365,18.627462506518707,0.3846153846153836,0.0,0.8703337727885836,0.3883445405327007,0.0,7.085714285714273,4.800000000000004,0,0,0.0,79.60394568485934,1,2.399127589967298,-8.069792802617236,-7.306434023991271,1,2.399127589967298,-8.178844056706646,-0.6543075245365348,1,5.234460196292257,-29.443838604143945,-15.59432933478735,1,5.234460196292257,-29.443838604143945,-7.742639040348953,23.0,,,,,,,9.0,10.0,34.0,34.0,35.0,0,0,0,0,0,1,True,False,False,False,False,False,False
sz002877,2025-08-26,retest_probe,2,重新试盘,7.8125,6.138392857142838,18.065086012879938,0.6285714285714284,0.0,0.5870141959594221,0.20429410927965655,0.0,9.152542372881367,4.1807909604519855,0,0,0.0,80.31782443726452,1,1.5184381778741818,-7.375271149674633,-0.9761388286333994,1,1.5184381778741818,-8.134490238611713,-5.0976138828633495,1,1.5184381778741818,-12.147505422993499,-6.616052060737543,1,30.151843817787416,-12.147505422993499,2.49457700650757,54.0,55.0,55.0,55.0,56.0,56.0,,2.0,20.0,28.0,,,0,0,1,0,0,1,False,False,True,False,False,False,False
sz002881,2024-12-30,first_probe,1,首次试盘,6.387225548902209,2.827677977378573,15.697140032683723,0.7708333333333329,0.0,0.267500430032056,0.2713628185304511,2.258726899383978,9.445585215605746,2.0749665327978617,0,0,0.0,77.70029613010205,1,10.360655737704905,-14.098360655737707,2.4918032786885203,1,45.114754098360656,-14.098360655737707,45.114754098360656,1,139.34426229508196,-14.098360655737707,76.59016393442624,1,139.34426229508196,-14.098360655737707,54.0983606557377,3.0,3.0,3.0,15.0,19.0,19.0,20.0,4.0,5.0,5.0,,,1,1,1,0,0,1,False,False,False,False,False,False,False
sz002882,2024-11-12,first_probe,1,首次试盘,4.801324503311233,4.6909492273730535,13.367666534353349,0.9080459770114959,0.0,0.8978238119298618,0.413913774327091,0.4449388209121219,5.617352614015569,0.7751937984496138,0,0,0.0,79.34233723823505,1,10.000000000000009,-10.989010989010994,-5.54945054945054,1,10.000000000000009,-10.989010989010994,-2.9120879120879017,1,10.000000000000009,-19.94505494505494,-13.296703296703294,1,10.000000000000009,-19.94505494505494,-8.131868131868137,1.0,1.0,1.0,,,,,5.0,5.0,5.0,37.0,,0,0,0,0,0,1,True,False,False,False,False,False,False
sz002884,2025-01-20,first_probe,1,首次试盘,6.130268199233724,3.995621237000546,25.964269590278505,0.5357142857142865,0.0,0.41076947543185227,0.0740510628095738,1.3873473917868973,7.60266370699223,2.8461959496442146,0,0,0.0,75.53249620944534,1,0.05321979776478081,-7.3975518893028225,-4.470463012240556,1,0.05321979776478081,-7.3975518893028225,-5.960617349654063,1,0.05321979776478081,-8.302288451303873,-4.5236828100053135,1,0.05321979776478081,-24.960085151676424,-15.486961149547628,,,,,,,,3.0,28.0,48.0,48.0,49.0,0,0,0,0,0,0,False,False,False,False,False,False,False
sz002884,2025-08-15,retest_probe,2,重新试盘,5.040091638029787,4.180985108820168,19.057078147501944,0.44318181818181934,0.0,0.6582186364203566,0.43814459542601997,0.17391304347826875,6.31884057971015,3.877314814814814,0,0,0.0,78.01492919721755,1,4.679665738161565,-6.685236768802227,-1.949860724233976,1,4.679665738161565,-7.409470752089131,-4.735376044568229,1,4.679665738161565,-7.799442896935926,-5.84958217270195,1,4.679665738161565,-7.799442896935926,-3.1197771587743617,,,,,,,,8.0,,,,,0,0,0,0,0,0,False,False,True,False,False,False,False
sz002885,2025-01-20,first_probe,1,首次试盘,4.878048780487809,3.933910306845001,24.349968274035806,0.7580645161290342,0.0,0.259323377859916,0.3416203376485634,1.0517799352750767,7.847896440129465,2.9623698959167166,0,0,0.0,77.20150232889027,1,6.1430793157076335,-3.1104199066873894,5.44323483670297,1,9.64230171073095,-3.1104199066873894,7.309486780715413,1,39.968895800933126,-3.1104199066873894,11.041990668740276,1,39.968895800933126,-21.617418351477447,-1.0886469673405785,10.0,11.0,22.0,27.0,33.0,36.0,,48.0,49.0,49.0,49.0,50.0,0,1,1,0,0,0,False,False,False,False,False,False,False
sz002885,2025-03-19,retest_probe,2,重新试盘,9.223300970873783,4.915048543689315,18.31430140574056,0.9934210526315802,0.0,0.618781749996595,0.018763228539902973,3.032140691328067,9.157064887810806,-2.9429075927015935,0,0,0.0,81.2149309687419,1,-2.001212856276524,-19.16312916919344,-16.97998787143723,1,-2.001212856276524,-38.87204366282595,-24.56033959975742,1,-2.001212856276524,-38.87204366282595,-16.798059429957533,1,-2.001212856276524,-38.87204366282595,-18.981200727713766,,,,,,,,1.0,2.0,2.0,6.0,12.0,0,0,0,1,1,1,False,False,True,False,False,False,False
sz002885,2025-10-27,retest_probe,3,重新试盘,5.133470225872694,3.901437371663241,25.21917123174352,0.8320000000000022,0.0,0.3476334486033845,0.16875899725889962,4.416809605488847,9.7770154373928,0.8624229979466103,0,0,0.0,76.69843678053661,1,52.11726384364821,-2.280130293159599,37.0114006514658,1,52.11726384364821,-3.9902280130293177,-2.646579804560256,1,52.11726384364821,-3.9902280130293177,7.003257328990231,1,52.11726384364821,-3.9902280130293177,21.783387622149842,2.0,4.0,6.0,6.0,7.0,7.0,8.0,,,,,,1,1,1,0,0,0,False,False,True,False,False,False,False
sz002890,2025-03-20,first_probe,1,首次试盘,10.389610389610393,7.629870129870131,15.95006009187439,0.7109375000000004,0.0,0.2751020927580486,0.2166034247482214,-2.49597423510467,9.500805152979064,4.789430222956237,0,0,0.0,79.39963976159507,1,-3.0732860520094496,-18.045705279747825,-14.657210401891252,1,-3.0732860520094496,-25.92592592592592,-11.58392434988179,1,2.6792750197005555,-25.92592592592592,1.4184397163120588,1,6.382978723404253,-25.92592592592592,-1.3396375098502777,52.0,,,,,,,1.0,1.0,2.0,3.0,11.0,0,0,0,1,1,1,False,False,False,False,False,False,False
sz002891,2025-04-07,first_probe,1,首次试盘,4.732510288065828,4.372427983539073,15.015913921278303,2.032608695652179,0.0,0.797061084310606,0.2819096218152679,-5.378437576052564,-0.9004623996106242,-4.886831275720183,0,0,0.0,80.79984814246913,1,33.098972417523,0.8653326122228133,33.098972417523,1,62.790697674418624,0.8653326122228133,50.216333153055714,1,100.10816657652785,0.8653326122228133,74.31043807463493,1,100.10816657652785,0.8653326122228133,65.7382368848026,1.0,1.0,2.0,3.0,5.0,10.0,13.0,,,,,,1,1,1,0,0,0,True,False,False,False,False,False,False
sz002892,2024-12-11,first_probe,1,首次试盘,5.6971514242878385,3.5482258870564554,18.219268237406823,1.1578947368421086,0.0,0.3003614081966493,0.1185179727640856,2.2483392948390524,8.07358201328563,-0.8995502248875686,0,0,0.0,77.25555962087137,1,-0.8572869389813276,-20.978315683308114,-20.121028744326775,1,-0.8572869389813276,-30.2571860816944,-22.49117498739284,1,-0.8572869389813276,-30.2571860816944,-13.11144730206757,1,3.12657589510843,-30.2571860816944,-8.270297528996451,,,,,,,,1.0,2.0,3.0,4.0,10.0,0,0,0,1,1,1,False,False,False,False,False,False,False
sz002893,2025-11-21,first_probe,1,首次试盘,4.933437744714175,2.8191072826938335,18.50431713567439,0.9047619047619041,0.0,0.3738890489782703,-0.1016323025503467,-1.920122887864828,2.9185867895545448,0.469851213782313,0,0,0.0,72.07115250153961,1,13.484021823850355,-1.9485580670303926,8.729540140296166,1,13.484021823850355,-12.704598597038197,-10.288386593920496,1,13.484021823850355,-14.263445050662515,-6.780982073265774,1,13.484021823850355,-14.263445050662515,-8.651597817614965,4.0,4.0,9.0,,,,,14.0,17.0,17.0,,,0,0,0,0,0,1,False,False,False,False,False,False,False
sz002898,2025-08-11,first_probe,1,首次试盘,5.045045045045038,4.444444444444451,17.515244088517676,1.5952380952380953,0.0,0.2767515931074001,0.15339513460280418,-0.9518143961927406,4.045211183819153,-3.003003003003002,0,0,0.0,76.82208316013445,1,4.705882352941182,-9.597523219814242,-6.996904024767792,1,4.705882352941182,-13.126934984520123,-12.383900928792556,1,4.705882352941182,-20.55727554179566,-18.328173374612998,1,4.705882352941182,-23.09597523219814,-17.523219814241475,,,,,,,,3.0,3.0,12.0,21.0,32.0,0,0,0,0,0,1,False,False,False,False,False,False,False
sz002899,2024-11-08,first_probe,1,首次试盘,6.835306781485495,5.16684607104414,16.94420634248676,0.771653543307085,0.0,0.43141662421097254,0.21216675477045616,1.7524644030668002,8.707557502738217,1.5608180839612684,0,0,0.0,79.32682912854294,1,22.310545839957598,0.8479067302596732,1.2188659247482692,1,22.310545839957598,0.8479067302596732,6.624271330153686,1,40.540540540540526,0.8479067302596732,8.53206147323795,1,46.10492845786962,0.8479067302596732,37.30789613142554,1.0,1.0,1.0,2.0,2.0,25.0,25.0,,,,,,1,1,1,0,0,0,False,False,False,False,False,False,False
sz002899,2024-12-19,retest_probe,2,重新试盘,6.75213675213675,3.803418803418812,19.893673465734544,1.151898734177214,0.0,0.3645402510145341,0.04919402783746204,0.9926629261976627,7.811825636599035,-1.025641025641022,0,0,0.0,79.1354785701342,1,10.017271157167528,-15.371329879101891,-5.051813471502598,1,10.017271157167528,-15.371329879101891,-3.0656303972366183,1,21.76165803108807,-15.371329879101891,8.54922279792747,1,21.76165803108807,-15.371329879101891,8.333333333333325,1.0,1.0,1.0,30.0,34.0,,,2.0,3.0,3.0,4.0,,0,1,0,0,0,1,False,False,True,False,False,False,False
sz002899,2025-06-30,retest_probe,3,重新试盘,5.43130990415337,3.788224554997721,16.599162328263553,0.5462184873949592,0.0,0.3272169327712345,0.08890223795349603,0.04566210045662267,5.4794520547945424,2.4646280237334617,0,0,0.0,71.52903821453566,1,12.383073496659257,-1.469933184855221,7.928730512249449,1,12.383073496659257,-1.6481069042316276,1.2026726057906334,1,12.383073496659257,-2.271714922048984,3.697104677060148,1,12.383073496659257,-13.095768374164795,-6.63697104677059,3.0,3.0,5.0,,,,,43.0,46.0,47.0,,,0,0,0,0,0,0,False,False,True,False,False,False,False
sz002900,2024-10-30,first_probe,1,首次试盘,11.344537815126055,7.563025210084051,26.8450821305014,0.4629629629629629,0.0,0.45813617894841663,0.13529373758013336,0.0,7.72357723577235,2.6422764227642226,0,0,0.0,79.86976527488319,1,26.534653465346537,-4.059405940594063,9.80198019801981,1,26.534653465346537,-4.059405940594063,7.425742574257432,1,26.534653465346537,-4.059405940594063,-1.9801980198019709,1,26.534653465346537,-12.871287128712861,-5.44554455445544,2.0,3.0,3.0,3.0,4.0,,,46.0,47.0,52.0,,,1,1,0,0,0,0,False,False,False,False,False,False,False
sz002902,2024-09-04,first_probe,1,首次试盘,5.134722928317226,4.931367564819511,14.405402759177809,0.6138613861386161,0.0,0.6240023065963799,0.3031498985968446,-0.05128205128206442,6.0512820512820475,2.924576706003079,0,0,0.0,76.19205800782343,1,-0.8474576271186307,-13.160518444665993,-10.967098703888334,1,16.05184446660022,-16.999002991026924,-7.27816550348952,1,38.03589232303093,-16.999002991026924,30.508474576271194,1,38.03589232303093,-16.999002991026924,15.952143569292133,16.0,17.0,17.0,17.0,28.0,33.0,,2.0,3.0,3.0,11.0,,1,1,1,0,0,1,False,False,False,False,False,False,False
sz002902,2024-11-04,retest_probe,2,重新试盘,7.183037646040669,5.928169623539592,14.017180193184938,0.3614457831325288,0.0,0.35798758540539,-0.04783326399760719,-2.899159663865547,4.075630252100826,4.586758978797056,0,0,0.0,70.40643022537792,1,14.563508481588737,-8.978071990070347,-7.364501448076133,1,14.563508481588737,-9.474555233760872,-2.0273065784029876,1,14.563508481588737,-9.474555233760872,3.847745138601577,1,14.563508481588737,-24.700041373603653,-16.508067852709974,3.0,3.0,4.0,,,,,10.0,10.0,44.0,44.0,46.0,0,0,0,0,0,1,False,False,True,False,False,False,False
sz002902,2025-03-27,retest_probe,3,重新试盘,5.235873509590472,3.6288232244686247,18.974381366754795,0.6831683168316833,0.0,0.5133248389401933,0.17429528105368547,-0.2557544757033292,3.8363171355498826,0.5641025641025532,0,0,0.0,75.96489899705591,1,-0.05099439061702071,-27.33299337072922,-14.329423763386018,1,-0.05099439061702071,-27.33299337072922,-13.819479857215711,1,-0.05099439061702071,-27.33299337072922,-7.343192248852615,1,7.3941866394696465,-27.33299337072922,4.079551249362567,50.0,,,,,,,5.0,6.0,6.0,7.0,7.0,0,0,0,1,1,1,False,False,True,False,False,False,False
sz002908,2024-10-30,first_probe,1,首次试盘,5.084745762711873,3.3898305084745894,15.448522360753717,0.42222222222222405,0.0,0.8138476820963908,0.5347785942458824,-0.9988901220865709,3.218645948945631,2.130044843049328,0,0,0.0,78.1163184969619,1,18.551042810098807,-6.476399560922063,11.855104281009886,1,18.551042810098807,-6.476399560922063,1.9758507135016368,1,24.47859495060374,-6.476399560922063,4.610318331503849,1,24.47859495060374,-18.770581778265637,-7.464324917672882,6.0,6.0,7.0,7.0,37.0,,,2.0,45.0,46.0,47.0,,1,1,0,0,0,0,True,False,False,False,False,False,False
sz002909,2025-08-21,first_probe,1,首次试盘,5.248226950354606,3.546099290780136,16.35626626772468,0.6216216216216202,0.0,0.418828454917111,0.31457423718466804,0.708215297450443,5.099150141643061,1.1251758087201136,0,0,0.0,76.31026315312631,1,6.536856745479835,-10.848400556328242,-9.040333796940203,1,6.536856745479835,-10.848400556328242,-8.344923504867873,1,6.536856745479835,-15.020862308762172,-8.205841446453421,1,6.536856745479835,-15.020862308762172,-8.6230876216968,4.0,,,,,,,8.0,9.0,9.0,23.0,,0,0,0,0,0,1,False,False,False,False,False,False,False
sz002910,2025-01-02,first_probe,1,首次试盘,6.426735218508983,6.426735218508983,17.07534868723728,1.800000000000002,0.0,11.603522229046327,0.0945175176496028,-20.68965517241378,-10.775862068965514,0.27173913043476716,0,0,0.0,84.02497446392336,1,5.284552845528445,-12.601626016260159,-3.1165311653116423,1,7.5880758807588045,-12.601626016260159,6.50406504065042,1,96.07046070460706,-12.601626016260159,24.52574525745257,1,96.07046070460706,-12.601626016260159,6.0975609756097615,8.0,21.0,22.0,26.0,30.0,31.0,32.0,1.0,2.0,2.0,,,0,1,1,0,0,1,True,True,False,False,False,False,False
sz002910,2025-04-18,retest_probe,2,重新试盘,11.123470522803114,9.566184649610676,27.7029534886357,0.5700000000000003,0.0,0.4946845301573955,0.3709569224037612,-0.8620689655172376,7.650862068965525,2.3913043478260843,0,0,0.0,85.10354442563695,1,13.906581740976653,-13.800424628450115,-4.883227176220794,1,13.906581740976653,-13.800424628450115,0.10615711252652815,1,13.906581740976653,-13.800424628450115,-6.369426751592355,1,13.906581740976653,-13.800424628450115,12.208067940552025,1.0,2.0,2.0,,,,,4.0,5.0,6.0,,,0,0,0,0,0,1,False,True,True,False,True,False,False
sz002910,2025-04-24,continuous_probe,3,连续试盘,6.785317018909898,5.22803114571746,39.96700787449014,0.7868852459016408,0.0,0.7927424138181238,-0.11879241358698023,-5.590062111801252,-0.6211180124223614,0.0,0,0,0.0,79.7672381191942,1,0.8771929824561431,-10.964912280701755,-1.9736842105263164,1,5.263157894736836,-10.964912280701755,2.412280701754388,1,5.701754385964919,-10.964912280701755,0.5482456140351033,1,17.324561403508774,-10.964912280701755,8.771929824561408,16.0,56.0,56.0,56.0,,,,1.0,2.0,2.0,,,0,0,0,0,0,1,True,False,True,True,False,True,True
sz002913,2025-01-09,first_probe,1,首次试盘,9.467989179440938,8.205590622182157,36.20274388124835,0.5333333333333334,0.0,0.6231092001246422,0.16530617751923926,0.2712477396021651,9.76491862567812,4.4183949504057685,0,0,0.0,82.20228444218488,1,11.355785837651112,-7.037996545768566,7.772020725388606,1,28.540587219343692,-7.037996545768566,22.45250431778929,1,36.485319516407586,-7.037996545768566,26.252158894645937,1,36.485319516407586,-14.939550949913649,-1.036269430051806,3.0,3.0,9.0,14.0,14.0,22.0,,2.0,56.0,56.0,,,1,1,1,0,0,0,False,False,False,False,False,False,False
sz002913,2025-07-18,retest_probe,2,重新试盘,5.624999999999991,5.198863636363638,22.32165017816954,0.969696969696972,0.0,0.767229583258586,0.2606753430026337,0.31347962382444194,5.956112852664575,0.17045454545452365,0,0,0.0,82.5572896621892,1,17.044809982983566,-4.480998298355077,11.911514463981865,1,27.283040272263204,-4.480998298355077,12.365286443562118,1,27.283040272263204,-4.480998298355077,21.100397050482144,1,27.283040272263204,-4.480998298355077,7.714123652864435,7.0,7.0,8.0,8.0,19.0,,,,,,,,1,1,0,0,0,0,True,False,True,True,False,True,False
sz002915,2025-08-08,first_probe,1,首次试盘,9.706210487169953,7.846783190777229,25.482275841259824,1.260536398467433,0.0,0.38555078163713147,-0.08903589145711394,0.07443245254930009,9.78786751023446,-2.5288211230940827,0,0,0.0,81.56181952175864,1,25.29568866844716,-2.0984357115604757,6.753147653567337,1,25.29568866844716,-9.27127050743991,-0.45784051888592137,1,25.29568866844716,-9.27127050743991,-0.6867607783288765,1,25.29568866844716,-10.14879816863793,6.562380770698195,1.0,1.0,2.0,2.0,4.0,,,19.0,19.0,57.0,,,1,1,0,0,0,0,False,False,False,False,False,False,False
sz002919,2025-05-30,first_probe,1,首次试盘,7.032695866748928,4.811844540407151,18.765429055704537,1.0175438596491224,0.0,0.5171000977582421,0.4669752315764473,0.0,9.602021478205947,2.274162981680372,0,0,0.0,86.14441003894292,1,6.670784434836308,0.3705991352686677,3.458925262507706,1,6.670784434836308,-2.470660901791244,4.323656578134649,1,8.091414453366275,-2.470660901791244,3.644224830142062,1,8.091414453366275,-4.4471896232242125,-1.8529956763434274,3.0,21.0,,,,,,,,,,,0,0,0,0,0,0,False,True,False,False,False,False,False
sz002919,2025-10-13,retest_probe,2,重新试盘,5.624999999999991,4.937499999999995,13.988742823056372,0.4222222222222218,0.0,0.7415118848879949,0.08762750756247284,-3.8461538461538547,1.5624999999999778,3.2499999999999973,0,0,0.0,72.23319476098362,1,12.167070217917676,2.9055690072639306,8.474576271186463,1,19.249394673123476,2.9055690072639306,18.038740920096853,1,47.09443099273609,2.9055690072639306,38.01452784503632,1,47.09443099273609,2.9055690072639306,38.861985472154984,1.0,2.0,2.0,20.0,21.0,25.0,25.0,,,,,,1,1,1,0,0,0,True,False,True,True,False,False,True
sz002920,2024-09-09,first_probe,1,首次试盘,5.545454545454542,4.965909090909104,16.937100514936922,0.7418032786885232,0.0,0.3280310247091666,0.01335010400402695,-9.520871889779981,-4.503392967304142,1.4318181818181897,0,0,0.0,72.70434966165567,1,12.34595563522294,-0.26887743670177544,10.687878108895355,1,56.84517140936589,-0.26887743670177544,25.84584360295765,1,61.886623347524086,-0.26887743670177544,50.997087161102385,1,61.886623347524086,-0.26887743670177544,35.995966838449455,2.0,8.0,9.0,12.0,12.0,13.0,14.0,,,,,,1,1,1,0,0,0,False,False,False,False,False,False,False
sz002921,2025-07-23,first_probe,1,首次试盘,6.041131105398456,4.113110539845755,18.097175701693256,1.2446808510638303,0.0,0.5609429359371003,0.04511703774365001,-0.31746031746032743,4.761904761904767,-2.3566878980891715,0,0,0.0,79.21315314544962,1,27.33202870189171,-1.82648401826484,20.67840834964123,1,27.33202870189171,-1.82648401826484,13.111545988258321,1,27.33202870189171,-1.82648401826484,7.371167645140253,1,27.33202870189171,-6.653620352250488,3.326810176125239,8.0,9.0,9.0,9.0,10.0,,,52.0,,,,,1,1,0,0,0,0,False,False,False,False,False,False,False
sz002923,2025-04-08,first_probe,1,首次试盘,8.01017164653528,4.195804195804187,440.3928063662867,0.9444444444444441,0.0,0.7574815963362053,0.77206569870059,-10.011441647597252,-2.803203661327247,0.445009535918639,0,0,0.0,92.71998501546702,1,-1.13924050632912,-24.177215189873415,-21.64556962025316,1,-1.13924050632912,-28.03797468354431,-23.291139240506343,1,-1.13924050632912,-28.03797468354431,-17.911392405063285,1,-1.13924050632912,-28.03797468354431,-20.759493670886087,,,,,,,,1.0,1.0,3.0,5.0,7.0,0,0,0,1,1,1,True,True,False,False,False,False,False
sz002925,2025-03-11,first_probe,1,首次试盘,9.583074051026763,8.089607965152457,22.199333024344035,0.363636363636363,0.0,0.5625300010432369,0.2560614735225706,0.06176652254477055,8.77084620135886,5.246913580246915,0,0,0.0,80.75586685891749,1,6.099706744868039,-9.384164222873903,-8.797653958944284,1,6.099706744868039,-28.504398826979482,-22.287390029325515,1,6.099706744868039,-28.504398826979482,-3.1085043988269834,1,6.099706744868039,-28.504398826979482,-3.9882697947214107,1.0,,,,,,,8.0,9.0,12.0,18.0,19.0,0,0,0,0,0,1,False,False,False,False,False,False,False
sz002927,2024-09-11,first_probe,1,首次试盘,5.803996194100858,4.281636536631783,30.299052362038264,0.7377049180327864,0.0,0.33892526074899704,0.3778759914394717,-1.0536398467432928,6.513409961685812,3.291384317521784,0,0,0.0,81.50648505171222,1,7.4039362699156674,-6.747891283973761,6.185567010309279,1,26.42924086223055,-6.747891283973761,8.341143392689787,1,30.459231490159322,-6.747891283973761,16.49484536082475,1,35.52014995313966,-6.747891283973761,28.772258669165886,10.0,11.0,11.0,11.0,12.0,38.0,,3.0,,,,,1,1,1,0,0,0,False,False,False,False,False,False,False
sz002928,2025-07-23,first_probe,1,首次试盘,5.353075170842825,2.9612756264236983,30.965480265047006,0.9361702127659551,0.0,0.330606468001594,0.22912670498889445,2.9308323563892236,8.440797186400939,0.3416856492027387,0,0,0.0,79.47936112674232,1,2.0431328036322416,-5.788876276958,-3.518728717366637,1,3.745743473325769,-5.788876276958,2.724177071509648,1,13.62088535754824,-5.788876276958,13.053348467650405,1,28.149829738933008,-5.788876276958,22.701475595913735,21.0,25.0,34.0,49.0,54.0,,,6.0,,,,,0,0,0,0,0,0,False,False,False,False,False,False,False
sz002930,2025-04-17,first_probe,1,首次试盘,5.4695562435500555,3.4055727554179516,51.35390097844236,0.5660377358490567,0.0,0.5535709561889649,0.036770815532586106,-0.20682523267838704,5.687693898655644,2.797927461139893,0,0,0.0,75.978908746042,1,3.629032258064502,-8.870967741935488,-6.955645161290313,1,6.3508064516129,-8.870967741935488,2.0161290322580516,1,23.38709677419355,-8.870967741935488,12.903225806451601,1,31.0483870967742,-8.870967741935488,14.314516129032251,19.0,29.0,39.0,39.0,40.0,43.0,,7.0,7.0,,,,0,1,1,0,0,1,False,False,False,False,False,False,False
sz002930,2025-11-25,retest_probe,2,重新试盘,5.9836808703535915,3.354487760652769,18.51437272613223,0.46969696969696767,0.0,0.5946375800010376,0.1726217861652033,-0.18248175182482562,6.660583941605824,4.0219378427788,0,0,0.0,76.05991808169102,1,8.260105448154654,-1.2302284710017597,6.590509666080835,1,9.050966608084355,-3.7785588752196952,-3.7785588752196952,1,9.050966608084355,-8.17223198594026,-2.899824253075567,1,20.29876977152898,-8.17223198594026,18.980667838312804,10.0,10.0,48.0,52.0,60.0,,,29.0,37.0,,,,0,0,0,0,0,0,False,False,True,False,False,False,False
sz002931,2025-04-29,first_probe,1,首次试盘,5.918242830994491,3.538743136058553,29.838604513070994,0.5154639175257738,0.0,0.5722436949702354,0.22927726241762947,1.2353304508956109,7.2266831377393315,2.8676021964612497,0,0,0.0,79.05105535906203,1,0.8303677342823335,-9.2526690391459,-5.634638196915775,1,0.8303677342823335,-11.032028469750887,-9.90510083036773,1,0.8303677342823335,-15.717674970343998,-5.397390272835112,1,0.8303677342823335,-15.717674970343998,-7.1767497034400884,,,,,,,,1.0,3.0,18.0,32.0,,0,0,0,0,0,1,False,False,False,False,False,False,False
sz002933,2025-06-03,first_probe,1,首次试盘,6.506024096385521,3.975903614457832,22.5711400962358,0.8101851851851865,0.0,0.4113142071571052,0.11176035944790236,0.8219178082191636,7.640791476407904,1.4794685990338285,0,0,0.0,78.67152134834015,1,1.9934543290687445,-6.426658732520085,-4.195180005950605,1,8.747396608152336,-6.962213626896752,7.5870276703362105,1,10.62183873847069,-6.962213626896752,9.43171675096699,1,17.52454626599227,-6.962213626896752,13.86492115441833,19.0,20.0,39.0,45.0,,,,6.0,,,,,0,0,0,0,0,0,False,False,False,False,False,False,False
sz002942,2025-06-09,first_probe,1,首次试盘,8.352402745995423,4.63386727688786,24.20805479463273,0.458904109589042,0.0,0.4697641767087647,0.12825643701285364,0.0,8.043354249857382,4.221334854535064,0,0,0.0,78.41625587704358,1,1.2041598248494711,-8.866995073891626,-7.006020799124258,1,5.199781061850017,-8.866995073891626,-1.8062397372742067,1,25.779967159277504,-8.866995073891626,1.3683634373289566,1,25.779967159277504,-8.866995073891626,5.528188286808988,18.0,35.0,35.0,35.0,36.0,,,7.0,9.0,,,,0,1,0,0,0,1,False,False,False,False,False,False,False
sz002951,2025-07-17,first_probe,1,首次试盘,8.530805687203792,6.108478146392837,26.726767523317505,1.4814814814814796,0.0,0.2988744805443845,-0.24525072559771913,-1.7589239524055889,6.621831350232799,-4.107424960505512,0,0,0.0,80.32669872950527,1,4.3382756727073035,-13.783635365183978,-11.587040087863809,1,4.3382756727073035,-18.01208127402527,-8.12740252608457,1,9.170785282811632,-18.01208127402527,-10.378912685337728,1,9.170785282811632,-23.887973640856675,-22.020867655134545,22.0,22.0,,,,,,3.0,3.0,4.0,11.0,56.0,0,0,0,0,1,1,False,False,False,False,False,False,False
sz002952,2024-10-21,first_probe,1,首次试盘,5.4625199362041466,3.6283891547049363,17.93632240168481,0.6715328467153266,0.0,0.39377203405275674,0.08434246622710294,0.48076923076922906,5.9695512820512775,1.7942583732057482,0,0,0.0,73.75419157323577,1,18.605562083822957,-2.6243634939287164,4.6220133176654965,1,18.605562083822957,-4.191147669408535,-3.0943987465726686,1,18.605562083822957,-5.797101449275366,2.9377203290246845,1,18.605562083822957,-23.93262828045436,-17.93967880924403,1.0,4.0,4.0,4.0,,,,27.0,55.0,55.0,56.0,58.0,1,0,0,0,0,0,False,False,False,False,False,False,False
sz002953,2025-08-25,first_probe,1,首次试盘,6.65137614678899,4.357798165137616,19.55653034329806,0.47126436781609254,0.0,0.5178978533629798,-0.062253464204238974,-4.595185995623641,1.7505470459518557,3.516819571865426,0,0,0.0,73.85846424857137,1,19.645494830132936,-6.573116691285074,-3.0280649926144654,1,19.645494830132936,-7.459379615952733,-1.2555391432791718,1,19.645494830132936,-8.27178729689807,-3.323485967503692,1,19.645494830132936,-11.373707533234857,-7.163958641063505,1.0,1.0,2.0,2.0,,,,1.0,33.0,59.0,,,1,0,0,0,0,0,False,False,False,False,False,False,False
sz002956,2025-04-10,first_probe,1,首次试盘,5.80535002845759,3.984063745019917,13.839694275098495,0.7450980392156881,0.0,0.38762478918171095,0.2231507452639806,1.1461318051575908,6.532951289398281,1.0198300283286166,0,0,0.0,75.82364601850395,1,11.497476163768926,-1.8508132361188867,6.505888951205829,1,24.62142456533931,-1.8508132361188867,19.51766685361751,1,42.120022434099845,-1.8508132361188867,34.660684240044894,1,42.120022434099845,-1.8508132361188867,27.986539540100974,2.0,2.0,2.0,16.0,18.0,23.0,25.0,,,,,,1,1,1,0,0,0,False,False,False,False,False,False,False
sz002956,2025-11-14,retest_probe,2,重新试盘,7.417916497770571,6.0397243615727625,14.792992494189663,0.841530054644809,0.0,0.27491159496262785,0.018439554046759205,-0.5241935483870974,6.854838709677424,1.1755168220510814,0,0,0.0,75.11978145068223,1,5.769230769230771,-3.165064102564097,3.4054487179487003,1,5.769230769230771,-7.05128205128206,-4.086538461538458,1,14.022435897435903,-7.05128205128206,9.85576923076923,1,19.310897435897445,-7.05128205128206,13.42147435897434,4.0,30.0,31.0,44.0,,,,14.0,,,,,0,0,0,0,0,0,False,False,True,False,False,False,False
sz002961,2025-06-06,first_probe,1,首次试盘,5.452501405283883,3.7099494097807773,15.241567349198096,1.1134020618556693,0.0,0.35939837958058307,-0.15411274160669733,-1.983471074380161,3.360881542699734,-0.6183249016301295,0,0,0.0,73.1978316478992,1,14.649321266968318,-7.86199095022625,-7.635746606334848,1,28.2239819004525,-8.03167420814479,11.25565610859729,1,46.38009049773755,-8.03167420814479,20.192307692307686,1,46.38009049773755,-8.03167420814479,31.052036199095024,1.0,1.0,1.0,14.0,15.0,24.0,26.0,10.0,11.0,,,,1,1,1,0,0,1,False,False,False,False,False,False,False
sz002963,2025-02-27,first_probe,1,首次试盘,5.617977528089901,2.8522039757994833,36.92100016849199,0.5384615384615403,0.0,0.28280139298399354,0.039801660824508575,0.0,5.526770293609684,2.5043177892918767,0,0,0.0,73.55897505509334,1,2.611625947767493,-3.5383319292333626,1.7691659646166924,1,3.4540859309182936,-7.497893850042114,-4.970513900589724,1,3.4540859309182936,-24.178601516427968,-9.267059814658808,1,27.969671440606582,-24.178601516427968,-1.8534119629317503,45.0,46.0,46.0,46.0,47.0,,,17.0,22.0,26.0,27.0,28.0,0,0,0,0,0,0,False,False,False,False,False,False,False
sz002963,2025-11-18,retest_probe,2,重新试盘,7.376126126126126,5.630630630630629,16.73760714351453,0.6030534351145037,0.0,0.5714951244915139,0.10751529838915473,-0.5073280721533235,7.49718151071026,3.569405099150158,0,0,0.0,77.50033214267373,1,5.032822757111588,-27.35229759299782,-14.551422319474849,1,5.032822757111588,-27.35229759299782,-22.921225382932175,1,5.032822757111588,-27.35229759299782,-19.037199124726477,1,5.032822757111588,-27.35229759299782,-16.3566739606127,1.0,,,,,,,2.0,3.0,3.0,4.0,4.0,0,0,0,0,0,1,False,False,True,False,False,False,False
sz002969,2025-05-27,first_probe,1,首次试盘,9.726443768996962,9.726443768996962,17.171261810017853,0.53125,0.0,7.832571543234042,-0.6084576323349256,0.0,9.726443768996962,4.5592705167173175,0,0,0.0,77.91219848611343,1,18.313953488372103,-4.069767441860472,6.686046511627897,1,18.313953488372103,-4.069767441860472,2.3255813953488413,1,18.313953488372103,-4.069767441860472,4.3604651162790775,1,18.313953488372103,-4.069767441860472,6.976744186046524,5.0,6.0,6.0,6.0,,,,,,,,,1,0,0,0,0,0,True,False,False,False,False,False,False
sz002970,2024-12-10,first_probe,1,首次试盘,6.878537222464098,6.595559425337405,16.076377520796683,0.5221518987341761,0.0,1.0538165642233086,0.2219137258936601,2.9824561403508865,7.675438596491224,1.043441226575803,0,0,0.0,79.35313395963975,1,0.7376185458377149,-8.788198103266598,-1.8545837723919933,1,5.036880927291887,-13.15068493150685,-5.353003161222347,1,7.397260273972606,-13.15068493150685,0.042149631190713244,1,23.70916754478398,-13.15068493150685,15.785036880927272,13.0,43.0,45.0,46.0,59.0,,,4.0,5.0,17.0,,,0,0,0,0,0,1,True,False,False,False,False,False,False
sz002971,2025-11-06,first_probe,1,首次试盘,7.094062007356783,2.9164477141355727,14.782978919282996,0.6296296296296291,0.0,0.5214037099271839,-0.025360950424097327,0.1315443304393593,7.234938174164696,2.6274303730951187,0,0,0.0,74.58492756945252,1,6.502816180235538,-21.915002560163856,-20.60931899641577,1,6.502816180235538,-23.604710701484898,-18.945212493599595,1,6.502816180235538,-26.113671274961604,-23.399897593445985,1,6.502816180235538,-26.113671274961604,-23.271889400921665,1.0,,,,,,,2.0,6.0,7.0,8.0,10.0,0,0,0,0,0,1,False,False,False,False,False,False,False
sz002975,2024-12-17,first_probe,1,首次试盘,5.991611743559022,5.991611743559022,18.417699335028033,1.0199999999999996,0.0,0.447350163910025,0.33796147158093437,0.08995502248876353,6.08695652173914,-0.11983223487117556,0,0,0.0,82.38371221494924,1,13.677264547090573,-8.788242351529707,-8.638272345530895,1,13.677264547090573,-22.61547690461908,-14.277144571085799,1,13.677264547090573,-22.61547690461908,2.639472105578866,1,34.55308938212356,-22.61547690461908,14.727054589082167,2.0,2.0,2.0,42.0,44.0,45.0,,5.0,10.0,11.0,11.0,13.0,0,0,1,0,0,1,False,False,False,False,False,False,False
sz002975,2025-05-20,retest_probe,2,重新试盘,7.268651937239823,5.219340377841819,24.081184634938733,0.5638766519823795,0.0,0.4491763772186389,0.031718128166968944,-0.5332496863237113,5.081555834378926,1.6083254493850507,0,0,0.0,76.89369400297932,1,4.841713221601496,-4.531346989447538,0.9621353196772153,1,5.741775294847917,-4.531346989447538,-1.1793916821849715,1,10.67659838609558,-4.717566728739908,8.814400993171944,1,57.9764121663563,-4.717566728739908,50.217256362507754,12.0,28.0,40.0,47.0,48.0,51.0,55.0,,,,,,0,0,1,0,0,0,False,False,True,False,False,False,False
sz002977,2025-11-27,first_probe,1,首次试盘,9.679188374006031,9.624348779819014,23.512867928196414,0.43059490084985913,0.0,0.7041195692532111,0.08407316502504847,-2.451885051410496,5.457421566042719,3.9999999999999813,0,0,0.0,79.28911931214625,1,15.410602910602922,-5.795218295218286,6.2370062370062485,1,19.152806652806674,-5.795218295218286,12.006237006237019,1,19.152806652806674,-19.51663201663202,-18.347193347193336,1,19.152806652806674,-22.427234927234917,-14.423076923076916,7.0,7.0,7.0,7.0,,,,1.0,24.0,25.0,36.0,41.0,1,0,0,0,0,0,True,False,False,False,False,False,False
sz002979,2024-09-03,first_probe,1,首次试盘,4.950495049504955,4.950495049504955,17.94490542804685,0.620000000000001,0.0,0.6777943950447085,0.35367602359154443,0.20294266869609334,7.5596144089294715,4.202531645569607,0,0,0.0,78.03573558479965,1,2.2837706511176004,-10.835762876579192,-8.066083576287642,1,38.24101068999028,-10.981535471331384,22.44897959183674,1,60.252672497570444,-10.981535471331384,43.440233236151606,1,62.147716229348895,-10.981535471331384,56.46258503401362,16.0,17.0,17.0,18.0,18.0,19.0,37.0,7.0,8.0,9.0,,,1,1,1,0,0,1,True,False,False,False,False,False,False
sz002985,2025-04-16,first_probe,1,首次试盘,4.747899159663871,3.5714285714285587,31.944411756733018,1.0707964601769928,0.0,0.31727228699103294,0.19022498028927282,2.014573510501516,6.858122588941273,-0.3361344537815225,0,0,0.0,77.55008173743707,1,23.73524451939293,-1.0118043844856595,10.413153456998314,1,23.73524451939293,-1.0118043844856595,14.080944350758863,1,23.73524451939293,-1.0118043844856595,16.357504215851606,1,27.74030354131536,-1.0118043844856595,21.037099494097824,1.0,1.0,2.0,2.0,3.0,,,,,,,,1,1,0,0,0,0,False,False,False,False,False,False,False
sz002998,2025-03-26,first_probe,1,首次试盘,7.41839762611276,3.264094955489605,14.905727855245107,0.5800000000000001,0.0,0.4492031261586194,0.23962088182436103,0.44709388971684305,7.898658718330864,3.115727002967361,0,0,0.0,78.09225510443385,1,0.8633093525179714,-24.604316546762583,-12.661870503597116,1,0.8633093525179714,-24.604316546762583,-2.4460431654676262,1,4.748201438848931,-24.604316546762583,3.7410071942445944,1,32.230215827338114,-24.604316546762583,4.748201438848931,41.0,41.0,41.0,42.0,47.0,48.0,,3.0,3.0,7.0,8.0,8.0,0,0,1,0,1,1,False,False,False,False,False,False,False
sz002999,2024-12-17,first_probe,1,首次试盘,6.224066390041494,3.596127247579517,22.243534174721354,1.5777777777777802,0.0,0.390596617940484,0.30347604277659407,-0.6896551724137945,5.931034482758624,-3.1944444444444553,0,0,0.0,84.4948938206961,1,1.434720229555242,-16.929698708751793,-15.064562410329984,1,1.434720229555242,-22.66857962697274,-15.064562410329984,1,1.434720229555242,-22.66857962697274,-6.169296987087513,1,1.434720229555242,-22.66857962697274,-8.321377331420376,,,,,,,,2.0,3.0,4.0,5.0,13.0,0,0,0,0,1,1,False,True,False,False,False,False,False
sz003001,2025-04-07,first_probe,1,首次试盘,4.837837837837844,3.9729729729729657,30.90683005562663,2.368715083798885,0.0,0.4222982380668237,-0.14163945252141244,-3.6207345662933044,1.041938004688725,-6.621621621621632,0,0,0.0,76.9701257831779,1,18.08972503617945,-15.22431259044862,11.490593342981214,1,23.53111432706223,-15.22431259044862,21.70767004341534,1,23.53111432706223,-15.22431259044862,13.169319826338644,1,23.53111432706223,-15.22431259044862,5.296671490593363,3.0,4.0,4.0,8.0,12.0,,,1.0,1.0,2.0,2.0,,1,1,0,0,0,1,False,False,False,False,False,False,False
sz003007,2025-03-20,first_probe,1,首次试盘,5.267605633802819,3.211267605633794,21.36561124137582,1.080213903743315,0.0,0.3486320042930833,0.3920680492862412,-0.05730659025786622,7.077363896848143,1.3474770642201817,0,0,0.0,81.62743348545621,1,14.398868458274382,-12.927864214992923,-11.541725601131548,1,14.398868458274382,-32.10749646393211,-21.188118811881196,1,14.398868458274382,-32.10749646393211,-16.124469589816137,1,14.398868458274382,-32.10749646393211,-19.236209335219236,1.0,1.0,1.0,,,,,4.0,4.0,6.0,11.0,11.0,0,0,0,0,0,1,False,False,False,False,False,False,False
sz003007,2025-05-15,retest_probe,2,重新试盘,5.852503382949936,3.1799729364005547,19.831805345557235,1.2832369942196522,0.0,0.36622491515884825,0.2567764510531248,-0.3072721065209949,6.8282690337999385,-0.4452054794520488,0,0,0.0,81.57464180539891,1,7.32714138286894,-3.3711730306157595,0.2751977984176035,1,8.634330925352597,-3.439972480220155,-0.687994496044031,1,9.115927072583418,-3.439972480220155,3.7151702786377694,1,48.95080839353283,-3.439972480220155,25.352597179222556,4.0,16.0,43.0,43.0,48.0,50.0,51.0,,,,,,0,0,1,0,0,0,False,False,True,False,False,False,False
sz003009,2025-06-19,first_probe,1,首次试盘,6.950726017614861,4.7131635324922705,16.094756339004544,0.5582191780821923,0.0,0.3910900856007877,0.009087393485049215,-1.5701898289196214,5.2964612139676515,3.0952380952380842,0,0,0.0,73.72541598480153,1,18.63741339491918,-3.394919168591226,6.766743648960749,1,18.63741339491918,-3.394919168591226,9.330254041570463,1,18.63741339491918,-3.394919168591226,9.376443418013869,1,58.72979214780602,-3.394919168591226,12.286374133949195,4.0,4.0,5.0,5.0,42.0,43.0,45.0,,,,,,1,0,1,0,0,0,False,False,False,False,False,False,False
sz003012,2024-12-30,first_probe,1,首次试盘,5.271317829457356,4.6511627906976605,23.225507100373907,0.558823529411766,0.0,0.5205832807126276,0.2948983217818024,-0.462962962962965,4.7839506172839386,2.325581395348819,0,0,0.0,77.9979884941163,1,5.606060606060614,-14.090909090909086,-9.545454545454547,1,5.606060606060614,-14.090909090909086,-8.636363636363631,1,5.606060606060614,-14.090909090909086,-9.696969696969692,1,5.606060606060614,-14.090909090909086,-2.4242424242424176,2.0,,,,,,,3.0,4.0,6.0,,,0,0,0,0,0,1,False,False,False,False,False,False,False
sz003015,2025-04-02,first_probe,1,首次试盘,8.8142041851617,6.531388712745723,17.04303824687193,0.7122302158273367,0.0,0.4920923552995922,0.44455995138829635,-1.8844221105527637,7.788944723618085,3.521126760563398,0,0,0.0,84.4550245902983,1,0.0,-29.066171923314787,-19.294990723562154,1,0.0,-29.066171923314787,-8.719851576994442,1,0.0,-29.066171923314787,-12.244897959183687,1,13.4199134199134,-29.066171923314787,5.07111935683362,54.0,54.0,55.0,,,,,1.0,2.0,2.0,3.0,3.0,0,0,0,0,1,1,False,True,False,False,False,False,False
sz003016,2025-11-26,first_probe,1,首次试盘,7.2625698324022325,5.139664804469279,13.685191356284125,0.5692307692307678,0.0,0.5344032838802487,0.35855396554985924,0.2277904328018332,9.339407744874716,4.886363636363633,0,0,0.0,79.67779876285005,1,38.56988082340194,-5.525460455037923,38.56988082340194,1,38.56988082340194,-5.525460455037923,11.917659804983739,1,38.56988082340194,-5.525460455037923,-0.3250270855904791,1,38.56988082340194,-6.283856988082337,-2.92524377031419,4.0,5.0,5.0,6.0,6.0,10.0,,4.0,,,,,1,1,1,0,0,0,False,False,False,False,False,False,False
sz003021,2024-11-15,first_probe,1,首次试盘,15.58290370863129,11.209047064693166,18.229368881963627,0.8196371398078978,0.0,0.34778622570573403,-0.03738155104378153,0.9601982344742188,7.635124670899818,-5.169504525233926,0,0,0.0,78.36607878459743,1,23.455192494338384,-7.910061468780327,19.86412164348106,1,44.72662568747978,-7.910061468780327,26.10805564542218,1,53.29990294403104,-7.910061468780327,39.097379488838556,1,110.48204464574573,-7.910061468780327,88.61209964412811,1.0,3.0,3.0,5.0,6.0,11.0,14.0,1.0,,,,,1,1,1,0,0,0,False,False,False,False,False,False,False
sz003023,2024-11-20,first_probe,1,首次试盘,5.8073654390934815,4.768649669499525,17.121462957792815,0.577235772357724,0.0,0.3719176412858127,0.15228537667156247,0.04796163069542558,7.482014388489211,4.026845637583887,0,0,0.0,74.36016136267351,1,-0.41474654377879894,-12.304147465437776,-6.4976958525345685,1,1.4746543778801913,-13.502304147465438,-12.442396313364057,1,1.4746543778801913,-22.718894009216594,-17.465437788018434,1,1.4746543778801913,-22.718894009216594,-17.695852534562206,,,,,,,,1.0,2.0,2.0,25.0,32.0,0,0,0,0,0,1,False,False,False,False,False,False,False
sz003026,2025-08-29,first_probe,1,首次试盘,6.553010122535974,4.9547149706979265,41.89986580227148,0.4065040650406503,0.0,0.3822815302186608,0.19271430245326082,0.026455026455041164,5.820105820105836,3.147315524993388,0,0,0.0,77.69837249660819,1,1.205128205128192,-13.333333333333341,-9.333333333333337,1,1.205128205128192,-14.051282051282044,-3.2820512820512904,1,1.205128205128192,-14.102564102564108,-9.615384615384615,1,1.205128205128192,-24.51282051282051,-20.53846153846154,,,,,,,,2.0,3.0,4.0,42.0,52.0,0,0,0,0,0,1,False,False,False,False,False,False,False
sz003027,2025-11-20,first_probe,1,首次试盘,7.508680555555558,5.034722222222232,15.372298287046725,0.9537572254335249,0.0,0.29815171956575787,0.02631825640175686,0.04342162396873128,7.555362570560131,0.3472222222222321,0,0,0.0,76.55352646736657,1,0.9083044982698851,-12.586505190311414,-12.5,1,0.9083044982698851,-18.814878892733567,-16.6955017301038,1,6.833910034602075,-18.814878892733567,-2.2058823529411797,1,6.833910034602075,-18.814878892733567,-1.211072664359869,27.0,,,,,,,1.0,4.0,9.0,16.0,,0,0,0,0,1,1,False,False,False,False,False,False,False
sz003030,2024-12-13,first_probe,1,首次试盘,7.182628062360807,4.342984409799544,17.47916752171221,0.7674418604651155,0.0,0.5327166571314893,0.08319357254173801,-1.4958448753462528,6.648199445983383,2.699662542182235,0,0,0.0,78.38970188767661,1,0.8214676889375605,-17.30558598028479,-13.30777656078862,1,0.8214676889375605,-25.136911281489603,-21.57721796276013,1,31.76341730558596,-25.136911281489603,-13.581599123767807,1,31.76341730558596,-25.136911281489603,-7.557502738225641,25.0,25.0,26.0,26.0,27.0,27.0,,2.0,2.0,3.0,6.0,14.0,0,1,1,0,1,1,False,False,False,False,False,False,False
sz003030,2025-01-27,retest_probe,2,重新试盘,5.763141228625712,2.786573780873969,14.76714009163343,1.4285714285714273,0.0,0.3531646382035998,-0.022508645194215294,-4.649758454106278,0.8454106280193274,-2.4699176694110148,0,0,0.0,75.57065713138806,1,5.974025974025965,-2.2727272727272707,2.467532467532463,1,9.545454545454547,-2.2727272727272707,7.272727272727275,1,16.428571428571416,-2.2727272727272707,5.32467532467531,1,46.623376623376615,-2.2727272727272707,10.844155844155834,5.0,18.0,28.0,34.0,43.0,44.0,54.0,,,,,,0,0,1,0,0,0,False,False,True,False,False,False,False
sz003030,2025-03-24,retest_probe,3,重新试盘,6.980906921241048,2.8639618138424527,15.243640766809465,0.6153846153846154,0.0,0.28950895985967307,-0.22544896552425145,-0.24420024420024333,9.462759462759474,5.324357405140767,0,0,0.0,71.54484596892259,1,24.346310284718164,-8.483439860546193,21.44102266124346,1,31.20278907611851,-8.483439860546193,16.502033701336426,1,31.20278907611851,-8.483439860546193,10.981987216734467,1,31.20278907611851,-8.483439860546193,3.1958163858222033,9.0,9.0,9.0,9.0,10.0,20.0,,4.0,5.0,,,,1,1,1,0,0,1,False,False,True,False,False,False,False
sz003036,2025-06-17,first_probe,1,首次试盘,5.301379811183726,4.357298474945526,28.992767797126167,1.06849315068493,0.0,0.6308489904351295,-0.04745180281380659,0.5109489051094984,5.839416058394176,-0.3631082062454549,0,0,0.0,77.9759896692855,1,6.4868804664723,-0.8746355685131268,1.6763848396501357,1,27.186588921282784,-0.8746355685131268,11.734693877551017,1,60.276967930029144,-0.8746355685131268,28.57142857142856,1,60.276967930029144,-0.8746355685131268,47.52186588921281,2.0,12.0,12.0,13.0,13.0,25.0,28.0,,,,,,1,1,1,0,0,0,False,False,False,False,False,False,False
sz003036,2025-08-08,retest_probe,2,重新试盘,8.206857785272636,3.4288926363125416,19.247396920928743,0.458904109589042,0.0,0.7135246174429662,-0.010220506522252027,-9.327217125382269,-1.885830784913356,4.44069702079819,0,0,0.0,76.6955737255479,1,3.06781485468246,-8.988159311087184,-6.673842841765332,1,3.06781485468246,-18.191603875134554,-9.956942949407955,1,15.446716899892365,-18.191603875134554,-9.257265877287402,1,15.715823466092594,-18.191603875134554,-4.843918191603869,22.0,22.0,23.0,23.0,,,,2.0,3.0,13.0,14.0,,0,0,0,0,1,1,True,False,True,True,False,False,True
sz003039,2025-04-10,first_probe,1,首次试盘,5.726872246696035,3.450807635829678,14.979306729621406,0.6538461538461526,0.0,0.30029722695693245,0.1843980718678679,0.3731343283581934,7.462686567164178,3.2713754646840343,0,0,0.0,73.91330298582648,1,0.7199424046076208,-5.111591072714184,-3.311735061195109,1,3.0957523398128073,-5.111591072714184,-0.5759539236861011,1,4.10367170626349,-5.111591072714184,0.07199424046075986,1,4.10367170626349,-6.0475161987041055,0.43196544276455917,,,,,,,,6.0,,,,,0,0,0,0,0,0,False,False,False,False,False,False,False
sz003040,2024-12-30,first_probe,1,首次试盘,5.764966740576516,5.247597930524761,18.069265309279835,0.5384615384615375,0.0,0.37070427004750406,0.18352919213677774,-0.726216412490921,3.9215686274509887,1.609363569861011,0,0,0.0,74.72798951146669,1,4.391648668106551,-18.574514038876888,-11.01511879049677,1,7.127429805615559,-18.574514038876888,3.8156947444204503,1,9.143268538516924,-18.574514038876888,-2.3038156947444266,1,9.143268538516924,-18.574514038876888,-8.783297336213103,19.0,23.0,,,,,,1.0,2.0,8.0,9.0,,0,0,0,0,0,1,False,False,False,False,False,False,False
sz003040,2025-08-12,retest_probe,2,重新试盘,8.543470079036508,7.790741437711701,13.798155400693236,0.5638766519823795,0.0,1.7372041309632653,0.013193462235788156,-1.3883677298311303,8.217636022514085,4.87062404870624,0,0,0.0,77.21689681277655,1,5.805515239477499,-7.656023222060959,-7.293178519593601,1,5.805515239477499,-19.375907111756163,-16.291727140783742,1,5.805515239477499,-31.168359941944846,-24.346879535558774,1,5.805515239477499,-31.168359941944846,-30.04354136429608,2.0,,,,,,,4.0,11.0,11.0,12.0,27.0,0,0,0,0,0,1,True,False,True,True,False,True,True
sz003041,2024-12-24,first_probe,1,首次试盘,9.478851963746227,2.8700906344410804,14.40075808399783,0.4143426294820717,0.0,0.3083059156506508,0.0206078566425883,-3.779069767441856,5.341569767441867,5.5513595166163165,0,0,0.0,72.87492787629401,1,-0.9660107334525936,-11.949910554561715,-5.545617173524153,1,9.087656529516996,-11.949910554561715,6.440071556350624,1,10.769230769230775,-11.949910554561715,-8.407871198568861,1,11.985688729874777,-11.949910554561715,7.3345259391770945,19.0,19.0,22.0,,,,,1.0,1.0,2.0,,,0,0,0,0,0,1,False,False,False,False,False,False,False
sz003043,2025-08-21,first_probe,1,首次试盘,6.540222367560489,4.621757139742755,23.33442065131451,0.7066666666666658,0.0,0.8103077036476714,0.022506575345673508,0.06544502617800152,6.609947643979042,1.918465227817756,0,0,0.0,78.77375214186289,1,11.87165775401069,-2.67379679144385,6.3101604278074985,1,15.358288770053473,-2.67379679144385,12.342245989304823,1,23.35828877005348,-4.256684491978612,7.336898395721914,1,23.35828877005348,-4.256684491978612,0.10695187165774556,4.0,6.0,7.0,12.0,21.0,,,,,,,,1,1,0,0,0,0,True,False,False,False,False,False,False
